solid OpenSCAD_Model
  facet normal -1 0 0
    outer loop
      vertex -114.5 52.5 -3
      vertex -114.5 95.2 0
      vertex -114.5 95.2 -3
    endloop
  endfacet
  facet normal -1 -0 0
    outer loop
      vertex -114.5 95.2 0
      vertex -114.5 52.5 -3
      vertex -114.5 52.5 0
    endloop
  endfacet
  facet normal -1 0 0
    outer loop
      vertex -114.5 20.5 -3
      vertex -114.5 47.5 0
      vertex -114.5 47.5 -3
    endloop
  endfacet
  facet normal -1 -0 0
    outer loop
      vertex -114.5 47.5 0
      vertex -114.5 20.5 -3
      vertex -114.5 20.5 0
    endloop
  endfacet
  facet normal -1 0 0
    outer loop
      vertex -114.5 0.174999 -3
      vertex -114.5 15.5 0
      vertex -114.5 15.5 -3
    endloop
  endfacet
  facet normal -1 -0 0
    outer loop
      vertex -114.5 15.5 0
      vertex -114.5 0.174999 -3
      vertex -114.5 0.174999 0
    endloop
  endfacet
  facet normal -1 0 0
    outer loop
      vertex -114.5 -1 -3
      vertex -114.5 -0.174999 0
      vertex -114.5 -0.174999 -3
    endloop
  endfacet
  facet normal -1 -0 0
    outer loop
      vertex -114.5 -0.174999 0
      vertex -114.5 -1 -3
      vertex -114.5 -1 0
    endloop
  endfacet
  facet normal 1 -0 0
    outer loop
      vertex -109.5 52.5 0
      vertex -109.5 95.2 -3
      vertex -109.5 95.2 0
    endloop
  endfacet
  facet normal 1 0 0
    outer loop
      vertex -109.5 95.2 -3
      vertex -109.5 52.5 0
      vertex -109.5 52.5 -3
    endloop
  endfacet
  facet normal 1 -0 0
    outer loop
      vertex -109.5 20.5 0
      vertex -109.5 47.5 -3
      vertex -109.5 47.5 0
    endloop
  endfacet
  facet normal 1 0 0
    outer loop
      vertex -109.5 47.5 -3
      vertex -109.5 20.5 0
      vertex -109.5 20.5 -3
    endloop
  endfacet
  facet normal 1 -0 0
    outer loop
      vertex -109.5 0.174999 0
      vertex -109.5 15.5 -3
      vertex -109.5 15.5 0
    endloop
  endfacet
  facet normal 1 0 0
    outer loop
      vertex -109.5 15.5 -3
      vertex -109.5 0.174999 0
      vertex -109.5 0.174999 -3
    endloop
  endfacet
  facet normal 1 -0 0
    outer loop
      vertex -109.5 -1 0
      vertex -109.5 -0.174999 -3
      vertex -109.5 -0.174999 0
    endloop
  endfacet
  facet normal 1 0 0
    outer loop
      vertex -109.5 -0.174999 -3
      vertex -109.5 -1 0
      vertex -109.5 -1 -3
    endloop
  endfacet
  facet normal 0.997967 0.0637272 -2.95583e-20
    outer loop
      vertex -109.5 95.2 0
      vertex -109.515 95.4349 -3
      vertex -109.515 95.4349 0
    endloop
  endfacet
  facet normal 0.997967 0.0637272 -2.95583e-20
    outer loop
      vertex -109.515 95.4349 -3
      vertex -109.5 95.2 0
      vertex -109.5 95.2 -3
    endloop
  endfacet
  facet normal -0.997967 0.0637272 2.95583e-20
    outer loop
      vertex -114.5 95.2 -3
      vertex -114.485 95.4349 0
      vertex -114.485 95.4349 -3
    endloop
  endfacet
  facet normal -0.997967 0.0637272 2.95583e-20
    outer loop
      vertex -114.485 95.4349 0
      vertex -114.5 95.2 -3
      vertex -114.5 95.2 0
    endloop
  endfacet
  facet normal -0.194891 0.980825 0
    outer loop
      vertex -112.935 96.9846 -3
      vertex -113.166 96.9387 0
      vertex -112.935 96.9846 0
    endloop
  endfacet
  facet normal -0.194891 0.980825 0
    outer loop
      vertex -113.166 96.9387 0
      vertex -112.935 96.9846 -3
      vertex -113.166 96.9387 -3
    endloop
  endfacet
  facet normal 0.659286 0.751892 -0
    outer loop
      vertex -110.027 96.4728 -3
      vertex -110.204 96.628 0
      vertex -110.027 96.4728 0
    endloop
  endfacet
  facet normal 0.659286 0.751892 0
    outer loop
      vertex -110.204 96.628 0
      vertex -110.027 96.4728 -3
      vertex -110.204 96.628 -3
    endloop
  endfacet
  facet normal 0.194891 0.980825 -0
    outer loop
      vertex -110.834 96.9387 -3
      vertex -111.065 96.9846 0
      vertex -110.834 96.9387 0
    endloop
  endfacet
  facet normal 0.194891 0.980825 0
    outer loop
      vertex -111.065 96.9846 0
      vertex -110.834 96.9387 -3
      vertex -111.065 96.9846 -3
    endloop
  endfacet
  facet normal 0.442789 0.896626 -0
    outer loop
      vertex -110.4 96.7588 -3
      vertex -110.611 96.863 0
      vertex -110.4 96.7588 0
    endloop
  endfacet
  facet normal 0.442789 0.896626 0
    outer loop
      vertex -110.611 96.863 0
      vertex -110.4 96.7588 -3
      vertex -110.611 96.863 -3
    endloop
  endfacet
  facet normal -0.0653917 0.99786 0
    outer loop
      vertex -112.7 97 -3
      vertex -112.935 96.9846 0
      vertex -112.7 97 0
    endloop
  endfacet
  facet normal -0.0653917 0.99786 0
    outer loop
      vertex -112.935 96.9846 0
      vertex -112.7 97 -3
      vertex -112.935 96.9846 -3
    endloop
  endfacet
  facet normal 0.946495 0.322717 -7.89365e-19
    outer loop
      vertex -109.561 95.6659 0
      vertex -109.637 95.8888 -3
      vertex -109.637 95.8888 0
    endloop
  endfacet
  facet normal 0.946495 0.322717 -7.89365e-19
    outer loop
      vertex -109.637 95.8888 -3
      vertex -109.561 95.6659 0
      vertex -109.561 95.6659 -3
    endloop
  endfacet
  facet normal -0.555092 0.831789 0
    outer loop
      vertex -113.6 96.7588 -3
      vertex -113.796 96.628 0
      vertex -113.6 96.7588 0
    endloop
  endfacet
  facet normal -0.555092 0.831789 0
    outer loop
      vertex -113.796 96.628 0
      vertex -113.6 96.7588 -3
      vertex -113.796 96.628 -3
    endloop
  endfacet
  facet normal 0.980744 0.1953 -4.72618e-19
    outer loop
      vertex -109.515 95.4349 0
      vertex -109.561 95.6659 -3
      vertex -109.561 95.6659 0
    endloop
  endfacet
  facet normal 0.980744 0.1953 -4.72618e-19
    outer loop
      vertex -109.561 95.6659 -3
      vertex -109.515 95.4349 0
      vertex -109.515 95.4349 -3
    endloop
  endfacet
  facet normal 0.831135 0.556071 -1.68846e-18
    outer loop
      vertex -109.741 96.1 0
      vertex -109.872 96.2958 -3
      vertex -109.872 96.2958 0
    endloop
  endfacet
  facet normal 0.831135 0.556071 -1.68846e-18
    outer loop
      vertex -109.872 96.2958 -3
      vertex -109.741 96.1 0
      vertex -109.741 96.1 -3
    endloop
  endfacet
  facet normal -0.321446 0.946928 0
    outer loop
      vertex -113.166 96.9387 -3
      vertex -113.389 96.863 0
      vertex -113.166 96.9387 0
    endloop
  endfacet
  facet normal -0.321446 0.946928 0
    outer loop
      vertex -113.389 96.863 0
      vertex -113.166 96.9387 -3
      vertex -113.389 96.863 -3
    endloop
  endfacet
  facet normal 0.897129 0.441768 -1.9836e-18
    outer loop
      vertex -109.637 95.8888 0
      vertex -109.741 96.1 -3
      vertex -109.741 96.1 0
    endloop
  endfacet
  facet normal 0.897129 0.441768 -1.9836e-18
    outer loop
      vertex -109.741 96.1 -3
      vertex -109.637 95.8888 0
      vertex -109.637 95.8888 -3
    endloop
  endfacet
  facet normal -0.831135 0.556071 1.68846e-18
    outer loop
      vertex -114.259 96.1 -3
      vertex -114.128 96.2958 0
      vertex -114.128 96.2958 -3
    endloop
  endfacet
  facet normal -0.831135 0.556071 1.68846e-18
    outer loop
      vertex -114.128 96.2958 0
      vertex -114.259 96.1 -3
      vertex -114.259 96.1 0
    endloop
  endfacet
  facet normal -0.897129 0.441768 1.9836e-18
    outer loop
      vertex -114.363 95.8888 -3
      vertex -114.259 96.1 0
      vertex -114.259 96.1 -3
    endloop
  endfacet
  facet normal -0.897129 0.441768 1.9836e-18
    outer loop
      vertex -114.259 96.1 0
      vertex -114.363 95.8888 -3
      vertex -114.363 95.8888 0
    endloop
  endfacet
  facet normal 0.0653917 0.99786 -0
    outer loop
      vertex -111.065 96.9846 -3
      vertex -111.3 97 0
      vertex -111.065 96.9846 0
    endloop
  endfacet
  facet normal 0.0653917 0.99786 0
    outer loop
      vertex -111.3 97 0
      vertex -111.065 96.9846 -3
      vertex -111.3 97 -3
    endloop
  endfacet
  facet normal -0.442789 0.896626 0
    outer loop
      vertex -113.389 96.863 -3
      vertex -113.6 96.7588 0
      vertex -113.389 96.863 0
    endloop
  endfacet
  facet normal -0.442789 0.896626 0
    outer loop
      vertex -113.6 96.7588 0
      vertex -113.389 96.863 -3
      vertex -113.6 96.7588 -3
    endloop
  endfacet
  facet normal 0.555092 0.831789 -0
    outer loop
      vertex -110.204 96.628 -3
      vertex -110.4 96.7588 0
      vertex -110.204 96.628 0
    endloop
  endfacet
  facet normal 0.555092 0.831789 0
    outer loop
      vertex -110.4 96.7588 0
      vertex -110.204 96.628 -3
      vertex -110.4 96.7588 -3
    endloop
  endfacet
  facet normal -0.752313 0.658805 1.76642e-18
    outer loop
      vertex -114.128 96.2958 -3
      vertex -113.973 96.4728 0
      vertex -113.973 96.4728 -3
    endloop
  endfacet
  facet normal -0.752313 0.658805 1.76642e-18
    outer loop
      vertex -113.973 96.4728 0
      vertex -114.128 96.2958 -3
      vertex -114.128 96.2958 0
    endloop
  endfacet
  facet normal 0.321446 0.946928 -0
    outer loop
      vertex -110.611 96.863 -3
      vertex -110.834 96.9387 0
      vertex -110.611 96.863 0
    endloop
  endfacet
  facet normal 0.321446 0.946928 0
    outer loop
      vertex -110.834 96.9387 0
      vertex -110.611 96.863 -3
      vertex -110.834 96.9387 -3
    endloop
  endfacet
  facet normal 0 1 -0
    outer loop
      vertex -111.3 97 -3
      vertex -112.7 97 0
      vertex -111.3 97 0
    endloop
  endfacet
  facet normal 0 1 0
    outer loop
      vertex -112.7 97 0
      vertex -111.3 97 -3
      vertex -112.7 97 -3
    endloop
  endfacet
  facet normal 0.752313 0.658805 -1.76642e-18
    outer loop
      vertex -109.872 96.2958 0
      vertex -110.027 96.4728 -3
      vertex -110.027 96.4728 0
    endloop
  endfacet
  facet normal 0.752313 0.658805 -1.76642e-18
    outer loop
      vertex -110.027 96.4728 -3
      vertex -109.872 96.2958 0
      vertex -109.872 96.2958 -3
    endloop
  endfacet
  facet normal -0.946495 0.322717 7.89365e-19
    outer loop
      vertex -114.439 95.6659 -3
      vertex -114.363 95.8888 0
      vertex -114.363 95.8888 -3
    endloop
  endfacet
  facet normal -0.946495 0.322717 7.89365e-19
    outer loop
      vertex -114.363 95.8888 0
      vertex -114.439 95.6659 -3
      vertex -114.439 95.6659 0
    endloop
  endfacet
  facet normal 0 0 -1
    outer loop
      vertex -132.2 47.5 -3
      vertex -114.5 52.5 -3
      vertex -114.5 47.5 -3
    endloop
  endfacet
  facet normal 0 0 -1
    outer loop
      vertex -132.2 47.5 -3
      vertex -132.2 52.5 -3
      vertex -114.5 52.5 -3
    endloop
  endfacet
  facet normal 0 0 -1
    outer loop
      vertex -134 49.3 -3
      vertex -132.2 47.5 -3
      vertex -132.435 47.5154 -3
    endloop
  endfacet
  facet normal 0 0 -1
    outer loop
      vertex -132.2 47.5 -3
      vertex -134 49.3 -3
      vertex -132.2 52.5 -3
    endloop
  endfacet
  facet normal 0 0 -1
    outer loop
      vertex -134 49.3 -3
      vertex -132.435 47.5154 -3
      vertex -132.666 47.5613 -3
    endloop
  endfacet
  facet normal 0 0 -1
    outer loop
      vertex -134 50.7 -3
      vertex -132.2 52.5 -3
      vertex -134 49.3 -3
    endloop
  endfacet
  facet normal 0 0 -1
    outer loop
      vertex -134 49.3 -3
      vertex -132.666 47.5613 -3
      vertex -132.889 47.637 -3
    endloop
  endfacet
  facet normal 0 0 -1
    outer loop
      vertex -132.2 52.5 -3
      vertex -134 50.7 -3
      vertex -132.435 52.4846 -3
    endloop
  endfacet
  facet normal 0 0 -1
    outer loop
      vertex -134 49.3 -3
      vertex -132.889 47.637 -3
      vertex -133.1 47.7412 -3
    endloop
  endfacet
  facet normal 0 0 -1
    outer loop
      vertex -132.435 52.4846 -3
      vertex -134 50.7 -3
      vertex -132.666 52.4387 -3
    endloop
  endfacet
  facet normal 0 0 -1
    outer loop
      vertex -134 49.3 -3
      vertex -133.1 47.7412 -3
      vertex -133.296 47.872 -3
    endloop
  endfacet
  facet normal 0 0 -1
    outer loop
      vertex -132.666 52.4387 -3
      vertex -134 50.7 -3
      vertex -132.889 52.363 -3
    endloop
  endfacet
  facet normal 0 0 -1
    outer loop
      vertex -134 49.3 -3
      vertex -133.296 47.872 -3
      vertex -133.473 48.0272 -3
    endloop
  endfacet
  facet normal 0 0 -1
    outer loop
      vertex -132.889 52.363 -3
      vertex -134 50.7 -3
      vertex -133.1 52.2588 -3
    endloop
  endfacet
  facet normal 0 0 -1
    outer loop
      vertex -134 49.3 -3
      vertex -133.473 48.0272 -3
      vertex -133.628 48.2042 -3
    endloop
  endfacet
  facet normal 0 0 -1
    outer loop
      vertex -133.1 52.2588 -3
      vertex -134 50.7 -3
      vertex -133.296 52.128 -3
    endloop
  endfacet
  facet normal 0 0 -1
    outer loop
      vertex -134 49.3 -3
      vertex -133.628 48.2042 -3
      vertex -133.759 48.4 -3
    endloop
  endfacet
  facet normal 0 0 -1
    outer loop
      vertex -133.296 52.128 -3
      vertex -134 50.7 -3
      vertex -133.473 51.9728 -3
    endloop
  endfacet
  facet normal 0 0 -1
    outer loop
      vertex -134 49.3 -3
      vertex -133.759 48.4 -3
      vertex -133.863 48.6112 -3
    endloop
  endfacet
  facet normal 0 0 -1
    outer loop
      vertex -133.473 51.9728 -3
      vertex -134 50.7 -3
      vertex -133.628 51.7958 -3
    endloop
  endfacet
  facet normal 0 0 -1
    outer loop
      vertex -134 49.3 -3
      vertex -133.863 48.6112 -3
      vertex -133.939 48.8341 -3
    endloop
  endfacet
  facet normal 0 0 -1
    outer loop
      vertex -133.628 51.7958 -3
      vertex -134 50.7 -3
      vertex -133.759 51.6 -3
    endloop
  endfacet
  facet normal 0 0 -1
    outer loop
      vertex -134 49.3 -3
      vertex -133.939 48.8341 -3
      vertex -133.985 49.0651 -3
    endloop
  endfacet
  facet normal 0 0 -1
    outer loop
      vertex -133.759 51.6 -3
      vertex -134 50.7 -3
      vertex -133.863 51.3888 -3
    endloop
  endfacet
  facet normal 0 0 -1
    outer loop
      vertex -133.863 51.3888 -3
      vertex -134 50.7 -3
      vertex -133.939 51.1659 -3
    endloop
  endfacet
  facet normal 0 0 -1
    outer loop
      vertex -133.939 51.1659 -3
      vertex -134 50.7 -3
      vertex -133.985 50.9349 -3
    endloop
  endfacet
  facet normal 0 0 -1
    outer loop
      vertex -132.2 15.5 -3
      vertex -114.5 20.5 -3
      vertex -114.5 15.5 -3
    endloop
  endfacet
  facet normal 0 0 -1
    outer loop
      vertex -132.2 15.5 -3
      vertex -132.2 20.5 -3
      vertex -114.5 20.5 -3
    endloop
  endfacet
  facet normal 0 0 -1
    outer loop
      vertex -134 17.3 -3
      vertex -132.2 15.5 -3
      vertex -132.435 15.5154 -3
    endloop
  endfacet
  facet normal 0 0 -1
    outer loop
      vertex -132.2 15.5 -3
      vertex -134 17.3 -3
      vertex -132.2 20.5 -3
    endloop
  endfacet
  facet normal 0 0 -1
    outer loop
      vertex -134 17.3 -3
      vertex -132.435 15.5154 -3
      vertex -132.666 15.5613 -3
    endloop
  endfacet
  facet normal 0 0 -1
    outer loop
      vertex -134 18.7 -3
      vertex -132.2 20.5 -3
      vertex -134 17.3 -3
    endloop
  endfacet
  facet normal 0 0 -1
    outer loop
      vertex -134 17.3 -3
      vertex -132.666 15.5613 -3
      vertex -132.889 15.637 -3
    endloop
  endfacet
  facet normal 0 0 -1
    outer loop
      vertex -132.2 20.5 -3
      vertex -134 18.7 -3
      vertex -132.435 20.4846 -3
    endloop
  endfacet
  facet normal 0 0 -1
    outer loop
      vertex -134 17.3 -3
      vertex -132.889 15.637 -3
      vertex -133.1 15.7412 -3
    endloop
  endfacet
  facet normal 0 0 -1
    outer loop
      vertex -132.435 20.4846 -3
      vertex -134 18.7 -3
      vertex -132.666 20.4387 -3
    endloop
  endfacet
  facet normal 0 0 -1
    outer loop
      vertex -134 17.3 -3
      vertex -133.1 15.7412 -3
      vertex -133.296 15.872 -3
    endloop
  endfacet
  facet normal 0 0 -1
    outer loop
      vertex -132.666 20.4387 -3
      vertex -134 18.7 -3
      vertex -132.889 20.363 -3
    endloop
  endfacet
  facet normal 0 0 -1
    outer loop
      vertex -134 17.3 -3
      vertex -133.296 15.872 -3
      vertex -133.473 16.0272 -3
    endloop
  endfacet
  facet normal 0 0 -1
    outer loop
      vertex -132.889 20.363 -3
      vertex -134 18.7 -3
      vertex -133.1 20.2588 -3
    endloop
  endfacet
  facet normal 0 0 -1
    outer loop
      vertex -134 17.3 -3
      vertex -133.473 16.0272 -3
      vertex -133.628 16.2042 -3
    endloop
  endfacet
  facet normal 0 0 -1
    outer loop
      vertex -133.1 20.2588 -3
      vertex -134 18.7 -3
      vertex -133.296 20.128 -3
    endloop
  endfacet
  facet normal 0 0 -1
    outer loop
      vertex -134 17.3 -3
      vertex -133.628 16.2042 -3
      vertex -133.759 16.4 -3
    endloop
  endfacet
  facet normal 0 0 -1
    outer loop
      vertex -133.296 20.128 -3
      vertex -134 18.7 -3
      vertex -133.473 19.9728 -3
    endloop
  endfacet
  facet normal 0 0 -1
    outer loop
      vertex -134 17.3 -3
      vertex -133.759 16.4 -3
      vertex -133.863 16.6112 -3
    endloop
  endfacet
  facet normal 0 0 -1
    outer loop
      vertex -133.473 19.9728 -3
      vertex -134 18.7 -3
      vertex -133.628 19.7958 -3
    endloop
  endfacet
  facet normal 0 0 -1
    outer loop
      vertex -134 17.3 -3
      vertex -133.863 16.6112 -3
      vertex -133.939 16.8341 -3
    endloop
  endfacet
  facet normal 0 0 -1
    outer loop
      vertex -133.628 19.7958 -3
      vertex -134 18.7 -3
      vertex -133.759 19.6 -3
    endloop
  endfacet
  facet normal 0 0 -1
    outer loop
      vertex -134 17.3 -3
      vertex -133.939 16.8341 -3
      vertex -133.985 17.0651 -3
    endloop
  endfacet
  facet normal 0 0 -1
    outer loop
      vertex -133.759 19.6 -3
      vertex -134 18.7 -3
      vertex -133.863 19.3888 -3
    endloop
  endfacet
  facet normal 0 0 -1
    outer loop
      vertex -133.863 19.3888 -3
      vertex -134 18.7 -3
      vertex -133.939 19.1659 -3
    endloop
  endfacet
  facet normal 0 0 -1
    outer loop
      vertex -133.939 19.1659 -3
      vertex -134 18.7 -3
      vertex -133.985 18.9349 -3
    endloop
  endfacet
  facet normal 0 0 -1
    outer loop
      vertex -114.5 15.5 -3
      vertex -109.5 15.5 -3
      vertex -109.5 0.174999 -3
    endloop
  endfacet
  facet normal 0 0 -1
    outer loop
      vertex -109.5 15.5 -3
      vertex -114.5 15.5 -3
      vertex -109.5 20.5 -3
    endloop
  endfacet
  facet normal 0 0 -1
    outer loop
      vertex -109.5 20.5 -3
      vertex -114.5 20.5 -3
      vertex -109.5 47.5 -3
    endloop
  endfacet
  facet normal 0 0 -1
    outer loop
      vertex -114.5 47.5 -3
      vertex -109.5 47.5 -3
      vertex -114.5 20.5 -3
    endloop
  endfacet
  facet normal 0 0 -1
    outer loop
      vertex -114.5 52.5 -3
      vertex -109.5 52.5 -3
      vertex -114.5 47.5 -3
    endloop
  endfacet
  facet normal 0 0 -1
    outer loop
      vertex -109.5 52.5 -3
      vertex -114.5 52.5 -3
      vertex -109.5 95.2 -3
    endloop
  endfacet
  facet normal 0 -0 -1
    outer loop
      vertex -111.3 97 -3
      vertex -109.5 95.2 -3
      vertex -114.5 95.2 -3
    endloop
  endfacet
  facet normal 0 0 -1
    outer loop
      vertex -109.5 95.2 -3
      vertex -111.3 97 -3
      vertex -109.515 95.4349 -3
    endloop
  endfacet
  facet normal 0 0 -1
    outer loop
      vertex -109.515 95.4349 -3
      vertex -111.3 97 -3
      vertex -109.561 95.6659 -3
    endloop
  endfacet
  facet normal 0 0 -1
    outer loop
      vertex -109.561 95.6659 -3
      vertex -111.3 97 -3
      vertex -109.637 95.8888 -3
    endloop
  endfacet
  facet normal 0 0 -1
    outer loop
      vertex -109.637 95.8888 -3
      vertex -111.3 97 -3
      vertex -109.741 96.1 -3
    endloop
  endfacet
  facet normal 0 0 -1
    outer loop
      vertex -109.741 96.1 -3
      vertex -111.3 97 -3
      vertex -109.872 96.2958 -3
    endloop
  endfacet
  facet normal 0 0 -1
    outer loop
      vertex -109.872 96.2958 -3
      vertex -111.3 97 -3
      vertex -110.027 96.4728 -3
    endloop
  endfacet
  facet normal 0 0 -1
    outer loop
      vertex -110.027 96.4728 -3
      vertex -111.3 97 -3
      vertex -110.204 96.628 -3
    endloop
  endfacet
  facet normal 0 0 -1
    outer loop
      vertex -110.204 96.628 -3
      vertex -111.3 97 -3
      vertex -110.4 96.7588 -3
    endloop
  endfacet
  facet normal 0 0 -1
    outer loop
      vertex -110.4 96.7588 -3
      vertex -111.3 97 -3
      vertex -110.611 96.863 -3
    endloop
  endfacet
  facet normal 0 0 -1
    outer loop
      vertex -110.611 96.863 -3
      vertex -111.3 97 -3
      vertex -110.834 96.9387 -3
    endloop
  endfacet
  facet normal 0 0 -1
    outer loop
      vertex -110.834 96.9387 -3
      vertex -111.3 97 -3
      vertex -111.065 96.9846 -3
    endloop
  endfacet
  facet normal -0 0 -1
    outer loop
      vertex -111.3 97 -3
      vertex -114.5 95.2 -3
      vertex -112.7 97 -3
    endloop
  endfacet
  facet normal 0 0 -1
    outer loop
      vertex -112.7 97 -3
      vertex -114.5 95.2 -3
      vertex -112.935 96.9846 -3
    endloop
  endfacet
  facet normal 0 0 -1
    outer loop
      vertex -112.935 96.9846 -3
      vertex -114.5 95.2 -3
      vertex -113.166 96.9387 -3
    endloop
  endfacet
  facet normal 0 0 -1
    outer loop
      vertex -113.166 96.9387 -3
      vertex -114.5 95.2 -3
      vertex -113.389 96.863 -3
    endloop
  endfacet
  facet normal 0 0 -1
    outer loop
      vertex -113.389 96.863 -3
      vertex -114.5 95.2 -3
      vertex -113.6 96.7588 -3
    endloop
  endfacet
  facet normal 0 0 -1
    outer loop
      vertex -113.6 96.7588 -3
      vertex -114.5 95.2 -3
      vertex -113.796 96.628 -3
    endloop
  endfacet
  facet normal 0 0 -1
    outer loop
      vertex -113.796 96.628 -3
      vertex -114.5 95.2 -3
      vertex -113.973 96.4728 -3
    endloop
  endfacet
  facet normal 0 0 -1
    outer loop
      vertex -113.973 96.4728 -3
      vertex -114.5 95.2 -3
      vertex -114.128 96.2958 -3
    endloop
  endfacet
  facet normal 0 0 -1
    outer loop
      vertex -114.128 96.2958 -3
      vertex -114.5 95.2 -3
      vertex -114.259 96.1 -3
    endloop
  endfacet
  facet normal 0 0 -1
    outer loop
      vertex -114.259 96.1 -3
      vertex -114.5 95.2 -3
      vertex -114.363 95.8888 -3
    endloop
  endfacet
  facet normal 0 0 -1
    outer loop
      vertex -114.5 15.5 -3
      vertex -109.5 0.174999 -3
      vertex -114.5 0.174999 -3
    endloop
  endfacet
  facet normal -0 0 -1
    outer loop
      vertex -109.5 20.5 -3
      vertex -114.5 15.5 -3
      vertex -114.5 20.5 -3
    endloop
  endfacet
  facet normal 0 0 -1
    outer loop
      vertex -109.5 47.5 -3
      vertex -114.5 47.5 -3
      vertex -109.5 52.5 -3
    endloop
  endfacet
  facet normal 0 0 -1
    outer loop
      vertex -114.5 95.2 -3
      vertex -109.5 95.2 -3
      vertex -114.5 52.5 -3
    endloop
  endfacet
  facet normal 0 0 -1
    outer loop
      vertex -114.363 95.8888 -3
      vertex -114.5 95.2 -3
      vertex -114.439 95.6659 -3
    endloop
  endfacet
  facet normal 0 0 -1
    outer loop
      vertex -114.439 95.6659 -3
      vertex -114.5 95.2 -3
      vertex -114.485 95.4349 -3
    endloop
  endfacet
  facet normal 0 0 -1
    outer loop
      vertex -109.5 47.5 -3
      vertex -82.5 52.5 -3
      vertex -82.5 47.5 -3
    endloop
  endfacet
  facet normal -0 0 -1
    outer loop
      vertex -82.5 52.5 -3
      vertex -109.5 47.5 -3
      vertex -109.5 52.5 -3
    endloop
  endfacet
  facet normal 0 0 -1
    outer loop
      vertex -82.5 15.5 -3
      vertex -100.2 18 -3
      vertex -82.5 20.5 -3
    endloop
  endfacet
  facet normal 0 0 -1
    outer loop
      vertex -82.5 15.5 -3
      vertex -100.215 17.7651 -3
      vertex -100.2 18 -3
    endloop
  endfacet
  facet normal 0 0 -1
    outer loop
      vertex -82.5 15.5 -3
      vertex -100.261 17.5341 -3
      vertex -100.215 17.7651 -3
    endloop
  endfacet
  facet normal 0 0 -1
    outer loop
      vertex -82.5 15.5 -3
      vertex -100.337 17.3112 -3
      vertex -100.261 17.5341 -3
    endloop
  endfacet
  facet normal 0 0 -1
    outer loop
      vertex -82.5 15.5 -3
      vertex -100.441 17.1 -3
      vertex -100.337 17.3112 -3
    endloop
  endfacet
  facet normal 0 0 -1
    outer loop
      vertex -82.5 15.5 -3
      vertex -100.572 16.9042 -3
      vertex -100.441 17.1 -3
    endloop
  endfacet
  facet normal 0 0 -1
    outer loop
      vertex -82.5 15.5 -3
      vertex -100.727 16.7272 -3
      vertex -100.572 16.9042 -3
    endloop
  endfacet
  facet normal 0 0 -1
    outer loop
      vertex -82.5 15.5 -3
      vertex -100.904 16.572 -3
      vertex -100.727 16.7272 -3
    endloop
  endfacet
  facet normal 0 0 -1
    outer loop
      vertex -82.5 15.5 -3
      vertex -101.1 16.4412 -3
      vertex -100.904 16.572 -3
    endloop
  endfacet
  facet normal 0 0 -1
    outer loop
      vertex -82.5 15.5 -3
      vertex -101.311 16.337 -3
      vertex -101.1 16.4412 -3
    endloop
  endfacet
  facet normal 0 0 -1
    outer loop
      vertex -82.5 15.5 -3
      vertex -101.534 16.2613 -3
      vertex -101.311 16.337 -3
    endloop
  endfacet
  facet normal 0 0 -1
    outer loop
      vertex -82.5 15.5 -3
      vertex -101.765 16.2154 -3
      vertex -101.534 16.2613 -3
    endloop
  endfacet
  facet normal 0 0 -1
    outer loop
      vertex -82.5 15.5 -3
      vertex -102 16.2 -3
      vertex -101.765 16.2154 -3
    endloop
  endfacet
  facet normal -0 0 -1
    outer loop
      vertex -103.785 17.7651 -3
      vertex -109.5 15.5 -3
      vertex -103.8 18 -3
    endloop
  endfacet
  facet normal -0 0 -1
    outer loop
      vertex -103.739 17.5341 -3
      vertex -109.5 15.5 -3
      vertex -103.785 17.7651 -3
    endloop
  endfacet
  facet normal -0 0 -1
    outer loop
      vertex -103.663 17.3112 -3
      vertex -109.5 15.5 -3
      vertex -103.739 17.5341 -3
    endloop
  endfacet
  facet normal -0 0 -1
    outer loop
      vertex -103.559 17.1 -3
      vertex -109.5 15.5 -3
      vertex -103.663 17.3112 -3
    endloop
  endfacet
  facet normal -0 0 -1
    outer loop
      vertex -103.428 16.9042 -3
      vertex -109.5 15.5 -3
      vertex -103.559 17.1 -3
    endloop
  endfacet
  facet normal -0 0 -1
    outer loop
      vertex -103.273 16.7272 -3
      vertex -109.5 15.5 -3
      vertex -103.428 16.9042 -3
    endloop
  endfacet
  facet normal -0 0 -1
    outer loop
      vertex -103.096 16.572 -3
      vertex -109.5 15.5 -3
      vertex -103.273 16.7272 -3
    endloop
  endfacet
  facet normal -0 0 -1
    outer loop
      vertex -102.9 16.4412 -3
      vertex -109.5 15.5 -3
      vertex -103.096 16.572 -3
    endloop
  endfacet
  facet normal -0 0 -1
    outer loop
      vertex -102.689 16.337 -3
      vertex -109.5 15.5 -3
      vertex -102.9 16.4412 -3
    endloop
  endfacet
  facet normal -0 0 -1
    outer loop
      vertex -102.466 16.2613 -3
      vertex -109.5 15.5 -3
      vertex -102.689 16.337 -3
    endloop
  endfacet
  facet normal -0 0 -1
    outer loop
      vertex -102.235 16.2154 -3
      vertex -109.5 15.5 -3
      vertex -102.466 16.2613 -3
    endloop
  endfacet
  facet normal -0 0 -1
    outer loop
      vertex -102 16.2 -3
      vertex -109.5 15.5 -3
      vertex -102.235 16.2154 -3
    endloop
  endfacet
  facet normal 0 0 -1
    outer loop
      vertex -109.5 15.5 -3
      vertex -102 16.2 -3
      vertex -82.5 15.5 -3
    endloop
  endfacet
  facet normal 0 0 -1
    outer loop
      vertex -82.5 15.5 -3
      vertex -77.5 15.5 -3
      vertex -77.5 0.174999 -3
    endloop
  endfacet
  facet normal 0 0 -1
    outer loop
      vertex -77.5 15.5 -3
      vertex -82.5 15.5 -3
      vertex -77.5 20.5 -3
    endloop
  endfacet
  facet normal 0 0 -1
    outer loop
      vertex -77.5 20.5 -3
      vertex -82.5 20.5 -3
      vertex -77.5 47.5 -3
    endloop
  endfacet
  facet normal 0 0 -1
    outer loop
      vertex -82.5 47.5 -3
      vertex -77.5 47.5 -3
      vertex -82.5 20.5 -3
    endloop
  endfacet
  facet normal 0 0 -1
    outer loop
      vertex -82.5 52.5 -3
      vertex -77.5 52.5 -3
      vertex -82.5 47.5 -3
    endloop
  endfacet
  facet normal 0 0 -1
    outer loop
      vertex -77.5 52.5 -3
      vertex -82.5 52.5 -3
      vertex -77.5 95.2 -3
    endloop
  endfacet
  facet normal 0 -0 -1
    outer loop
      vertex -79.3 97 -3
      vertex -77.5 95.2 -3
      vertex -82.5 95.2 -3
    endloop
  endfacet
  facet normal 0 0 -1
    outer loop
      vertex -77.5 95.2 -3
      vertex -79.3 97 -3
      vertex -77.5154 95.4349 -3
    endloop
  endfacet
  facet normal 0 0 -1
    outer loop
      vertex -77.5154 95.4349 -3
      vertex -79.3 97 -3
      vertex -77.5613 95.6659 -3
    endloop
  endfacet
  facet normal 0 0 -1
    outer loop
      vertex -77.5613 95.6659 -3
      vertex -79.3 97 -3
      vertex -77.637 95.8888 -3
    endloop
  endfacet
  facet normal 0 0 -1
    outer loop
      vertex -77.637 95.8888 -3
      vertex -79.3 97 -3
      vertex -77.7412 96.1 -3
    endloop
  endfacet
  facet normal 0 0 -1
    outer loop
      vertex -77.7412 96.1 -3
      vertex -79.3 97 -3
      vertex -77.872 96.2958 -3
    endloop
  endfacet
  facet normal 0 0 -1
    outer loop
      vertex -77.872 96.2958 -3
      vertex -79.3 97 -3
      vertex -78.0272 96.4728 -3
    endloop
  endfacet
  facet normal 0 0 -1
    outer loop
      vertex -78.0272 96.4728 -3
      vertex -79.3 97 -3
      vertex -78.2042 96.628 -3
    endloop
  endfacet
  facet normal 0 0 -1
    outer loop
      vertex -78.2042 96.628 -3
      vertex -79.3 97 -3
      vertex -78.4 96.7588 -3
    endloop
  endfacet
  facet normal 0 0 -1
    outer loop
      vertex -78.4 96.7588 -3
      vertex -79.3 97 -3
      vertex -78.6112 96.863 -3
    endloop
  endfacet
  facet normal 0 0 -1
    outer loop
      vertex -78.6112 96.863 -3
      vertex -79.3 97 -3
      vertex -78.8341 96.9387 -3
    endloop
  endfacet
  facet normal 0 0 -1
    outer loop
      vertex -78.8341 96.9387 -3
      vertex -79.3 97 -3
      vertex -79.0651 96.9846 -3
    endloop
  endfacet
  facet normal -0 0 -1
    outer loop
      vertex -79.3 97 -3
      vertex -82.5 95.2 -3
      vertex -80.7 97 -3
    endloop
  endfacet
  facet normal 0 0 -1
    outer loop
      vertex -80.7 97 -3
      vertex -82.5 95.2 -3
      vertex -80.9349 96.9846 -3
    endloop
  endfacet
  facet normal 0 0 -1
    outer loop
      vertex -80.9349 96.9846 -3
      vertex -82.5 95.2 -3
      vertex -81.1659 96.9387 -3
    endloop
  endfacet
  facet normal 0 0 -1
    outer loop
      vertex -81.1659 96.9387 -3
      vertex -82.5 95.2 -3
      vertex -81.3888 96.863 -3
    endloop
  endfacet
  facet normal 0 0 -1
    outer loop
      vertex -81.3888 96.863 -3
      vertex -82.5 95.2 -3
      vertex -81.6 96.7588 -3
    endloop
  endfacet
  facet normal 0 0 -1
    outer loop
      vertex -81.6 96.7588 -3
      vertex -82.5 95.2 -3
      vertex -81.7958 96.628 -3
    endloop
  endfacet
  facet normal 0 0 -1
    outer loop
      vertex -81.7958 96.628 -3
      vertex -82.5 95.2 -3
      vertex -81.9728 96.4728 -3
    endloop
  endfacet
  facet normal 0 0 -1
    outer loop
      vertex -81.9728 96.4728 -3
      vertex -82.5 95.2 -3
      vertex -82.128 96.2958 -3
    endloop
  endfacet
  facet normal 0 0 -1
    outer loop
      vertex -82.128 96.2958 -3
      vertex -82.5 95.2 -3
      vertex -82.2588 96.1 -3
    endloop
  endfacet
  facet normal 0 0 -1
    outer loop
      vertex -82.2588 96.1 -3
      vertex -82.5 95.2 -3
      vertex -82.363 95.8888 -3
    endloop
  endfacet
  facet normal 0 0 -1
    outer loop
      vertex -82.5 15.5 -3
      vertex -77.5 0.174999 -3
      vertex -82.5 0.174999 -3
    endloop
  endfacet
  facet normal -0 0 -1
    outer loop
      vertex -77.5 20.5 -3
      vertex -82.5 15.5 -3
      vertex -82.5 20.5 -3
    endloop
  endfacet
  facet normal 0 0 -1
    outer loop
      vertex -77.5 47.5 -3
      vertex -82.5 47.5 -3
      vertex -77.5 52.5 -3
    endloop
  endfacet
  facet normal 0 0 -1
    outer loop
      vertex -82.5 95.2 -3
      vertex -77.5 95.2 -3
      vertex -82.5 52.5 -3
    endloop
  endfacet
  facet normal 0 0 -1
    outer loop
      vertex -82.363 95.8888 -3
      vertex -82.5 95.2 -3
      vertex -82.4387 95.6659 -3
    endloop
  endfacet
  facet normal 0 0 -1
    outer loop
      vertex -82.4387 95.6659 -3
      vertex -82.5 95.2 -3
      vertex -82.4846 95.4349 -3
    endloop
  endfacet
  facet normal 0 0 -1
    outer loop
      vertex -77.5 47.5 -3
      vertex -50.5 52.5 -3
      vertex -50.5 47.5 -3
    endloop
  endfacet
  facet normal -0 0 -1
    outer loop
      vertex -50.5 52.5 -3
      vertex -77.5 47.5 -3
      vertex -77.5 52.5 -3
    endloop
  endfacet
  facet normal 0 0 -1
    outer loop
      vertex -77.5 15.5 -3
      vertex -50.5 20.5 -3
      vertex -50.5 15.5 -3
    endloop
  endfacet
  facet normal -0 0 -1
    outer loop
      vertex -50.5 20.5 -3
      vertex -77.5 15.5 -3
      vertex -77.5 20.5 -3
    endloop
  endfacet
  facet normal 0 0 -1
    outer loop
      vertex -50.5 15.5 -3
      vertex -45.5 15.5 -3
      vertex -45.5 0.174999 -3
    endloop
  endfacet
  facet normal 0 0 -1
    outer loop
      vertex -45.5 15.5 -3
      vertex -50.5 15.5 -3
      vertex -45.5 20.5 -3
    endloop
  endfacet
  facet normal 0 0 -1
    outer loop
      vertex -45.5 20.5 -3
      vertex -50.5 20.5 -3
      vertex -45.5 47.5 -3
    endloop
  endfacet
  facet normal 0 0 -1
    outer loop
      vertex -50.5 47.5 -3
      vertex -45.5 47.5 -3
      vertex -50.5 20.5 -3
    endloop
  endfacet
  facet normal 0 0 -1
    outer loop
      vertex -50.5 52.5 -3
      vertex -45.5 52.5 -3
      vertex -50.5 47.5 -3
    endloop
  endfacet
  facet normal 0 0 -1
    outer loop
      vertex -45.5 52.5 -3
      vertex -50.5 52.5 -3
      vertex -45.5 95.2 -3
    endloop
  endfacet
  facet normal 0 -0 -1
    outer loop
      vertex -47.3 97 -3
      vertex -45.5 95.2 -3
      vertex -50.5 95.2 -3
    endloop
  endfacet
  facet normal 0 0 -1
    outer loop
      vertex -45.5 95.2 -3
      vertex -47.3 97 -3
      vertex -45.5154 95.4349 -3
    endloop
  endfacet
  facet normal 0 0 -1
    outer loop
      vertex -45.5154 95.4349 -3
      vertex -47.3 97 -3
      vertex -45.5613 95.6659 -3
    endloop
  endfacet
  facet normal 0 0 -1
    outer loop
      vertex -45.5613 95.6659 -3
      vertex -47.3 97 -3
      vertex -45.637 95.8888 -3
    endloop
  endfacet
  facet normal 0 0 -1
    outer loop
      vertex -45.637 95.8888 -3
      vertex -47.3 97 -3
      vertex -45.7412 96.1 -3
    endloop
  endfacet
  facet normal 0 0 -1
    outer loop
      vertex -45.7412 96.1 -3
      vertex -47.3 97 -3
      vertex -45.872 96.2958 -3
    endloop
  endfacet
  facet normal 0 0 -1
    outer loop
      vertex -45.872 96.2958 -3
      vertex -47.3 97 -3
      vertex -46.0272 96.4728 -3
    endloop
  endfacet
  facet normal 0 0 -1
    outer loop
      vertex -46.0272 96.4728 -3
      vertex -47.3 97 -3
      vertex -46.2042 96.628 -3
    endloop
  endfacet
  facet normal 0 0 -1
    outer loop
      vertex -46.2042 96.628 -3
      vertex -47.3 97 -3
      vertex -46.4 96.7588 -3
    endloop
  endfacet
  facet normal 0 0 -1
    outer loop
      vertex -46.4 96.7588 -3
      vertex -47.3 97 -3
      vertex -46.6112 96.863 -3
    endloop
  endfacet
  facet normal 0 0 -1
    outer loop
      vertex -46.6112 96.863 -3
      vertex -47.3 97 -3
      vertex -46.8341 96.9387 -3
    endloop
  endfacet
  facet normal 0 0 -1
    outer loop
      vertex -46.8341 96.9387 -3
      vertex -47.3 97 -3
      vertex -47.0651 96.9846 -3
    endloop
  endfacet
  facet normal -0 0 -1
    outer loop
      vertex -47.3 97 -3
      vertex -50.5 95.2 -3
      vertex -48.7 97 -3
    endloop
  endfacet
  facet normal 0 0 -1
    outer loop
      vertex -48.7 97 -3
      vertex -50.5 95.2 -3
      vertex -48.9349 96.9846 -3
    endloop
  endfacet
  facet normal 0 0 -1
    outer loop
      vertex -48.9349 96.9846 -3
      vertex -50.5 95.2 -3
      vertex -49.1659 96.9387 -3
    endloop
  endfacet
  facet normal 0 0 -1
    outer loop
      vertex -49.1659 96.9387 -3
      vertex -50.5 95.2 -3
      vertex -49.3888 96.863 -3
    endloop
  endfacet
  facet normal 0 0 -1
    outer loop
      vertex -49.3888 96.863 -3
      vertex -50.5 95.2 -3
      vertex -49.6 96.7588 -3
    endloop
  endfacet
  facet normal 0 0 -1
    outer loop
      vertex -49.6 96.7588 -3
      vertex -50.5 95.2 -3
      vertex -49.7958 96.628 -3
    endloop
  endfacet
  facet normal 0 0 -1
    outer loop
      vertex -49.7958 96.628 -3
      vertex -50.5 95.2 -3
      vertex -49.9728 96.4728 -3
    endloop
  endfacet
  facet normal 0 0 -1
    outer loop
      vertex -49.9728 96.4728 -3
      vertex -50.5 95.2 -3
      vertex -50.128 96.2958 -3
    endloop
  endfacet
  facet normal 0 0 -1
    outer loop
      vertex -50.128 96.2958 -3
      vertex -50.5 95.2 -3
      vertex -50.2588 96.1 -3
    endloop
  endfacet
  facet normal 0 0 -1
    outer loop
      vertex -50.2588 96.1 -3
      vertex -50.5 95.2 -3
      vertex -50.363 95.8888 -3
    endloop
  endfacet
  facet normal 0 0 -1
    outer loop
      vertex -50.5 15.5 -3
      vertex -45.5 0.174999 -3
      vertex -50.5 0.174999 -3
    endloop
  endfacet
  facet normal -0 0 -1
    outer loop
      vertex -45.5 20.5 -3
      vertex -50.5 15.5 -3
      vertex -50.5 20.5 -3
    endloop
  endfacet
  facet normal 0 0 -1
    outer loop
      vertex -45.5 47.5 -3
      vertex -50.5 47.5 -3
      vertex -45.5 52.5 -3
    endloop
  endfacet
  facet normal 0 0 -1
    outer loop
      vertex -50.5 95.2 -3
      vertex -45.5 95.2 -3
      vertex -50.5 52.5 -3
    endloop
  endfacet
  facet normal 0 0 -1
    outer loop
      vertex -50.363 95.8888 -3
      vertex -50.5 95.2 -3
      vertex -50.4387 95.6659 -3
    endloop
  endfacet
  facet normal 0 0 -1
    outer loop
      vertex -50.4387 95.6659 -3
      vertex -50.5 95.2 -3
      vertex -50.4846 95.4349 -3
    endloop
  endfacet
  facet normal 0 0 -1
    outer loop
      vertex -45.5 47.5 -3
      vertex -18.5 52.5 -3
      vertex -18.5 47.5 -3
    endloop
  endfacet
  facet normal -0 0 -1
    outer loop
      vertex -18.5 52.5 -3
      vertex -45.5 47.5 -3
      vertex -45.5 52.5 -3
    endloop
  endfacet
  facet normal 0 0 -1
    outer loop
      vertex -45.5 15.5 -3
      vertex -18.5 20.5 -3
      vertex -18.5 15.5 -3
    endloop
  endfacet
  facet normal -0 0 -1
    outer loop
      vertex -18.5 20.5 -3
      vertex -45.5 15.5 -3
      vertex -45.5 20.5 -3
    endloop
  endfacet
  facet normal 0 0 -1
    outer loop
      vertex -18.5 15.5 -3
      vertex -13.5 15.5 -3
      vertex -13.5 0.174999 -3
    endloop
  endfacet
  facet normal 0 0 -1
    outer loop
      vertex -13.5 15.5 -3
      vertex -18.5 15.5 -3
      vertex -13.5 20.5 -3
    endloop
  endfacet
  facet normal 0 0 -1
    outer loop
      vertex -13.5 20.5 -3
      vertex -18.5 20.5 -3
      vertex -13.5 47.5 -3
    endloop
  endfacet
  facet normal 0 0 -1
    outer loop
      vertex -18.5 47.5 -3
      vertex -13.5 47.5 -3
      vertex -18.5 20.5 -3
    endloop
  endfacet
  facet normal 0 0 -1
    outer loop
      vertex -18.5 52.5 -3
      vertex -13.5 52.5 -3
      vertex -18.5 47.5 -3
    endloop
  endfacet
  facet normal 0 -0 -1
    outer loop
      vertex -17.7651 80.2154 -3
      vertex -13.5 52.5 -3
      vertex -18.5 52.5 -3
    endloop
  endfacet
  facet normal 0 -0 -1
    outer loop
      vertex -16.2 82 -3
      vertex -13.5 95.2 -3
      vertex -16.2154 81.7651 -3
    endloop
  endfacet
  facet normal 0 0 -1
    outer loop
      vertex -16.2613 82.4659 -3
      vertex -13.5 95.2 -3
      vertex -16.2154 82.2349 -3
    endloop
  endfacet
  facet normal 0 0 -1
    outer loop
      vertex -16.337 82.6888 -3
      vertex -13.5 95.2 -3
      vertex -16.2613 82.4659 -3
    endloop
  endfacet
  facet normal 0 0 -1
    outer loop
      vertex -16.4412 82.9 -3
      vertex -13.5 95.2 -3
      vertex -16.337 82.6888 -3
    endloop
  endfacet
  facet normal 0 0 -1
    outer loop
      vertex -16.572 83.0958 -3
      vertex -13.5 95.2 -3
      vertex -16.4412 82.9 -3
    endloop
  endfacet
  facet normal 0 0 -1
    outer loop
      vertex -16.7272 83.2728 -3
      vertex -13.5 95.2 -3
      vertex -16.572 83.0958 -3
    endloop
  endfacet
  facet normal 0 0 -1
    outer loop
      vertex -16.9042 83.428 -3
      vertex -13.5 95.2 -3
      vertex -16.7272 83.2728 -3
    endloop
  endfacet
  facet normal 0 0 -1
    outer loop
      vertex -17.1 83.5588 -3
      vertex -13.5 95.2 -3
      vertex -16.9042 83.428 -3
    endloop
  endfacet
  facet normal 0 0 -1
    outer loop
      vertex -17.5341 83.7387 -3
      vertex -13.5 95.2 -3
      vertex -17.3112 83.663 -3
    endloop
  endfacet
  facet normal 0 0 -1
    outer loop
      vertex -18.5 95.2 -3
      vertex -13.5 95.2 -3
      vertex -17.5341 83.7387 -3
    endloop
  endfacet
  facet normal 0 -0 -1
    outer loop
      vertex -15.3 97 -3
      vertex -13.5 95.2 -3
      vertex -18.5 95.2 -3
    endloop
  endfacet
  facet normal 0 0 -1
    outer loop
      vertex -17.3112 83.663 -3
      vertex -13.5 95.2 -3
      vertex -17.1 83.5588 -3
    endloop
  endfacet
  facet normal 0 0 -1
    outer loop
      vertex -16.2154 82.2349 -3
      vertex -13.5 95.2 -3
      vertex -16.2 82 -3
    endloop
  endfacet
  facet normal 0 0 -1
    outer loop
      vertex -13.5 52.5 -3
      vertex -16.2613 81.5341 -3
      vertex -16.2154 81.7651 -3
    endloop
  endfacet
  facet normal 0 0 -1
    outer loop
      vertex -13.5 52.5 -3
      vertex -16.337 81.3112 -3
      vertex -16.2613 81.5341 -3
    endloop
  endfacet
  facet normal 0 0 -1
    outer loop
      vertex -13.5 52.5 -3
      vertex -16.4412 81.1 -3
      vertex -16.337 81.3112 -3
    endloop
  endfacet
  facet normal 0 0 -1
    outer loop
      vertex -13.5 52.5 -3
      vertex -16.572 80.9042 -3
      vertex -16.4412 81.1 -3
    endloop
  endfacet
  facet normal 0 0 -1
    outer loop
      vertex -13.5 52.5 -3
      vertex -16.7272 80.7272 -3
      vertex -16.572 80.9042 -3
    endloop
  endfacet
  facet normal 0 0 -1
    outer loop
      vertex -13.5 52.5 -3
      vertex -16.9042 80.572 -3
      vertex -16.7272 80.7272 -3
    endloop
  endfacet
  facet normal 0 0 -1
    outer loop
      vertex -13.5 52.5 -3
      vertex -17.1 80.4412 -3
      vertex -16.9042 80.572 -3
    endloop
  endfacet
  facet normal 0 0 -1
    outer loop
      vertex -13.5 52.5 -3
      vertex -17.3112 80.337 -3
      vertex -17.1 80.4412 -3
    endloop
  endfacet
  facet normal 0 0 -1
    outer loop
      vertex -13.5 52.5 -3
      vertex -17.5341 80.2613 -3
      vertex -17.3112 80.337 -3
    endloop
  endfacet
  facet normal 0 0 -1
    outer loop
      vertex -13.5 52.5 -3
      vertex -17.7651 80.2154 -3
      vertex -17.5341 80.2613 -3
    endloop
  endfacet
  facet normal 0 0 -1
    outer loop
      vertex -17.7651 80.2154 -3
      vertex -18.5 52.5 -3
      vertex -18 80.2 -3
    endloop
  endfacet
  facet normal -0 0 -1
    outer loop
      vertex -18 80.2 -3
      vertex -18.5 52.5 -3
      vertex -18.2349 80.2154 -3
    endloop
  endfacet
  facet normal 0 0 -1
    outer loop
      vertex -18.5 15.5 -3
      vertex -13.5 0.174999 -3
      vertex -18.5 0.174999 -3
    endloop
  endfacet
  facet normal -0 0 -1
    outer loop
      vertex -13.5 20.5 -3
      vertex -18.5 15.5 -3
      vertex -18.5 20.5 -3
    endloop
  endfacet
  facet normal 0 0 -1
    outer loop
      vertex -13.5 47.5 -3
      vertex -18.5 47.5 -3
      vertex -13.5 52.5 -3
    endloop
  endfacet
  facet normal 0 0 -1
    outer loop
      vertex -13.5 52.5 -3
      vertex -16.2154 81.7651 -3
      vertex -13.5 95.2 -3
    endloop
  endfacet
  facet normal -0 0 -1
    outer loop
      vertex -18.2349 80.2154 -3
      vertex -18.5 52.5 -3
      vertex -18.4659 80.2613 -3
    endloop
  endfacet
  facet normal -0 0 -1
    outer loop
      vertex -18.4659 80.2613 -3
      vertex -18.5 52.5 -3
      vertex -18.5 80.2729 -3
    endloop
  endfacet
  facet normal 0 0 -1
    outer loop
      vertex -13.5 15.5 -3
      vertex -0.174999 20.5 -3
      vertex -0.174999 15.5 -3
    endloop
  endfacet
  facet normal -0 0 -1
    outer loop
      vertex -0.174999 20.5 -3
      vertex -13.5 15.5 -3
      vertex -13.5 20.5 -3
    endloop
  endfacet
  facet normal 0 0 -1
    outer loop
      vertex -13.5 47.5 -3
      vertex -0.174999 52.5 -3
      vertex -0.174999 47.5 -3
    endloop
  endfacet
  facet normal -0 0 -1
    outer loop
      vertex -0.174999 52.5 -3
      vertex -13.5 47.5 -3
      vertex -13.5 52.5 -3
    endloop
  endfacet
  facet normal 0 0 -1
    outer loop
      vertex -13.5154 95.4349 -3
      vertex -15.3 97 -3
      vertex -13.5613 95.6659 -3
    endloop
  endfacet
  facet normal 0 0 -1
    outer loop
      vertex -13.5613 95.6659 -3
      vertex -15.3 97 -3
      vertex -13.637 95.8888 -3
    endloop
  endfacet
  facet normal 0 0 -1
    outer loop
      vertex -13.637 95.8888 -3
      vertex -15.3 97 -3
      vertex -13.7412 96.1 -3
    endloop
  endfacet
  facet normal 0 0 -1
    outer loop
      vertex -13.7412 96.1 -3
      vertex -15.3 97 -3
      vertex -13.872 96.2958 -3
    endloop
  endfacet
  facet normal 0 0 -1
    outer loop
      vertex -14.0272 96.4728 -3
      vertex -15.3 97 -3
      vertex -14.2042 96.628 -3
    endloop
  endfacet
  facet normal 0 0 -1
    outer loop
      vertex -14.2042 96.628 -3
      vertex -15.3 97 -3
      vertex -14.4 96.7588 -3
    endloop
  endfacet
  facet normal 0 0 -1
    outer loop
      vertex -14.4 96.7588 -3
      vertex -15.3 97 -3
      vertex -14.6112 96.863 -3
    endloop
  endfacet
  facet normal 0 0 -1
    outer loop
      vertex -14.6112 96.863 -3
      vertex -15.3 97 -3
      vertex -14.8341 96.9387 -3
    endloop
  endfacet
  facet normal -0 0 -1
    outer loop
      vertex -15.3 97 -3
      vertex -18.5 95.2 -3
      vertex -16.7 97 -3
    endloop
  endfacet
  facet normal 0 0 -1
    outer loop
      vertex -14.8341 96.9387 -3
      vertex -15.3 97 -3
      vertex -15.0651 96.9846 -3
    endloop
  endfacet
  facet normal 0 0 -1
    outer loop
      vertex -16.7 97 -3
      vertex -18.5 95.2 -3
      vertex -16.9349 96.9846 -3
    endloop
  endfacet
  facet normal 0 0 -1
    outer loop
      vertex -13.872 96.2958 -3
      vertex -15.3 97 -3
      vertex -14.0272 96.4728 -3
    endloop
  endfacet
  facet normal 0 0 -1
    outer loop
      vertex -16.9349 96.9846 -3
      vertex -18.5 95.2 -3
      vertex -17.1659 96.9387 -3
    endloop
  endfacet
  facet normal 0 0 -1
    outer loop
      vertex -13.5 95.2 -3
      vertex -15.3 97 -3
      vertex -13.5154 95.4349 -3
    endloop
  endfacet
  facet normal 0 0 -1
    outer loop
      vertex -17.1659 96.9387 -3
      vertex -18.5 95.2 -3
      vertex -17.3888 96.863 -3
    endloop
  endfacet
  facet normal 0 0 -1
    outer loop
      vertex -18.5 95.2 -3
      vertex -17.5341 83.7387 -3
      vertex -17.7651 83.7846 -3
    endloop
  endfacet
  facet normal 0 0 -1
    outer loop
      vertex -17.3888 96.863 -3
      vertex -18.5 95.2 -3
      vertex -17.6 96.7588 -3
    endloop
  endfacet
  facet normal 0 0 -1
    outer loop
      vertex -17.6 96.7588 -3
      vertex -18.5 95.2 -3
      vertex -17.7958 96.628 -3
    endloop
  endfacet
  facet normal 0 0 -1
    outer loop
      vertex -18.5 95.2 -3
      vertex -17.7651 83.7846 -3
      vertex -18 83.8 -3
    endloop
  endfacet
  facet normal 0 0 -1
    outer loop
      vertex -17.7958 96.628 -3
      vertex -18.5 95.2 -3
      vertex -17.9728 96.4728 -3
    endloop
  endfacet
  facet normal 0 0 -1
    outer loop
      vertex -18.5 95.2 -3
      vertex -18 83.8 -3
      vertex -18.2349 83.7846 -3
    endloop
  endfacet
  facet normal 0 0 -1
    outer loop
      vertex -17.9728 96.4728 -3
      vertex -18.5 95.2 -3
      vertex -18.128 96.2958 -3
    endloop
  endfacet
  facet normal 0 0 -1
    outer loop
      vertex -18.128 96.2958 -3
      vertex -18.5 95.2 -3
      vertex -18.2588 96.1 -3
    endloop
  endfacet
  facet normal 0 0 -1
    outer loop
      vertex -18.2588 96.1 -3
      vertex -18.5 95.2 -3
      vertex -18.363 95.8888 -3
    endloop
  endfacet
  facet normal 0 0 -1
    outer loop
      vertex -18.5 95.2 -3
      vertex -18.2349 83.7846 -3
      vertex -18.4659 83.7387 -3
    endloop
  endfacet
  facet normal 0 0 -1
    outer loop
      vertex -18.363 95.8888 -3
      vertex -18.5 95.2 -3
      vertex -18.4387 95.6659 -3
    endloop
  endfacet
  facet normal 0 0 -1
    outer loop
      vertex -18.5 95.2 -3
      vertex -18.4659 83.7387 -3
      vertex -18.5 83.7271 -3
    endloop
  endfacet
  facet normal 0 0 -1
    outer loop
      vertex -18.4387 95.6659 -3
      vertex -18.5 95.2 -3
      vertex -18.4846 95.4349 -3
    endloop
  endfacet
  facet normal 0 0 -1
    outer loop
      vertex -100.215 18.2349 -3
      vertex -82.5 20.5 -3
      vertex -100.2 18 -3
    endloop
  endfacet
  facet normal 0 0 -1
    outer loop
      vertex -100.261 18.4659 -3
      vertex -82.5 20.5 -3
      vertex -100.215 18.2349 -3
    endloop
  endfacet
  facet normal 0 0 -1
    outer loop
      vertex -100.337 18.6888 -3
      vertex -82.5 20.5 -3
      vertex -100.261 18.4659 -3
    endloop
  endfacet
  facet normal 0 0 -1
    outer loop
      vertex -100.441 18.9 -3
      vertex -82.5 20.5 -3
      vertex -100.337 18.6888 -3
    endloop
  endfacet
  facet normal 0 0 -1
    outer loop
      vertex -100.572 19.0958 -3
      vertex -82.5 20.5 -3
      vertex -100.441 18.9 -3
    endloop
  endfacet
  facet normal 0 0 -1
    outer loop
      vertex -100.727 19.2728 -3
      vertex -82.5 20.5 -3
      vertex -100.572 19.0958 -3
    endloop
  endfacet
  facet normal 0 0 -1
    outer loop
      vertex -100.904 19.428 -3
      vertex -82.5 20.5 -3
      vertex -100.727 19.2728 -3
    endloop
  endfacet
  facet normal 0 0 -1
    outer loop
      vertex -101.1 19.5588 -3
      vertex -82.5 20.5 -3
      vertex -100.904 19.428 -3
    endloop
  endfacet
  facet normal 0 0 -1
    outer loop
      vertex -101.311 19.663 -3
      vertex -82.5 20.5 -3
      vertex -101.1 19.5588 -3
    endloop
  endfacet
  facet normal 0 0 -1
    outer loop
      vertex -101.534 19.7387 -3
      vertex -82.5 20.5 -3
      vertex -101.311 19.663 -3
    endloop
  endfacet
  facet normal 0 0 -1
    outer loop
      vertex -101.765 19.7846 -3
      vertex -82.5 20.5 -3
      vertex -101.534 19.7387 -3
    endloop
  endfacet
  facet normal 0 0 -1
    outer loop
      vertex -102 19.8 -3
      vertex -82.5 20.5 -3
      vertex -101.765 19.7846 -3
    endloop
  endfacet
  facet normal 0 0 -1
    outer loop
      vertex -109.5 20.5 -3
      vertex -103.8 18 -3
      vertex -109.5 15.5 -3
    endloop
  endfacet
  facet normal 0 0 -1
    outer loop
      vertex -103.8 18 -3
      vertex -109.5 20.5 -3
      vertex -103.785 18.2349 -3
    endloop
  endfacet
  facet normal 0 0 -1
    outer loop
      vertex -103.785 18.2349 -3
      vertex -109.5 20.5 -3
      vertex -103.739 18.4659 -3
    endloop
  endfacet
  facet normal 0 0 -1
    outer loop
      vertex -103.739 18.4659 -3
      vertex -109.5 20.5 -3
      vertex -103.663 18.6888 -3
    endloop
  endfacet
  facet normal 0 0 -1
    outer loop
      vertex -103.663 18.6888 -3
      vertex -109.5 20.5 -3
      vertex -103.559 18.9 -3
    endloop
  endfacet
  facet normal 0 0 -1
    outer loop
      vertex -103.559 18.9 -3
      vertex -109.5 20.5 -3
      vertex -103.428 19.0958 -3
    endloop
  endfacet
  facet normal 0 0 -1
    outer loop
      vertex -103.428 19.0958 -3
      vertex -109.5 20.5 -3
      vertex -103.273 19.2728 -3
    endloop
  endfacet
  facet normal 0 0 -1
    outer loop
      vertex -103.273 19.2728 -3
      vertex -109.5 20.5 -3
      vertex -103.096 19.428 -3
    endloop
  endfacet
  facet normal 0 0 -1
    outer loop
      vertex -102 19.8 -3
      vertex -109.5 20.5 -3
      vertex -82.5 20.5 -3
    endloop
  endfacet
  facet normal 0 0 -1
    outer loop
      vertex -102.235 19.7846 -3
      vertex -109.5 20.5 -3
      vertex -102 19.8 -3
    endloop
  endfacet
  facet normal 0 0 -1
    outer loop
      vertex -102.466 19.7387 -3
      vertex -109.5 20.5 -3
      vertex -102.235 19.7846 -3
    endloop
  endfacet
  facet normal 0 0 -1
    outer loop
      vertex -102.689 19.663 -3
      vertex -109.5 20.5 -3
      vertex -102.466 19.7387 -3
    endloop
  endfacet
  facet normal 0 0 -1
    outer loop
      vertex -102.9 19.5588 -3
      vertex -109.5 20.5 -3
      vertex -102.689 19.663 -3
    endloop
  endfacet
  facet normal 0 0 -1
    outer loop
      vertex -103.096 19.428 -3
      vertex -109.5 20.5 -3
      vertex -102.9 19.5588 -3
    endloop
  endfacet
  facet normal 0 0 -1
    outer loop
      vertex 0.174999 47.5 -3
      vertex 1 52.5 -3
      vertex 1 47.5 -3
    endloop
  endfacet
  facet normal -0 0 -1
    outer loop
      vertex 1 52.5 -3
      vertex 0.174999 47.5 -3
      vertex 0.174999 52.5 -3
    endloop
  endfacet
  facet normal 0 0 -1
    outer loop
      vertex 0.174999 15.5 -3
      vertex 1 20.5 -3
      vertex 1 15.5 -3
    endloop
  endfacet
  facet normal -0 0 -1
    outer loop
      vertex 1 20.5 -3
      vertex 0.174999 15.5 -3
      vertex 0.174999 20.5 -3
    endloop
  endfacet
  facet normal 0 0 -1
    outer loop
      vertex -114.5 -1 -3
      vertex -109.5 -0.174999 -3
      vertex -109.5 -1 -3
    endloop
  endfacet
  facet normal -0 0 -1
    outer loop
      vertex -109.5 -0.174999 -3
      vertex -114.5 -1 -3
      vertex -114.5 -0.174999 -3
    endloop
  endfacet
  facet normal 0 0 -1
    outer loop
      vertex -82.5 -1 -3
      vertex -77.5 -0.174999 -3
      vertex -77.5 -1 -3
    endloop
  endfacet
  facet normal -0 0 -1
    outer loop
      vertex -77.5 -0.174999 -3
      vertex -82.5 -1 -3
      vertex -82.5 -0.174999 -3
    endloop
  endfacet
  facet normal 0 0 -1
    outer loop
      vertex -50.5 -1 -3
      vertex -45.5 -0.174999 -3
      vertex -45.5 -1 -3
    endloop
  endfacet
  facet normal -0 0 -1
    outer loop
      vertex -45.5 -0.174999 -3
      vertex -50.5 -1 -3
      vertex -50.5 -0.174999 -3
    endloop
  endfacet
  facet normal 0 0 -1
    outer loop
      vertex -18.5 -1 -3
      vertex -13.5 -0.174999 -3
      vertex -13.5 -1 -3
    endloop
  endfacet
  facet normal -0 0 -1
    outer loop
      vertex -13.5 -0.174999 -3
      vertex -18.5 -1 -3
      vertex -18.5 -0.174999 -3
    endloop
  endfacet
  facet normal -0.659286 0.751892 0
    outer loop
      vertex -113.796 96.628 -3
      vertex -113.973 96.4728 0
      vertex -113.796 96.628 0
    endloop
  endfacet
  facet normal -0.659286 0.751892 0
    outer loop
      vertex -113.973 96.4728 0
      vertex -113.796 96.628 -3
      vertex -113.973 96.4728 -3
    endloop
  endfacet
  facet normal 0 0 -1
    outer loop
      vertex -114.5 52.5 0
      vertex -132.2 52.5 0
      vertex -114.5 95.2 0
    endloop
  endfacet
  facet normal 0 0 -1
    outer loop
      vertex -82.5 52.5 0
      vertex -109.5 52.5 0
      vertex -82.5 95.2 0
    endloop
  endfacet
  facet normal 0 0 -1
    outer loop
      vertex -50.5 52.5 0
      vertex -77.5 52.5 0
      vertex -50.5 95.2 0
    endloop
  endfacet
  facet normal 0 0 -1
    outer loop
      vertex -18.5 52.5 0
      vertex -18.6888 80.337 0
      vertex -18.5 80.2729 0
    endloop
  endfacet
  facet normal 0 0 -1
    outer loop
      vertex -18.5 52.5 0
      vertex -18.9 80.4412 0
      vertex -18.6888 80.337 0
    endloop
  endfacet
  facet normal 0 0 -1
    outer loop
      vertex -18.5 52.5 0
      vertex -19.0958 80.572 0
      vertex -18.9 80.4412 0
    endloop
  endfacet
  facet normal 0 0 -1
    outer loop
      vertex -18.5 52.5 0
      vertex -19.2728 80.7272 0
      vertex -19.0958 80.572 0
    endloop
  endfacet
  facet normal 0 0 -1
    outer loop
      vertex -45.5 52.5 0
      vertex -19.2728 80.7272 0
      vertex -18.5 52.5 0
    endloop
  endfacet
  facet normal -0 0 -1
    outer loop
      vertex -19.2728 80.7272 0
      vertex -45.5 52.5 0
      vertex -19.428 80.9042 0
    endloop
  endfacet
  facet normal -0 0 -1
    outer loop
      vertex -19.428 80.9042 0
      vertex -45.5 52.5 0
      vertex -19.5588 81.1 0
    endloop
  endfacet
  facet normal -0 0 -1
    outer loop
      vertex -19.5588 81.1 0
      vertex -45.5 52.5 0
      vertex -19.663 81.3112 0
    endloop
  endfacet
  facet normal 0 0 -1
    outer loop
      vertex -45.5 95.2 0
      vertex -19.663 81.3112 0
      vertex -45.5 52.5 0
    endloop
  endfacet
  facet normal 0 0 -1
    outer loop
      vertex -19.663 81.3112 0
      vertex -45.5 95.2 0
      vertex -19.7387 81.5341 0
    endloop
  endfacet
  facet normal 0 0 -1
    outer loop
      vertex -19.7387 81.5341 0
      vertex -45.5 95.2 0
      vertex -19.7846 81.7651 0
    endloop
  endfacet
  facet normal -0 0 -1
    outer loop
      vertex -18.5 83.7271 0
      vertex -18.6888 83.663 0
      vertex -18.5 95.2 0
    endloop
  endfacet
  facet normal 0 0 -1
    outer loop
      vertex -13.5 95.2 0
      vertex -0.174999 52.5 0
      vertex -13.5 52.5 0
    endloop
  endfacet
  facet normal 0 0 -1
    outer loop
      vertex -0.174999 52.5 0
      vertex -13.5 95.2 0
      vertex -0.174999 109 0
    endloop
  endfacet
  facet normal 0 0 -1
    outer loop
      vertex -13.5154 95.4349 0
      vertex -0.174999 109 0
      vertex -13.5 95.2 0
    endloop
  endfacet
  facet normal 0 0 -1
    outer loop
      vertex -13.5613 95.6659 0
      vertex -0.174999 109 0
      vertex -13.5154 95.4349 0
    endloop
  endfacet
  facet normal 0 0 -1
    outer loop
      vertex -13.637 95.8888 0
      vertex -0.174999 109 0
      vertex -13.5613 95.6659 0
    endloop
  endfacet
  facet normal 0 0 -1
    outer loop
      vertex -13.7412 96.1 0
      vertex -0.174999 109 0
      vertex -13.637 95.8888 0
    endloop
  endfacet
  facet normal 0 0 -1
    outer loop
      vertex -13.872 96.2958 0
      vertex -0.174999 109 0
      vertex -13.7412 96.1 0
    endloop
  endfacet
  facet normal 0 0 -1
    outer loop
      vertex -14.0272 96.4728 0
      vertex -0.174999 109 0
      vertex -13.872 96.2958 0
    endloop
  endfacet
  facet normal 0 0 -1
    outer loop
      vertex -14.2042 96.628 0
      vertex -0.174999 109 0
      vertex -14.0272 96.4728 0
    endloop
  endfacet
  facet normal 0 0 -1
    outer loop
      vertex -14.4 96.7588 0
      vertex -0.174999 109 0
      vertex -14.2042 96.628 0
    endloop
  endfacet
  facet normal 0 0 -1
    outer loop
      vertex -14.6112 96.863 0
      vertex -0.174999 109 0
      vertex -14.4 96.7588 0
    endloop
  endfacet
  facet normal 0 0 -1
    outer loop
      vertex -14.8341 96.9387 0
      vertex -0.174999 109 0
      vertex -14.6112 96.863 0
    endloop
  endfacet
  facet normal 0 0 -1
    outer loop
      vertex -15.0651 96.9846 0
      vertex -0.174999 109 0
      vertex -14.8341 96.9387 0
    endloop
  endfacet
  facet normal 0 0 -1
    outer loop
      vertex -15.3 97 0
      vertex -0.174999 109 0
      vertex -15.0651 96.9846 0
    endloop
  endfacet
  facet normal 0 0 -1
    outer loop
      vertex -16.7 97 0
      vertex -0.174999 109 0
      vertex -15.3 97 0
    endloop
  endfacet
  facet normal 0 0 -1
    outer loop
      vertex -16.9349 96.9846 0
      vertex -0.174999 109 0
      vertex -16.7 97 0
    endloop
  endfacet
  facet normal 0 0 -1
    outer loop
      vertex -17.1659 96.9387 0
      vertex -0.174999 109 0
      vertex -16.9349 96.9846 0
    endloop
  endfacet
  facet normal 0 0 -1
    outer loop
      vertex -17.3888 96.863 0
      vertex -0.174999 109 0
      vertex -17.1659 96.9387 0
    endloop
  endfacet
  facet normal 0 0 -1
    outer loop
      vertex -46.6112 96.863 0
      vertex -17.3888 96.863 0
      vertex -17.6 96.7588 0
    endloop
  endfacet
  facet normal 0 0 -1
    outer loop
      vertex -46.4 96.7588 0
      vertex -17.6 96.7588 0
      vertex -17.7958 96.628 0
    endloop
  endfacet
  facet normal 0 0 -1
    outer loop
      vertex -18.9 83.5588 0
      vertex -18.5 95.2 0
      vertex -18.6888 83.663 0
    endloop
  endfacet
  facet normal 0 0 -1
    outer loop
      vertex -19.0958 83.428 0
      vertex -18.5 95.2 0
      vertex -18.9 83.5588 0
    endloop
  endfacet
  facet normal 0 0 -1
    outer loop
      vertex -19.2728 83.2728 0
      vertex -18.5 95.2 0
      vertex -19.0958 83.428 0
    endloop
  endfacet
  facet normal 0 0 -1
    outer loop
      vertex -19.428 83.0958 0
      vertex -18.5 95.2 0
      vertex -19.2728 83.2728 0
    endloop
  endfacet
  facet normal 0 0 -1
    outer loop
      vertex -19.5588 82.9 0
      vertex -18.5 95.2 0
      vertex -19.428 83.0958 0
    endloop
  endfacet
  facet normal 0 0 -1
    outer loop
      vertex -45.5 95.2 0
      vertex -18.5 95.2 0
      vertex -19.5588 82.9 0
    endloop
  endfacet
  facet normal 0 0 -1
    outer loop
      vertex -45.5 95.2 0
      vertex -19.5588 82.9 0
      vertex -19.663 82.6888 0
    endloop
  endfacet
  facet normal 0 0 -1
    outer loop
      vertex -45.5 95.2 0
      vertex -19.663 82.6888 0
      vertex -19.7387 82.4659 0
    endloop
  endfacet
  facet normal 0 0 -1
    outer loop
      vertex -45.5 95.2 0
      vertex -19.7387 82.4659 0
      vertex -19.7846 82.2349 0
    endloop
  endfacet
  facet normal 0 0 -1
    outer loop
      vertex -19.7846 81.7651 0
      vertex -45.5 95.2 0
      vertex -19.8 82 0
    endloop
  endfacet
  facet normal 0 0 -1
    outer loop
      vertex -19.8 82 0
      vertex -45.5 95.2 0
      vertex -19.7846 82.2349 0
    endloop
  endfacet
  facet normal 0 0 -1
    outer loop
      vertex -18.5 95.2 0
      vertex -45.5 95.2 0
      vertex -18.4846 95.4349 0
    endloop
  endfacet
  facet normal 0 0 -1
    outer loop
      vertex -45.5154 95.4349 0
      vertex -18.4846 95.4349 0
      vertex -45.5 95.2 0
    endloop
  endfacet
  facet normal 0 0 -1
    outer loop
      vertex -18.4846 95.4349 0
      vertex -45.5154 95.4349 0
      vertex -18.4387 95.6659 0
    endloop
  endfacet
  facet normal 0 0 -1
    outer loop
      vertex -45.5613 95.6659 0
      vertex -18.4387 95.6659 0
      vertex -45.5154 95.4349 0
    endloop
  endfacet
  facet normal 0 0 -1
    outer loop
      vertex -18.4387 95.6659 0
      vertex -45.5613 95.6659 0
      vertex -18.363 95.8888 0
    endloop
  endfacet
  facet normal 0 0 -1
    outer loop
      vertex -45.637 95.8888 0
      vertex -18.363 95.8888 0
      vertex -45.5613 95.6659 0
    endloop
  endfacet
  facet normal 0 0 -1
    outer loop
      vertex -18.363 95.8888 0
      vertex -45.637 95.8888 0
      vertex -18.2588 96.1 0
    endloop
  endfacet
  facet normal 0 0 -1
    outer loop
      vertex -45.7412 96.1 0
      vertex -18.2588 96.1 0
      vertex -45.637 95.8888 0
    endloop
  endfacet
  facet normal 0 0 -1
    outer loop
      vertex -18.2588 96.1 0
      vertex -45.7412 96.1 0
      vertex -18.128 96.2958 0
    endloop
  endfacet
  facet normal 0 0 -1
    outer loop
      vertex -45.872 96.2958 0
      vertex -18.128 96.2958 0
      vertex -45.7412 96.1 0
    endloop
  endfacet
  facet normal 0 0 -1
    outer loop
      vertex -18.128 96.2958 0
      vertex -45.872 96.2958 0
      vertex -17.9728 96.4728 0
    endloop
  endfacet
  facet normal 0 0 -1
    outer loop
      vertex -46.0272 96.4728 0
      vertex -17.9728 96.4728 0
      vertex -45.872 96.2958 0
    endloop
  endfacet
  facet normal 0 0 -1
    outer loop
      vertex -17.9728 96.4728 0
      vertex -46.0272 96.4728 0
      vertex -17.7958 96.628 0
    endloop
  endfacet
  facet normal 0 0 -1
    outer loop
      vertex -46.2042 96.628 0
      vertex -17.7958 96.628 0
      vertex -46.0272 96.4728 0
    endloop
  endfacet
  facet normal 0 0 -1
    outer loop
      vertex -46.4 96.7588 0
      vertex -17.7958 96.628 0
      vertex -46.2042 96.628 0
    endloop
  endfacet
  facet normal 0 0 -1
    outer loop
      vertex -17.6 96.7588 0
      vertex -46.4 96.7588 0
      vertex -46.6112 96.863 0
    endloop
  endfacet
  facet normal 0 0 -1
    outer loop
      vertex -17.3888 96.863 0
      vertex -46.6112 96.863 0
      vertex -0.174999 109 0
    endloop
  endfacet
  facet normal 0 0 -1
    outer loop
      vertex -46.8341 96.9387 0
      vertex -0.174999 109 0
      vertex -46.6112 96.863 0
    endloop
  endfacet
  facet normal 0 0 -1
    outer loop
      vertex -47.0651 96.9846 0
      vertex -0.174999 109 0
      vertex -46.8341 96.9387 0
    endloop
  endfacet
  facet normal 0 0 -1
    outer loop
      vertex -47.3 97 0
      vertex -0.174999 109 0
      vertex -47.0651 96.9846 0
    endloop
  endfacet
  facet normal 0 0 -1
    outer loop
      vertex -48.7 97 0
      vertex -0.174999 109 0
      vertex -47.3 97 0
    endloop
  endfacet
  facet normal 0 0 -1
    outer loop
      vertex -48.9349 96.9846 0
      vertex -0.174999 109 0
      vertex -48.7 97 0
    endloop
  endfacet
  facet normal 0 0 -1
    outer loop
      vertex -79.0651 96.9846 0
      vertex -48.9349 96.9846 0
      vertex -49.1659 96.9387 0
    endloop
  endfacet
  facet normal 0 0 -1
    outer loop
      vertex -77.5 95.2 0
      vertex -50.5 95.2 0
      vertex -77.5 52.5 0
    endloop
  endfacet
  facet normal 0 0 -1
    outer loop
      vertex -50.5 95.2 0
      vertex -77.5 95.2 0
      vertex -50.4846 95.4349 0
    endloop
  endfacet
  facet normal 0 0 -1
    outer loop
      vertex -77.5154 95.4349 0
      vertex -50.4846 95.4349 0
      vertex -77.5 95.2 0
    endloop
  endfacet
  facet normal 0 0 -1
    outer loop
      vertex -50.4846 95.4349 0
      vertex -77.5154 95.4349 0
      vertex -50.4387 95.6659 0
    endloop
  endfacet
  facet normal 0 0 -1
    outer loop
      vertex -77.5613 95.6659 0
      vertex -50.4387 95.6659 0
      vertex -77.5154 95.4349 0
    endloop
  endfacet
  facet normal 0 0 -1
    outer loop
      vertex -50.4387 95.6659 0
      vertex -77.5613 95.6659 0
      vertex -50.363 95.8888 0
    endloop
  endfacet
  facet normal 0 0 -1
    outer loop
      vertex -77.637 95.8888 0
      vertex -50.363 95.8888 0
      vertex -77.5613 95.6659 0
    endloop
  endfacet
  facet normal 0 0 -1
    outer loop
      vertex -50.363 95.8888 0
      vertex -77.637 95.8888 0
      vertex -50.2588 96.1 0
    endloop
  endfacet
  facet normal 0 0 -1
    outer loop
      vertex -77.7412 96.1 0
      vertex -50.2588 96.1 0
      vertex -77.637 95.8888 0
    endloop
  endfacet
  facet normal 0 0 -1
    outer loop
      vertex -50.2588 96.1 0
      vertex -77.7412 96.1 0
      vertex -50.128 96.2958 0
    endloop
  endfacet
  facet normal 0 0 -1
    outer loop
      vertex -77.872 96.2958 0
      vertex -50.128 96.2958 0
      vertex -77.7412 96.1 0
    endloop
  endfacet
  facet normal 0 0 -1
    outer loop
      vertex -50.128 96.2958 0
      vertex -77.872 96.2958 0
      vertex -49.9728 96.4728 0
    endloop
  endfacet
  facet normal 0 0 -1
    outer loop
      vertex -78.0272 96.4728 0
      vertex -49.9728 96.4728 0
      vertex -77.872 96.2958 0
    endloop
  endfacet
  facet normal 0 0 -1
    outer loop
      vertex -49.9728 96.4728 0
      vertex -78.0272 96.4728 0
      vertex -49.7958 96.628 0
    endloop
  endfacet
  facet normal 0 0 -1
    outer loop
      vertex -78.2042 96.628 0
      vertex -49.7958 96.628 0
      vertex -78.0272 96.4728 0
    endloop
  endfacet
  facet normal 0 0 -1
    outer loop
      vertex -49.7958 96.628 0
      vertex -78.2042 96.628 0
      vertex -49.6 96.7588 0
    endloop
  endfacet
  facet normal 0 0 -1
    outer loop
      vertex -78.4 96.7588 0
      vertex -49.6 96.7588 0
      vertex -78.2042 96.628 0
    endloop
  endfacet
  facet normal 0 0 -1
    outer loop
      vertex -49.6 96.7588 0
      vertex -78.4 96.7588 0
      vertex -49.3888 96.863 0
    endloop
  endfacet
  facet normal 0 0 -1
    outer loop
      vertex -78.6112 96.863 0
      vertex -49.3888 96.863 0
      vertex -78.4 96.7588 0
    endloop
  endfacet
  facet normal 0 0 -1
    outer loop
      vertex -49.3888 96.863 0
      vertex -78.6112 96.863 0
      vertex -49.1659 96.9387 0
    endloop
  endfacet
  facet normal 0 0 -1
    outer loop
      vertex -78.8341 96.9387 0
      vertex -49.1659 96.9387 0
      vertex -78.6112 96.863 0
    endloop
  endfacet
  facet normal 0 0 -1
    outer loop
      vertex -79.0651 96.9846 0
      vertex -49.1659 96.9387 0
      vertex -78.8341 96.9387 0
    endloop
  endfacet
  facet normal 0 0 -1
    outer loop
      vertex -48.9349 96.9846 0
      vertex -79.0651 96.9846 0
      vertex -0.174999 109 0
    endloop
  endfacet
  facet normal 0 0 -1
    outer loop
      vertex -79.3 97 0
      vertex -0.174999 109 0
      vertex -79.0651 96.9846 0
    endloop
  endfacet
  facet normal 0 0 -1
    outer loop
      vertex -138 109 0
      vertex -79.3 97 0
      vertex -80.7 97 0
    endloop
  endfacet
  facet normal 0 0 -1
    outer loop
      vertex -138 109 0
      vertex -80.7 97 0
      vertex -80.9349 96.9846 0
    endloop
  endfacet
  facet normal 0 0 -1
    outer loop
      vertex -109.5 95.2 0
      vertex -82.5 95.2 0
      vertex -109.5 52.5 0
    endloop
  endfacet
  facet normal 0 0 -1
    outer loop
      vertex -82.5 95.2 0
      vertex -109.5 95.2 0
      vertex -82.4846 95.4349 0
    endloop
  endfacet
  facet normal 0 0 -1
    outer loop
      vertex -109.515 95.4349 0
      vertex -82.4846 95.4349 0
      vertex -109.5 95.2 0
    endloop
  endfacet
  facet normal 0 0 -1
    outer loop
      vertex -82.4846 95.4349 0
      vertex -109.515 95.4349 0
      vertex -82.4387 95.6659 0
    endloop
  endfacet
  facet normal 0 0 -1
    outer loop
      vertex -109.561 95.6659 0
      vertex -82.4387 95.6659 0
      vertex -109.515 95.4349 0
    endloop
  endfacet
  facet normal 0 0 -1
    outer loop
      vertex -82.4387 95.6659 0
      vertex -109.561 95.6659 0
      vertex -82.363 95.8888 0
    endloop
  endfacet
  facet normal 0 0 -1
    outer loop
      vertex -109.637 95.8888 0
      vertex -82.363 95.8888 0
      vertex -109.561 95.6659 0
    endloop
  endfacet
  facet normal 0 0 -1
    outer loop
      vertex -82.363 95.8888 0
      vertex -109.637 95.8888 0
      vertex -82.2588 96.1 0
    endloop
  endfacet
  facet normal 0 0 -1
    outer loop
      vertex -109.741 96.1 0
      vertex -82.2588 96.1 0
      vertex -109.637 95.8888 0
    endloop
  endfacet
  facet normal 0 0 -1
    outer loop
      vertex -82.2588 96.1 0
      vertex -109.741 96.1 0
      vertex -82.128 96.2958 0
    endloop
  endfacet
  facet normal 0 0 -1
    outer loop
      vertex -109.872 96.2958 0
      vertex -82.128 96.2958 0
      vertex -109.741 96.1 0
    endloop
  endfacet
  facet normal 0 0 -1
    outer loop
      vertex -82.128 96.2958 0
      vertex -109.872 96.2958 0
      vertex -81.9728 96.4728 0
    endloop
  endfacet
  facet normal 0 0 -1
    outer loop
      vertex -110.027 96.4728 0
      vertex -81.9728 96.4728 0
      vertex -109.872 96.2958 0
    endloop
  endfacet
  facet normal 0 0 -1
    outer loop
      vertex -81.9728 96.4728 0
      vertex -110.027 96.4728 0
      vertex -81.7958 96.628 0
    endloop
  endfacet
  facet normal 0 0 -1
    outer loop
      vertex -110.204 96.628 0
      vertex -81.7958 96.628 0
      vertex -110.027 96.4728 0
    endloop
  endfacet
  facet normal 0 0 -1
    outer loop
      vertex -81.7958 96.628 0
      vertex -110.204 96.628 0
      vertex -81.6 96.7588 0
    endloop
  endfacet
  facet normal 0 0 -1
    outer loop
      vertex -110.4 96.7588 0
      vertex -81.6 96.7588 0
      vertex -110.204 96.628 0
    endloop
  endfacet
  facet normal 0 0 -1
    outer loop
      vertex -81.6 96.7588 0
      vertex -110.4 96.7588 0
      vertex -81.3888 96.863 0
    endloop
  endfacet
  facet normal 0 0 -1
    outer loop
      vertex -110.611 96.863 0
      vertex -81.3888 96.863 0
      vertex -110.4 96.7588 0
    endloop
  endfacet
  facet normal 0 0 -1
    outer loop
      vertex -81.3888 96.863 0
      vertex -110.611 96.863 0
      vertex -81.1659 96.9387 0
    endloop
  endfacet
  facet normal 0 0 -1
    outer loop
      vertex -110.834 96.9387 0
      vertex -81.1659 96.9387 0
      vertex -110.611 96.863 0
    endloop
  endfacet
  facet normal 0 0 -1
    outer loop
      vertex -138 109 0
      vertex -81.1659 96.9387 0
      vertex -110.834 96.9387 0
    endloop
  endfacet
  facet normal 0 0 -1
    outer loop
      vertex -81.1659 96.9387 0
      vertex -138 109 0
      vertex -80.9349 96.9846 0
    endloop
  endfacet
  facet normal 0 0 -1
    outer loop
      vertex -138 109 0
      vertex -110.834 96.9387 0
      vertex -111.065 96.9846 0
    endloop
  endfacet
  facet normal 0 0 -1
    outer loop
      vertex -138 109 0
      vertex -111.065 96.9846 0
      vertex -111.3 97 0
    endloop
  endfacet
  facet normal 0 0 -1
    outer loop
      vertex -138 109 0
      vertex -111.3 97 0
      vertex -112.7 97 0
    endloop
  endfacet
  facet normal 0 0 -1
    outer loop
      vertex -138 109 0
      vertex -112.7 97 0
      vertex -112.935 96.9846 0
    endloop
  endfacet
  facet normal 0 0 -1
    outer loop
      vertex -146 101 0
      vertex -114.5 95.2 0
      vertex -132.2 52.5 0
    endloop
  endfacet
  facet normal 0 -0 -1
    outer loop
      vertex -138 109 0
      vertex -114.5 95.2 0
      vertex -146 101 0
    endloop
  endfacet
  facet normal 0 0 -1
    outer loop
      vertex -114.5 95.2 0
      vertex -138 109 0
      vertex -114.485 95.4349 0
    endloop
  endfacet
  facet normal 0 0 -1
    outer loop
      vertex -146 101 0
      vertex -132.2 52.5 0
      vertex -132.435 52.4846 0
    endloop
  endfacet
  facet normal 0 0 -1
    outer loop
      vertex -146 101 0
      vertex -132.435 52.4846 0
      vertex -132.666 52.4387 0
    endloop
  endfacet
  facet normal 0 0 -1
    outer loop
      vertex -146 101 0
      vertex -132.666 52.4387 0
      vertex -132.889 52.363 0
    endloop
  endfacet
  facet normal 0 0 -1
    outer loop
      vertex -146 101 0
      vertex -132.889 52.363 0
      vertex -133.1 52.2588 0
    endloop
  endfacet
  facet normal 0 0 -1
    outer loop
      vertex -146 101 0
      vertex -133.1 52.2588 0
      vertex -133.296 52.128 0
    endloop
  endfacet
  facet normal 0 0 -1
    outer loop
      vertex -146 101 0
      vertex -133.296 52.128 0
      vertex -133.473 51.9728 0
    endloop
  endfacet
  facet normal 0 0 -1
    outer loop
      vertex -146 101 0
      vertex -133.473 51.9728 0
      vertex -133.628 51.7958 0
    endloop
  endfacet
  facet normal 0 0 -1
    outer loop
      vertex -146 101 0
      vertex -133.628 51.7958 0
      vertex -133.759 51.6 0
    endloop
  endfacet
  facet normal 0 0 -1
    outer loop
      vertex -146 101 0
      vertex -133.759 51.6 0
      vertex -133.863 51.3888 0
    endloop
  endfacet
  facet normal 0 0 -1
    outer loop
      vertex -79.3 97 0
      vertex -138 109 0
      vertex -0.174999 109 0
    endloop
  endfacet
  facet normal 0 0 -1
    outer loop
      vertex -113.166 96.9387 0
      vertex -138 109 0
      vertex -112.935 96.9846 0
    endloop
  endfacet
  facet normal 0 0 -1
    outer loop
      vertex -113.389 96.863 0
      vertex -138 109 0
      vertex -113.166 96.9387 0
    endloop
  endfacet
  facet normal 0 0 -1
    outer loop
      vertex -113.6 96.7588 0
      vertex -138 109 0
      vertex -113.389 96.863 0
    endloop
  endfacet
  facet normal 0 0 -1
    outer loop
      vertex -113.796 96.628 0
      vertex -138 109 0
      vertex -113.6 96.7588 0
    endloop
  endfacet
  facet normal 0 0 -1
    outer loop
      vertex -113.973 96.4728 0
      vertex -138 109 0
      vertex -113.796 96.628 0
    endloop
  endfacet
  facet normal 0 0 -1
    outer loop
      vertex -114.128 96.2958 0
      vertex -138 109 0
      vertex -113.973 96.4728 0
    endloop
  endfacet
  facet normal 0 0 -1
    outer loop
      vertex -114.259 96.1 0
      vertex -138 109 0
      vertex -114.128 96.2958 0
    endloop
  endfacet
  facet normal 0 0 -1
    outer loop
      vertex -114.363 95.8888 0
      vertex -138 109 0
      vertex -114.259 96.1 0
    endloop
  endfacet
  facet normal 0 0 -1
    outer loop
      vertex -114.485 95.4349 0
      vertex -138 109 0
      vertex -114.439 95.6659 0
    endloop
  endfacet
  facet normal 0 0 -1
    outer loop
      vertex -146 101 0
      vertex -133.863 51.3888 0
      vertex -133.939 51.1659 0
    endloop
  endfacet
  facet normal 0 0 -1
    outer loop
      vertex -146 101 0
      vertex -133.939 51.1659 0
      vertex -133.985 50.9349 0
    endloop
  endfacet
  facet normal 0 0 -1
    outer loop
      vertex -146 101 0
      vertex -133.985 50.9349 0
      vertex -134 50.7 0
    endloop
  endfacet
  facet normal 0 0 -1
    outer loop
      vertex -114.5 0.174999 0
      vertex -132.2 15.5 0
      vertex -114.5 15.5 0
    endloop
  endfacet
  facet normal 0 0 -1
    outer loop
      vertex -146 0.174999 0
      vertex -132.2 15.5 0
      vertex -114.5 0.174999 0
    endloop
  endfacet
  facet normal -0 0 -1
    outer loop
      vertex -132.2 15.5 0
      vertex -146 0.174999 0
      vertex -132.435 15.5154 0
    endloop
  endfacet
  facet normal -0 0 -1
    outer loop
      vertex -132.435 15.5154 0
      vertex -146 0.174999 0
      vertex -132.666 15.5613 0
    endloop
  endfacet
  facet normal -0 0 -1
    outer loop
      vertex -132.666 15.5613 0
      vertex -146 0.174999 0
      vertex -132.889 15.637 0
    endloop
  endfacet
  facet normal -0 0 -1
    outer loop
      vertex -132.889 15.637 0
      vertex -146 0.174999 0
      vertex -133.1 15.7412 0
    endloop
  endfacet
  facet normal 0 0 -1
    outer loop
      vertex -146 0.174999 0
      vertex -134 18.7 0
      vertex -134 17.3 0
    endloop
  endfacet
  facet normal -0 0 -1
    outer loop
      vertex -134 18.7 0
      vertex -146 0.174999 0
      vertex -134 49.3 0
    endloop
  endfacet
  facet normal -0 0 -1
    outer loop
      vertex -134 49.3 0
      vertex -146 0.174999 0
      vertex -134 50.7 0
    endloop
  endfacet
  facet normal 0 0 -1
    outer loop
      vertex -114.439 95.6659 0
      vertex -138 109 0
      vertex -114.363 95.8888 0
    endloop
  endfacet
  facet normal 0 0 -1
    outer loop
      vertex -138 109 0
      vertex -146 101 0
      vertex -139.044 108.932 0
    endloop
  endfacet
  facet normal 0 0 -1
    outer loop
      vertex -146 0.174999 0
      vertex -134 17.3 0
      vertex -133.985 17.0651 0
    endloop
  endfacet
  facet normal 0 0 -1
    outer loop
      vertex -139.044 108.932 0
      vertex -146 101 0
      vertex -140.071 108.727 0
    endloop
  endfacet
  facet normal 0 0 -1
    outer loop
      vertex -140.071 108.727 0
      vertex -146 101 0
      vertex -141.061 108.391 0
    endloop
  endfacet
  facet normal 0 0 -1
    outer loop
      vertex -141.061 108.391 0
      vertex -146 101 0
      vertex -142 107.928 0
    endloop
  endfacet
  facet normal 0 0 -1
    outer loop
      vertex -142 107.928 0
      vertex -146 101 0
      vertex -142.87 107.347 0
    endloop
  endfacet
  facet normal 0 0 -1
    outer loop
      vertex -142.87 107.347 0
      vertex -146 101 0
      vertex -143.657 106.657 0
    endloop
  endfacet
  facet normal 0 0 -1
    outer loop
      vertex -143.657 106.657 0
      vertex -146 101 0
      vertex -144.347 105.87 0
    endloop
  endfacet
  facet normal 0 0 -1
    outer loop
      vertex -144.347 105.87 0
      vertex -146 101 0
      vertex -144.928 105 0
    endloop
  endfacet
  facet normal 0 0 -1
    outer loop
      vertex -144.928 105 0
      vertex -146 101 0
      vertex -145.391 104.061 0
    endloop
  endfacet
  facet normal 0 0 -1
    outer loop
      vertex -145.391 104.061 0
      vertex -146 101 0
      vertex -145.727 103.071 0
    endloop
  endfacet
  facet normal -0 0 -1
    outer loop
      vertex -133.1 15.7412 0
      vertex -146 0.174999 0
      vertex -133.296 15.872 0
    endloop
  endfacet
  facet normal 0 0 -1
    outer loop
      vertex -146 0.174999 0
      vertex -133.473 16.0272 0
      vertex -133.296 15.872 0
    endloop
  endfacet
  facet normal 0 0 -1
    outer loop
      vertex -146 0.174999 0
      vertex -133.628 16.2042 0
      vertex -133.473 16.0272 0
    endloop
  endfacet
  facet normal 0 0 -1
    outer loop
      vertex -146 0.174999 0
      vertex -133.759 16.4 0
      vertex -133.628 16.2042 0
    endloop
  endfacet
  facet normal 0 0 -1
    outer loop
      vertex -146 0.174999 0
      vertex -133.863 16.6112 0
      vertex -133.759 16.4 0
    endloop
  endfacet
  facet normal 0 0 -1
    outer loop
      vertex -146 0.174999 0
      vertex -133.939 16.8341 0
      vertex -133.863 16.6112 0
    endloop
  endfacet
  facet normal 0 0 -1
    outer loop
      vertex -146 0.174999 0
      vertex -133.985 17.0651 0
      vertex -133.939 16.8341 0
    endloop
  endfacet
  facet normal -0 0 -1
    outer loop
      vertex -134 50.7 0
      vertex -146 0.174999 0
      vertex -146 101 0
    endloop
  endfacet
  facet normal 0 0 -1
    outer loop
      vertex -145.727 103.071 0
      vertex -146 101 0
      vertex -145.932 102.044 0
    endloop
  endfacet
  facet normal 0 0 -1
    outer loop
      vertex -132.2 20.5 0
      vertex -114.5 47.5 0
      vertex -114.5 20.5 0
    endloop
  endfacet
  facet normal 0 0 -1
    outer loop
      vertex -132.2 20.5 0
      vertex -132.2 47.5 0
      vertex -114.5 47.5 0
    endloop
  endfacet
  facet normal 0 0 -1
    outer loop
      vertex -132.435 20.4846 0
      vertex -132.2 47.5 0
      vertex -132.2 20.5 0
    endloop
  endfacet
  facet normal 0 0 -1
    outer loop
      vertex -132.435 20.4846 0
      vertex -132.435 47.5154 0
      vertex -132.2 47.5 0
    endloop
  endfacet
  facet normal 0 0 -1
    outer loop
      vertex -132.666 20.4387 0
      vertex -132.435 47.5154 0
      vertex -132.435 20.4846 0
    endloop
  endfacet
  facet normal 0 0 -1
    outer loop
      vertex -132.666 20.4387 0
      vertex -132.666 47.5613 0
      vertex -132.435 47.5154 0
    endloop
  endfacet
  facet normal 0 0 -1
    outer loop
      vertex -132.889 20.363 0
      vertex -132.666 47.5613 0
      vertex -132.666 20.4387 0
    endloop
  endfacet
  facet normal 0 0 -1
    outer loop
      vertex -132.889 20.363 0
      vertex -132.889 47.637 0
      vertex -132.666 47.5613 0
    endloop
  endfacet
  facet normal 0 0 -1
    outer loop
      vertex -133.1 20.2588 0
      vertex -132.889 47.637 0
      vertex -132.889 20.363 0
    endloop
  endfacet
  facet normal 0 0 -1
    outer loop
      vertex -133.1 20.2588 0
      vertex -133.1 47.7412 0
      vertex -132.889 47.637 0
    endloop
  endfacet
  facet normal 0 0 -1
    outer loop
      vertex -133.296 20.128 0
      vertex -133.1 47.7412 0
      vertex -133.1 20.2588 0
    endloop
  endfacet
  facet normal 0 0 -1
    outer loop
      vertex -133.296 20.128 0
      vertex -133.296 47.872 0
      vertex -133.1 47.7412 0
    endloop
  endfacet
  facet normal 0 0 -1
    outer loop
      vertex -133.473 19.9728 0
      vertex -133.296 47.872 0
      vertex -133.296 20.128 0
    endloop
  endfacet
  facet normal 0 0 -1
    outer loop
      vertex -133.473 19.9728 0
      vertex -133.473 48.0272 0
      vertex -133.296 47.872 0
    endloop
  endfacet
  facet normal 0 0 -1
    outer loop
      vertex -133.628 19.7958 0
      vertex -133.473 48.0272 0
      vertex -133.473 19.9728 0
    endloop
  endfacet
  facet normal 0 0 -1
    outer loop
      vertex -133.628 19.7958 0
      vertex -133.628 48.2042 0
      vertex -133.473 48.0272 0
    endloop
  endfacet
  facet normal 0 0 -1
    outer loop
      vertex -133.759 19.6 0
      vertex -133.628 48.2042 0
      vertex -133.628 19.7958 0
    endloop
  endfacet
  facet normal 0 0 -1
    outer loop
      vertex -133.759 19.6 0
      vertex -133.759 48.4 0
      vertex -133.628 48.2042 0
    endloop
  endfacet
  facet normal 0 0 -1
    outer loop
      vertex -133.863 19.3888 0
      vertex -133.759 48.4 0
      vertex -133.759 19.6 0
    endloop
  endfacet
  facet normal 0 0 -1
    outer loop
      vertex -133.863 19.3888 0
      vertex -133.863 48.6112 0
      vertex -133.759 48.4 0
    endloop
  endfacet
  facet normal 0 0 -1
    outer loop
      vertex -133.939 19.1659 0
      vertex -133.863 48.6112 0
      vertex -133.863 19.3888 0
    endloop
  endfacet
  facet normal 0 0 -1
    outer loop
      vertex -133.939 19.1659 0
      vertex -133.939 48.8341 0
      vertex -133.863 48.6112 0
    endloop
  endfacet
  facet normal 0 0 -1
    outer loop
      vertex -133.985 18.9349 0
      vertex -133.939 48.8341 0
      vertex -133.939 19.1659 0
    endloop
  endfacet
  facet normal 0 0 -1
    outer loop
      vertex -133.985 18.9349 0
      vertex -133.985 49.0651 0
      vertex -133.939 48.8341 0
    endloop
  endfacet
  facet normal 0 0 -1
    outer loop
      vertex -134 18.7 0
      vertex -133.985 49.0651 0
      vertex -133.985 18.9349 0
    endloop
  endfacet
  facet normal -0 0 -1
    outer loop
      vertex -133.985 49.0651 0
      vertex -134 18.7 0
      vertex -134 49.3 0
    endloop
  endfacet
  facet normal 0 0 -1
    outer loop
      vertex -109.5 20.5 0
      vertex -82.5 47.5 0
      vertex -82.5 20.5 0
    endloop
  endfacet
  facet normal -0 0 -1
    outer loop
      vertex -82.5 47.5 0
      vertex -109.5 20.5 0
      vertex -109.5 47.5 0
    endloop
  endfacet
  facet normal 0 0 -1
    outer loop
      vertex -77.5 20.5 0
      vertex -50.5 47.5 0
      vertex -50.5 20.5 0
    endloop
  endfacet
  facet normal -0 0 -1
    outer loop
      vertex -50.5 47.5 0
      vertex -77.5 20.5 0
      vertex -77.5 47.5 0
    endloop
  endfacet
  facet normal 0 0 -1
    outer loop
      vertex -45.5 20.5 0
      vertex -18.5 47.5 0
      vertex -18.5 20.5 0
    endloop
  endfacet
  facet normal -0 0 -1
    outer loop
      vertex -18.5 47.5 0
      vertex -45.5 20.5 0
      vertex -45.5 47.5 0
    endloop
  endfacet
  facet normal 0 0 -1
    outer loop
      vertex -13.5 20.5 0
      vertex -0.174999 47.5 0
      vertex -0.174999 20.5 0
    endloop
  endfacet
  facet normal -0 0 -1
    outer loop
      vertex -0.174999 47.5 0
      vertex -13.5 20.5 0
      vertex -13.5 47.5 0
    endloop
  endfacet
  facet normal 0 0 -1
    outer loop
      vertex -109.5 0.174999 0
      vertex -82.5 15.5 0
      vertex -82.5 0.174999 0
    endloop
  endfacet
  facet normal -0 0 -1
    outer loop
      vertex -82.5 15.5 0
      vertex -109.5 0.174999 0
      vertex -109.5 15.5 0
    endloop
  endfacet
  facet normal 0 0 -1
    outer loop
      vertex -77.5 0.174999 0
      vertex -50.5 15.5 0
      vertex -50.5 0.174999 0
    endloop
  endfacet
  facet normal -0 0 -1
    outer loop
      vertex -50.5 15.5 0
      vertex -77.5 0.174999 0
      vertex -77.5 15.5 0
    endloop
  endfacet
  facet normal 0 0 -1
    outer loop
      vertex -45.5 0.174999 0
      vertex -18.5 15.5 0
      vertex -18.5 0.174999 0
    endloop
  endfacet
  facet normal -0 0 -1
    outer loop
      vertex -18.5 15.5 0
      vertex -45.5 0.174999 0
      vertex -45.5 15.5 0
    endloop
  endfacet
  facet normal 0 0 -1
    outer loop
      vertex -13.5 0.174999 0
      vertex -0.174999 15.5 0
      vertex -0.174999 0.174999 0
    endloop
  endfacet
  facet normal -0 0 -1
    outer loop
      vertex -0.174999 15.5 0
      vertex -13.5 0.174999 0
      vertex -13.5 15.5 0
    endloop
  endfacet
  facet normal 0 0 -1
    outer loop
      vertex 0.174999 52.5 0
      vertex 1 109 0
      vertex 1 52.5 0
    endloop
  endfacet
  facet normal -0 0 -1
    outer loop
      vertex 1 109 0
      vertex 0.174999 52.5 0
      vertex 0.174999 109 0
    endloop
  endfacet
  facet normal 0 0 -1
    outer loop
      vertex 0.174999 20.5 0
      vertex 1 47.5 0
      vertex 1 20.5 0
    endloop
  endfacet
  facet normal -0 0 -1
    outer loop
      vertex 1 47.5 0
      vertex 0.174999 20.5 0
      vertex 0.174999 47.5 0
    endloop
  endfacet
  facet normal 0 0 -1
    outer loop
      vertex 0.174999 0.174999 0
      vertex 1 15.5 0
      vertex 1 0.174999 0
    endloop
  endfacet
  facet normal -0 0 -1
    outer loop
      vertex 1 15.5 0
      vertex 0.174999 0.174999 0
      vertex 0.174999 15.5 0
    endloop
  endfacet
  facet normal 0 0 -1
    outer loop
      vertex -146 -1 0
      vertex -114.5 -0.174999 0
      vertex -114.5 -1 0
    endloop
  endfacet
  facet normal -0 0 -1
    outer loop
      vertex -114.5 -0.174999 0
      vertex -146 -1 0
      vertex -146 -0.174999 0
    endloop
  endfacet
  facet normal 0 0 -1
    outer loop
      vertex -109.5 -1 0
      vertex -82.5 -0.174999 0
      vertex -82.5 -1 0
    endloop
  endfacet
  facet normal -0 0 -1
    outer loop
      vertex -82.5 -0.174999 0
      vertex -109.5 -1 0
      vertex -109.5 -0.174999 0
    endloop
  endfacet
  facet normal 0 0 -1
    outer loop
      vertex -77.5 -1 0
      vertex -50.5 -0.174999 0
      vertex -50.5 -1 0
    endloop
  endfacet
  facet normal -0 0 -1
    outer loop
      vertex -50.5 -0.174999 0
      vertex -77.5 -1 0
      vertex -77.5 -0.174999 0
    endloop
  endfacet
  facet normal 0 0 -1
    outer loop
      vertex -45.5 -1 0
      vertex -18.5 -0.174999 0
      vertex -18.5 -1 0
    endloop
  endfacet
  facet normal -0 0 -1
    outer loop
      vertex -18.5 -0.174999 0
      vertex -45.5 -1 0
      vertex -45.5 -0.174999 0
    endloop
  endfacet
  facet normal 0 0 -1
    outer loop
      vertex -13.5 -1 0
      vertex -0.174999 -0.174999 0
      vertex -0.174999 -1 0
    endloop
  endfacet
  facet normal -0 0 -1
    outer loop
      vertex -0.174999 -0.174999 0
      vertex -13.5 -1 0
      vertex -13.5 -0.174999 0
    endloop
  endfacet
  facet normal 0 0 -1
    outer loop
      vertex 0.174999 -1 0
      vertex 1 -0.174999 0
      vertex 1 -1 0
    endloop
  endfacet
  facet normal -0 0 -1
    outer loop
      vertex 1 -0.174999 0
      vertex 0.174999 -1 0
      vertex 0.174999 -0.174999 0
    endloop
  endfacet
  facet normal -0.980744 0.1953 4.72618e-19
    outer loop
      vertex -114.485 95.4349 -3
      vertex -114.439 95.6659 0
      vertex -114.439 95.6659 -3
    endloop
  endfacet
  facet normal -0.980744 0.1953 4.72618e-19
    outer loop
      vertex -114.439 95.6659 0
      vertex -114.485 95.4349 -3
      vertex -114.485 95.4349 0
    endloop
  endfacet
  facet normal -1 0 0
    outer loop
      vertex -82.5 52.5 -3
      vertex -82.5 95.2 0
      vertex -82.5 95.2 -3
    endloop
  endfacet
  facet normal -1 -0 0
    outer loop
      vertex -82.5 95.2 0
      vertex -82.5 52.5 -3
      vertex -82.5 52.5 0
    endloop
  endfacet
  facet normal -1 0 0
    outer loop
      vertex -82.5 20.5 -3
      vertex -82.5 47.5 0
      vertex -82.5 47.5 -3
    endloop
  endfacet
  facet normal -1 -0 0
    outer loop
      vertex -82.5 47.5 0
      vertex -82.5 20.5 -3
      vertex -82.5 20.5 0
    endloop
  endfacet
  facet normal -1 0 0
    outer loop
      vertex -82.5 0.174999 -3
      vertex -82.5 15.5 0
      vertex -82.5 15.5 -3
    endloop
  endfacet
  facet normal -1 -0 0
    outer loop
      vertex -82.5 15.5 0
      vertex -82.5 0.174999 -3
      vertex -82.5 0.174999 0
    endloop
  endfacet
  facet normal -1 0 0
    outer loop
      vertex -82.5 -1 -3
      vertex -82.5 -0.174999 0
      vertex -82.5 -0.174999 -3
    endloop
  endfacet
  facet normal -1 -0 0
    outer loop
      vertex -82.5 -0.174999 0
      vertex -82.5 -1 -3
      vertex -82.5 -1 0
    endloop
  endfacet
  facet normal 1 -0 0
    outer loop
      vertex -77.5 52.5 0
      vertex -77.5 95.2 -3
      vertex -77.5 95.2 0
    endloop
  endfacet
  facet normal 1 0 0
    outer loop
      vertex -77.5 95.2 -3
      vertex -77.5 52.5 0
      vertex -77.5 52.5 -3
    endloop
  endfacet
  facet normal 1 -0 0
    outer loop
      vertex -77.5 20.5 0
      vertex -77.5 47.5 -3
      vertex -77.5 47.5 0
    endloop
  endfacet
  facet normal 1 0 0
    outer loop
      vertex -77.5 47.5 -3
      vertex -77.5 20.5 0
      vertex -77.5 20.5 -3
    endloop
  endfacet
  facet normal 1 -0 0
    outer loop
      vertex -77.5 0.174999 0
      vertex -77.5 15.5 -3
      vertex -77.5 15.5 0
    endloop
  endfacet
  facet normal 1 0 0
    outer loop
      vertex -77.5 15.5 -3
      vertex -77.5 0.174999 0
      vertex -77.5 0.174999 -3
    endloop
  endfacet
  facet normal 1 -0 0
    outer loop
      vertex -77.5 -1 0
      vertex -77.5 -0.174999 -3
      vertex -77.5 -0.174999 0
    endloop
  endfacet
  facet normal 1 0 0
    outer loop
      vertex -77.5 -0.174999 -3
      vertex -77.5 -1 0
      vertex -77.5 -1 -3
    endloop
  endfacet
  facet normal 0.997858 0.0654194 -1.28467e-19
    outer loop
      vertex -77.5 95.2 0
      vertex -77.5154 95.4349 -3
      vertex -77.5154 95.4349 0
    endloop
  endfacet
  facet normal 0.997858 0.0654194 -1.28467e-19
    outer loop
      vertex -77.5154 95.4349 -3
      vertex -77.5 95.2 0
      vertex -77.5 95.2 -3
    endloop
  endfacet
  facet normal -0.997858 0.0654194 1.28467e-19
    outer loop
      vertex -82.5 95.2 -3
      vertex -82.4846 95.4349 0
      vertex -82.4846 95.4349 -3
    endloop
  endfacet
  facet normal -0.997858 0.0654194 1.28467e-19
    outer loop
      vertex -82.4846 95.4349 0
      vertex -82.5 95.2 -3
      vertex -82.5 95.2 0
    endloop
  endfacet
  facet normal -0.194891 0.980825 0
    outer loop
      vertex -80.9349 96.9846 -3
      vertex -81.1659 96.9387 0
      vertex -80.9349 96.9846 0
    endloop
  endfacet
  facet normal -0.194891 0.980825 0
    outer loop
      vertex -81.1659 96.9387 0
      vertex -80.9349 96.9846 -3
      vertex -81.1659 96.9387 -3
    endloop
  endfacet
  facet normal 0.659286 0.751892 -0
    outer loop
      vertex -78.0272 96.4728 -3
      vertex -78.2042 96.628 0
      vertex -78.0272 96.4728 0
    endloop
  endfacet
  facet normal 0.659286 0.751892 0
    outer loop
      vertex -78.2042 96.628 0
      vertex -78.0272 96.4728 -3
      vertex -78.2042 96.628 -3
    endloop
  endfacet
  facet normal 0.194891 0.980825 -0
    outer loop
      vertex -78.8341 96.9387 -3
      vertex -79.0651 96.9846 0
      vertex -78.8341 96.9387 0
    endloop
  endfacet
  facet normal 0.194891 0.980825 0
    outer loop
      vertex -79.0651 96.9846 0
      vertex -78.8341 96.9387 -3
      vertex -79.0651 96.9846 -3
    endloop
  endfacet
  facet normal 0.442452 0.896792 -0
    outer loop
      vertex -78.4 96.7588 -3
      vertex -78.6112 96.863 0
      vertex -78.4 96.7588 0
    endloop
  endfacet
  facet normal 0.442452 0.896792 0
    outer loop
      vertex -78.6112 96.863 0
      vertex -78.4 96.7588 -3
      vertex -78.6112 96.863 -3
    endloop
  endfacet
  facet normal -0.0654194 0.997858 0
    outer loop
      vertex -80.7 97 -3
      vertex -80.9349 96.9846 0
      vertex -80.7 97 0
    endloop
  endfacet
  facet normal -0.0654194 0.997858 0
    outer loop
      vertex -80.9349 96.9846 0
      vertex -80.7 97 -3
      vertex -80.9349 96.9846 -3
    endloop
  endfacet
  facet normal 0.946884 0.321575 2.39613e-18
    outer loop
      vertex -77.5613 95.6659 0
      vertex -77.637 95.8888 -3
      vertex -77.637 95.8888 0
    endloop
  endfacet
  facet normal 0.946884 0.321575 2.39613e-18
    outer loop
      vertex -77.637 95.8888 -3
      vertex -77.5613 95.6659 0
      vertex -77.5613 95.6659 -3
    endloop
  endfacet
  facet normal -0.555484 0.831527 0
    outer loop
      vertex -81.6 96.7588 -3
      vertex -81.7958 96.628 0
      vertex -81.6 96.7588 0
    endloop
  endfacet
  facet normal -0.555484 0.831527 0
    outer loop
      vertex -81.7958 96.628 0
      vertex -81.6 96.7588 -3
      vertex -81.7958 96.628 -3
    endloop
  endfacet
  facet normal 0.980825 0.194891 -9.11091e-19
    outer loop
      vertex -77.5154 95.4349 0
      vertex -77.5613 95.6659 -3
      vertex -77.5613 95.6659 0
    endloop
  endfacet
  facet normal 0.980825 0.194891 -9.11091e-19
    outer loop
      vertex -77.5613 95.6659 -3
      vertex -77.5154 95.4349 0
      vertex -77.5154 95.4349 -3
    endloop
  endfacet
  facet normal 0.831527 0.555484 -1.47657e-18
    outer loop
      vertex -77.7412 96.1 0
      vertex -77.872 96.2958 -3
      vertex -77.872 96.2958 0
    endloop
  endfacet
  facet normal 0.831527 0.555484 -1.47657e-18
    outer loop
      vertex -77.872 96.2958 -3
      vertex -77.7412 96.1 0
      vertex -77.7412 96.1 -3
    endloop
  endfacet
  facet normal -0.321575 0.946884 0
    outer loop
      vertex -81.1659 96.9387 -3
      vertex -81.3888 96.863 0
      vertex -81.1659 96.9387 0
    endloop
  endfacet
  facet normal -0.321575 0.946884 0
    outer loop
      vertex -81.3888 96.863 0
      vertex -81.1659 96.9387 -3
      vertex -81.3888 96.863 -3
    endloop
  endfacet
  facet normal 0.896792 0.442452 -1.71539e-18
    outer loop
      vertex -77.637 95.8888 0
      vertex -77.7412 96.1 -3
      vertex -77.7412 96.1 0
    endloop
  endfacet
  facet normal 0.896792 0.442452 -1.71539e-18
    outer loop
      vertex -77.7412 96.1 -3
      vertex -77.637 95.8888 0
      vertex -77.637 95.8888 -3
    endloop
  endfacet
  facet normal -0.896792 0.442452 1.71539e-18
    outer loop
      vertex -82.363 95.8888 -3
      vertex -82.2588 96.1 0
      vertex -82.2588 96.1 -3
    endloop
  endfacet
  facet normal -0.896792 0.442452 1.71539e-18
    outer loop
      vertex -82.2588 96.1 0
      vertex -82.363 95.8888 -3
      vertex -82.363 95.8888 0
    endloop
  endfacet
  facet normal 0.0654194 0.997858 -0
    outer loop
      vertex -79.0651 96.9846 -3
      vertex -79.3 97 0
      vertex -79.0651 96.9846 0
    endloop
  endfacet
  facet normal 0.0654194 0.997858 0
    outer loop
      vertex -79.3 97 0
      vertex -79.0651 96.9846 -3
      vertex -79.3 97 -3
    endloop
  endfacet
  facet normal -0.442452 0.896792 0
    outer loop
      vertex -81.3888 96.863 -3
      vertex -81.6 96.7588 0
      vertex -81.3888 96.863 0
    endloop
  endfacet
  facet normal -0.442452 0.896792 0
    outer loop
      vertex -81.6 96.7588 0
      vertex -81.3888 96.863 -3
      vertex -81.6 96.7588 -3
    endloop
  endfacet
  facet normal 0.555484 0.831527 -0
    outer loop
      vertex -78.2042 96.628 -3
      vertex -78.4 96.7588 0
      vertex -78.2042 96.628 0
    endloop
  endfacet
  facet normal 0.555484 0.831527 0
    outer loop
      vertex -78.4 96.7588 0
      vertex -78.2042 96.628 -3
      vertex -78.4 96.7588 -3
    endloop
  endfacet
  facet normal -0.751892 0.659286 3.24349e-19
    outer loop
      vertex -82.128 96.2958 -3
      vertex -81.9728 96.4728 0
      vertex -81.9728 96.4728 -3
    endloop
  endfacet
  facet normal -0.751892 0.659286 3.24349e-19
    outer loop
      vertex -81.9728 96.4728 0
      vertex -82.128 96.2958 -3
      vertex -82.128 96.2958 0
    endloop
  endfacet
  facet normal 0.321575 0.946884 -0
    outer loop
      vertex -78.6112 96.863 -3
      vertex -78.8341 96.9387 0
      vertex -78.6112 96.863 0
    endloop
  endfacet
  facet normal 0.321575 0.946884 0
    outer loop
      vertex -78.8341 96.9387 0
      vertex -78.6112 96.863 -3
      vertex -78.8341 96.9387 -3
    endloop
  endfacet
  facet normal 0 1 -0
    outer loop
      vertex -79.3 97 -3
      vertex -80.7 97 0
      vertex -79.3 97 0
    endloop
  endfacet
  facet normal 0 1 0
    outer loop
      vertex -80.7 97 0
      vertex -79.3 97 -3
      vertex -80.7 97 -3
    endloop
  endfacet
  facet normal 0.751892 0.659286 -3.24349e-19
    outer loop
      vertex -77.872 96.2958 0
      vertex -78.0272 96.4728 -3
      vertex -78.0272 96.4728 0
    endloop
  endfacet
  facet normal 0.751892 0.659286 -3.24349e-19
    outer loop
      vertex -78.0272 96.4728 -3
      vertex -77.872 96.2958 0
      vertex -77.872 96.2958 -3
    endloop
  endfacet
  facet normal -0.946884 0.321575 -2.39613e-18
    outer loop
      vertex -82.4387 95.6659 -3
      vertex -82.363 95.8888 0
      vertex -82.363 95.8888 -3
    endloop
  endfacet
  facet normal -0.946884 0.321575 -2.39613e-18
    outer loop
      vertex -82.363 95.8888 0
      vertex -82.4387 95.6659 -3
      vertex -82.4387 95.6659 0
    endloop
  endfacet
  facet normal -0.659286 0.751892 0
    outer loop
      vertex -81.7958 96.628 -3
      vertex -81.9728 96.4728 0
      vertex -81.7958 96.628 0
    endloop
  endfacet
  facet normal -0.659286 0.751892 0
    outer loop
      vertex -81.9728 96.4728 0
      vertex -81.7958 96.628 -3
      vertex -81.9728 96.4728 -3
    endloop
  endfacet
  facet normal -0.980825 0.194891 9.11091e-19
    outer loop
      vertex -82.4846 95.4349 -3
      vertex -82.4387 95.6659 0
      vertex -82.4387 95.6659 -3
    endloop
  endfacet
  facet normal -0.980825 0.194891 9.11091e-19
    outer loop
      vertex -82.4387 95.6659 0
      vertex -82.4846 95.4349 -3
      vertex -82.4846 95.4349 0
    endloop
  endfacet
  facet normal -0.831527 0.555484 1.47657e-18
    outer loop
      vertex -82.2588 96.1 -3
      vertex -82.128 96.2958 0
      vertex -82.128 96.2958 -3
    endloop
  endfacet
  facet normal -0.831527 0.555484 1.47657e-18
    outer loop
      vertex -82.128 96.2958 0
      vertex -82.2588 96.1 -3
      vertex -82.2588 96.1 0
    endloop
  endfacet
  facet normal -1 0 0
    outer loop
      vertex -50.5 52.5 -3
      vertex -50.5 95.2 0
      vertex -50.5 95.2 -3
    endloop
  endfacet
  facet normal -1 -0 0
    outer loop
      vertex -50.5 95.2 0
      vertex -50.5 52.5 -3
      vertex -50.5 52.5 0
    endloop
  endfacet
  facet normal -1 0 0
    outer loop
      vertex -50.5 20.5 -3
      vertex -50.5 47.5 0
      vertex -50.5 47.5 -3
    endloop
  endfacet
  facet normal -1 -0 0
    outer loop
      vertex -50.5 47.5 0
      vertex -50.5 20.5 -3
      vertex -50.5 20.5 0
    endloop
  endfacet
  facet normal -1 0 0
    outer loop
      vertex -50.5 0.174999 -3
      vertex -50.5 15.5 0
      vertex -50.5 15.5 -3
    endloop
  endfacet
  facet normal -1 -0 0
    outer loop
      vertex -50.5 15.5 0
      vertex -50.5 0.174999 -3
      vertex -50.5 0.174999 0
    endloop
  endfacet
  facet normal -1 0 0
    outer loop
      vertex -50.5 -1 -3
      vertex -50.5 -0.174999 0
      vertex -50.5 -0.174999 -3
    endloop
  endfacet
  facet normal -1 -0 0
    outer loop
      vertex -50.5 -0.174999 0
      vertex -50.5 -1 -3
      vertex -50.5 -1 0
    endloop
  endfacet
  facet normal 1 -0 0
    outer loop
      vertex -45.5 52.5 0
      vertex -45.5 95.2 -3
      vertex -45.5 95.2 0
    endloop
  endfacet
  facet normal 1 0 0
    outer loop
      vertex -45.5 95.2 -3
      vertex -45.5 52.5 0
      vertex -45.5 52.5 -3
    endloop
  endfacet
  facet normal 1 -0 0
    outer loop
      vertex -45.5 20.5 0
      vertex -45.5 47.5 -3
      vertex -45.5 47.5 0
    endloop
  endfacet
  facet normal 1 0 0
    outer loop
      vertex -45.5 47.5 -3
      vertex -45.5 20.5 0
      vertex -45.5 20.5 -3
    endloop
  endfacet
  facet normal 1 -0 0
    outer loop
      vertex -45.5 0.174999 0
      vertex -45.5 15.5 -3
      vertex -45.5 15.5 0
    endloop
  endfacet
  facet normal 1 0 0
    outer loop
      vertex -45.5 15.5 -3
      vertex -45.5 0.174999 0
      vertex -45.5 0.174999 -3
    endloop
  endfacet
  facet normal 1 -0 0
    outer loop
      vertex -45.5 -1 0
      vertex -45.5 -0.174999 -3
      vertex -45.5 -0.174999 0
    endloop
  endfacet
  facet normal 1 0 0
    outer loop
      vertex -45.5 -0.174999 -3
      vertex -45.5 -1 0
      vertex -45.5 -1 -3
    endloop
  endfacet
  facet normal 0.997858 0.0654194 -1.28467e-19
    outer loop
      vertex -45.5 95.2 0
      vertex -45.5154 95.4349 -3
      vertex -45.5154 95.4349 0
    endloop
  endfacet
  facet normal 0.997858 0.0654194 -1.28467e-19
    outer loop
      vertex -45.5154 95.4349 -3
      vertex -45.5 95.2 0
      vertex -45.5 95.2 -3
    endloop
  endfacet
  facet normal -0.997858 0.0654194 1.28467e-19
    outer loop
      vertex -50.5 95.2 -3
      vertex -50.4846 95.4349 0
      vertex -50.4846 95.4349 -3
    endloop
  endfacet
  facet normal -0.997858 0.0654194 1.28467e-19
    outer loop
      vertex -50.4846 95.4349 0
      vertex -50.5 95.2 -3
      vertex -50.5 95.2 0
    endloop
  endfacet
  facet normal -0.194891 0.980825 0
    outer loop
      vertex -48.9349 96.9846 -3
      vertex -49.1659 96.9387 0
      vertex -48.9349 96.9846 0
    endloop
  endfacet
  facet normal -0.194891 0.980825 0
    outer loop
      vertex -49.1659 96.9387 0
      vertex -48.9349 96.9846 -3
      vertex -49.1659 96.9387 -3
    endloop
  endfacet
  facet normal 0.659286 0.751892 -0
    outer loop
      vertex -46.0272 96.4728 -3
      vertex -46.2042 96.628 0
      vertex -46.0272 96.4728 0
    endloop
  endfacet
  facet normal 0.659286 0.751892 0
    outer loop
      vertex -46.2042 96.628 0
      vertex -46.0272 96.4728 -3
      vertex -46.2042 96.628 -3
    endloop
  endfacet
  facet normal 0.194891 0.980825 -0
    outer loop
      vertex -46.8341 96.9387 -3
      vertex -47.0651 96.9846 0
      vertex -46.8341 96.9387 0
    endloop
  endfacet
  facet normal 0.194891 0.980825 0
    outer loop
      vertex -47.0651 96.9846 0
      vertex -46.8341 96.9387 -3
      vertex -47.0651 96.9846 -3
    endloop
  endfacet
  facet normal 0.442452 0.896792 -0
    outer loop
      vertex -46.4 96.7588 -3
      vertex -46.6112 96.863 0
      vertex -46.4 96.7588 0
    endloop
  endfacet
  facet normal 0.442452 0.896792 0
    outer loop
      vertex -46.6112 96.863 0
      vertex -46.4 96.7588 -3
      vertex -46.6112 96.863 -3
    endloop
  endfacet
  facet normal -0.0654194 0.997858 0
    outer loop
      vertex -48.7 97 -3
      vertex -48.9349 96.9846 0
      vertex -48.7 97 0
    endloop
  endfacet
  facet normal -0.0654194 0.997858 0
    outer loop
      vertex -48.9349 96.9846 0
      vertex -48.7 97 -3
      vertex -48.9349 96.9846 -3
    endloop
  endfacet
  facet normal 0.946884 0.321575 2.39613e-18
    outer loop
      vertex -45.5613 95.6659 0
      vertex -45.637 95.8888 -3
      vertex -45.637 95.8888 0
    endloop
  endfacet
  facet normal 0.946884 0.321575 2.39613e-18
    outer loop
      vertex -45.637 95.8888 -3
      vertex -45.5613 95.6659 0
      vertex -45.5613 95.6659 -3
    endloop
  endfacet
  facet normal -0.555484 0.831527 0
    outer loop
      vertex -49.6 96.7588 -3
      vertex -49.7958 96.628 0
      vertex -49.6 96.7588 0
    endloop
  endfacet
  facet normal -0.555484 0.831527 0
    outer loop
      vertex -49.7958 96.628 0
      vertex -49.6 96.7588 -3
      vertex -49.7958 96.628 -3
    endloop
  endfacet
  facet normal 0.980825 0.194891 -9.11091e-19
    outer loop
      vertex -45.5154 95.4349 0
      vertex -45.5613 95.6659 -3
      vertex -45.5613 95.6659 0
    endloop
  endfacet
  facet normal 0.980825 0.194891 -9.11091e-19
    outer loop
      vertex -45.5613 95.6659 -3
      vertex -45.5154 95.4349 0
      vertex -45.5154 95.4349 -3
    endloop
  endfacet
  facet normal 0.831527 0.555484 -1.46872e-18
    outer loop
      vertex -45.7412 96.1 0
      vertex -45.872 96.2958 -3
      vertex -45.872 96.2958 0
    endloop
  endfacet
  facet normal 0.831527 0.555484 -1.46872e-18
    outer loop
      vertex -45.872 96.2958 -3
      vertex -45.7412 96.1 0
      vertex -45.7412 96.1 -3
    endloop
  endfacet
  facet normal -0.321575 0.946884 0
    outer loop
      vertex -49.1659 96.9387 -3
      vertex -49.3888 96.863 0
      vertex -49.1659 96.9387 0
    endloop
  endfacet
  facet normal -0.321575 0.946884 0
    outer loop
      vertex -49.3888 96.863 0
      vertex -49.1659 96.9387 -3
      vertex -49.3888 96.863 -3
    endloop
  endfacet
  facet normal 0.896792 0.442452 9.24562e-19
    outer loop
      vertex -45.637 95.8888 0
      vertex -45.7412 96.1 -3
      vertex -45.7412 96.1 0
    endloop
  endfacet
  facet normal 0.896792 0.442452 9.24562e-19
    outer loop
      vertex -45.7412 96.1 -3
      vertex -45.637 95.8888 0
      vertex -45.637 95.8888 -3
    endloop
  endfacet
  facet normal -0.896792 0.442452 -9.24562e-19
    outer loop
      vertex -50.363 95.8888 -3
      vertex -50.2588 96.1 0
      vertex -50.2588 96.1 -3
    endloop
  endfacet
  facet normal -0.896792 0.442452 -9.24562e-19
    outer loop
      vertex -50.2588 96.1 0
      vertex -50.363 95.8888 -3
      vertex -50.363 95.8888 0
    endloop
  endfacet
  facet normal 0.0654194 0.997858 -0
    outer loop
      vertex -47.0651 96.9846 -3
      vertex -47.3 97 0
      vertex -47.0651 96.9846 0
    endloop
  endfacet
  facet normal 0.0654194 0.997858 0
    outer loop
      vertex -47.3 97 0
      vertex -47.0651 96.9846 -3
      vertex -47.3 97 -3
    endloop
  endfacet
  facet normal -0.442452 0.896792 0
    outer loop
      vertex -49.3888 96.863 -3
      vertex -49.6 96.7588 0
      vertex -49.3888 96.863 0
    endloop
  endfacet
  facet normal -0.442452 0.896792 0
    outer loop
      vertex -49.6 96.7588 0
      vertex -49.3888 96.863 -3
      vertex -49.6 96.7588 -3
    endloop
  endfacet
  facet normal 0.555484 0.831527 -0
    outer loop
      vertex -46.2042 96.628 -3
      vertex -46.4 96.7588 0
      vertex -46.2042 96.628 0
    endloop
  endfacet
  facet normal 0.555484 0.831527 0
    outer loop
      vertex -46.4 96.7588 0
      vertex -46.2042 96.628 -3
      vertex -46.4 96.7588 -3
    endloop
  endfacet
  facet normal -0.751892 0.659286 -2.15166e-18
    outer loop
      vertex -50.128 96.2958 -3
      vertex -49.9728 96.4728 0
      vertex -49.9728 96.4728 -3
    endloop
  endfacet
  facet normal -0.751892 0.659286 -2.15166e-18
    outer loop
      vertex -49.9728 96.4728 0
      vertex -50.128 96.2958 -3
      vertex -50.128 96.2958 0
    endloop
  endfacet
  facet normal 0.321575 0.946884 -0
    outer loop
      vertex -46.6112 96.863 -3
      vertex -46.8341 96.9387 0
      vertex -46.6112 96.863 0
    endloop
  endfacet
  facet normal 0.321575 0.946884 0
    outer loop
      vertex -46.8341 96.9387 0
      vertex -46.6112 96.863 -3
      vertex -46.8341 96.9387 -3
    endloop
  endfacet
  facet normal 0 1 -0
    outer loop
      vertex -47.3 97 -3
      vertex -48.7 97 0
      vertex -47.3 97 0
    endloop
  endfacet
  facet normal 0 1 0
    outer loop
      vertex -48.7 97 0
      vertex -47.3 97 -3
      vertex -48.7 97 -3
    endloop
  endfacet
  facet normal 0.751892 0.659286 2.15166e-18
    outer loop
      vertex -45.872 96.2958 0
      vertex -46.0272 96.4728 -3
      vertex -46.0272 96.4728 0
    endloop
  endfacet
  facet normal 0.751892 0.659286 2.15166e-18
    outer loop
      vertex -46.0272 96.4728 -3
      vertex -45.872 96.2958 0
      vertex -45.872 96.2958 -3
    endloop
  endfacet
  facet normal -0.946884 0.321575 -2.39613e-18
    outer loop
      vertex -50.4387 95.6659 -3
      vertex -50.363 95.8888 0
      vertex -50.363 95.8888 -3
    endloop
  endfacet
  facet normal -0.946884 0.321575 -2.39613e-18
    outer loop
      vertex -50.363 95.8888 0
      vertex -50.4387 95.6659 -3
      vertex -50.4387 95.6659 0
    endloop
  endfacet
  facet normal -0.659286 0.751892 0
    outer loop
      vertex -49.7958 96.628 -3
      vertex -49.9728 96.4728 0
      vertex -49.7958 96.628 0
    endloop
  endfacet
  facet normal -0.659286 0.751892 0
    outer loop
      vertex -49.9728 96.4728 0
      vertex -49.7958 96.628 -3
      vertex -49.9728 96.4728 -3
    endloop
  endfacet
  facet normal -0.980825 0.194891 9.11091e-19
    outer loop
      vertex -50.4846 95.4349 -3
      vertex -50.4387 95.6659 0
      vertex -50.4387 95.6659 -3
    endloop
  endfacet
  facet normal -0.980825 0.194891 9.11091e-19
    outer loop
      vertex -50.4387 95.6659 0
      vertex -50.4846 95.4349 -3
      vertex -50.4846 95.4349 0
    endloop
  endfacet
  facet normal -0.831527 0.555484 1.46872e-18
    outer loop
      vertex -50.2588 96.1 -3
      vertex -50.128 96.2958 0
      vertex -50.128 96.2958 -3
    endloop
  endfacet
  facet normal -0.831527 0.555484 1.46872e-18
    outer loop
      vertex -50.128 96.2958 0
      vertex -50.2588 96.1 -3
      vertex -50.2588 96.1 0
    endloop
  endfacet
  facet normal -1 0 0
    outer loop
      vertex -18.5 83.7271 -3
      vertex -18.5 95.2 0
      vertex -18.5 95.2 -3
    endloop
  endfacet
  facet normal -1 -0 0
    outer loop
      vertex -18.5 95.2 0
      vertex -18.5 83.7271 -3
      vertex -18.5 83.7271 0
    endloop
  endfacet
  facet normal -1 0 0
    outer loop
      vertex -18.5 52.5 -3
      vertex -18.5 80.2729 0
      vertex -18.5 80.2729 -3
    endloop
  endfacet
  facet normal -1 -0 0
    outer loop
      vertex -18.5 80.2729 0
      vertex -18.5 52.5 -3
      vertex -18.5 52.5 0
    endloop
  endfacet
  facet normal -1 0 0
    outer loop
      vertex -18.5 20.5 -3
      vertex -18.5 47.5 0
      vertex -18.5 47.5 -3
    endloop
  endfacet
  facet normal -1 -0 0
    outer loop
      vertex -18.5 47.5 0
      vertex -18.5 20.5 -3
      vertex -18.5 20.5 0
    endloop
  endfacet
  facet normal -1 0 0
    outer loop
      vertex -18.5 0.174999 -3
      vertex -18.5 15.5 0
      vertex -18.5 15.5 -3
    endloop
  endfacet
  facet normal -1 -0 0
    outer loop
      vertex -18.5 15.5 0
      vertex -18.5 0.174999 -3
      vertex -18.5 0.174999 0
    endloop
  endfacet
  facet normal -1 0 0
    outer loop
      vertex -18.5 -1 -3
      vertex -18.5 -0.174999 0
      vertex -18.5 -0.174999 -3
    endloop
  endfacet
  facet normal -1 -0 0
    outer loop
      vertex -18.5 -0.174999 0
      vertex -18.5 -1 -3
      vertex -18.5 -1 0
    endloop
  endfacet
  facet normal 1 -0 0
    outer loop
      vertex -13.5 52.5 0
      vertex -13.5 95.2 -3
      vertex -13.5 95.2 0
    endloop
  endfacet
  facet normal 1 0 0
    outer loop
      vertex -13.5 95.2 -3
      vertex -13.5 52.5 0
      vertex -13.5 52.5 -3
    endloop
  endfacet
  facet normal 1 -0 0
    outer loop
      vertex -13.5 20.5 0
      vertex -13.5 47.5 -3
      vertex -13.5 47.5 0
    endloop
  endfacet
  facet normal 1 0 0
    outer loop
      vertex -13.5 47.5 -3
      vertex -13.5 20.5 0
      vertex -13.5 20.5 -3
    endloop
  endfacet
  facet normal 1 -0 0
    outer loop
      vertex -13.5 0.174999 0
      vertex -13.5 15.5 -3
      vertex -13.5 15.5 0
    endloop
  endfacet
  facet normal 1 0 0
    outer loop
      vertex -13.5 15.5 -3
      vertex -13.5 0.174999 0
      vertex -13.5 0.174999 -3
    endloop
  endfacet
  facet normal 1 -0 0
    outer loop
      vertex -13.5 -1 0
      vertex -13.5 -0.174999 -3
      vertex -13.5 -0.174999 0
    endloop
  endfacet
  facet normal 1 0 0
    outer loop
      vertex -13.5 -0.174999 -3
      vertex -13.5 -1 0
      vertex -13.5 -1 -3
    endloop
  endfacet
  facet normal 0.997858 0.0654194 -1.28467e-19
    outer loop
      vertex -13.5 95.2 0
      vertex -13.5154 95.4349 -3
      vertex -13.5154 95.4349 0
    endloop
  endfacet
  facet normal 0.997858 0.0654194 -1.28467e-19
    outer loop
      vertex -13.5154 95.4349 -3
      vertex -13.5 95.2 0
      vertex -13.5 95.2 -3
    endloop
  endfacet
  facet normal -0.997858 0.0654194 1.28467e-19
    outer loop
      vertex -18.5 95.2 -3
      vertex -18.4846 95.4349 0
      vertex -18.4846 95.4349 -3
    endloop
  endfacet
  facet normal -0.997858 0.0654194 1.28467e-19
    outer loop
      vertex -18.4846 95.4349 0
      vertex -18.5 95.2 -3
      vertex -18.5 95.2 0
    endloop
  endfacet
  facet normal -0.194891 0.980825 0
    outer loop
      vertex -16.9349 96.9846 -3
      vertex -17.1659 96.9387 0
      vertex -16.9349 96.9846 0
    endloop
  endfacet
  facet normal -0.194891 0.980825 0
    outer loop
      vertex -17.1659 96.9387 0
      vertex -16.9349 96.9846 -3
      vertex -17.1659 96.9387 -3
    endloop
  endfacet
  facet normal 0.659286 0.751892 -0
    outer loop
      vertex -14.0272 96.4728 -3
      vertex -14.2042 96.628 0
      vertex -14.0272 96.4728 0
    endloop
  endfacet
  facet normal 0.659286 0.751892 0
    outer loop
      vertex -14.2042 96.628 0
      vertex -14.0272 96.4728 -3
      vertex -14.2042 96.628 -3
    endloop
  endfacet
  facet normal 0.194891 0.980825 -0
    outer loop
      vertex -14.8341 96.9387 -3
      vertex -15.0651 96.9846 0
      vertex -14.8341 96.9387 0
    endloop
  endfacet
  facet normal 0.194891 0.980825 0
    outer loop
      vertex -15.0651 96.9846 0
      vertex -14.8341 96.9387 -3
      vertex -15.0651 96.9846 -3
    endloop
  endfacet
  facet normal 0.442452 0.896792 -0
    outer loop
      vertex -14.4 96.7588 -3
      vertex -14.6112 96.863 0
      vertex -14.4 96.7588 0
    endloop
  endfacet
  facet normal 0.442452 0.896792 0
    outer loop
      vertex -14.6112 96.863 0
      vertex -14.4 96.7588 -3
      vertex -14.6112 96.863 -3
    endloop
  endfacet
  facet normal -0.0654194 0.997858 0
    outer loop
      vertex -16.7 97 -3
      vertex -16.9349 96.9846 0
      vertex -16.7 97 0
    endloop
  endfacet
  facet normal -0.0654194 0.997858 0
    outer loop
      vertex -16.9349 96.9846 0
      vertex -16.7 97 -3
      vertex -16.9349 96.9846 -3
    endloop
  endfacet
  facet normal 0.946884 0.321575 1.16991e-18
    outer loop
      vertex -13.5613 95.6659 0
      vertex -13.637 95.8888 -3
      vertex -13.637 95.8888 0
    endloop
  endfacet
  facet normal 0.946884 0.321575 1.16991e-18
    outer loop
      vertex -13.637 95.8888 -3
      vertex -13.5613 95.6659 0
      vertex -13.5613 95.6659 -3
    endloop
  endfacet
  facet normal -0.555484 0.831527 0
    outer loop
      vertex -17.6 96.7588 -3
      vertex -17.7958 96.628 0
      vertex -17.6 96.7588 0
    endloop
  endfacet
  facet normal -0.555484 0.831527 0
    outer loop
      vertex -17.7958 96.628 0
      vertex -17.6 96.7588 -3
      vertex -17.7958 96.628 -3
    endloop
  endfacet
  facet normal 0.980825 0.194891 -6.95032e-19
    outer loop
      vertex -13.5154 95.4349 0
      vertex -13.5613 95.6659 -3
      vertex -13.5613 95.6659 0
    endloop
  endfacet
  facet normal 0.980825 0.194891 -6.95032e-19
    outer loop
      vertex -13.5613 95.6659 -3
      vertex -13.5154 95.4349 0
      vertex -13.5154 95.4349 -3
    endloop
  endfacet
  facet normal 0.831527 0.555484 -1.46872e-18
    outer loop
      vertex -13.7412 96.1 0
      vertex -13.872 96.2958 -3
      vertex -13.872 96.2958 0
    endloop
  endfacet
  facet normal 0.831527 0.555484 -1.46872e-18
    outer loop
      vertex -13.872 96.2958 -3
      vertex -13.7412 96.1 0
      vertex -13.7412 96.1 -3
    endloop
  endfacet
  facet normal -0.321575 0.946884 0
    outer loop
      vertex -17.1659 96.9387 -3
      vertex -17.3888 96.863 0
      vertex -17.1659 96.9387 0
    endloop
  endfacet
  facet normal -0.321575 0.946884 0
    outer loop
      vertex -17.3888 96.863 0
      vertex -17.1659 96.9387 -3
      vertex -17.3888 96.863 -3
    endloop
  endfacet
  facet normal 0.896792 0.442452 9.24562e-19
    outer loop
      vertex -13.637 95.8888 0
      vertex -13.7412 96.1 -3
      vertex -13.7412 96.1 0
    endloop
  endfacet
  facet normal 0.896792 0.442452 9.24562e-19
    outer loop
      vertex -13.7412 96.1 -3
      vertex -13.637 95.8888 0
      vertex -13.637 95.8888 -3
    endloop
  endfacet
  facet normal -0.896792 0.442452 -9.24562e-19
    outer loop
      vertex -18.363 95.8888 -3
      vertex -18.2588 96.1 0
      vertex -18.2588 96.1 -3
    endloop
  endfacet
  facet normal -0.896792 0.442452 -9.24562e-19
    outer loop
      vertex -18.2588 96.1 0
      vertex -18.363 95.8888 -3
      vertex -18.363 95.8888 0
    endloop
  endfacet
  facet normal 0.0654194 0.997858 -0
    outer loop
      vertex -15.0651 96.9846 -3
      vertex -15.3 97 0
      vertex -15.0651 96.9846 0
    endloop
  endfacet
  facet normal 0.0654194 0.997858 0
    outer loop
      vertex -15.3 97 0
      vertex -15.0651 96.9846 -3
      vertex -15.3 97 -3
    endloop
  endfacet
  facet normal -0.442452 0.896792 0
    outer loop
      vertex -17.3888 96.863 -3
      vertex -17.6 96.7588 0
      vertex -17.3888 96.863 0
    endloop
  endfacet
  facet normal -0.442452 0.896792 0
    outer loop
      vertex -17.6 96.7588 0
      vertex -17.3888 96.863 -3
      vertex -17.6 96.7588 -3
    endloop
  endfacet
  facet normal 0.555484 0.831527 -0
    outer loop
      vertex -14.2042 96.628 -3
      vertex -14.4 96.7588 0
      vertex -14.2042 96.628 0
    endloop
  endfacet
  facet normal 0.555484 0.831527 0
    outer loop
      vertex -14.4 96.7588 0
      vertex -14.2042 96.628 -3
      vertex -14.4 96.7588 -3
    endloop
  endfacet
  facet normal -0.751892 0.659286 -2.15166e-18
    outer loop
      vertex -18.128 96.2958 -3
      vertex -17.9728 96.4728 0
      vertex -17.9728 96.4728 -3
    endloop
  endfacet
  facet normal -0.751892 0.659286 -2.15166e-18
    outer loop
      vertex -17.9728 96.4728 0
      vertex -18.128 96.2958 -3
      vertex -18.128 96.2958 0
    endloop
  endfacet
  facet normal 0.321575 0.946884 -0
    outer loop
      vertex -14.6112 96.863 -3
      vertex -14.8341 96.9387 0
      vertex -14.6112 96.863 0
    endloop
  endfacet
  facet normal 0.321575 0.946884 0
    outer loop
      vertex -14.8341 96.9387 0
      vertex -14.6112 96.863 -3
      vertex -14.8341 96.9387 -3
    endloop
  endfacet
  facet normal 0 1 -0
    outer loop
      vertex -15.3 97 -3
      vertex -16.7 97 0
      vertex -15.3 97 0
    endloop
  endfacet
  facet normal 0 1 0
    outer loop
      vertex -16.7 97 0
      vertex -15.3 97 -3
      vertex -16.7 97 -3
    endloop
  endfacet
  facet normal 0.751892 0.659286 2.15166e-18
    outer loop
      vertex -13.872 96.2958 0
      vertex -14.0272 96.4728 -3
      vertex -14.0272 96.4728 0
    endloop
  endfacet
  facet normal 0.751892 0.659286 2.15166e-18
    outer loop
      vertex -14.0272 96.4728 -3
      vertex -13.872 96.2958 0
      vertex -13.872 96.2958 -3
    endloop
  endfacet
  facet normal -0.946884 0.321575 -1.16991e-18
    outer loop
      vertex -18.4387 95.6659 -3
      vertex -18.363 95.8888 0
      vertex -18.363 95.8888 -3
    endloop
  endfacet
  facet normal -0.946884 0.321575 -1.16991e-18
    outer loop
      vertex -18.363 95.8888 0
      vertex -18.4387 95.6659 -3
      vertex -18.4387 95.6659 0
    endloop
  endfacet
  facet normal -0.659286 0.751892 0
    outer loop
      vertex -17.7958 96.628 -3
      vertex -17.9728 96.4728 0
      vertex -17.7958 96.628 0
    endloop
  endfacet
  facet normal -0.659286 0.751892 0
    outer loop
      vertex -17.9728 96.4728 0
      vertex -17.7958 96.628 -3
      vertex -17.9728 96.4728 -3
    endloop
  endfacet
  facet normal -0.980825 0.194891 6.95032e-19
    outer loop
      vertex -18.4846 95.4349 -3
      vertex -18.4387 95.6659 0
      vertex -18.4387 95.6659 -3
    endloop
  endfacet
  facet normal -0.980825 0.194891 6.95032e-19
    outer loop
      vertex -18.4387 95.6659 0
      vertex -18.4846 95.4349 -3
      vertex -18.4846 95.4349 0
    endloop
  endfacet
  facet normal -0.831527 0.555484 1.46872e-18
    outer loop
      vertex -18.2588 96.1 -3
      vertex -18.128 96.2958 0
      vertex -18.128 96.2958 -3
    endloop
  endfacet
  facet normal -0.831527 0.555484 1.46872e-18
    outer loop
      vertex -18.128 96.2958 0
      vertex -18.2588 96.1 -3
      vertex -18.2588 96.1 0
    endloop
  endfacet
  facet normal -0.831135 0.556071 2.74656e-19
    outer loop
      vertex -133.759 19.6 -3
      vertex -133.628 19.7958 0
      vertex -133.628 19.7958 -3
    endloop
  endfacet
  facet normal -0.831135 0.556071 2.74656e-19
    outer loop
      vertex -133.628 19.7958 0
      vertex -133.759 19.6 -3
      vertex -133.759 19.6 0
    endloop
  endfacet
  facet normal 0 1 -0
    outer loop
      vertex -114.5 20.5 -3
      vertex -132.2 20.5 0
      vertex -114.5 20.5 0
    endloop
  endfacet
  facet normal 0 1 0
    outer loop
      vertex -132.2 20.5 0
      vertex -114.5 20.5 -3
      vertex -132.2 20.5 -3
    endloop
  endfacet
  facet normal 0 1 -0
    outer loop
      vertex -82.5 20.5 -3
      vertex -109.5 20.5 0
      vertex -82.5 20.5 0
    endloop
  endfacet
  facet normal 0 1 0
    outer loop
      vertex -109.5 20.5 0
      vertex -82.5 20.5 -3
      vertex -109.5 20.5 -3
    endloop
  endfacet
  facet normal 0 1 -0
    outer loop
      vertex -50.5 20.5 -3
      vertex -77.5 20.5 0
      vertex -50.5 20.5 0
    endloop
  endfacet
  facet normal 0 1 0
    outer loop
      vertex -77.5 20.5 0
      vertex -50.5 20.5 -3
      vertex -77.5 20.5 -3
    endloop
  endfacet
  facet normal 0 1 -0
    outer loop
      vertex -18.5 20.5 -3
      vertex -45.5 20.5 0
      vertex -18.5 20.5 0
    endloop
  endfacet
  facet normal 0 1 0
    outer loop
      vertex -45.5 20.5 0
      vertex -18.5 20.5 -3
      vertex -45.5 20.5 -3
    endloop
  endfacet
  facet normal 0 1 -0
    outer loop
      vertex -0.174999 20.5 -3
      vertex -13.5 20.5 0
      vertex -0.174999 20.5 0
    endloop
  endfacet
  facet normal 0 1 0
    outer loop
      vertex -13.5 20.5 0
      vertex -0.174999 20.5 -3
      vertex -13.5 20.5 -3
    endloop
  endfacet
  facet normal 0 1 -0
    outer loop
      vertex 1 20.5 -3
      vertex 0.174999 20.5 0
      vertex 1 20.5 0
    endloop
  endfacet
  facet normal 0 1 0
    outer loop
      vertex 0.174999 20.5 0
      vertex 1 20.5 -3
      vertex 0.174999 20.5 -3
    endloop
  endfacet
  facet normal -0.997967 0.0637272 -1.68939e-19
    outer loop
      vertex -134 18.7 -3
      vertex -133.985 18.9349 0
      vertex -133.985 18.9349 -3
    endloop
  endfacet
  facet normal -0.997967 0.0637272 -1.68939e-19
    outer loop
      vertex -133.985 18.9349 0
      vertex -134 18.7 -3
      vertex -134 18.7 0
    endloop
  endfacet
  facet normal -0.752313 -0.658805 3.17736e-19
    outer loop
      vertex -133.473 16.0272 -3
      vertex -133.628 16.2042 0
      vertex -133.628 16.2042 -3
    endloop
  endfacet
  facet normal -0.752313 -0.658805 3.17736e-19
    outer loop
      vertex -133.628 16.2042 0
      vertex -133.473 16.0272 -3
      vertex -133.473 16.0272 0
    endloop
  endfacet
  facet normal -0.897129 0.441768 -1.62167e-19
    outer loop
      vertex -133.863 19.3888 -3
      vertex -133.759 19.6 0
      vertex -133.759 19.6 -3
    endloop
  endfacet
  facet normal -0.897129 0.441768 -1.62167e-19
    outer loop
      vertex -133.759 19.6 0
      vertex -133.863 19.3888 -3
      vertex -133.863 19.3888 0
    endloop
  endfacet
  facet normal -0.0653917 -0.99786 0
    outer loop
      vertex -132.435 15.5154 -3
      vertex -132.2 15.5 0
      vertex -132.435 15.5154 0
    endloop
  endfacet
  facet normal -0.0653917 -0.99786 -0
    outer loop
      vertex -132.2 15.5 0
      vertex -132.435 15.5154 -3
      vertex -132.2 15.5 -3
    endloop
  endfacet
  facet normal -0.442789 -0.896626 0
    outer loop
      vertex -133.1 15.7412 -3
      vertex -132.889 15.637 0
      vertex -133.1 15.7412 0
    endloop
  endfacet
  facet normal -0.442789 -0.896626 -0
    outer loop
      vertex -132.889 15.637 0
      vertex -133.1 15.7412 -3
      vertex -132.889 15.637 -3
    endloop
  endfacet
  facet normal -0.659286 -0.751892 0
    outer loop
      vertex -133.473 16.0272 -3
      vertex -133.296 15.872 0
      vertex -133.473 16.0272 0
    endloop
  endfacet
  facet normal -0.659286 -0.751892 -0
    outer loop
      vertex -133.296 15.872 0
      vertex -133.473 16.0272 -3
      vertex -133.296 15.872 -3
    endloop
  endfacet
  facet normal -0.946495 0.322717 -1.52851e-18
    outer loop
      vertex -133.939 19.1659 -3
      vertex -133.863 19.3888 0
      vertex -133.863 19.3888 -3
    endloop
  endfacet
  facet normal -0.946495 0.322717 -1.52851e-18
    outer loop
      vertex -133.863 19.3888 0
      vertex -133.939 19.1659 -3
      vertex -133.939 19.1659 0
    endloop
  endfacet
  facet normal -0.321446 -0.946928 0
    outer loop
      vertex -132.889 15.637 -3
      vertex -132.666 15.5613 0
      vertex -132.889 15.637 0
    endloop
  endfacet
  facet normal -0.321446 -0.946928 -0
    outer loop
      vertex -132.666 15.5613 0
      vertex -132.889 15.637 -3
      vertex -132.666 15.5613 -3
    endloop
  endfacet
  facet normal 0 -1 0
    outer loop
      vertex -132.2 15.5 -3
      vertex -114.5 15.5 0
      vertex -132.2 15.5 0
    endloop
  endfacet
  facet normal 0 -1 -0
    outer loop
      vertex -114.5 15.5 0
      vertex -132.2 15.5 -3
      vertex -114.5 15.5 -3
    endloop
  endfacet
  facet normal 0 -1 0
    outer loop
      vertex -109.5 15.5 -3
      vertex -82.5 15.5 0
      vertex -109.5 15.5 0
    endloop
  endfacet
  facet normal 0 -1 -0
    outer loop
      vertex -82.5 15.5 0
      vertex -109.5 15.5 -3
      vertex -82.5 15.5 -3
    endloop
  endfacet
  facet normal 0 -1 0
    outer loop
      vertex -77.5 15.5 -3
      vertex -50.5 15.5 0
      vertex -77.5 15.5 0
    endloop
  endfacet
  facet normal 0 -1 -0
    outer loop
      vertex -50.5 15.5 0
      vertex -77.5 15.5 -3
      vertex -50.5 15.5 -3
    endloop
  endfacet
  facet normal 0 -1 0
    outer loop
      vertex -45.5 15.5 -3
      vertex -18.5 15.5 0
      vertex -45.5 15.5 0
    endloop
  endfacet
  facet normal 0 -1 -0
    outer loop
      vertex -18.5 15.5 0
      vertex -45.5 15.5 -3
      vertex -18.5 15.5 -3
    endloop
  endfacet
  facet normal 0 -1 0
    outer loop
      vertex -13.5 15.5 -3
      vertex -0.174999 15.5 0
      vertex -13.5 15.5 0
    endloop
  endfacet
  facet normal 0 -1 -0
    outer loop
      vertex -0.174999 15.5 0
      vertex -13.5 15.5 -3
      vertex -0.174999 15.5 -3
    endloop
  endfacet
  facet normal 0 -1 0
    outer loop
      vertex 0.174999 15.5 -3
      vertex 1 15.5 0
      vertex 0.174999 15.5 0
    endloop
  endfacet
  facet normal 0 -1 -0
    outer loop
      vertex 1 15.5 0
      vertex 0.174999 15.5 -3
      vertex 1 15.5 -3
    endloop
  endfacet
  facet normal -0.659286 0.751892 0
    outer loop
      vertex -133.296 20.128 -3
      vertex -133.473 19.9728 0
      vertex -133.296 20.128 0
    endloop
  endfacet
  facet normal -0.659286 0.751892 0
    outer loop
      vertex -133.473 19.9728 0
      vertex -133.296 20.128 -3
      vertex -133.473 19.9728 -3
    endloop
  endfacet
  facet normal -0.321446 0.946928 0
    outer loop
      vertex -132.666 20.4387 -3
      vertex -132.889 20.363 0
      vertex -132.666 20.4387 0
    endloop
  endfacet
  facet normal -0.321446 0.946928 0
    outer loop
      vertex -132.889 20.363 0
      vertex -132.666 20.4387 -3
      vertex -132.889 20.363 -3
    endloop
  endfacet
  facet normal -1 0 0
    outer loop
      vertex -134 17.3 -3
      vertex -134 18.7 0
      vertex -134 18.7 -3
    endloop
  endfacet
  facet normal -1 -0 0
    outer loop
      vertex -134 18.7 0
      vertex -134 17.3 -3
      vertex -134 17.3 0
    endloop
  endfacet
  facet normal -0.194891 0.980825 0
    outer loop
      vertex -132.435 20.4846 -3
      vertex -132.666 20.4387 0
      vertex -132.435 20.4846 0
    endloop
  endfacet
  facet normal -0.194891 0.980825 0
    outer loop
      vertex -132.666 20.4387 0
      vertex -132.435 20.4846 -3
      vertex -132.666 20.4387 -3
    endloop
  endfacet
  facet normal -0.555092 -0.831789 0
    outer loop
      vertex -133.296 15.872 -3
      vertex -133.1 15.7412 0
      vertex -133.296 15.872 0
    endloop
  endfacet
  facet normal -0.555092 -0.831789 -0
    outer loop
      vertex -133.1 15.7412 0
      vertex -133.296 15.872 -3
      vertex -133.1 15.7412 -3
    endloop
  endfacet
  facet normal -0.555092 0.831789 0
    outer loop
      vertex -133.1 20.2588 -3
      vertex -133.296 20.128 0
      vertex -133.1 20.2588 0
    endloop
  endfacet
  facet normal -0.555092 0.831789 0
    outer loop
      vertex -133.296 20.128 0
      vertex -133.1 20.2588 -3
      vertex -133.296 20.128 -3
    endloop
  endfacet
  facet normal -0.194891 -0.980825 0
    outer loop
      vertex -132.666 15.5613 -3
      vertex -132.435 15.5154 0
      vertex -132.666 15.5613 0
    endloop
  endfacet
  facet normal -0.194891 -0.980825 -0
    outer loop
      vertex -132.435 15.5154 0
      vertex -132.666 15.5613 -3
      vertex -132.435 15.5154 -3
    endloop
  endfacet
  facet normal -0.752313 0.658805 -3.17736e-19
    outer loop
      vertex -133.628 19.7958 -3
      vertex -133.473 19.9728 0
      vertex -133.473 19.9728 -3
    endloop
  endfacet
  facet normal -0.752313 0.658805 -3.17736e-19
    outer loop
      vertex -133.473 19.9728 0
      vertex -133.628 19.7958 -3
      vertex -133.628 19.7958 0
    endloop
  endfacet
  facet normal -0.980744 0.1953 -9.69433e-20
    outer loop
      vertex -133.985 18.9349 -3
      vertex -133.939 19.1659 0
      vertex -133.939 19.1659 -3
    endloop
  endfacet
  facet normal -0.980744 0.1953 -9.69433e-20
    outer loop
      vertex -133.939 19.1659 0
      vertex -133.985 18.9349 -3
      vertex -133.985 18.9349 0
    endloop
  endfacet
  facet normal -0.997967 -0.0637272 1.68939e-19
    outer loop
      vertex -133.985 17.0651 -3
      vertex -134 17.3 0
      vertex -134 17.3 -3
    endloop
  endfacet
  facet normal -0.997967 -0.0637272 1.68939e-19
    outer loop
      vertex -134 17.3 0
      vertex -133.985 17.0651 -3
      vertex -133.985 17.0651 0
    endloop
  endfacet
  facet normal -0.946495 -0.322717 1.52851e-18
    outer loop
      vertex -133.863 16.6112 -3
      vertex -133.939 16.8341 0
      vertex -133.939 16.8341 -3
    endloop
  endfacet
  facet normal -0.946495 -0.322717 1.52851e-18
    outer loop
      vertex -133.939 16.8341 0
      vertex -133.863 16.6112 -3
      vertex -133.863 16.6112 0
    endloop
  endfacet
  facet normal -0.442789 0.896626 0
    outer loop
      vertex -132.889 20.363 -3
      vertex -133.1 20.2588 0
      vertex -132.889 20.363 0
    endloop
  endfacet
  facet normal -0.442789 0.896626 0
    outer loop
      vertex -133.1 20.2588 0
      vertex -132.889 20.363 -3
      vertex -133.1 20.2588 -3
    endloop
  endfacet
  facet normal -0.980744 -0.1953 9.69433e-20
    outer loop
      vertex -133.939 16.8341 -3
      vertex -133.985 17.0651 0
      vertex -133.985 17.0651 -3
    endloop
  endfacet
  facet normal -0.980744 -0.1953 9.69433e-20
    outer loop
      vertex -133.985 17.0651 0
      vertex -133.939 16.8341 -3
      vertex -133.939 16.8341 0
    endloop
  endfacet
  facet normal -0.831135 -0.556071 -2.74656e-19
    outer loop
      vertex -133.628 16.2042 -3
      vertex -133.759 16.4 0
      vertex -133.759 16.4 -3
    endloop
  endfacet
  facet normal -0.831135 -0.556071 -2.74656e-19
    outer loop
      vertex -133.759 16.4 0
      vertex -133.628 16.2042 -3
      vertex -133.628 16.2042 0
    endloop
  endfacet
  facet normal -0.897129 -0.441768 1.62167e-19
    outer loop
      vertex -133.759 16.4 -3
      vertex -133.863 16.6112 0
      vertex -133.863 16.6112 -3
    endloop
  endfacet
  facet normal -0.897129 -0.441768 1.62167e-19
    outer loop
      vertex -133.863 16.6112 0
      vertex -133.759 16.4 -3
      vertex -133.759 16.4 0
    endloop
  endfacet
  facet normal -0.0653917 0.99786 0
    outer loop
      vertex -132.2 20.5 -3
      vertex -132.435 20.4846 0
      vertex -132.2 20.5 0
    endloop
  endfacet
  facet normal -0.0653917 0.99786 0
    outer loop
      vertex -132.435 20.4846 0
      vertex -132.2 20.5 -3
      vertex -132.435 20.4846 -3
    endloop
  endfacet
  facet normal -0.831135 0.556071 2.74656e-19
    outer loop
      vertex -133.759 51.6 -3
      vertex -133.628 51.7958 0
      vertex -133.628 51.7958 -3
    endloop
  endfacet
  facet normal -0.831135 0.556071 2.74656e-19
    outer loop
      vertex -133.628 51.7958 0
      vertex -133.759 51.6 -3
      vertex -133.759 51.6 0
    endloop
  endfacet
  facet normal 0 1 -0
    outer loop
      vertex -114.5 52.5 -3
      vertex -132.2 52.5 0
      vertex -114.5 52.5 0
    endloop
  endfacet
  facet normal 0 1 0
    outer loop
      vertex -132.2 52.5 0
      vertex -114.5 52.5 -3
      vertex -132.2 52.5 -3
    endloop
  endfacet
  facet normal 0 1 -0
    outer loop
      vertex -82.5 52.5 -3
      vertex -109.5 52.5 0
      vertex -82.5 52.5 0
    endloop
  endfacet
  facet normal 0 1 0
    outer loop
      vertex -109.5 52.5 0
      vertex -82.5 52.5 -3
      vertex -109.5 52.5 -3
    endloop
  endfacet
  facet normal 0 1 -0
    outer loop
      vertex -50.5 52.5 -3
      vertex -77.5 52.5 0
      vertex -50.5 52.5 0
    endloop
  endfacet
  facet normal 0 1 0
    outer loop
      vertex -77.5 52.5 0
      vertex -50.5 52.5 -3
      vertex -77.5 52.5 -3
    endloop
  endfacet
  facet normal 0 1 -0
    outer loop
      vertex -18.5 52.5 -3
      vertex -45.5 52.5 0
      vertex -18.5 52.5 0
    endloop
  endfacet
  facet normal 0 1 0
    outer loop
      vertex -45.5 52.5 0
      vertex -18.5 52.5 -3
      vertex -45.5 52.5 -3
    endloop
  endfacet
  facet normal 0 1 -0
    outer loop
      vertex -0.174999 52.5 -3
      vertex -13.5 52.5 0
      vertex -0.174999 52.5 0
    endloop
  endfacet
  facet normal 0 1 0
    outer loop
      vertex -13.5 52.5 0
      vertex -0.174999 52.5 -3
      vertex -13.5 52.5 -3
    endloop
  endfacet
  facet normal 0 1 -0
    outer loop
      vertex 1 52.5 -3
      vertex 0.174999 52.5 0
      vertex 1 52.5 0
    endloop
  endfacet
  facet normal 0 1 0
    outer loop
      vertex 0.174999 52.5 0
      vertex 1 52.5 -3
      vertex 0.174999 52.5 -3
    endloop
  endfacet
  facet normal -0.997967 0.0637272 -9.52392e-20
    outer loop
      vertex -134 50.7 -3
      vertex -133.985 50.9349 0
      vertex -133.985 50.9349 -3
    endloop
  endfacet
  facet normal -0.997967 0.0637272 -9.52392e-20
    outer loop
      vertex -133.985 50.9349 0
      vertex -134 50.7 -3
      vertex -134 50.7 0
    endloop
  endfacet
  facet normal -0.752313 -0.658805 3.17736e-19
    outer loop
      vertex -133.473 48.0272 -3
      vertex -133.628 48.2042 0
      vertex -133.628 48.2042 -3
    endloop
  endfacet
  facet normal -0.752313 -0.658805 3.17736e-19
    outer loop
      vertex -133.628 48.2042 0
      vertex -133.473 48.0272 -3
      vertex -133.473 48.0272 0
    endloop
  endfacet
  facet normal -0.897129 0.441768 2.31372e-18
    outer loop
      vertex -133.863 51.3888 -3
      vertex -133.759 51.6 0
      vertex -133.759 51.6 -3
    endloop
  endfacet
  facet normal -0.897129 0.441768 2.31372e-18
    outer loop
      vertex -133.759 51.6 0
      vertex -133.863 51.3888 -3
      vertex -133.863 51.3888 0
    endloop
  endfacet
  facet normal -0.0653917 -0.99786 0
    outer loop
      vertex -132.435 47.5154 -3
      vertex -132.2 47.5 0
      vertex -132.435 47.5154 0
    endloop
  endfacet
  facet normal -0.0653917 -0.99786 -0
    outer loop
      vertex -132.2 47.5 0
      vertex -132.435 47.5154 -3
      vertex -132.2 47.5 -3
    endloop
  endfacet
  facet normal -0.442789 -0.896626 0
    outer loop
      vertex -133.1 47.7412 -3
      vertex -132.889 47.637 0
      vertex -133.1 47.7412 0
    endloop
  endfacet
  facet normal -0.442789 -0.896626 -0
    outer loop
      vertex -132.889 47.637 0
      vertex -133.1 47.7412 -3
      vertex -132.889 47.637 -3
    endloop
  endfacet
  facet normal -0.659286 -0.751892 0
    outer loop
      vertex -133.473 48.0272 -3
      vertex -133.296 47.872 0
      vertex -133.473 48.0272 0
    endloop
  endfacet
  facet normal -0.659286 -0.751892 -0
    outer loop
      vertex -133.296 47.872 0
      vertex -133.473 48.0272 -3
      vertex -133.296 47.872 -3
    endloop
  endfacet
  facet normal -0.946495 0.322717 -2.3928e-18
    outer loop
      vertex -133.939 51.1659 -3
      vertex -133.863 51.3888 0
      vertex -133.863 51.3888 -3
    endloop
  endfacet
  facet normal -0.946495 0.322717 -2.3928e-18
    outer loop
      vertex -133.863 51.3888 0
      vertex -133.939 51.1659 -3
      vertex -133.939 51.1659 0
    endloop
  endfacet
  facet normal -0.321446 -0.946928 0
    outer loop
      vertex -132.889 47.637 -3
      vertex -132.666 47.5613 0
      vertex -132.889 47.637 0
    endloop
  endfacet
  facet normal -0.321446 -0.946928 -0
    outer loop
      vertex -132.666 47.5613 0
      vertex -132.889 47.637 -3
      vertex -132.666 47.5613 -3
    endloop
  endfacet
  facet normal 0 -1 0
    outer loop
      vertex -132.2 47.5 -3
      vertex -114.5 47.5 0
      vertex -132.2 47.5 0
    endloop
  endfacet
  facet normal 0 -1 -0
    outer loop
      vertex -114.5 47.5 0
      vertex -132.2 47.5 -3
      vertex -114.5 47.5 -3
    endloop
  endfacet
  facet normal 0 -1 0
    outer loop
      vertex -109.5 47.5 -3
      vertex -82.5 47.5 0
      vertex -109.5 47.5 0
    endloop
  endfacet
  facet normal 0 -1 -0
    outer loop
      vertex -82.5 47.5 0
      vertex -109.5 47.5 -3
      vertex -82.5 47.5 -3
    endloop
  endfacet
  facet normal 0 -1 0
    outer loop
      vertex -77.5 47.5 -3
      vertex -50.5 47.5 0
      vertex -77.5 47.5 0
    endloop
  endfacet
  facet normal 0 -1 -0
    outer loop
      vertex -50.5 47.5 0
      vertex -77.5 47.5 -3
      vertex -50.5 47.5 -3
    endloop
  endfacet
  facet normal 0 -1 0
    outer loop
      vertex -45.5 47.5 -3
      vertex -18.5 47.5 0
      vertex -45.5 47.5 0
    endloop
  endfacet
  facet normal 0 -1 -0
    outer loop
      vertex -18.5 47.5 0
      vertex -45.5 47.5 -3
      vertex -18.5 47.5 -3
    endloop
  endfacet
  facet normal 0 -1 0
    outer loop
      vertex -13.5 47.5 -3
      vertex -0.174999 47.5 0
      vertex -13.5 47.5 0
    endloop
  endfacet
  facet normal 0 -1 -0
    outer loop
      vertex -0.174999 47.5 0
      vertex -13.5 47.5 -3
      vertex -0.174999 47.5 -3
    endloop
  endfacet
  facet normal 0 -1 0
    outer loop
      vertex 0.174999 47.5 -3
      vertex 1 47.5 0
      vertex 0.174999 47.5 0
    endloop
  endfacet
  facet normal 0 -1 -0
    outer loop
      vertex 1 47.5 0
      vertex 0.174999 47.5 -3
      vertex 1 47.5 -3
    endloop
  endfacet
  facet normal -0.659286 0.751892 0
    outer loop
      vertex -133.296 52.128 -3
      vertex -133.473 51.9728 0
      vertex -133.296 52.128 0
    endloop
  endfacet
  facet normal -0.659286 0.751892 0
    outer loop
      vertex -133.473 51.9728 0
      vertex -133.296 52.128 -3
      vertex -133.473 51.9728 -3
    endloop
  endfacet
  facet normal -0.321446 0.946928 0
    outer loop
      vertex -132.666 52.4387 -3
      vertex -132.889 52.363 0
      vertex -132.666 52.4387 0
    endloop
  endfacet
  facet normal -0.321446 0.946928 0
    outer loop
      vertex -132.889 52.363 0
      vertex -132.666 52.4387 -3
      vertex -132.889 52.363 -3
    endloop
  endfacet
  facet normal -1 0 0
    outer loop
      vertex -134 49.3 -3
      vertex -134 50.7 0
      vertex -134 50.7 -3
    endloop
  endfacet
  facet normal -1 -0 0
    outer loop
      vertex -134 50.7 0
      vertex -134 49.3 -3
      vertex -134 49.3 0
    endloop
  endfacet
  facet normal -0.194891 0.980825 0
    outer loop
      vertex -132.435 52.4846 -3
      vertex -132.666 52.4387 0
      vertex -132.435 52.4846 0
    endloop
  endfacet
  facet normal -0.194891 0.980825 0
    outer loop
      vertex -132.666 52.4387 0
      vertex -132.435 52.4846 -3
      vertex -132.666 52.4387 -3
    endloop
  endfacet
  facet normal -0.555092 -0.831789 0
    outer loop
      vertex -133.296 47.872 -3
      vertex -133.1 47.7412 0
      vertex -133.296 47.872 0
    endloop
  endfacet
  facet normal -0.555092 -0.831789 -0
    outer loop
      vertex -133.1 47.7412 0
      vertex -133.296 47.872 -3
      vertex -133.1 47.7412 -3
    endloop
  endfacet
  facet normal -0.555092 0.831789 0
    outer loop
      vertex -133.1 52.2588 -3
      vertex -133.296 52.128 0
      vertex -133.1 52.2588 0
    endloop
  endfacet
  facet normal -0.555092 0.831789 0
    outer loop
      vertex -133.296 52.128 0
      vertex -133.1 52.2588 -3
      vertex -133.296 52.128 -3
    endloop
  endfacet
  facet normal -0.194891 -0.980825 0
    outer loop
      vertex -132.666 47.5613 -3
      vertex -132.435 47.5154 0
      vertex -132.666 47.5613 0
    endloop
  endfacet
  facet normal -0.194891 -0.980825 -0
    outer loop
      vertex -132.435 47.5154 0
      vertex -132.666 47.5613 -3
      vertex -132.435 47.5154 -3
    endloop
  endfacet
  facet normal -0.752313 0.658805 -3.17736e-19
    outer loop
      vertex -133.628 51.7958 -3
      vertex -133.473 51.9728 0
      vertex -133.473 51.9728 -3
    endloop
  endfacet
  facet normal -0.752313 0.658805 -3.17736e-19
    outer loop
      vertex -133.473 51.9728 0
      vertex -133.628 51.7958 -3
      vertex -133.628 51.7958 0
    endloop
  endfacet
  facet normal -0.980744 0.1953 -9.69433e-20
    outer loop
      vertex -133.985 50.9349 -3
      vertex -133.939 51.1659 0
      vertex -133.939 51.1659 -3
    endloop
  endfacet
  facet normal -0.980744 0.1953 -9.69433e-20
    outer loop
      vertex -133.939 51.1659 0
      vertex -133.985 50.9349 -3
      vertex -133.985 50.9349 0
    endloop
  endfacet
  facet normal -0.997967 -0.0637272 9.52392e-20
    outer loop
      vertex -133.985 49.0651 -3
      vertex -134 49.3 0
      vertex -134 49.3 -3
    endloop
  endfacet
  facet normal -0.997967 -0.0637272 9.52392e-20
    outer loop
      vertex -134 49.3 0
      vertex -133.985 49.0651 -3
      vertex -133.985 49.0651 0
    endloop
  endfacet
  facet normal -0.946495 -0.322717 2.3928e-18
    outer loop
      vertex -133.863 48.6112 -3
      vertex -133.939 48.8341 0
      vertex -133.939 48.8341 -3
    endloop
  endfacet
  facet normal -0.946495 -0.322717 2.3928e-18
    outer loop
      vertex -133.939 48.8341 0
      vertex -133.863 48.6112 -3
      vertex -133.863 48.6112 0
    endloop
  endfacet
  facet normal -0.442789 0.896626 0
    outer loop
      vertex -132.889 52.363 -3
      vertex -133.1 52.2588 0
      vertex -132.889 52.363 0
    endloop
  endfacet
  facet normal -0.442789 0.896626 0
    outer loop
      vertex -133.1 52.2588 0
      vertex -132.889 52.363 -3
      vertex -133.1 52.2588 -3
    endloop
  endfacet
  facet normal -0.980744 -0.1953 9.69433e-20
    outer loop
      vertex -133.939 48.8341 -3
      vertex -133.985 49.0651 0
      vertex -133.985 49.0651 -3
    endloop
  endfacet
  facet normal -0.980744 -0.1953 9.69433e-20
    outer loop
      vertex -133.985 49.0651 0
      vertex -133.939 48.8341 -3
      vertex -133.939 48.8341 0
    endloop
  endfacet
  facet normal -0.831135 -0.556071 -2.74656e-19
    outer loop
      vertex -133.628 48.2042 -3
      vertex -133.759 48.4 0
      vertex -133.759 48.4 -3
    endloop
  endfacet
  facet normal -0.831135 -0.556071 -2.74656e-19
    outer loop
      vertex -133.759 48.4 0
      vertex -133.628 48.2042 -3
      vertex -133.628 48.2042 0
    endloop
  endfacet
  facet normal -0.897129 -0.441768 -2.31372e-18
    outer loop
      vertex -133.759 48.4 -3
      vertex -133.863 48.6112 0
      vertex -133.863 48.6112 -3
    endloop
  endfacet
  facet normal -0.897129 -0.441768 -2.31372e-18
    outer loop
      vertex -133.863 48.6112 0
      vertex -133.759 48.4 -3
      vertex -133.759 48.4 0
    endloop
  endfacet
  facet normal -0.0653917 0.99786 0
    outer loop
      vertex -132.2 52.5 -3
      vertex -132.435 52.4846 0
      vertex -132.2 52.5 0
    endloop
  endfacet
  facet normal -0.0653917 0.99786 0
    outer loop
      vertex -132.435 52.4846 0
      vertex -132.2 52.5 -3
      vertex -132.435 52.4846 -3
    endloop
  endfacet
  facet normal -0.896603 0.442835 5.68013e-19
    outer loop
      vertex -144.143 102.386 4
      vertex -144.062 102.55 9.5
      vertex -144.062 102.55 4
    endloop
  endfacet
  facet normal -0.896603 0.442835 5.68013e-19
    outer loop
      vertex -144.062 102.55 9.5
      vertex -144.143 102.386 4
      vertex -144.143 102.386 9.5
    endloop
  endfacet
  facet normal 0.896603 0.442835 -5.68013e-19
    outer loop
      vertex -140.357 102.386 9.5
      vertex -140.438 102.55 4
      vertex -140.438 102.55 9.5
    endloop
  endfacet
  facet normal 0.896603 0.442835 -5.68013e-19
    outer loop
      vertex -140.438 102.55 4
      vertex -140.357 102.386 9.5
      vertex -140.357 102.386 4
    endloop
  endfacet
  facet normal -1 0 0
    outer loop
      vertex -144.25 0.174999 4
      vertex -144.25 101.85 9.5
      vertex -144.25 101.85 4
    endloop
  endfacet
  facet normal -1 -0 0
    outer loop
      vertex -144.25 101.85 9.5
      vertex -144.25 0.174999 4
      vertex -144.25 0.174999 9.5
    endloop
  endfacet
  facet normal -1 0 0
    outer loop
      vertex -144.25 -1 4
      vertex -144.25 -0.174999 9.5
      vertex -144.25 -0.174999 4
    endloop
  endfacet
  facet normal -1 -0 0
    outer loop
      vertex -144.25 -0.174999 9.5
      vertex -144.25 -1 4
      vertex -144.25 -1 9.5
    endloop
  endfacet
  facet normal -0.659276 0.751901 0
    outer loop
      vertex -143.702 102.961 4
      vertex -143.84 102.84 9.5
      vertex -143.702 102.961 9.5
    endloop
  endfacet
  facet normal -0.659276 0.751901 0
    outer loop
      vertex -143.84 102.84 9.5
      vertex -143.702 102.961 4
      vertex -143.84 102.84 4
    endloop
  endfacet
  facet normal -0.832892 0.553435 4.63565e-19
    outer loop
      vertex -144.062 102.55 4
      vertex -143.961 102.702 9.5
      vertex -143.961 102.702 4
    endloop
  endfacet
  facet normal -0.832892 0.553435 4.63565e-19
    outer loop
      vertex -143.961 102.702 9.5
      vertex -144.062 102.55 4
      vertex -144.062 102.55 9.5
    endloop
  endfacet
  facet normal 0 -1 0
    outer loop
      vertex -141.65 103.25 4
      vertex -0.174999 103.25 9.5
      vertex -141.65 103.25 9.5
    endloop
  endfacet
  facet normal 0 -1 -0
    outer loop
      vertex -0.174999 103.25 9.5
      vertex -141.65 103.25 4
      vertex -0.174999 103.25 4
    endloop
  endfacet
  facet normal 0 -1 0
    outer loop
      vertex 0.174999 103.25 4
      vertex 1 103.25 9.5
      vertex 0.174999 103.25 9.5
    endloop
  endfacet
  facet normal 0 -1 -0
    outer loop
      vertex 1 103.25 9.5
      vertex 0.174999 103.25 4
      vertex 1 103.25 4
    endloop
  endfacet
  facet normal 1 -0 0
    outer loop
      vertex -140.25 0.174999 9.5
      vertex -140.25 101.85 4
      vertex -140.25 101.85 9.5
    endloop
  endfacet
  facet normal 1 0 0
    outer loop
      vertex -140.25 101.85 4
      vertex -140.25 0.174999 9.5
      vertex -140.25 0.174999 4
    endloop
  endfacet
  facet normal 1 -0 0
    outer loop
      vertex -140.25 -1 9.5
      vertex -140.25 -0.174999 4
      vertex -140.25 -0.174999 9.5
    endloop
  endfacet
  facet normal 1 0 0
    outer loop
      vertex -140.25 -0.174999 4
      vertex -140.25 -1 9.5
      vertex -140.25 -1 4
    endloop
  endfacet
  facet normal -0 0 1
    outer loop
      vertex -144.928 105 4
      vertex -144.25 104.65 4
      vertex -144.25 105.85 4
    endloop
  endfacet
  facet normal 0 0 1
    outer loop
      vertex -145.391 104.061 4
      vertex -144.25 104.65 4
      vertex -144.928 105 4
    endloop
  endfacet
  facet normal -0 0 1
    outer loop
      vertex -144.347 105.87 4
      vertex -144.25 105.85 4
      vertex -144.241 105.991 4
    endloop
  endfacet
  facet normal 0 0 1
    outer loop
      vertex -144.928 105 4
      vertex -144.25 105.85 4
      vertex -144.347 105.87 4
    endloop
  endfacet
  facet normal 0 0 1
    outer loop
      vertex -144.25 104.65 4
      vertex -145.391 104.061 4
      vertex -144.25 101.85 4
    endloop
  endfacet
  facet normal 0 0 1
    outer loop
      vertex -144.25 101.85 4
      vertex -145.391 104.061 4
      vertex -145.727 103.071 4
    endloop
  endfacet
  facet normal 0 0 1
    outer loop
      vertex -144.25 101.85 4
      vertex -145.727 103.071 4
      vertex -145.932 102.044 4
    endloop
  endfacet
  facet normal 0 0 1
    outer loop
      vertex -144.25 101.85 4
      vertex -145.932 102.044 4
      vertex -146 101 4
    endloop
  endfacet
  facet normal 0 0 1
    outer loop
      vertex -144.25 101.85 4
      vertex -146 101 4
      vertex -144.25 0.174999 4
    endloop
  endfacet
  facet normal 0 0 1
    outer loop
      vertex -144.25 0.174999 4
      vertex -146 101 4
      vertex -146 0.174999 4
    endloop
  endfacet
  facet normal 0 0 1
    outer loop
      vertex -143.033 103.262 4
      vertex -143.033 103.238 4
      vertex -142.85 103.25 4
    endloop
  endfacet
  facet normal 0 0 1
    outer loop
      vertex -143.212 103.298 4
      vertex -143.033 103.238 4
      vertex -143.033 103.262 4
    endloop
  endfacet
  facet normal 0 0 1
    outer loop
      vertex -143.212 103.298 4
      vertex -143.212 103.202 4
      vertex -143.033 103.238 4
    endloop
  endfacet
  facet normal 0 0 1
    outer loop
      vertex -143.386 103.357 4
      vertex -143.212 103.202 4
      vertex -143.212 103.298 4
    endloop
  endfacet
  facet normal 0 0 1
    outer loop
      vertex -143.386 103.357 4
      vertex -143.386 103.143 4
      vertex -143.212 103.202 4
    endloop
  endfacet
  facet normal 0 0 1
    outer loop
      vertex -143.55 103.438 4
      vertex -143.386 103.143 4
      vertex -143.386 103.357 4
    endloop
  endfacet
  facet normal 0 0 1
    outer loop
      vertex -143.55 103.438 4
      vertex -143.55 103.062 4
      vertex -143.386 103.143 4
    endloop
  endfacet
  facet normal 0 0 1
    outer loop
      vertex -143.702 103.539 4
      vertex -143.55 103.062 4
      vertex -143.55 103.438 4
    endloop
  endfacet
  facet normal 0 0 1
    outer loop
      vertex -143.702 103.539 4
      vertex -143.702 102.961 4
      vertex -143.55 103.062 4
    endloop
  endfacet
  facet normal 0 0 1
    outer loop
      vertex -143.84 103.66 4
      vertex -143.702 102.961 4
      vertex -143.702 103.539 4
    endloop
  endfacet
  facet normal 0 0 1
    outer loop
      vertex -143.84 103.66 4
      vertex -143.84 102.84 4
      vertex -143.702 102.961 4
    endloop
  endfacet
  facet normal 0 0 1
    outer loop
      vertex -143.961 103.798 4
      vertex -143.84 102.84 4
      vertex -143.84 103.66 4
    endloop
  endfacet
  facet normal 0 0 1
    outer loop
      vertex -143.961 103.798 4
      vertex -143.961 102.702 4
      vertex -143.84 102.84 4
    endloop
  endfacet
  facet normal 0 0 1
    outer loop
      vertex -144.062 103.95 4
      vertex -143.961 102.702 4
      vertex -143.961 103.798 4
    endloop
  endfacet
  facet normal 0 0 1
    outer loop
      vertex -144.062 103.95 4
      vertex -144.062 102.55 4
      vertex -143.961 102.702 4
    endloop
  endfacet
  facet normal 0 0 1
    outer loop
      vertex -144.143 104.114 4
      vertex -144.062 102.55 4
      vertex -144.062 103.95 4
    endloop
  endfacet
  facet normal 0 0 1
    outer loop
      vertex -144.143 104.114 4
      vertex -144.143 102.386 4
      vertex -144.062 102.55 4
    endloop
  endfacet
  facet normal 0 0 1
    outer loop
      vertex -144.202 104.288 4
      vertex -144.143 102.386 4
      vertex -144.143 104.114 4
    endloop
  endfacet
  facet normal 0 0 1
    outer loop
      vertex -144.202 104.288 4
      vertex -144.202 102.212 4
      vertex -144.143 102.386 4
    endloop
  endfacet
  facet normal 0 0 1
    outer loop
      vertex -144.238 104.467 4
      vertex -144.202 102.212 4
      vertex -144.202 104.288 4
    endloop
  endfacet
  facet normal 0 0 1
    outer loop
      vertex -144.238 104.467 4
      vertex -144.238 102.033 4
      vertex -144.202 102.212 4
    endloop
  endfacet
  facet normal 0 0 1
    outer loop
      vertex -144.25 104.65 4
      vertex -144.238 102.033 4
      vertex -144.238 104.467 4
    endloop
  endfacet
  facet normal 0 0 1
    outer loop
      vertex -144.238 102.033 4
      vertex -144.25 104.65 4
      vertex -144.25 101.85 4
    endloop
  endfacet
  facet normal 0 0 -1
    outer loop
      vertex -143.657 106.657 4
      vertex -143.033 107.238 4
      vertex -142.991 107.241 4
    endloop
  endfacet
  facet normal 0 0 -1
    outer loop
      vertex -143.033 107.238 4
      vertex -143.657 106.657 4
      vertex -143.212 107.202 4
    endloop
  endfacet
  facet normal 0 0 -1
    outer loop
      vertex -143.212 107.202 4
      vertex -143.657 106.657 4
      vertex -143.386 107.143 4
    endloop
  endfacet
  facet normal 0 0 -1
    outer loop
      vertex -143.386 107.143 4
      vertex -143.657 106.657 4
      vertex -143.55 107.062 4
    endloop
  endfacet
  facet normal 0 0 -1
    outer loop
      vertex -143.657 106.657 4
      vertex -143.702 106.961 4
      vertex -143.55 107.062 4
    endloop
  endfacet
  facet normal 0 0 -1
    outer loop
      vertex -143.657 106.657 4
      vertex -143.84 106.84 4
      vertex -143.702 106.961 4
    endloop
  endfacet
  facet normal 0 0 -1
    outer loop
      vertex -143.657 106.657 4
      vertex -143.961 106.702 4
      vertex -143.84 106.84 4
    endloop
  endfacet
  facet normal -0 0 -1
    outer loop
      vertex -143.657 106.657 4
      vertex -144.062 106.55 4
      vertex -143.961 106.702 4
    endloop
  endfacet
  facet normal 0 0 -1
    outer loop
      vertex -143.657 106.657 4
      vertex -144.143 106.386 4
      vertex -144.062 106.55 4
    endloop
  endfacet
  facet normal 0 0 -1
    outer loop
      vertex -143.657 106.657 4
      vertex -144.202 106.212 4
      vertex -144.143 106.386 4
    endloop
  endfacet
  facet normal 0 0 -1
    outer loop
      vertex -143.657 106.657 4
      vertex -144.238 106.033 4
      vertex -144.202 106.212 4
    endloop
  endfacet
  facet normal 0 -0 -1
    outer loop
      vertex -144.238 106.033 4
      vertex -143.657 106.657 4
      vertex -144.241 105.991 4
    endloop
  endfacet
  facet normal -0 0 1
    outer loop
      vertex -138 109 4
      vertex -0.174999 107.25 4
      vertex -0.174999 109 4
    endloop
  endfacet
  facet normal 0 0 1
    outer loop
      vertex -142.85 107.25 4
      vertex -138 109 4
      vertex -139.044 108.932 4
    endloop
  endfacet
  facet normal 0 0 1
    outer loop
      vertex -142.85 107.25 4
      vertex -139.044 108.932 4
      vertex -140.071 108.727 4
    endloop
  endfacet
  facet normal 0 0 1
    outer loop
      vertex -142.85 107.25 4
      vertex -140.071 108.727 4
      vertex -141.061 108.391 4
    endloop
  endfacet
  facet normal 0 0 1
    outer loop
      vertex -142.85 107.25 4
      vertex -141.061 108.391 4
      vertex -142 107.928 4
    endloop
  endfacet
  facet normal 0 0 1
    outer loop
      vertex -138 109 4
      vertex -142.85 107.25 4
      vertex -0.174999 107.25 4
    endloop
  endfacet
  facet normal -0 0 1
    outer loop
      vertex -142.87 107.347 4
      vertex -142.85 107.25 4
      vertex -142 107.928 4
    endloop
  endfacet
  facet normal 0 0 1
    outer loop
      vertex -142.85 107.25 4
      vertex -142.87 107.347 4
      vertex -142.991 107.241 4
    endloop
  endfacet
  facet normal 0 0 1
    outer loop
      vertex -16.2154 81.7651 4
      vertex -0.174999 103.25 4
      vertex -16.2 82 4
    endloop
  endfacet
  facet normal 0 0 1
    outer loop
      vertex -0.174999 103.25 4
      vertex -16.2154 82.2349 4
      vertex -16.2 82 4
    endloop
  endfacet
  facet normal 0 0 1
    outer loop
      vertex -0.174999 103.25 4
      vertex -16.2613 82.4659 4
      vertex -16.2154 82.2349 4
    endloop
  endfacet
  facet normal 0 0 1
    outer loop
      vertex -0.174999 103.25 4
      vertex -16.337 82.6888 4
      vertex -16.2613 82.4659 4
    endloop
  endfacet
  facet normal 0 0 1
    outer loop
      vertex -0.174999 103.25 4
      vertex -16.4412 82.9 4
      vertex -16.337 82.6888 4
    endloop
  endfacet
  facet normal 0 0 1
    outer loop
      vertex -0.174999 103.25 4
      vertex -16.572 83.0958 4
      vertex -16.4412 82.9 4
    endloop
  endfacet
  facet normal 0 0 1
    outer loop
      vertex -0.174999 103.25 4
      vertex -16.7272 83.2728 4
      vertex -16.572 83.0958 4
    endloop
  endfacet
  facet normal 0 0 1
    outer loop
      vertex -0.174999 103.25 4
      vertex -16.9042 83.428 4
      vertex -16.7272 83.2728 4
    endloop
  endfacet
  facet normal 0 0 1
    outer loop
      vertex -0.174999 103.25 4
      vertex -17.1 83.5588 4
      vertex -16.9042 83.428 4
    endloop
  endfacet
  facet normal 0 0 1
    outer loop
      vertex -0.174999 103.25 4
      vertex -17.3112 83.663 4
      vertex -17.1 83.5588 4
    endloop
  endfacet
  facet normal 0 0 1
    outer loop
      vertex -0.174999 103.25 4
      vertex -17.5341 83.7387 4
      vertex -17.3112 83.663 4
    endloop
  endfacet
  facet normal 0 0 1
    outer loop
      vertex -0.174999 103.25 4
      vertex -17.7651 83.7846 4
      vertex -17.5341 83.7387 4
    endloop
  endfacet
  facet normal 0 0 1
    outer loop
      vertex -0.174999 103.25 4
      vertex -18 83.8 4
      vertex -17.7651 83.7846 4
    endloop
  endfacet
  facet normal 0 0 1
    outer loop
      vertex -0.174999 103.25 4
      vertex -18.2349 83.7846 4
      vertex -18 83.8 4
    endloop
  endfacet
  facet normal 0 0 1
    outer loop
      vertex -0.174999 103.25 4
      vertex -18.4659 83.7387 4
      vertex -18.2349 83.7846 4
    endloop
  endfacet
  facet normal 0 0 1
    outer loop
      vertex -0.174999 103.25 4
      vertex -18.6888 83.663 4
      vertex -18.4659 83.7387 4
    endloop
  endfacet
  facet normal 0 0 1
    outer loop
      vertex -0.174999 103.25 4
      vertex -18.9 83.5588 4
      vertex -18.6888 83.663 4
    endloop
  endfacet
  facet normal 0 0 1
    outer loop
      vertex -0.174999 103.25 4
      vertex -19.0958 83.428 4
      vertex -18.9 83.5588 4
    endloop
  endfacet
  facet normal -0 0 1
    outer loop
      vertex -140.539 102.702 4
      vertex -19.0958 83.428 4
      vertex -0.174999 103.25 4
    endloop
  endfacet
  facet normal 0 0 1
    outer loop
      vertex -140.25 101.85 4
      vertex -19.8 82 4
      vertex -19.7846 82.2349 4
    endloop
  endfacet
  facet normal 0 0 1
    outer loop
      vertex -140.25 101.85 4
      vertex -19.7846 82.2349 4
      vertex -19.7387 82.4659 4
    endloop
  endfacet
  facet normal 0 0 1
    outer loop
      vertex -140.25 101.85 4
      vertex -19.7387 82.4659 4
      vertex -19.663 82.6888 4
    endloop
  endfacet
  facet normal 0 0 1
    outer loop
      vertex -140.262 102.033 4
      vertex -19.663 82.6888 4
      vertex -19.5588 82.9 4
    endloop
  endfacet
  facet normal 0 0 1
    outer loop
      vertex -19.8 82 4
      vertex -55.3427 15.238 4
      vertex -55.16 15.25 4
    endloop
  endfacet
  facet normal 0 0 1
    outer loop
      vertex -19.8 82 4
      vertex -55.5223 15.2023 4
      vertex -55.3427 15.238 4
    endloop
  endfacet
  facet normal 0 0 1
    outer loop
      vertex -19.8 82 4
      vertex -55.6958 15.1434 4
      vertex -55.5223 15.2023 4
    endloop
  endfacet
  facet normal 0 0 1
    outer loop
      vertex -19.8 82 4
      vertex -101.1 19.5588 4
      vertex -55.6958 15.1434 4
    endloop
  endfacet
  facet normal -0 -0 1
    outer loop
      vertex -100.904 19.428 4
      vertex -55.6958 15.1434 4
      vertex -101.1 19.5588 4
    endloop
  endfacet
  facet normal 0 -0 1
    outer loop
      vertex -71.2358 11.1559 4
      vertex -55.6958 15.1434 4
      vertex -100.904 19.428 4
    endloop
  endfacet
  facet normal 0 0 1
    outer loop
      vertex -55.6958 15.1434 4
      vertex -71.2358 11.1559 4
      vertex -55.86 15.0624 4
    endloop
  endfacet
  facet normal 0 -0 1
    outer loop
      vertex -69.8 11.25 4
      vertex -55.86 15.0624 4
      vertex -71.2358 11.1559 4
    endloop
  endfacet
  facet normal 0 0 1
    outer loop
      vertex -56.56 13.85 4
      vertex -69.8 11.25 4
      vertex -56.56 12.65 4
    endloop
  endfacet
  facet normal 0 0 1
    outer loop
      vertex -56.548 14.0327 4
      vertex -69.8 11.25 4
      vertex -56.56 13.85 4
    endloop
  endfacet
  facet normal 0 0 1
    outer loop
      vertex -56.5123 14.2123 4
      vertex -69.8 11.25 4
      vertex -56.548 14.0327 4
    endloop
  endfacet
  facet normal 0 0 1
    outer loop
      vertex -56.4534 14.3858 4
      vertex -69.8 11.25 4
      vertex -56.5123 14.2123 4
    endloop
  endfacet
  facet normal 0 0 1
    outer loop
      vertex -56.3724 14.55 4
      vertex -69.8 11.25 4
      vertex -56.4534 14.3858 4
    endloop
  endfacet
  facet normal 0 0 1
    outer loop
      vertex -55.86 15.0624 4
      vertex -69.8 11.25 4
      vertex -56.0123 14.9607 4
    endloop
  endfacet
  facet normal 0 0 1
    outer loop
      vertex -140.298 102.212 4
      vertex -19.5588 82.9 4
      vertex -19.428 83.0958 4
    endloop
  endfacet
  facet normal 0 0 1
    outer loop
      vertex -56.0123 14.9607 4
      vertex -69.8 11.25 4
      vertex -56.1499 14.8399 4
    endloop
  endfacet
  facet normal 0 0 1
    outer loop
      vertex -56.2707 14.7023 4
      vertex -69.8 11.25 4
      vertex -56.3724 14.55 4
    endloop
  endfacet
  facet normal 0 0 1
    outer loop
      vertex -56.1499 14.8399 4
      vertex -69.8 11.25 4
      vertex -56.2707 14.7023 4
    endloop
  endfacet
  facet normal 0 0 1
    outer loop
      vertex -71.2358 11.1559 4
      vertex -100.727 19.2728 4
      vertex -72.647 10.8752 4
    endloop
  endfacet
  facet normal -0 -0 1
    outer loop
      vertex -100.572 19.0958 4
      vertex -72.647 10.8752 4
      vertex -100.727 19.2728 4
    endloop
  endfacet
  facet normal 0 0 1
    outer loop
      vertex -72.647 10.8752 4
      vertex -100.572 19.0958 4
      vertex -74.0095 10.4127 4
    endloop
  endfacet
  facet normal -0 -0 1
    outer loop
      vertex -100.441 18.9 4
      vertex -74.0095 10.4127 4
      vertex -100.572 19.0958 4
    endloop
  endfacet
  facet normal 0 0 1
    outer loop
      vertex -79.3263 5.75 4
      vertex -100.441 17.1 4
      vertex -79.9627 4.45952 4
    endloop
  endfacet
  facet normal -0 0 1
    outer loop
      vertex -100.441 17.1 4
      vertex -79.3263 5.75 4
      vertex -100.337 17.3112 4
    endloop
  endfacet
  facet normal 0 0 1
    outer loop
      vertex -78.5269 6.94637 4
      vertex -100.337 17.3112 4
      vertex -79.3263 5.75 4
    endloop
  endfacet
  facet normal -0 0 1
    outer loop
      vertex -100.337 17.3112 4
      vertex -78.5269 6.94637 4
      vertex -100.261 17.5341 4
    endloop
  endfacet
  facet normal -0 0 1
    outer loop
      vertex -100.261 17.5341 4
      vertex -78.5269 6.94637 4
      vertex -100.215 17.7651 4
    endloop
  endfacet
  facet normal 0 0 1
    outer loop
      vertex -77.5782 8.02817 4
      vertex -100.215 17.7651 4
      vertex -78.5269 6.94637 4
    endloop
  endfacet
  facet normal -0 -0 1
    outer loop
      vertex -100.337 18.6888 4
      vertex -75.3 9.77628 4
      vertex -100.441 18.9 4
    endloop
  endfacet
  facet normal 0 0 1
    outer loop
      vertex -140.357 102.386 4
      vertex -19.428 83.0958 4
      vertex -19.2728 83.2728 4
    endloop
  endfacet
  facet normal -0 -0 1
    outer loop
      vertex -140.438 102.55 4
      vertex -19.0958 83.428 4
      vertex -140.539 102.702 4
    endloop
  endfacet
  facet normal -0 0 1
    outer loop
      vertex -100.215 17.7651 4
      vertex -77.5782 8.02817 4
      vertex -100.2 18 4
    endloop
  endfacet
  facet normal -0 -0 1
    outer loop
      vertex -100.2 18 4
      vertex -77.5782 8.02817 4
      vertex -100.215 18.2349 4
    endloop
  endfacet
  facet normal 0 0 1
    outer loop
      vertex -76.4964 8.97689 4
      vertex -100.215 18.2349 4
      vertex -77.5782 8.02817 4
    endloop
  endfacet
  facet normal -0 -0 1
    outer loop
      vertex -100.215 18.2349 4
      vertex -76.4964 8.97689 4
      vertex -100.261 18.4659 4
    endloop
  endfacet
  facet normal 0 0 1
    outer loop
      vertex -75.3 9.77628 4
      vertex -100.261 18.4659 4
      vertex -76.4964 8.97689 4
    endloop
  endfacet
  facet normal -0 -0 1
    outer loop
      vertex -100.261 18.4659 4
      vertex -75.3 9.77628 4
      vertex -100.337 18.6888 4
    endloop
  endfacet
  facet normal 0 0 1
    outer loop
      vertex -74.0095 10.4127 4
      vertex -100.441 18.9 4
      vertex -75.3 9.77628 4
    endloop
  endfacet
  facet normal -0 -0 1
    outer loop
      vertex -100.727 19.2728 4
      vertex -71.2358 11.1559 4
      vertex -100.904 19.428 4
    endloop
  endfacet
  facet normal 0 0 1
    outer loop
      vertex -19.8 82 4
      vertex -101.311 19.663 4
      vertex -101.1 19.5588 4
    endloop
  endfacet
  facet normal 0 0 1
    outer loop
      vertex -19.8 82 4
      vertex -140.25 101.85 4
      vertex -101.534 19.7387 4
    endloop
  endfacet
  facet normal 0 0 1
    outer loop
      vertex -19.8 82 4
      vertex -101.534 19.7387 4
      vertex -101.311 19.663 4
    endloop
  endfacet
  facet normal 0 0 1
    outer loop
      vertex -101.534 19.7387 4
      vertex -140.25 101.85 4
      vertex -101.765 19.7846 4
    endloop
  endfacet
  facet normal 0 0 1
    outer loop
      vertex -101.765 19.7846 4
      vertex -140.25 101.85 4
      vertex -102 19.8 4
    endloop
  endfacet
  facet normal 0 0 1
    outer loop
      vertex -102 19.8 4
      vertex -140.25 101.85 4
      vertex -102.235 19.7846 4
    endloop
  endfacet
  facet normal 0 0 1
    outer loop
      vertex -102.235 19.7846 4
      vertex -140.25 101.85 4
      vertex -102.466 19.7387 4
    endloop
  endfacet
  facet normal 0 0 1
    outer loop
      vertex -102.466 19.7387 4
      vertex -140.25 101.85 4
      vertex -102.689 19.663 4
    endloop
  endfacet
  facet normal 0 0 1
    outer loop
      vertex -102.689 19.663 4
      vertex -140.25 101.85 4
      vertex -102.9 19.5588 4
    endloop
  endfacet
  facet normal 0 0 1
    outer loop
      vertex -103.739 18.4659 4
      vertex -140.25 0.174999 4
      vertex -103.785 18.2349 4
    endloop
  endfacet
  facet normal 0 0 1
    outer loop
      vertex -103.663 18.6888 4
      vertex -140.25 0.174999 4
      vertex -103.739 18.4659 4
    endloop
  endfacet
  facet normal 0 0 1
    outer loop
      vertex -103.559 18.9 4
      vertex -140.25 0.174999 4
      vertex -103.663 18.6888 4
    endloop
  endfacet
  facet normal 0 0 1
    outer loop
      vertex -103.428 19.0958 4
      vertex -140.25 0.174999 4
      vertex -103.559 18.9 4
    endloop
  endfacet
  facet normal 0 0 1
    outer loop
      vertex -140.25 0.174999 4
      vertex -103.428 19.0958 4
      vertex -140.25 101.85 4
    endloop
  endfacet
  facet normal 0 0 1
    outer loop
      vertex -103.273 19.2728 4
      vertex -140.25 101.85 4
      vertex -103.428 19.0958 4
    endloop
  endfacet
  facet normal 0 0 1
    outer loop
      vertex -103.096 19.428 4
      vertex -140.25 101.85 4
      vertex -103.273 19.2728 4
    endloop
  endfacet
  facet normal 0 0 1
    outer loop
      vertex -102.9 19.5588 4
      vertex -140.25 101.85 4
      vertex -103.096 19.428 4
    endloop
  endfacet
  facet normal 0 0 1
    outer loop
      vertex -19.663 82.6888 4
      vertex -140.262 102.033 4
      vertex -140.25 101.85 4
    endloop
  endfacet
  facet normal 0 0 1
    outer loop
      vertex -19.5588 82.9 4
      vertex -140.298 102.212 4
      vertex -140.262 102.033 4
    endloop
  endfacet
  facet normal 0 0 1
    outer loop
      vertex -19.428 83.0958 4
      vertex -140.357 102.386 4
      vertex -140.298 102.212 4
    endloop
  endfacet
  facet normal 0 0 1
    outer loop
      vertex -19.2728 83.2728 4
      vertex -140.438 102.55 4
      vertex -140.357 102.386 4
    endloop
  endfacet
  facet normal 0 0 1
    outer loop
      vertex -19.0958 83.428 4
      vertex -140.438 102.55 4
      vertex -19.2728 83.2728 4
    endloop
  endfacet
  facet normal 0 0 1
    outer loop
      vertex -0.174999 103.25 4
      vertex -140.66 102.84 4
      vertex -140.539 102.702 4
    endloop
  endfacet
  facet normal 0 0 1
    outer loop
      vertex -0.174999 103.25 4
      vertex -140.798 102.961 4
      vertex -140.66 102.84 4
    endloop
  endfacet
  facet normal 0 0 1
    outer loop
      vertex -0.174999 103.25 4
      vertex -140.95 103.062 4
      vertex -140.798 102.961 4
    endloop
  endfacet
  facet normal 0 0 1
    outer loop
      vertex -0.174999 103.25 4
      vertex -141.114 103.143 4
      vertex -140.95 103.062 4
    endloop
  endfacet
  facet normal 0 0 1
    outer loop
      vertex -0.174999 103.25 4
      vertex -141.288 103.202 4
      vertex -141.114 103.143 4
    endloop
  endfacet
  facet normal 0 0 1
    outer loop
      vertex -0.174999 103.25 4
      vertex -141.467 103.238 4
      vertex -141.288 103.202 4
    endloop
  endfacet
  facet normal 0 -0 1
    outer loop
      vertex -141.467 103.238 4
      vertex -0.174999 103.25 4
      vertex -141.65 103.25 4
    endloop
  endfacet
  facet normal 0 0 1
    outer loop
      vertex -16.2613 81.5341 4
      vertex -0.174999 103.25 4
      vertex -16.2154 81.7651 4
    endloop
  endfacet
  facet normal 0 0 1
    outer loop
      vertex -16.337 81.3112 4
      vertex -0.174999 103.25 4
      vertex -16.2613 81.5341 4
    endloop
  endfacet
  facet normal 0 0 1
    outer loop
      vertex -0.174999 103.25 4
      vertex -16.337 81.3112 4
      vertex -0.174999 15.25 4
    endloop
  endfacet
  facet normal -0 0 1
    outer loop
      vertex -16.4412 81.1 4
      vertex -0.174999 15.25 4
      vertex -16.337 81.3112 4
    endloop
  endfacet
  facet normal -0 0 1
    outer loop
      vertex -16.572 80.9042 4
      vertex -0.174999 15.25 4
      vertex -16.4412 81.1 4
    endloop
  endfacet
  facet normal -0 0 1
    outer loop
      vertex -16.7272 80.7272 4
      vertex -0.174999 15.25 4
      vertex -16.572 80.9042 4
    endloop
  endfacet
  facet normal -0 0 1
    outer loop
      vertex -16.9042 80.572 4
      vertex -0.174999 15.25 4
      vertex -16.7272 80.7272 4
    endloop
  endfacet
  facet normal -0 0 1
    outer loop
      vertex -17.1 80.4412 4
      vertex -0.174999 15.25 4
      vertex -16.9042 80.572 4
    endloop
  endfacet
  facet normal -0 0 1
    outer loop
      vertex -17.3112 80.337 4
      vertex -0.174999 15.25 4
      vertex -17.1 80.4412 4
    endloop
  endfacet
  facet normal -0 0 1
    outer loop
      vertex -17.5341 80.2613 4
      vertex -0.174999 15.25 4
      vertex -17.3112 80.337 4
    endloop
  endfacet
  facet normal -0 0 1
    outer loop
      vertex -17.7651 80.2154 4
      vertex -0.174999 15.25 4
      vertex -17.5341 80.2613 4
    endloop
  endfacet
  facet normal -0 0 1
    outer loop
      vertex -18 80.2 4
      vertex -0.174999 15.25 4
      vertex -17.7651 80.2154 4
    endloop
  endfacet
  facet normal 0 0 1
    outer loop
      vertex -18.2349 80.2154 4
      vertex -0.174999 15.25 4
      vertex -18 80.2 4
    endloop
  endfacet
  facet normal 0 0 1
    outer loop
      vertex -18.4659 80.2613 4
      vertex -0.174999 15.25 4
      vertex -18.2349 80.2154 4
    endloop
  endfacet
  facet normal 0 0 1
    outer loop
      vertex -55.16 15.25 4
      vertex -18.4659 80.2613 4
      vertex -18.6888 80.337 4
    endloop
  endfacet
  facet normal 0 0 1
    outer loop
      vertex -55.16 15.25 4
      vertex -18.6888 80.337 4
      vertex -18.9 80.4412 4
    endloop
  endfacet
  facet normal 0 0 1
    outer loop
      vertex -55.16 15.25 4
      vertex -18.9 80.4412 4
      vertex -19.0958 80.572 4
    endloop
  endfacet
  facet normal 0 0 1
    outer loop
      vertex -55.16 15.25 4
      vertex -19.0958 80.572 4
      vertex -19.2728 80.7272 4
    endloop
  endfacet
  facet normal 0 0 1
    outer loop
      vertex -55.16 15.25 4
      vertex -19.2728 80.7272 4
      vertex -19.428 80.9042 4
    endloop
  endfacet
  facet normal 0 0 1
    outer loop
      vertex -55.16 15.25 4
      vertex -19.428 80.9042 4
      vertex -19.5588 81.1 4
    endloop
  endfacet
  facet normal 0 0 1
    outer loop
      vertex -55.16 15.25 4
      vertex -19.5588 81.1 4
      vertex -19.663 81.3112 4
    endloop
  endfacet
  facet normal 0 0 1
    outer loop
      vertex -55.16 15.25 4
      vertex -19.663 81.3112 4
      vertex -19.7387 81.5341 4
    endloop
  endfacet
  facet normal 0 0 1
    outer loop
      vertex -18.4659 80.2613 4
      vertex -55.16 15.25 4
      vertex -0.174999 15.25 4
    endloop
  endfacet
  facet normal 0 0 1
    outer loop
      vertex -19.7846 81.7651 4
      vertex -55.16 15.25 4
      vertex -19.7387 81.5341 4
    endloop
  endfacet
  facet normal 0 0 1
    outer loop
      vertex -55.16 15.25 4
      vertex -19.7846 81.7651 4
      vertex -19.8 82 4
    endloop
  endfacet
  facet normal 0 0 1
    outer loop
      vertex -55.3427 11.262 4
      vertex -69.8 11.25 4
      vertex -55.16 11.25 4
    endloop
  endfacet
  facet normal 0 0 1
    outer loop
      vertex -55.5223 11.2977 4
      vertex -69.8 11.25 4
      vertex -55.3427 11.262 4
    endloop
  endfacet
  facet normal 0 0 1
    outer loop
      vertex -55.6958 11.3566 4
      vertex -69.8 11.25 4
      vertex -55.5223 11.2977 4
    endloop
  endfacet
  facet normal 0 0 1
    outer loop
      vertex -55.86 11.4376 4
      vertex -69.8 11.25 4
      vertex -55.6958 11.3566 4
    endloop
  endfacet
  facet normal 0 0 1
    outer loop
      vertex -56.0123 11.5393 4
      vertex -69.8 11.25 4
      vertex -55.86 11.4376 4
    endloop
  endfacet
  facet normal 0 0 1
    outer loop
      vertex -56.1499 11.6601 4
      vertex -69.8 11.25 4
      vertex -56.0123 11.5393 4
    endloop
  endfacet
  facet normal 0 0 1
    outer loop
      vertex -56.2707 11.7977 4
      vertex -69.8 11.25 4
      vertex -56.1499 11.6601 4
    endloop
  endfacet
  facet normal 0 0 1
    outer loop
      vertex -56.3724 11.95 4
      vertex -69.8 11.25 4
      vertex -56.2707 11.7977 4
    endloop
  endfacet
  facet normal 0 0 1
    outer loop
      vertex -56.4534 12.1142 4
      vertex -69.8 11.25 4
      vertex -56.3724 11.95 4
    endloop
  endfacet
  facet normal 0 0 1
    outer loop
      vertex -56.5123 12.2877 4
      vertex -69.8 11.25 4
      vertex -56.4534 12.1142 4
    endloop
  endfacet
  facet normal 0 0 1
    outer loop
      vertex -56.548 12.4673 4
      vertex -69.8 11.25 4
      vertex -56.5123 12.2877 4
    endloop
  endfacet
  facet normal 0 0 1
    outer loop
      vertex -69.8 11.25 4
      vertex -56.548 12.4673 4
      vertex -56.56 12.65 4
    endloop
  endfacet
  facet normal -0 0 1
    outer loop
      vertex -100.572 16.9042 4
      vertex -79.9627 4.45952 4
      vertex -100.441 17.1 4
    endloop
  endfacet
  facet normal -0 0 1
    outer loop
      vertex -100.727 16.7272 4
      vertex -79.9627 4.45952 4
      vertex -100.572 16.9042 4
    endloop
  endfacet
  facet normal 0 0 1
    outer loop
      vertex -79.9627 4.45952 4
      vertex -100.727 16.7272 4
      vertex -80.4252 3.09701 4
    endloop
  endfacet
  facet normal -0 0 1
    outer loop
      vertex -100.904 16.572 4
      vertex -80.4252 3.09701 4
      vertex -100.727 16.7272 4
    endloop
  endfacet
  facet normal -0 0 1
    outer loop
      vertex -101.1 16.4412 4
      vertex -80.4252 3.09701 4
      vertex -100.904 16.572 4
    endloop
  endfacet
  facet normal 0 0 1
    outer loop
      vertex -80.4252 3.09701 4
      vertex -101.1 16.4412 4
      vertex -80.7059 1.68579 4
    endloop
  endfacet
  facet normal -0 0 1
    outer loop
      vertex -101.311 16.337 4
      vertex -80.7059 1.68579 4
      vertex -101.1 16.4412 4
    endloop
  endfacet
  facet normal 0 0 1
    outer loop
      vertex -80.7059 1.68579 4
      vertex -101.311 16.337 4
      vertex -80.8 0.25 4
    endloop
  endfacet
  facet normal -0 0 1
    outer loop
      vertex -101.534 16.2613 4
      vertex -80.8 0.25 4
      vertex -101.311 16.337 4
    endloop
  endfacet
  facet normal 0 0 1
    outer loop
      vertex -80.8 0.25 4
      vertex -101.534 16.2613 4
      vertex -80.8 0.174999 4
    endloop
  endfacet
  facet normal -0 0 1
    outer loop
      vertex -101.765 16.2154 4
      vertex -80.8 0.174999 4
      vertex -101.534 16.2613 4
    endloop
  endfacet
  facet normal -0 0 1
    outer loop
      vertex -102 16.2 4
      vertex -80.8 0.174999 4
      vertex -101.765 16.2154 4
    endloop
  endfacet
  facet normal 0 0 1
    outer loop
      vertex -102.235 16.2154 4
      vertex -80.8 0.174999 4
      vertex -102 16.2 4
    endloop
  endfacet
  facet normal 0 0 1
    outer loop
      vertex -102.466 16.2613 4
      vertex -80.8 0.174999 4
      vertex -102.235 16.2154 4
    endloop
  endfacet
  facet normal 0 0 1
    outer loop
      vertex -140.25 0.174999 4
      vertex -102.466 16.2613 4
      vertex -102.689 16.337 4
    endloop
  endfacet
  facet normal 0 0 1
    outer loop
      vertex -140.25 0.174999 4
      vertex -102.689 16.337 4
      vertex -102.9 16.4412 4
    endloop
  endfacet
  facet normal 0 0 1
    outer loop
      vertex -140.25 0.174999 4
      vertex -102.9 16.4412 4
      vertex -103.096 16.572 4
    endloop
  endfacet
  facet normal 0 0 1
    outer loop
      vertex -103.785 18.2349 4
      vertex -140.25 0.174999 4
      vertex -103.8 18 4
    endloop
  endfacet
  facet normal 0 0 1
    outer loop
      vertex -103.8 18 4
      vertex -140.25 0.174999 4
      vertex -103.785 17.7651 4
    endloop
  endfacet
  facet normal 0 0 1
    outer loop
      vertex -103.785 17.7651 4
      vertex -140.25 0.174999 4
      vertex -103.739 17.5341 4
    endloop
  endfacet
  facet normal 0 0 1
    outer loop
      vertex -102.466 16.2613 4
      vertex -140.25 0.174999 4
      vertex -80.8 0.174999 4
    endloop
  endfacet
  facet normal 0 0 1
    outer loop
      vertex -103.273 16.7272 4
      vertex -140.25 0.174999 4
      vertex -103.096 16.572 4
    endloop
  endfacet
  facet normal 0 0 1
    outer loop
      vertex -103.428 16.9042 4
      vertex -140.25 0.174999 4
      vertex -103.273 16.7272 4
    endloop
  endfacet
  facet normal 0 0 1
    outer loop
      vertex -103.559 17.1 4
      vertex -140.25 0.174999 4
      vertex -103.428 16.9042 4
    endloop
  endfacet
  facet normal 0 0 1
    outer loop
      vertex -103.663 17.3112 4
      vertex -140.25 0.174999 4
      vertex -103.559 17.1 4
    endloop
  endfacet
  facet normal 0 0 1
    outer loop
      vertex -103.739 17.5341 4
      vertex -140.25 0.174999 4
      vertex -103.663 17.3112 4
    endloop
  endfacet
  facet normal -0 0 1
    outer loop
      vertex 0.174999 109 4
      vertex 1 107.25 4
      vertex 1 109 4
    endloop
  endfacet
  facet normal 0 0 1
    outer loop
      vertex 1 107.25 4
      vertex 0.174999 109 4
      vertex 0.174999 107.25 4
    endloop
  endfacet
  facet normal -0 0 1
    outer loop
      vertex 0.174999 103.25 4
      vertex 1 15.25 4
      vertex 1 103.25 4
    endloop
  endfacet
  facet normal 0 0 1
    outer loop
      vertex 1 15.25 4
      vertex 0.174999 103.25 4
      vertex 0.174999 15.25 4
    endloop
  endfacet
  facet normal -0 0 1
    outer loop
      vertex -146 -0.174999 4
      vertex -144.25 -1 4
      vertex -144.25 -0.174999 4
    endloop
  endfacet
  facet normal 0 0 1
    outer loop
      vertex -144.25 -1 4
      vertex -146 -0.174999 4
      vertex -146 -1 4
    endloop
  endfacet
  facet normal -0 0 1
    outer loop
      vertex -140.25 -0.174999 4
      vertex -80.8 -1 4
      vertex -80.8 -0.174999 4
    endloop
  endfacet
  facet normal 0 0 1
    outer loop
      vertex -80.8 -1 4
      vertex -140.25 -0.174999 4
      vertex -140.25 -1 4
    endloop
  endfacet
  facet normal -0.442835 0.896603 0
    outer loop
      vertex -143.386 103.143 4
      vertex -143.55 103.062 9.5
      vertex -143.386 103.143 9.5
    endloop
  endfacet
  facet normal -0.442835 0.896603 0
    outer loop
      vertex -143.55 103.062 9.5
      vertex -143.386 103.143 4
      vertex -143.55 103.062 4
    endloop
  endfacet
  facet normal 0.321122 0.947038 -0
    outer loop
      vertex -141.114 103.143 4
      vertex -141.288 103.202 9.5
      vertex -141.114 103.143 9.5
    endloop
  endfacet
  facet normal 0.321122 0.947038 0
    outer loop
      vertex -141.288 103.202 9.5
      vertex -141.114 103.143 4
      vertex -141.288 103.202 4
    endloop
  endfacet
  facet normal -0.751901 0.659276 -3.75705e-19
    outer loop
      vertex -143.961 102.702 4
      vertex -143.84 102.84 9.5
      vertex -143.84 102.84 4
    endloop
  endfacet
  facet normal -0.751901 0.659276 -3.75705e-19
    outer loop
      vertex -143.84 102.84 9.5
      vertex -143.961 102.702 4
      vertex -143.961 102.702 9.5
    endloop
  endfacet
  facet normal -0.321122 0.947038 0
    outer loop
      vertex -143.212 103.202 4
      vertex -143.386 103.143 9.5
      vertex -143.212 103.202 9.5
    endloop
  endfacet
  facet normal -0.321122 0.947038 0
    outer loop
      vertex -143.386 103.143 9.5
      vertex -143.212 103.202 4
      vertex -143.386 103.143 4
    endloop
  endfacet
  facet normal 0.553435 0.832892 -0
    outer loop
      vertex -140.798 102.961 4
      vertex -140.95 103.062 9.5
      vertex -140.798 102.961 9.5
    endloop
  endfacet
  facet normal 0.553435 0.832892 0
    outer loop
      vertex -140.95 103.062 9.5
      vertex -140.798 102.961 4
      vertex -140.95 103.062 4
    endloop
  endfacet
  facet normal -0.553435 0.832892 0
    outer loop
      vertex -143.55 103.062 4
      vertex -143.702 102.961 9.5
      vertex -143.55 103.062 9.5
    endloop
  endfacet
  facet normal -0.553435 0.832892 0
    outer loop
      vertex -143.702 102.961 9.5
      vertex -143.55 103.062 4
      vertex -143.702 102.961 4
    endloop
  endfacet
  facet normal 0.0654332 0.997857 -0
    outer loop
      vertex -141.467 103.238 4
      vertex -141.65 103.25 9.5
      vertex -141.467 103.238 9.5
    endloop
  endfacet
  facet normal 0.0654332 0.997857 0
    outer loop
      vertex -141.65 103.25 9.5
      vertex -141.467 103.238 4
      vertex -141.65 103.25 4
    endloop
  endfacet
  facet normal -0.980369 0.197169 3.37418e-19
    outer loop
      vertex -144.238 102.033 4
      vertex -144.202 102.212 9.5
      vertex -144.202 102.212 4
    endloop
  endfacet
  facet normal -0.980369 0.197169 3.37418e-19
    outer loop
      vertex -144.202 102.212 9.5
      vertex -144.238 102.033 4
      vertex -144.238 102.033 9.5
    endloop
  endfacet
  facet normal -0.997857 0.0654332 -1.30101e-19
    outer loop
      vertex -144.25 101.85 4
      vertex -144.238 102.033 9.5
      vertex -144.238 102.033 4
    endloop
  endfacet
  facet normal -0.997857 0.0654332 -1.30101e-19
    outer loop
      vertex -144.238 102.033 9.5
      vertex -144.25 101.85 4
      vertex -144.25 101.85 9.5
    endloop
  endfacet
  facet normal 0.997857 0.0654332 1.30101e-19
    outer loop
      vertex -140.25 101.85 9.5
      vertex -140.262 102.033 4
      vertex -140.262 102.033 9.5
    endloop
  endfacet
  facet normal 0.997857 0.0654332 1.30101e-19
    outer loop
      vertex -140.262 102.033 4
      vertex -140.25 101.85 9.5
      vertex -140.25 101.85 4
    endloop
  endfacet
  facet normal 0.659276 0.751901 -0
    outer loop
      vertex -140.66 102.84 4
      vertex -140.798 102.961 9.5
      vertex -140.66 102.84 9.5
    endloop
  endfacet
  facet normal 0.659276 0.751901 0
    outer loop
      vertex -140.798 102.961 9.5
      vertex -140.66 102.84 4
      vertex -140.798 102.961 4
    endloop
  endfacet
  facet normal -0.947038 0.321122 -7.0007e-19
    outer loop
      vertex -144.202 102.212 4
      vertex -144.143 102.386 9.5
      vertex -144.143 102.386 4
    endloop
  endfacet
  facet normal -0.947038 0.321122 -7.0007e-19
    outer loop
      vertex -144.143 102.386 9.5
      vertex -144.202 102.212 4
      vertex -144.202 102.212 9.5
    endloop
  endfacet
  facet normal 0.980369 0.197169 -3.37418e-19
    outer loop
      vertex -140.262 102.033 9.5
      vertex -140.298 102.212 4
      vertex -140.298 102.212 9.5
    endloop
  endfacet
  facet normal 0.980369 0.197169 -3.37418e-19
    outer loop
      vertex -140.298 102.212 4
      vertex -140.262 102.033 9.5
      vertex -140.262 102.033 4
    endloop
  endfacet
  facet normal 0.197169 0.980369 -0
    outer loop
      vertex -141.288 103.202 4
      vertex -141.467 103.238 9.5
      vertex -141.288 103.202 9.5
    endloop
  endfacet
  facet normal 0.197169 0.980369 0
    outer loop
      vertex -141.467 103.238 9.5
      vertex -141.288 103.202 4
      vertex -141.467 103.238 4
    endloop
  endfacet
  facet normal 0 0 1
    outer loop
      vertex -0.174999 107.25 9.5
      vertex -141.65 103.25 9.5
      vertex -0.174999 103.25 9.5
    endloop
  endfacet
  facet normal 0 -0 1
    outer loop
      vertex -141.65 103.25 9.5
      vertex -0.174999 107.25 9.5
      vertex -142.85 107.25 9.5
    endloop
  endfacet
  facet normal 0 0 1
    outer loop
      vertex -141.65 103.25 9.5
      vertex -140.25 101.85 9.5
      vertex -140.262 102.033 9.5
    endloop
  endfacet
  facet normal 0 0 1
    outer loop
      vertex -141.65 103.25 9.5
      vertex -140.262 102.033 9.5
      vertex -140.298 102.212 9.5
    endloop
  endfacet
  facet normal 0 0 1
    outer loop
      vertex -141.65 103.25 9.5
      vertex -140.298 102.212 9.5
      vertex -140.357 102.386 9.5
    endloop
  endfacet
  facet normal 0 0 1
    outer loop
      vertex -141.65 103.25 9.5
      vertex -140.357 102.386 9.5
      vertex -140.438 102.55 9.5
    endloop
  endfacet
  facet normal 0 0 1
    outer loop
      vertex -141.65 103.25 9.5
      vertex -140.438 102.55 9.5
      vertex -140.539 102.702 9.5
    endloop
  endfacet
  facet normal 0 0 1
    outer loop
      vertex -141.65 103.25 9.5
      vertex -140.539 102.702 9.5
      vertex -140.66 102.84 9.5
    endloop
  endfacet
  facet normal 0 0 1
    outer loop
      vertex -141.65 103.25 9.5
      vertex -140.66 102.84 9.5
      vertex -140.798 102.961 9.5
    endloop
  endfacet
  facet normal 0 0 1
    outer loop
      vertex -141.65 103.25 9.5
      vertex -140.798 102.961 9.5
      vertex -140.95 103.062 9.5
    endloop
  endfacet
  facet normal 0 0 1
    outer loop
      vertex -141.65 103.25 9.5
      vertex -140.95 103.062 9.5
      vertex -141.114 103.143 9.5
    endloop
  endfacet
  facet normal 0 0 1
    outer loop
      vertex -141.65 103.25 9.5
      vertex -141.114 103.143 9.5
      vertex -141.288 103.202 9.5
    endloop
  endfacet
  facet normal 0 0 1
    outer loop
      vertex -141.65 103.25 9.5
      vertex -141.288 103.202 9.5
      vertex -141.467 103.238 9.5
    endloop
  endfacet
  facet normal 0 0 1
    outer loop
      vertex -140.25 101.85 9.5
      vertex -141.65 103.25 9.5
      vertex -144.25 101.85 9.5
    endloop
  endfacet
  facet normal 0 0 1
    outer loop
      vertex -142.85 103.25 9.5
      vertex -141.65 103.25 9.5
      vertex -142.85 107.25 9.5
    endloop
  endfacet
  facet normal 0 0 1
    outer loop
      vertex -144.25 101.85 9.5
      vertex -141.65 103.25 9.5
      vertex -142.85 103.25 9.5
    endloop
  endfacet
  facet normal 0 0 1
    outer loop
      vertex -144.25 101.85 9.5
      vertex -142.85 103.25 9.5
      vertex -143.033 103.238 9.5
    endloop
  endfacet
  facet normal 0 0 1
    outer loop
      vertex -144.25 101.85 9.5
      vertex -143.033 103.238 9.5
      vertex -143.212 103.202 9.5
    endloop
  endfacet
  facet normal 0 0 1
    outer loop
      vertex -144.25 101.85 9.5
      vertex -143.212 103.202 9.5
      vertex -143.386 103.143 9.5
    endloop
  endfacet
  facet normal 0 0 1
    outer loop
      vertex -144.25 101.85 9.5
      vertex -143.386 103.143 9.5
      vertex -143.55 103.062 9.5
    endloop
  endfacet
  facet normal 0 0 1
    outer loop
      vertex -144.25 101.85 9.5
      vertex -143.55 103.062 9.5
      vertex -143.702 102.961 9.5
    endloop
  endfacet
  facet normal 0 0 1
    outer loop
      vertex -144.25 101.85 9.5
      vertex -143.702 102.961 9.5
      vertex -143.84 102.84 9.5
    endloop
  endfacet
  facet normal 0 0 1
    outer loop
      vertex -144.25 101.85 9.5
      vertex -143.84 102.84 9.5
      vertex -143.961 102.702 9.5
    endloop
  endfacet
  facet normal 0 0 1
    outer loop
      vertex -144.25 101.85 9.5
      vertex -143.961 102.702 9.5
      vertex -144.062 102.55 9.5
    endloop
  endfacet
  facet normal 0 0 1
    outer loop
      vertex -144.25 101.85 9.5
      vertex -144.062 102.55 9.5
      vertex -144.143 102.386 9.5
    endloop
  endfacet
  facet normal 0 0 1
    outer loop
      vertex -144.25 101.85 9.5
      vertex -144.143 102.386 9.5
      vertex -144.202 102.212 9.5
    endloop
  endfacet
  facet normal 0 0 1
    outer loop
      vertex -144.25 101.85 9.5
      vertex -144.202 102.212 9.5
      vertex -144.238 102.033 9.5
    endloop
  endfacet
  facet normal 0 0 1
    outer loop
      vertex -140.25 101.85 9.5
      vertex -144.25 101.85 9.5
      vertex -140.25 0.174999 9.5
    endloop
  endfacet
  facet normal 0 0 1
    outer loop
      vertex -140.25 0.174999 9.5
      vertex -144.25 101.85 9.5
      vertex -144.25 0.174999 9.5
    endloop
  endfacet
  facet normal 0 0 1
    outer loop
      vertex -144.25 105.85 9.5
      vertex -142.85 107.25 9.5
      vertex -143.033 107.238 9.5
    endloop
  endfacet
  facet normal 0 0 1
    outer loop
      vertex -142.85 107.25 9.5
      vertex -144.25 105.85 9.5
      vertex -142.85 103.25 9.5
    endloop
  endfacet
  facet normal 0 0 1
    outer loop
      vertex -144.25 105.85 9.5
      vertex -143.033 107.238 9.5
      vertex -143.212 107.202 9.5
    endloop
  endfacet
  facet normal -0 0 1
    outer loop
      vertex -144.25 104.65 9.5
      vertex -142.85 103.25 9.5
      vertex -144.25 105.85 9.5
    endloop
  endfacet
  facet normal 0 0 1
    outer loop
      vertex -144.25 105.85 9.5
      vertex -143.212 107.202 9.5
      vertex -143.386 107.143 9.5
    endloop
  endfacet
  facet normal 0 0 1
    outer loop
      vertex -142.85 103.25 9.5
      vertex -144.25 104.65 9.5
      vertex -143.033 103.262 9.5
    endloop
  endfacet
  facet normal 0 0 1
    outer loop
      vertex -144.25 105.85 9.5
      vertex -143.386 107.143 9.5
      vertex -143.55 107.062 9.5
    endloop
  endfacet
  facet normal 0 0 1
    outer loop
      vertex -143.033 103.262 9.5
      vertex -144.25 104.65 9.5
      vertex -143.212 103.298 9.5
    endloop
  endfacet
  facet normal 0 0 1
    outer loop
      vertex -144.25 105.85 9.5
      vertex -143.55 107.062 9.5
      vertex -143.702 106.961 9.5
    endloop
  endfacet
  facet normal 0 0 1
    outer loop
      vertex -143.212 103.298 9.5
      vertex -144.25 104.65 9.5
      vertex -143.386 103.357 9.5
    endloop
  endfacet
  facet normal 0 0 1
    outer loop
      vertex -144.25 105.85 9.5
      vertex -143.702 106.961 9.5
      vertex -143.84 106.84 9.5
    endloop
  endfacet
  facet normal 0 0 1
    outer loop
      vertex -143.386 103.357 9.5
      vertex -144.25 104.65 9.5
      vertex -143.55 103.438 9.5
    endloop
  endfacet
  facet normal 0 0 1
    outer loop
      vertex -144.25 105.85 9.5
      vertex -143.84 106.84 9.5
      vertex -143.961 106.702 9.5
    endloop
  endfacet
  facet normal 0 0 1
    outer loop
      vertex -143.55 103.438 9.5
      vertex -144.25 104.65 9.5
      vertex -143.702 103.539 9.5
    endloop
  endfacet
  facet normal 0 0 1
    outer loop
      vertex -144.25 105.85 9.5
      vertex -143.961 106.702 9.5
      vertex -144.062 106.55 9.5
    endloop
  endfacet
  facet normal 0 0 1
    outer loop
      vertex -143.702 103.539 9.5
      vertex -144.25 104.65 9.5
      vertex -143.84 103.66 9.5
    endloop
  endfacet
  facet normal 0 0 1
    outer loop
      vertex -144.25 105.85 9.5
      vertex -144.062 106.55 9.5
      vertex -144.143 106.386 9.5
    endloop
  endfacet
  facet normal 0 0 1
    outer loop
      vertex -143.84 103.66 9.5
      vertex -144.25 104.65 9.5
      vertex -143.961 103.798 9.5
    endloop
  endfacet
  facet normal 0 0 1
    outer loop
      vertex -144.25 105.85 9.5
      vertex -144.143 106.386 9.5
      vertex -144.202 106.212 9.5
    endloop
  endfacet
  facet normal 0 0 1
    outer loop
      vertex -143.961 103.798 9.5
      vertex -144.25 104.65 9.5
      vertex -144.062 103.95 9.5
    endloop
  endfacet
  facet normal 0 0 1
    outer loop
      vertex -144.25 105.85 9.5
      vertex -144.202 106.212 9.5
      vertex -144.238 106.033 9.5
    endloop
  endfacet
  facet normal 0 0 1
    outer loop
      vertex -144.062 103.95 9.5
      vertex -144.25 104.65 9.5
      vertex -144.143 104.114 9.5
    endloop
  endfacet
  facet normal 0 0 1
    outer loop
      vertex -144.143 104.114 9.5
      vertex -144.25 104.65 9.5
      vertex -144.202 104.288 9.5
    endloop
  endfacet
  facet normal 0 0 1
    outer loop
      vertex -144.202 104.288 9.5
      vertex -144.25 104.65 9.5
      vertex -144.238 104.467 9.5
    endloop
  endfacet
  facet normal -0 0 1
    outer loop
      vertex 0.174999 107.25 9.5
      vertex 1 103.25 9.5
      vertex 1 107.25 9.5
    endloop
  endfacet
  facet normal 0 0 1
    outer loop
      vertex 1 103.25 9.5
      vertex 0.174999 107.25 9.5
      vertex 0.174999 103.25 9.5
    endloop
  endfacet
  facet normal -0 0 1
    outer loop
      vertex -144.25 -0.174999 9.5
      vertex -140.25 -1 9.5
      vertex -140.25 -0.174999 9.5
    endloop
  endfacet
  facet normal 0 0 1
    outer loop
      vertex -140.25 -1 9.5
      vertex -144.25 -0.174999 9.5
      vertex -144.25 -1 9.5
    endloop
  endfacet
  facet normal -0.0654332 0.997857 0
    outer loop
      vertex -142.85 103.25 4
      vertex -143.033 103.238 9.5
      vertex -142.85 103.25 9.5
    endloop
  endfacet
  facet normal -0.0654332 0.997857 0
    outer loop
      vertex -143.033 103.238 9.5
      vertex -142.85 103.25 4
      vertex -143.033 103.238 4
    endloop
  endfacet
  facet normal -0.197169 0.980369 0
    outer loop
      vertex -143.033 103.238 4
      vertex -143.212 103.202 9.5
      vertex -143.033 103.238 9.5
    endloop
  endfacet
  facet normal -0.197169 0.980369 0
    outer loop
      vertex -143.212 103.202 9.5
      vertex -143.033 103.238 4
      vertex -143.212 103.202 4
    endloop
  endfacet
  facet normal 0.832892 0.553435 -4.63565e-19
    outer loop
      vertex -140.438 102.55 9.5
      vertex -140.539 102.702 4
      vertex -140.539 102.702 9.5
    endloop
  endfacet
  facet normal 0.832892 0.553435 -4.63565e-19
    outer loop
      vertex -140.539 102.702 4
      vertex -140.438 102.55 9.5
      vertex -140.438 102.55 4
    endloop
  endfacet
  facet normal 0.442835 0.896603 -0
    outer loop
      vertex -140.95 103.062 4
      vertex -141.114 103.143 9.5
      vertex -140.95 103.062 9.5
    endloop
  endfacet
  facet normal 0.442835 0.896603 0
    outer loop
      vertex -141.114 103.143 9.5
      vertex -140.95 103.062 4
      vertex -141.114 103.143 4
    endloop
  endfacet
  facet normal 0.947038 0.321122 7.0007e-19
    outer loop
      vertex -140.298 102.212 9.5
      vertex -140.357 102.386 4
      vertex -140.357 102.386 9.5
    endloop
  endfacet
  facet normal 0.947038 0.321122 7.0007e-19
    outer loop
      vertex -140.357 102.386 4
      vertex -140.298 102.212 9.5
      vertex -140.298 102.212 4
    endloop
  endfacet
  facet normal 0.751901 0.659276 3.75705e-19
    outer loop
      vertex -140.539 102.702 9.5
      vertex -140.66 102.84 4
      vertex -140.66 102.84 9.5
    endloop
  endfacet
  facet normal 0.751901 0.659276 3.75705e-19
    outer loop
      vertex -140.66 102.84 4
      vertex -140.539 102.702 9.5
      vertex -140.539 102.702 4
    endloop
  endfacet
  facet normal -1 0 0
    outer loop
      vertex -144.25 104.65 4
      vertex -144.25 105.85 9.5
      vertex -144.25 105.85 4
    endloop
  endfacet
  facet normal -1 -0 0
    outer loop
      vertex -144.25 105.85 9.5
      vertex -144.25 104.65 4
      vertex -144.25 104.65 9.5
    endloop
  endfacet
  facet normal -0.0654332 0.997857 0
    outer loop
      vertex -142.85 107.25 4
      vertex -143.033 107.238 9.5
      vertex -142.85 107.25 9.5
    endloop
  endfacet
  facet normal -0.0637002 0.997969 5.79092e-05
    outer loop
      vertex -142.991 107.241 4
      vertex -143.033 107.238 9.5
      vertex -142.85 107.25 4
    endloop
  endfacet
  facet normal -0.071247 0.997459 0
    outer loop
      vertex -143.033 107.238 9.5
      vertex -142.991 107.241 4
      vertex -143.033 107.238 4
    endloop
  endfacet
  facet normal 0 1 -0
    outer loop
      vertex -0.174999 107.25 4
      vertex -142.85 107.25 9.5
      vertex -0.174999 107.25 9.5
    endloop
  endfacet
  facet normal 0 1 0
    outer loop
      vertex -142.85 107.25 9.5
      vertex -0.174999 107.25 4
      vertex -142.85 107.25 4
    endloop
  endfacet
  facet normal 0 1 -0
    outer loop
      vertex 1 107.25 4
      vertex 0.174999 107.25 9.5
      vertex 1 107.25 9.5
    endloop
  endfacet
  facet normal 0 1 0
    outer loop
      vertex 0.174999 107.25 9.5
      vertex 1 107.25 4
      vertex 0.174999 107.25 4
    endloop
  endfacet
  facet normal -0.947038 0.321122 -7.0007e-19
    outer loop
      vertex -144.202 106.212 4
      vertex -144.143 106.386 9.5
      vertex -144.143 106.386 4
    endloop
  endfacet
  facet normal -0.947038 0.321122 -7.0007e-19
    outer loop
      vertex -144.143 106.386 9.5
      vertex -144.202 106.212 4
      vertex -144.202 106.212 9.5
    endloop
  endfacet
  facet normal -0.751901 0.659276 -3.75705e-19
    outer loop
      vertex -143.961 106.702 4
      vertex -143.84 106.84 9.5
      vertex -143.84 106.84 4
    endloop
  endfacet
  facet normal -0.751901 0.659276 -3.75705e-19
    outer loop
      vertex -143.84 106.84 9.5
      vertex -143.961 106.702 4
      vertex -143.961 106.702 9.5
    endloop
  endfacet
  facet normal -0.442835 0.896603 0
    outer loop
      vertex -143.386 107.143 4
      vertex -143.55 107.062 9.5
      vertex -143.386 107.143 9.5
    endloop
  endfacet
  facet normal -0.442835 0.896603 0
    outer loop
      vertex -143.55 107.062 9.5
      vertex -143.386 107.143 4
      vertex -143.55 107.062 4
    endloop
  endfacet
  facet normal -0.997459 0.071247 4.97147e-20
    outer loop
      vertex -144.241 105.991 4
      vertex -144.238 106.033 9.5
      vertex -144.238 106.033 4
    endloop
  endfacet
  facet normal -0.997969 0.0637002 5.79092e-05
    outer loop
      vertex -144.25 105.85 4
      vertex -144.238 106.033 9.5
      vertex -144.241 105.991 4
    endloop
  endfacet
  facet normal -0.997857 0.0654332 -1.30101e-19
    outer loop
      vertex -144.238 106.033 9.5
      vertex -144.25 105.85 4
      vertex -144.25 105.85 9.5
    endloop
  endfacet
  facet normal -0.553435 -0.832892 0
    outer loop
      vertex -143.702 103.539 4
      vertex -143.55 103.438 9.5
      vertex -143.702 103.539 9.5
    endloop
  endfacet
  facet normal -0.553435 -0.832892 -0
    outer loop
      vertex -143.55 103.438 9.5
      vertex -143.702 103.539 4
      vertex -143.55 103.438 4
    endloop
  endfacet
  facet normal -0.197169 -0.980369 0
    outer loop
      vertex -143.212 103.298 4
      vertex -143.033 103.262 9.5
      vertex -143.212 103.298 9.5
    endloop
  endfacet
  facet normal -0.197169 -0.980369 -0
    outer loop
      vertex -143.033 103.262 9.5
      vertex -143.212 103.298 4
      vertex -143.033 103.262 4
    endloop
  endfacet
  facet normal -0.751901 -0.659276 3.75705e-19
    outer loop
      vertex -143.84 103.66 4
      vertex -143.961 103.798 9.5
      vertex -143.961 103.798 4
    endloop
  endfacet
  facet normal -0.751901 -0.659276 3.75705e-19
    outer loop
      vertex -143.961 103.798 9.5
      vertex -143.84 103.66 4
      vertex -143.84 103.66 9.5
    endloop
  endfacet
  facet normal -0.321122 0.947038 0
    outer loop
      vertex -143.212 107.202 4
      vertex -143.386 107.143 9.5
      vertex -143.212 107.202 9.5
    endloop
  endfacet
  facet normal -0.321122 0.947038 0
    outer loop
      vertex -143.386 107.143 9.5
      vertex -143.212 107.202 4
      vertex -143.386 107.143 4
    endloop
  endfacet
  facet normal -0.0654332 -0.997857 0
    outer loop
      vertex -143.033 103.262 4
      vertex -142.85 103.25 9.5
      vertex -143.033 103.262 9.5
    endloop
  endfacet
  facet normal -0.0654332 -0.997857 -0
    outer loop
      vertex -142.85 103.25 9.5
      vertex -143.033 103.262 4
      vertex -142.85 103.25 4
    endloop
  endfacet
  facet normal -0.947038 -0.321122 7.0007e-19
    outer loop
      vertex -144.143 104.114 4
      vertex -144.202 104.288 9.5
      vertex -144.202 104.288 4
    endloop
  endfacet
  facet normal -0.947038 -0.321122 7.0007e-19
    outer loop
      vertex -144.202 104.288 9.5
      vertex -144.143 104.114 4
      vertex -144.143 104.114 9.5
    endloop
  endfacet
  facet normal -0.997857 -0.0654332 1.30101e-19
    outer loop
      vertex -144.238 104.467 4
      vertex -144.25 104.65 9.5
      vertex -144.25 104.65 4
    endloop
  endfacet
  facet normal -0.997857 -0.0654332 1.30101e-19
    outer loop
      vertex -144.25 104.65 9.5
      vertex -144.238 104.467 4
      vertex -144.238 104.467 9.5
    endloop
  endfacet
  facet normal -0.321122 -0.947038 0
    outer loop
      vertex -143.386 103.357 4
      vertex -143.212 103.298 9.5
      vertex -143.386 103.357 9.5
    endloop
  endfacet
  facet normal -0.321122 -0.947038 -0
    outer loop
      vertex -143.212 103.298 9.5
      vertex -143.386 103.357 4
      vertex -143.212 103.298 4
    endloop
  endfacet
  facet normal -0.832892 0.553435 4.63565e-19
    outer loop
      vertex -144.062 106.55 4
      vertex -143.961 106.702 9.5
      vertex -143.961 106.702 4
    endloop
  endfacet
  facet normal -0.832892 0.553435 4.63565e-19
    outer loop
      vertex -143.961 106.702 9.5
      vertex -144.062 106.55 4
      vertex -144.062 106.55 9.5
    endloop
  endfacet
  facet normal -0.980369 0.197169 3.37418e-19
    outer loop
      vertex -144.238 106.033 4
      vertex -144.202 106.212 9.5
      vertex -144.202 106.212 4
    endloop
  endfacet
  facet normal -0.980369 0.197169 3.37418e-19
    outer loop
      vertex -144.202 106.212 9.5
      vertex -144.238 106.033 4
      vertex -144.238 106.033 9.5
    endloop
  endfacet
  facet normal -0.832892 -0.553435 -4.63565e-19
    outer loop
      vertex -143.961 103.798 4
      vertex -144.062 103.95 9.5
      vertex -144.062 103.95 4
    endloop
  endfacet
  facet normal -0.832892 -0.553435 -4.63565e-19
    outer loop
      vertex -144.062 103.95 9.5
      vertex -143.961 103.798 4
      vertex -143.961 103.798 9.5
    endloop
  endfacet
  facet normal -0.980369 -0.197169 -3.37418e-19
    outer loop
      vertex -144.202 104.288 4
      vertex -144.238 104.467 9.5
      vertex -144.238 104.467 4
    endloop
  endfacet
  facet normal -0.980369 -0.197169 -3.37418e-19
    outer loop
      vertex -144.238 104.467 9.5
      vertex -144.202 104.288 4
      vertex -144.202 104.288 9.5
    endloop
  endfacet
  facet normal -0.659276 -0.751901 0
    outer loop
      vertex -143.84 103.66 4
      vertex -143.702 103.539 9.5
      vertex -143.84 103.66 9.5
    endloop
  endfacet
  facet normal -0.659276 -0.751901 -0
    outer loop
      vertex -143.702 103.539 9.5
      vertex -143.84 103.66 4
      vertex -143.702 103.539 4
    endloop
  endfacet
  facet normal -0.553435 0.832892 0
    outer loop
      vertex -143.55 107.062 4
      vertex -143.702 106.961 9.5
      vertex -143.55 107.062 9.5
    endloop
  endfacet
  facet normal -0.553435 0.832892 0
    outer loop
      vertex -143.702 106.961 9.5
      vertex -143.55 107.062 4
      vertex -143.702 106.961 4
    endloop
  endfacet
  facet normal -0.197169 0.980369 0
    outer loop
      vertex -143.033 107.238 4
      vertex -143.212 107.202 9.5
      vertex -143.033 107.238 9.5
    endloop
  endfacet
  facet normal -0.197169 0.980369 0
    outer loop
      vertex -143.212 107.202 9.5
      vertex -143.033 107.238 4
      vertex -143.212 107.202 4
    endloop
  endfacet
  facet normal -0.896603 0.442835 5.68013e-19
    outer loop
      vertex -144.143 106.386 4
      vertex -144.062 106.55 9.5
      vertex -144.062 106.55 4
    endloop
  endfacet
  facet normal -0.896603 0.442835 5.68013e-19
    outer loop
      vertex -144.062 106.55 9.5
      vertex -144.143 106.386 4
      vertex -144.143 106.386 9.5
    endloop
  endfacet
  facet normal -0.442835 -0.896603 0
    outer loop
      vertex -143.55 103.438 4
      vertex -143.386 103.357 9.5
      vertex -143.55 103.438 9.5
    endloop
  endfacet
  facet normal -0.442835 -0.896603 -0
    outer loop
      vertex -143.386 103.357 9.5
      vertex -143.55 103.438 4
      vertex -143.386 103.357 4
    endloop
  endfacet
  facet normal -0.659276 0.751901 0
    outer loop
      vertex -143.702 106.961 4
      vertex -143.84 106.84 9.5
      vertex -143.702 106.961 9.5
    endloop
  endfacet
  facet normal -0.659276 0.751901 0
    outer loop
      vertex -143.84 106.84 9.5
      vertex -143.702 106.961 4
      vertex -143.84 106.84 4
    endloop
  endfacet
  facet normal -0.896603 -0.442835 -5.68013e-19
    outer loop
      vertex -144.062 103.95 4
      vertex -144.143 104.114 9.5
      vertex -144.143 104.114 4
    endloop
  endfacet
  facet normal -0.896603 -0.442835 -5.68013e-19
    outer loop
      vertex -144.143 104.114 9.5
      vertex -144.062 103.95 4
      vertex -144.062 103.95 9.5
    endloop
  endfacet
  facet normal 1 -0 0
    outer loop
      vertex -80.8 0.174999 4
      vertex -80.8 0.25 3
      vertex -80.8 0.25 4
    endloop
  endfacet
  facet normal 1 0 0
    outer loop
      vertex -80.8 0.25 3
      vertex -80.8 0.174999 4
      vertex -80.8 0.174999 3
    endloop
  endfacet
  facet normal 1 -0 0
    outer loop
      vertex -80.8 -1 4
      vertex -80.8 -0.174999 3
      vertex -80.8 -0.174999 4
    endloop
  endfacet
  facet normal 1 0 0
    outer loop
      vertex -80.8 -0.174999 3
      vertex -80.8 -1 4
      vertex -80.8 -1 3
    endloop
  endfacet
  facet normal -0.442401 0.896817 0
    outer loop
      vertex -55.6958 15.1434 4
      vertex -55.86 15.0624 9.5
      vertex -55.6958 15.1434 9.5
    endloop
  endfacet
  facet normal -0.442401 0.896817 0
    outer loop
      vertex -55.86 15.0624 9.5
      vertex -55.6958 15.1434 4
      vertex -55.86 15.0624 4
    endloop
  endfacet
  facet normal 0 -1 0
    outer loop
      vertex -55.16 11.25 4.3
      vertex -0.174999 11.25 9.5
      vertex -55.16 11.25 9.5
    endloop
  endfacet
  facet normal 0 -1 -0
    outer loop
      vertex -0.174999 11.25 9.5
      vertex -55.16 11.25 4.3
      vertex -0.174999 11.25 4.3
    endloop
  endfacet
  facet normal 0 -1 0
    outer loop
      vertex -69.8 11.25 4
      vertex -69.8 11.25 3
      vertex -55.16 11.25 4
    endloop
  endfacet
  facet normal 0 -1 0
    outer loop
      vertex -55.16 11.25 4
      vertex -0.174999 11.25 4.3
      vertex -55.16 11.25 4.3
    endloop
  endfacet
  facet normal 0 -1 0
    outer loop
      vertex -0.174999 11.25 3
      vertex -55.16 11.25 4
      vertex -69.8 11.25 3
    endloop
  endfacet
  facet normal 0 -1 0
    outer loop
      vertex -55.16 11.25 4
      vertex -0.174999 11.25 3
      vertex -0.174999 11.25 4.3
    endloop
  endfacet
  facet normal 0 -1 0
    outer loop
      vertex 0.174999 11.25 3
      vertex 1 11.25 4.3
      vertex 0.174999 11.25 4.3
    endloop
  endfacet
  facet normal 0 -1 -0
    outer loop
      vertex 1 11.25 4.3
      vertex 0.174999 11.25 3
      vertex 1 11.25 3
    endloop
  endfacet
  facet normal 0 -1 0
    outer loop
      vertex 0.174999 11.25 4.3
      vertex 1 11.25 9.5
      vertex 0.174999 11.25 9.5
    endloop
  endfacet
  facet normal 0 -1 -0
    outer loop
      vertex 1 11.25 9.5
      vertex 0.174999 11.25 4.3
      vertex 1 11.25 4.3
    endloop
  endfacet
  facet normal -0.194961 0.980811 0
    outer loop
      vertex -55.3427 15.238 4
      vertex -55.5223 15.2023 9.5
      vertex -55.3427 15.238 9.5
    endloop
  endfacet
  facet normal -0.194961 0.980811 0
    outer loop
      vertex -55.5223 15.2023 9.5
      vertex -55.3427 15.238 4
      vertex -55.5223 15.2023 4
    endloop
  endfacet
  facet normal -0.321462 -0.946922 0
    outer loop
      vertex -55.6958 11.3566 4
      vertex -55.5223 11.2977 9.5
      vertex -55.6958 11.3566 9.5
    endloop
  endfacet
  facet normal -0.321462 -0.946922 -0
    outer loop
      vertex -55.5223 11.2977 9.5
      vertex -55.6958 11.3566 4
      vertex -55.5223 11.2977 4
    endloop
  endfacet
  facet normal -0.442401 -0.896817 0
    outer loop
      vertex -55.86 11.4376 4
      vertex -55.6958 11.3566 9.5
      vertex -55.86 11.4376 9.5
    endloop
  endfacet
  facet normal -0.442401 -0.896817 -0
    outer loop
      vertex -55.6958 11.3566 9.5
      vertex -55.86 11.4376 4
      vertex -55.6958 11.3566 4
    endloop
  endfacet
  facet normal 0 1 -0
    outer loop
      vertex -0.174999 15.25 4
      vertex -55.16 15.25 9.5
      vertex -0.174999 15.25 9.5
    endloop
  endfacet
  facet normal 0 1 0
    outer loop
      vertex -55.16 15.25 9.5
      vertex -0.174999 15.25 4
      vertex -55.16 15.25 4
    endloop
  endfacet
  facet normal 0 1 -0
    outer loop
      vertex 1 15.25 4
      vertex 0.174999 15.25 9.5
      vertex 1 15.25 9.5
    endloop
  endfacet
  facet normal 0 1 0
    outer loop
      vertex 0.174999 15.25 9.5
      vertex 1 15.25 4
      vertex 0.174999 15.25 4
    endloop
  endfacet
  facet normal -0.946922 0.321462 -8.50709e-19
    outer loop
      vertex -56.5123 14.2123 4
      vertex -56.4534 14.3858 9.5
      vertex -56.4534 14.3858 4
    endloop
  endfacet
  facet normal -0.946922 0.321462 -8.50709e-19
    outer loop
      vertex -56.4534 14.3858 9.5
      vertex -56.5123 14.2123 4
      vertex -56.5123 14.2123 9.5
    endloop
  endfacet
  facet normal -0.0655402 -0.99785 -5.77741e-20
    outer loop
      vertex -55.3427 11.262 9.5
      vertex -55.16 11.25 4.3
      vertex -55.16 11.25 9.5
    endloop
  endfacet
  facet normal -0.0655402 -0.99785 0
    outer loop
      vertex -55.3427 11.262 4
      vertex -55.16 11.25 4.3
      vertex -55.3427 11.262 9.5
    endloop
  endfacet
  facet normal -0.0655402 -0.99785 -0
    outer loop
      vertex -55.16 11.25 4.3
      vertex -55.3427 11.262 4
      vertex -55.16 11.25 4
    endloop
  endfacet
  facet normal -0.946922 -0.321462 8.50709e-19
    outer loop
      vertex -56.4534 12.1142 4
      vertex -56.5123 12.2877 9.5
      vertex -56.5123 12.2877 4
    endloop
  endfacet
  facet normal -0.946922 -0.321462 8.50709e-19
    outer loop
      vertex -56.5123 12.2877 9.5
      vertex -56.4534 12.1142 4
      vertex -56.4534 12.1142 9.5
    endloop
  endfacet
  facet normal -0.980811 0.194961 1.58329e-19
    outer loop
      vertex -56.548 14.0327 4
      vertex -56.5123 14.2123 9.5
      vertex -56.5123 14.2123 4
    endloop
  endfacet
  facet normal -0.980811 0.194961 1.58329e-19
    outer loop
      vertex -56.5123 14.2123 9.5
      vertex -56.548 14.0327 4
      vertex -56.548 14.0327 9.5
    endloop
  endfacet
  facet normal -0.83163 -0.55533 3.71866e-19
    outer loop
      vertex -56.2707 11.7977 4
      vertex -56.3724 11.95 9.5
      vertex -56.3724 11.95 4
    endloop
  endfacet
  facet normal -0.83163 -0.55533 3.71866e-19
    outer loop
      vertex -56.3724 11.95 9.5
      vertex -56.2707 11.7977 4
      vertex -56.2707 11.7977 9.5
    endloop
  endfacet
  facet normal -0.896817 0.442401 -2.28592e-19
    outer loop
      vertex -56.4534 14.3858 4
      vertex -56.3724 14.55 9.5
      vertex -56.3724 14.55 4
    endloop
  endfacet
  facet normal -0.896817 0.442401 -2.28592e-19
    outer loop
      vertex -56.3724 14.55 9.5
      vertex -56.4534 14.3858 4
      vertex -56.4534 14.3858 9.5
    endloop
  endfacet
  facet normal -0.99785 0.0655402 -7.62977e-20
    outer loop
      vertex -56.56 13.85 4
      vertex -56.548 14.0327 9.5
      vertex -56.548 14.0327 4
    endloop
  endfacet
  facet normal -0.99785 0.0655402 -7.62977e-20
    outer loop
      vertex -56.548 14.0327 9.5
      vertex -56.56 13.85 4
      vertex -56.56 13.85 9.5
    endloop
  endfacet
  facet normal -0.659741 0.751493 0
    outer loop
      vertex -56.0123 14.9607 4
      vertex -56.1499 14.8399 9.5
      vertex -56.0123 14.9607 9.5
    endloop
  endfacet
  facet normal -0.659741 0.751493 0
    outer loop
      vertex -56.1499 14.8399 9.5
      vertex -56.0123 14.9607 4
      vertex -56.1499 14.8399 4
    endloop
  endfacet
  facet normal -1 0 0
    outer loop
      vertex -56.56 12.65 4
      vertex -56.56 13.85 9.5
      vertex -56.56 13.85 4
    endloop
  endfacet
  facet normal -1 -0 0
    outer loop
      vertex -56.56 13.85 9.5
      vertex -56.56 12.65 4
      vertex -56.56 12.65 9.5
    endloop
  endfacet
  facet normal -0.55533 0.83163 0
    outer loop
      vertex -55.86 15.0624 4
      vertex -56.0123 14.9607 9.5
      vertex -55.86 15.0624 9.5
    endloop
  endfacet
  facet normal -0.55533 0.83163 0
    outer loop
      vertex -56.0123 14.9607 9.5
      vertex -55.86 15.0624 4
      vertex -56.0123 14.9607 4
    endloop
  endfacet
  facet normal -0.55533 -0.83163 0
    outer loop
      vertex -56.0123 11.5393 4
      vertex -55.86 11.4376 9.5
      vertex -56.0123 11.5393 9.5
    endloop
  endfacet
  facet normal -0.55533 -0.83163 -0
    outer loop
      vertex -55.86 11.4376 9.5
      vertex -56.0123 11.5393 4
      vertex -55.86 11.4376 4
    endloop
  endfacet
  facet normal -0.896817 -0.442401 2.28592e-19
    outer loop
      vertex -56.3724 11.95 4
      vertex -56.4534 12.1142 9.5
      vertex -56.4534 12.1142 4
    endloop
  endfacet
  facet normal -0.896817 -0.442401 2.28592e-19
    outer loop
      vertex -56.4534 12.1142 9.5
      vertex -56.3724 11.95 4
      vertex -56.3724 11.95 9.5
    endloop
  endfacet
  facet normal -0.194961 -0.980811 0
    outer loop
      vertex -55.5223 11.2977 4
      vertex -55.3427 11.262 9.5
      vertex -55.5223 11.2977 9.5
    endloop
  endfacet
  facet normal -0.194961 -0.980811 -0
    outer loop
      vertex -55.3427 11.262 9.5
      vertex -55.5223 11.2977 4
      vertex -55.3427 11.262 4
    endloop
  endfacet
  facet normal -0.0655402 0.99785 0
    outer loop
      vertex -55.16 15.25 4
      vertex -55.3427 15.238 9.5
      vertex -55.16 15.25 9.5
    endloop
  endfacet
  facet normal -0.0655402 0.99785 0
    outer loop
      vertex -55.3427 15.238 9.5
      vertex -55.16 15.25 4
      vertex -55.3427 15.238 4
    endloop
  endfacet
  facet normal -0.751493 0.659741 1.19026e-18
    outer loop
      vertex -56.2707 14.7023 4
      vertex -56.1499 14.8399 9.5
      vertex -56.1499 14.8399 4
    endloop
  endfacet
  facet normal -0.751493 0.659741 1.19026e-18
    outer loop
      vertex -56.1499 14.8399 9.5
      vertex -56.2707 14.7023 4
      vertex -56.2707 14.7023 9.5
    endloop
  endfacet
  facet normal -0.751493 -0.659741 -1.19026e-18
    outer loop
      vertex -56.1499 11.6601 4
      vertex -56.2707 11.7977 9.5
      vertex -56.2707 11.7977 4
    endloop
  endfacet
  facet normal -0.751493 -0.659741 -1.19026e-18
    outer loop
      vertex -56.2707 11.7977 9.5
      vertex -56.1499 11.6601 4
      vertex -56.1499 11.6601 9.5
    endloop
  endfacet
  facet normal -0.659741 -0.751493 0
    outer loop
      vertex -56.1499 11.6601 4
      vertex -56.0123 11.5393 9.5
      vertex -56.1499 11.6601 9.5
    endloop
  endfacet
  facet normal -0.659741 -0.751493 -0
    outer loop
      vertex -56.0123 11.5393 9.5
      vertex -56.1499 11.6601 4
      vertex -56.0123 11.5393 4
    endloop
  endfacet
  facet normal -0.99785 -0.0655402 7.62977e-20
    outer loop
      vertex -56.548 12.4673 4
      vertex -56.56 12.65 9.5
      vertex -56.56 12.65 4
    endloop
  endfacet
  facet normal -0.99785 -0.0655402 7.62977e-20
    outer loop
      vertex -56.56 12.65 9.5
      vertex -56.548 12.4673 4
      vertex -56.548 12.4673 9.5
    endloop
  endfacet
  facet normal -0.980811 -0.194961 -1.58329e-19
    outer loop
      vertex -56.5123 12.2877 4
      vertex -56.548 12.4673 9.5
      vertex -56.548 12.4673 4
    endloop
  endfacet
  facet normal -0.980811 -0.194961 -1.58329e-19
    outer loop
      vertex -56.548 12.4673 9.5
      vertex -56.5123 12.2877 4
      vertex -56.5123 12.2877 9.5
    endloop
  endfacet
  facet normal -0.83163 0.55533 -3.71866e-19
    outer loop
      vertex -56.3724 14.55 4
      vertex -56.2707 14.7023 9.5
      vertex -56.2707 14.7023 4
    endloop
  endfacet
  facet normal -0.83163 0.55533 -3.71866e-19
    outer loop
      vertex -56.2707 14.7023 9.5
      vertex -56.3724 14.55 4
      vertex -56.3724 14.55 9.5
    endloop
  endfacet
  facet normal -0.321462 0.946922 0
    outer loop
      vertex -55.5223 15.2023 4
      vertex -55.6958 15.1434 9.5
      vertex -55.5223 15.2023 9.5
    endloop
  endfacet
  facet normal -0.321462 0.946922 0
    outer loop
      vertex -55.6958 15.1434 9.5
      vertex -55.5223 15.2023 4
      vertex -55.6958 15.1434 4
    endloop
  endfacet
  facet normal -0 0 1
    outer loop
      vertex -55.16 15.25 9.5
      vertex -0.174999 11.25 9.5
      vertex -0.174999 15.25 9.5
    endloop
  endfacet
  facet normal 0 0 1
    outer loop
      vertex -55.16 15.25 9.5
      vertex -55.16 11.25 9.5
      vertex -0.174999 11.25 9.5
    endloop
  endfacet
  facet normal 0 0 1
    outer loop
      vertex -56.56 13.85 9.5
      vertex -55.16 15.25 9.5
      vertex -55.3427 15.238 9.5
    endloop
  endfacet
  facet normal 0 0 1
    outer loop
      vertex -55.16 15.25 9.5
      vertex -56.56 13.85 9.5
      vertex -55.16 11.25 9.5
    endloop
  endfacet
  facet normal 0 0 1
    outer loop
      vertex -56.56 13.85 9.5
      vertex -55.3427 15.238 9.5
      vertex -55.5223 15.2023 9.5
    endloop
  endfacet
  facet normal -0 0 1
    outer loop
      vertex -56.56 12.65 9.5
      vertex -55.16 11.25 9.5
      vertex -56.56 13.85 9.5
    endloop
  endfacet
  facet normal 0 0 1
    outer loop
      vertex -56.56 13.85 9.5
      vertex -55.5223 15.2023 9.5
      vertex -55.6958 15.1434 9.5
    endloop
  endfacet
  facet normal 0 0 1
    outer loop
      vertex -55.16 11.25 9.5
      vertex -56.56 12.65 9.5
      vertex -55.3427 11.262 9.5
    endloop
  endfacet
  facet normal 0 0 1
    outer loop
      vertex -56.56 13.85 9.5
      vertex -55.6958 15.1434 9.5
      vertex -55.86 15.0624 9.5
    endloop
  endfacet
  facet normal 0 0 1
    outer loop
      vertex -55.3427 11.262 9.5
      vertex -56.56 12.65 9.5
      vertex -55.5223 11.2977 9.5
    endloop
  endfacet
  facet normal 0 0 1
    outer loop
      vertex -56.56 13.85 9.5
      vertex -55.86 15.0624 9.5
      vertex -56.0123 14.9607 9.5
    endloop
  endfacet
  facet normal 0 0 1
    outer loop
      vertex -55.5223 11.2977 9.5
      vertex -56.56 12.65 9.5
      vertex -55.6958 11.3566 9.5
    endloop
  endfacet
  facet normal 0 0 1
    outer loop
      vertex -56.56 13.85 9.5
      vertex -56.0123 14.9607 9.5
      vertex -56.1499 14.8399 9.5
    endloop
  endfacet
  facet normal 0 0 1
    outer loop
      vertex -55.6958 11.3566 9.5
      vertex -56.56 12.65 9.5
      vertex -55.86 11.4376 9.5
    endloop
  endfacet
  facet normal 0 0 1
    outer loop
      vertex -56.56 13.85 9.5
      vertex -56.1499 14.8399 9.5
      vertex -56.2707 14.7023 9.5
    endloop
  endfacet
  facet normal 0 0 1
    outer loop
      vertex -55.86 11.4376 9.5
      vertex -56.56 12.65 9.5
      vertex -56.0123 11.5393 9.5
    endloop
  endfacet
  facet normal 0 0 1
    outer loop
      vertex -56.56 13.85 9.5
      vertex -56.2707 14.7023 9.5
      vertex -56.3724 14.55 9.5
    endloop
  endfacet
  facet normal 0 0 1
    outer loop
      vertex -56.0123 11.5393 9.5
      vertex -56.56 12.65 9.5
      vertex -56.1499 11.6601 9.5
    endloop
  endfacet
  facet normal 0 0 1
    outer loop
      vertex -56.56 13.85 9.5
      vertex -56.3724 14.55 9.5
      vertex -56.4534 14.3858 9.5
    endloop
  endfacet
  facet normal 0 0 1
    outer loop
      vertex -56.1499 11.6601 9.5
      vertex -56.56 12.65 9.5
      vertex -56.2707 11.7977 9.5
    endloop
  endfacet
  facet normal 0 0 1
    outer loop
      vertex -56.56 13.85 9.5
      vertex -56.4534 14.3858 9.5
      vertex -56.5123 14.2123 9.5
    endloop
  endfacet
  facet normal 0 0 1
    outer loop
      vertex -56.2707 11.7977 9.5
      vertex -56.56 12.65 9.5
      vertex -56.3724 11.95 9.5
    endloop
  endfacet
  facet normal 0 0 1
    outer loop
      vertex -56.56 13.85 9.5
      vertex -56.5123 14.2123 9.5
      vertex -56.548 14.0327 9.5
    endloop
  endfacet
  facet normal 0 0 1
    outer loop
      vertex -56.3724 11.95 9.5
      vertex -56.56 12.65 9.5
      vertex -56.4534 12.1142 9.5
    endloop
  endfacet
  facet normal 0 0 1
    outer loop
      vertex -56.4534 12.1142 9.5
      vertex -56.56 12.65 9.5
      vertex -56.5123 12.2877 9.5
    endloop
  endfacet
  facet normal 0 0 1
    outer loop
      vertex -56.5123 12.2877 9.5
      vertex -56.56 12.65 9.5
      vertex -56.548 12.4673 9.5
    endloop
  endfacet
  facet normal -0 0 1
    outer loop
      vertex 0.174999 15.25 9.5
      vertex 1 11.25 9.5
      vertex 1 15.25 9.5
    endloop
  endfacet
  facet normal 0 0 1
    outer loop
      vertex 1 11.25 9.5
      vertex 0.174999 15.25 9.5
      vertex 0.174999 11.25 9.5
    endloop
  endfacet
  facet normal -0.751877 0.659303 0
    outer loop
      vertex -143.657 106.657 0
      vertex -144.241 105.991 4
      vertex -143.657 106.657 4
    endloop
  endfacet
  facet normal -0.751925 0.659248 -1.62424e-05
    outer loop
      vertex -144.347 105.87 0
      vertex -144.241 105.991 4
      vertex -143.657 106.657 0
    endloop
  endfacet
  facet normal -0.752191 0.658945 8.38206e-19
    outer loop
      vertex -144.241 105.991 4
      vertex -144.347 105.87 0
      vertex -144.347 105.87 4
    endloop
  endfacet
  facet normal -0.946948 0.321388 3.85273e-18
    outer loop
      vertex -145.727 103.071 0
      vertex -145.391 104.061 4
      vertex -145.391 104.061 0
    endloop
  endfacet
  facet normal -0.946948 0.321388 3.85273e-18
    outer loop
      vertex -145.391 104.061 4
      vertex -145.727 103.071 0
      vertex -145.727 103.071 4
    endloop
  endfacet
  facet normal -0.896897 0.44224 3.73954e-18
    outer loop
      vertex -145.391 104.061 0
      vertex -144.928 105 4
      vertex -144.928 105 0
    endloop
  endfacet
  facet normal -0.896897 0.44224 3.73954e-18
    outer loop
      vertex -144.928 105 4
      vertex -145.391 104.061 0
      vertex -145.391 104.061 4
    endloop
  endfacet
  facet normal 0 1 -0
    outer loop
      vertex -0.174999 109 0
      vertex -138 109 4
      vertex -0.174999 109 4
    endloop
  endfacet
  facet normal 0 1 0
    outer loop
      vertex -138 109 4
      vertex -0.174999 109 0
      vertex -138 109 0
    endloop
  endfacet
  facet normal 0 1 -0
    outer loop
      vertex 1 109 0
      vertex 0.174999 109 4
      vertex 1 109 4
    endloop
  endfacet
  facet normal 0 1 0
    outer loop
      vertex 0.174999 109 4
      vertex 1 109 0
      vertex 0.174999 109 0
    endloop
  endfacet
  facet normal -1 0 0
    outer loop
      vertex -146 0.174999 0
      vertex -146 101 4
      vertex -146 101 0
    endloop
  endfacet
  facet normal -1 -0 0
    outer loop
      vertex -146 101 4
      vertex -146 0.174999 0
      vertex -146 0.174999 4
    endloop
  endfacet
  facet normal -1 0 0
    outer loop
      vertex -146 -1 0
      vertex -146 -0.174999 4
      vertex -146 -0.174999 0
    endloop
  endfacet
  facet normal -1 -0 0
    outer loop
      vertex -146 -0.174999 4
      vertex -146 -1 0
      vertex -146 -1 4
    endloop
  endfacet
  facet normal -0.555362 0.831609 0
    outer loop
      vertex -142 107.928 0
      vertex -142.87 107.347 4
      vertex -142 107.928 4
    endloop
  endfacet
  facet normal -0.555362 0.831609 0
    outer loop
      vertex -142.87 107.347 4
      vertex -142 107.928 0
      vertex -142.87 107.347 0
    endloop
  endfacet
  facet normal -0.321388 0.946948 0
    outer loop
      vertex -140.071 108.727 0
      vertex -141.061 108.391 4
      vertex -140.071 108.727 4
    endloop
  endfacet
  facet normal -0.321388 0.946948 0
    outer loop
      vertex -141.061 108.391 4
      vertex -140.071 108.727 0
      vertex -141.061 108.391 0
    endloop
  endfacet
  facet normal -0.44224 0.896897 0
    outer loop
      vertex -141.061 108.391 0
      vertex -142 107.928 4
      vertex -141.061 108.391 4
    endloop
  endfacet
  facet normal -0.44224 0.896897 0
    outer loop
      vertex -142 107.928 4
      vertex -141.061 108.391 0
      vertex -142 107.928 0
    endloop
  endfacet
  facet normal -0.997886 0.0649964 -1.48735e-18
    outer loop
      vertex -146 101 0
      vertex -145.932 102.044 4
      vertex -145.932 102.044 0
    endloop
  endfacet
  facet normal -0.997886 0.0649964 -1.48735e-18
    outer loop
      vertex -145.932 102.044 4
      vertex -146 101 0
      vertex -146 101 4
    endloop
  endfacet
  facet normal -0.980654 0.195749 -2.40436e-18
    outer loop
      vertex -145.932 102.044 0
      vertex -145.727 103.071 4
      vertex -145.727 103.071 0
    endloop
  endfacet
  facet normal -0.980654 0.195749 -2.40436e-18
    outer loop
      vertex -145.727 103.071 4
      vertex -145.932 102.044 0
      vertex -145.932 102.044 4
    endloop
  endfacet
  facet normal -0.195749 0.980654 0
    outer loop
      vertex -139.044 108.932 0
      vertex -140.071 108.727 4
      vertex -139.044 108.932 4
    endloop
  endfacet
  facet normal -0.195749 0.980654 0
    outer loop
      vertex -140.071 108.727 4
      vertex -139.044 108.932 0
      vertex -140.071 108.727 0
    endloop
  endfacet
  facet normal -0.831609 0.555362 -7.48805e-18
    outer loop
      vertex -144.928 105 0
      vertex -144.347 105.87 4
      vertex -144.347 105.87 0
    endloop
  endfacet
  facet normal -0.831609 0.555362 -7.48805e-18
    outer loop
      vertex -144.347 105.87 4
      vertex -144.928 105 0
      vertex -144.928 105 4
    endloop
  endfacet
  facet normal -0.658945 0.752191 0
    outer loop
      vertex -142.87 107.347 0
      vertex -142.991 107.241 4
      vertex -142.87 107.347 4
    endloop
  endfacet
  facet normal -0.659248 0.751925 -1.62424e-05
    outer loop
      vertex -143.657 106.657 0
      vertex -142.991 107.241 4
      vertex -142.87 107.347 0
    endloop
  endfacet
  facet normal -0.659303 0.751877 7.63158e-18
    outer loop
      vertex -142.991 107.241 4
      vertex -143.657 106.657 0
      vertex -143.657 106.657 4
    endloop
  endfacet
  facet normal -0.0649964 0.997886 0
    outer loop
      vertex -138 109 0
      vertex -139.044 108.932 4
      vertex -138 109 4
    endloop
  endfacet
  facet normal -0.0649964 0.997886 0
    outer loop
      vertex -139.044 108.932 4
      vertex -138 109 0
      vertex -139.044 108.932 0
    endloop
  endfacet
  facet normal 0.831466 -0.555576 2.4778e-17
    outer loop
      vertex -79.3263 5.75 4
      vertex -78.5269 6.94637 3
      vertex -78.5269 6.94637 4
    endloop
  endfacet
  facet normal 0.831466 -0.555576 2.4778e-17
    outer loop
      vertex -78.5269 6.94637 3
      vertex -79.3263 5.75 4
      vertex -79.3263 5.75 3
    endloop
  endfacet
  facet normal 0.659349 -0.751837 0
    outer loop
      vertex -77.5782 8.02817 3
      vertex -76.4964 8.97689 4
      vertex -77.5782 8.02817 4
    endloop
  endfacet
  facet normal 0.659349 -0.751837 0
    outer loop
      vertex -76.4964 8.97689 4
      vertex -77.5782 8.02817 3
      vertex -76.4964 8.97689 3
    endloop
  endfacet
  facet normal 0.442298 -0.896868 0
    outer loop
      vertex -75.3 9.77628 3
      vertex -74.0095 10.4127 4
      vertex -75.3 9.77628 4
    endloop
  endfacet
  facet normal 0.442298 -0.896868 0
    outer loop
      vertex -74.0095 10.4127 4
      vertex -75.3 9.77628 3
      vertex -74.0095 10.4127 3
    endloop
  endfacet
  facet normal 0.946932 -0.321433 -3.39107e-17
    outer loop
      vertex -80.4252 3.09701 4
      vertex -79.9627 4.45952 3
      vertex -79.9627 4.45952 4
    endloop
  endfacet
  facet normal 0.946932 -0.321433 -3.39107e-17
    outer loop
      vertex -79.9627 4.45952 3
      vertex -80.4252 3.09701 4
      vertex -80.4252 3.09701 3
    endloop
  endfacet
  facet normal 0.980786 -0.195084 -1.26375e-18
    outer loop
      vertex -80.7059 1.68579 4
      vertex -80.4252 3.09701 3
      vertex -80.4252 3.09701 4
    endloop
  endfacet
  facet normal 0.980786 -0.195084 -1.26375e-18
    outer loop
      vertex -80.4252 3.09701 3
      vertex -80.7059 1.68579 4
      vertex -80.7059 1.68579 3
    endloop
  endfacet
  facet normal 0.751844 -0.659341 1.22197e-17
    outer loop
      vertex -78.5269 6.94637 4
      vertex -77.5782 8.02817 3
      vertex -77.5782 8.02817 4
    endloop
  endfacet
  facet normal 0.751844 -0.659341 1.22197e-17
    outer loop
      vertex -77.5782 8.02817 3
      vertex -78.5269 6.94637 4
      vertex -78.5269 6.94637 3
    endloop
  endfacet
  facet normal 0.896871 -0.442292 -9.12489e-18
    outer loop
      vertex -79.9627 4.45952 4
      vertex -79.3263 5.75 3
      vertex -79.3263 5.75 4
    endloop
  endfacet
  facet normal 0.896871 -0.442292 -9.12489e-18
    outer loop
      vertex -79.3263 5.75 3
      vertex -79.9627 4.45952 4
      vertex -79.9627 4.45952 3
    endloop
  endfacet
  facet normal 0.555561 -0.831476 0
    outer loop
      vertex -76.4964 8.97689 3
      vertex -75.3 9.77628 4
      vertex -76.4964 8.97689 4
    endloop
  endfacet
  facet normal 0.555561 -0.831476 0
    outer loop
      vertex -75.3 9.77628 4
      vertex -76.4964 8.97689 3
      vertex -75.3 9.77628 3
    endloop
  endfacet
  facet normal 0.321435 -0.946931 0
    outer loop
      vertex -74.0095 10.4127 3
      vertex -72.647 10.8752 4
      vertex -74.0095 10.4127 4
    endloop
  endfacet
  facet normal 0.321435 -0.946931 0
    outer loop
      vertex -72.647 10.8752 4
      vertex -74.0095 10.4127 3
      vertex -72.647 10.8752 3
    endloop
  endfacet
  facet normal 0.195087 -0.980786 0
    outer loop
      vertex -72.647 10.8752 3
      vertex -71.2358 11.1559 4
      vertex -72.647 10.8752 4
    endloop
  endfacet
  facet normal 0.195087 -0.980786 0
    outer loop
      vertex -71.2358 11.1559 4
      vertex -72.647 10.8752 3
      vertex -71.2358 11.1559 3
    endloop
  endfacet
  facet normal 0.997859 -0.0653985 5.95082e-18
    outer loop
      vertex -80.8 0.25 4
      vertex -80.7059 1.68579 3
      vertex -80.7059 1.68579 4
    endloop
  endfacet
  facet normal 0.997859 -0.0653985 5.95082e-18
    outer loop
      vertex -80.7059 1.68579 3
      vertex -80.8 0.25 4
      vertex -80.8 0.25 3
    endloop
  endfacet
  facet normal 0.0653981 -0.997859 0
    outer loop
      vertex -71.2358 11.1559 3
      vertex -69.8 11.25 4
      vertex -71.2358 11.1559 4
    endloop
  endfacet
  facet normal 0.0653981 -0.997859 0
    outer loop
      vertex -69.8 11.25 4
      vertex -71.2358 11.1559 3
      vertex -69.8 11.25 3
    endloop
  endfacet
  facet normal -0 0 1
    outer loop
      vertex -69.8 11.25 3
      vertex -0.174999 0.174999 3
      vertex -0.174999 11.25 3
    endloop
  endfacet
  facet normal 0 0 1
    outer loop
      vertex -80.8 0.174999 3
      vertex -69.8 11.25 3
      vertex -71.2358 11.1559 3
    endloop
  endfacet
  facet normal 0 0 1
    outer loop
      vertex -80.8 0.174999 3
      vertex -71.2358 11.1559 3
      vertex -72.647 10.8752 3
    endloop
  endfacet
  facet normal 0 0 1
    outer loop
      vertex -80.8 0.174999 3
      vertex -72.647 10.8752 3
      vertex -74.0095 10.4127 3
    endloop
  endfacet
  facet normal 0 0 1
    outer loop
      vertex -80.8 0.174999 3
      vertex -74.0095 10.4127 3
      vertex -75.3 9.77628 3
    endloop
  endfacet
  facet normal 0 0 1
    outer loop
      vertex -80.8 0.174999 3
      vertex -75.3 9.77628 3
      vertex -76.4964 8.97689 3
    endloop
  endfacet
  facet normal 0 0 1
    outer loop
      vertex -80.8 0.174999 3
      vertex -76.4964 8.97689 3
      vertex -77.5782 8.02817 3
    endloop
  endfacet
  facet normal 0 0 1
    outer loop
      vertex -80.8 0.174999 3
      vertex -77.5782 8.02817 3
      vertex -78.5269 6.94637 3
    endloop
  endfacet
  facet normal 0 0 1
    outer loop
      vertex -80.8 0.174999 3
      vertex -78.5269 6.94637 3
      vertex -79.3263 5.75 3
    endloop
  endfacet
  facet normal 0 0 1
    outer loop
      vertex -80.8 0.174999 3
      vertex -79.3263 5.75 3
      vertex -79.9627 4.45952 3
    endloop
  endfacet
  facet normal 0 0 1
    outer loop
      vertex -80.8 0.174999 3
      vertex -79.9627 4.45952 3
      vertex -80.4252 3.09701 3
    endloop
  endfacet
  facet normal 0 0 1
    outer loop
      vertex -80.8 0.174999 3
      vertex -80.4252 3.09701 3
      vertex -80.7059 1.68579 3
    endloop
  endfacet
  facet normal 0 0 1
    outer loop
      vertex -80.8 0.174999 3
      vertex -80.7059 1.68579 3
      vertex -80.8 0.25 3
    endloop
  endfacet
  facet normal 0 0 1
    outer loop
      vertex -69.8 11.25 3
      vertex -80.8 0.174999 3
      vertex -0.174999 0.174999 3
    endloop
  endfacet
  facet normal -0 0 1
    outer loop
      vertex 0.174999 11.25 3
      vertex 1 0.174999 3
      vertex 1 11.25 3
    endloop
  endfacet
  facet normal 0 0 1
    outer loop
      vertex 1 0.174999 3
      vertex 0.174999 11.25 3
      vertex 0.174999 0.174999 3
    endloop
  endfacet
  facet normal -0 0 1
    outer loop
      vertex -80.8 -0.174999 3
      vertex -0.174999 -1 3
      vertex -0.174999 -0.174999 3
    endloop
  endfacet
  facet normal 0 0 1
    outer loop
      vertex -0.174999 -1 3
      vertex -80.8 -0.174999 3
      vertex -80.8 -1 3
    endloop
  endfacet
  facet normal -0 0 1
    outer loop
      vertex 0.174999 -0.174999 3
      vertex 1 -1 3
      vertex 1 -0.174999 3
    endloop
  endfacet
  facet normal 0 0 1
    outer loop
      vertex 1 -1 3
      vertex 0.174999 -0.174999 3
      vertex 0.174999 -1 3
    endloop
  endfacet
  facet normal -0.980825 -0.194891 -3.1134e-19
    outer loop
      vertex -16.2154 82.2349 -3
      vertex -16.2613 82.4659 4
      vertex -16.2613 82.4659 -3
    endloop
  endfacet
  facet normal -0.980825 -0.194891 -3.1134e-19
    outer loop
      vertex -16.2613 82.4659 4
      vertex -16.2154 82.2349 -3
      vertex -16.2154 82.2349 4
    endloop
  endfacet
  facet normal -0.997858 -0.0654194 -5.50574e-20
    outer loop
      vertex -16.2 82 -3
      vertex -16.2154 82.2349 4
      vertex -16.2154 82.2349 -3
    endloop
  endfacet
  facet normal -0.997858 -0.0654194 -5.50574e-20
    outer loop
      vertex -16.2154 82.2349 4
      vertex -16.2 82 -3
      vertex -16.2 82 4
    endloop
  endfacet
  facet normal -0.946884 -0.321575 6.42876e-19
    outer loop
      vertex -16.2613 82.4659 -3
      vertex -16.337 82.6888 4
      vertex -16.337 82.6888 -3
    endloop
  endfacet
  facet normal -0.946884 -0.321575 6.42876e-19
    outer loop
      vertex -16.337 82.6888 4
      vertex -16.2613 82.4659 -3
      vertex -16.2613 82.4659 4
    endloop
  endfacet
  facet normal -0.946884 0.321575 -6.42876e-19
    outer loop
      vertex -16.337 81.3112 -3
      vertex -16.2613 81.5341 4
      vertex -16.2613 81.5341 -3
    endloop
  endfacet
  facet normal -0.946884 0.321575 -6.42876e-19
    outer loop
      vertex -16.2613 81.5341 4
      vertex -16.337 81.3112 -3
      vertex -16.337 81.3112 4
    endloop
  endfacet
  facet normal -0.980825 0.194891 3.1134e-19
    outer loop
      vertex -16.2613 81.5341 -3
      vertex -16.2154 81.7651 4
      vertex -16.2154 81.7651 -3
    endloop
  endfacet
  facet normal -0.980825 0.194891 3.1134e-19
    outer loop
      vertex -16.2154 81.7651 4
      vertex -16.2613 81.5341 -3
      vertex -16.2613 81.5341 4
    endloop
  endfacet
  facet normal -0.194891 0.980825 0
    outer loop
      vertex -17.5341 80.2613 -3
      vertex -17.7651 80.2154 4
      vertex -17.5341 80.2613 4
    endloop
  endfacet
  facet normal -0.194891 0.980825 0
    outer loop
      vertex -17.7651 80.2154 4
      vertex -17.5341 80.2613 -3
      vertex -17.7651 80.2154 -3
    endloop
  endfacet
  facet normal -0.896792 0.442452 -8.10417e-19
    outer loop
      vertex -16.4412 81.1 -3
      vertex -16.337 81.3112 4
      vertex -16.337 81.3112 -3
    endloop
  endfacet
  facet normal -0.896792 0.442452 -8.10417e-19
    outer loop
      vertex -16.337 81.3112 4
      vertex -16.4412 81.1 -3
      vertex -16.4412 81.1 4
    endloop
  endfacet
  facet normal -0.442452 0.896792 0
    outer loop
      vertex -17.1 80.4412 -3
      vertex -17.3112 80.337 4
      vertex -17.1 80.4412 4
    endloop
  endfacet
  facet normal -0.442452 0.896792 0
    outer loop
      vertex -17.3112 80.337 4
      vertex -17.1 80.4412 -3
      vertex -17.3112 80.337 -3
    endloop
  endfacet
  facet normal 0.831527 -0.555484 -1.68616e-18
    outer loop
      vertex -19.5588 82.9 4
      vertex -19.428 83.0958 0
      vertex -19.428 83.0958 4
    endloop
  endfacet
  facet normal 0.831527 -0.555484 -1.68616e-18
    outer loop
      vertex -19.428 83.0958 0
      vertex -19.5588 82.9 4
      vertex -19.5588 82.9 0
    endloop
  endfacet
  facet normal -0.896792 -0.442452 8.10417e-19
    outer loop
      vertex -16.337 82.6888 -3
      vertex -16.4412 82.9 4
      vertex -16.4412 82.9 -3
    endloop
  endfacet
  facet normal -0.896792 -0.442452 8.10417e-19
    outer loop
      vertex -16.4412 82.9 4
      vertex -16.337 82.6888 -3
      vertex -16.337 82.6888 4
    endloop
  endfacet
  facet normal 0.751892 -0.659286 -1.61374e-18
    outer loop
      vertex -19.428 83.0958 4
      vertex -19.2728 83.2728 0
      vertex -19.2728 83.2728 4
    endloop
  endfacet
  facet normal 0.751892 -0.659286 -1.61374e-18
    outer loop
      vertex -19.2728 83.2728 0
      vertex -19.428 83.0958 4
      vertex -19.428 83.0958 0
    endloop
  endfacet
  facet normal -0.194891 -0.980825 0
    outer loop
      vertex -17.7651 83.7846 -3
      vertex -17.5341 83.7387 4
      vertex -17.7651 83.7846 4
    endloop
  endfacet
  facet normal -0.194891 -0.980825 -0
    outer loop
      vertex -17.5341 83.7387 4
      vertex -17.7651 83.7846 -3
      vertex -17.5341 83.7387 -3
    endloop
  endfacet
  facet normal -0.831527 0.555484 -9.63519e-19
    outer loop
      vertex -16.572 80.9042 -3
      vertex -16.4412 81.1 4
      vertex -16.4412 81.1 -3
    endloop
  endfacet
  facet normal -0.831527 0.555484 -9.63519e-19
    outer loop
      vertex -16.4412 81.1 4
      vertex -16.572 80.9042 -3
      vertex -16.572 80.9042 4
    endloop
  endfacet
  facet normal -0.0654194 0.997858 0
    outer loop
      vertex -17.7651 80.2154 -3
      vertex -18 80.2 4
      vertex -17.7651 80.2154 4
    endloop
  endfacet
  facet normal -0.0654194 0.997858 0
    outer loop
      vertex -18 80.2 4
      vertex -17.7651 80.2154 -3
      vertex -18 80.2 -3
    endloop
  endfacet
  facet normal 0.659286 0.751892 -0
    outer loop
      vertex -19.0958 80.572 0
      vertex -19.2728 80.7272 4
      vertex -19.0958 80.572 4
    endloop
  endfacet
  facet normal 0.659286 0.751892 0
    outer loop
      vertex -19.2728 80.7272 4
      vertex -19.0958 80.572 0
      vertex -19.2728 80.7272 0
    endloop
  endfacet
  facet normal 0.997858 -0.0654194 9.63504e-20
    outer loop
      vertex -19.8 82 4
      vertex -19.7846 82.2349 0
      vertex -19.7846 82.2349 4
    endloop
  endfacet
  facet normal 0.997858 -0.0654194 9.63504e-20
    outer loop
      vertex -19.7846 82.2349 0
      vertex -19.8 82 4
      vertex -19.8 82 0
    endloop
  endfacet
  facet normal -0.442452 -0.896792 0
    outer loop
      vertex -17.3112 83.663 -3
      vertex -17.1 83.5588 4
      vertex -17.3112 83.663 4
    endloop
  endfacet
  facet normal -0.442452 -0.896792 -0
    outer loop
      vertex -17.1 83.5588 4
      vertex -17.3112 83.663 -3
      vertex -17.1 83.5588 -3
    endloop
  endfacet
  facet normal 0.896792 -0.442452 -1.41823e-18
    outer loop
      vertex -19.663 82.6888 4
      vertex -19.5588 82.9 0
      vertex -19.5588 82.9 4
    endloop
  endfacet
  facet normal 0.896792 -0.442452 -1.41823e-18
    outer loop
      vertex -19.5588 82.9 0
      vertex -19.663 82.6888 4
      vertex -19.663 82.6888 0
    endloop
  endfacet
  facet normal 0.946884 0.321575 1.12503e-18
    outer loop
      vertex -19.663 81.3112 4
      vertex -19.7387 81.5341 0
      vertex -19.7387 81.5341 4
    endloop
  endfacet
  facet normal 0.946884 0.321575 1.12503e-18
    outer loop
      vertex -19.7387 81.5341 0
      vertex -19.663 81.3112 4
      vertex -19.663 81.3112 0
    endloop
  endfacet
  facet normal -0.831527 -0.555484 9.63519e-19
    outer loop
      vertex -16.4412 82.9 -3
      vertex -16.572 83.0958 4
      vertex -16.572 83.0958 -3
    endloop
  endfacet
  facet normal -0.831527 -0.555484 9.63519e-19
    outer loop
      vertex -16.572 83.0958 4
      vertex -16.4412 82.9 -3
      vertex -16.4412 82.9 4
    endloop
  endfacet
  facet normal 0.0654194 0.997858 -0
    outer loop
      vertex -18 80.2 -3
      vertex -18.2349 80.2154 4
      vertex -18 80.2 4
    endloop
  endfacet
  facet normal 0.0654194 0.997858 0
    outer loop
      vertex -18.2349 80.2154 4
      vertex -18 80.2 -3
      vertex -18.2349 80.2154 -3
    endloop
  endfacet
  facet normal -0.751892 -0.659286 9.22139e-19
    outer loop
      vertex -16.572 83.0958 -3
      vertex -16.7272 83.2728 4
      vertex -16.7272 83.2728 -3
    endloop
  endfacet
  facet normal -0.751892 -0.659286 9.22139e-19
    outer loop
      vertex -16.7272 83.2728 4
      vertex -16.572 83.0958 -3
      vertex -16.572 83.0958 4
    endloop
  endfacet
  facet normal -0.997858 0.0654194 5.50574e-20
    outer loop
      vertex -16.2154 81.7651 -3
      vertex -16.2 82 4
      vertex -16.2 82 -3
    endloop
  endfacet
  facet normal -0.997858 0.0654194 5.50574e-20
    outer loop
      vertex -16.2 82 4
      vertex -16.2154 81.7651 -3
      vertex -16.2154 81.7651 4
    endloop
  endfacet
  facet normal -0.659286 -0.751892 0
    outer loop
      vertex -16.9042 83.428 -3
      vertex -16.7272 83.2728 4
      vertex -16.9042 83.428 4
    endloop
  endfacet
  facet normal -0.659286 -0.751892 -0
    outer loop
      vertex -16.7272 83.2728 4
      vertex -16.9042 83.428 -3
      vertex -16.7272 83.2728 -3
    endloop
  endfacet
  facet normal -0.555484 -0.831527 0
    outer loop
      vertex -17.1 83.5588 -3
      vertex -16.9042 83.428 4
      vertex -17.1 83.5588 4
    endloop
  endfacet
  facet normal -0.555484 -0.831527 -0
    outer loop
      vertex -16.9042 83.428 4
      vertex -17.1 83.5588 -3
      vertex -16.9042 83.428 -3
    endloop
  endfacet
  facet normal 0.442452 0.896792 -0
    outer loop
      vertex -18.6888 80.337 0
      vertex -18.9 80.4412 4
      vertex -18.6888 80.337 4
    endloop
  endfacet
  facet normal 0.442452 0.896792 0
    outer loop
      vertex -18.9 80.4412 4
      vertex -18.6888 80.337 0
      vertex -18.9 80.4412 0
    endloop
  endfacet
  facet normal -0.321575 -0.946884 0
    outer loop
      vertex -17.5341 83.7387 -3
      vertex -17.3112 83.663 4
      vertex -17.5341 83.7387 4
    endloop
  endfacet
  facet normal -0.321575 -0.946884 -0
    outer loop
      vertex -17.3112 83.663 4
      vertex -17.5341 83.7387 -3
      vertex -17.3112 83.663 -3
    endloop
  endfacet
  facet normal -0.555484 0.831527 0
    outer loop
      vertex -16.9042 80.572 -3
      vertex -17.1 80.4412 4
      vertex -16.9042 80.572 4
    endloop
  endfacet
  facet normal -0.555484 0.831527 0
    outer loop
      vertex -17.1 80.4412 4
      vertex -16.9042 80.572 -3
      vertex -17.1 80.4412 -3
    endloop
  endfacet
  facet normal 0.442452 -0.896792 0
    outer loop
      vertex -18.9 83.5588 0
      vertex -18.6888 83.663 4
      vertex -18.9 83.5588 4
    endloop
  endfacet
  facet normal 0.442452 -0.896792 0
    outer loop
      vertex -18.6888 83.663 4
      vertex -18.9 83.5588 0
      vertex -18.6888 83.663 0
    endloop
  endfacet
  facet normal 0.321575 0.946884 4.53476e-06
    outer loop
      vertex -18.4659 80.2613 4
      vertex -18.5 80.2729 0
      vertex -18.6888 80.337 4
    endloop
  endfacet
  facet normal 0.322052 0.946722 -0
    outer loop
      vertex -18.4659 80.2613 -3
      vertex -18.5 80.2729 0
      vertex -18.4659 80.2613 4
    endloop
  endfacet
  facet normal 0.322052 0.946722 0
    outer loop
      vertex -18.5 80.2729 0
      vertex -18.4659 80.2613 -3
      vertex -18.5 80.2729 -3
    endloop
  endfacet
  facet normal 0.321489 0.946913 0
    outer loop
      vertex -18.6888 80.337 4
      vertex -18.5 80.2729 0
      vertex -18.6888 80.337 0
    endloop
  endfacet
  facet normal 0.555484 0.831527 -0
    outer loop
      vertex -18.9 80.4412 0
      vertex -19.0958 80.572 4
      vertex -18.9 80.4412 4
    endloop
  endfacet
  facet normal 0.555484 0.831527 0
    outer loop
      vertex -19.0958 80.572 4
      vertex -18.9 80.4412 0
      vertex -19.0958 80.572 0
    endloop
  endfacet
  facet normal 0.997858 0.0654194 -9.63504e-20
    outer loop
      vertex -19.7846 81.7651 4
      vertex -19.8 82 0
      vertex -19.8 82 4
    endloop
  endfacet
  facet normal 0.997858 0.0654194 -9.63504e-20
    outer loop
      vertex -19.8 82 0
      vertex -19.7846 81.7651 4
      vertex -19.7846 81.7651 0
    endloop
  endfacet
  facet normal 0.896792 0.442452 1.41823e-18
    outer loop
      vertex -19.5588 81.1 4
      vertex -19.663 81.3112 0
      vertex -19.663 81.3112 4
    endloop
  endfacet
  facet normal 0.896792 0.442452 1.41823e-18
    outer loop
      vertex -19.663 81.3112 0
      vertex -19.5588 81.1 4
      vertex -19.5588 81.1 0
    endloop
  endfacet
  facet normal -0.321575 0.946884 0
    outer loop
      vertex -17.3112 80.337 -3
      vertex -17.5341 80.2613 4
      vertex -17.3112 80.337 4
    endloop
  endfacet
  facet normal -0.321575 0.946884 0
    outer loop
      vertex -17.5341 80.2613 4
      vertex -17.3112 80.337 -3
      vertex -17.5341 80.2613 -3
    endloop
  endfacet
  facet normal -0.751892 0.659286 -9.22139e-19
    outer loop
      vertex -16.7272 80.7272 -3
      vertex -16.572 80.9042 4
      vertex -16.572 80.9042 -3
    endloop
  endfacet
  facet normal -0.751892 0.659286 -9.22139e-19
    outer loop
      vertex -16.572 80.9042 4
      vertex -16.7272 80.7272 -3
      vertex -16.7272 80.7272 4
    endloop
  endfacet
  facet normal 0.659286 -0.751892 0
    outer loop
      vertex -19.2728 83.2728 0
      vertex -19.0958 83.428 4
      vertex -19.2728 83.2728 4
    endloop
  endfacet
  facet normal 0.659286 -0.751892 0
    outer loop
      vertex -19.0958 83.428 4
      vertex -19.2728 83.2728 0
      vertex -19.0958 83.428 0
    endloop
  endfacet
  facet normal 0.555484 -0.831527 0
    outer loop
      vertex -19.0958 83.428 0
      vertex -18.9 83.5588 4
      vertex -19.0958 83.428 4
    endloop
  endfacet
  facet normal 0.555484 -0.831527 0
    outer loop
      vertex -18.9 83.5588 4
      vertex -19.0958 83.428 0
      vertex -18.9 83.5588 0
    endloop
  endfacet
  facet normal 0.751892 0.659286 1.61374e-18
    outer loop
      vertex -19.2728 80.7272 4
      vertex -19.428 80.9042 0
      vertex -19.428 80.9042 4
    endloop
  endfacet
  facet normal 0.751892 0.659286 1.61374e-18
    outer loop
      vertex -19.428 80.9042 0
      vertex -19.2728 80.7272 4
      vertex -19.2728 80.7272 0
    endloop
  endfacet
  facet normal 0.980825 -0.194891 5.44844e-19
    outer loop
      vertex -19.7846 82.2349 4
      vertex -19.7387 82.4659 0
      vertex -19.7387 82.4659 4
    endloop
  endfacet
  facet normal 0.980825 -0.194891 5.44844e-19
    outer loop
      vertex -19.7387 82.4659 0
      vertex -19.7846 82.2349 4
      vertex -19.7846 82.2349 0
    endloop
  endfacet
  facet normal 0.321575 -0.946884 0
    outer loop
      vertex -18.6888 83.663 0
      vertex -18.4659 83.7387 4
      vertex -18.6888 83.663 4
    endloop
  endfacet
  facet normal 0.321489 -0.946913 5.35397e-06
    outer loop
      vertex -18.5 83.7271 0
      vertex -18.4659 83.7387 4
      vertex -18.6888 83.663 0
    endloop
  endfacet
  facet normal 0.322052 -0.946722 -1.41486e-19
    outer loop
      vertex -18.4659 83.7387 -3
      vertex -18.5 83.7271 0
      vertex -18.5 83.7271 -3
    endloop
  endfacet
  facet normal 0.322052 -0.946722 -6.0637e-20
    outer loop
      vertex -18.5 83.7271 0
      vertex -18.4659 83.7387 -3
      vertex -18.4659 83.7387 4
    endloop
  endfacet
  facet normal 0.980825 0.194891 -5.44844e-19
    outer loop
      vertex -19.7387 81.5341 4
      vertex -19.7846 81.7651 0
      vertex -19.7846 81.7651 4
    endloop
  endfacet
  facet normal 0.980825 0.194891 -5.44844e-19
    outer loop
      vertex -19.7846 81.7651 0
      vertex -19.7387 81.5341 4
      vertex -19.7387 81.5341 0
    endloop
  endfacet
  facet normal -0.0654194 -0.997858 0
    outer loop
      vertex -18 83.8 -3
      vertex -17.7651 83.7846 4
      vertex -18 83.8 4
    endloop
  endfacet
  facet normal -0.0654194 -0.997858 -0
    outer loop
      vertex -17.7651 83.7846 4
      vertex -18 83.8 -3
      vertex -17.7651 83.7846 -3
    endloop
  endfacet
  facet normal 0.194891 -0.980825 0
    outer loop
      vertex -18.4659 83.7387 -3
      vertex -18.2349 83.7846 4
      vertex -18.4659 83.7387 4
    endloop
  endfacet
  facet normal 0.194891 -0.980825 0
    outer loop
      vertex -18.2349 83.7846 4
      vertex -18.4659 83.7387 -3
      vertex -18.2349 83.7846 -3
    endloop
  endfacet
  facet normal -0.659286 0.751892 0
    outer loop
      vertex -16.7272 80.7272 -3
      vertex -16.9042 80.572 4
      vertex -16.7272 80.7272 4
    endloop
  endfacet
  facet normal -0.659286 0.751892 0
    outer loop
      vertex -16.9042 80.572 4
      vertex -16.7272 80.7272 -3
      vertex -16.9042 80.572 -3
    endloop
  endfacet
  facet normal 0.194891 0.980825 -0
    outer loop
      vertex -18.2349 80.2154 -3
      vertex -18.4659 80.2613 4
      vertex -18.2349 80.2154 4
    endloop
  endfacet
  facet normal 0.194891 0.980825 0
    outer loop
      vertex -18.4659 80.2613 4
      vertex -18.2349 80.2154 -3
      vertex -18.4659 80.2613 -3
    endloop
  endfacet
  facet normal 0.0654194 -0.997858 0
    outer loop
      vertex -18.2349 83.7846 -3
      vertex -18 83.8 4
      vertex -18.2349 83.7846 4
    endloop
  endfacet
  facet normal 0.0654194 -0.997858 0
    outer loop
      vertex -18 83.8 4
      vertex -18.2349 83.7846 -3
      vertex -18 83.8 -3
    endloop
  endfacet
  facet normal 0.831527 0.555484 1.68616e-18
    outer loop
      vertex -19.428 80.9042 4
      vertex -19.5588 81.1 0
      vertex -19.5588 81.1 4
    endloop
  endfacet
  facet normal 0.831527 0.555484 1.68616e-18
    outer loop
      vertex -19.5588 81.1 0
      vertex -19.428 80.9042 4
      vertex -19.428 80.9042 0
    endloop
  endfacet
  facet normal 0.946884 -0.321575 -1.12503e-18
    outer loop
      vertex -19.7387 82.4659 4
      vertex -19.663 82.6888 0
      vertex -19.663 82.6888 4
    endloop
  endfacet
  facet normal 0.946884 -0.321575 -1.12503e-18
    outer loop
      vertex -19.663 82.6888 0
      vertex -19.7387 82.4659 4
      vertex -19.7387 82.4659 0
    endloop
  endfacet
  facet normal -0.980744 -0.1953 -2.69888e-19
    outer loop
      vertex -100.215 18.2349 -3
      vertex -100.261 18.4659 4
      vertex -100.261 18.4659 -3
    endloop
  endfacet
  facet normal -0.980744 -0.1953 -2.69888e-19
    outer loop
      vertex -100.261 18.4659 4
      vertex -100.215 18.2349 -3
      vertex -100.215 18.2349 4
    endloop
  endfacet
  facet normal -0.997967 -0.0637272 1.89176e-20
    outer loop
      vertex -100.2 18 -3
      vertex -100.215 18.2349 4
      vertex -100.215 18.2349 -3
    endloop
  endfacet
  facet normal -0.997967 -0.0637272 1.89176e-20
    outer loop
      vertex -100.215 18.2349 4
      vertex -100.2 18 -3
      vertex -100.2 18 4
    endloop
  endfacet
  facet normal -0.946495 -0.322717 6.58442e-19
    outer loop
      vertex -100.261 18.4659 -3
      vertex -100.337 18.6888 4
      vertex -100.337 18.6888 -3
    endloop
  endfacet
  facet normal -0.946495 -0.322717 6.58442e-19
    outer loop
      vertex -100.337 18.6888 4
      vertex -100.261 18.4659 -3
      vertex -100.261 18.4659 4
    endloop
  endfacet
  facet normal -0.946495 0.322717 -6.58442e-19
    outer loop
      vertex -100.337 17.3112 -3
      vertex -100.261 17.5341 4
      vertex -100.261 17.5341 -3
    endloop
  endfacet
  facet normal -0.946495 0.322717 -6.58442e-19
    outer loop
      vertex -100.261 17.5341 4
      vertex -100.337 17.3112 -3
      vertex -100.337 17.3112 4
    endloop
  endfacet
  facet normal -0.980744 0.1953 2.69888e-19
    outer loop
      vertex -100.261 17.5341 -3
      vertex -100.215 17.7651 4
      vertex -100.215 17.7651 -3
    endloop
  endfacet
  facet normal -0.980744 0.1953 2.69888e-19
    outer loop
      vertex -100.215 17.7651 4
      vertex -100.261 17.5341 -3
      vertex -100.261 17.5341 4
    endloop
  endfacet
  facet normal -0.555092 -0.831789 0
    outer loop
      vertex -101.1 19.5588 -3
      vertex -100.904 19.428 4
      vertex -101.1 19.5588 4
    endloop
  endfacet
  facet normal -0.555092 -0.831789 -0
    outer loop
      vertex -100.904 19.428 4
      vertex -101.1 19.5588 -3
      vertex -100.904 19.428 -3
    endloop
  endfacet
  facet normal -0.194891 0.980825 0
    outer loop
      vertex -101.534 16.2613 -3
      vertex -101.765 16.2154 4
      vertex -101.534 16.2613 4
    endloop
  endfacet
  facet normal -0.194891 0.980825 0
    outer loop
      vertex -101.765 16.2154 4
      vertex -101.534 16.2613 -3
      vertex -101.765 16.2154 -3
    endloop
  endfacet
  facet normal -0.897129 0.441768 8.33272e-19
    outer loop
      vertex -100.441 17.1 -3
      vertex -100.337 17.3112 4
      vertex -100.337 17.3112 -3
    endloop
  endfacet
  facet normal -0.897129 0.441768 8.33272e-19
    outer loop
      vertex -100.337 17.3112 4
      vertex -100.441 17.1 -3
      vertex -100.441 17.1 4
    endloop
  endfacet
  facet normal -0.442789 0.896626 0
    outer loop
      vertex -101.1 16.4412 -3
      vertex -101.311 16.337 4
      vertex -101.1 16.4412 4
    endloop
  endfacet
  facet normal -0.442789 0.896626 0
    outer loop
      vertex -101.311 16.337 4
      vertex -101.1 16.4412 -3
      vertex -101.311 16.337 -3
    endloop
  endfacet
  facet normal 0.831135 -0.556071 4.20668e-19
    outer loop
      vertex -103.559 18.9 4
      vertex -103.428 19.0958 -3
      vertex -103.428 19.0958 4
    endloop
  endfacet
  facet normal 0.831135 -0.556071 4.20668e-19
    outer loop
      vertex -103.428 19.0958 -3
      vertex -103.559 18.9 4
      vertex -103.559 18.9 -3
    endloop
  endfacet
  facet normal -0.897129 -0.441768 -8.33272e-19
    outer loop
      vertex -100.337 18.6888 -3
      vertex -100.441 18.9 4
      vertex -100.441 18.9 -3
    endloop
  endfacet
  facet normal -0.897129 -0.441768 -8.33272e-19
    outer loop
      vertex -100.441 18.9 4
      vertex -100.337 18.6888 -3
      vertex -100.337 18.6888 4
    endloop
  endfacet
  facet normal 0.752313 -0.658805 -1.69878e-19
    outer loop
      vertex -103.428 19.0958 4
      vertex -103.273 19.2728 -3
      vertex -103.273 19.2728 4
    endloop
  endfacet
  facet normal 0.752313 -0.658805 -1.69878e-19
    outer loop
      vertex -103.273 19.2728 -3
      vertex -103.428 19.0958 4
      vertex -103.428 19.0958 -3
    endloop
  endfacet
  facet normal 0.194891 0.980825 -0
    outer loop
      vertex -102.235 16.2154 -3
      vertex -102.466 16.2613 4
      vertex -102.235 16.2154 4
    endloop
  endfacet
  facet normal 0.194891 0.980825 0
    outer loop
      vertex -102.466 16.2613 4
      vertex -102.235 16.2154 -3
      vertex -102.466 16.2613 -3
    endloop
  endfacet
  facet normal -0.194891 -0.980825 0
    outer loop
      vertex -101.765 19.7846 -3
      vertex -101.534 19.7387 4
      vertex -101.765 19.7846 4
    endloop
  endfacet
  facet normal -0.194891 -0.980825 -0
    outer loop
      vertex -101.534 19.7387 4
      vertex -101.765 19.7846 -3
      vertex -101.534 19.7387 -3
    endloop
  endfacet
  facet normal -0.831135 0.556071 4.20668e-19
    outer loop
      vertex -100.572 16.9042 -3
      vertex -100.441 17.1 4
      vertex -100.441 17.1 -3
    endloop
  endfacet
  facet normal -0.831135 0.556071 4.20668e-19
    outer loop
      vertex -100.441 17.1 4
      vertex -100.572 16.9042 -3
      vertex -100.572 16.9042 4
    endloop
  endfacet
  facet normal -0.0653917 0.99786 0
    outer loop
      vertex -101.765 16.2154 -3
      vertex -102 16.2 4
      vertex -101.765 16.2154 4
    endloop
  endfacet
  facet normal -0.0653917 0.99786 0
    outer loop
      vertex -102 16.2 4
      vertex -101.765 16.2154 -3
      vertex -102 16.2 -3
    endloop
  endfacet
  facet normal 0.659286 0.751892 -0
    outer loop
      vertex -103.096 16.572 -3
      vertex -103.273 16.7272 4
      vertex -103.096 16.572 4
    endloop
  endfacet
  facet normal 0.659286 0.751892 0
    outer loop
      vertex -103.273 16.7272 4
      vertex -103.096 16.572 -3
      vertex -103.273 16.7272 -3
    endloop
  endfacet
  facet normal 0.997967 -0.0637272 -1.89176e-20
    outer loop
      vertex -103.8 18 4
      vertex -103.785 18.2349 -3
      vertex -103.785 18.2349 4
    endloop
  endfacet
  facet normal 0.997967 -0.0637272 -1.89176e-20
    outer loop
      vertex -103.785 18.2349 -3
      vertex -103.8 18 4
      vertex -103.8 18 -3
    endloop
  endfacet
  facet normal -0.442789 -0.896626 0
    outer loop
      vertex -101.311 19.663 -3
      vertex -101.1 19.5588 4
      vertex -101.311 19.663 4
    endloop
  endfacet
  facet normal -0.442789 -0.896626 -0
    outer loop
      vertex -101.1 19.5588 4
      vertex -101.311 19.663 -3
      vertex -101.1 19.5588 -3
    endloop
  endfacet
  facet normal 0.897129 -0.441768 8.33272e-19
    outer loop
      vertex -103.663 18.6888 4
      vertex -103.559 18.9 -3
      vertex -103.559 18.9 4
    endloop
  endfacet
  facet normal 0.897129 -0.441768 8.33272e-19
    outer loop
      vertex -103.559 18.9 -3
      vertex -103.663 18.6888 4
      vertex -103.663 18.6888 -3
    endloop
  endfacet
  facet normal 0.946495 0.322717 6.58442e-19
    outer loop
      vertex -103.663 17.3112 4
      vertex -103.739 17.5341 -3
      vertex -103.739 17.5341 4
    endloop
  endfacet
  facet normal 0.946495 0.322717 6.58442e-19
    outer loop
      vertex -103.739 17.5341 -3
      vertex -103.663 17.3112 4
      vertex -103.663 17.3112 -3
    endloop
  endfacet
  facet normal -0.831135 -0.556071 -4.20668e-19
    outer loop
      vertex -100.441 18.9 -3
      vertex -100.572 19.0958 4
      vertex -100.572 19.0958 -3
    endloop
  endfacet
  facet normal -0.831135 -0.556071 -4.20668e-19
    outer loop
      vertex -100.572 19.0958 4
      vertex -100.441 18.9 -3
      vertex -100.441 18.9 4
    endloop
  endfacet
  facet normal 0.831135 0.556071 -4.20668e-19
    outer loop
      vertex -103.428 16.9042 4
      vertex -103.559 17.1 -3
      vertex -103.559 17.1 4
    endloop
  endfacet
  facet normal 0.831135 0.556071 -4.20668e-19
    outer loop
      vertex -103.559 17.1 -3
      vertex -103.428 16.9042 4
      vertex -103.428 16.9042 -3
    endloop
  endfacet
  facet normal 0.0653917 0.99786 -0
    outer loop
      vertex -102 16.2 -3
      vertex -102.235 16.2154 4
      vertex -102 16.2 4
    endloop
  endfacet
  facet normal 0.0653917 0.99786 0
    outer loop
      vertex -102.235 16.2154 4
      vertex -102 16.2 -3
      vertex -102.235 16.2154 -3
    endloop
  endfacet
  facet normal -0.752313 -0.658805 1.69878e-19
    outer loop
      vertex -100.572 19.0958 -3
      vertex -100.727 19.2728 4
      vertex -100.727 19.2728 -3
    endloop
  endfacet
  facet normal -0.752313 -0.658805 1.69878e-19
    outer loop
      vertex -100.727 19.2728 4
      vertex -100.572 19.0958 -3
      vertex -100.572 19.0958 4
    endloop
  endfacet
  facet normal -0.997967 0.0637272 -1.89176e-20
    outer loop
      vertex -100.215 17.7651 -3
      vertex -100.2 18 4
      vertex -100.2 18 -3
    endloop
  endfacet
  facet normal -0.997967 0.0637272 -1.89176e-20
    outer loop
      vertex -100.2 18 4
      vertex -100.215 17.7651 -3
      vertex -100.215 17.7651 4
    endloop
  endfacet
  facet normal -0.659286 -0.751892 0
    outer loop
      vertex -100.904 19.428 -3
      vertex -100.727 19.2728 4
      vertex -100.904 19.428 4
    endloop
  endfacet
  facet normal -0.659286 -0.751892 -0
    outer loop
      vertex -100.727 19.2728 4
      vertex -100.904 19.428 -3
      vertex -100.727 19.2728 -3
    endloop
  endfacet
  facet normal 0.442789 0.896626 -0
    outer loop
      vertex -102.689 16.337 -3
      vertex -102.9 16.4412 4
      vertex -102.689 16.337 4
    endloop
  endfacet
  facet normal 0.442789 0.896626 0
    outer loop
      vertex -102.9 16.4412 4
      vertex -102.689 16.337 -3
      vertex -102.9 16.4412 -3
    endloop
  endfacet
  facet normal -0.321446 -0.946928 0
    outer loop
      vertex -101.534 19.7387 -3
      vertex -101.311 19.663 4
      vertex -101.534 19.7387 4
    endloop
  endfacet
  facet normal -0.321446 -0.946928 -0
    outer loop
      vertex -101.311 19.663 4
      vertex -101.534 19.7387 -3
      vertex -101.311 19.663 -3
    endloop
  endfacet
  facet normal -0.555092 0.831789 0
    outer loop
      vertex -100.904 16.572 -3
      vertex -101.1 16.4412 4
      vertex -100.904 16.572 4
    endloop
  endfacet
  facet normal -0.555092 0.831789 0
    outer loop
      vertex -101.1 16.4412 4
      vertex -100.904 16.572 -3
      vertex -101.1 16.4412 -3
    endloop
  endfacet
  facet normal 0.442789 -0.896626 0
    outer loop
      vertex -102.9 19.5588 -3
      vertex -102.689 19.663 4
      vertex -102.9 19.5588 4
    endloop
  endfacet
  facet normal 0.442789 -0.896626 0
    outer loop
      vertex -102.689 19.663 4
      vertex -102.9 19.5588 -3
      vertex -102.689 19.663 -3
    endloop
  endfacet
  facet normal 0.321446 0.946928 -0
    outer loop
      vertex -102.466 16.2613 -3
      vertex -102.689 16.337 4
      vertex -102.466 16.2613 4
    endloop
  endfacet
  facet normal 0.321446 0.946928 0
    outer loop
      vertex -102.689 16.337 4
      vertex -102.466 16.2613 -3
      vertex -102.689 16.337 -3
    endloop
  endfacet
  facet normal 0.555092 0.831789 -0
    outer loop
      vertex -102.9 16.4412 -3
      vertex -103.096 16.572 4
      vertex -102.9 16.4412 4
    endloop
  endfacet
  facet normal 0.555092 0.831789 0
    outer loop
      vertex -103.096 16.572 4
      vertex -102.9 16.4412 -3
      vertex -103.096 16.572 -3
    endloop
  endfacet
  facet normal 0.997967 0.0637272 1.89176e-20
    outer loop
      vertex -103.785 17.7651 4
      vertex -103.8 18 -3
      vertex -103.8 18 4
    endloop
  endfacet
  facet normal 0.997967 0.0637272 1.89176e-20
    outer loop
      vertex -103.8 18 -3
      vertex -103.785 17.7651 4
      vertex -103.785 17.7651 -3
    endloop
  endfacet
  facet normal 0.897129 0.441768 -8.33272e-19
    outer loop
      vertex -103.559 17.1 4
      vertex -103.663 17.3112 -3
      vertex -103.663 17.3112 4
    endloop
  endfacet
  facet normal 0.897129 0.441768 -8.33272e-19
    outer loop
      vertex -103.663 17.3112 -3
      vertex -103.559 17.1 4
      vertex -103.559 17.1 -3
    endloop
  endfacet
  facet normal -0.321446 0.946928 0
    outer loop
      vertex -101.311 16.337 -3
      vertex -101.534 16.2613 4
      vertex -101.311 16.337 4
    endloop
  endfacet
  facet normal -0.321446 0.946928 0
    outer loop
      vertex -101.534 16.2613 4
      vertex -101.311 16.337 -3
      vertex -101.534 16.2613 -3
    endloop
  endfacet
  facet normal -0.752313 0.658805 -1.69878e-19
    outer loop
      vertex -100.727 16.7272 -3
      vertex -100.572 16.9042 4
      vertex -100.572 16.9042 -3
    endloop
  endfacet
  facet normal -0.752313 0.658805 -1.69878e-19
    outer loop
      vertex -100.572 16.9042 4
      vertex -100.727 16.7272 -3
      vertex -100.727 16.7272 4
    endloop
  endfacet
  facet normal 0.659286 -0.751892 0
    outer loop
      vertex -103.273 19.2728 -3
      vertex -103.096 19.428 4
      vertex -103.273 19.2728 4
    endloop
  endfacet
  facet normal 0.659286 -0.751892 0
    outer loop
      vertex -103.096 19.428 4
      vertex -103.273 19.2728 -3
      vertex -103.096 19.428 -3
    endloop
  endfacet
  facet normal 0.555092 -0.831789 0
    outer loop
      vertex -103.096 19.428 -3
      vertex -102.9 19.5588 4
      vertex -103.096 19.428 4
    endloop
  endfacet
  facet normal 0.555092 -0.831789 0
    outer loop
      vertex -102.9 19.5588 4
      vertex -103.096 19.428 -3
      vertex -102.9 19.5588 -3
    endloop
  endfacet
  facet normal 0.752313 0.658805 1.69878e-19
    outer loop
      vertex -103.273 16.7272 4
      vertex -103.428 16.9042 -3
      vertex -103.428 16.9042 4
    endloop
  endfacet
  facet normal 0.752313 0.658805 1.69878e-19
    outer loop
      vertex -103.428 16.9042 -3
      vertex -103.273 16.7272 4
      vertex -103.273 16.7272 -3
    endloop
  endfacet
  facet normal 0.980744 -0.1953 2.69888e-19
    outer loop
      vertex -103.785 18.2349 4
      vertex -103.739 18.4659 -3
      vertex -103.739 18.4659 4
    endloop
  endfacet
  facet normal 0.980744 -0.1953 2.69888e-19
    outer loop
      vertex -103.739 18.4659 -3
      vertex -103.785 18.2349 4
      vertex -103.785 18.2349 -3
    endloop
  endfacet
  facet normal 0.321446 -0.946928 0
    outer loop
      vertex -102.689 19.663 -3
      vertex -102.466 19.7387 4
      vertex -102.689 19.663 4
    endloop
  endfacet
  facet normal 0.321446 -0.946928 0
    outer loop
      vertex -102.466 19.7387 4
      vertex -102.689 19.663 -3
      vertex -102.466 19.7387 -3
    endloop
  endfacet
  facet normal 0.980744 0.1953 -2.69888e-19
    outer loop
      vertex -103.739 17.5341 4
      vertex -103.785 17.7651 -3
      vertex -103.785 17.7651 4
    endloop
  endfacet
  facet normal 0.980744 0.1953 -2.69888e-19
    outer loop
      vertex -103.785 17.7651 -3
      vertex -103.739 17.5341 4
      vertex -103.739 17.5341 -3
    endloop
  endfacet
  facet normal -0.0653917 -0.99786 0
    outer loop
      vertex -102 19.8 -3
      vertex -101.765 19.7846 4
      vertex -102 19.8 4
    endloop
  endfacet
  facet normal -0.0653917 -0.99786 -0
    outer loop
      vertex -101.765 19.7846 4
      vertex -102 19.8 -3
      vertex -101.765 19.7846 -3
    endloop
  endfacet
  facet normal 0.194891 -0.980825 0
    outer loop
      vertex -102.466 19.7387 -3
      vertex -102.235 19.7846 4
      vertex -102.466 19.7387 4
    endloop
  endfacet
  facet normal 0.194891 -0.980825 0
    outer loop
      vertex -102.235 19.7846 4
      vertex -102.466 19.7387 -3
      vertex -102.235 19.7846 -3
    endloop
  endfacet
  facet normal -0.659286 0.751892 0
    outer loop
      vertex -100.727 16.7272 -3
      vertex -100.904 16.572 4
      vertex -100.727 16.7272 4
    endloop
  endfacet
  facet normal -0.659286 0.751892 0
    outer loop
      vertex -100.904 16.572 4
      vertex -100.727 16.7272 -3
      vertex -100.904 16.572 -3
    endloop
  endfacet
  facet normal 0.0653917 -0.99786 0
    outer loop
      vertex -102.235 19.7846 -3
      vertex -102 19.8 4
      vertex -102.235 19.7846 4
    endloop
  endfacet
  facet normal 0.0653917 -0.99786 0
    outer loop
      vertex -102 19.8 4
      vertex -102.235 19.7846 -3
      vertex -102 19.8 -3
    endloop
  endfacet
  facet normal 0.946495 -0.322717 -6.58442e-19
    outer loop
      vertex -103.739 18.4659 4
      vertex -103.663 18.6888 -3
      vertex -103.663 18.6888 4
    endloop
  endfacet
  facet normal 0.946495 -0.322717 -6.58442e-19
    outer loop
      vertex -103.663 18.6888 -3
      vertex -103.739 18.4659 4
      vertex -103.739 18.4659 -3
    endloop
  endfacet
  facet normal -1 0 0
    outer loop
      vertex 0.174999 20.5 -3
      vertex 0.174999 15.5 -3
      vertex 0.174999 20.5 0
    endloop
  endfacet
  facet normal -1 0 0
    outer loop
      vertex 0.174999 52.5 -3
      vertex 0.174999 47.5 -3
      vertex 0.174999 52.5 0
    endloop
  endfacet
  facet normal -1 0 0
    outer loop
      vertex 0.174999 109 0
      vertex 0.174999 107.25 4
      vertex 0.174999 109 4
    endloop
  endfacet
  facet normal -1 0 0
    outer loop
      vertex 0.174999 107.25 4
      vertex 0.174999 103.25 4
      vertex 0.174999 107.25 9.5
    endloop
  endfacet
  facet normal -1 0 0
    outer loop
      vertex 0.174999 109 0
      vertex 0.174999 103.25 4
      vertex 0.174999 107.25 4
    endloop
  endfacet
  facet normal -1 0 0
    outer loop
      vertex 0.174999 52.5 0
      vertex 0.174999 103.25 4
      vertex 0.174999 109 0
    endloop
  endfacet
  facet normal -1 0 0
    outer loop
      vertex 0.174999 47.5 0
      vertex 0.174999 52.5 0
      vertex 0.174999 47.5 -3
    endloop
  endfacet
  facet normal -1 0 0
    outer loop
      vertex 0.174999 15.25 4
      vertex 0.174999 52.5 0
      vertex 0.174999 47.5 0
    endloop
  endfacet
  facet normal -1 0 0
    outer loop
      vertex 0.174999 15.25 4
      vertex 0.174999 47.5 0
      vertex 0.174999 20.5 0
    endloop
  endfacet
  facet normal -1 0 0
    outer loop
      vertex 0.174999 15.5 0
      vertex 0.174999 20.5 0
      vertex 0.174999 15.5 -3
    endloop
  endfacet
  facet normal -1 0 0
    outer loop
      vertex 0.174999 15.25 4
      vertex 0.174999 20.5 0
      vertex 0.174999 15.5 0
    endloop
  endfacet
  facet normal -1 0 0
    outer loop
      vertex 0.174999 52.5 0
      vertex 0.174999 15.25 4
      vertex 0.174999 103.25 4
    endloop
  endfacet
  facet normal -1 0 0
    outer loop
      vertex 0.174999 11.25 4.3
      vertex 0.174999 15.25 4
      vertex 0.174999 11.25 3
    endloop
  endfacet
  facet normal -1 0 0
    outer loop
      vertex 0.174999 15.5 0
      vertex 0.174999 11.25 3
      vertex 0.174999 15.25 4
    endloop
  endfacet
  facet normal -1 0 0
    outer loop
      vertex 0.174999 0.174999 0
      vertex 0.174999 11.25 3
      vertex 0.174999 15.5 0
    endloop
  endfacet
  facet normal -1 -0 0
    outer loop
      vertex 0.174999 11.25 3
      vertex 0.174999 0.174999 0
      vertex 0.174999 0.174999 3
    endloop
  endfacet
  facet normal -1 -0 0
    outer loop
      vertex 0.174999 107.25 9.5
      vertex 0.174999 103.25 4
      vertex 0.174999 103.25 9.5
    endloop
  endfacet
  facet normal -1 0 0
    outer loop
      vertex 0.174999 15.25 4
      vertex 0.174999 11.25 4.3
      vertex 0.174999 15.25 9.5
    endloop
  endfacet
  facet normal -1 -0 0
    outer loop
      vertex 0.174999 15.25 9.5
      vertex 0.174999 11.25 4.3
      vertex 0.174999 11.25 9.5
    endloop
  endfacet
  facet normal -1 0 0
    outer loop
      vertex 0.174999 -1 0
      vertex 0.174999 -0.174999 3
      vertex 0.174999 -0.174999 0
    endloop
  endfacet
  facet normal -1 -0 0
    outer loop
      vertex 0.174999 -0.174999 3
      vertex 0.174999 -1 0
      vertex 0.174999 -1 3
    endloop
  endfacet
  facet normal 1 0 0
    outer loop
      vertex -0.174999 11.25 4.3
      vertex -0.174999 15.25 9.5
      vertex -0.174999 11.25 9.5
    endloop
  endfacet
  facet normal 1 0 0
    outer loop
      vertex -0.174999 107.25 9.5
      vertex -0.174999 103.25 9.5
      vertex -0.174999 107.25 4
    endloop
  endfacet
  facet normal 1 -0 0
    outer loop
      vertex -0.174999 107.25 4
      vertex -0.174999 109 0
      vertex -0.174999 109 4
    endloop
  endfacet
  facet normal 1 0 0
    outer loop
      vertex -0.174999 103.25 4
      vertex -0.174999 107.25 4
      vertex -0.174999 103.25 9.5
    endloop
  endfacet
  facet normal 1 0 0
    outer loop
      vertex -0.174999 107.25 4
      vertex -0.174999 103.25 4
      vertex -0.174999 109 0
    endloop
  endfacet
  facet normal 1 0 0
    outer loop
      vertex -0.174999 103.25 4
      vertex -0.174999 52.5 0
      vertex -0.174999 109 0
    endloop
  endfacet
  facet normal 1 0 0
    outer loop
      vertex -0.174999 52.5 0
      vertex -0.174999 47.5 0
      vertex -0.174999 52.5 -3
    endloop
  endfacet
  facet normal 1 -0 0
    outer loop
      vertex -0.174999 15.25 4
      vertex -0.174999 52.5 0
      vertex -0.174999 103.25 4
    endloop
  endfacet
  facet normal 1 0 0
    outer loop
      vertex -0.174999 52.5 0
      vertex -0.174999 15.25 4
      vertex -0.174999 47.5 0
    endloop
  endfacet
  facet normal 1 0 0
    outer loop
      vertex -0.174999 20.5 0
      vertex -0.174999 15.5 0
      vertex -0.174999 20.5 -3
    endloop
  endfacet
  facet normal 1 0 0
    outer loop
      vertex -0.174999 47.5 0
      vertex -0.174999 15.25 4
      vertex -0.174999 20.5 0
    endloop
  endfacet
  facet normal 1 0 0
    outer loop
      vertex -0.174999 20.5 0
      vertex -0.174999 15.25 4
      vertex -0.174999 15.5 0
    endloop
  endfacet
  facet normal 1 0 0
    outer loop
      vertex -0.174999 15.25 9.5
      vertex -0.174999 11.25 4.3
      vertex -0.174999 15.25 4
    endloop
  endfacet
  facet normal 1 0 0
    outer loop
      vertex -0.174999 11.25 3
      vertex -0.174999 15.25 4
      vertex -0.174999 11.25 4.3
    endloop
  endfacet
  facet normal 1 0 0
    outer loop
      vertex -0.174999 15.25 4
      vertex -0.174999 11.25 3
      vertex -0.174999 15.5 0
    endloop
  endfacet
  facet normal 1 0 0
    outer loop
      vertex -0.174999 0.174999 0
      vertex -0.174999 11.25 3
      vertex -0.174999 0.174999 3
    endloop
  endfacet
  facet normal 1 0 0
    outer loop
      vertex -0.174999 11.25 3
      vertex -0.174999 0.174999 0
      vertex -0.174999 15.5 0
    endloop
  endfacet
  facet normal 1 0 0
    outer loop
      vertex -0.174999 52.5 -3
      vertex -0.174999 47.5 0
      vertex -0.174999 47.5 -3
    endloop
  endfacet
  facet normal 1 0 0
    outer loop
      vertex -0.174999 20.5 -3
      vertex -0.174999 15.5 0
      vertex -0.174999 15.5 -3
    endloop
  endfacet
  facet normal 1 -0 0
    outer loop
      vertex -0.174999 -1 3
      vertex -0.174999 -0.174999 0
      vertex -0.174999 -0.174999 3
    endloop
  endfacet
  facet normal 1 0 0
    outer loop
      vertex -0.174999 -0.174999 0
      vertex -0.174999 -1 3
      vertex -0.174999 -1 0
    endloop
  endfacet
  facet normal 0 -1 0
    outer loop
      vertex -18.5 0.174999 -3
      vertex -13.5 0.174999 0
      vertex -18.5 0.174999 0
    endloop
  endfacet
  facet normal 0 -1 -0
    outer loop
      vertex -13.5 0.174999 0
      vertex -18.5 0.174999 -3
      vertex -13.5 0.174999 -3
    endloop
  endfacet
  facet normal 0 -1 0
    outer loop
      vertex -50.5 0.174999 -3
      vertex -45.5 0.174999 0
      vertex -50.5 0.174999 0
    endloop
  endfacet
  facet normal 0 -1 -0
    outer loop
      vertex -45.5 0.174999 0
      vertex -50.5 0.174999 -3
      vertex -45.5 0.174999 -3
    endloop
  endfacet
  facet normal 0 -1 0
    outer loop
      vertex -82.5 0.174999 -3
      vertex -77.5 0.174999 0
      vertex -82.5 0.174999 0
    endloop
  endfacet
  facet normal 0 -1 -0
    outer loop
      vertex -77.5 0.174999 0
      vertex -82.5 0.174999 -3
      vertex -77.5 0.174999 -3
    endloop
  endfacet
  facet normal 0 -1 0
    outer loop
      vertex -114.5 0.174999 -3
      vertex -109.5 0.174999 0
      vertex -114.5 0.174999 0
    endloop
  endfacet
  facet normal 0 -1 -0
    outer loop
      vertex -109.5 0.174999 0
      vertex -114.5 0.174999 -3
      vertex -109.5 0.174999 -3
    endloop
  endfacet
  facet normal 0 -1 0
    outer loop
      vertex -146 0.174999 0
      vertex -144.25 0.174999 4
      vertex -146 0.174999 4
    endloop
  endfacet
  facet normal 0 -1 -0
    outer loop
      vertex -144.25 0.174999 4
      vertex -146 0.174999 0
      vertex -140.25 0.174999 4
    endloop
  endfacet
  facet normal 0 -1 0
    outer loop
      vertex -109.5 0.174999 0
      vertex -140.25 0.174999 4
      vertex -114.5 0.174999 0
    endloop
  endfacet
  facet normal 0 -1 -0
    outer loop
      vertex -140.25 0.174999 4
      vertex -146 0.174999 0
      vertex -114.5 0.174999 0
    endloop
  endfacet
  facet normal 0 -1 0
    outer loop
      vertex -140.25 0.174999 4
      vertex -109.5 0.174999 0
      vertex -80.8 0.174999 4
    endloop
  endfacet
  facet normal 0 -1 0
    outer loop
      vertex -82.5 0.174999 0
      vertex -80.8 0.174999 4
      vertex -109.5 0.174999 0
    endloop
  endfacet
  facet normal 0 -1 -0
    outer loop
      vertex -80.8 0.174999 4
      vertex -82.5 0.174999 0
      vertex -80.8 0.174999 3
    endloop
  endfacet
  facet normal 0 -1 0
    outer loop
      vertex -77.5 0.174999 0
      vertex -80.8 0.174999 3
      vertex -82.5 0.174999 0
    endloop
  endfacet
  facet normal 0 -1 0
    outer loop
      vertex -50.5 0.174999 0
      vertex -80.8 0.174999 3
      vertex -77.5 0.174999 0
    endloop
  endfacet
  facet normal 0 -1 0
    outer loop
      vertex -45.5 0.174999 0
      vertex -80.8 0.174999 3
      vertex -50.5 0.174999 0
    endloop
  endfacet
  facet normal 0 -1 0
    outer loop
      vertex -80.8 0.174999 3
      vertex -45.5 0.174999 0
      vertex -0.174999 0.174999 3
    endloop
  endfacet
  facet normal 0 -1 0
    outer loop
      vertex -18.5 0.174999 0
      vertex -0.174999 0.174999 3
      vertex -45.5 0.174999 0
    endloop
  endfacet
  facet normal 0 -1 0
    outer loop
      vertex -13.5 0.174999 0
      vertex -0.174999 0.174999 3
      vertex -18.5 0.174999 0
    endloop
  endfacet
  facet normal 0 -1 -0
    outer loop
      vertex -0.174999 0.174999 3
      vertex -13.5 0.174999 0
      vertex -0.174999 0.174999 0
    endloop
  endfacet
  facet normal 0 -1 0
    outer loop
      vertex -144.25 0.174999 4
      vertex -140.25 0.174999 9.5
      vertex -144.25 0.174999 9.5
    endloop
  endfacet
  facet normal 0 -1 -0
    outer loop
      vertex -140.25 0.174999 9.5
      vertex -144.25 0.174999 4
      vertex -140.25 0.174999 4
    endloop
  endfacet
  facet normal 0 -1 0
    outer loop
      vertex 0.174999 0.174999 0
      vertex 1 0.174999 3
      vertex 0.174999 0.174999 3
    endloop
  endfacet
  facet normal 0 -1 -0
    outer loop
      vertex 1 0.174999 3
      vertex 0.174999 0.174999 0
      vertex 1 0.174999 0
    endloop
  endfacet
  facet normal 0 1 0
    outer loop
      vertex -13.5 -0.174999 0
      vertex -0.174999 -0.174999 3
      vertex -0.174999 -0.174999 0
    endloop
  endfacet
  facet normal 0 1 -0
    outer loop
      vertex -109.5 -0.174999 0
      vertex -140.25 -0.174999 4
      vertex -80.8 -0.174999 4
    endloop
  endfacet
  facet normal 0 1 0
    outer loop
      vertex -146 -0.174999 0
      vertex -140.25 -0.174999 4
      vertex -114.5 -0.174999 0
    endloop
  endfacet
  facet normal 0 1 0
    outer loop
      vertex -82.5 -0.174999 0
      vertex -80.8 -0.174999 4
      vertex -80.8 -0.174999 3
    endloop
  endfacet
  facet normal 0 1 0
    outer loop
      vertex -18.5 -0.174999 0
      vertex -0.174999 -0.174999 3
      vertex -13.5 -0.174999 0
    endloop
  endfacet
  facet normal 0 1 0
    outer loop
      vertex -45.5 -0.174999 0
      vertex -0.174999 -0.174999 3
      vertex -18.5 -0.174999 0
    endloop
  endfacet
  facet normal 0 1 0
    outer loop
      vertex -0.174999 -0.174999 3
      vertex -45.5 -0.174999 0
      vertex -80.8 -0.174999 3
    endloop
  endfacet
  facet normal 0 1 -0
    outer loop
      vertex -50.5 -0.174999 0
      vertex -80.8 -0.174999 3
      vertex -45.5 -0.174999 0
    endloop
  endfacet
  facet normal 0 1 -0
    outer loop
      vertex -77.5 -0.174999 0
      vertex -80.8 -0.174999 3
      vertex -50.5 -0.174999 0
    endloop
  endfacet
  facet normal 0 1 0
    outer loop
      vertex -82.5 -0.174999 0
      vertex -80.8 -0.174999 3
      vertex -77.5 -0.174999 0
    endloop
  endfacet
  facet normal 0 1 0
    outer loop
      vertex -80.8 -0.174999 4
      vertex -82.5 -0.174999 0
      vertex -109.5 -0.174999 0
    endloop
  endfacet
  facet normal 0 1 0
    outer loop
      vertex -140.25 -0.174999 4
      vertex -109.5 -0.174999 0
      vertex -114.5 -0.174999 0
    endloop
  endfacet
  facet normal 0 1 0
    outer loop
      vertex -140.25 -0.174999 4
      vertex -146 -0.174999 0
      vertex -144.25 -0.174999 4
    endloop
  endfacet
  facet normal 0 1 0
    outer loop
      vertex -144.25 -0.174999 4
      vertex -146 -0.174999 0
      vertex -146 -0.174999 4
    endloop
  endfacet
  facet normal 0 1 -0
    outer loop
      vertex -140.25 -0.174999 4
      vertex -144.25 -0.174999 9.5
      vertex -140.25 -0.174999 9.5
    endloop
  endfacet
  facet normal 0 1 0
    outer loop
      vertex -144.25 -0.174999 9.5
      vertex -140.25 -0.174999 4
      vertex -144.25 -0.174999 4
    endloop
  endfacet
  facet normal 0 1 -0
    outer loop
      vertex -109.5 -0.174999 -3
      vertex -114.5 -0.174999 0
      vertex -109.5 -0.174999 0
    endloop
  endfacet
  facet normal 0 1 0
    outer loop
      vertex -114.5 -0.174999 0
      vertex -109.5 -0.174999 -3
      vertex -114.5 -0.174999 -3
    endloop
  endfacet
  facet normal 0 1 -0
    outer loop
      vertex -77.5 -0.174999 -3
      vertex -82.5 -0.174999 0
      vertex -77.5 -0.174999 0
    endloop
  endfacet
  facet normal 0 1 0
    outer loop
      vertex -82.5 -0.174999 0
      vertex -77.5 -0.174999 -3
      vertex -82.5 -0.174999 -3
    endloop
  endfacet
  facet normal 0 1 -0
    outer loop
      vertex -45.5 -0.174999 -3
      vertex -50.5 -0.174999 0
      vertex -45.5 -0.174999 0
    endloop
  endfacet
  facet normal 0 1 0
    outer loop
      vertex -50.5 -0.174999 0
      vertex -45.5 -0.174999 -3
      vertex -50.5 -0.174999 -3
    endloop
  endfacet
  facet normal 0 1 -0
    outer loop
      vertex -13.5 -0.174999 -3
      vertex -18.5 -0.174999 0
      vertex -13.5 -0.174999 0
    endloop
  endfacet
  facet normal 0 1 0
    outer loop
      vertex -18.5 -0.174999 0
      vertex -13.5 -0.174999 -3
      vertex -18.5 -0.174999 -3
    endloop
  endfacet
  facet normal 0 1 -0
    outer loop
      vertex 1 -0.174999 0
      vertex 0.174999 -0.174999 3
      vertex 1 -0.174999 3
    endloop
  endfacet
  facet normal 0 1 0
    outer loop
      vertex 0.174999 -0.174999 3
      vertex 1 -0.174999 0
      vertex 0.174999 -0.174999 0
    endloop
  endfacet
  facet normal 1 0 0
    outer loop
      vertex 1 11.25 4.3
      vertex 1 15.25 9.5
      vertex 1 11.25 9.5
    endloop
  endfacet
  facet normal 1 0 0
    outer loop
      vertex 1 107.25 9.5
      vertex 1 103.25 9.5
      vertex 1 107.25 4
    endloop
  endfacet
  facet normal 1 -0 0
    outer loop
      vertex 1 107.25 4
      vertex 1 109 0
      vertex 1 109 4
    endloop
  endfacet
  facet normal 1 0 0
    outer loop
      vertex 1 103.25 4
      vertex 1 107.25 4
      vertex 1 103.25 9.5
    endloop
  endfacet
  facet normal 1 0 0
    outer loop
      vertex 1 107.25 4
      vertex 1 103.25 4
      vertex 1 109 0
    endloop
  endfacet
  facet normal 1 0 0
    outer loop
      vertex 1 103.25 4
      vertex 1 52.5 0
      vertex 1 109 0
    endloop
  endfacet
  facet normal 1 0 0
    outer loop
      vertex 1 52.5 0
      vertex 1 47.5 0
      vertex 1 52.5 -3
    endloop
  endfacet
  facet normal 1 -0 0
    outer loop
      vertex 1 15.25 4
      vertex 1 52.5 0
      vertex 1 103.25 4
    endloop
  endfacet
  facet normal 1 0 0
    outer loop
      vertex 1 52.5 0
      vertex 1 15.25 4
      vertex 1 47.5 0
    endloop
  endfacet
  facet normal 1 0 0
    outer loop
      vertex 1 20.5 0
      vertex 1 15.5 0
      vertex 1 20.5 -3
    endloop
  endfacet
  facet normal 1 0 0
    outer loop
      vertex 1 47.5 0
      vertex 1 15.25 4
      vertex 1 20.5 0
    endloop
  endfacet
  facet normal 1 0 0
    outer loop
      vertex 1 20.5 0
      vertex 1 15.25 4
      vertex 1 15.5 0
    endloop
  endfacet
  facet normal 1 0 0
    outer loop
      vertex 1 15.25 9.5
      vertex 1 11.25 4.3
      vertex 1 15.25 4
    endloop
  endfacet
  facet normal 1 0 0
    outer loop
      vertex 1 11.25 3
      vertex 1 15.25 4
      vertex 1 11.25 4.3
    endloop
  endfacet
  facet normal 1 0 0
    outer loop
      vertex 1 15.25 4
      vertex 1 11.25 3
      vertex 1 15.5 0
    endloop
  endfacet
  facet normal 1 0 0
    outer loop
      vertex 1 0.174999 0
      vertex 1 11.25 3
      vertex 1 0.174999 3
    endloop
  endfacet
  facet normal 1 0 0
    outer loop
      vertex 1 11.25 3
      vertex 1 0.174999 0
      vertex 1 15.5 0
    endloop
  endfacet
  facet normal 1 0 0
    outer loop
      vertex 1 52.5 -3
      vertex 1 47.5 0
      vertex 1 47.5 -3
    endloop
  endfacet
  facet normal 1 0 0
    outer loop
      vertex 1 20.5 -3
      vertex 1 15.5 0
      vertex 1 15.5 -3
    endloop
  endfacet
  facet normal 1 -0 0
    outer loop
      vertex 1 -1 3
      vertex 1 -0.174999 0
      vertex 1 -0.174999 3
    endloop
  endfacet
  facet normal 1 0 0
    outer loop
      vertex 1 -0.174999 0
      vertex 1 -1 3
      vertex 1 -1 0
    endloop
  endfacet
  facet normal 0 -1 0
    outer loop
      vertex -18.5 -1 -3
      vertex -13.5 -1 0
      vertex -18.5 -1 0
    endloop
  endfacet
  facet normal 0 -1 -0
    outer loop
      vertex -13.5 -1 0
      vertex -18.5 -1 -3
      vertex -13.5 -1 -3
    endloop
  endfacet
  facet normal 0 -1 0
    outer loop
      vertex -50.5 -1 -3
      vertex -45.5 -1 0
      vertex -50.5 -1 0
    endloop
  endfacet
  facet normal 0 -1 -0
    outer loop
      vertex -45.5 -1 0
      vertex -50.5 -1 -3
      vertex -45.5 -1 -3
    endloop
  endfacet
  facet normal 0 -1 0
    outer loop
      vertex -82.5 -1 -3
      vertex -77.5 -1 0
      vertex -82.5 -1 0
    endloop
  endfacet
  facet normal 0 -1 -0
    outer loop
      vertex -77.5 -1 0
      vertex -82.5 -1 -3
      vertex -77.5 -1 -3
    endloop
  endfacet
  facet normal 0 -1 0
    outer loop
      vertex -114.5 -1 -3
      vertex -109.5 -1 0
      vertex -114.5 -1 0
    endloop
  endfacet
  facet normal 0 -1 -0
    outer loop
      vertex -109.5 -1 0
      vertex -114.5 -1 -3
      vertex -109.5 -1 -3
    endloop
  endfacet
  facet normal 0 -1 0
    outer loop
      vertex -146 -1 0
      vertex -144.25 -1 4
      vertex -146 -1 4
    endloop
  endfacet
  facet normal 0 -1 -0
    outer loop
      vertex -144.25 -1 4
      vertex -146 -1 0
      vertex -140.25 -1 4
    endloop
  endfacet
  facet normal 0 -1 0
    outer loop
      vertex -109.5 -1 0
      vertex -140.25 -1 4
      vertex -114.5 -1 0
    endloop
  endfacet
  facet normal 0 -1 -0
    outer loop
      vertex -140.25 -1 4
      vertex -146 -1 0
      vertex -114.5 -1 0
    endloop
  endfacet
  facet normal 0 -1 0
    outer loop
      vertex -140.25 -1 4
      vertex -109.5 -1 0
      vertex -80.8 -1 4
    endloop
  endfacet
  facet normal 0 -1 0
    outer loop
      vertex -82.5 -1 0
      vertex -80.8 -1 4
      vertex -109.5 -1 0
    endloop
  endfacet
  facet normal 0 -1 -0
    outer loop
      vertex -80.8 -1 4
      vertex -82.5 -1 0
      vertex -80.8 -1 3
    endloop
  endfacet
  facet normal 0 -1 0
    outer loop
      vertex -77.5 -1 0
      vertex -80.8 -1 3
      vertex -82.5 -1 0
    endloop
  endfacet
  facet normal 0 -1 0
    outer loop
      vertex -50.5 -1 0
      vertex -80.8 -1 3
      vertex -77.5 -1 0
    endloop
  endfacet
  facet normal 0 -1 0
    outer loop
      vertex -45.5 -1 0
      vertex -80.8 -1 3
      vertex -50.5 -1 0
    endloop
  endfacet
  facet normal 0 -1 0
    outer loop
      vertex -80.8 -1 3
      vertex -45.5 -1 0
      vertex -0.174999 -1 3
    endloop
  endfacet
  facet normal 0 -1 0
    outer loop
      vertex -18.5 -1 0
      vertex -0.174999 -1 3
      vertex -45.5 -1 0
    endloop
  endfacet
  facet normal 0 -1 0
    outer loop
      vertex -13.5 -1 0
      vertex -0.174999 -1 3
      vertex -18.5 -1 0
    endloop
  endfacet
  facet normal 0 -1 -0
    outer loop
      vertex -0.174999 -1 3
      vertex -13.5 -1 0
      vertex -0.174999 -1 0
    endloop
  endfacet
  facet normal 0 -1 0
    outer loop
      vertex -144.25 -1 4
      vertex -140.25 -1 9.5
      vertex -144.25 -1 9.5
    endloop
  endfacet
  facet normal 0 -1 -0
    outer loop
      vertex -140.25 -1 9.5
      vertex -144.25 -1 4
      vertex -140.25 -1 4
    endloop
  endfacet
  facet normal 0 -1 0
    outer loop
      vertex 0.174999 -1 0
      vertex 1 -1 3
      vertex 0.174999 -1 3
    endloop
  endfacet
  facet normal 0 -1 -0
    outer loop
      vertex 1 -1 3
      vertex 0.174999 -1 0
      vertex 1 -1 0
    endloop
  endfacet
endsolid OpenSCAD_Model
