solid OpenSCAD_Model
  facet normal -1 0 0
    outer loop
      vertex -114.5 -95.2 -3
      vertex -114.5 -80.5 0
      vertex -114.5 -80.5 -3
    endloop
  endfacet
  facet normal -1 -0 0
    outer loop
      vertex -114.5 -80.5 0
      vertex -114.5 -95.2 -3
      vertex -114.5 -95.2 0
    endloop
  endfacet
  facet normal -1 0 0
    outer loop
      vertex -114.5 -43.5 -3
      vertex -114.5 -16.5 0
      vertex -114.5 -16.5 -3
    endloop
  endfacet
  facet normal -1 -0 0
    outer loop
      vertex -114.5 -16.5 0
      vertex -114.5 -43.5 -3
      vertex -114.5 -43.5 0
    endloop
  endfacet
  facet normal -1 0 0
    outer loop
      vertex -114.5 -75.5 -3
      vertex -114.5 -48.5 0
      vertex -114.5 -48.5 -3
    endloop
  endfacet
  facet normal -1 -0 0
    outer loop
      vertex -114.5 -48.5 0
      vertex -114.5 -75.5 -3
      vertex -114.5 -75.5 0
    endloop
  endfacet
  facet normal -1 0 0
    outer loop
      vertex -114.5 -11.5 -3
      vertex -114.5 -1.175 0
      vertex -114.5 -1.175 -3
    endloop
  endfacet
  facet normal -1 -0 0
    outer loop
      vertex -114.5 -1.175 0
      vertex -114.5 -11.5 -3
      vertex -114.5 -11.5 0
    endloop
  endfacet
  facet normal 1 -0 0
    outer loop
      vertex -109.5 -95.2 0
      vertex -109.5 -80.5 -3
      vertex -109.5 -80.5 0
    endloop
  endfacet
  facet normal 1 0 0
    outer loop
      vertex -109.5 -80.5 -3
      vertex -109.5 -95.2 0
      vertex -109.5 -95.2 -3
    endloop
  endfacet
  facet normal 1 -0 0
    outer loop
      vertex -109.5 -43.5 0
      vertex -109.5 -16.5 -3
      vertex -109.5 -16.5 0
    endloop
  endfacet
  facet normal 1 0 0
    outer loop
      vertex -109.5 -16.5 -3
      vertex -109.5 -43.5 0
      vertex -109.5 -43.5 -3
    endloop
  endfacet
  facet normal 1 -0 0
    outer loop
      vertex -109.5 -75.5 0
      vertex -109.5 -48.5 -3
      vertex -109.5 -48.5 0
    endloop
  endfacet
  facet normal 1 0 0
    outer loop
      vertex -109.5 -48.5 -3
      vertex -109.5 -75.5 0
      vertex -109.5 -75.5 -3
    endloop
  endfacet
  facet normal 1 -0 0
    outer loop
      vertex -109.5 -11.5 0
      vertex -109.5 -1.175 -3
      vertex -109.5 -1.175 0
    endloop
  endfacet
  facet normal 1 0 0
    outer loop
      vertex -109.5 -1.175 -3
      vertex -109.5 -11.5 0
      vertex -109.5 -11.5 -3
    endloop
  endfacet
  facet normal -0.555092 -0.831789 0
    outer loop
      vertex -113.796 -96.628 -3
      vertex -113.6 -96.7588 0
      vertex -113.796 -96.628 0
    endloop
  endfacet
  facet normal -0.555092 -0.831789 -0
    outer loop
      vertex -113.6 -96.7588 0
      vertex -113.796 -96.628 -3
      vertex -113.6 -96.7588 -3
    endloop
  endfacet
  facet normal -0.194891 -0.980825 0
    outer loop
      vertex -113.166 -96.9387 -3
      vertex -112.935 -96.9846 0
      vertex -113.166 -96.9387 0
    endloop
  endfacet
  facet normal -0.194891 -0.980825 -0
    outer loop
      vertex -112.935 -96.9846 0
      vertex -113.166 -96.9387 -3
      vertex -112.935 -96.9846 -3
    endloop
  endfacet
  facet normal 0.0653917 -0.99786 0
    outer loop
      vertex -111.3 -97 -3
      vertex -111.065 -96.9846 0
      vertex -111.3 -97 0
    endloop
  endfacet
  facet normal 0.0653917 -0.99786 0
    outer loop
      vertex -111.065 -96.9846 0
      vertex -111.3 -97 -3
      vertex -111.065 -96.9846 -3
    endloop
  endfacet
  facet normal 0.442789 -0.896626 0
    outer loop
      vertex -110.611 -96.863 -3
      vertex -110.4 -96.7588 0
      vertex -110.611 -96.863 0
    endloop
  endfacet
  facet normal 0.442789 -0.896626 0
    outer loop
      vertex -110.4 -96.7588 0
      vertex -110.611 -96.863 -3
      vertex -110.4 -96.7588 -3
    endloop
  endfacet
  facet normal -0.997967 -0.0637272 -2.95583e-20
    outer loop
      vertex -114.485 -95.4349 -3
      vertex -114.5 -95.2 0
      vertex -114.5 -95.2 -3
    endloop
  endfacet
  facet normal -0.997967 -0.0637272 -2.95583e-20
    outer loop
      vertex -114.5 -95.2 0
      vertex -114.485 -95.4349 -3
      vertex -114.485 -95.4349 0
    endloop
  endfacet
  facet normal -0.897129 -0.441768 -1.9836e-18
    outer loop
      vertex -114.259 -96.1 -3
      vertex -114.363 -95.8888 0
      vertex -114.363 -95.8888 -3
    endloop
  endfacet
  facet normal -0.897129 -0.441768 -1.9836e-18
    outer loop
      vertex -114.363 -95.8888 0
      vertex -114.259 -96.1 -3
      vertex -114.259 -96.1 0
    endloop
  endfacet
  facet normal 0 -1 0
    outer loop
      vertex -112.7 -97 -3
      vertex -111.3 -97 0
      vertex -112.7 -97 0
    endloop
  endfacet
  facet normal 0 -1 -0
    outer loop
      vertex -111.3 -97 0
      vertex -112.7 -97 -3
      vertex -111.3 -97 -3
    endloop
  endfacet
  facet normal -0.0653917 -0.99786 0
    outer loop
      vertex -112.935 -96.9846 -3
      vertex -112.7 -97 0
      vertex -112.935 -96.9846 0
    endloop
  endfacet
  facet normal -0.0653917 -0.99786 -0
    outer loop
      vertex -112.7 -97 0
      vertex -112.935 -96.9846 -3
      vertex -112.7 -97 -3
    endloop
  endfacet
  facet normal 0.555092 -0.831789 0
    outer loop
      vertex -110.4 -96.7588 -3
      vertex -110.204 -96.628 0
      vertex -110.4 -96.7588 0
    endloop
  endfacet
  facet normal 0.555092 -0.831789 0
    outer loop
      vertex -110.204 -96.628 0
      vertex -110.4 -96.7588 -3
      vertex -110.204 -96.628 -3
    endloop
  endfacet
  facet normal -0.321446 -0.946928 0
    outer loop
      vertex -113.389 -96.863 -3
      vertex -113.166 -96.9387 0
      vertex -113.389 -96.863 0
    endloop
  endfacet
  facet normal -0.321446 -0.946928 -0
    outer loop
      vertex -113.166 -96.9387 0
      vertex -113.389 -96.863 -3
      vertex -113.166 -96.9387 -3
    endloop
  endfacet
  facet normal -0.831135 -0.556071 -1.68846e-18
    outer loop
      vertex -114.128 -96.2958 -3
      vertex -114.259 -96.1 0
      vertex -114.259 -96.1 -3
    endloop
  endfacet
  facet normal -0.831135 -0.556071 -1.68846e-18
    outer loop
      vertex -114.259 -96.1 0
      vertex -114.128 -96.2958 -3
      vertex -114.128 -96.2958 0
    endloop
  endfacet
  facet normal 0.321446 -0.946928 0
    outer loop
      vertex -110.834 -96.9387 -3
      vertex -110.611 -96.863 0
      vertex -110.834 -96.9387 0
    endloop
  endfacet
  facet normal 0.321446 -0.946928 0
    outer loop
      vertex -110.611 -96.863 0
      vertex -110.834 -96.9387 -3
      vertex -110.611 -96.863 -3
    endloop
  endfacet
  facet normal 0.752313 -0.658805 1.76642e-18
    outer loop
      vertex -110.027 -96.4728 0
      vertex -109.872 -96.2958 -3
      vertex -109.872 -96.2958 0
    endloop
  endfacet
  facet normal 0.752313 -0.658805 1.76642e-18
    outer loop
      vertex -109.872 -96.2958 -3
      vertex -110.027 -96.4728 0
      vertex -110.027 -96.4728 -3
    endloop
  endfacet
  facet normal 0.831135 -0.556071 1.68846e-18
    outer loop
      vertex -109.872 -96.2958 0
      vertex -109.741 -96.1 -3
      vertex -109.741 -96.1 0
    endloop
  endfacet
  facet normal 0.831135 -0.556071 1.68846e-18
    outer loop
      vertex -109.741 -96.1 -3
      vertex -109.872 -96.2958 0
      vertex -109.872 -96.2958 -3
    endloop
  endfacet
  facet normal -0.752313 -0.658805 -1.76642e-18
    outer loop
      vertex -113.973 -96.4728 -3
      vertex -114.128 -96.2958 0
      vertex -114.128 -96.2958 -3
    endloop
  endfacet
  facet normal -0.752313 -0.658805 -1.76642e-18
    outer loop
      vertex -114.128 -96.2958 0
      vertex -113.973 -96.4728 -3
      vertex -113.973 -96.4728 0
    endloop
  endfacet
  facet normal -0.442789 -0.896626 0
    outer loop
      vertex -113.6 -96.7588 -3
      vertex -113.389 -96.863 0
      vertex -113.6 -96.7588 0
    endloop
  endfacet
  facet normal -0.442789 -0.896626 -0
    outer loop
      vertex -113.389 -96.863 0
      vertex -113.6 -96.7588 -3
      vertex -113.389 -96.863 -3
    endloop
  endfacet
  facet normal 0.980744 -0.1953 4.72618e-19
    outer loop
      vertex -109.561 -95.6659 0
      vertex -109.515 -95.4349 -3
      vertex -109.515 -95.4349 0
    endloop
  endfacet
  facet normal 0.980744 -0.1953 4.72618e-19
    outer loop
      vertex -109.515 -95.4349 -3
      vertex -109.561 -95.6659 0
      vertex -109.561 -95.6659 -3
    endloop
  endfacet
  facet normal -0.946495 -0.322717 -7.89365e-19
    outer loop
      vertex -114.363 -95.8888 -3
      vertex -114.439 -95.6659 0
      vertex -114.439 -95.6659 -3
    endloop
  endfacet
  facet normal -0.946495 -0.322717 -7.89365e-19
    outer loop
      vertex -114.439 -95.6659 0
      vertex -114.363 -95.8888 -3
      vertex -114.363 -95.8888 0
    endloop
  endfacet
  facet normal -0.980744 -0.1953 -4.72618e-19
    outer loop
      vertex -114.439 -95.6659 -3
      vertex -114.485 -95.4349 0
      vertex -114.485 -95.4349 -3
    endloop
  endfacet
  facet normal -0.980744 -0.1953 -4.72618e-19
    outer loop
      vertex -114.485 -95.4349 0
      vertex -114.439 -95.6659 -3
      vertex -114.439 -95.6659 0
    endloop
  endfacet
  facet normal 0.659286 -0.751892 0
    outer loop
      vertex -110.204 -96.628 -3
      vertex -110.027 -96.4728 0
      vertex -110.204 -96.628 0
    endloop
  endfacet
  facet normal 0.659286 -0.751892 0
    outer loop
      vertex -110.027 -96.4728 0
      vertex -110.204 -96.628 -3
      vertex -110.027 -96.4728 -3
    endloop
  endfacet
  facet normal 0 0 -1
    outer loop
      vertex -0.174999 -109 0
      vertex -0.249023 -90.8858 0
      vertex -0.174999 -90.9109 0
    endloop
  endfacet
  facet normal 0 0 -1
    outer loop
      vertex -13.637 -95.8888 0
      vertex -0.249023 -90.8858 0
      vertex -0.174999 -109 0
    endloop
  endfacet
  facet normal -0 0 -1
    outer loop
      vertex -0.249023 -90.8858 0
      vertex -13.637 -95.8888 0
      vertex -0.424999 -90.799 0
    endloop
  endfacet
  facet normal 0 -0 -1
    outer loop
      vertex -13.5613 -95.6659 0
      vertex -0.424999 -90.799 0
      vertex -13.637 -95.8888 0
    endloop
  endfacet
  facet normal -0 0 -1
    outer loop
      vertex -0.424999 -90.799 0
      vertex -13.5613 -95.6659 0
      vertex -0.58814 -90.69 0
    endloop
  endfacet
  facet normal 0 -0 -1
    outer loop
      vertex -13.5154 -95.4349 0
      vertex -0.58814 -90.69 0
      vertex -13.5613 -95.6659 0
    endloop
  endfacet
  facet normal -0 0 -1
    outer loop
      vertex -0.58814 -90.69 0
      vertex -13.5154 -95.4349 0
      vertex -0.735659 -90.5607 0
    endloop
  endfacet
  facet normal 0 -0 -1
    outer loop
      vertex -13.5 -95.2 0
      vertex -0.735659 -90.5607 0
      vertex -13.5154 -95.4349 0
    endloop
  endfacet
  facet normal -0 0 -1
    outer loop
      vertex -0.735659 -90.5607 0
      vertex -13.5 -95.2 0
      vertex -0.865028 -90.4131 0
    endloop
  endfacet
  facet normal -0 0 -1
    outer loop
      vertex -0.865028 -90.4131 0
      vertex -13.5 -95.2 0
      vertex -0.974037 -90.25 0
    endloop
  endfacet
  facet normal 0 0 -1
    outer loop
      vertex -13.5 -80.5 0
      vertex -1.175 -89.5 0
      vertex -13.5 -95.2 0
    endloop
  endfacet
  facet normal -0 0 -1
    outer loop
      vertex -0.974037 -90.25 0
      vertex -13.5 -95.2 0
      vertex -1.06082 -90.074 0
    endloop
  endfacet
  facet normal -0 0 -1
    outer loop
      vertex -1.16217 -89.6958 0
      vertex -13.5 -95.2 0
      vertex -1.175 -89.5 0
    endloop
  endfacet
  facet normal -0 0 -1
    outer loop
      vertex -1.12389 -89.8882 0
      vertex -13.5 -95.2 0
      vertex -1.16217 -89.6958 0
    endloop
  endfacet
  facet normal -0 0 -1
    outer loop
      vertex -1.06082 -90.074 0
      vertex -13.5 -95.2 0
      vertex -1.12389 -89.8882 0
    endloop
  endfacet
  facet normal 0 0 -1
    outer loop
      vertex -0.174999 -109 0
      vertex -13.7412 -96.1 0
      vertex -13.637 -95.8888 0
    endloop
  endfacet
  facet normal 0 0 -1
    outer loop
      vertex -0.174999 -109 0
      vertex -13.872 -96.2958 0
      vertex -13.7412 -96.1 0
    endloop
  endfacet
  facet normal 0 0 -1
    outer loop
      vertex -0.174999 -109 0
      vertex -14.0272 -96.4728 0
      vertex -13.872 -96.2958 0
    endloop
  endfacet
  facet normal 0 0 -1
    outer loop
      vertex -0.174999 -109 0
      vertex -14.2042 -96.628 0
      vertex -14.0272 -96.4728 0
    endloop
  endfacet
  facet normal 0 0 -1
    outer loop
      vertex -0.174999 -109 0
      vertex -14.4 -96.7588 0
      vertex -14.2042 -96.628 0
    endloop
  endfacet
  facet normal 0 0 -1
    outer loop
      vertex -0.174999 -109 0
      vertex -14.6112 -96.863 0
      vertex -14.4 -96.7588 0
    endloop
  endfacet
  facet normal 0 0 -1
    outer loop
      vertex -0.174999 -109 0
      vertex -14.8341 -96.9387 0
      vertex -14.6112 -96.863 0
    endloop
  endfacet
  facet normal 0 0 -1
    outer loop
      vertex -0.174999 -109 0
      vertex -15.0651 -96.9846 0
      vertex -14.8341 -96.9387 0
    endloop
  endfacet
  facet normal 0 0 -1
    outer loop
      vertex -0.174999 -109 0
      vertex -15.3 -97 0
      vertex -15.0651 -96.9846 0
    endloop
  endfacet
  facet normal 0 0 -1
    outer loop
      vertex -0.174999 -109 0
      vertex -16.7 -97 0
      vertex -15.3 -97 0
    endloop
  endfacet
  facet normal 0 0 -1
    outer loop
      vertex -0.174999 -109 0
      vertex -16.9349 -96.9846 0
      vertex -16.7 -97 0
    endloop
  endfacet
  facet normal 0 0 -1
    outer loop
      vertex -0.174999 -109 0
      vertex -17.1659 -96.9387 0
      vertex -16.9349 -96.9846 0
    endloop
  endfacet
  facet normal 0 0 -1
    outer loop
      vertex -0.174999 -109 0
      vertex -17.3888 -96.863 0
      vertex -17.1659 -96.9387 0
    endloop
  endfacet
  facet normal 0 0 -1
    outer loop
      vertex -46.6112 -96.863 0
      vertex -17.3888 -96.863 0
      vertex -0.174999 -109 0
    endloop
  endfacet
  facet normal 0 0 -1
    outer loop
      vertex -17.3888 -96.863 0
      vertex -46.6112 -96.863 0
      vertex -17.6 -96.7588 0
    endloop
  endfacet
  facet normal 0 0 -1
    outer loop
      vertex -18.5 -95.2 0
      vertex -45.5 -95.2 0
      vertex -18.5 -80.5 0
    endloop
  endfacet
  facet normal 0 0 -1
    outer loop
      vertex -18.4846 -95.4349 0
      vertex -45.5 -95.2 0
      vertex -18.5 -95.2 0
    endloop
  endfacet
  facet normal 0 0 -1
    outer loop
      vertex -45.5154 -95.4349 0
      vertex -18.4846 -95.4349 0
      vertex -18.4387 -95.6659 0
    endloop
  endfacet
  facet normal 0 0 -1
    outer loop
      vertex -45.5613 -95.6659 0
      vertex -18.4387 -95.6659 0
      vertex -18.363 -95.8888 0
    endloop
  endfacet
  facet normal 0 0 -1
    outer loop
      vertex -45.637 -95.8888 0
      vertex -18.363 -95.8888 0
      vertex -18.2588 -96.1 0
    endloop
  endfacet
  facet normal 0 0 -1
    outer loop
      vertex -45.7412 -96.1 0
      vertex -18.2588 -96.1 0
      vertex -18.128 -96.2958 0
    endloop
  endfacet
  facet normal 0 0 -1
    outer loop
      vertex -45.872 -96.2958 0
      vertex -18.128 -96.2958 0
      vertex -17.9728 -96.4728 0
    endloop
  endfacet
  facet normal 0 0 -1
    outer loop
      vertex -46.0272 -96.4728 0
      vertex -17.9728 -96.4728 0
      vertex -17.7958 -96.628 0
    endloop
  endfacet
  facet normal 0 -0 -1
    outer loop
      vertex -46.4 -96.7588 0
      vertex -17.6 -96.7588 0
      vertex -46.6112 -96.863 0
    endloop
  endfacet
  facet normal 0 0 -1
    outer loop
      vertex -18.4846 -95.4349 0
      vertex -45.5154 -95.4349 0
      vertex -45.5 -95.2 0
    endloop
  endfacet
  facet normal 0 0 -1
    outer loop
      vertex -18.4387 -95.6659 0
      vertex -45.5613 -95.6659 0
      vertex -45.5154 -95.4349 0
    endloop
  endfacet
  facet normal 0 0 -1
    outer loop
      vertex -18.363 -95.8888 0
      vertex -45.637 -95.8888 0
      vertex -45.5613 -95.6659 0
    endloop
  endfacet
  facet normal 0 0 -1
    outer loop
      vertex -18.2588 -96.1 0
      vertex -45.7412 -96.1 0
      vertex -45.637 -95.8888 0
    endloop
  endfacet
  facet normal 0 0 -1
    outer loop
      vertex -18.128 -96.2958 0
      vertex -45.872 -96.2958 0
      vertex -45.7412 -96.1 0
    endloop
  endfacet
  facet normal 0 0 -1
    outer loop
      vertex -17.9728 -96.4728 0
      vertex -46.0272 -96.4728 0
      vertex -45.872 -96.2958 0
    endloop
  endfacet
  facet normal 0 0 -1
    outer loop
      vertex -17.7958 -96.628 0
      vertex -46.2042 -96.628 0
      vertex -46.0272 -96.4728 0
    endloop
  endfacet
  facet normal -0 0 -1
    outer loop
      vertex -17.7958 -96.628 0
      vertex -46.4 -96.7588 0
      vertex -46.2042 -96.628 0
    endloop
  endfacet
  facet normal 0 0 -1
    outer loop
      vertex -17.6 -96.7588 0
      vertex -46.4 -96.7588 0
      vertex -17.7958 -96.628 0
    endloop
  endfacet
  facet normal 0 0 -1
    outer loop
      vertex -0.174999 -109 0
      vertex -46.8341 -96.9387 0
      vertex -46.6112 -96.863 0
    endloop
  endfacet
  facet normal 0 0 -1
    outer loop
      vertex -0.174999 -109 0
      vertex -47.0651 -96.9846 0
      vertex -46.8341 -96.9387 0
    endloop
  endfacet
  facet normal 0 0 -1
    outer loop
      vertex -0.174999 -109 0
      vertex -47.3 -97 0
      vertex -47.0651 -96.9846 0
    endloop
  endfacet
  facet normal 0 0 -1
    outer loop
      vertex -0.174999 -109 0
      vertex -48.7 -97 0
      vertex -47.3 -97 0
    endloop
  endfacet
  facet normal 0 0 -1
    outer loop
      vertex -0.174999 -109 0
      vertex -48.9349 -96.9846 0
      vertex -48.7 -97 0
    endloop
  endfacet
  facet normal 0 0 -1
    outer loop
      vertex -79.0651 -96.9846 0
      vertex -48.9349 -96.9846 0
      vertex -0.174999 -109 0
    endloop
  endfacet
  facet normal 0 0 -1
    outer loop
      vertex -50.5 -95.2 0
      vertex -77.5 -95.2 0
      vertex -50.5 -80.5 0
    endloop
  endfacet
  facet normal 0 0 -1
    outer loop
      vertex -50.4846 -95.4349 0
      vertex -77.5 -95.2 0
      vertex -50.5 -95.2 0
    endloop
  endfacet
  facet normal 0 0 -1
    outer loop
      vertex -77.5154 -95.4349 0
      vertex -50.4846 -95.4349 0
      vertex -50.4387 -95.6659 0
    endloop
  endfacet
  facet normal 0 0 -1
    outer loop
      vertex -77.5613 -95.6659 0
      vertex -50.4387 -95.6659 0
      vertex -50.363 -95.8888 0
    endloop
  endfacet
  facet normal 0 0 -1
    outer loop
      vertex -77.637 -95.8888 0
      vertex -50.363 -95.8888 0
      vertex -50.2588 -96.1 0
    endloop
  endfacet
  facet normal 0 0 -1
    outer loop
      vertex -77.7412 -96.1 0
      vertex -50.2588 -96.1 0
      vertex -50.128 -96.2958 0
    endloop
  endfacet
  facet normal 0 0 -1
    outer loop
      vertex -77.872 -96.2958 0
      vertex -50.128 -96.2958 0
      vertex -49.9728 -96.4728 0
    endloop
  endfacet
  facet normal 0 0 -1
    outer loop
      vertex -78.0272 -96.4728 0
      vertex -49.9728 -96.4728 0
      vertex -49.7958 -96.628 0
    endloop
  endfacet
  facet normal 0 0 -1
    outer loop
      vertex -78.2042 -96.628 0
      vertex -49.7958 -96.628 0
      vertex -49.6 -96.7588 0
    endloop
  endfacet
  facet normal 0 0 -1
    outer loop
      vertex -78.4 -96.7588 0
      vertex -49.6 -96.7588 0
      vertex -49.3888 -96.863 0
    endloop
  endfacet
  facet normal 0 0 -1
    outer loop
      vertex -78.6112 -96.863 0
      vertex -49.3888 -96.863 0
      vertex -49.1659 -96.9387 0
    endloop
  endfacet
  facet normal 0 0 -1
    outer loop
      vertex -48.9349 -96.9846 0
      vertex -79.0651 -96.9846 0
      vertex -49.1659 -96.9387 0
    endloop
  endfacet
  facet normal 0 0 -1
    outer loop
      vertex -50.4846 -95.4349 0
      vertex -77.5154 -95.4349 0
      vertex -77.5 -95.2 0
    endloop
  endfacet
  facet normal 0 0 -1
    outer loop
      vertex -50.4387 -95.6659 0
      vertex -77.5613 -95.6659 0
      vertex -77.5154 -95.4349 0
    endloop
  endfacet
  facet normal 0 0 -1
    outer loop
      vertex -50.363 -95.8888 0
      vertex -77.637 -95.8888 0
      vertex -77.5613 -95.6659 0
    endloop
  endfacet
  facet normal 0 0 -1
    outer loop
      vertex -50.2588 -96.1 0
      vertex -77.7412 -96.1 0
      vertex -77.637 -95.8888 0
    endloop
  endfacet
  facet normal 0 0 -1
    outer loop
      vertex -50.128 -96.2958 0
      vertex -77.872 -96.2958 0
      vertex -77.7412 -96.1 0
    endloop
  endfacet
  facet normal 0 0 -1
    outer loop
      vertex -49.9728 -96.4728 0
      vertex -78.0272 -96.4728 0
      vertex -77.872 -96.2958 0
    endloop
  endfacet
  facet normal 0 0 -1
    outer loop
      vertex -49.7958 -96.628 0
      vertex -78.2042 -96.628 0
      vertex -78.0272 -96.4728 0
    endloop
  endfacet
  facet normal 0 0 -1
    outer loop
      vertex -49.6 -96.7588 0
      vertex -78.4 -96.7588 0
      vertex -78.2042 -96.628 0
    endloop
  endfacet
  facet normal 0 0 -1
    outer loop
      vertex -49.3888 -96.863 0
      vertex -78.6112 -96.863 0
      vertex -78.4 -96.7588 0
    endloop
  endfacet
  facet normal 0 0 -1
    outer loop
      vertex -49.1659 -96.9387 0
      vertex -78.8341 -96.9387 0
      vertex -78.6112 -96.863 0
    endloop
  endfacet
  facet normal -0 0 -1
    outer loop
      vertex -49.1659 -96.9387 0
      vertex -79.0651 -96.9846 0
      vertex -78.8341 -96.9387 0
    endloop
  endfacet
  facet normal 0 0 -1
    outer loop
      vertex -0.174999 -109 0
      vertex -79.3 -97 0
      vertex -79.0651 -96.9846 0
    endloop
  endfacet
  facet normal 0 0 -1
    outer loop
      vertex -138 -109 0
      vertex -79.3 -97 0
      vertex -0.174999 -109 0
    endloop
  endfacet
  facet normal -0 0 -1
    outer loop
      vertex -79.3 -97 0
      vertex -138 -109 0
      vertex -80.7 -97 0
    endloop
  endfacet
  facet normal 0 0 -1
    outer loop
      vertex -82.5 -95.2 0
      vertex -109.5 -95.2 0
      vertex -82.5 -80.5 0
    endloop
  endfacet
  facet normal 0 0 -1
    outer loop
      vertex -82.4846 -95.4349 0
      vertex -109.5 -95.2 0
      vertex -82.5 -95.2 0
    endloop
  endfacet
  facet normal 0 0 -1
    outer loop
      vertex -109.515 -95.4349 0
      vertex -82.4846 -95.4349 0
      vertex -82.4387 -95.6659 0
    endloop
  endfacet
  facet normal 0 0 -1
    outer loop
      vertex -109.561 -95.6659 0
      vertex -82.4387 -95.6659 0
      vertex -82.363 -95.8888 0
    endloop
  endfacet
  facet normal 0 0 -1
    outer loop
      vertex -109.637 -95.8888 0
      vertex -82.363 -95.8888 0
      vertex -82.2588 -96.1 0
    endloop
  endfacet
  facet normal 0 0 -1
    outer loop
      vertex -109.741 -96.1 0
      vertex -82.2588 -96.1 0
      vertex -82.128 -96.2958 0
    endloop
  endfacet
  facet normal 0 0 -1
    outer loop
      vertex -109.872 -96.2958 0
      vertex -82.128 -96.2958 0
      vertex -81.9728 -96.4728 0
    endloop
  endfacet
  facet normal 0 0 -1
    outer loop
      vertex -110.027 -96.4728 0
      vertex -81.9728 -96.4728 0
      vertex -81.7958 -96.628 0
    endloop
  endfacet
  facet normal 0 0 -1
    outer loop
      vertex -110.204 -96.628 0
      vertex -81.7958 -96.628 0
      vertex -81.6 -96.7588 0
    endloop
  endfacet
  facet normal 0 0 -1
    outer loop
      vertex -110.4 -96.7588 0
      vertex -81.6 -96.7588 0
      vertex -81.3888 -96.863 0
    endloop
  endfacet
  facet normal 0 0 -1
    outer loop
      vertex -110.611 -96.863 0
      vertex -81.3888 -96.863 0
      vertex -81.1659 -96.9387 0
    endloop
  endfacet
  facet normal 0 0 -1
    outer loop
      vertex -138 -109 0
      vertex -81.1659 -96.9387 0
      vertex -80.9349 -96.9846 0
    endloop
  endfacet
  facet normal -0 0 -1
    outer loop
      vertex -80.7 -97 0
      vertex -138 -109 0
      vertex -80.9349 -96.9846 0
    endloop
  endfacet
  facet normal 0 0 -1
    outer loop
      vertex -82.4846 -95.4349 0
      vertex -109.515 -95.4349 0
      vertex -109.5 -95.2 0
    endloop
  endfacet
  facet normal 0 0 -1
    outer loop
      vertex -82.4387 -95.6659 0
      vertex -109.561 -95.6659 0
      vertex -109.515 -95.4349 0
    endloop
  endfacet
  facet normal 0 0 -1
    outer loop
      vertex -82.363 -95.8888 0
      vertex -109.637 -95.8888 0
      vertex -109.561 -95.6659 0
    endloop
  endfacet
  facet normal 0 0 -1
    outer loop
      vertex -82.2588 -96.1 0
      vertex -109.741 -96.1 0
      vertex -109.637 -95.8888 0
    endloop
  endfacet
  facet normal 0 0 -1
    outer loop
      vertex -82.128 -96.2958 0
      vertex -109.872 -96.2958 0
      vertex -109.741 -96.1 0
    endloop
  endfacet
  facet normal 0 0 -1
    outer loop
      vertex -81.9728 -96.4728 0
      vertex -110.027 -96.4728 0
      vertex -109.872 -96.2958 0
    endloop
  endfacet
  facet normal 0 0 -1
    outer loop
      vertex -81.7958 -96.628 0
      vertex -110.204 -96.628 0
      vertex -110.027 -96.4728 0
    endloop
  endfacet
  facet normal 0 0 -1
    outer loop
      vertex -81.6 -96.7588 0
      vertex -110.4 -96.7588 0
      vertex -110.204 -96.628 0
    endloop
  endfacet
  facet normal 0 0 -1
    outer loop
      vertex -81.3888 -96.863 0
      vertex -110.611 -96.863 0
      vertex -110.4 -96.7588 0
    endloop
  endfacet
  facet normal 0 0 -1
    outer loop
      vertex -81.1659 -96.9387 0
      vertex -110.834 -96.9387 0
      vertex -110.611 -96.863 0
    endloop
  endfacet
  facet normal -0 0 -1
    outer loop
      vertex -81.1659 -96.9387 0
      vertex -138 -109 0
      vertex -110.834 -96.9387 0
    endloop
  endfacet
  facet normal 0 0 -1
    outer loop
      vertex -110.834 -96.9387 0
      vertex -138 -109 0
      vertex -111.065 -96.9846 0
    endloop
  endfacet
  facet normal 0 0 -1
    outer loop
      vertex -111.065 -96.9846 0
      vertex -138 -109 0
      vertex -111.3 -97 0
    endloop
  endfacet
  facet normal -0 0 -1
    outer loop
      vertex -111.3 -97 0
      vertex -138 -109 0
      vertex -112.7 -97 0
    endloop
  endfacet
  facet normal 0 0 -1
    outer loop
      vertex -114.5 -95.2 0
      vertex -132.2 -80.5 0
      vertex -114.5 -80.5 0
    endloop
  endfacet
  facet normal 0 0 -1
    outer loop
      vertex -138 -109 0
      vertex -114.5 -95.2 0
      vertex -114.485 -95.4349 0
    endloop
  endfacet
  facet normal 0 0 -1
    outer loop
      vertex -138 -109 0
      vertex -114.485 -95.4349 0
      vertex -114.439 -95.6659 0
    endloop
  endfacet
  facet normal 0 0 -1
    outer loop
      vertex -138 -109 0
      vertex -114.439 -95.6659 0
      vertex -114.363 -95.8888 0
    endloop
  endfacet
  facet normal 0 0 -1
    outer loop
      vertex -138 -109 0
      vertex -114.363 -95.8888 0
      vertex -114.259 -96.1 0
    endloop
  endfacet
  facet normal 0 0 -1
    outer loop
      vertex -138 -109 0
      vertex -114.259 -96.1 0
      vertex -114.128 -96.2958 0
    endloop
  endfacet
  facet normal 0 0 -1
    outer loop
      vertex -138 -109 0
      vertex -114.128 -96.2958 0
      vertex -113.973 -96.4728 0
    endloop
  endfacet
  facet normal 0 0 -1
    outer loop
      vertex -138 -109 0
      vertex -113.973 -96.4728 0
      vertex -113.796 -96.628 0
    endloop
  endfacet
  facet normal -0 0 -1
    outer loop
      vertex -114.5 -95.2 0
      vertex -138 -109 0
      vertex -132.2 -80.5 0
    endloop
  endfacet
  facet normal 0 0 -1
    outer loop
      vertex -146 -101 0
      vertex -132.2 -80.5 0
      vertex -138 -109 0
    endloop
  endfacet
  facet normal -0 0 -1
    outer loop
      vertex -132.2 -80.5 0
      vertex -146 -101 0
      vertex -132.435 -80.4846 0
    endloop
  endfacet
  facet normal -0 0 -1
    outer loop
      vertex -132.435 -80.4846 0
      vertex -146 -101 0
      vertex -132.666 -80.4387 0
    endloop
  endfacet
  facet normal -0 0 -1
    outer loop
      vertex -132.666 -80.4387 0
      vertex -146 -101 0
      vertex -132.889 -80.363 0
    endloop
  endfacet
  facet normal 0 0 -1
    outer loop
      vertex -146 -101 0
      vertex -134 -77.3 0
      vertex -134 -78.7 0
    endloop
  endfacet
  facet normal -0 0 -1
    outer loop
      vertex -134 -77.3 0
      vertex -146 -101 0
      vertex -134 -46.7 0
    endloop
  endfacet
  facet normal 0 0 -1
    outer loop
      vertex -146 -0.174999 0
      vertex -134 -46.7 0
      vertex -146 -101 0
    endloop
  endfacet
  facet normal 0 0 -1
    outer loop
      vertex -134 -45.3 0
      vertex -146 -0.174999 0
      vertex -134 -14.7 0
    endloop
  endfacet
  facet normal -0 0 -1
    outer loop
      vertex -133.985 -78.9349 0
      vertex -146 -101 0
      vertex -134 -78.7 0
    endloop
  endfacet
  facet normal -0 0 -1
    outer loop
      vertex -133.939 -79.1659 0
      vertex -146 -101 0
      vertex -133.985 -78.9349 0
    endloop
  endfacet
  facet normal -0 0 -1
    outer loop
      vertex -133.863 -79.3888 0
      vertex -146 -101 0
      vertex -133.939 -79.1659 0
    endloop
  endfacet
  facet normal -0 0 -1
    outer loop
      vertex -133.759 -79.6 0
      vertex -146 -101 0
      vertex -133.863 -79.3888 0
    endloop
  endfacet
  facet normal -0 0 -1
    outer loop
      vertex -133.628 -79.7958 0
      vertex -146 -101 0
      vertex -133.759 -79.6 0
    endloop
  endfacet
  facet normal -0 0 -1
    outer loop
      vertex -133.473 -79.9728 0
      vertex -146 -101 0
      vertex -133.628 -79.7958 0
    endloop
  endfacet
  facet normal -0 0 -1
    outer loop
      vertex -133.296 -80.128 0
      vertex -146 -101 0
      vertex -133.473 -79.9728 0
    endloop
  endfacet
  facet normal -0 0 -1
    outer loop
      vertex -133.1 -80.2588 0
      vertex -146 -101 0
      vertex -133.296 -80.128 0
    endloop
  endfacet
  facet normal -0 0 -1
    outer loop
      vertex -132.889 -80.363 0
      vertex -146 -101 0
      vertex -133.1 -80.2588 0
    endloop
  endfacet
  facet normal -0 0 -1
    outer loop
      vertex -113.6 -96.7588 0
      vertex -138 -109 0
      vertex -113.796 -96.628 0
    endloop
  endfacet
  facet normal -0 0 -1
    outer loop
      vertex -113.389 -96.863 0
      vertex -138 -109 0
      vertex -113.6 -96.7588 0
    endloop
  endfacet
  facet normal -0 0 -1
    outer loop
      vertex -113.166 -96.9387 0
      vertex -138 -109 0
      vertex -113.389 -96.863 0
    endloop
  endfacet
  facet normal -0 0 -1
    outer loop
      vertex -112.935 -96.9846 0
      vertex -138 -109 0
      vertex -113.166 -96.9387 0
    endloop
  endfacet
  facet normal -0 0 -1
    outer loop
      vertex -112.7 -97 0
      vertex -138 -109 0
      vertex -112.935 -96.9846 0
    endloop
  endfacet
  facet normal 0 0 -1
    outer loop
      vertex -1.175 -89.5 0
      vertex -13.5 -80.5 0
      vertex -1.175 -80.5 0
    endloop
  endfacet
  facet normal -0 0 -1
    outer loop
      vertex -18.5 -80.5 0
      vertex -45.5 -95.2 0
      vertex -45.5 -80.5 0
    endloop
  endfacet
  facet normal -0 0 -1
    outer loop
      vertex -50.5 -80.5 0
      vertex -77.5 -95.2 0
      vertex -77.5 -80.5 0
    endloop
  endfacet
  facet normal -0 0 -1
    outer loop
      vertex -82.5 -80.5 0
      vertex -109.5 -95.2 0
      vertex -109.5 -80.5 0
    endloop
  endfacet
  facet normal 0 0 -1
    outer loop
      vertex -132.2 -75.5 0
      vertex -114.5 -48.5 0
      vertex -114.5 -75.5 0
    endloop
  endfacet
  facet normal 0 0 -1
    outer loop
      vertex -132.2 -75.5 0
      vertex -132.2 -48.5 0
      vertex -114.5 -48.5 0
    endloop
  endfacet
  facet normal 0 0 -1
    outer loop
      vertex -132.435 -75.5154 0
      vertex -132.2 -48.5 0
      vertex -132.2 -75.5 0
    endloop
  endfacet
  facet normal 0 0 -1
    outer loop
      vertex -132.435 -75.5154 0
      vertex -132.435 -48.4846 0
      vertex -132.2 -48.5 0
    endloop
  endfacet
  facet normal 0 0 -1
    outer loop
      vertex -132.666 -75.5613 0
      vertex -132.435 -48.4846 0
      vertex -132.435 -75.5154 0
    endloop
  endfacet
  facet normal 0 0 -1
    outer loop
      vertex -132.666 -75.5613 0
      vertex -132.666 -48.4387 0
      vertex -132.435 -48.4846 0
    endloop
  endfacet
  facet normal 0 0 -1
    outer loop
      vertex -132.889 -75.637 0
      vertex -132.666 -48.4387 0
      vertex -132.666 -75.5613 0
    endloop
  endfacet
  facet normal 0 0 -1
    outer loop
      vertex -132.889 -75.637 0
      vertex -132.889 -48.363 0
      vertex -132.666 -48.4387 0
    endloop
  endfacet
  facet normal 0 0 -1
    outer loop
      vertex -133.1 -75.7412 0
      vertex -132.889 -48.363 0
      vertex -132.889 -75.637 0
    endloop
  endfacet
  facet normal 0 0 -1
    outer loop
      vertex -133.1 -75.7412 0
      vertex -133.1 -48.2588 0
      vertex -132.889 -48.363 0
    endloop
  endfacet
  facet normal 0 0 -1
    outer loop
      vertex -133.296 -75.872 0
      vertex -133.1 -48.2588 0
      vertex -133.1 -75.7412 0
    endloop
  endfacet
  facet normal 0 0 -1
    outer loop
      vertex -133.296 -75.872 0
      vertex -133.296 -48.128 0
      vertex -133.1 -48.2588 0
    endloop
  endfacet
  facet normal 0 0 -1
    outer loop
      vertex -133.473 -76.0272 0
      vertex -133.296 -48.128 0
      vertex -133.296 -75.872 0
    endloop
  endfacet
  facet normal 0 0 -1
    outer loop
      vertex -133.473 -76.0272 0
      vertex -133.473 -47.9728 0
      vertex -133.296 -48.128 0
    endloop
  endfacet
  facet normal 0 0 -1
    outer loop
      vertex -133.628 -76.2042 0
      vertex -133.473 -47.9728 0
      vertex -133.473 -76.0272 0
    endloop
  endfacet
  facet normal 0 0 -1
    outer loop
      vertex -133.628 -76.2042 0
      vertex -133.628 -47.7958 0
      vertex -133.473 -47.9728 0
    endloop
  endfacet
  facet normal 0 0 -1
    outer loop
      vertex -133.759 -76.4 0
      vertex -133.628 -47.7958 0
      vertex -133.628 -76.2042 0
    endloop
  endfacet
  facet normal 0 0 -1
    outer loop
      vertex -133.759 -76.4 0
      vertex -133.759 -47.6 0
      vertex -133.628 -47.7958 0
    endloop
  endfacet
  facet normal 0 0 -1
    outer loop
      vertex -133.863 -76.6112 0
      vertex -133.759 -47.6 0
      vertex -133.759 -76.4 0
    endloop
  endfacet
  facet normal 0 0 -1
    outer loop
      vertex -133.863 -76.6112 0
      vertex -133.863 -47.3888 0
      vertex -133.759 -47.6 0
    endloop
  endfacet
  facet normal 0 0 -1
    outer loop
      vertex -133.939 -76.8341 0
      vertex -133.863 -47.3888 0
      vertex -133.863 -76.6112 0
    endloop
  endfacet
  facet normal 0 0 -1
    outer loop
      vertex -133.939 -76.8341 0
      vertex -133.939 -47.1659 0
      vertex -133.863 -47.3888 0
    endloop
  endfacet
  facet normal 0 0 -1
    outer loop
      vertex -133.985 -77.0651 0
      vertex -133.939 -47.1659 0
      vertex -133.939 -76.8341 0
    endloop
  endfacet
  facet normal 0 0 -1
    outer loop
      vertex -133.985 -77.0651 0
      vertex -133.985 -46.9349 0
      vertex -133.939 -47.1659 0
    endloop
  endfacet
  facet normal 0 0 -1
    outer loop
      vertex -134 -77.3 0
      vertex -133.985 -46.9349 0
      vertex -133.985 -77.0651 0
    endloop
  endfacet
  facet normal -0 0 -1
    outer loop
      vertex -133.985 -46.9349 0
      vertex -134 -77.3 0
      vertex -134 -46.7 0
    endloop
  endfacet
  facet normal 0 0 -1
    outer loop
      vertex -132.2 -43.5 0
      vertex -114.5 -16.5 0
      vertex -114.5 -43.5 0
    endloop
  endfacet
  facet normal 0 0 -1
    outer loop
      vertex -132.2 -43.5 0
      vertex -132.2 -16.5 0
      vertex -114.5 -16.5 0
    endloop
  endfacet
  facet normal 0 0 -1
    outer loop
      vertex -132.435 -43.5154 0
      vertex -132.2 -16.5 0
      vertex -132.2 -43.5 0
    endloop
  endfacet
  facet normal 0 0 -1
    outer loop
      vertex -132.435 -43.5154 0
      vertex -132.435 -16.4846 0
      vertex -132.2 -16.5 0
    endloop
  endfacet
  facet normal 0 0 -1
    outer loop
      vertex -132.666 -43.5613 0
      vertex -132.435 -16.4846 0
      vertex -132.435 -43.5154 0
    endloop
  endfacet
  facet normal 0 0 -1
    outer loop
      vertex -132.666 -43.5613 0
      vertex -132.666 -16.4387 0
      vertex -132.435 -16.4846 0
    endloop
  endfacet
  facet normal 0 0 -1
    outer loop
      vertex -132.889 -43.637 0
      vertex -132.666 -16.4387 0
      vertex -132.666 -43.5613 0
    endloop
  endfacet
  facet normal 0 0 -1
    outer loop
      vertex -132.889 -43.637 0
      vertex -132.889 -16.363 0
      vertex -132.666 -16.4387 0
    endloop
  endfacet
  facet normal 0 0 -1
    outer loop
      vertex -133.1 -43.7412 0
      vertex -132.889 -16.363 0
      vertex -132.889 -43.637 0
    endloop
  endfacet
  facet normal 0 0 -1
    outer loop
      vertex -133.1 -43.7412 0
      vertex -133.1 -16.2588 0
      vertex -132.889 -16.363 0
    endloop
  endfacet
  facet normal 0 0 -1
    outer loop
      vertex -133.296 -43.872 0
      vertex -133.1 -16.2588 0
      vertex -133.1 -43.7412 0
    endloop
  endfacet
  facet normal 0 0 -1
    outer loop
      vertex -133.296 -43.872 0
      vertex -133.296 -16.128 0
      vertex -133.1 -16.2588 0
    endloop
  endfacet
  facet normal 0 0 -1
    outer loop
      vertex -133.473 -44.0272 0
      vertex -133.296 -16.128 0
      vertex -133.296 -43.872 0
    endloop
  endfacet
  facet normal 0 0 -1
    outer loop
      vertex -133.473 -44.0272 0
      vertex -133.473 -15.9728 0
      vertex -133.296 -16.128 0
    endloop
  endfacet
  facet normal 0 0 -1
    outer loop
      vertex -133.628 -44.2042 0
      vertex -133.473 -15.9728 0
      vertex -133.473 -44.0272 0
    endloop
  endfacet
  facet normal 0 0 -1
    outer loop
      vertex -133.628 -44.2042 0
      vertex -133.628 -15.7958 0
      vertex -133.473 -15.9728 0
    endloop
  endfacet
  facet normal 0 0 -1
    outer loop
      vertex -133.759 -44.4 0
      vertex -133.628 -15.7958 0
      vertex -133.628 -44.2042 0
    endloop
  endfacet
  facet normal 0 0 -1
    outer loop
      vertex -133.759 -44.4 0
      vertex -133.759 -15.6 0
      vertex -133.628 -15.7958 0
    endloop
  endfacet
  facet normal 0 0 -1
    outer loop
      vertex -133.863 -44.6112 0
      vertex -133.759 -15.6 0
      vertex -133.759 -44.4 0
    endloop
  endfacet
  facet normal 0 0 -1
    outer loop
      vertex -133.863 -44.6112 0
      vertex -133.863 -15.3888 0
      vertex -133.759 -15.6 0
    endloop
  endfacet
  facet normal 0 0 -1
    outer loop
      vertex -133.939 -44.8341 0
      vertex -133.863 -15.3888 0
      vertex -133.863 -44.6112 0
    endloop
  endfacet
  facet normal 0 0 -1
    outer loop
      vertex -133.939 -44.8341 0
      vertex -133.939 -15.1659 0
      vertex -133.863 -15.3888 0
    endloop
  endfacet
  facet normal 0 0 -1
    outer loop
      vertex -133.985 -45.0651 0
      vertex -133.939 -15.1659 0
      vertex -133.939 -44.8341 0
    endloop
  endfacet
  facet normal 0 0 -1
    outer loop
      vertex -133.985 -45.0651 0
      vertex -133.985 -14.9349 0
      vertex -133.939 -15.1659 0
    endloop
  endfacet
  facet normal 0 0 -1
    outer loop
      vertex -134 -45.3 0
      vertex -133.985 -14.9349 0
      vertex -133.985 -45.0651 0
    endloop
  endfacet
  facet normal -0 0 -1
    outer loop
      vertex -133.985 -14.9349 0
      vertex -134 -45.3 0
      vertex -134 -14.7 0
    endloop
  endfacet
  facet normal 0 0 -1
    outer loop
      vertex -114.5 -11.5 0
      vertex -117.5 -1.175 0
      vertex -114.5 -1.175 0
    endloop
  endfacet
  facet normal 0 0 -1
    outer loop
      vertex -114.5 -11.5 0
      vertex -117.696 -1.16217 0
      vertex -117.5 -1.175 0
    endloop
  endfacet
  facet normal 0 0 -1
    outer loop
      vertex -114.5 -11.5 0
      vertex -117.888 -1.12389 0
      vertex -117.696 -1.16217 0
    endloop
  endfacet
  facet normal 0 0 -1
    outer loop
      vertex -114.5 -11.5 0
      vertex -118.074 -1.06082 0
      vertex -117.888 -1.12389 0
    endloop
  endfacet
  facet normal 0 0 -1
    outer loop
      vertex -114.5 -11.5 0
      vertex -118.25 -0.974037 0
      vertex -118.074 -1.06082 0
    endloop
  endfacet
  facet normal 0 0 -1
    outer loop
      vertex -132.2 -11.5 0
      vertex -118.25 -0.974037 0
      vertex -114.5 -11.5 0
    endloop
  endfacet
  facet normal -0 0 -1
    outer loop
      vertex -118.25 -0.974037 0
      vertex -132.2 -11.5 0
      vertex -118.413 -0.865028 0
    endloop
  endfacet
  facet normal -0 0 -1
    outer loop
      vertex -118.413 -0.865028 0
      vertex -132.2 -11.5 0
      vertex -118.561 -0.735659 0
    endloop
  endfacet
  facet normal -0 0 -1
    outer loop
      vertex -118.561 -0.735659 0
      vertex -132.2 -11.5 0
      vertex -118.69 -0.58814 0
    endloop
  endfacet
  facet normal -0 0 -1
    outer loop
      vertex -118.69 -0.58814 0
      vertex -132.2 -11.5 0
      vertex -118.799 -0.424999 0
    endloop
  endfacet
  facet normal -0 0 -1
    outer loop
      vertex -118.799 -0.424999 0
      vertex -132.2 -11.5 0
      vertex -118.886 -0.249023 0
    endloop
  endfacet
  facet normal 0 0 -1
    outer loop
      vertex -132.2 -11.5 0
      vertex -118.911 -0.174999 0
      vertex -118.886 -0.249023 0
    endloop
  endfacet
  facet normal 0 0 -1
    outer loop
      vertex -146 -0.174999 0
      vertex -132.2 -11.5 0
      vertex -132.435 -11.5154 0
    endloop
  endfacet
  facet normal 0 0 -1
    outer loop
      vertex -146 -0.174999 0
      vertex -132.435 -11.5154 0
      vertex -132.666 -11.5613 0
    endloop
  endfacet
  facet normal 0 0 -1
    outer loop
      vertex -146 -0.174999 0
      vertex -132.666 -11.5613 0
      vertex -132.889 -11.637 0
    endloop
  endfacet
  facet normal 0 0 -1
    outer loop
      vertex -146 -0.174999 0
      vertex -132.889 -11.637 0
      vertex -133.1 -11.7412 0
    endloop
  endfacet
  facet normal 0 0 -1
    outer loop
      vertex -146 -0.174999 0
      vertex -133.1 -11.7412 0
      vertex -133.296 -11.872 0
    endloop
  endfacet
  facet normal 0 0 -1
    outer loop
      vertex -146 -101 0
      vertex -138 -109 0
      vertex -139.044 -108.932 0
    endloop
  endfacet
  facet normal 0 0 -1
    outer loop
      vertex -146 -101 0
      vertex -139.044 -108.932 0
      vertex -140.071 -108.727 0
    endloop
  endfacet
  facet normal 0 0 -1
    outer loop
      vertex -146 -101 0
      vertex -140.071 -108.727 0
      vertex -141.061 -108.391 0
    endloop
  endfacet
  facet normal 0 0 -1
    outer loop
      vertex -134 -46.7 0
      vertex -146 -0.174999 0
      vertex -134 -45.3 0
    endloop
  endfacet
  facet normal 0 0 -1
    outer loop
      vertex -146 -101 0
      vertex -141.061 -108.391 0
      vertex -142 -107.928 0
    endloop
  endfacet
  facet normal 0 0 -1
    outer loop
      vertex -146 -101 0
      vertex -142 -107.928 0
      vertex -142.87 -107.347 0
    endloop
  endfacet
  facet normal 0 0 -1
    outer loop
      vertex -146 -101 0
      vertex -142.87 -107.347 0
      vertex -143.657 -106.657 0
    endloop
  endfacet
  facet normal 0 0 -1
    outer loop
      vertex -146 -101 0
      vertex -143.657 -106.657 0
      vertex -144.347 -105.87 0
    endloop
  endfacet
  facet normal 0 0 -1
    outer loop
      vertex -146 -101 0
      vertex -144.347 -105.87 0
      vertex -144.928 -105 0
    endloop
  endfacet
  facet normal 0 0 -1
    outer loop
      vertex -146 -101 0
      vertex -144.928 -105 0
      vertex -145.391 -104.061 0
    endloop
  endfacet
  facet normal 0 0 -1
    outer loop
      vertex -146 -101 0
      vertex -145.391 -104.061 0
      vertex -145.727 -103.071 0
    endloop
  endfacet
  facet normal 0 0 -1
    outer loop
      vertex -146 -101 0
      vertex -145.727 -103.071 0
      vertex -145.932 -102.044 0
    endloop
  endfacet
  facet normal 0 0 -1
    outer loop
      vertex -134 -14.7 0
      vertex -146 -0.174999 0
      vertex -134 -13.3 0
    endloop
  endfacet
  facet normal 0 0 -1
    outer loop
      vertex -132.2 -11.5 0
      vertex -146 -0.174999 0
      vertex -118.911 -0.174999 0
    endloop
  endfacet
  facet normal 0 0 -1
    outer loop
      vertex -133.473 -12.0272 0
      vertex -146 -0.174999 0
      vertex -133.296 -11.872 0
    endloop
  endfacet
  facet normal 0 0 -1
    outer loop
      vertex -133.628 -12.2042 0
      vertex -146 -0.174999 0
      vertex -133.473 -12.0272 0
    endloop
  endfacet
  facet normal 0 0 -1
    outer loop
      vertex -133.759 -12.4 0
      vertex -146 -0.174999 0
      vertex -133.628 -12.2042 0
    endloop
  endfacet
  facet normal 0 0 -1
    outer loop
      vertex -133.863 -12.6112 0
      vertex -146 -0.174999 0
      vertex -133.759 -12.4 0
    endloop
  endfacet
  facet normal 0 0 -1
    outer loop
      vertex -133.939 -12.8341 0
      vertex -146 -0.174999 0
      vertex -133.863 -12.6112 0
    endloop
  endfacet
  facet normal 0 0 -1
    outer loop
      vertex -133.985 -13.0651 0
      vertex -146 -0.174999 0
      vertex -133.939 -12.8341 0
    endloop
  endfacet
  facet normal 0 0 -1
    outer loop
      vertex -134 -13.3 0
      vertex -146 -0.174999 0
      vertex -133.985 -13.0651 0
    endloop
  endfacet
  facet normal 0 0 -1
    outer loop
      vertex -109.5 -43.5 0
      vertex -82.5 -16.5 0
      vertex -82.5 -43.5 0
    endloop
  endfacet
  facet normal -0 0 -1
    outer loop
      vertex -82.5 -16.5 0
      vertex -109.5 -43.5 0
      vertex -109.5 -16.5 0
    endloop
  endfacet
  facet normal 0 0 -1
    outer loop
      vertex -77.5 -43.5 0
      vertex -50.5 -16.5 0
      vertex -50.5 -43.5 0
    endloop
  endfacet
  facet normal -0 0 -1
    outer loop
      vertex -50.5 -16.5 0
      vertex -77.5 -43.5 0
      vertex -77.5 -16.5 0
    endloop
  endfacet
  facet normal 0 0 -1
    outer loop
      vertex -45.5 -43.5 0
      vertex -18.5 -16.5 0
      vertex -18.5 -43.5 0
    endloop
  endfacet
  facet normal -0 0 -1
    outer loop
      vertex -18.5 -16.5 0
      vertex -45.5 -43.5 0
      vertex -45.5 -16.5 0
    endloop
  endfacet
  facet normal 0 0 -1
    outer loop
      vertex -1.175 -43.5 0
      vertex -13.5 -43.5 0
      vertex -1.175 -34.5 0
    endloop
  endfacet
  facet normal 0 0 -1
    outer loop
      vertex -0.249023 -33.1142 0
      vertex -0.174999 -16.5 0
      vertex -0.174999 -33.0891 0
    endloop
  endfacet
  facet normal 0 0 -1
    outer loop
      vertex -0.424999 -33.201 0
      vertex -0.174999 -16.5 0
      vertex -0.249023 -33.1142 0
    endloop
  endfacet
  facet normal 0 0 -1
    outer loop
      vertex -0.58814 -33.31 0
      vertex -0.174999 -16.5 0
      vertex -0.424999 -33.201 0
    endloop
  endfacet
  facet normal 0 0 -1
    outer loop
      vertex -13.5 -16.5 0
      vertex -0.58814 -33.31 0
      vertex -0.735659 -33.4393 0
    endloop
  endfacet
  facet normal 0 0 -1
    outer loop
      vertex -13.5 -16.5 0
      vertex -0.735659 -33.4393 0
      vertex -0.865028 -33.5869 0
    endloop
  endfacet
  facet normal 0 0 -1
    outer loop
      vertex -13.5 -16.5 0
      vertex -0.865028 -33.5869 0
      vertex -0.974037 -33.75 0
    endloop
  endfacet
  facet normal 0 0 -1
    outer loop
      vertex -13.5 -16.5 0
      vertex -0.974037 -33.75 0
      vertex -1.06082 -33.926 0
    endloop
  endfacet
  facet normal 0 0 -1
    outer loop
      vertex -13.5 -16.5 0
      vertex -1.06082 -33.926 0
      vertex -1.12389 -34.1118 0
    endloop
  endfacet
  facet normal 0 0 -1
    outer loop
      vertex -13.5 -43.5 0
      vertex -1.12389 -34.1118 0
      vertex -1.16217 -34.3042 0
    endloop
  endfacet
  facet normal 0 0 -1
    outer loop
      vertex -13.5 -43.5 0
      vertex -1.16217 -34.3042 0
      vertex -1.175 -34.5 0
    endloop
  endfacet
  facet normal -0 0 -1
    outer loop
      vertex -1.12389 -34.1118 0
      vertex -13.5 -43.5 0
      vertex -13.5 -16.5 0
    endloop
  endfacet
  facet normal 0 0 -1
    outer loop
      vertex -0.58814 -33.31 0
      vertex -13.5 -16.5 0
      vertex -0.174999 -16.5 0
    endloop
  endfacet
  facet normal 0 0 -1
    outer loop
      vertex -109.5 -75.5 0
      vertex -82.5 -48.5 0
      vertex -82.5 -75.5 0
    endloop
  endfacet
  facet normal -0 0 -1
    outer loop
      vertex -82.5 -48.5 0
      vertex -109.5 -75.5 0
      vertex -109.5 -48.5 0
    endloop
  endfacet
  facet normal 0 0 -1
    outer loop
      vertex -77.5 -75.5 0
      vertex -50.5 -48.5 0
      vertex -50.5 -75.5 0
    endloop
  endfacet
  facet normal -0 0 -1
    outer loop
      vertex -50.5 -48.5 0
      vertex -77.5 -75.5 0
      vertex -77.5 -48.5 0
    endloop
  endfacet
  facet normal 0 0 -1
    outer loop
      vertex -45.5 -75.5 0
      vertex -18.5 -48.5 0
      vertex -18.5 -75.5 0
    endloop
  endfacet
  facet normal -0 0 -1
    outer loop
      vertex -18.5 -48.5 0
      vertex -45.5 -75.5 0
      vertex -45.5 -48.5 0
    endloop
  endfacet
  facet normal 0 0 -1
    outer loop
      vertex -13.5 -75.5 0
      vertex -1.175 -74.5 0
      vertex -1.175 -75.5 0
    endloop
  endfacet
  facet normal -0 0 -1
    outer loop
      vertex -1.175 -74.5 0
      vertex -13.5 -75.5 0
      vertex -1.175 -49.5 0
    endloop
  endfacet
  facet normal 0 0 -1
    outer loop
      vertex -13.5 -48.5 0
      vertex -1.175 -49.5 0
      vertex -13.5 -75.5 0
    endloop
  endfacet
  facet normal 0 0 -1
    outer loop
      vertex -1.175 -49.5 0
      vertex -13.5 -48.5 0
      vertex -1.175 -48.5 0
    endloop
  endfacet
  facet normal 0 0 -1
    outer loop
      vertex -0.249023 -73.1142 0
      vertex -0.174999 -50.9109 0
      vertex -0.174999 -73.0891 0
    endloop
  endfacet
  facet normal 0 0 -1
    outer loop
      vertex -0.249023 -73.1142 0
      vertex -0.249023 -50.8858 0
      vertex -0.174999 -50.9109 0
    endloop
  endfacet
  facet normal 0 0 -1
    outer loop
      vertex -0.424999 -73.201 0
      vertex -0.249023 -50.8858 0
      vertex -0.249023 -73.1142 0
    endloop
  endfacet
  facet normal 0 0 -1
    outer loop
      vertex -0.424999 -73.201 0
      vertex -0.424999 -50.799 0
      vertex -0.249023 -50.8858 0
    endloop
  endfacet
  facet normal 0 0 -1
    outer loop
      vertex -0.58814 -73.31 0
      vertex -0.424999 -50.799 0
      vertex -0.424999 -73.201 0
    endloop
  endfacet
  facet normal 0 0 -1
    outer loop
      vertex -0.58814 -73.31 0
      vertex -0.58814 -50.69 0
      vertex -0.424999 -50.799 0
    endloop
  endfacet
  facet normal 0 0 -1
    outer loop
      vertex -0.735659 -73.4393 0
      vertex -0.58814 -50.69 0
      vertex -0.58814 -73.31 0
    endloop
  endfacet
  facet normal 0 0 -1
    outer loop
      vertex -0.735659 -73.4393 0
      vertex -0.735659 -50.5607 0
      vertex -0.58814 -50.69 0
    endloop
  endfacet
  facet normal 0 0 -1
    outer loop
      vertex -0.865028 -73.5869 0
      vertex -0.735659 -50.5607 0
      vertex -0.735659 -73.4393 0
    endloop
  endfacet
  facet normal 0 0 -1
    outer loop
      vertex -0.865028 -73.5869 0
      vertex -0.865028 -50.4131 0
      vertex -0.735659 -50.5607 0
    endloop
  endfacet
  facet normal 0 0 -1
    outer loop
      vertex -0.974037 -73.75 0
      vertex -0.865028 -50.4131 0
      vertex -0.865028 -73.5869 0
    endloop
  endfacet
  facet normal 0 0 -1
    outer loop
      vertex -0.974037 -73.75 0
      vertex -0.974037 -50.25 0
      vertex -0.865028 -50.4131 0
    endloop
  endfacet
  facet normal 0 0 -1
    outer loop
      vertex -1.06082 -73.926 0
      vertex -0.974037 -50.25 0
      vertex -0.974037 -73.75 0
    endloop
  endfacet
  facet normal 0 0 -1
    outer loop
      vertex -1.06082 -73.926 0
      vertex -1.06082 -50.074 0
      vertex -0.974037 -50.25 0
    endloop
  endfacet
  facet normal 0 0 -1
    outer loop
      vertex -1.12389 -74.1118 0
      vertex -1.06082 -50.074 0
      vertex -1.06082 -73.926 0
    endloop
  endfacet
  facet normal 0 0 -1
    outer loop
      vertex -1.12389 -74.1118 0
      vertex -1.12389 -49.8882 0
      vertex -1.06082 -50.074 0
    endloop
  endfacet
  facet normal 0 0 -1
    outer loop
      vertex -1.16217 -74.3042 0
      vertex -1.12389 -49.8882 0
      vertex -1.12389 -74.1118 0
    endloop
  endfacet
  facet normal 0 0 -1
    outer loop
      vertex -1.16217 -74.3042 0
      vertex -1.16217 -49.6958 0
      vertex -1.12389 -49.8882 0
    endloop
  endfacet
  facet normal 0 0 -1
    outer loop
      vertex -1.175 -74.5 0
      vertex -1.16217 -49.6958 0
      vertex -1.16217 -74.3042 0
    endloop
  endfacet
  facet normal -0 0 -1
    outer loop
      vertex -1.16217 -49.6958 0
      vertex -1.175 -74.5 0
      vertex -1.175 -49.5 0
    endloop
  endfacet
  facet normal 0 0 -1
    outer loop
      vertex -101.201 -0.424999 0
      vertex -82.5 -0.174999 0
      vertex -82.5 -11.5 0
    endloop
  endfacet
  facet normal -0 0 -1
    outer loop
      vertex -82.5 -0.174999 0
      vertex -101.114 -0.249023 0
      vertex -101.089 -0.174999 0
    endloop
  endfacet
  facet normal 0 0 -1
    outer loop
      vertex -82.5 -0.174999 0
      vertex -101.201 -0.424999 0
      vertex -101.114 -0.249023 0
    endloop
  endfacet
  facet normal 0 0 -1
    outer loop
      vertex -82.5 -11.5 0
      vertex -101.31 -0.58814 0
      vertex -101.201 -0.424999 0
    endloop
  endfacet
  facet normal 0 0 -1
    outer loop
      vertex -82.5 -11.5 0
      vertex -101.439 -0.735659 0
      vertex -101.31 -0.58814 0
    endloop
  endfacet
  facet normal 0 0 -1
    outer loop
      vertex -82.5 -11.5 0
      vertex -101.587 -0.865028 0
      vertex -101.439 -0.735659 0
    endloop
  endfacet
  facet normal 0 0 -1
    outer loop
      vertex -82.5 -11.5 0
      vertex -101.75 -0.974037 0
      vertex -101.587 -0.865028 0
    endloop
  endfacet
  facet normal 0 0 -1
    outer loop
      vertex -82.5 -11.5 0
      vertex -101.926 -1.06082 0
      vertex -101.75 -0.974037 0
    endloop
  endfacet
  facet normal 0 0 -1
    outer loop
      vertex -109.5 -11.5 0
      vertex -101.926 -1.06082 0
      vertex -82.5 -11.5 0
    endloop
  endfacet
  facet normal 0 0 -1
    outer loop
      vertex -101.926 -1.06082 0
      vertex -109.5 -11.5 0
      vertex -102.112 -1.12389 0
    endloop
  endfacet
  facet normal 0 0 -1
    outer loop
      vertex -102.112 -1.12389 0
      vertex -109.5 -11.5 0
      vertex -102.304 -1.16217 0
    endloop
  endfacet
  facet normal 0 0 -1
    outer loop
      vertex -102.304 -1.16217 0
      vertex -109.5 -11.5 0
      vertex -102.5 -1.175 0
    endloop
  endfacet
  facet normal -0 0 -1
    outer loop
      vertex -102.5 -1.175 0
      vertex -109.5 -11.5 0
      vertex -109.5 -1.175 0
    endloop
  endfacet
  facet normal 0 0 -1
    outer loop
      vertex -50.5 -11.5 0
      vertex -61.5 -1.175 0
      vertex -50.5 -1.175 0
    endloop
  endfacet
  facet normal 0 0 -1
    outer loop
      vertex -50.5 -11.5 0
      vertex -61.6958 -1.16217 0
      vertex -61.5 -1.175 0
    endloop
  endfacet
  facet normal 0 0 -1
    outer loop
      vertex -77.5 -11.5 0
      vertex -61.6958 -1.16217 0
      vertex -50.5 -11.5 0
    endloop
  endfacet
  facet normal -0 0 -1
    outer loop
      vertex -61.6958 -1.16217 0
      vertex -77.5 -11.5 0
      vertex -61.8882 -1.12389 0
    endloop
  endfacet
  facet normal -0 0 -1
    outer loop
      vertex -61.8882 -1.12389 0
      vertex -77.5 -11.5 0
      vertex -62.074 -1.06082 0
    endloop
  endfacet
  facet normal -0 0 -1
    outer loop
      vertex -62.074 -1.06082 0
      vertex -77.5 -11.5 0
      vertex -62.25 -0.974037 0
    endloop
  endfacet
  facet normal -0 0 -1
    outer loop
      vertex -62.25 -0.974037 0
      vertex -77.5 -11.5 0
      vertex -62.4131 -0.865028 0
    endloop
  endfacet
  facet normal -0 0 -1
    outer loop
      vertex -62.4131 -0.865028 0
      vertex -77.5 -11.5 0
      vertex -62.5607 -0.735659 0
    endloop
  endfacet
  facet normal 0 0 -1
    outer loop
      vertex -77.5 -11.5 0
      vertex -62.69 -0.58814 0
      vertex -62.5607 -0.735659 0
    endloop
  endfacet
  facet normal 0 0 -1
    outer loop
      vertex -77.5 -0.174999 0
      vertex -62.69 -0.58814 0
      vertex -77.5 -11.5 0
    endloop
  endfacet
  facet normal 0 0 -1
    outer loop
      vertex -62.69 -0.58814 0
      vertex -77.5 -0.174999 0
      vertex -62.799 -0.424999 0
    endloop
  endfacet
  facet normal 0 0 -1
    outer loop
      vertex -62.799 -0.424999 0
      vertex -77.5 -0.174999 0
      vertex -62.8858 -0.249023 0
    endloop
  endfacet
  facet normal 0 0 -1
    outer loop
      vertex -62.8858 -0.249023 0
      vertex -77.5 -0.174999 0
      vertex -62.9109 -0.174999 0
    endloop
  endfacet
  facet normal 0 0 -1
    outer loop
      vertex -45.1142 -0.249023 0
      vertex -18.5 -0.174999 0
      vertex -18.5 -11.5 0
    endloop
  endfacet
  facet normal -0 0 -1
    outer loop
      vertex -18.5 -0.174999 0
      vertex -45.1142 -0.249023 0
      vertex -45.0891 -0.174999 0
    endloop
  endfacet
  facet normal 0 0 -1
    outer loop
      vertex -45.5 -11.5 0
      vertex -45.1142 -0.249023 0
      vertex -18.5 -11.5 0
    endloop
  endfacet
  facet normal 0 0 -1
    outer loop
      vertex -45.1142 -0.249023 0
      vertex -45.5 -11.5 0
      vertex -45.201 -0.424999 0
    endloop
  endfacet
  facet normal 0 0 -1
    outer loop
      vertex -45.201 -0.424999 0
      vertex -45.5 -11.5 0
      vertex -45.31 -0.58814 0
    endloop
  endfacet
  facet normal 0 0 -1
    outer loop
      vertex -45.31 -0.58814 0
      vertex -45.5 -11.5 0
      vertex -45.4393 -0.735659 0
    endloop
  endfacet
  facet normal 0 0 -1
    outer loop
      vertex -45.4393 -0.735659 0
      vertex -45.5 -11.5 0
      vertex -45.5 -0.788855 0
    endloop
  endfacet
  facet normal 0 0 -1
    outer loop
      vertex -13.5 -11.5 0
      vertex -0.174999 -0.174999 0
      vertex -0.174999 -11.5 0
    endloop
  endfacet
  facet normal -0 0 -1
    outer loop
      vertex -0.174999 -0.174999 0
      vertex -13.5 -11.5 0
      vertex -13.5 -0.174999 0
    endloop
  endfacet
  facet normal 0 0 -1
    outer loop
      vertex 1 -109 0
      vertex 0.325 -91 0
      vertex 1 -91 0
    endloop
  endfacet
  facet normal 0 0 -1
    outer loop
      vertex 0.174999 -109 0
      vertex 0.325 -91 0
      vertex 1 -109 0
    endloop
  endfacet
  facet normal -0 0 -1
    outer loop
      vertex 0.325 -91 0
      vertex 0.174999 -109 0
      vertex 0.174999 -90.9902 0
    endloop
  endfacet
  facet normal 0 0 -1
    outer loop
      vertex 0.325 -33 0
      vertex 1 -16.5 0
      vertex 1 -33 0
    endloop
  endfacet
  facet normal 0 0 -1
    outer loop
      vertex 0.174999 -16.5 0
      vertex 0.325 -33 0
      vertex 0.174999 -33.0098 0
    endloop
  endfacet
  facet normal 0 0 -1
    outer loop
      vertex 0.325 -33 0
      vertex 0.174999 -16.5 0
      vertex 1 -16.5 0
    endloop
  endfacet
  facet normal 0 0 -1
    outer loop
      vertex 0.174999 -11.5 0
      vertex 1 -0.174999 0
      vertex 1 -11.5 0
    endloop
  endfacet
  facet normal -0 0 -1
    outer loop
      vertex 1 -0.174999 0
      vertex 0.174999 -11.5 0
      vertex 0.174999 -0.174999 0
    endloop
  endfacet
  facet normal 0 0 -1
    outer loop
      vertex -146 0.174999 0
      vertex -119 0.325 0
      vertex -118.99 0.174999 0
    endloop
  endfacet
  facet normal 0 0 -1
    outer loop
      vertex -146 0.174999 0
      vertex -119 1 0
      vertex -119 0.325 0
    endloop
  endfacet
  facet normal -0 0 -1
    outer loop
      vertex -119 1 0
      vertex -146 0.174999 0
      vertex -146 1 0
    endloop
  endfacet
  facet normal 0 0 -1
    outer loop
      vertex -82.5 0.174999 0
      vertex -101 0.325 0
      vertex -82.5 1 0
    endloop
  endfacet
  facet normal 0 -0 -1
    outer loop
      vertex -101 0.325 0
      vertex -82.5 0.174999 0
      vertex -101.01 0.174999 0
    endloop
  endfacet
  facet normal -0 0 -1
    outer loop
      vertex -82.5 1 0
      vertex -101 0.325 0
      vertex -101 1 0
    endloop
  endfacet
  facet normal 0 0 -1
    outer loop
      vertex -77.5 0.174999 0
      vertex -63 0.325 0
      vertex -62.9902 0.174999 0
    endloop
  endfacet
  facet normal 0 0 -1
    outer loop
      vertex -77.5 1 0
      vertex -63 0.325 0
      vertex -77.5 0.174999 0
    endloop
  endfacet
  facet normal 0 0 -1
    outer loop
      vertex -63 0.325 0
      vertex -77.5 1 0
      vertex -63 1 0
    endloop
  endfacet
  facet normal 0 0 -1
    outer loop
      vertex -18.5 0.174999 0
      vertex -45 0.325 0
      vertex -18.5 1 0
    endloop
  endfacet
  facet normal 0 -0 -1
    outer loop
      vertex -45 0.325 0
      vertex -18.5 0.174999 0
      vertex -45.0098 0.174999 0
    endloop
  endfacet
  facet normal -0 0 -1
    outer loop
      vertex -18.5 1 0
      vertex -45 0.325 0
      vertex -45 1 0
    endloop
  endfacet
  facet normal 0 0 -1
    outer loop
      vertex -13.5 0.174999 0
      vertex -0.174999 1 0
      vertex -0.174999 0.174999 0
    endloop
  endfacet
  facet normal -0 0 -1
    outer loop
      vertex -0.174999 1 0
      vertex -13.5 0.174999 0
      vertex -13.5 1 0
    endloop
  endfacet
  facet normal 0 0 -1
    outer loop
      vertex 0.174999 0.174999 0
      vertex 1 1 0
      vertex 1 0.174999 0
    endloop
  endfacet
  facet normal -0 0 -1
    outer loop
      vertex 1 1 0
      vertex 0.174999 0.174999 0
      vertex 0.174999 1 0
    endloop
  endfacet
  facet normal 0 0 -1
    outer loop
      vertex 0.325 -73 0
      vertex 1 -51 0
      vertex 1 -73 0
    endloop
  endfacet
  facet normal 0 0 -1
    outer loop
      vertex 0.325 -73 0
      vertex 0.325 -51 0
      vertex 1 -51 0
    endloop
  endfacet
  facet normal 0 0 -1
    outer loop
      vertex 0.174999 -73.0098 0
      vertex 0.325 -51 0
      vertex 0.325 -73 0
    endloop
  endfacet
  facet normal -0 0 -1
    outer loop
      vertex 0.325 -51 0
      vertex 0.174999 -73.0098 0
      vertex 0.174999 -50.9902 0
    endloop
  endfacet
  facet normal 0.194891 -0.980825 0
    outer loop
      vertex -111.065 -96.9846 -3
      vertex -110.834 -96.9387 0
      vertex -111.065 -96.9846 0
    endloop
  endfacet
  facet normal 0.194891 -0.980825 0
    outer loop
      vertex -110.834 -96.9387 0
      vertex -111.065 -96.9846 -3
      vertex -110.834 -96.9387 -3
    endloop
  endfacet
  facet normal -0.659286 -0.751892 0
    outer loop
      vertex -113.973 -96.4728 -3
      vertex -113.796 -96.628 0
      vertex -113.973 -96.4728 0
    endloop
  endfacet
  facet normal -0.659286 -0.751892 -0
    outer loop
      vertex -113.796 -96.628 0
      vertex -113.973 -96.4728 -3
      vertex -113.796 -96.628 -3
    endloop
  endfacet
  facet normal 0.897129 -0.441768 1.9836e-18
    outer loop
      vertex -109.741 -96.1 0
      vertex -109.637 -95.8888 -3
      vertex -109.637 -95.8888 0
    endloop
  endfacet
  facet normal 0.897129 -0.441768 1.9836e-18
    outer loop
      vertex -109.637 -95.8888 -3
      vertex -109.741 -96.1 0
      vertex -109.741 -96.1 -3
    endloop
  endfacet
  facet normal 0.946495 -0.322717 7.89365e-19
    outer loop
      vertex -109.637 -95.8888 0
      vertex -109.561 -95.6659 -3
      vertex -109.561 -95.6659 0
    endloop
  endfacet
  facet normal 0.946495 -0.322717 7.89365e-19
    outer loop
      vertex -109.561 -95.6659 -3
      vertex -109.637 -95.8888 0
      vertex -109.637 -95.8888 -3
    endloop
  endfacet
  facet normal 0 0 -1
    outer loop
      vertex -114.5 -80.5 -3
      vertex -109.5 -80.5 -3
      vertex -109.5 -95.2 -3
    endloop
  endfacet
  facet normal 0 0 -1
    outer loop
      vertex -109.5 -80.5 -3
      vertex -114.5 -80.5 -3
      vertex -109.5 -75.5 -3
    endloop
  endfacet
  facet normal 0 0 -1
    outer loop
      vertex -109.5 -75.5 -3
      vertex -114.5 -75.5 -3
      vertex -109.5 -48.5 -3
    endloop
  endfacet
  facet normal 0 0 -1
    outer loop
      vertex -114.5 -48.5 -3
      vertex -109.5 -48.5 -3
      vertex -114.5 -75.5 -3
    endloop
  endfacet
  facet normal 0 0 -1
    outer loop
      vertex -114.5 -43.5 -3
      vertex -109.5 -43.5 -3
      vertex -114.5 -48.5 -3
    endloop
  endfacet
  facet normal 0 0 -1
    outer loop
      vertex -109.5 -43.5 -3
      vertex -114.5 -43.5 -3
      vertex -109.5 -16.5 -3
    endloop
  endfacet
  facet normal 0 0 -1
    outer loop
      vertex -111.3 -97 -3
      vertex -109.5 -95.2 -3
      vertex -109.515 -95.4349 -3
    endloop
  endfacet
  facet normal 0 0 -1
    outer loop
      vertex -109.5 -16.5 -3
      vertex -82.5 -11.5 -3
      vertex -82.5 -16.5 -3
    endloop
  endfacet
  facet normal -0 0 -1
    outer loop
      vertex -82.5 -11.5 -3
      vertex -109.5 -16.5 -3
      vertex -109.5 -11.5 -3
    endloop
  endfacet
  facet normal 0 0 -1
    outer loop
      vertex -109.5 -48.5 -3
      vertex -82.5 -43.5 -3
      vertex -82.5 -48.5 -3
    endloop
  endfacet
  facet normal -0 0 -1
    outer loop
      vertex -82.5 -43.5 -3
      vertex -109.5 -48.5 -3
      vertex -109.5 -43.5 -3
    endloop
  endfacet
  facet normal 0 0 -1
    outer loop
      vertex -109.5 -80.5 -3
      vertex -82.5 -75.5 -3
      vertex -82.5 -80.5 -3
    endloop
  endfacet
  facet normal -0 0 -1
    outer loop
      vertex -82.5 -75.5 -3
      vertex -109.5 -80.5 -3
      vertex -109.5 -75.5 -3
    endloop
  endfacet
  facet normal 0 0 -1
    outer loop
      vertex -82.5 -80.5 -3
      vertex -77.5 -80.5 -3
      vertex -77.5 -95.2 -3
    endloop
  endfacet
  facet normal 0 0 -1
    outer loop
      vertex -77.5 -80.5 -3
      vertex -82.5 -80.5 -3
      vertex -77.5 -75.5 -3
    endloop
  endfacet
  facet normal 0 0 -1
    outer loop
      vertex -77.5 -75.5 -3
      vertex -82.5 -75.5 -3
      vertex -77.5 -48.5 -3
    endloop
  endfacet
  facet normal 0 0 -1
    outer loop
      vertex -82.5 -48.5 -3
      vertex -77.5 -48.5 -3
      vertex -82.5 -75.5 -3
    endloop
  endfacet
  facet normal 0 0 -1
    outer loop
      vertex -82.5 -43.5 -3
      vertex -77.5 -43.5 -3
      vertex -82.5 -48.5 -3
    endloop
  endfacet
  facet normal 0 0 -1
    outer loop
      vertex -77.5 -43.5 -3
      vertex -82.5 -43.5 -3
      vertex -77.5 -16.5 -3
    endloop
  endfacet
  facet normal 0 0 -1
    outer loop
      vertex -79.3 -97 -3
      vertex -77.5 -95.2 -3
      vertex -77.5154 -95.4349 -3
    endloop
  endfacet
  facet normal 0 0 -1
    outer loop
      vertex -79.3 -97 -3
      vertex -77.5154 -95.4349 -3
      vertex -77.5613 -95.6659 -3
    endloop
  endfacet
  facet normal 0 0 -1
    outer loop
      vertex -79.3 -97 -3
      vertex -77.5613 -95.6659 -3
      vertex -77.637 -95.8888 -3
    endloop
  endfacet
  facet normal 0 0 -1
    outer loop
      vertex -79.3 -97 -3
      vertex -77.637 -95.8888 -3
      vertex -77.7412 -96.1 -3
    endloop
  endfacet
  facet normal 0 0 -1
    outer loop
      vertex -79.3 -97 -3
      vertex -77.7412 -96.1 -3
      vertex -77.872 -96.2958 -3
    endloop
  endfacet
  facet normal 0 0 -1
    outer loop
      vertex -79.3 -97 -3
      vertex -77.872 -96.2958 -3
      vertex -78.0272 -96.4728 -3
    endloop
  endfacet
  facet normal 0 0 -1
    outer loop
      vertex -79.3 -97 -3
      vertex -78.0272 -96.4728 -3
      vertex -78.2042 -96.628 -3
    endloop
  endfacet
  facet normal 0 0 -1
    outer loop
      vertex -79.3 -97 -3
      vertex -78.2042 -96.628 -3
      vertex -78.4 -96.7588 -3
    endloop
  endfacet
  facet normal 0 0 -1
    outer loop
      vertex -79.3 -97 -3
      vertex -78.4 -96.7588 -3
      vertex -78.6112 -96.863 -3
    endloop
  endfacet
  facet normal 0 0 -1
    outer loop
      vertex -79.3 -97 -3
      vertex -78.6112 -96.863 -3
      vertex -78.8341 -96.9387 -3
    endloop
  endfacet
  facet normal 0 0 -1
    outer loop
      vertex -79.3 -97 -3
      vertex -78.8341 -96.9387 -3
      vertex -79.0651 -96.9846 -3
    endloop
  endfacet
  facet normal -0 0 -1
    outer loop
      vertex -77.5 -95.2 -3
      vertex -79.3 -97 -3
      vertex -82.5 -95.2 -3
    endloop
  endfacet
  facet normal 0 0 -1
    outer loop
      vertex -82.5 -95.2 -3
      vertex -79.3 -97 -3
      vertex -80.7 -97 -3
    endloop
  endfacet
  facet normal 0 0 -1
    outer loop
      vertex -82.5 -95.2 -3
      vertex -80.7 -97 -3
      vertex -80.9349 -96.9846 -3
    endloop
  endfacet
  facet normal 0 0 -1
    outer loop
      vertex -82.5 -95.2 -3
      vertex -80.9349 -96.9846 -3
      vertex -81.1659 -96.9387 -3
    endloop
  endfacet
  facet normal 0 0 -1
    outer loop
      vertex -82.5 -95.2 -3
      vertex -81.1659 -96.9387 -3
      vertex -81.3888 -96.863 -3
    endloop
  endfacet
  facet normal 0 0 -1
    outer loop
      vertex -82.5 -95.2 -3
      vertex -81.3888 -96.863 -3
      vertex -81.6 -96.7588 -3
    endloop
  endfacet
  facet normal 0 0 -1
    outer loop
      vertex -82.5 -95.2 -3
      vertex -81.6 -96.7588 -3
      vertex -81.7958 -96.628 -3
    endloop
  endfacet
  facet normal 0 0 -1
    outer loop
      vertex -82.5 -95.2 -3
      vertex -81.7958 -96.628 -3
      vertex -81.9728 -96.4728 -3
    endloop
  endfacet
  facet normal 0 0 -1
    outer loop
      vertex -82.5 -95.2 -3
      vertex -81.9728 -96.4728 -3
      vertex -82.128 -96.2958 -3
    endloop
  endfacet
  facet normal 0 0 -1
    outer loop
      vertex -82.5 -95.2 -3
      vertex -82.128 -96.2958 -3
      vertex -82.2588 -96.1 -3
    endloop
  endfacet
  facet normal 0 0 -1
    outer loop
      vertex -82.5 -95.2 -3
      vertex -82.2588 -96.1 -3
      vertex -82.363 -95.8888 -3
    endloop
  endfacet
  facet normal 0 0 -1
    outer loop
      vertex -82.5 -95.2 -3
      vertex -82.363 -95.8888 -3
      vertex -82.4387 -95.6659 -3
    endloop
  endfacet
  facet normal 0 0 -1
    outer loop
      vertex -82.5 -95.2 -3
      vertex -82.4387 -95.6659 -3
      vertex -82.4846 -95.4349 -3
    endloop
  endfacet
  facet normal 0 0 -1
    outer loop
      vertex -77.5 -95.2 -3
      vertex -82.5 -95.2 -3
      vertex -82.5 -80.5 -3
    endloop
  endfacet
  facet normal -0 0 -1
    outer loop
      vertex -77.5 -75.5 -3
      vertex -82.5 -80.5 -3
      vertex -82.5 -75.5 -3
    endloop
  endfacet
  facet normal 0 0 -1
    outer loop
      vertex -77.5 -48.5 -3
      vertex -82.5 -48.5 -3
      vertex -77.5 -43.5 -3
    endloop
  endfacet
  facet normal 0 0 -1
    outer loop
      vertex -82.5 -16.5 -3
      vertex -77.5 -16.5 -3
      vertex -82.5 -43.5 -3
    endloop
  endfacet
  facet normal 0 0 -1
    outer loop
      vertex -77.5 -16.5 -3
      vertex -82.5 -16.5 -3
      vertex -77.5 -11.5 -3
    endloop
  endfacet
  facet normal 0 0 -1
    outer loop
      vertex -82.5 -11.5 -3
      vertex -77.5 -11.5 -3
      vertex -82.5 -16.5 -3
    endloop
  endfacet
  facet normal 0 0 -1
    outer loop
      vertex -77.5 -11.5 -3
      vertex -82.5 -11.5 -3
      vertex -77.5 -0.174999 -3
    endloop
  endfacet
  facet normal -0 0 -1
    outer loop
      vertex -77.5 -0.174999 -3
      vertex -82.5 -11.5 -3
      vertex -82.5 -0.174999 -3
    endloop
  endfacet
  facet normal 0 0 -1
    outer loop
      vertex -77.5 -16.5 -3
      vertex -50.5 -11.5 -3
      vertex -50.5 -16.5 -3
    endloop
  endfacet
  facet normal -0 0 -1
    outer loop
      vertex -50.5 -11.5 -3
      vertex -77.5 -16.5 -3
      vertex -77.5 -11.5 -3
    endloop
  endfacet
  facet normal 0 0 -1
    outer loop
      vertex -77.5 -48.5 -3
      vertex -50.5 -43.5 -3
      vertex -50.5 -48.5 -3
    endloop
  endfacet
  facet normal -0 0 -1
    outer loop
      vertex -50.5 -43.5 -3
      vertex -77.5 -48.5 -3
      vertex -77.5 -43.5 -3
    endloop
  endfacet
  facet normal 0 0 -1
    outer loop
      vertex -77.5 -80.5 -3
      vertex -50.5 -75.5 -3
      vertex -50.5 -80.5 -3
    endloop
  endfacet
  facet normal -0 0 -1
    outer loop
      vertex -50.5 -75.5 -3
      vertex -77.5 -80.5 -3
      vertex -77.5 -75.5 -3
    endloop
  endfacet
  facet normal 0 0 -1
    outer loop
      vertex -50.5 -80.5 -3
      vertex -45.5 -80.5 -3
      vertex -45.5 -95.2 -3
    endloop
  endfacet
  facet normal 0 0 -1
    outer loop
      vertex -45.5 -80.5 -3
      vertex -50.5 -80.5 -3
      vertex -45.5 -75.5 -3
    endloop
  endfacet
  facet normal 0 0 -1
    outer loop
      vertex -45.5 -75.5 -3
      vertex -50.5 -75.5 -3
      vertex -45.5 -48.5 -3
    endloop
  endfacet
  facet normal 0 0 -1
    outer loop
      vertex -50.5 -48.5 -3
      vertex -45.5 -48.5 -3
      vertex -50.5 -75.5 -3
    endloop
  endfacet
  facet normal 0 0 -1
    outer loop
      vertex -50.5 -43.5 -3
      vertex -45.5 -43.5 -3
      vertex -50.5 -48.5 -3
    endloop
  endfacet
  facet normal 0 0 -1
    outer loop
      vertex -45.5 -43.5 -3
      vertex -50.5 -43.5 -3
      vertex -45.5 -16.5 -3
    endloop
  endfacet
  facet normal 0 0 -1
    outer loop
      vertex -47.3 -97 -3
      vertex -45.5 -95.2 -3
      vertex -45.5154 -95.4349 -3
    endloop
  endfacet
  facet normal 0 0 -1
    outer loop
      vertex -45.5 -16.5 -3
      vertex -18.5 -11.5 -3
      vertex -18.5 -16.5 -3
    endloop
  endfacet
  facet normal -0 0 -1
    outer loop
      vertex -18.5 -11.5 -3
      vertex -45.5 -16.5 -3
      vertex -45.5 -11.5 -3
    endloop
  endfacet
  facet normal 0 0 -1
    outer loop
      vertex -45.5 -48.5 -3
      vertex -18.5 -43.5 -3
      vertex -18.5 -48.5 -3
    endloop
  endfacet
  facet normal -0 0 -1
    outer loop
      vertex -18.5 -43.5 -3
      vertex -45.5 -48.5 -3
      vertex -45.5 -43.5 -3
    endloop
  endfacet
  facet normal 0 0 -1
    outer loop
      vertex -45.5 -80.5 -3
      vertex -18.5 -75.5 -3
      vertex -18.5 -80.5 -3
    endloop
  endfacet
  facet normal -0 0 -1
    outer loop
      vertex -18.5 -75.5 -3
      vertex -45.5 -80.5 -3
      vertex -45.5 -75.5 -3
    endloop
  endfacet
  facet normal 0 0 -1
    outer loop
      vertex -18.5 -80.5 -3
      vertex -13.5 -80.5 -3
      vertex -13.5 -95.2 -3
    endloop
  endfacet
  facet normal 0 0 -1
    outer loop
      vertex -13.5 -80.5 -3
      vertex -18.5 -80.5 -3
      vertex -13.5 -75.5 -3
    endloop
  endfacet
  facet normal 0 0 -1
    outer loop
      vertex -13.5 -75.5 -3
      vertex -18.5 -75.5 -3
      vertex -13.5 -48.5 -3
    endloop
  endfacet
  facet normal 0 0 -1
    outer loop
      vertex -18.5 -48.5 -3
      vertex -13.5 -48.5 -3
      vertex -18.5 -75.5 -3
    endloop
  endfacet
  facet normal 0 0 -1
    outer loop
      vertex -18.5 -43.5 -3
      vertex -13.5 -43.5 -3
      vertex -18.5 -48.5 -3
    endloop
  endfacet
  facet normal 0 0 -1
    outer loop
      vertex -13.5 -43.5 -3
      vertex -18.5 -43.5 -3
      vertex -13.5 -16.5 -3
    endloop
  endfacet
  facet normal 0 0 -1
    outer loop
      vertex -15.3 -97 -3
      vertex -13.5 -95.2 -3
      vertex -13.5154 -95.4349 -3
    endloop
  endfacet
  facet normal 0 0 -1
    outer loop
      vertex -15.3 -97 -3
      vertex -13.5154 -95.4349 -3
      vertex -13.5613 -95.6659 -3
    endloop
  endfacet
  facet normal 0 0 -1
    outer loop
      vertex -15.3 -97 -3
      vertex -13.5613 -95.6659 -3
      vertex -13.637 -95.8888 -3
    endloop
  endfacet
  facet normal 0 0 -1
    outer loop
      vertex -15.3 -97 -3
      vertex -13.637 -95.8888 -3
      vertex -13.7412 -96.1 -3
    endloop
  endfacet
  facet normal 0 0 -1
    outer loop
      vertex -15.3 -97 -3
      vertex -13.7412 -96.1 -3
      vertex -13.872 -96.2958 -3
    endloop
  endfacet
  facet normal 0 0 -1
    outer loop
      vertex -15.3 -97 -3
      vertex -13.872 -96.2958 -3
      vertex -14.0272 -96.4728 -3
    endloop
  endfacet
  facet normal 0 0 -1
    outer loop
      vertex -15.3 -97 -3
      vertex -14.0272 -96.4728 -3
      vertex -14.2042 -96.628 -3
    endloop
  endfacet
  facet normal 0 0 -1
    outer loop
      vertex -15.3 -97 -3
      vertex -14.2042 -96.628 -3
      vertex -14.4 -96.7588 -3
    endloop
  endfacet
  facet normal 0 0 -1
    outer loop
      vertex -15.3 -97 -3
      vertex -14.4 -96.7588 -3
      vertex -14.6112 -96.863 -3
    endloop
  endfacet
  facet normal 0 0 -1
    outer loop
      vertex -15.3 -97 -3
      vertex -14.6112 -96.863 -3
      vertex -14.8341 -96.9387 -3
    endloop
  endfacet
  facet normal 0 0 -1
    outer loop
      vertex -15.3 -97 -3
      vertex -14.8341 -96.9387 -3
      vertex -15.0651 -96.9846 -3
    endloop
  endfacet
  facet normal -0 0 -1
    outer loop
      vertex -13.5 -95.2 -3
      vertex -15.3 -97 -3
      vertex -18.5 -95.2 -3
    endloop
  endfacet
  facet normal 0 0 -1
    outer loop
      vertex -18.5 -95.2 -3
      vertex -15.3 -97 -3
      vertex -16.7 -97 -3
    endloop
  endfacet
  facet normal 0 0 -1
    outer loop
      vertex -18.5 -95.2 -3
      vertex -16.7 -97 -3
      vertex -16.9349 -96.9846 -3
    endloop
  endfacet
  facet normal 0 0 -1
    outer loop
      vertex -18.5 -95.2 -3
      vertex -16.9349 -96.9846 -3
      vertex -17.1659 -96.9387 -3
    endloop
  endfacet
  facet normal 0 0 -1
    outer loop
      vertex -18.5 -95.2 -3
      vertex -17.1659 -96.9387 -3
      vertex -17.3888 -96.863 -3
    endloop
  endfacet
  facet normal 0 0 -1
    outer loop
      vertex -18.5 -95.2 -3
      vertex -17.3888 -96.863 -3
      vertex -17.6 -96.7588 -3
    endloop
  endfacet
  facet normal 0 0 -1
    outer loop
      vertex -18.5 -95.2 -3
      vertex -17.6 -96.7588 -3
      vertex -17.7958 -96.628 -3
    endloop
  endfacet
  facet normal 0 0 -1
    outer loop
      vertex -18.5 -95.2 -3
      vertex -17.7958 -96.628 -3
      vertex -17.9728 -96.4728 -3
    endloop
  endfacet
  facet normal 0 0 -1
    outer loop
      vertex -18.5 -95.2 -3
      vertex -17.9728 -96.4728 -3
      vertex -18.128 -96.2958 -3
    endloop
  endfacet
  facet normal 0 0 -1
    outer loop
      vertex -18.5 -95.2 -3
      vertex -18.128 -96.2958 -3
      vertex -18.2588 -96.1 -3
    endloop
  endfacet
  facet normal 0 0 -1
    outer loop
      vertex -18.5 -95.2 -3
      vertex -18.2588 -96.1 -3
      vertex -18.363 -95.8888 -3
    endloop
  endfacet
  facet normal 0 0 -1
    outer loop
      vertex -18.5 -95.2 -3
      vertex -18.363 -95.8888 -3
      vertex -18.4387 -95.6659 -3
    endloop
  endfacet
  facet normal 0 0 -1
    outer loop
      vertex -18.5 -95.2 -3
      vertex -18.4387 -95.6659 -3
      vertex -18.4846 -95.4349 -3
    endloop
  endfacet
  facet normal 0 0 -1
    outer loop
      vertex -13.5 -95.2 -3
      vertex -18.5 -95.2 -3
      vertex -18.5 -80.5 -3
    endloop
  endfacet
  facet normal -0 0 -1
    outer loop
      vertex -13.5 -75.5 -3
      vertex -18.5 -80.5 -3
      vertex -18.5 -75.5 -3
    endloop
  endfacet
  facet normal 0 0 -1
    outer loop
      vertex -13.5 -48.5 -3
      vertex -18.5 -48.5 -3
      vertex -13.5 -43.5 -3
    endloop
  endfacet
  facet normal 0 0 -1
    outer loop
      vertex -18.5 -16.5 -3
      vertex -13.5 -16.5 -3
      vertex -18.5 -43.5 -3
    endloop
  endfacet
  facet normal 0 0 -1
    outer loop
      vertex -13.5 -16.5 -3
      vertex -18.5 -16.5 -3
      vertex -13.5 -11.5 -3
    endloop
  endfacet
  facet normal 0 0 -1
    outer loop
      vertex -18.5 -11.5 -3
      vertex -13.5 -11.5 -3
      vertex -18.5 -16.5 -3
    endloop
  endfacet
  facet normal 0 0 -1
    outer loop
      vertex -13.5 -11.5 -3
      vertex -18.5 -11.5 -3
      vertex -13.5 -0.174999 -3
    endloop
  endfacet
  facet normal -0 0 -1
    outer loop
      vertex -13.5 -0.174999 -3
      vertex -18.5 -11.5 -3
      vertex -18.5 -0.174999 -3
    endloop
  endfacet
  facet normal 0 0 -1
    outer loop
      vertex -13.5 -80.5 -3
      vertex -1.175 -75.5 -3
      vertex -1.175 -80.5 -3
    endloop
  endfacet
  facet normal -0 0 -1
    outer loop
      vertex -1.175 -75.5 -3
      vertex -13.5 -80.5 -3
      vertex -13.5 -75.5 -3
    endloop
  endfacet
  facet normal 0 0 -1
    outer loop
      vertex 19.325 -91 -3
      vertex 20.825 -89.5 -3
      vertex 20.8122 -89.6958 -3
    endloop
  endfacet
  facet normal -0 0 -1
    outer loop
      vertex 20.825 -89.5 -3
      vertex 19.325 -91 -3
      vertex 20.825 -74.5 -3
    endloop
  endfacet
  facet normal 0 0 -1
    outer loop
      vertex 19.325 -91 -3
      vertex 20.8122 -89.6958 -3
      vertex 20.7739 -89.8882 -3
    endloop
  endfacet
  facet normal 0 0 -1
    outer loop
      vertex 19.325 -73 -3
      vertex 20.825 -74.5 -3
      vertex 19.325 -91 -3
    endloop
  endfacet
  facet normal 0 0 -1
    outer loop
      vertex 19.325 -91 -3
      vertex 20.7739 -89.8882 -3
      vertex 20.7108 -90.074 -3
    endloop
  endfacet
  facet normal 0 0 -1
    outer loop
      vertex 20.825 -74.5 -3
      vertex 19.325 -73 -3
      vertex 20.8122 -74.3042 -3
    endloop
  endfacet
  facet normal 0 0 -1
    outer loop
      vertex 19.325 -91 -3
      vertex 20.7108 -90.074 -3
      vertex 20.624 -90.25 -3
    endloop
  endfacet
  facet normal 0 0 -1
    outer loop
      vertex 20.8122 -74.3042 -3
      vertex 19.325 -73 -3
      vertex 20.7739 -74.1118 -3
    endloop
  endfacet
  facet normal 0 0 -1
    outer loop
      vertex 19.325 -91 -3
      vertex 20.624 -90.25 -3
      vertex 20.515 -90.4131 -3
    endloop
  endfacet
  facet normal 0 0 -1
    outer loop
      vertex 20.7739 -74.1118 -3
      vertex 19.325 -73 -3
      vertex 20.7108 -73.926 -3
    endloop
  endfacet
  facet normal 0 0 -1
    outer loop
      vertex 19.325 -91 -3
      vertex 20.515 -90.4131 -3
      vertex 20.3857 -90.5607 -3
    endloop
  endfacet
  facet normal 0 0 -1
    outer loop
      vertex 20.7108 -73.926 -3
      vertex 19.325 -73 -3
      vertex 20.624 -73.75 -3
    endloop
  endfacet
  facet normal 0 0 -1
    outer loop
      vertex 19.325 -91 -3
      vertex 20.3857 -90.5607 -3
      vertex 20.2381 -90.69 -3
    endloop
  endfacet
  facet normal 0 0 -1
    outer loop
      vertex 20.624 -73.75 -3
      vertex 19.325 -73 -3
      vertex 20.515 -73.5869 -3
    endloop
  endfacet
  facet normal 0 0 -1
    outer loop
      vertex 19.325 -91 -3
      vertex 20.2381 -90.69 -3
      vertex 20.075 -90.799 -3
    endloop
  endfacet
  facet normal 0 0 -1
    outer loop
      vertex 20.515 -73.5869 -3
      vertex 19.325 -73 -3
      vertex 20.3857 -73.4393 -3
    endloop
  endfacet
  facet normal 0 0 -1
    outer loop
      vertex 19.325 -91 -3
      vertex 20.075 -90.799 -3
      vertex 19.899 -90.8858 -3
    endloop
  endfacet
  facet normal 0 0 -1
    outer loop
      vertex 20.3857 -73.4393 -3
      vertex 19.325 -73 -3
      vertex 20.2381 -73.31 -3
    endloop
  endfacet
  facet normal 0 0 -1
    outer loop
      vertex 19.325 -91 -3
      vertex 19.899 -90.8858 -3
      vertex 19.7132 -90.9489 -3
    endloop
  endfacet
  facet normal 0 0 -1
    outer loop
      vertex 20.2381 -73.31 -3
      vertex 19.325 -73 -3
      vertex 20.075 -73.201 -3
    endloop
  endfacet
  facet normal 0 0 -1
    outer loop
      vertex 19.325 -91 -3
      vertex 19.7132 -90.9489 -3
      vertex 19.5208 -90.9872 -3
    endloop
  endfacet
  facet normal 0 0 -1
    outer loop
      vertex 20.075 -73.201 -3
      vertex 19.325 -73 -3
      vertex 19.899 -73.1142 -3
    endloop
  endfacet
  facet normal 0 0 -1
    outer loop
      vertex 19.899 -73.1142 -3
      vertex 19.325 -73 -3
      vertex 19.7132 -73.0511 -3
    endloop
  endfacet
  facet normal 0 0 -1
    outer loop
      vertex 19.7132 -73.0511 -3
      vertex 19.325 -73 -3
      vertex 19.5208 -73.0128 -3
    endloop
  endfacet
  facet normal 0 0 -1
    outer loop
      vertex -1.175 -80.5 -3
      vertex 19.325 -91 -3
      vertex 0.325 -91 -3
    endloop
  endfacet
  facet normal 0 0 -1
    outer loop
      vertex 19.325 -91 -3
      vertex -1.175 -80.5 -3
      vertex 19.325 -73 -3
    endloop
  endfacet
  facet normal 0 0 -1
    outer loop
      vertex -1.175 -89.5 -3
      vertex 0.325 -91 -3
      vertex 0.129211 -90.9872 -3
    endloop
  endfacet
  facet normal -0 0 -1
    outer loop
      vertex 19.325 -73 -3
      vertex -1.175 -80.5 -3
      vertex 0.325 -73 -3
    endloop
  endfacet
  facet normal 0 0 -1
    outer loop
      vertex -1.175 -89.5 -3
      vertex 0.129211 -90.9872 -3
      vertex -0.0632277 -90.9489 -3
    endloop
  endfacet
  facet normal 0 0 -1
    outer loop
      vertex -1.175 -75.5 -3
      vertex 0.325 -73 -3
      vertex -1.175 -80.5 -3
    endloop
  endfacet
  facet normal 0 0 -1
    outer loop
      vertex -1.175 -89.5 -3
      vertex -0.0632277 -90.9489 -3
      vertex -0.249023 -90.8858 -3
    endloop
  endfacet
  facet normal 0 0 -1
    outer loop
      vertex -1.175 -74.5 -3
      vertex 0.325 -73 -3
      vertex -1.175 -75.5 -3
    endloop
  endfacet
  facet normal 0 0 -1
    outer loop
      vertex -1.175 -89.5 -3
      vertex -0.249023 -90.8858 -3
      vertex -0.424999 -90.799 -3
    endloop
  endfacet
  facet normal 0 0 -1
    outer loop
      vertex 0.325 -73 -3
      vertex -1.175 -74.5 -3
      vertex 0.129211 -73.0128 -3
    endloop
  endfacet
  facet normal 0 0 -1
    outer loop
      vertex -1.175 -89.5 -3
      vertex -0.424999 -90.799 -3
      vertex -0.58814 -90.69 -3
    endloop
  endfacet
  facet normal 0 0 -1
    outer loop
      vertex 0.129211 -73.0128 -3
      vertex -1.175 -74.5 -3
      vertex -0.0632277 -73.0511 -3
    endloop
  endfacet
  facet normal 0 0 -1
    outer loop
      vertex -1.175 -89.5 -3
      vertex -0.58814 -90.69 -3
      vertex -0.735659 -90.5607 -3
    endloop
  endfacet
  facet normal 0 0 -1
    outer loop
      vertex -0.0632277 -73.0511 -3
      vertex -1.175 -74.5 -3
      vertex -0.249023 -73.1142 -3
    endloop
  endfacet
  facet normal 0 0 -1
    outer loop
      vertex -1.175 -89.5 -3
      vertex -0.735659 -90.5607 -3
      vertex -0.865028 -90.4131 -3
    endloop
  endfacet
  facet normal 0 0 -1
    outer loop
      vertex -0.249023 -73.1142 -3
      vertex -1.175 -74.5 -3
      vertex -0.424999 -73.201 -3
    endloop
  endfacet
  facet normal 0 0 -1
    outer loop
      vertex -1.175 -89.5 -3
      vertex -0.865028 -90.4131 -3
      vertex -0.974037 -90.25 -3
    endloop
  endfacet
  facet normal 0 0 -1
    outer loop
      vertex -0.424999 -73.201 -3
      vertex -1.175 -74.5 -3
      vertex -0.58814 -73.31 -3
    endloop
  endfacet
  facet normal 0 0 -1
    outer loop
      vertex -1.175 -89.5 -3
      vertex -0.974037 -90.25 -3
      vertex -1.06082 -90.074 -3
    endloop
  endfacet
  facet normal 0 0 -1
    outer loop
      vertex -0.58814 -73.31 -3
      vertex -1.175 -74.5 -3
      vertex -0.735659 -73.4393 -3
    endloop
  endfacet
  facet normal 0 0 -1
    outer loop
      vertex -1.175 -89.5 -3
      vertex -1.06082 -90.074 -3
      vertex -1.12389 -89.8882 -3
    endloop
  endfacet
  facet normal 0 0 -1
    outer loop
      vertex -0.735659 -73.4393 -3
      vertex -1.175 -74.5 -3
      vertex -0.865028 -73.5869 -3
    endloop
  endfacet
  facet normal 0 0 -1
    outer loop
      vertex -1.175 -89.5 -3
      vertex -1.12389 -89.8882 -3
      vertex -1.16217 -89.6958 -3
    endloop
  endfacet
  facet normal 0 0 -1
    outer loop
      vertex -0.865028 -73.5869 -3
      vertex -1.175 -74.5 -3
      vertex -0.974037 -73.75 -3
    endloop
  endfacet
  facet normal 0 0 -1
    outer loop
      vertex 0.325 -91 -3
      vertex -1.175 -89.5 -3
      vertex -1.175 -80.5 -3
    endloop
  endfacet
  facet normal 0 0 -1
    outer loop
      vertex -0.974037 -73.75 -3
      vertex -1.175 -74.5 -3
      vertex -1.06082 -73.926 -3
    endloop
  endfacet
  facet normal 0 0 -1
    outer loop
      vertex -1.06082 -73.926 -3
      vertex -1.175 -74.5 -3
      vertex -1.12389 -74.1118 -3
    endloop
  endfacet
  facet normal 0 0 -1
    outer loop
      vertex -1.12389 -74.1118 -3
      vertex -1.175 -74.5 -3
      vertex -1.16217 -74.3042 -3
    endloop
  endfacet
  facet normal 0 0 -1
    outer loop
      vertex -13.5 -48.5 -3
      vertex -1.175 -43.5 -3
      vertex -1.175 -48.5 -3
    endloop
  endfacet
  facet normal -0 0 -1
    outer loop
      vertex -1.175 -43.5 -3
      vertex -13.5 -48.5 -3
      vertex -13.5 -43.5 -3
    endloop
  endfacet
  facet normal 0 0 -1
    outer loop
      vertex 19.325 -51 -3
      vertex 20.825 -49.5 -3
      vertex 20.8122 -49.6958 -3
    endloop
  endfacet
  facet normal -0 0 -1
    outer loop
      vertex 20.825 -49.5 -3
      vertex 19.325 -51 -3
      vertex 20.825 -34.5 -3
    endloop
  endfacet
  facet normal 0 0 -1
    outer loop
      vertex 19.325 -51 -3
      vertex 20.8122 -49.6958 -3
      vertex 20.7739 -49.8882 -3
    endloop
  endfacet
  facet normal 0 0 -1
    outer loop
      vertex 19.325 -33 -3
      vertex 20.825 -34.5 -3
      vertex 19.325 -51 -3
    endloop
  endfacet
  facet normal 0 0 -1
    outer loop
      vertex 19.325 -51 -3
      vertex 20.7739 -49.8882 -3
      vertex 20.7108 -50.074 -3
    endloop
  endfacet
  facet normal 0 0 -1
    outer loop
      vertex 20.825 -34.5 -3
      vertex 19.325 -33 -3
      vertex 20.8122 -34.3042 -3
    endloop
  endfacet
  facet normal 0 0 -1
    outer loop
      vertex 19.325 -51 -3
      vertex 20.7108 -50.074 -3
      vertex 20.624 -50.25 -3
    endloop
  endfacet
  facet normal 0 0 -1
    outer loop
      vertex 20.8122 -34.3042 -3
      vertex 19.325 -33 -3
      vertex 20.7739 -34.1118 -3
    endloop
  endfacet
  facet normal 0 0 -1
    outer loop
      vertex 19.325 -51 -3
      vertex 20.624 -50.25 -3
      vertex 20.515 -50.4131 -3
    endloop
  endfacet
  facet normal 0 0 -1
    outer loop
      vertex 20.7739 -34.1118 -3
      vertex 19.325 -33 -3
      vertex 20.7108 -33.926 -3
    endloop
  endfacet
  facet normal 0 0 -1
    outer loop
      vertex 19.325 -51 -3
      vertex 20.515 -50.4131 -3
      vertex 20.3857 -50.5607 -3
    endloop
  endfacet
  facet normal 0 0 -1
    outer loop
      vertex 20.7108 -33.926 -3
      vertex 19.325 -33 -3
      vertex 20.624 -33.75 -3
    endloop
  endfacet
  facet normal 0 0 -1
    outer loop
      vertex 19.325 -51 -3
      vertex 20.3857 -50.5607 -3
      vertex 20.2381 -50.69 -3
    endloop
  endfacet
  facet normal 0 0 -1
    outer loop
      vertex 20.624 -33.75 -3
      vertex 19.325 -33 -3
      vertex 20.515 -33.5869 -3
    endloop
  endfacet
  facet normal 0 0 -1
    outer loop
      vertex 19.325 -51 -3
      vertex 20.2381 -50.69 -3
      vertex 20.075 -50.799 -3
    endloop
  endfacet
  facet normal 0 0 -1
    outer loop
      vertex 20.515 -33.5869 -3
      vertex 19.325 -33 -3
      vertex 20.3857 -33.4393 -3
    endloop
  endfacet
  facet normal 0 0 -1
    outer loop
      vertex 19.325 -51 -3
      vertex 20.075 -50.799 -3
      vertex 19.899 -50.8858 -3
    endloop
  endfacet
  facet normal 0 0 -1
    outer loop
      vertex 20.3857 -33.4393 -3
      vertex 19.325 -33 -3
      vertex 20.2381 -33.31 -3
    endloop
  endfacet
  facet normal 0 0 -1
    outer loop
      vertex 19.325 -51 -3
      vertex 19.899 -50.8858 -3
      vertex 19.7132 -50.9489 -3
    endloop
  endfacet
  facet normal 0 0 -1
    outer loop
      vertex 20.2381 -33.31 -3
      vertex 19.325 -33 -3
      vertex 20.075 -33.201 -3
    endloop
  endfacet
  facet normal 0 0 -1
    outer loop
      vertex 19.325 -51 -3
      vertex 19.7132 -50.9489 -3
      vertex 19.5208 -50.9872 -3
    endloop
  endfacet
  facet normal 0 0 -1
    outer loop
      vertex 20.075 -33.201 -3
      vertex 19.325 -33 -3
      vertex 19.899 -33.1142 -3
    endloop
  endfacet
  facet normal 0 0 -1
    outer loop
      vertex 19.899 -33.1142 -3
      vertex 19.325 -33 -3
      vertex 19.7132 -33.0511 -3
    endloop
  endfacet
  facet normal 0 0 -1
    outer loop
      vertex 19.7132 -33.0511 -3
      vertex 19.325 -33 -3
      vertex 19.5208 -33.0128 -3
    endloop
  endfacet
  facet normal 0 0 -1
    outer loop
      vertex -1.175 -43.5 -3
      vertex 19.325 -51 -3
      vertex 0.325 -51 -3
    endloop
  endfacet
  facet normal 0 0 -1
    outer loop
      vertex 19.325 -51 -3
      vertex -1.175 -43.5 -3
      vertex 19.325 -33 -3
    endloop
  endfacet
  facet normal 0 0 -1
    outer loop
      vertex -1.175 -49.5 -3
      vertex 0.325 -51 -3
      vertex 0.129211 -50.9872 -3
    endloop
  endfacet
  facet normal -0 0 -1
    outer loop
      vertex 19.325 -33 -3
      vertex -1.175 -43.5 -3
      vertex 0.325 -33 -3
    endloop
  endfacet
  facet normal 0 0 -1
    outer loop
      vertex -1.175 -49.5 -3
      vertex 0.129211 -50.9872 -3
      vertex -0.0632277 -50.9489 -3
    endloop
  endfacet
  facet normal 0 0 -1
    outer loop
      vertex -1.175 -34.5 -3
      vertex 0.325 -33 -3
      vertex -1.175 -43.5 -3
    endloop
  endfacet
  facet normal 0 0 -1
    outer loop
      vertex -1.175 -49.5 -3
      vertex -0.0632277 -50.9489 -3
      vertex -0.249023 -50.8858 -3
    endloop
  endfacet
  facet normal 0 0 -1
    outer loop
      vertex 0.325 -33 -3
      vertex -1.175 -34.5 -3
      vertex 0.129211 -33.0128 -3
    endloop
  endfacet
  facet normal 0 0 -1
    outer loop
      vertex -1.175 -49.5 -3
      vertex -0.249023 -50.8858 -3
      vertex -0.424999 -50.799 -3
    endloop
  endfacet
  facet normal 0 0 -1
    outer loop
      vertex 0.129211 -33.0128 -3
      vertex -1.175 -34.5 -3
      vertex -0.0632277 -33.0511 -3
    endloop
  endfacet
  facet normal 0 0 -1
    outer loop
      vertex -1.175 -49.5 -3
      vertex -0.424999 -50.799 -3
      vertex -0.58814 -50.69 -3
    endloop
  endfacet
  facet normal 0 0 -1
    outer loop
      vertex -0.0632277 -33.0511 -3
      vertex -1.175 -34.5 -3
      vertex -0.249023 -33.1142 -3
    endloop
  endfacet
  facet normal 0 0 -1
    outer loop
      vertex -1.175 -49.5 -3
      vertex -0.58814 -50.69 -3
      vertex -0.735659 -50.5607 -3
    endloop
  endfacet
  facet normal 0 0 -1
    outer loop
      vertex -0.249023 -33.1142 -3
      vertex -1.175 -34.5 -3
      vertex -0.424999 -33.201 -3
    endloop
  endfacet
  facet normal 0 0 -1
    outer loop
      vertex -1.175 -49.5 -3
      vertex -0.735659 -50.5607 -3
      vertex -0.865028 -50.4131 -3
    endloop
  endfacet
  facet normal 0 0 -1
    outer loop
      vertex -0.424999 -33.201 -3
      vertex -1.175 -34.5 -3
      vertex -0.58814 -33.31 -3
    endloop
  endfacet
  facet normal 0 0 -1
    outer loop
      vertex -1.175 -49.5 -3
      vertex -0.865028 -50.4131 -3
      vertex -0.974037 -50.25 -3
    endloop
  endfacet
  facet normal 0 0 -1
    outer loop
      vertex -0.58814 -33.31 -3
      vertex -1.175 -34.5 -3
      vertex -0.735659 -33.4393 -3
    endloop
  endfacet
  facet normal 0 0 -1
    outer loop
      vertex -1.175 -49.5 -3
      vertex -0.974037 -50.25 -3
      vertex -1.06082 -50.074 -3
    endloop
  endfacet
  facet normal 0 0 -1
    outer loop
      vertex -0.735659 -33.4393 -3
      vertex -1.175 -34.5 -3
      vertex -0.865028 -33.5869 -3
    endloop
  endfacet
  facet normal 0 0 -1
    outer loop
      vertex -1.175 -49.5 -3
      vertex -1.06082 -50.074 -3
      vertex -1.12389 -49.8882 -3
    endloop
  endfacet
  facet normal 0 0 -1
    outer loop
      vertex -0.865028 -33.5869 -3
      vertex -1.175 -34.5 -3
      vertex -0.974037 -33.75 -3
    endloop
  endfacet
  facet normal 0 0 -1
    outer loop
      vertex -1.175 -49.5 -3
      vertex -1.12389 -49.8882 -3
      vertex -1.16217 -49.6958 -3
    endloop
  endfacet
  facet normal 0 0 -1
    outer loop
      vertex 0.325 -51 -3
      vertex -1.175 -48.5 -3
      vertex -1.175 -43.5 -3
    endloop
  endfacet
  facet normal 0 0 -1
    outer loop
      vertex 0.325 -51 -3
      vertex -1.175 -49.5 -3
      vertex -1.175 -48.5 -3
    endloop
  endfacet
  facet normal 0 0 -1
    outer loop
      vertex -0.974037 -33.75 -3
      vertex -1.175 -34.5 -3
      vertex -1.06082 -33.926 -3
    endloop
  endfacet
  facet normal 0 0 -1
    outer loop
      vertex -1.06082 -33.926 -3
      vertex -1.175 -34.5 -3
      vertex -1.12389 -34.1118 -3
    endloop
  endfacet
  facet normal 0 0 -1
    outer loop
      vertex -1.12389 -34.1118 -3
      vertex -1.175 -34.5 -3
      vertex -1.16217 -34.3042 -3
    endloop
  endfacet
  facet normal 0 0 -1
    outer loop
      vertex -13.5 -16.5 -3
      vertex -0.174999 -11.5 -3
      vertex -0.174999 -16.5 -3
    endloop
  endfacet
  facet normal -0 0 -1
    outer loop
      vertex -0.174999 -11.5 -3
      vertex -13.5 -16.5 -3
      vertex -13.5 -11.5 -3
    endloop
  endfacet
  facet normal 0 0 -1
    outer loop
      vertex -45.5 -0.788855 -3
      vertex -45 0.325 -3
      vertex -45.0128 0.129211 -3
    endloop
  endfacet
  facet normal -0 0 -1
    outer loop
      vertex -45 0.325 -3
      vertex -50.5 -1.175 -3
      vertex -45 19.325 -3
    endloop
  endfacet
  facet normal 0 0 -1
    outer loop
      vertex -45.5 -0.788855 -3
      vertex -45.0128 0.129211 -3
      vertex -45.0511 -0.0632277 -3
    endloop
  endfacet
  facet normal 0 0 -1
    outer loop
      vertex -63 19.325 -3
      vertex -45 19.325 -3
      vertex -50.5 -1.175 -3
    endloop
  endfacet
  facet normal 0 0 -1
    outer loop
      vertex -45.5 -0.788855 -3
      vertex -45.0511 -0.0632277 -3
      vertex -45.1142 -0.249023 -3
    endloop
  endfacet
  facet normal 0 0 -1
    outer loop
      vertex -45 19.325 -3
      vertex -46.5 20.825 -3
      vertex -45.0128 19.5208 -3
    endloop
  endfacet
  facet normal 0 0 -1
    outer loop
      vertex -45.5 -0.788855 -3
      vertex -45.1142 -0.249023 -3
      vertex -45.201 -0.424999 -3
    endloop
  endfacet
  facet normal 0 0 -1
    outer loop
      vertex -45.0128 19.5208 -3
      vertex -46.5 20.825 -3
      vertex -45.0511 19.7132 -3
    endloop
  endfacet
  facet normal 0 0 -1
    outer loop
      vertex -45.5 -0.788855 -3
      vertex -45.201 -0.424999 -3
      vertex -45.31 -0.58814 -3
    endloop
  endfacet
  facet normal 0 0 -1
    outer loop
      vertex -45.0511 19.7132 -3
      vertex -46.5 20.825 -3
      vertex -45.1142 19.899 -3
    endloop
  endfacet
  facet normal 0 0 -1
    outer loop
      vertex -45.5 -0.788855 -3
      vertex -45.31 -0.58814 -3
      vertex -45.4393 -0.735659 -3
    endloop
  endfacet
  facet normal 0 0 -1
    outer loop
      vertex -45.1142 19.899 -3
      vertex -46.5 20.825 -3
      vertex -45.201 20.075 -3
    endloop
  endfacet
  facet normal 0 0 -1
    outer loop
      vertex -45 0.325 -3
      vertex -45.5 -0.788855 -3
      vertex -50.5 -1.175 -3
    endloop
  endfacet
  facet normal 0 0 -1
    outer loop
      vertex -47.3 -97 -3
      vertex -45.5154 -95.4349 -3
      vertex -45.5613 -95.6659 -3
    endloop
  endfacet
  facet normal 0 0 -1
    outer loop
      vertex -45.201 20.075 -3
      vertex -46.5 20.825 -3
      vertex -45.31 20.2381 -3
    endloop
  endfacet
  facet normal 0 0 -1
    outer loop
      vertex -50.5 -16.5 -3
      vertex -45.5 -16.5 -3
      vertex -50.5 -43.5 -3
    endloop
  endfacet
  facet normal 0 0 -1
    outer loop
      vertex -47.3 -97 -3
      vertex -45.5613 -95.6659 -3
      vertex -45.637 -95.8888 -3
    endloop
  endfacet
  facet normal 0 0 -1
    outer loop
      vertex -47.3 -97 -3
      vertex -45.637 -95.8888 -3
      vertex -45.7412 -96.1 -3
    endloop
  endfacet
  facet normal 0 0 -1
    outer loop
      vertex -50.5 -11.5 -3
      vertex -45.5 -11.5 -3
      vertex -50.5 -16.5 -3
    endloop
  endfacet
  facet normal 0 0 -1
    outer loop
      vertex -47.3 -97 -3
      vertex -45.7412 -96.1 -3
      vertex -45.872 -96.2958 -3
    endloop
  endfacet
  facet normal 0 0 -1
    outer loop
      vertex -50.5 -1.175 -3
      vertex -45.5 -11.5 -3
      vertex -50.5 -11.5 -3
    endloop
  endfacet
  facet normal 0 0 -1
    outer loop
      vertex -47.3 -97 -3
      vertex -45.872 -96.2958 -3
      vertex -46.0272 -96.4728 -3
    endloop
  endfacet
  facet normal 0 0 -1
    outer loop
      vertex -45.5 -11.5 -3
      vertex -50.5 -1.175 -3
      vertex -45.5 -0.788855 -3
    endloop
  endfacet
  facet normal 0 0 -1
    outer loop
      vertex -47.3 -97 -3
      vertex -46.0272 -96.4728 -3
      vertex -46.2042 -96.628 -3
    endloop
  endfacet
  facet normal 0 0 -1
    outer loop
      vertex -45.31 20.2381 -3
      vertex -46.5 20.825 -3
      vertex -45.4393 20.3857 -3
    endloop
  endfacet
  facet normal 0 0 -1
    outer loop
      vertex -47.3 -97 -3
      vertex -46.2042 -96.628 -3
      vertex -46.4 -96.7588 -3
    endloop
  endfacet
  facet normal 0 0 -1
    outer loop
      vertex -45.4393 20.3857 -3
      vertex -46.5 20.825 -3
      vertex -45.5869 20.515 -3
    endloop
  endfacet
  facet normal 0 0 -1
    outer loop
      vertex -47.3 -97 -3
      vertex -46.4 -96.7588 -3
      vertex -46.6112 -96.863 -3
    endloop
  endfacet
  facet normal 0 0 -1
    outer loop
      vertex -47.3 -97 -3
      vertex -46.6112 -96.863 -3
      vertex -46.8341 -96.9387 -3
    endloop
  endfacet
  facet normal 0 0 -1
    outer loop
      vertex -47.3 -97 -3
      vertex -46.8341 -96.9387 -3
      vertex -47.0651 -96.9846 -3
    endloop
  endfacet
  facet normal -0 0 -1
    outer loop
      vertex -45.5 -95.2 -3
      vertex -47.3 -97 -3
      vertex -50.5 -95.2 -3
    endloop
  endfacet
  facet normal 0 0 -1
    outer loop
      vertex -50.5 -95.2 -3
      vertex -47.3 -97 -3
      vertex -48.7 -97 -3
    endloop
  endfacet
  facet normal 0 0 -1
    outer loop
      vertex -50.5 -95.2 -3
      vertex -48.7 -97 -3
      vertex -48.9349 -96.9846 -3
    endloop
  endfacet
  facet normal 0 0 -1
    outer loop
      vertex -50.5 -95.2 -3
      vertex -48.9349 -96.9846 -3
      vertex -49.1659 -96.9387 -3
    endloop
  endfacet
  facet normal 0 0 -1
    outer loop
      vertex -50.5 -95.2 -3
      vertex -49.1659 -96.9387 -3
      vertex -49.3888 -96.863 -3
    endloop
  endfacet
  facet normal 0 0 -1
    outer loop
      vertex -50.5 -95.2 -3
      vertex -49.3888 -96.863 -3
      vertex -49.6 -96.7588 -3
    endloop
  endfacet
  facet normal 0 0 -1
    outer loop
      vertex -50.5 -95.2 -3
      vertex -49.6 -96.7588 -3
      vertex -49.7958 -96.628 -3
    endloop
  endfacet
  facet normal 0 0 -1
    outer loop
      vertex -50.5 -95.2 -3
      vertex -49.7958 -96.628 -3
      vertex -49.9728 -96.4728 -3
    endloop
  endfacet
  facet normal 0 0 -1
    outer loop
      vertex -50.5 -95.2 -3
      vertex -49.9728 -96.4728 -3
      vertex -50.128 -96.2958 -3
    endloop
  endfacet
  facet normal 0 0 -1
    outer loop
      vertex -50.5 -95.2 -3
      vertex -50.128 -96.2958 -3
      vertex -50.2588 -96.1 -3
    endloop
  endfacet
  facet normal 0 0 -1
    outer loop
      vertex -50.5 -95.2 -3
      vertex -50.2588 -96.1 -3
      vertex -50.363 -95.8888 -3
    endloop
  endfacet
  facet normal 0 0 -1
    outer loop
      vertex -50.5 -95.2 -3
      vertex -50.363 -95.8888 -3
      vertex -50.4387 -95.6659 -3
    endloop
  endfacet
  facet normal 0 0 -1
    outer loop
      vertex -50.5 -95.2 -3
      vertex -50.4387 -95.6659 -3
      vertex -50.4846 -95.4349 -3
    endloop
  endfacet
  facet normal 0 0 -1
    outer loop
      vertex -45.5 -95.2 -3
      vertex -50.5 -95.2 -3
      vertex -50.5 -80.5 -3
    endloop
  endfacet
  facet normal -0 0 -1
    outer loop
      vertex -45.5 -75.5 -3
      vertex -50.5 -80.5 -3
      vertex -50.5 -75.5 -3
    endloop
  endfacet
  facet normal 0 0 -1
    outer loop
      vertex -45.5 -48.5 -3
      vertex -50.5 -48.5 -3
      vertex -45.5 -43.5 -3
    endloop
  endfacet
  facet normal 0 0 -1
    outer loop
      vertex -45.5 -16.5 -3
      vertex -50.5 -16.5 -3
      vertex -45.5 -11.5 -3
    endloop
  endfacet
  facet normal 0 0 -1
    outer loop
      vertex -45.5869 20.515 -3
      vertex -46.5 20.825 -3
      vertex -45.75 20.624 -3
    endloop
  endfacet
  facet normal 0 0 -1
    outer loop
      vertex -45.75 20.624 -3
      vertex -46.5 20.825 -3
      vertex -45.926 20.7108 -3
    endloop
  endfacet
  facet normal 0 0 -1
    outer loop
      vertex -45.926 20.7108 -3
      vertex -46.5 20.825 -3
      vertex -46.1118 20.7739 -3
    endloop
  endfacet
  facet normal 0 0 -1
    outer loop
      vertex -46.1118 20.7739 -3
      vertex -46.5 20.825 -3
      vertex -46.3042 20.8122 -3
    endloop
  endfacet
  facet normal 0 0 -1
    outer loop
      vertex -63 0.325 -3
      vertex -50.5 -1.175 -3
      vertex -61.5 -1.175 -3
    endloop
  endfacet
  facet normal 0 0 -1
    outer loop
      vertex -63 19.325 -3
      vertex -50.5 -1.175 -3
      vertex -63 0.325 -3
    endloop
  endfacet
  facet normal 0 0 -1
    outer loop
      vertex -63 0.325 -3
      vertex -61.5 -1.175 -3
      vertex -61.6958 -1.16217 -3
    endloop
  endfacet
  facet normal 0 0 -1
    outer loop
      vertex -45 19.325 -3
      vertex -63 19.325 -3
      vertex -46.5 20.825 -3
    endloop
  endfacet
  facet normal 0 0 -1
    outer loop
      vertex -63 0.325 -3
      vertex -61.6958 -1.16217 -3
      vertex -61.8882 -1.12389 -3
    endloop
  endfacet
  facet normal -0 0 -1
    outer loop
      vertex -46.5 20.825 -3
      vertex -63 19.325 -3
      vertex -61.5 20.825 -3
    endloop
  endfacet
  facet normal 0 0 -1
    outer loop
      vertex -63 0.325 -3
      vertex -61.8882 -1.12389 -3
      vertex -62.074 -1.06082 -3
    endloop
  endfacet
  facet normal 0 0 -1
    outer loop
      vertex -61.5 20.825 -3
      vertex -63 19.325 -3
      vertex -61.6958 20.8122 -3
    endloop
  endfacet
  facet normal 0 0 -1
    outer loop
      vertex -63 0.325 -3
      vertex -62.074 -1.06082 -3
      vertex -62.25 -0.974037 -3
    endloop
  endfacet
  facet normal 0 0 -1
    outer loop
      vertex -61.6958 20.8122 -3
      vertex -63 19.325 -3
      vertex -61.8882 20.7739 -3
    endloop
  endfacet
  facet normal 0 0 -1
    outer loop
      vertex -63 0.325 -3
      vertex -62.25 -0.974037 -3
      vertex -62.4131 -0.865028 -3
    endloop
  endfacet
  facet normal 0 0 -1
    outer loop
      vertex -61.8882 20.7739 -3
      vertex -63 19.325 -3
      vertex -62.074 20.7108 -3
    endloop
  endfacet
  facet normal 0 0 -1
    outer loop
      vertex -63 0.325 -3
      vertex -62.4131 -0.865028 -3
      vertex -62.5607 -0.735659 -3
    endloop
  endfacet
  facet normal 0 0 -1
    outer loop
      vertex -62.074 20.7108 -3
      vertex -63 19.325 -3
      vertex -62.25 20.624 -3
    endloop
  endfacet
  facet normal 0 0 -1
    outer loop
      vertex -63 0.325 -3
      vertex -62.5607 -0.735659 -3
      vertex -62.69 -0.58814 -3
    endloop
  endfacet
  facet normal 0 0 -1
    outer loop
      vertex -62.25 20.624 -3
      vertex -63 19.325 -3
      vertex -62.4131 20.515 -3
    endloop
  endfacet
  facet normal 0 0 -1
    outer loop
      vertex -63 0.325 -3
      vertex -62.69 -0.58814 -3
      vertex -62.799 -0.424999 -3
    endloop
  endfacet
  facet normal 0 0 -1
    outer loop
      vertex -62.4131 20.515 -3
      vertex -63 19.325 -3
      vertex -62.5607 20.3857 -3
    endloop
  endfacet
  facet normal 0 0 -1
    outer loop
      vertex -63 0.325 -3
      vertex -62.799 -0.424999 -3
      vertex -62.8858 -0.249023 -3
    endloop
  endfacet
  facet normal 0 0 -1
    outer loop
      vertex -62.5607 20.3857 -3
      vertex -63 19.325 -3
      vertex -62.69 20.2381 -3
    endloop
  endfacet
  facet normal 0 0 -1
    outer loop
      vertex -63 0.325 -3
      vertex -62.8858 -0.249023 -3
      vertex -62.9489 -0.0632277 -3
    endloop
  endfacet
  facet normal 0 0 -1
    outer loop
      vertex -62.69 20.2381 -3
      vertex -63 19.325 -3
      vertex -62.799 20.075 -3
    endloop
  endfacet
  facet normal 0 0 -1
    outer loop
      vertex -63 0.325 -3
      vertex -62.9489 -0.0632277 -3
      vertex -62.9872 0.129211 -3
    endloop
  endfacet
  facet normal 0 0 -1
    outer loop
      vertex -62.799 20.075 -3
      vertex -63 19.325 -3
      vertex -62.8858 19.899 -3
    endloop
  endfacet
  facet normal 0 0 -1
    outer loop
      vertex -62.8858 19.899 -3
      vertex -63 19.325 -3
      vertex -62.9489 19.7132 -3
    endloop
  endfacet
  facet normal 0 0 -1
    outer loop
      vertex -62.9489 19.7132 -3
      vertex -63 19.325 -3
      vertex -62.9872 19.5208 -3
    endloop
  endfacet
  facet normal 0 0 -1
    outer loop
      vertex -102.5 -1.175 -3
      vertex -101 0.325 -3
      vertex -101.013 0.129211 -3
    endloop
  endfacet
  facet normal -0 0 -1
    outer loop
      vertex -101 0.325 -3
      vertex -109.5 -1.175 -3
      vertex -101 19.325 -3
    endloop
  endfacet
  facet normal 0 0 -1
    outer loop
      vertex -102.5 -1.175 -3
      vertex -101.013 0.129211 -3
      vertex -101.051 -0.0632277 -3
    endloop
  endfacet
  facet normal 0 0 -1
    outer loop
      vertex -119 19.325 -3
      vertex -101 19.325 -3
      vertex -109.5 -1.175 -3
    endloop
  endfacet
  facet normal 0 0 -1
    outer loop
      vertex -102.5 -1.175 -3
      vertex -101.051 -0.0632277 -3
      vertex -101.114 -0.249023 -3
    endloop
  endfacet
  facet normal 0 0 -1
    outer loop
      vertex -101 19.325 -3
      vertex -102.5 20.825 -3
      vertex -101.013 19.5208 -3
    endloop
  endfacet
  facet normal 0 0 -1
    outer loop
      vertex -102.5 -1.175 -3
      vertex -101.114 -0.249023 -3
      vertex -101.201 -0.424999 -3
    endloop
  endfacet
  facet normal 0 0 -1
    outer loop
      vertex -101.013 19.5208 -3
      vertex -102.5 20.825 -3
      vertex -101.051 19.7132 -3
    endloop
  endfacet
  facet normal 0 0 -1
    outer loop
      vertex -102.5 -1.175 -3
      vertex -101.201 -0.424999 -3
      vertex -101.31 -0.58814 -3
    endloop
  endfacet
  facet normal 0 0 -1
    outer loop
      vertex -101.051 19.7132 -3
      vertex -102.5 20.825 -3
      vertex -101.114 19.899 -3
    endloop
  endfacet
  facet normal 0 0 -1
    outer loop
      vertex -102.5 -1.175 -3
      vertex -101.31 -0.58814 -3
      vertex -101.439 -0.735659 -3
    endloop
  endfacet
  facet normal 0 0 -1
    outer loop
      vertex -101.114 19.899 -3
      vertex -102.5 20.825 -3
      vertex -101.201 20.075 -3
    endloop
  endfacet
  facet normal 0 0 -1
    outer loop
      vertex -102.5 -1.175 -3
      vertex -101.439 -0.735659 -3
      vertex -101.587 -0.865028 -3
    endloop
  endfacet
  facet normal 0 0 -1
    outer loop
      vertex -101 0.325 -3
      vertex -102.5 -1.175 -3
      vertex -109.5 -1.175 -3
    endloop
  endfacet
  facet normal 0 0 -1
    outer loop
      vertex -102.5 -1.175 -3
      vertex -101.587 -0.865028 -3
      vertex -101.75 -0.974037 -3
    endloop
  endfacet
  facet normal 0 0 -1
    outer loop
      vertex -101.201 20.075 -3
      vertex -102.5 20.825 -3
      vertex -101.31 20.2381 -3
    endloop
  endfacet
  facet normal 0 0 -1
    outer loop
      vertex -102.5 -1.175 -3
      vertex -101.75 -0.974037 -3
      vertex -101.926 -1.06082 -3
    endloop
  endfacet
  facet normal 0 0 -1
    outer loop
      vertex -101.439 20.3857 -3
      vertex -102.5 20.825 -3
      vertex -101.587 20.515 -3
    endloop
  endfacet
  facet normal 0 0 -1
    outer loop
      vertex -102.5 -1.175 -3
      vertex -101.926 -1.06082 -3
      vertex -102.112 -1.12389 -3
    endloop
  endfacet
  facet normal 0 0 -1
    outer loop
      vertex -101.587 20.515 -3
      vertex -102.5 20.825 -3
      vertex -101.75 20.624 -3
    endloop
  endfacet
  facet normal 0 0 -1
    outer loop
      vertex -102.5 -1.175 -3
      vertex -102.112 -1.12389 -3
      vertex -102.304 -1.16217 -3
    endloop
  endfacet
  facet normal 0 0 -1
    outer loop
      vertex -101.75 20.624 -3
      vertex -102.5 20.825 -3
      vertex -101.926 20.7108 -3
    endloop
  endfacet
  facet normal 0 0 -1
    outer loop
      vertex -101.926 20.7108 -3
      vertex -102.5 20.825 -3
      vertex -102.112 20.7739 -3
    endloop
  endfacet
  facet normal 0 0 -1
    outer loop
      vertex -102.112 20.7739 -3
      vertex -102.5 20.825 -3
      vertex -102.304 20.8122 -3
    endloop
  endfacet
  facet normal 0 0 -1
    outer loop
      vertex -101.31 20.2381 -3
      vertex -102.5 20.825 -3
      vertex -101.439 20.3857 -3
    endloop
  endfacet
  facet normal 0 0 -1
    outer loop
      vertex -111.3 -97 -3
      vertex -109.515 -95.4349 -3
      vertex -109.561 -95.6659 -3
    endloop
  endfacet
  facet normal 0 0 -1
    outer loop
      vertex -111.3 -97 -3
      vertex -109.561 -95.6659 -3
      vertex -109.637 -95.8888 -3
    endloop
  endfacet
  facet normal 0 0 -1
    outer loop
      vertex -111.3 -97 -3
      vertex -109.637 -95.8888 -3
      vertex -109.741 -96.1 -3
    endloop
  endfacet
  facet normal 0 0 -1
    outer loop
      vertex -111.3 -97 -3
      vertex -109.741 -96.1 -3
      vertex -109.872 -96.2958 -3
    endloop
  endfacet
  facet normal 0 0 -1
    outer loop
      vertex -111.3 -97 -3
      vertex -109.872 -96.2958 -3
      vertex -110.027 -96.4728 -3
    endloop
  endfacet
  facet normal 0 0 -1
    outer loop
      vertex -111.3 -97 -3
      vertex -110.027 -96.4728 -3
      vertex -110.204 -96.628 -3
    endloop
  endfacet
  facet normal 0 0 -1
    outer loop
      vertex -111.3 -97 -3
      vertex -110.204 -96.628 -3
      vertex -110.4 -96.7588 -3
    endloop
  endfacet
  facet normal 0 0 -1
    outer loop
      vertex -111.3 -97 -3
      vertex -110.4 -96.7588 -3
      vertex -110.611 -96.863 -3
    endloop
  endfacet
  facet normal 0 0 -1
    outer loop
      vertex -111.3 -97 -3
      vertex -110.611 -96.863 -3
      vertex -110.834 -96.9387 -3
    endloop
  endfacet
  facet normal 0 0 -1
    outer loop
      vertex -111.3 -97 -3
      vertex -110.834 -96.9387 -3
      vertex -111.065 -96.9846 -3
    endloop
  endfacet
  facet normal -0 0 -1
    outer loop
      vertex -109.5 -95.2 -3
      vertex -111.3 -97 -3
      vertex -114.5 -95.2 -3
    endloop
  endfacet
  facet normal 0 0 -1
    outer loop
      vertex -114.5 -95.2 -3
      vertex -111.3 -97 -3
      vertex -112.7 -97 -3
    endloop
  endfacet
  facet normal 0 0 -1
    outer loop
      vertex -114.5 -95.2 -3
      vertex -112.7 -97 -3
      vertex -112.935 -96.9846 -3
    endloop
  endfacet
  facet normal 0 0 -1
    outer loop
      vertex -114.5 -95.2 -3
      vertex -112.935 -96.9846 -3
      vertex -113.166 -96.9387 -3
    endloop
  endfacet
  facet normal 0 0 -1
    outer loop
      vertex -114.5 -95.2 -3
      vertex -113.166 -96.9387 -3
      vertex -113.389 -96.863 -3
    endloop
  endfacet
  facet normal 0 0 -1
    outer loop
      vertex -114.5 -95.2 -3
      vertex -113.389 -96.863 -3
      vertex -113.6 -96.7588 -3
    endloop
  endfacet
  facet normal 0 0 -1
    outer loop
      vertex -114.5 -95.2 -3
      vertex -113.6 -96.7588 -3
      vertex -113.796 -96.628 -3
    endloop
  endfacet
  facet normal 0 0 -1
    outer loop
      vertex -114.5 -95.2 -3
      vertex -113.796 -96.628 -3
      vertex -113.973 -96.4728 -3
    endloop
  endfacet
  facet normal 0 0 -1
    outer loop
      vertex -114.5 -95.2 -3
      vertex -113.973 -96.4728 -3
      vertex -114.128 -96.2958 -3
    endloop
  endfacet
  facet normal 0 0 -1
    outer loop
      vertex -114.5 -95.2 -3
      vertex -114.128 -96.2958 -3
      vertex -114.259 -96.1 -3
    endloop
  endfacet
  facet normal 0 0 -1
    outer loop
      vertex -114.5 -95.2 -3
      vertex -114.259 -96.1 -3
      vertex -114.363 -95.8888 -3
    endloop
  endfacet
  facet normal 0 0 -1
    outer loop
      vertex -114.5 -95.2 -3
      vertex -114.363 -95.8888 -3
      vertex -114.439 -95.6659 -3
    endloop
  endfacet
  facet normal 0 0 -1
    outer loop
      vertex -114.5 -95.2 -3
      vertex -114.439 -95.6659 -3
      vertex -114.485 -95.4349 -3
    endloop
  endfacet
  facet normal 0 0 -1
    outer loop
      vertex -109.5 -95.2 -3
      vertex -114.5 -95.2 -3
      vertex -114.5 -80.5 -3
    endloop
  endfacet
  facet normal -0 0 -1
    outer loop
      vertex -109.5 -75.5 -3
      vertex -114.5 -80.5 -3
      vertex -114.5 -75.5 -3
    endloop
  endfacet
  facet normal 0 0 -1
    outer loop
      vertex -109.5 -48.5 -3
      vertex -114.5 -48.5 -3
      vertex -109.5 -43.5 -3
    endloop
  endfacet
  facet normal 0 0 -1
    outer loop
      vertex -114.5 -16.5 -3
      vertex -109.5 -16.5 -3
      vertex -114.5 -43.5 -3
    endloop
  endfacet
  facet normal 0 0 -1
    outer loop
      vertex -109.5 -16.5 -3
      vertex -114.5 -16.5 -3
      vertex -109.5 -11.5 -3
    endloop
  endfacet
  facet normal 0 0 -1
    outer loop
      vertex -114.5 -11.5 -3
      vertex -109.5 -11.5 -3
      vertex -114.5 -16.5 -3
    endloop
  endfacet
  facet normal 0 0 -1
    outer loop
      vertex -109.5 -11.5 -3
      vertex -114.5 -11.5 -3
      vertex -109.5 -1.175 -3
    endloop
  endfacet
  facet normal 0 0 -1
    outer loop
      vertex -114.5 -1.175 -3
      vertex -109.5 -1.175 -3
      vertex -114.5 -11.5 -3
    endloop
  endfacet
  facet normal 0 0 -1
    outer loop
      vertex -119 19.325 -3
      vertex -109.5 -1.175 -3
      vertex -114.5 -1.175 -3
    endloop
  endfacet
  facet normal 0 0 -1
    outer loop
      vertex -119 0.325 -3
      vertex -114.5 -1.175 -3
      vertex -117.5 -1.175 -3
    endloop
  endfacet
  facet normal 0 0 -1
    outer loop
      vertex -119 19.325 -3
      vertex -114.5 -1.175 -3
      vertex -119 0.325 -3
    endloop
  endfacet
  facet normal 0 0 -1
    outer loop
      vertex -119 0.325 -3
      vertex -117.5 -1.175 -3
      vertex -117.696 -1.16217 -3
    endloop
  endfacet
  facet normal 0 0 -1
    outer loop
      vertex -101 19.325 -3
      vertex -119 19.325 -3
      vertex -102.5 20.825 -3
    endloop
  endfacet
  facet normal 0 0 -1
    outer loop
      vertex -119 0.325 -3
      vertex -117.696 -1.16217 -3
      vertex -117.888 -1.12389 -3
    endloop
  endfacet
  facet normal -0 0 -1
    outer loop
      vertex -102.5 20.825 -3
      vertex -119 19.325 -3
      vertex -117.5 20.825 -3
    endloop
  endfacet
  facet normal 0 0 -1
    outer loop
      vertex -119 0.325 -3
      vertex -117.888 -1.12389 -3
      vertex -118.074 -1.06082 -3
    endloop
  endfacet
  facet normal 0 0 -1
    outer loop
      vertex -117.5 20.825 -3
      vertex -119 19.325 -3
      vertex -117.696 20.8122 -3
    endloop
  endfacet
  facet normal 0 0 -1
    outer loop
      vertex -119 0.325 -3
      vertex -118.074 -1.06082 -3
      vertex -118.25 -0.974037 -3
    endloop
  endfacet
  facet normal 0 0 -1
    outer loop
      vertex -117.696 20.8122 -3
      vertex -119 19.325 -3
      vertex -117.888 20.7739 -3
    endloop
  endfacet
  facet normal 0 0 -1
    outer loop
      vertex -119 0.325 -3
      vertex -118.25 -0.974037 -3
      vertex -118.413 -0.865028 -3
    endloop
  endfacet
  facet normal 0 0 -1
    outer loop
      vertex -117.888 20.7739 -3
      vertex -119 19.325 -3
      vertex -118.074 20.7108 -3
    endloop
  endfacet
  facet normal 0 0 -1
    outer loop
      vertex -119 0.325 -3
      vertex -118.413 -0.865028 -3
      vertex -118.561 -0.735659 -3
    endloop
  endfacet
  facet normal 0 0 -1
    outer loop
      vertex -118.074 20.7108 -3
      vertex -119 19.325 -3
      vertex -118.25 20.624 -3
    endloop
  endfacet
  facet normal 0 0 -1
    outer loop
      vertex -119 0.325 -3
      vertex -118.561 -0.735659 -3
      vertex -118.69 -0.58814 -3
    endloop
  endfacet
  facet normal 0 0 -1
    outer loop
      vertex -118.25 20.624 -3
      vertex -119 19.325 -3
      vertex -118.413 20.515 -3
    endloop
  endfacet
  facet normal 0 0 -1
    outer loop
      vertex -119 0.325 -3
      vertex -118.69 -0.58814 -3
      vertex -118.799 -0.424999 -3
    endloop
  endfacet
  facet normal 0 0 -1
    outer loop
      vertex -118.413 20.515 -3
      vertex -119 19.325 -3
      vertex -118.561 20.3857 -3
    endloop
  endfacet
  facet normal 0 0 -1
    outer loop
      vertex -119 0.325 -3
      vertex -118.799 -0.424999 -3
      vertex -118.886 -0.249023 -3
    endloop
  endfacet
  facet normal 0 0 -1
    outer loop
      vertex -118.561 20.3857 -3
      vertex -119 19.325 -3
      vertex -118.69 20.2381 -3
    endloop
  endfacet
  facet normal 0 0 -1
    outer loop
      vertex -119 0.325 -3
      vertex -118.886 -0.249023 -3
      vertex -118.949 -0.0632277 -3
    endloop
  endfacet
  facet normal 0 0 -1
    outer loop
      vertex -118.69 20.2381 -3
      vertex -119 19.325 -3
      vertex -118.799 20.075 -3
    endloop
  endfacet
  facet normal 0 0 -1
    outer loop
      vertex -119 0.325 -3
      vertex -118.949 -0.0632277 -3
      vertex -118.987 0.129211 -3
    endloop
  endfacet
  facet normal 0 0 -1
    outer loop
      vertex -118.799 20.075 -3
      vertex -119 19.325 -3
      vertex -118.886 19.899 -3
    endloop
  endfacet
  facet normal 0 0 -1
    outer loop
      vertex -118.886 19.899 -3
      vertex -119 19.325 -3
      vertex -118.949 19.7132 -3
    endloop
  endfacet
  facet normal 0 0 -1
    outer loop
      vertex -118.949 19.7132 -3
      vertex -119 19.325 -3
      vertex -118.987 19.5208 -3
    endloop
  endfacet
  facet normal 0 0 -1
    outer loop
      vertex -132.2 -16.5 -3
      vertex -114.5 -11.5 -3
      vertex -114.5 -16.5 -3
    endloop
  endfacet
  facet normal 0 0 -1
    outer loop
      vertex -132.2 -16.5 -3
      vertex -132.2 -11.5 -3
      vertex -114.5 -11.5 -3
    endloop
  endfacet
  facet normal 0 0 -1
    outer loop
      vertex -134 -14.7 -3
      vertex -132.2 -16.5 -3
      vertex -132.435 -16.4846 -3
    endloop
  endfacet
  facet normal 0 0 -1
    outer loop
      vertex -132.2 -16.5 -3
      vertex -134 -14.7 -3
      vertex -132.2 -11.5 -3
    endloop
  endfacet
  facet normal 0 0 -1
    outer loop
      vertex -134 -14.7 -3
      vertex -132.435 -16.4846 -3
      vertex -132.666 -16.4387 -3
    endloop
  endfacet
  facet normal 0 0 -1
    outer loop
      vertex -134 -13.3 -3
      vertex -132.2 -11.5 -3
      vertex -134 -14.7 -3
    endloop
  endfacet
  facet normal 0 0 -1
    outer loop
      vertex -134 -14.7 -3
      vertex -132.666 -16.4387 -3
      vertex -132.889 -16.363 -3
    endloop
  endfacet
  facet normal 0 0 -1
    outer loop
      vertex -132.2 -11.5 -3
      vertex -134 -13.3 -3
      vertex -132.435 -11.5154 -3
    endloop
  endfacet
  facet normal 0 0 -1
    outer loop
      vertex -134 -14.7 -3
      vertex -132.889 -16.363 -3
      vertex -133.1 -16.2588 -3
    endloop
  endfacet
  facet normal 0 0 -1
    outer loop
      vertex -132.435 -11.5154 -3
      vertex -134 -13.3 -3
      vertex -132.666 -11.5613 -3
    endloop
  endfacet
  facet normal 0 0 -1
    outer loop
      vertex -134 -14.7 -3
      vertex -133.1 -16.2588 -3
      vertex -133.296 -16.128 -3
    endloop
  endfacet
  facet normal 0 0 -1
    outer loop
      vertex -132.666 -11.5613 -3
      vertex -134 -13.3 -3
      vertex -132.889 -11.637 -3
    endloop
  endfacet
  facet normal 0 0 -1
    outer loop
      vertex -134 -14.7 -3
      vertex -133.296 -16.128 -3
      vertex -133.473 -15.9728 -3
    endloop
  endfacet
  facet normal 0 0 -1
    outer loop
      vertex -132.889 -11.637 -3
      vertex -134 -13.3 -3
      vertex -133.1 -11.7412 -3
    endloop
  endfacet
  facet normal 0 0 -1
    outer loop
      vertex -134 -14.7 -3
      vertex -133.473 -15.9728 -3
      vertex -133.628 -15.7958 -3
    endloop
  endfacet
  facet normal 0 0 -1
    outer loop
      vertex -133.1 -11.7412 -3
      vertex -134 -13.3 -3
      vertex -133.296 -11.872 -3
    endloop
  endfacet
  facet normal 0 0 -1
    outer loop
      vertex -134 -14.7 -3
      vertex -133.628 -15.7958 -3
      vertex -133.759 -15.6 -3
    endloop
  endfacet
  facet normal 0 0 -1
    outer loop
      vertex -133.296 -11.872 -3
      vertex -134 -13.3 -3
      vertex -133.473 -12.0272 -3
    endloop
  endfacet
  facet normal 0 0 -1
    outer loop
      vertex -134 -14.7 -3
      vertex -133.759 -15.6 -3
      vertex -133.863 -15.3888 -3
    endloop
  endfacet
  facet normal 0 0 -1
    outer loop
      vertex -133.473 -12.0272 -3
      vertex -134 -13.3 -3
      vertex -133.628 -12.2042 -3
    endloop
  endfacet
  facet normal 0 0 -1
    outer loop
      vertex -134 -14.7 -3
      vertex -133.863 -15.3888 -3
      vertex -133.939 -15.1659 -3
    endloop
  endfacet
  facet normal 0 0 -1
    outer loop
      vertex -133.628 -12.2042 -3
      vertex -134 -13.3 -3
      vertex -133.759 -12.4 -3
    endloop
  endfacet
  facet normal 0 0 -1
    outer loop
      vertex -134 -14.7 -3
      vertex -133.939 -15.1659 -3
      vertex -133.985 -14.9349 -3
    endloop
  endfacet
  facet normal 0 0 -1
    outer loop
      vertex -133.759 -12.4 -3
      vertex -134 -13.3 -3
      vertex -133.863 -12.6112 -3
    endloop
  endfacet
  facet normal 0 0 -1
    outer loop
      vertex -133.863 -12.6112 -3
      vertex -134 -13.3 -3
      vertex -133.939 -12.8341 -3
    endloop
  endfacet
  facet normal 0 0 -1
    outer loop
      vertex -133.939 -12.8341 -3
      vertex -134 -13.3 -3
      vertex -133.985 -13.0651 -3
    endloop
  endfacet
  facet normal 0 0 -1
    outer loop
      vertex -132.2 -48.5 -3
      vertex -114.5 -43.5 -3
      vertex -114.5 -48.5 -3
    endloop
  endfacet
  facet normal 0 0 -1
    outer loop
      vertex -132.2 -48.5 -3
      vertex -132.2 -43.5 -3
      vertex -114.5 -43.5 -3
    endloop
  endfacet
  facet normal 0 0 -1
    outer loop
      vertex -134 -46.7 -3
      vertex -132.2 -48.5 -3
      vertex -132.435 -48.4846 -3
    endloop
  endfacet
  facet normal 0 0 -1
    outer loop
      vertex -132.2 -48.5 -3
      vertex -134 -46.7 -3
      vertex -132.2 -43.5 -3
    endloop
  endfacet
  facet normal 0 0 -1
    outer loop
      vertex -134 -46.7 -3
      vertex -132.435 -48.4846 -3
      vertex -132.666 -48.4387 -3
    endloop
  endfacet
  facet normal 0 0 -1
    outer loop
      vertex -134 -45.3 -3
      vertex -132.2 -43.5 -3
      vertex -134 -46.7 -3
    endloop
  endfacet
  facet normal 0 0 -1
    outer loop
      vertex -134 -46.7 -3
      vertex -132.666 -48.4387 -3
      vertex -132.889 -48.363 -3
    endloop
  endfacet
  facet normal 0 0 -1
    outer loop
      vertex -132.2 -43.5 -3
      vertex -134 -45.3 -3
      vertex -132.435 -43.5154 -3
    endloop
  endfacet
  facet normal 0 0 -1
    outer loop
      vertex -134 -46.7 -3
      vertex -132.889 -48.363 -3
      vertex -133.1 -48.2588 -3
    endloop
  endfacet
  facet normal 0 0 -1
    outer loop
      vertex -132.435 -43.5154 -3
      vertex -134 -45.3 -3
      vertex -132.666 -43.5613 -3
    endloop
  endfacet
  facet normal 0 0 -1
    outer loop
      vertex -134 -46.7 -3
      vertex -133.1 -48.2588 -3
      vertex -133.296 -48.128 -3
    endloop
  endfacet
  facet normal 0 0 -1
    outer loop
      vertex -132.666 -43.5613 -3
      vertex -134 -45.3 -3
      vertex -132.889 -43.637 -3
    endloop
  endfacet
  facet normal 0 0 -1
    outer loop
      vertex -134 -46.7 -3
      vertex -133.296 -48.128 -3
      vertex -133.473 -47.9728 -3
    endloop
  endfacet
  facet normal 0 0 -1
    outer loop
      vertex -132.889 -43.637 -3
      vertex -134 -45.3 -3
      vertex -133.1 -43.7412 -3
    endloop
  endfacet
  facet normal 0 0 -1
    outer loop
      vertex -134 -46.7 -3
      vertex -133.473 -47.9728 -3
      vertex -133.628 -47.7958 -3
    endloop
  endfacet
  facet normal 0 0 -1
    outer loop
      vertex -133.1 -43.7412 -3
      vertex -134 -45.3 -3
      vertex -133.296 -43.872 -3
    endloop
  endfacet
  facet normal 0 0 -1
    outer loop
      vertex -134 -46.7 -3
      vertex -133.628 -47.7958 -3
      vertex -133.759 -47.6 -3
    endloop
  endfacet
  facet normal 0 0 -1
    outer loop
      vertex -133.296 -43.872 -3
      vertex -134 -45.3 -3
      vertex -133.473 -44.0272 -3
    endloop
  endfacet
  facet normal 0 0 -1
    outer loop
      vertex -134 -46.7 -3
      vertex -133.759 -47.6 -3
      vertex -133.863 -47.3888 -3
    endloop
  endfacet
  facet normal 0 0 -1
    outer loop
      vertex -133.473 -44.0272 -3
      vertex -134 -45.3 -3
      vertex -133.628 -44.2042 -3
    endloop
  endfacet
  facet normal 0 0 -1
    outer loop
      vertex -134 -46.7 -3
      vertex -133.863 -47.3888 -3
      vertex -133.939 -47.1659 -3
    endloop
  endfacet
  facet normal 0 0 -1
    outer loop
      vertex -133.628 -44.2042 -3
      vertex -134 -45.3 -3
      vertex -133.759 -44.4 -3
    endloop
  endfacet
  facet normal 0 0 -1
    outer loop
      vertex -134 -46.7 -3
      vertex -133.939 -47.1659 -3
      vertex -133.985 -46.9349 -3
    endloop
  endfacet
  facet normal 0 0 -1
    outer loop
      vertex -133.759 -44.4 -3
      vertex -134 -45.3 -3
      vertex -133.863 -44.6112 -3
    endloop
  endfacet
  facet normal 0 0 -1
    outer loop
      vertex -133.863 -44.6112 -3
      vertex -134 -45.3 -3
      vertex -133.939 -44.8341 -3
    endloop
  endfacet
  facet normal 0 0 -1
    outer loop
      vertex -133.939 -44.8341 -3
      vertex -134 -45.3 -3
      vertex -133.985 -45.0651 -3
    endloop
  endfacet
  facet normal 0 0 -1
    outer loop
      vertex -132.2 -80.5 -3
      vertex -114.5 -75.5 -3
      vertex -114.5 -80.5 -3
    endloop
  endfacet
  facet normal 0 0 -1
    outer loop
      vertex -132.2 -80.5 -3
      vertex -132.2 -75.5 -3
      vertex -114.5 -75.5 -3
    endloop
  endfacet
  facet normal 0 0 -1
    outer loop
      vertex -134 -78.7 -3
      vertex -132.2 -80.5 -3
      vertex -132.435 -80.4846 -3
    endloop
  endfacet
  facet normal 0 0 -1
    outer loop
      vertex -132.2 -80.5 -3
      vertex -134 -78.7 -3
      vertex -132.2 -75.5 -3
    endloop
  endfacet
  facet normal 0 0 -1
    outer loop
      vertex -134 -78.7 -3
      vertex -132.435 -80.4846 -3
      vertex -132.666 -80.4387 -3
    endloop
  endfacet
  facet normal 0 0 -1
    outer loop
      vertex -134 -77.3 -3
      vertex -132.2 -75.5 -3
      vertex -134 -78.7 -3
    endloop
  endfacet
  facet normal 0 0 -1
    outer loop
      vertex -134 -78.7 -3
      vertex -132.666 -80.4387 -3
      vertex -132.889 -80.363 -3
    endloop
  endfacet
  facet normal 0 0 -1
    outer loop
      vertex -132.2 -75.5 -3
      vertex -134 -77.3 -3
      vertex -132.435 -75.5154 -3
    endloop
  endfacet
  facet normal 0 0 -1
    outer loop
      vertex -134 -78.7 -3
      vertex -132.889 -80.363 -3
      vertex -133.1 -80.2588 -3
    endloop
  endfacet
  facet normal 0 0 -1
    outer loop
      vertex -132.435 -75.5154 -3
      vertex -134 -77.3 -3
      vertex -132.666 -75.5613 -3
    endloop
  endfacet
  facet normal 0 0 -1
    outer loop
      vertex -134 -78.7 -3
      vertex -133.1 -80.2588 -3
      vertex -133.296 -80.128 -3
    endloop
  endfacet
  facet normal 0 0 -1
    outer loop
      vertex -132.666 -75.5613 -3
      vertex -134 -77.3 -3
      vertex -132.889 -75.637 -3
    endloop
  endfacet
  facet normal 0 0 -1
    outer loop
      vertex -134 -78.7 -3
      vertex -133.296 -80.128 -3
      vertex -133.473 -79.9728 -3
    endloop
  endfacet
  facet normal 0 0 -1
    outer loop
      vertex -132.889 -75.637 -3
      vertex -134 -77.3 -3
      vertex -133.1 -75.7412 -3
    endloop
  endfacet
  facet normal 0 0 -1
    outer loop
      vertex -134 -78.7 -3
      vertex -133.473 -79.9728 -3
      vertex -133.628 -79.7958 -3
    endloop
  endfacet
  facet normal 0 0 -1
    outer loop
      vertex -133.1 -75.7412 -3
      vertex -134 -77.3 -3
      vertex -133.296 -75.872 -3
    endloop
  endfacet
  facet normal 0 0 -1
    outer loop
      vertex -134 -78.7 -3
      vertex -133.628 -79.7958 -3
      vertex -133.759 -79.6 -3
    endloop
  endfacet
  facet normal 0 0 -1
    outer loop
      vertex -133.296 -75.872 -3
      vertex -134 -77.3 -3
      vertex -133.473 -76.0272 -3
    endloop
  endfacet
  facet normal 0 0 -1
    outer loop
      vertex -134 -78.7 -3
      vertex -133.759 -79.6 -3
      vertex -133.863 -79.3888 -3
    endloop
  endfacet
  facet normal 0 0 -1
    outer loop
      vertex -133.473 -76.0272 -3
      vertex -134 -77.3 -3
      vertex -133.628 -76.2042 -3
    endloop
  endfacet
  facet normal 0 0 -1
    outer loop
      vertex -134 -78.7 -3
      vertex -133.863 -79.3888 -3
      vertex -133.939 -79.1659 -3
    endloop
  endfacet
  facet normal 0 0 -1
    outer loop
      vertex -133.628 -76.2042 -3
      vertex -134 -77.3 -3
      vertex -133.759 -76.4 -3
    endloop
  endfacet
  facet normal 0 0 -1
    outer loop
      vertex -134 -78.7 -3
      vertex -133.939 -79.1659 -3
      vertex -133.985 -78.9349 -3
    endloop
  endfacet
  facet normal 0 0 -1
    outer loop
      vertex -133.759 -76.4 -3
      vertex -134 -77.3 -3
      vertex -133.863 -76.6112 -3
    endloop
  endfacet
  facet normal 0 0 -1
    outer loop
      vertex -133.863 -76.6112 -3
      vertex -134 -77.3 -3
      vertex -133.939 -76.8341 -3
    endloop
  endfacet
  facet normal 0 0 -1
    outer loop
      vertex -133.939 -76.8341 -3
      vertex -134 -77.3 -3
      vertex -133.985 -77.0651 -3
    endloop
  endfacet
  facet normal 0 0 -1
    outer loop
      vertex -82.5 0.174999 -3
      vertex -77.5 1 -3
      vertex -77.5 0.174999 -3
    endloop
  endfacet
  facet normal -0 0 -1
    outer loop
      vertex -77.5 1 -3
      vertex -82.5 0.174999 -3
      vertex -82.5 1 -3
    endloop
  endfacet
  facet normal 0 0 -1
    outer loop
      vertex -18.5 0.174999 -3
      vertex -13.5 1 -3
      vertex -13.5 0.174999 -3
    endloop
  endfacet
  facet normal -0 0 -1
    outer loop
      vertex -13.5 1 -3
      vertex -18.5 0.174999 -3
      vertex -18.5 1 -3
    endloop
  endfacet
  facet normal 0 0 -1
    outer loop
      vertex 0.174999 -16.5 -3
      vertex 1 -11.5 -3
      vertex 1 -16.5 -3
    endloop
  endfacet
  facet normal -0 0 -1
    outer loop
      vertex 1 -11.5 -3
      vertex 0.174999 -16.5 -3
      vertex 0.174999 -11.5 -3
    endloop
  endfacet
  facet normal 0.997967 -0.0637272 2.95583e-20
    outer loop
      vertex -109.515 -95.4349 0
      vertex -109.5 -95.2 -3
      vertex -109.5 -95.2 0
    endloop
  endfacet
  facet normal 0.997967 -0.0637272 2.95583e-20
    outer loop
      vertex -109.5 -95.2 -3
      vertex -109.515 -95.4349 0
      vertex -109.515 -95.4349 -3
    endloop
  endfacet
  facet normal -1 0 0
    outer loop
      vertex -82.5 -95.2 -3
      vertex -82.5 -80.5 0
      vertex -82.5 -80.5 -3
    endloop
  endfacet
  facet normal -1 -0 0
    outer loop
      vertex -82.5 -80.5 0
      vertex -82.5 -95.2 -3
      vertex -82.5 -95.2 0
    endloop
  endfacet
  facet normal -1 0 0
    outer loop
      vertex -82.5 -43.5 -3
      vertex -82.5 -16.5 0
      vertex -82.5 -16.5 -3
    endloop
  endfacet
  facet normal -1 -0 0
    outer loop
      vertex -82.5 -16.5 0
      vertex -82.5 -43.5 -3
      vertex -82.5 -43.5 0
    endloop
  endfacet
  facet normal -1 0 0
    outer loop
      vertex -82.5 -75.5 -3
      vertex -82.5 -48.5 0
      vertex -82.5 -48.5 -3
    endloop
  endfacet
  facet normal -1 -0 0
    outer loop
      vertex -82.5 -48.5 0
      vertex -82.5 -75.5 -3
      vertex -82.5 -75.5 0
    endloop
  endfacet
  facet normal -1 0 0
    outer loop
      vertex -82.5 -11.5 -3
      vertex -82.5 -0.174999 0
      vertex -82.5 -0.174999 -3
    endloop
  endfacet
  facet normal -1 -0 0
    outer loop
      vertex -82.5 -0.174999 0
      vertex -82.5 -11.5 -3
      vertex -82.5 -11.5 0
    endloop
  endfacet
  facet normal -1 0 0
    outer loop
      vertex -82.5 0.174999 -3
      vertex -82.5 1 0
      vertex -82.5 1 -3
    endloop
  endfacet
  facet normal -1 -0 0
    outer loop
      vertex -82.5 1 0
      vertex -82.5 0.174999 -3
      vertex -82.5 0.174999 0
    endloop
  endfacet
  facet normal 1 -0 0
    outer loop
      vertex -77.5 -95.2 0
      vertex -77.5 -80.5 -3
      vertex -77.5 -80.5 0
    endloop
  endfacet
  facet normal 1 0 0
    outer loop
      vertex -77.5 -80.5 -3
      vertex -77.5 -95.2 0
      vertex -77.5 -95.2 -3
    endloop
  endfacet
  facet normal 1 -0 0
    outer loop
      vertex -77.5 -43.5 0
      vertex -77.5 -16.5 -3
      vertex -77.5 -16.5 0
    endloop
  endfacet
  facet normal 1 0 0
    outer loop
      vertex -77.5 -16.5 -3
      vertex -77.5 -43.5 0
      vertex -77.5 -43.5 -3
    endloop
  endfacet
  facet normal 1 -0 0
    outer loop
      vertex -77.5 -75.5 0
      vertex -77.5 -48.5 -3
      vertex -77.5 -48.5 0
    endloop
  endfacet
  facet normal 1 0 0
    outer loop
      vertex -77.5 -48.5 -3
      vertex -77.5 -75.5 0
      vertex -77.5 -75.5 -3
    endloop
  endfacet
  facet normal 1 -0 0
    outer loop
      vertex -77.5 -11.5 0
      vertex -77.5 -0.174999 -3
      vertex -77.5 -0.174999 0
    endloop
  endfacet
  facet normal 1 0 0
    outer loop
      vertex -77.5 -0.174999 -3
      vertex -77.5 -11.5 0
      vertex -77.5 -11.5 -3
    endloop
  endfacet
  facet normal 1 -0 0
    outer loop
      vertex -77.5 0.174999 0
      vertex -77.5 1 -3
      vertex -77.5 1 0
    endloop
  endfacet
  facet normal 1 0 0
    outer loop
      vertex -77.5 1 -3
      vertex -77.5 0.174999 0
      vertex -77.5 0.174999 -3
    endloop
  endfacet
  facet normal -0.194891 -0.980825 0
    outer loop
      vertex -81.1659 -96.9387 -3
      vertex -80.9349 -96.9846 0
      vertex -81.1659 -96.9387 0
    endloop
  endfacet
  facet normal -0.194891 -0.980825 -0
    outer loop
      vertex -80.9349 -96.9846 0
      vertex -81.1659 -96.9387 -3
      vertex -80.9349 -96.9846 -3
    endloop
  endfacet
  facet normal 0.0654194 -0.997858 0
    outer loop
      vertex -79.3 -97 -3
      vertex -79.0651 -96.9846 0
      vertex -79.3 -97 0
    endloop
  endfacet
  facet normal 0.0654194 -0.997858 0
    outer loop
      vertex -79.0651 -96.9846 0
      vertex -79.3 -97 -3
      vertex -79.0651 -96.9846 -3
    endloop
  endfacet
  facet normal 0.442452 -0.896792 0
    outer loop
      vertex -78.6112 -96.863 -3
      vertex -78.4 -96.7588 0
      vertex -78.6112 -96.863 0
    endloop
  endfacet
  facet normal 0.442452 -0.896792 0
    outer loop
      vertex -78.4 -96.7588 0
      vertex -78.6112 -96.863 -3
      vertex -78.4 -96.7588 -3
    endloop
  endfacet
  facet normal -0.997858 -0.0654194 -1.28467e-19
    outer loop
      vertex -82.4846 -95.4349 -3
      vertex -82.5 -95.2 0
      vertex -82.5 -95.2 -3
    endloop
  endfacet
  facet normal -0.997858 -0.0654194 -1.28467e-19
    outer loop
      vertex -82.5 -95.2 0
      vertex -82.4846 -95.4349 -3
      vertex -82.4846 -95.4349 0
    endloop
  endfacet
  facet normal -0.896792 -0.442452 -1.71539e-18
    outer loop
      vertex -82.2588 -96.1 -3
      vertex -82.363 -95.8888 0
      vertex -82.363 -95.8888 -3
    endloop
  endfacet
  facet normal -0.896792 -0.442452 -1.71539e-18
    outer loop
      vertex -82.363 -95.8888 0
      vertex -82.2588 -96.1 -3
      vertex -82.2588 -96.1 0
    endloop
  endfacet
  facet normal 0 -1 0
    outer loop
      vertex -80.7 -97 -3
      vertex -79.3 -97 0
      vertex -80.7 -97 0
    endloop
  endfacet
  facet normal 0 -1 -0
    outer loop
      vertex -79.3 -97 0
      vertex -80.7 -97 -3
      vertex -79.3 -97 -3
    endloop
  endfacet
  facet normal -0.0654194 -0.997858 0
    outer loop
      vertex -80.9349 -96.9846 -3
      vertex -80.7 -97 0
      vertex -80.9349 -96.9846 0
    endloop
  endfacet
  facet normal -0.0654194 -0.997858 -0
    outer loop
      vertex -80.7 -97 0
      vertex -80.9349 -96.9846 -3
      vertex -80.7 -97 -3
    endloop
  endfacet
  facet normal 0.555484 -0.831527 0
    outer loop
      vertex -78.4 -96.7588 -3
      vertex -78.2042 -96.628 0
      vertex -78.4 -96.7588 0
    endloop
  endfacet
  facet normal 0.555484 -0.831527 0
    outer loop
      vertex -78.2042 -96.628 0
      vertex -78.4 -96.7588 -3
      vertex -78.2042 -96.628 -3
    endloop
  endfacet
  facet normal -0.321575 -0.946884 0
    outer loop
      vertex -81.3888 -96.863 -3
      vertex -81.1659 -96.9387 0
      vertex -81.3888 -96.863 0
    endloop
  endfacet
  facet normal -0.321575 -0.946884 -0
    outer loop
      vertex -81.1659 -96.9387 0
      vertex -81.3888 -96.863 -3
      vertex -81.1659 -96.9387 -3
    endloop
  endfacet
  facet normal -0.831527 -0.555484 -1.47657e-18
    outer loop
      vertex -82.128 -96.2958 -3
      vertex -82.2588 -96.1 0
      vertex -82.2588 -96.1 -3
    endloop
  endfacet
  facet normal -0.831527 -0.555484 -1.47657e-18
    outer loop
      vertex -82.2588 -96.1 0
      vertex -82.128 -96.2958 -3
      vertex -82.128 -96.2958 0
    endloop
  endfacet
  facet normal 0.321575 -0.946884 0
    outer loop
      vertex -78.8341 -96.9387 -3
      vertex -78.6112 -96.863 0
      vertex -78.8341 -96.9387 0
    endloop
  endfacet
  facet normal 0.321575 -0.946884 0
    outer loop
      vertex -78.6112 -96.863 0
      vertex -78.8341 -96.9387 -3
      vertex -78.6112 -96.863 -3
    endloop
  endfacet
  facet normal 0.751892 -0.659286 3.24349e-19
    outer loop
      vertex -78.0272 -96.4728 0
      vertex -77.872 -96.2958 -3
      vertex -77.872 -96.2958 0
    endloop
  endfacet
  facet normal 0.751892 -0.659286 3.24349e-19
    outer loop
      vertex -77.872 -96.2958 -3
      vertex -78.0272 -96.4728 0
      vertex -78.0272 -96.4728 -3
    endloop
  endfacet
  facet normal -0.751892 -0.659286 -3.24349e-19
    outer loop
      vertex -81.9728 -96.4728 -3
      vertex -82.128 -96.2958 0
      vertex -82.128 -96.2958 -3
    endloop
  endfacet
  facet normal -0.751892 -0.659286 -3.24349e-19
    outer loop
      vertex -82.128 -96.2958 0
      vertex -81.9728 -96.4728 -3
      vertex -81.9728 -96.4728 0
    endloop
  endfacet
  facet normal -0.442452 -0.896792 0
    outer loop
      vertex -81.6 -96.7588 -3
      vertex -81.3888 -96.863 0
      vertex -81.6 -96.7588 0
    endloop
  endfacet
  facet normal -0.442452 -0.896792 -0
    outer loop
      vertex -81.3888 -96.863 0
      vertex -81.6 -96.7588 -3
      vertex -81.3888 -96.863 -3
    endloop
  endfacet
  facet normal 0.980825 -0.194891 9.11091e-19
    outer loop
      vertex -77.5613 -95.6659 0
      vertex -77.5154 -95.4349 -3
      vertex -77.5154 -95.4349 0
    endloop
  endfacet
  facet normal 0.980825 -0.194891 9.11091e-19
    outer loop
      vertex -77.5154 -95.4349 -3
      vertex -77.5613 -95.6659 0
      vertex -77.5613 -95.6659 -3
    endloop
  endfacet
  facet normal -0.946884 -0.321575 2.39613e-18
    outer loop
      vertex -82.363 -95.8888 -3
      vertex -82.4387 -95.6659 0
      vertex -82.4387 -95.6659 -3
    endloop
  endfacet
  facet normal -0.946884 -0.321575 2.39613e-18
    outer loop
      vertex -82.4387 -95.6659 0
      vertex -82.363 -95.8888 -3
      vertex -82.363 -95.8888 0
    endloop
  endfacet
  facet normal -0.980825 -0.194891 -9.11091e-19
    outer loop
      vertex -82.4387 -95.6659 -3
      vertex -82.4846 -95.4349 0
      vertex -82.4846 -95.4349 -3
    endloop
  endfacet
  facet normal -0.980825 -0.194891 -9.11091e-19
    outer loop
      vertex -82.4846 -95.4349 0
      vertex -82.4387 -95.6659 -3
      vertex -82.4387 -95.6659 0
    endloop
  endfacet
  facet normal 0.659286 -0.751892 0
    outer loop
      vertex -78.2042 -96.628 -3
      vertex -78.0272 -96.4728 0
      vertex -78.2042 -96.628 0
    endloop
  endfacet
  facet normal 0.659286 -0.751892 0
    outer loop
      vertex -78.0272 -96.4728 0
      vertex -78.2042 -96.628 -3
      vertex -78.0272 -96.4728 -3
    endloop
  endfacet
  facet normal 0.194891 -0.980825 0
    outer loop
      vertex -79.0651 -96.9846 -3
      vertex -78.8341 -96.9387 0
      vertex -79.0651 -96.9846 0
    endloop
  endfacet
  facet normal 0.194891 -0.980825 0
    outer loop
      vertex -78.8341 -96.9387 0
      vertex -79.0651 -96.9846 -3
      vertex -78.8341 -96.9387 -3
    endloop
  endfacet
  facet normal -0.659286 -0.751892 0
    outer loop
      vertex -81.9728 -96.4728 -3
      vertex -81.7958 -96.628 0
      vertex -81.9728 -96.4728 0
    endloop
  endfacet
  facet normal -0.659286 -0.751892 -0
    outer loop
      vertex -81.7958 -96.628 0
      vertex -81.9728 -96.4728 -3
      vertex -81.7958 -96.628 -3
    endloop
  endfacet
  facet normal 0.896792 -0.442452 1.71539e-18
    outer loop
      vertex -77.7412 -96.1 0
      vertex -77.637 -95.8888 -3
      vertex -77.637 -95.8888 0
    endloop
  endfacet
  facet normal 0.896792 -0.442452 1.71539e-18
    outer loop
      vertex -77.637 -95.8888 -3
      vertex -77.7412 -96.1 0
      vertex -77.7412 -96.1 -3
    endloop
  endfacet
  facet normal 0.831527 -0.555484 1.47657e-18
    outer loop
      vertex -77.872 -96.2958 0
      vertex -77.7412 -96.1 -3
      vertex -77.7412 -96.1 0
    endloop
  endfacet
  facet normal 0.831527 -0.555484 1.47657e-18
    outer loop
      vertex -77.7412 -96.1 -3
      vertex -77.872 -96.2958 0
      vertex -77.872 -96.2958 -3
    endloop
  endfacet
  facet normal 0.946884 -0.321575 -2.39613e-18
    outer loop
      vertex -77.637 -95.8888 0
      vertex -77.5613 -95.6659 -3
      vertex -77.5613 -95.6659 0
    endloop
  endfacet
  facet normal 0.946884 -0.321575 -2.39613e-18
    outer loop
      vertex -77.5613 -95.6659 -3
      vertex -77.637 -95.8888 0
      vertex -77.637 -95.8888 -3
    endloop
  endfacet
  facet normal -0.555484 -0.831527 0
    outer loop
      vertex -81.7958 -96.628 -3
      vertex -81.6 -96.7588 0
      vertex -81.7958 -96.628 0
    endloop
  endfacet
  facet normal -0.555484 -0.831527 -0
    outer loop
      vertex -81.6 -96.7588 0
      vertex -81.7958 -96.628 -3
      vertex -81.6 -96.7588 -3
    endloop
  endfacet
  facet normal 0.997858 -0.0654194 1.28467e-19
    outer loop
      vertex -77.5154 -95.4349 0
      vertex -77.5 -95.2 -3
      vertex -77.5 -95.2 0
    endloop
  endfacet
  facet normal 0.997858 -0.0654194 1.28467e-19
    outer loop
      vertex -77.5 -95.2 -3
      vertex -77.5154 -95.4349 0
      vertex -77.5154 -95.4349 -3
    endloop
  endfacet
  facet normal -1 0 0
    outer loop
      vertex -50.5 -95.2 -3
      vertex -50.5 -80.5 0
      vertex -50.5 -80.5 -3
    endloop
  endfacet
  facet normal -1 -0 0
    outer loop
      vertex -50.5 -80.5 0
      vertex -50.5 -95.2 -3
      vertex -50.5 -95.2 0
    endloop
  endfacet
  facet normal -1 0 0
    outer loop
      vertex -50.5 -43.5 -3
      vertex -50.5 -16.5 0
      vertex -50.5 -16.5 -3
    endloop
  endfacet
  facet normal -1 -0 0
    outer loop
      vertex -50.5 -16.5 0
      vertex -50.5 -43.5 -3
      vertex -50.5 -43.5 0
    endloop
  endfacet
  facet normal -1 0 0
    outer loop
      vertex -50.5 -75.5 -3
      vertex -50.5 -48.5 0
      vertex -50.5 -48.5 -3
    endloop
  endfacet
  facet normal -1 -0 0
    outer loop
      vertex -50.5 -48.5 0
      vertex -50.5 -75.5 -3
      vertex -50.5 -75.5 0
    endloop
  endfacet
  facet normal -1 0 0
    outer loop
      vertex -50.5 -11.5 -3
      vertex -50.5 -1.175 0
      vertex -50.5 -1.175 -3
    endloop
  endfacet
  facet normal -1 -0 0
    outer loop
      vertex -50.5 -1.175 0
      vertex -50.5 -11.5 -3
      vertex -50.5 -11.5 0
    endloop
  endfacet
  facet normal 1 -0 0
    outer loop
      vertex -45.5 -95.2 0
      vertex -45.5 -80.5 -3
      vertex -45.5 -80.5 0
    endloop
  endfacet
  facet normal 1 0 0
    outer loop
      vertex -45.5 -80.5 -3
      vertex -45.5 -95.2 0
      vertex -45.5 -95.2 -3
    endloop
  endfacet
  facet normal 1 -0 0
    outer loop
      vertex -45.5 -43.5 0
      vertex -45.5 -16.5 -3
      vertex -45.5 -16.5 0
    endloop
  endfacet
  facet normal 1 0 0
    outer loop
      vertex -45.5 -16.5 -3
      vertex -45.5 -43.5 0
      vertex -45.5 -43.5 -3
    endloop
  endfacet
  facet normal 1 -0 0
    outer loop
      vertex -45.5 -75.5 0
      vertex -45.5 -48.5 -3
      vertex -45.5 -48.5 0
    endloop
  endfacet
  facet normal 1 0 0
    outer loop
      vertex -45.5 -48.5 -3
      vertex -45.5 -75.5 0
      vertex -45.5 -75.5 -3
    endloop
  endfacet
  facet normal 1 -0 0
    outer loop
      vertex -45.5 -11.5 0
      vertex -45.5 -0.788855 -3
      vertex -45.5 -0.788855 0
    endloop
  endfacet
  facet normal 1 0 0
    outer loop
      vertex -45.5 -0.788855 -3
      vertex -45.5 -11.5 0
      vertex -45.5 -11.5 -3
    endloop
  endfacet
  facet normal -0.555484 -0.831527 0
    outer loop
      vertex -49.7958 -96.628 -3
      vertex -49.6 -96.7588 0
      vertex -49.7958 -96.628 0
    endloop
  endfacet
  facet normal -0.555484 -0.831527 -0
    outer loop
      vertex -49.6 -96.7588 0
      vertex -49.7958 -96.628 -3
      vertex -49.6 -96.7588 -3
    endloop
  endfacet
  facet normal -0.194891 -0.980825 0
    outer loop
      vertex -49.1659 -96.9387 -3
      vertex -48.9349 -96.9846 0
      vertex -49.1659 -96.9387 0
    endloop
  endfacet
  facet normal -0.194891 -0.980825 -0
    outer loop
      vertex -48.9349 -96.9846 0
      vertex -49.1659 -96.9387 -3
      vertex -48.9349 -96.9846 -3
    endloop
  endfacet
  facet normal 0.0654194 -0.997858 0
    outer loop
      vertex -47.3 -97 -3
      vertex -47.0651 -96.9846 0
      vertex -47.3 -97 0
    endloop
  endfacet
  facet normal 0.0654194 -0.997858 0
    outer loop
      vertex -47.0651 -96.9846 0
      vertex -47.3 -97 -3
      vertex -47.0651 -96.9846 -3
    endloop
  endfacet
  facet normal 0.442452 -0.896792 0
    outer loop
      vertex -46.6112 -96.863 -3
      vertex -46.4 -96.7588 0
      vertex -46.6112 -96.863 0
    endloop
  endfacet
  facet normal 0.442452 -0.896792 0
    outer loop
      vertex -46.4 -96.7588 0
      vertex -46.6112 -96.863 -3
      vertex -46.4 -96.7588 -3
    endloop
  endfacet
  facet normal -0.997858 -0.0654194 -1.28467e-19
    outer loop
      vertex -50.4846 -95.4349 -3
      vertex -50.5 -95.2 0
      vertex -50.5 -95.2 -3
    endloop
  endfacet
  facet normal -0.997858 -0.0654194 -1.28467e-19
    outer loop
      vertex -50.5 -95.2 0
      vertex -50.4846 -95.4349 -3
      vertex -50.4846 -95.4349 0
    endloop
  endfacet
  facet normal -0.896792 -0.442452 9.24562e-19
    outer loop
      vertex -50.2588 -96.1 -3
      vertex -50.363 -95.8888 0
      vertex -50.363 -95.8888 -3
    endloop
  endfacet
  facet normal -0.896792 -0.442452 9.24562e-19
    outer loop
      vertex -50.363 -95.8888 0
      vertex -50.2588 -96.1 -3
      vertex -50.2588 -96.1 0
    endloop
  endfacet
  facet normal 0 -1 0
    outer loop
      vertex -48.7 -97 -3
      vertex -47.3 -97 0
      vertex -48.7 -97 0
    endloop
  endfacet
  facet normal 0 -1 -0
    outer loop
      vertex -47.3 -97 0
      vertex -48.7 -97 -3
      vertex -47.3 -97 -3
    endloop
  endfacet
  facet normal -0.0654194 -0.997858 0
    outer loop
      vertex -48.9349 -96.9846 -3
      vertex -48.7 -97 0
      vertex -48.9349 -96.9846 0
    endloop
  endfacet
  facet normal -0.0654194 -0.997858 -0
    outer loop
      vertex -48.7 -97 0
      vertex -48.9349 -96.9846 -3
      vertex -48.7 -97 -3
    endloop
  endfacet
  facet normal 0.555484 -0.831527 0
    outer loop
      vertex -46.4 -96.7588 -3
      vertex -46.2042 -96.628 0
      vertex -46.4 -96.7588 0
    endloop
  endfacet
  facet normal 0.555484 -0.831527 0
    outer loop
      vertex -46.2042 -96.628 0
      vertex -46.4 -96.7588 -3
      vertex -46.2042 -96.628 -3
    endloop
  endfacet
  facet normal -0.321575 -0.946884 0
    outer loop
      vertex -49.3888 -96.863 -3
      vertex -49.1659 -96.9387 0
      vertex -49.3888 -96.863 0
    endloop
  endfacet
  facet normal -0.321575 -0.946884 -0
    outer loop
      vertex -49.1659 -96.9387 0
      vertex -49.3888 -96.863 -3
      vertex -49.1659 -96.9387 -3
    endloop
  endfacet
  facet normal -0.831527 -0.555484 -1.46872e-18
    outer loop
      vertex -50.128 -96.2958 -3
      vertex -50.2588 -96.1 0
      vertex -50.2588 -96.1 -3
    endloop
  endfacet
  facet normal -0.831527 -0.555484 -1.46872e-18
    outer loop
      vertex -50.2588 -96.1 0
      vertex -50.128 -96.2958 -3
      vertex -50.128 -96.2958 0
    endloop
  endfacet
  facet normal 0.321575 -0.946884 0
    outer loop
      vertex -46.8341 -96.9387 -3
      vertex -46.6112 -96.863 0
      vertex -46.8341 -96.9387 0
    endloop
  endfacet
  facet normal 0.321575 -0.946884 0
    outer loop
      vertex -46.6112 -96.863 0
      vertex -46.8341 -96.9387 -3
      vertex -46.6112 -96.863 -3
    endloop
  endfacet
  facet normal 0.751892 -0.659286 -2.15166e-18
    outer loop
      vertex -46.0272 -96.4728 0
      vertex -45.872 -96.2958 -3
      vertex -45.872 -96.2958 0
    endloop
  endfacet
  facet normal 0.751892 -0.659286 -2.15166e-18
    outer loop
      vertex -45.872 -96.2958 -3
      vertex -46.0272 -96.4728 0
      vertex -46.0272 -96.4728 -3
    endloop
  endfacet
  facet normal -0.751892 -0.659286 2.15166e-18
    outer loop
      vertex -49.9728 -96.4728 -3
      vertex -50.128 -96.2958 0
      vertex -50.128 -96.2958 -3
    endloop
  endfacet
  facet normal -0.751892 -0.659286 2.15166e-18
    outer loop
      vertex -50.128 -96.2958 0
      vertex -49.9728 -96.4728 -3
      vertex -49.9728 -96.4728 0
    endloop
  endfacet
  facet normal -0.442452 -0.896792 0
    outer loop
      vertex -49.6 -96.7588 -3
      vertex -49.3888 -96.863 0
      vertex -49.6 -96.7588 0
    endloop
  endfacet
  facet normal -0.442452 -0.896792 -0
    outer loop
      vertex -49.3888 -96.863 0
      vertex -49.6 -96.7588 -3
      vertex -49.3888 -96.863 -3
    endloop
  endfacet
  facet normal 0.980825 -0.194891 9.11091e-19
    outer loop
      vertex -45.5613 -95.6659 0
      vertex -45.5154 -95.4349 -3
      vertex -45.5154 -95.4349 0
    endloop
  endfacet
  facet normal 0.980825 -0.194891 9.11091e-19
    outer loop
      vertex -45.5154 -95.4349 -3
      vertex -45.5613 -95.6659 0
      vertex -45.5613 -95.6659 -3
    endloop
  endfacet
  facet normal -0.946884 -0.321575 2.39613e-18
    outer loop
      vertex -50.363 -95.8888 -3
      vertex -50.4387 -95.6659 0
      vertex -50.4387 -95.6659 -3
    endloop
  endfacet
  facet normal -0.946884 -0.321575 2.39613e-18
    outer loop
      vertex -50.4387 -95.6659 0
      vertex -50.363 -95.8888 -3
      vertex -50.363 -95.8888 0
    endloop
  endfacet
  facet normal -0.980825 -0.194891 -9.11091e-19
    outer loop
      vertex -50.4387 -95.6659 -3
      vertex -50.4846 -95.4349 0
      vertex -50.4846 -95.4349 -3
    endloop
  endfacet
  facet normal -0.980825 -0.194891 -9.11091e-19
    outer loop
      vertex -50.4846 -95.4349 0
      vertex -50.4387 -95.6659 -3
      vertex -50.4387 -95.6659 0
    endloop
  endfacet
  facet normal 0.659286 -0.751892 0
    outer loop
      vertex -46.2042 -96.628 -3
      vertex -46.0272 -96.4728 0
      vertex -46.2042 -96.628 0
    endloop
  endfacet
  facet normal 0.659286 -0.751892 0
    outer loop
      vertex -46.0272 -96.4728 0
      vertex -46.2042 -96.628 -3
      vertex -46.0272 -96.4728 -3
    endloop
  endfacet
  facet normal 0.194891 -0.980825 0
    outer loop
      vertex -47.0651 -96.9846 -3
      vertex -46.8341 -96.9387 0
      vertex -47.0651 -96.9846 0
    endloop
  endfacet
  facet normal 0.194891 -0.980825 0
    outer loop
      vertex -46.8341 -96.9387 0
      vertex -47.0651 -96.9846 -3
      vertex -46.8341 -96.9387 -3
    endloop
  endfacet
  facet normal -0.659286 -0.751892 0
    outer loop
      vertex -49.9728 -96.4728 -3
      vertex -49.7958 -96.628 0
      vertex -49.9728 -96.4728 0
    endloop
  endfacet
  facet normal -0.659286 -0.751892 -0
    outer loop
      vertex -49.7958 -96.628 0
      vertex -49.9728 -96.4728 -3
      vertex -49.7958 -96.628 -3
    endloop
  endfacet
  facet normal 0.896792 -0.442452 -9.24562e-19
    outer loop
      vertex -45.7412 -96.1 0
      vertex -45.637 -95.8888 -3
      vertex -45.637 -95.8888 0
    endloop
  endfacet
  facet normal 0.896792 -0.442452 -9.24562e-19
    outer loop
      vertex -45.637 -95.8888 -3
      vertex -45.7412 -96.1 0
      vertex -45.7412 -96.1 -3
    endloop
  endfacet
  facet normal 0.831527 -0.555484 1.46872e-18
    outer loop
      vertex -45.872 -96.2958 0
      vertex -45.7412 -96.1 -3
      vertex -45.7412 -96.1 0
    endloop
  endfacet
  facet normal 0.831527 -0.555484 1.46872e-18
    outer loop
      vertex -45.7412 -96.1 -3
      vertex -45.872 -96.2958 0
      vertex -45.872 -96.2958 -3
    endloop
  endfacet
  facet normal 0.946884 -0.321575 -2.39613e-18
    outer loop
      vertex -45.637 -95.8888 0
      vertex -45.5613 -95.6659 -3
      vertex -45.5613 -95.6659 0
    endloop
  endfacet
  facet normal 0.946884 -0.321575 -2.39613e-18
    outer loop
      vertex -45.5613 -95.6659 -3
      vertex -45.637 -95.8888 0
      vertex -45.637 -95.8888 -3
    endloop
  endfacet
  facet normal 0.997858 -0.0654194 1.28467e-19
    outer loop
      vertex -45.5154 -95.4349 0
      vertex -45.5 -95.2 -3
      vertex -45.5 -95.2 0
    endloop
  endfacet
  facet normal 0.997858 -0.0654194 1.28467e-19
    outer loop
      vertex -45.5 -95.2 -3
      vertex -45.5154 -95.4349 0
      vertex -45.5154 -95.4349 -3
    endloop
  endfacet
  facet normal -1 0 0
    outer loop
      vertex -18.5 -95.2 -3
      vertex -18.5 -80.5 0
      vertex -18.5 -80.5 -3
    endloop
  endfacet
  facet normal -1 -0 0
    outer loop
      vertex -18.5 -80.5 0
      vertex -18.5 -95.2 -3
      vertex -18.5 -95.2 0
    endloop
  endfacet
  facet normal -1 0 0
    outer loop
      vertex -18.5 -43.5 -3
      vertex -18.5 -16.5 0
      vertex -18.5 -16.5 -3
    endloop
  endfacet
  facet normal -1 -0 0
    outer loop
      vertex -18.5 -16.5 0
      vertex -18.5 -43.5 -3
      vertex -18.5 -43.5 0
    endloop
  endfacet
  facet normal -1 0 0
    outer loop
      vertex -18.5 -75.5 -3
      vertex -18.5 -48.5 0
      vertex -18.5 -48.5 -3
    endloop
  endfacet
  facet normal -1 -0 0
    outer loop
      vertex -18.5 -48.5 0
      vertex -18.5 -75.5 -3
      vertex -18.5 -75.5 0
    endloop
  endfacet
  facet normal -1 0 0
    outer loop
      vertex -18.5 -11.5 -3
      vertex -18.5 -0.174999 0
      vertex -18.5 -0.174999 -3
    endloop
  endfacet
  facet normal -1 -0 0
    outer loop
      vertex -18.5 -0.174999 0
      vertex -18.5 -11.5 -3
      vertex -18.5 -11.5 0
    endloop
  endfacet
  facet normal -1 0 0
    outer loop
      vertex -18.5 0.174999 -3
      vertex -18.5 1 0
      vertex -18.5 1 -3
    endloop
  endfacet
  facet normal -1 -0 0
    outer loop
      vertex -18.5 1 0
      vertex -18.5 0.174999 -3
      vertex -18.5 0.174999 0
    endloop
  endfacet
  facet normal 1 -0 0
    outer loop
      vertex -13.5 -95.2 0
      vertex -13.5 -80.5 -3
      vertex -13.5 -80.5 0
    endloop
  endfacet
  facet normal 1 0 0
    outer loop
      vertex -13.5 -80.5 -3
      vertex -13.5 -95.2 0
      vertex -13.5 -95.2 -3
    endloop
  endfacet
  facet normal 1 -0 0
    outer loop
      vertex -13.5 -43.5 0
      vertex -13.5 -16.5 -3
      vertex -13.5 -16.5 0
    endloop
  endfacet
  facet normal 1 0 0
    outer loop
      vertex -13.5 -16.5 -3
      vertex -13.5 -43.5 0
      vertex -13.5 -43.5 -3
    endloop
  endfacet
  facet normal 1 -0 0
    outer loop
      vertex -13.5 -75.5 0
      vertex -13.5 -48.5 -3
      vertex -13.5 -48.5 0
    endloop
  endfacet
  facet normal 1 0 0
    outer loop
      vertex -13.5 -48.5 -3
      vertex -13.5 -75.5 0
      vertex -13.5 -75.5 -3
    endloop
  endfacet
  facet normal 1 -0 0
    outer loop
      vertex -13.5 -11.5 0
      vertex -13.5 -0.174999 -3
      vertex -13.5 -0.174999 0
    endloop
  endfacet
  facet normal 1 0 0
    outer loop
      vertex -13.5 -0.174999 -3
      vertex -13.5 -11.5 0
      vertex -13.5 -11.5 -3
    endloop
  endfacet
  facet normal 1 -0 0
    outer loop
      vertex -13.5 0.174999 0
      vertex -13.5 1 -3
      vertex -13.5 1 0
    endloop
  endfacet
  facet normal 1 0 0
    outer loop
      vertex -13.5 1 -3
      vertex -13.5 0.174999 0
      vertex -13.5 0.174999 -3
    endloop
  endfacet
  facet normal -0.194891 -0.980825 0
    outer loop
      vertex -17.1659 -96.9387 -3
      vertex -16.9349 -96.9846 0
      vertex -17.1659 -96.9387 0
    endloop
  endfacet
  facet normal -0.194891 -0.980825 -0
    outer loop
      vertex -16.9349 -96.9846 0
      vertex -17.1659 -96.9387 -3
      vertex -16.9349 -96.9846 -3
    endloop
  endfacet
  facet normal 0.0654194 -0.997858 0
    outer loop
      vertex -15.3 -97 -3
      vertex -15.0651 -96.9846 0
      vertex -15.3 -97 0
    endloop
  endfacet
  facet normal 0.0654194 -0.997858 0
    outer loop
      vertex -15.0651 -96.9846 0
      vertex -15.3 -97 -3
      vertex -15.0651 -96.9846 -3
    endloop
  endfacet
  facet normal 0.442452 -0.896792 0
    outer loop
      vertex -14.6112 -96.863 -3
      vertex -14.4 -96.7588 0
      vertex -14.6112 -96.863 0
    endloop
  endfacet
  facet normal 0.442452 -0.896792 0
    outer loop
      vertex -14.4 -96.7588 0
      vertex -14.6112 -96.863 -3
      vertex -14.4 -96.7588 -3
    endloop
  endfacet
  facet normal -0.997858 -0.0654194 -1.28467e-19
    outer loop
      vertex -18.4846 -95.4349 -3
      vertex -18.5 -95.2 0
      vertex -18.5 -95.2 -3
    endloop
  endfacet
  facet normal -0.997858 -0.0654194 -1.28467e-19
    outer loop
      vertex -18.5 -95.2 0
      vertex -18.4846 -95.4349 -3
      vertex -18.4846 -95.4349 0
    endloop
  endfacet
  facet normal -0.896792 -0.442452 9.24562e-19
    outer loop
      vertex -18.2588 -96.1 -3
      vertex -18.363 -95.8888 0
      vertex -18.363 -95.8888 -3
    endloop
  endfacet
  facet normal -0.896792 -0.442452 9.24562e-19
    outer loop
      vertex -18.363 -95.8888 0
      vertex -18.2588 -96.1 -3
      vertex -18.2588 -96.1 0
    endloop
  endfacet
  facet normal 0 -1 0
    outer loop
      vertex -16.7 -97 -3
      vertex -15.3 -97 0
      vertex -16.7 -97 0
    endloop
  endfacet
  facet normal 0 -1 -0
    outer loop
      vertex -15.3 -97 0
      vertex -16.7 -97 -3
      vertex -15.3 -97 -3
    endloop
  endfacet
  facet normal -0.0654194 -0.997858 0
    outer loop
      vertex -16.9349 -96.9846 -3
      vertex -16.7 -97 0
      vertex -16.9349 -96.9846 0
    endloop
  endfacet
  facet normal -0.0654194 -0.997858 -0
    outer loop
      vertex -16.7 -97 0
      vertex -16.9349 -96.9846 -3
      vertex -16.7 -97 -3
    endloop
  endfacet
  facet normal 0.555484 -0.831527 0
    outer loop
      vertex -14.4 -96.7588 -3
      vertex -14.2042 -96.628 0
      vertex -14.4 -96.7588 0
    endloop
  endfacet
  facet normal 0.555484 -0.831527 0
    outer loop
      vertex -14.2042 -96.628 0
      vertex -14.4 -96.7588 -3
      vertex -14.2042 -96.628 -3
    endloop
  endfacet
  facet normal -0.321575 -0.946884 0
    outer loop
      vertex -17.3888 -96.863 -3
      vertex -17.1659 -96.9387 0
      vertex -17.3888 -96.863 0
    endloop
  endfacet
  facet normal -0.321575 -0.946884 -0
    outer loop
      vertex -17.1659 -96.9387 0
      vertex -17.3888 -96.863 -3
      vertex -17.1659 -96.9387 -3
    endloop
  endfacet
  facet normal -0.831527 -0.555484 -1.46872e-18
    outer loop
      vertex -18.128 -96.2958 -3
      vertex -18.2588 -96.1 0
      vertex -18.2588 -96.1 -3
    endloop
  endfacet
  facet normal -0.831527 -0.555484 -1.46872e-18
    outer loop
      vertex -18.2588 -96.1 0
      vertex -18.128 -96.2958 -3
      vertex -18.128 -96.2958 0
    endloop
  endfacet
  facet normal 0.321575 -0.946884 0
    outer loop
      vertex -14.8341 -96.9387 -3
      vertex -14.6112 -96.863 0
      vertex -14.8341 -96.9387 0
    endloop
  endfacet
  facet normal 0.321575 -0.946884 0
    outer loop
      vertex -14.6112 -96.863 0
      vertex -14.8341 -96.9387 -3
      vertex -14.6112 -96.863 -3
    endloop
  endfacet
  facet normal 0.751892 -0.659286 -2.15166e-18
    outer loop
      vertex -14.0272 -96.4728 0
      vertex -13.872 -96.2958 -3
      vertex -13.872 -96.2958 0
    endloop
  endfacet
  facet normal 0.751892 -0.659286 -2.15166e-18
    outer loop
      vertex -13.872 -96.2958 -3
      vertex -14.0272 -96.4728 0
      vertex -14.0272 -96.4728 -3
    endloop
  endfacet
  facet normal -0.751892 -0.659286 2.15166e-18
    outer loop
      vertex -17.9728 -96.4728 -3
      vertex -18.128 -96.2958 0
      vertex -18.128 -96.2958 -3
    endloop
  endfacet
  facet normal -0.751892 -0.659286 2.15166e-18
    outer loop
      vertex -18.128 -96.2958 0
      vertex -17.9728 -96.4728 -3
      vertex -17.9728 -96.4728 0
    endloop
  endfacet
  facet normal -0.442452 -0.896792 0
    outer loop
      vertex -17.6 -96.7588 -3
      vertex -17.3888 -96.863 0
      vertex -17.6 -96.7588 0
    endloop
  endfacet
  facet normal -0.442452 -0.896792 -0
    outer loop
      vertex -17.3888 -96.863 0
      vertex -17.6 -96.7588 -3
      vertex -17.3888 -96.863 -3
    endloop
  endfacet
  facet normal 0.980825 -0.194891 6.95032e-19
    outer loop
      vertex -13.5613 -95.6659 0
      vertex -13.5154 -95.4349 -3
      vertex -13.5154 -95.4349 0
    endloop
  endfacet
  facet normal 0.980825 -0.194891 6.95032e-19
    outer loop
      vertex -13.5154 -95.4349 -3
      vertex -13.5613 -95.6659 0
      vertex -13.5613 -95.6659 -3
    endloop
  endfacet
  facet normal -0.946884 -0.321575 1.16991e-18
    outer loop
      vertex -18.363 -95.8888 -3
      vertex -18.4387 -95.6659 0
      vertex -18.4387 -95.6659 -3
    endloop
  endfacet
  facet normal -0.946884 -0.321575 1.16991e-18
    outer loop
      vertex -18.4387 -95.6659 0
      vertex -18.363 -95.8888 -3
      vertex -18.363 -95.8888 0
    endloop
  endfacet
  facet normal -0.980825 -0.194891 -6.95032e-19
    outer loop
      vertex -18.4387 -95.6659 -3
      vertex -18.4846 -95.4349 0
      vertex -18.4846 -95.4349 -3
    endloop
  endfacet
  facet normal -0.980825 -0.194891 -6.95032e-19
    outer loop
      vertex -18.4846 -95.4349 0
      vertex -18.4387 -95.6659 -3
      vertex -18.4387 -95.6659 0
    endloop
  endfacet
  facet normal 0.659286 -0.751892 0
    outer loop
      vertex -14.2042 -96.628 -3
      vertex -14.0272 -96.4728 0
      vertex -14.2042 -96.628 0
    endloop
  endfacet
  facet normal 0.659286 -0.751892 0
    outer loop
      vertex -14.0272 -96.4728 0
      vertex -14.2042 -96.628 -3
      vertex -14.0272 -96.4728 -3
    endloop
  endfacet
  facet normal 0.194891 -0.980825 0
    outer loop
      vertex -15.0651 -96.9846 -3
      vertex -14.8341 -96.9387 0
      vertex -15.0651 -96.9846 0
    endloop
  endfacet
  facet normal 0.194891 -0.980825 0
    outer loop
      vertex -14.8341 -96.9387 0
      vertex -15.0651 -96.9846 -3
      vertex -14.8341 -96.9387 -3
    endloop
  endfacet
  facet normal -0.659286 -0.751892 0
    outer loop
      vertex -17.9728 -96.4728 -3
      vertex -17.7958 -96.628 0
      vertex -17.9728 -96.4728 0
    endloop
  endfacet
  facet normal -0.659286 -0.751892 -0
    outer loop
      vertex -17.7958 -96.628 0
      vertex -17.9728 -96.4728 -3
      vertex -17.7958 -96.628 -3
    endloop
  endfacet
  facet normal 0.896792 -0.442452 -9.24562e-19
    outer loop
      vertex -13.7412 -96.1 0
      vertex -13.637 -95.8888 -3
      vertex -13.637 -95.8888 0
    endloop
  endfacet
  facet normal 0.896792 -0.442452 -9.24562e-19
    outer loop
      vertex -13.637 -95.8888 -3
      vertex -13.7412 -96.1 0
      vertex -13.7412 -96.1 -3
    endloop
  endfacet
  facet normal 0.831527 -0.555484 1.46872e-18
    outer loop
      vertex -13.872 -96.2958 0
      vertex -13.7412 -96.1 -3
      vertex -13.7412 -96.1 0
    endloop
  endfacet
  facet normal 0.831527 -0.555484 1.46872e-18
    outer loop
      vertex -13.7412 -96.1 -3
      vertex -13.872 -96.2958 0
      vertex -13.872 -96.2958 -3
    endloop
  endfacet
  facet normal 0.946884 -0.321575 -1.16991e-18
    outer loop
      vertex -13.637 -95.8888 0
      vertex -13.5613 -95.6659 -3
      vertex -13.5613 -95.6659 0
    endloop
  endfacet
  facet normal 0.946884 -0.321575 -1.16991e-18
    outer loop
      vertex -13.5613 -95.6659 -3
      vertex -13.637 -95.8888 0
      vertex -13.637 -95.8888 -3
    endloop
  endfacet
  facet normal -0.555484 -0.831527 0
    outer loop
      vertex -17.7958 -96.628 -3
      vertex -17.6 -96.7588 0
      vertex -17.7958 -96.628 0
    endloop
  endfacet
  facet normal -0.555484 -0.831527 -0
    outer loop
      vertex -17.6 -96.7588 0
      vertex -17.7958 -96.628 -3
      vertex -17.6 -96.7588 -3
    endloop
  endfacet
  facet normal 0.997858 -0.0654194 1.28467e-19
    outer loop
      vertex -13.5154 -95.4349 0
      vertex -13.5 -95.2 -3
      vertex -13.5 -95.2 0
    endloop
  endfacet
  facet normal 0.997858 -0.0654194 1.28467e-19
    outer loop
      vertex -13.5 -95.2 -3
      vertex -13.5154 -95.4349 0
      vertex -13.5154 -95.4349 -3
    endloop
  endfacet
  facet normal -0.0653917 0.99786 0
    outer loop
      vertex -132.2 -75.5 -3
      vertex -132.435 -75.5154 0
      vertex -132.2 -75.5 0
    endloop
  endfacet
  facet normal -0.0653917 0.99786 0
    outer loop
      vertex -132.435 -75.5154 0
      vertex -132.2 -75.5 -3
      vertex -132.435 -75.5154 -3
    endloop
  endfacet
  facet normal -0.194891 0.980825 0
    outer loop
      vertex -132.435 -75.5154 -3
      vertex -132.666 -75.5613 0
      vertex -132.435 -75.5154 0
    endloop
  endfacet
  facet normal -0.194891 0.980825 0
    outer loop
      vertex -132.666 -75.5613 0
      vertex -132.435 -75.5154 -3
      vertex -132.666 -75.5613 -3
    endloop
  endfacet
  facet normal -0.321446 0.946928 0
    outer loop
      vertex -132.666 -75.5613 -3
      vertex -132.889 -75.637 0
      vertex -132.666 -75.5613 0
    endloop
  endfacet
  facet normal -0.321446 0.946928 0
    outer loop
      vertex -132.889 -75.637 0
      vertex -132.666 -75.5613 -3
      vertex -132.889 -75.637 -3
    endloop
  endfacet
  facet normal 0 -1 0
    outer loop
      vertex -132.2 -80.5 -3
      vertex -114.5 -80.5 0
      vertex -132.2 -80.5 0
    endloop
  endfacet
  facet normal 0 -1 -0
    outer loop
      vertex -114.5 -80.5 0
      vertex -132.2 -80.5 -3
      vertex -114.5 -80.5 -3
    endloop
  endfacet
  facet normal 0 -1 0
    outer loop
      vertex -109.5 -80.5 -3
      vertex -82.5 -80.5 0
      vertex -109.5 -80.5 0
    endloop
  endfacet
  facet normal 0 -1 -0
    outer loop
      vertex -82.5 -80.5 0
      vertex -109.5 -80.5 -3
      vertex -82.5 -80.5 -3
    endloop
  endfacet
  facet normal 0 -1 0
    outer loop
      vertex -77.5 -80.5 -3
      vertex -50.5 -80.5 0
      vertex -77.5 -80.5 0
    endloop
  endfacet
  facet normal 0 -1 -0
    outer loop
      vertex -50.5 -80.5 0
      vertex -77.5 -80.5 -3
      vertex -50.5 -80.5 -3
    endloop
  endfacet
  facet normal 0 -1 0
    outer loop
      vertex -45.5 -80.5 -3
      vertex -18.5 -80.5 0
      vertex -45.5 -80.5 0
    endloop
  endfacet
  facet normal 0 -1 -0
    outer loop
      vertex -18.5 -80.5 0
      vertex -45.5 -80.5 -3
      vertex -18.5 -80.5 -3
    endloop
  endfacet
  facet normal 0 -1 0
    outer loop
      vertex -13.5 -80.5 -3
      vertex -1.175 -80.5 0
      vertex -13.5 -80.5 0
    endloop
  endfacet
  facet normal 0 -1 -0
    outer loop
      vertex -1.175 -80.5 0
      vertex -13.5 -80.5 -3
      vertex -1.175 -80.5 -3
    endloop
  endfacet
  facet normal 0 1 -0
    outer loop
      vertex -114.5 -75.5 -3
      vertex -132.2 -75.5 0
      vertex -114.5 -75.5 0
    endloop
  endfacet
  facet normal 0 1 0
    outer loop
      vertex -132.2 -75.5 0
      vertex -114.5 -75.5 -3
      vertex -132.2 -75.5 -3
    endloop
  endfacet
  facet normal 0 1 -0
    outer loop
      vertex -82.5 -75.5 -3
      vertex -109.5 -75.5 0
      vertex -82.5 -75.5 0
    endloop
  endfacet
  facet normal 0 1 0
    outer loop
      vertex -109.5 -75.5 0
      vertex -82.5 -75.5 -3
      vertex -109.5 -75.5 -3
    endloop
  endfacet
  facet normal 0 1 -0
    outer loop
      vertex -50.5 -75.5 -3
      vertex -77.5 -75.5 0
      vertex -50.5 -75.5 0
    endloop
  endfacet
  facet normal 0 1 0
    outer loop
      vertex -77.5 -75.5 0
      vertex -50.5 -75.5 -3
      vertex -77.5 -75.5 -3
    endloop
  endfacet
  facet normal 0 1 -0
    outer loop
      vertex -18.5 -75.5 -3
      vertex -45.5 -75.5 0
      vertex -18.5 -75.5 0
    endloop
  endfacet
  facet normal 0 1 0
    outer loop
      vertex -45.5 -75.5 0
      vertex -18.5 -75.5 -3
      vertex -45.5 -75.5 -3
    endloop
  endfacet
  facet normal 0 1 -0
    outer loop
      vertex -1.175 -75.5 -3
      vertex -13.5 -75.5 0
      vertex -1.175 -75.5 0
    endloop
  endfacet
  facet normal 0 1 0
    outer loop
      vertex -13.5 -75.5 0
      vertex -1.175 -75.5 -3
      vertex -13.5 -75.5 -3
    endloop
  endfacet
  facet normal -0.555092 -0.831789 0
    outer loop
      vertex -133.296 -80.128 -3
      vertex -133.1 -80.2588 0
      vertex -133.296 -80.128 0
    endloop
  endfacet
  facet normal -0.555092 -0.831789 -0
    outer loop
      vertex -133.1 -80.2588 0
      vertex -133.296 -80.128 -3
      vertex -133.1 -80.2588 -3
    endloop
  endfacet
  facet normal -0.659286 0.751892 0
    outer loop
      vertex -133.296 -75.872 -3
      vertex -133.473 -76.0272 0
      vertex -133.296 -75.872 0
    endloop
  endfacet
  facet normal -0.659286 0.751892 0
    outer loop
      vertex -133.473 -76.0272 0
      vertex -133.296 -75.872 -3
      vertex -133.473 -76.0272 -3
    endloop
  endfacet
  facet normal -0.997967 -0.0637272 9.52392e-20
    outer loop
      vertex -133.985 -78.9349 -3
      vertex -134 -78.7 0
      vertex -134 -78.7 -3
    endloop
  endfacet
  facet normal -0.997967 -0.0637272 9.52392e-20
    outer loop
      vertex -134 -78.7 0
      vertex -133.985 -78.9349 -3
      vertex -133.985 -78.9349 0
    endloop
  endfacet
  facet normal -0.980744 0.1953 -1.11823e-18
    outer loop
      vertex -133.985 -77.0651 -3
      vertex -133.939 -76.8341 0
      vertex -133.939 -76.8341 -3
    endloop
  endfacet
  facet normal -0.980744 0.1953 -1.11823e-18
    outer loop
      vertex -133.939 -76.8341 0
      vertex -133.985 -77.0651 -3
      vertex -133.985 -77.0651 0
    endloop
  endfacet
  facet normal -0.831135 0.556071 1.68846e-18
    outer loop
      vertex -133.759 -76.4 -3
      vertex -133.628 -76.2042 0
      vertex -133.628 -76.2042 -3
    endloop
  endfacet
  facet normal -0.831135 0.556071 1.68846e-18
    outer loop
      vertex -133.628 -76.2042 0
      vertex -133.759 -76.4 -3
      vertex -133.759 -76.4 0
    endloop
  endfacet
  facet normal -0.897129 -0.441768 -2.35302e-18
    outer loop
      vertex -133.759 -79.6 -3
      vertex -133.863 -79.3888 0
      vertex -133.863 -79.3888 -3
    endloop
  endfacet
  facet normal -0.897129 -0.441768 -2.35302e-18
    outer loop
      vertex -133.863 -79.3888 0
      vertex -133.759 -79.6 -3
      vertex -133.759 -79.6 0
    endloop
  endfacet
  facet normal -0.897129 0.441768 2.35302e-18
    outer loop
      vertex -133.863 -76.6112 -3
      vertex -133.759 -76.4 0
      vertex -133.759 -76.4 -3
    endloop
  endfacet
  facet normal -0.897129 0.441768 2.35302e-18
    outer loop
      vertex -133.759 -76.4 0
      vertex -133.863 -76.6112 -3
      vertex -133.863 -76.6112 0
    endloop
  endfacet
  facet normal -0.194891 -0.980825 0
    outer loop
      vertex -132.666 -80.4387 -3
      vertex -132.435 -80.4846 0
      vertex -132.666 -80.4387 0
    endloop
  endfacet
  facet normal -0.194891 -0.980825 -0
    outer loop
      vertex -132.435 -80.4846 0
      vertex -132.666 -80.4387 -3
      vertex -132.435 -80.4846 -3
    endloop
  endfacet
  facet normal -0.980744 -0.1953 1.11823e-18
    outer loop
      vertex -133.939 -79.1659 -3
      vertex -133.985 -78.9349 0
      vertex -133.985 -78.9349 -3
    endloop
  endfacet
  facet normal -0.980744 -0.1953 1.11823e-18
    outer loop
      vertex -133.985 -78.9349 0
      vertex -133.939 -79.1659 -3
      vertex -133.939 -79.1659 0
    endloop
  endfacet
  facet normal -0.831135 -0.556071 -1.68846e-18
    outer loop
      vertex -133.628 -79.7958 -3
      vertex -133.759 -79.6 0
      vertex -133.759 -79.6 -3
    endloop
  endfacet
  facet normal -0.831135 -0.556071 -1.68846e-18
    outer loop
      vertex -133.759 -79.6 0
      vertex -133.628 -79.7958 -3
      vertex -133.628 -79.7958 0
    endloop
  endfacet
  facet normal -0.997967 0.0637272 -9.52392e-20
    outer loop
      vertex -134 -77.3 -3
      vertex -133.985 -77.0651 0
      vertex -133.985 -77.0651 -3
    endloop
  endfacet
  facet normal -0.997967 0.0637272 -9.52392e-20
    outer loop
      vertex -133.985 -77.0651 0
      vertex -134 -77.3 -3
      vertex -134 -77.3 0
    endloop
  endfacet
  facet normal -0.442789 0.896626 0
    outer loop
      vertex -132.889 -75.637 -3
      vertex -133.1 -75.7412 0
      vertex -132.889 -75.637 0
    endloop
  endfacet
  facet normal -0.442789 0.896626 0
    outer loop
      vertex -133.1 -75.7412 0
      vertex -132.889 -75.637 -3
      vertex -133.1 -75.7412 -3
    endloop
  endfacet
  facet normal -0.946495 -0.322717 -7.89365e-19
    outer loop
      vertex -133.863 -79.3888 -3
      vertex -133.939 -79.1659 0
      vertex -133.939 -79.1659 -3
    endloop
  endfacet
  facet normal -0.946495 -0.322717 -7.89365e-19
    outer loop
      vertex -133.939 -79.1659 0
      vertex -133.863 -79.3888 -3
      vertex -133.863 -79.3888 0
    endloop
  endfacet
  facet normal -0.442789 -0.896626 0
    outer loop
      vertex -133.1 -80.2588 -3
      vertex -132.889 -80.363 0
      vertex -133.1 -80.2588 0
    endloop
  endfacet
  facet normal -0.442789 -0.896626 -0
    outer loop
      vertex -132.889 -80.363 0
      vertex -133.1 -80.2588 -3
      vertex -132.889 -80.363 -3
    endloop
  endfacet
  facet normal -0.0653917 -0.99786 0
    outer loop
      vertex -132.435 -80.4846 -3
      vertex -132.2 -80.5 0
      vertex -132.435 -80.4846 0
    endloop
  endfacet
  facet normal -0.0653917 -0.99786 -0
    outer loop
      vertex -132.2 -80.5 0
      vertex -132.435 -80.4846 -3
      vertex -132.2 -80.5 -3
    endloop
  endfacet
  facet normal -1 0 0
    outer loop
      vertex -134 -78.7 -3
      vertex -134 -77.3 0
      vertex -134 -77.3 -3
    endloop
  endfacet
  facet normal -1 -0 0
    outer loop
      vertex -134 -77.3 0
      vertex -134 -78.7 -3
      vertex -134 -78.7 0
    endloop
  endfacet
  facet normal -0.752313 -0.658805 -1.84507e-18
    outer loop
      vertex -133.473 -79.9728 -3
      vertex -133.628 -79.7958 0
      vertex -133.628 -79.7958 -3
    endloop
  endfacet
  facet normal -0.752313 -0.658805 -1.84507e-18
    outer loop
      vertex -133.628 -79.7958 0
      vertex -133.473 -79.9728 -3
      vertex -133.473 -79.9728 0
    endloop
  endfacet
  facet normal -0.321446 -0.946928 0
    outer loop
      vertex -132.889 -80.363 -3
      vertex -132.666 -80.4387 0
      vertex -132.889 -80.363 0
    endloop
  endfacet
  facet normal -0.321446 -0.946928 -0
    outer loop
      vertex -132.666 -80.4387 0
      vertex -132.889 -80.363 -3
      vertex -132.666 -80.4387 -3
    endloop
  endfacet
  facet normal -0.555092 0.831789 0
    outer loop
      vertex -133.1 -75.7412 -3
      vertex -133.296 -75.872 0
      vertex -133.1 -75.7412 0
    endloop
  endfacet
  facet normal -0.555092 0.831789 0
    outer loop
      vertex -133.296 -75.872 0
      vertex -133.1 -75.7412 -3
      vertex -133.296 -75.872 -3
    endloop
  endfacet
  facet normal -0.946495 0.322717 7.89365e-19
    outer loop
      vertex -133.939 -76.8341 -3
      vertex -133.863 -76.6112 0
      vertex -133.863 -76.6112 -3
    endloop
  endfacet
  facet normal -0.946495 0.322717 7.89365e-19
    outer loop
      vertex -133.863 -76.6112 0
      vertex -133.939 -76.8341 -3
      vertex -133.939 -76.8341 0
    endloop
  endfacet
  facet normal -0.752313 0.658805 1.84507e-18
    outer loop
      vertex -133.628 -76.2042 -3
      vertex -133.473 -76.0272 0
      vertex -133.473 -76.0272 -3
    endloop
  endfacet
  facet normal -0.752313 0.658805 1.84507e-18
    outer loop
      vertex -133.473 -76.0272 0
      vertex -133.628 -76.2042 -3
      vertex -133.628 -76.2042 0
    endloop
  endfacet
  facet normal -0.659286 -0.751892 0
    outer loop
      vertex -133.473 -79.9728 -3
      vertex -133.296 -80.128 0
      vertex -133.473 -79.9728 0
    endloop
  endfacet
  facet normal -0.659286 -0.751892 -0
    outer loop
      vertex -133.296 -80.128 0
      vertex -133.473 -79.9728 -3
      vertex -133.296 -80.128 -3
    endloop
  endfacet
  facet normal -0.0653917 0.99786 0
    outer loop
      vertex -132.2 -43.5 -3
      vertex -132.435 -43.5154 0
      vertex -132.2 -43.5 0
    endloop
  endfacet
  facet normal -0.0653917 0.99786 0
    outer loop
      vertex -132.435 -43.5154 0
      vertex -132.2 -43.5 -3
      vertex -132.435 -43.5154 -3
    endloop
  endfacet
  facet normal -0.194891 0.980825 0
    outer loop
      vertex -132.435 -43.5154 -3
      vertex -132.666 -43.5613 0
      vertex -132.435 -43.5154 0
    endloop
  endfacet
  facet normal -0.194891 0.980825 0
    outer loop
      vertex -132.666 -43.5613 0
      vertex -132.435 -43.5154 -3
      vertex -132.666 -43.5613 -3
    endloop
  endfacet
  facet normal -0.321446 0.946928 0
    outer loop
      vertex -132.666 -43.5613 -3
      vertex -132.889 -43.637 0
      vertex -132.666 -43.5613 0
    endloop
  endfacet
  facet normal -0.321446 0.946928 0
    outer loop
      vertex -132.889 -43.637 0
      vertex -132.666 -43.5613 -3
      vertex -132.889 -43.637 -3
    endloop
  endfacet
  facet normal 0 -1 0
    outer loop
      vertex -132.2 -48.5 -3
      vertex -114.5 -48.5 0
      vertex -132.2 -48.5 0
    endloop
  endfacet
  facet normal 0 -1 -0
    outer loop
      vertex -114.5 -48.5 0
      vertex -132.2 -48.5 -3
      vertex -114.5 -48.5 -3
    endloop
  endfacet
  facet normal 0 -1 0
    outer loop
      vertex -109.5 -48.5 -3
      vertex -82.5 -48.5 0
      vertex -109.5 -48.5 0
    endloop
  endfacet
  facet normal 0 -1 -0
    outer loop
      vertex -82.5 -48.5 0
      vertex -109.5 -48.5 -3
      vertex -82.5 -48.5 -3
    endloop
  endfacet
  facet normal 0 -1 0
    outer loop
      vertex -77.5 -48.5 -3
      vertex -50.5 -48.5 0
      vertex -77.5 -48.5 0
    endloop
  endfacet
  facet normal 0 -1 -0
    outer loop
      vertex -50.5 -48.5 0
      vertex -77.5 -48.5 -3
      vertex -50.5 -48.5 -3
    endloop
  endfacet
  facet normal 0 -1 0
    outer loop
      vertex -45.5 -48.5 -3
      vertex -18.5 -48.5 0
      vertex -45.5 -48.5 0
    endloop
  endfacet
  facet normal 0 -1 -0
    outer loop
      vertex -18.5 -48.5 0
      vertex -45.5 -48.5 -3
      vertex -18.5 -48.5 -3
    endloop
  endfacet
  facet normal 0 -1 0
    outer loop
      vertex -13.5 -48.5 -3
      vertex -1.175 -48.5 0
      vertex -13.5 -48.5 0
    endloop
  endfacet
  facet normal 0 -1 -0
    outer loop
      vertex -1.175 -48.5 0
      vertex -13.5 -48.5 -3
      vertex -1.175 -48.5 -3
    endloop
  endfacet
  facet normal 0 1 -0
    outer loop
      vertex -114.5 -43.5 -3
      vertex -132.2 -43.5 0
      vertex -114.5 -43.5 0
    endloop
  endfacet
  facet normal 0 1 0
    outer loop
      vertex -132.2 -43.5 0
      vertex -114.5 -43.5 -3
      vertex -132.2 -43.5 -3
    endloop
  endfacet
  facet normal 0 1 -0
    outer loop
      vertex -82.5 -43.5 -3
      vertex -109.5 -43.5 0
      vertex -82.5 -43.5 0
    endloop
  endfacet
  facet normal 0 1 0
    outer loop
      vertex -109.5 -43.5 0
      vertex -82.5 -43.5 -3
      vertex -109.5 -43.5 -3
    endloop
  endfacet
  facet normal 0 1 -0
    outer loop
      vertex -50.5 -43.5 -3
      vertex -77.5 -43.5 0
      vertex -50.5 -43.5 0
    endloop
  endfacet
  facet normal 0 1 0
    outer loop
      vertex -77.5 -43.5 0
      vertex -50.5 -43.5 -3
      vertex -77.5 -43.5 -3
    endloop
  endfacet
  facet normal 0 1 -0
    outer loop
      vertex -18.5 -43.5 -3
      vertex -45.5 -43.5 0
      vertex -18.5 -43.5 0
    endloop
  endfacet
  facet normal 0 1 0
    outer loop
      vertex -45.5 -43.5 0
      vertex -18.5 -43.5 -3
      vertex -45.5 -43.5 -3
    endloop
  endfacet
  facet normal 0 1 -0
    outer loop
      vertex -1.175 -43.5 -3
      vertex -13.5 -43.5 0
      vertex -1.175 -43.5 0
    endloop
  endfacet
  facet normal 0 1 0
    outer loop
      vertex -13.5 -43.5 0
      vertex -1.175 -43.5 -3
      vertex -13.5 -43.5 -3
    endloop
  endfacet
  facet normal -0.555092 -0.831789 0
    outer loop
      vertex -133.296 -48.128 -3
      vertex -133.1 -48.2588 0
      vertex -133.296 -48.128 0
    endloop
  endfacet
  facet normal -0.555092 -0.831789 -0
    outer loop
      vertex -133.1 -48.2588 0
      vertex -133.296 -48.128 -3
      vertex -133.1 -48.2588 -3
    endloop
  endfacet
  facet normal -0.659286 0.751892 0
    outer loop
      vertex -133.296 -43.872 -3
      vertex -133.473 -44.0272 0
      vertex -133.296 -43.872 0
    endloop
  endfacet
  facet normal -0.659286 0.751892 0
    outer loop
      vertex -133.473 -44.0272 0
      vertex -133.296 -43.872 -3
      vertex -133.473 -44.0272 -3
    endloop
  endfacet
  facet normal -0.997967 -0.0637272 9.52392e-20
    outer loop
      vertex -133.985 -46.9349 -3
      vertex -134 -46.7 0
      vertex -134 -46.7 -3
    endloop
  endfacet
  facet normal -0.997967 -0.0637272 9.52392e-20
    outer loop
      vertex -134 -46.7 0
      vertex -133.985 -46.9349 -3
      vertex -133.985 -46.9349 0
    endloop
  endfacet
  facet normal -0.980744 0.1953 -9.69433e-20
    outer loop
      vertex -133.985 -45.0651 -3
      vertex -133.939 -44.8341 0
      vertex -133.939 -44.8341 -3
    endloop
  endfacet
  facet normal -0.980744 0.1953 -9.69433e-20
    outer loop
      vertex -133.939 -44.8341 0
      vertex -133.985 -45.0651 -3
      vertex -133.985 -45.0651 0
    endloop
  endfacet
  facet normal -0.831135 0.556071 2.74656e-19
    outer loop
      vertex -133.759 -44.4 -3
      vertex -133.628 -44.2042 0
      vertex -133.628 -44.2042 -3
    endloop
  endfacet
  facet normal -0.831135 0.556071 2.74656e-19
    outer loop
      vertex -133.628 -44.2042 0
      vertex -133.759 -44.4 -3
      vertex -133.759 -44.4 0
    endloop
  endfacet
  facet normal -0.897129 -0.441768 -2.31372e-18
    outer loop
      vertex -133.759 -47.6 -3
      vertex -133.863 -47.3888 0
      vertex -133.863 -47.3888 -3
    endloop
  endfacet
  facet normal -0.897129 -0.441768 -2.31372e-18
    outer loop
      vertex -133.863 -47.3888 0
      vertex -133.759 -47.6 -3
      vertex -133.759 -47.6 0
    endloop
  endfacet
  facet normal -0.897129 0.441768 2.31372e-18
    outer loop
      vertex -133.863 -44.6112 -3
      vertex -133.759 -44.4 0
      vertex -133.759 -44.4 -3
    endloop
  endfacet
  facet normal -0.897129 0.441768 2.31372e-18
    outer loop
      vertex -133.759 -44.4 0
      vertex -133.863 -44.6112 -3
      vertex -133.863 -44.6112 0
    endloop
  endfacet
  facet normal -0.831135 -0.556071 -2.74656e-19
    outer loop
      vertex -133.628 -47.7958 -3
      vertex -133.759 -47.6 0
      vertex -133.759 -47.6 -3
    endloop
  endfacet
  facet normal -0.831135 -0.556071 -2.74656e-19
    outer loop
      vertex -133.759 -47.6 0
      vertex -133.628 -47.7958 -3
      vertex -133.628 -47.7958 0
    endloop
  endfacet
  facet normal -0.997967 0.0637272 -9.52392e-20
    outer loop
      vertex -134 -45.3 -3
      vertex -133.985 -45.0651 0
      vertex -133.985 -45.0651 -3
    endloop
  endfacet
  facet normal -0.997967 0.0637272 -9.52392e-20
    outer loop
      vertex -133.985 -45.0651 0
      vertex -134 -45.3 -3
      vertex -134 -45.3 0
    endloop
  endfacet
  facet normal -0.194891 -0.980825 0
    outer loop
      vertex -132.666 -48.4387 -3
      vertex -132.435 -48.4846 0
      vertex -132.666 -48.4387 0
    endloop
  endfacet
  facet normal -0.194891 -0.980825 -0
    outer loop
      vertex -132.435 -48.4846 0
      vertex -132.666 -48.4387 -3
      vertex -132.435 -48.4846 -3
    endloop
  endfacet
  facet normal -0.442789 0.896626 0
    outer loop
      vertex -132.889 -43.637 -3
      vertex -133.1 -43.7412 0
      vertex -132.889 -43.637 0
    endloop
  endfacet
  facet normal -0.442789 0.896626 0
    outer loop
      vertex -133.1 -43.7412 0
      vertex -132.889 -43.637 -3
      vertex -133.1 -43.7412 -3
    endloop
  endfacet
  facet normal -0.980744 -0.1953 9.69433e-20
    outer loop
      vertex -133.939 -47.1659 -3
      vertex -133.985 -46.9349 0
      vertex -133.985 -46.9349 -3
    endloop
  endfacet
  facet normal -0.980744 -0.1953 9.69433e-20
    outer loop
      vertex -133.985 -46.9349 0
      vertex -133.939 -47.1659 -3
      vertex -133.939 -47.1659 0
    endloop
  endfacet
  facet normal -0.946495 -0.322717 2.3928e-18
    outer loop
      vertex -133.863 -47.3888 -3
      vertex -133.939 -47.1659 0
      vertex -133.939 -47.1659 -3
    endloop
  endfacet
  facet normal -0.946495 -0.322717 2.3928e-18
    outer loop
      vertex -133.939 -47.1659 0
      vertex -133.863 -47.3888 -3
      vertex -133.863 -47.3888 0
    endloop
  endfacet
  facet normal -0.442789 -0.896626 0
    outer loop
      vertex -133.1 -48.2588 -3
      vertex -132.889 -48.363 0
      vertex -133.1 -48.2588 0
    endloop
  endfacet
  facet normal -0.442789 -0.896626 -0
    outer loop
      vertex -132.889 -48.363 0
      vertex -133.1 -48.2588 -3
      vertex -132.889 -48.363 -3
    endloop
  endfacet
  facet normal -0.0653917 -0.99786 0
    outer loop
      vertex -132.435 -48.4846 -3
      vertex -132.2 -48.5 0
      vertex -132.435 -48.4846 0
    endloop
  endfacet
  facet normal -0.0653917 -0.99786 -0
    outer loop
      vertex -132.2 -48.5 0
      vertex -132.435 -48.4846 -3
      vertex -132.2 -48.5 -3
    endloop
  endfacet
  facet normal -1 0 0
    outer loop
      vertex -134 -46.7 -3
      vertex -134 -45.3 0
      vertex -134 -45.3 -3
    endloop
  endfacet
  facet normal -1 -0 0
    outer loop
      vertex -134 -45.3 0
      vertex -134 -46.7 -3
      vertex -134 -46.7 0
    endloop
  endfacet
  facet normal -0.752313 -0.658805 3.17736e-19
    outer loop
      vertex -133.473 -47.9728 -3
      vertex -133.628 -47.7958 0
      vertex -133.628 -47.7958 -3
    endloop
  endfacet
  facet normal -0.752313 -0.658805 3.17736e-19
    outer loop
      vertex -133.628 -47.7958 0
      vertex -133.473 -47.9728 -3
      vertex -133.473 -47.9728 0
    endloop
  endfacet
  facet normal -0.321446 -0.946928 0
    outer loop
      vertex -132.889 -48.363 -3
      vertex -132.666 -48.4387 0
      vertex -132.889 -48.363 0
    endloop
  endfacet
  facet normal -0.321446 -0.946928 -0
    outer loop
      vertex -132.666 -48.4387 0
      vertex -132.889 -48.363 -3
      vertex -132.666 -48.4387 -3
    endloop
  endfacet
  facet normal -0.555092 0.831789 0
    outer loop
      vertex -133.1 -43.7412 -3
      vertex -133.296 -43.872 0
      vertex -133.1 -43.7412 0
    endloop
  endfacet
  facet normal -0.555092 0.831789 0
    outer loop
      vertex -133.296 -43.872 0
      vertex -133.1 -43.7412 -3
      vertex -133.296 -43.872 -3
    endloop
  endfacet
  facet normal -0.946495 0.322717 -2.3928e-18
    outer loop
      vertex -133.939 -44.8341 -3
      vertex -133.863 -44.6112 0
      vertex -133.863 -44.6112 -3
    endloop
  endfacet
  facet normal -0.946495 0.322717 -2.3928e-18
    outer loop
      vertex -133.863 -44.6112 0
      vertex -133.939 -44.8341 -3
      vertex -133.939 -44.8341 0
    endloop
  endfacet
  facet normal -0.752313 0.658805 -3.17736e-19
    outer loop
      vertex -133.628 -44.2042 -3
      vertex -133.473 -44.0272 0
      vertex -133.473 -44.0272 -3
    endloop
  endfacet
  facet normal -0.752313 0.658805 -3.17736e-19
    outer loop
      vertex -133.473 -44.0272 0
      vertex -133.628 -44.2042 -3
      vertex -133.628 -44.2042 0
    endloop
  endfacet
  facet normal -0.659286 -0.751892 0
    outer loop
      vertex -133.473 -47.9728 -3
      vertex -133.296 -48.128 0
      vertex -133.473 -47.9728 0
    endloop
  endfacet
  facet normal -0.659286 -0.751892 -0
    outer loop
      vertex -133.296 -48.128 0
      vertex -133.473 -47.9728 -3
      vertex -133.296 -48.128 -3
    endloop
  endfacet
  facet normal -0.0653917 0.99786 0
    outer loop
      vertex -132.2 -11.5 -3
      vertex -132.435 -11.5154 0
      vertex -132.2 -11.5 0
    endloop
  endfacet
  facet normal -0.0653917 0.99786 0
    outer loop
      vertex -132.435 -11.5154 0
      vertex -132.2 -11.5 -3
      vertex -132.435 -11.5154 -3
    endloop
  endfacet
  facet normal -0.194891 0.980825 0
    outer loop
      vertex -132.435 -11.5154 -3
      vertex -132.666 -11.5613 0
      vertex -132.435 -11.5154 0
    endloop
  endfacet
  facet normal -0.194891 0.980825 0
    outer loop
      vertex -132.666 -11.5613 0
      vertex -132.435 -11.5154 -3
      vertex -132.666 -11.5613 -3
    endloop
  endfacet
  facet normal -0.321446 0.946928 0
    outer loop
      vertex -132.666 -11.5613 -3
      vertex -132.889 -11.637 0
      vertex -132.666 -11.5613 0
    endloop
  endfacet
  facet normal -0.321446 0.946928 0
    outer loop
      vertex -132.889 -11.637 0
      vertex -132.666 -11.5613 -3
      vertex -132.889 -11.637 -3
    endloop
  endfacet
  facet normal 0 -1 0
    outer loop
      vertex -132.2 -16.5 -3
      vertex -114.5 -16.5 0
      vertex -132.2 -16.5 0
    endloop
  endfacet
  facet normal 0 -1 -0
    outer loop
      vertex -114.5 -16.5 0
      vertex -132.2 -16.5 -3
      vertex -114.5 -16.5 -3
    endloop
  endfacet
  facet normal 0 -1 0
    outer loop
      vertex -109.5 -16.5 -3
      vertex -82.5 -16.5 0
      vertex -109.5 -16.5 0
    endloop
  endfacet
  facet normal 0 -1 -0
    outer loop
      vertex -82.5 -16.5 0
      vertex -109.5 -16.5 -3
      vertex -82.5 -16.5 -3
    endloop
  endfacet
  facet normal 0 -1 0
    outer loop
      vertex -77.5 -16.5 -3
      vertex -50.5 -16.5 0
      vertex -77.5 -16.5 0
    endloop
  endfacet
  facet normal 0 -1 -0
    outer loop
      vertex -50.5 -16.5 0
      vertex -77.5 -16.5 -3
      vertex -50.5 -16.5 -3
    endloop
  endfacet
  facet normal 0 -1 0
    outer loop
      vertex -45.5 -16.5 -3
      vertex -18.5 -16.5 0
      vertex -45.5 -16.5 0
    endloop
  endfacet
  facet normal 0 -1 -0
    outer loop
      vertex -18.5 -16.5 0
      vertex -45.5 -16.5 -3
      vertex -18.5 -16.5 -3
    endloop
  endfacet
  facet normal 0 -1 0
    outer loop
      vertex -13.5 -16.5 -3
      vertex -0.174999 -16.5 0
      vertex -13.5 -16.5 0
    endloop
  endfacet
  facet normal 0 -1 -0
    outer loop
      vertex -0.174999 -16.5 0
      vertex -13.5 -16.5 -3
      vertex -0.174999 -16.5 -3
    endloop
  endfacet
  facet normal 0 -1 0
    outer loop
      vertex 0.174999 -16.5 -3
      vertex 1 -16.5 0
      vertex 0.174999 -16.5 0
    endloop
  endfacet
  facet normal 0 -1 -0
    outer loop
      vertex 1 -16.5 0
      vertex 0.174999 -16.5 -3
      vertex 1 -16.5 -3
    endloop
  endfacet
  facet normal 0 1 -0
    outer loop
      vertex -114.5 -11.5 -3
      vertex -132.2 -11.5 0
      vertex -114.5 -11.5 0
    endloop
  endfacet
  facet normal 0 1 0
    outer loop
      vertex -132.2 -11.5 0
      vertex -114.5 -11.5 -3
      vertex -132.2 -11.5 -3
    endloop
  endfacet
  facet normal 0 1 -0
    outer loop
      vertex -82.5 -11.5 -3
      vertex -109.5 -11.5 0
      vertex -82.5 -11.5 0
    endloop
  endfacet
  facet normal 0 1 0
    outer loop
      vertex -109.5 -11.5 0
      vertex -82.5 -11.5 -3
      vertex -109.5 -11.5 -3
    endloop
  endfacet
  facet normal 0 1 -0
    outer loop
      vertex -50.5 -11.5 -3
      vertex -77.5 -11.5 0
      vertex -50.5 -11.5 0
    endloop
  endfacet
  facet normal 0 1 0
    outer loop
      vertex -77.5 -11.5 0
      vertex -50.5 -11.5 -3
      vertex -77.5 -11.5 -3
    endloop
  endfacet
  facet normal 0 1 -0
    outer loop
      vertex -18.5 -11.5 -3
      vertex -45.5 -11.5 0
      vertex -18.5 -11.5 0
    endloop
  endfacet
  facet normal 0 1 0
    outer loop
      vertex -45.5 -11.5 0
      vertex -18.5 -11.5 -3
      vertex -45.5 -11.5 -3
    endloop
  endfacet
  facet normal 0 1 -0
    outer loop
      vertex -0.174999 -11.5 -3
      vertex -13.5 -11.5 0
      vertex -0.174999 -11.5 0
    endloop
  endfacet
  facet normal 0 1 0
    outer loop
      vertex -13.5 -11.5 0
      vertex -0.174999 -11.5 -3
      vertex -13.5 -11.5 -3
    endloop
  endfacet
  facet normal 0 1 -0
    outer loop
      vertex 1 -11.5 -3
      vertex 0.174999 -11.5 0
      vertex 1 -11.5 0
    endloop
  endfacet
  facet normal 0 1 0
    outer loop
      vertex 0.174999 -11.5 0
      vertex 1 -11.5 -3
      vertex 0.174999 -11.5 -3
    endloop
  endfacet
  facet normal -0.555092 -0.831789 0
    outer loop
      vertex -133.296 -16.128 -3
      vertex -133.1 -16.2588 0
      vertex -133.296 -16.128 0
    endloop
  endfacet
  facet normal -0.555092 -0.831789 -0
    outer loop
      vertex -133.1 -16.2588 0
      vertex -133.296 -16.128 -3
      vertex -133.1 -16.2588 -3
    endloop
  endfacet
  facet normal -0.659286 0.751892 0
    outer loop
      vertex -133.296 -11.872 -3
      vertex -133.473 -12.0272 0
      vertex -133.296 -11.872 0
    endloop
  endfacet
  facet normal -0.659286 0.751892 0
    outer loop
      vertex -133.473 -12.0272 0
      vertex -133.296 -11.872 -3
      vertex -133.473 -12.0272 -3
    endloop
  endfacet
  facet normal -0.997967 -0.0637272 -1.01292e-19
    outer loop
      vertex -133.985 -14.9349 -3
      vertex -134 -14.7 0
      vertex -134 -14.7 -3
    endloop
  endfacet
  facet normal -0.997967 -0.0637272 -1.01292e-19
    outer loop
      vertex -134 -14.7 0
      vertex -133.985 -14.9349 -3
      vertex -133.985 -14.9349 0
    endloop
  endfacet
  facet normal -0.980744 0.1953 -3.52264e-19
    outer loop
      vertex -133.985 -13.0651 -3
      vertex -133.939 -12.8341 0
      vertex -133.939 -12.8341 -3
    endloop
  endfacet
  facet normal -0.980744 0.1953 -3.52264e-19
    outer loop
      vertex -133.939 -12.8341 0
      vertex -133.985 -13.0651 -3
      vertex -133.985 -13.0651 0
    endloop
  endfacet
  facet normal -0.831135 0.556071 6.28108e-19
    outer loop
      vertex -133.759 -12.4 -3
      vertex -133.628 -12.2042 0
      vertex -133.628 -12.2042 -3
    endloop
  endfacet
  facet normal -0.831135 0.556071 6.28108e-19
    outer loop
      vertex -133.628 -12.2042 0
      vertex -133.759 -12.4 -3
      vertex -133.759 -12.4 0
    endloop
  endfacet
  facet normal -0.897129 -0.441768 1.38046e-18
    outer loop
      vertex -133.759 -15.6 -3
      vertex -133.863 -15.3888 0
      vertex -133.863 -15.3888 -3
    endloop
  endfacet
  facet normal -0.897129 -0.441768 1.38046e-18
    outer loop
      vertex -133.863 -15.3888 0
      vertex -133.759 -15.6 -3
      vertex -133.759 -15.6 0
    endloop
  endfacet
  facet normal -0.897129 0.441768 -1.38046e-18
    outer loop
      vertex -133.863 -12.6112 -3
      vertex -133.759 -12.4 0
      vertex -133.759 -12.4 -3
    endloop
  endfacet
  facet normal -0.897129 0.441768 -1.38046e-18
    outer loop
      vertex -133.759 -12.4 0
      vertex -133.863 -12.6112 -3
      vertex -133.863 -12.6112 0
    endloop
  endfacet
  facet normal -0.980744 -0.1953 3.52264e-19
    outer loop
      vertex -133.939 -15.1659 -3
      vertex -133.985 -14.9349 0
      vertex -133.985 -14.9349 -3
    endloop
  endfacet
  facet normal -0.980744 -0.1953 3.52264e-19
    outer loop
      vertex -133.985 -14.9349 0
      vertex -133.939 -15.1659 -3
      vertex -133.939 -15.1659 0
    endloop
  endfacet
  facet normal -0.831135 -0.556071 -6.28108e-19
    outer loop
      vertex -133.628 -15.7958 -3
      vertex -133.759 -15.6 0
      vertex -133.759 -15.6 -3
    endloop
  endfacet
  facet normal -0.831135 -0.556071 -6.28108e-19
    outer loop
      vertex -133.759 -15.6 0
      vertex -133.628 -15.7958 -3
      vertex -133.628 -15.7958 0
    endloop
  endfacet
  facet normal -0.997967 0.0637272 1.01292e-19
    outer loop
      vertex -134 -13.3 -3
      vertex -133.985 -13.0651 0
      vertex -133.985 -13.0651 -3
    endloop
  endfacet
  facet normal -0.997967 0.0637272 1.01292e-19
    outer loop
      vertex -133.985 -13.0651 0
      vertex -134 -13.3 -3
      vertex -134 -13.3 0
    endloop
  endfacet
  facet normal -0.194891 -0.980825 0
    outer loop
      vertex -132.666 -16.4387 -3
      vertex -132.435 -16.4846 0
      vertex -132.666 -16.4387 0
    endloop
  endfacet
  facet normal -0.194891 -0.980825 -0
    outer loop
      vertex -132.435 -16.4846 0
      vertex -132.666 -16.4387 -3
      vertex -132.435 -16.4846 -3
    endloop
  endfacet
  facet normal -0.442789 0.896626 0
    outer loop
      vertex -132.889 -11.637 -3
      vertex -133.1 -11.7412 0
      vertex -132.889 -11.637 0
    endloop
  endfacet
  facet normal -0.442789 0.896626 0
    outer loop
      vertex -133.1 -11.7412 0
      vertex -132.889 -11.637 -3
      vertex -133.1 -11.7412 -3
    endloop
  endfacet
  facet normal -0.946495 -0.322717 1.52851e-18
    outer loop
      vertex -133.863 -15.3888 -3
      vertex -133.939 -15.1659 0
      vertex -133.939 -15.1659 -3
    endloop
  endfacet
  facet normal -0.946495 -0.322717 1.52851e-18
    outer loop
      vertex -133.939 -15.1659 0
      vertex -133.863 -15.3888 -3
      vertex -133.863 -15.3888 0
    endloop
  endfacet
  facet normal -0.442789 -0.896626 0
    outer loop
      vertex -133.1 -16.2588 -3
      vertex -132.889 -16.363 0
      vertex -133.1 -16.2588 0
    endloop
  endfacet
  facet normal -0.442789 -0.896626 -0
    outer loop
      vertex -132.889 -16.363 0
      vertex -133.1 -16.2588 -3
      vertex -132.889 -16.363 -3
    endloop
  endfacet
  facet normal -0.0653917 -0.99786 0
    outer loop
      vertex -132.435 -16.4846 -3
      vertex -132.2 -16.5 0
      vertex -132.435 -16.4846 0
    endloop
  endfacet
  facet normal -0.0653917 -0.99786 -0
    outer loop
      vertex -132.2 -16.5 0
      vertex -132.435 -16.4846 -3
      vertex -132.2 -16.5 -3
    endloop
  endfacet
  facet normal -1 0 0
    outer loop
      vertex -134 -14.7 -3
      vertex -134 -13.3 0
      vertex -134 -13.3 -3
    endloop
  endfacet
  facet normal -1 -0 0
    outer loop
      vertex -134 -13.3 0
      vertex -134 -14.7 -3
      vertex -134 -14.7 0
    endloop
  endfacet
  facet normal -0.752313 -0.658805 3.17736e-19
    outer loop
      vertex -133.473 -15.9728 -3
      vertex -133.628 -15.7958 0
      vertex -133.628 -15.7958 -3
    endloop
  endfacet
  facet normal -0.752313 -0.658805 3.17736e-19
    outer loop
      vertex -133.628 -15.7958 0
      vertex -133.473 -15.9728 -3
      vertex -133.473 -15.9728 0
    endloop
  endfacet
  facet normal -0.321446 -0.946928 0
    outer loop
      vertex -132.889 -16.363 -3
      vertex -132.666 -16.4387 0
      vertex -132.889 -16.363 0
    endloop
  endfacet
  facet normal -0.321446 -0.946928 -0
    outer loop
      vertex -132.666 -16.4387 0
      vertex -132.889 -16.363 -3
      vertex -132.666 -16.4387 -3
    endloop
  endfacet
  facet normal -0.555092 0.831789 0
    outer loop
      vertex -133.1 -11.7412 -3
      vertex -133.296 -11.872 0
      vertex -133.1 -11.7412 0
    endloop
  endfacet
  facet normal -0.555092 0.831789 0
    outer loop
      vertex -133.296 -11.872 0
      vertex -133.1 -11.7412 -3
      vertex -133.296 -11.872 -3
    endloop
  endfacet
  facet normal -0.946495 0.322717 -1.52851e-18
    outer loop
      vertex -133.939 -12.8341 -3
      vertex -133.863 -12.6112 0
      vertex -133.863 -12.6112 -3
    endloop
  endfacet
  facet normal -0.946495 0.322717 -1.52851e-18
    outer loop
      vertex -133.863 -12.6112 0
      vertex -133.939 -12.8341 -3
      vertex -133.939 -12.8341 0
    endloop
  endfacet
  facet normal -0.752313 0.658805 -3.17736e-19
    outer loop
      vertex -133.628 -12.2042 -3
      vertex -133.473 -12.0272 0
      vertex -133.473 -12.0272 -3
    endloop
  endfacet
  facet normal -0.752313 0.658805 -3.17736e-19
    outer loop
      vertex -133.473 -12.0272 0
      vertex -133.628 -12.2042 -3
      vertex -133.628 -12.2042 0
    endloop
  endfacet
  facet normal -0.659286 -0.751892 0
    outer loop
      vertex -133.473 -15.9728 -3
      vertex -133.296 -16.128 0
      vertex -133.473 -15.9728 0
    endloop
  endfacet
  facet normal -0.659286 -0.751892 -0
    outer loop
      vertex -133.296 -16.128 0
      vertex -133.473 -15.9728 -3
      vertex -133.296 -16.128 -3
    endloop
  endfacet
  facet normal -1 0 0
    outer loop
      vertex -144.25 -11.85 4
      vertex -144.25 -0.174999 9.5
      vertex -144.25 -0.174999 4
    endloop
  endfacet
  facet normal -1 -0 0
    outer loop
      vertex -144.25 -0.174999 9.5
      vertex -144.25 -11.85 4
      vertex -144.25 -11.85 9.5
    endloop
  endfacet
  facet normal -1 0 0
    outer loop
      vertex -144.25 0.174999 4
      vertex -144.25 1 9.5
      vertex -144.25 1 4
    endloop
  endfacet
  facet normal -1 -0 0
    outer loop
      vertex -144.25 1 9.5
      vertex -144.25 0.174999 4
      vertex -144.25 0.174999 9.5
    endloop
  endfacet
  facet normal -0.750952 -0.660357 1.29478e-18
    outer loop
      vertex -143.84 -12.8399 4
      vertex -143.961 -12.7023 9.5
      vertex -143.961 -12.7023 4
    endloop
  endfacet
  facet normal -0.750952 -0.660357 1.29478e-18
    outer loop
      vertex -143.961 -12.7023 9.5
      vertex -143.84 -12.8399 4
      vertex -143.84 -12.8399 9.5
    endloop
  endfacet
  facet normal 1 -0 0
    outer loop
      vertex -140.25 -11.85 9.5
      vertex -140.25 -0.174999 4
      vertex -140.25 -0.174999 9.5
    endloop
  endfacet
  facet normal 1 0 0
    outer loop
      vertex -140.25 -0.174999 4
      vertex -140.25 -11.85 9.5
      vertex -140.25 -11.85 4
    endloop
  endfacet
  facet normal 1 -0 0
    outer loop
      vertex -140.25 0.174999 9.5
      vertex -140.25 1 4
      vertex -140.25 1 9.5
    endloop
  endfacet
  facet normal 1 0 0
    outer loop
      vertex -140.25 1 4
      vertex -140.25 0.174999 9.5
      vertex -140.25 0.174999 4
    endloop
  endfacet
  facet normal -0.556087 -0.831124 0
    outer loop
      vertex -143.702 -12.9607 4
      vertex -143.55 -13.0624 9.5
      vertex -143.702 -12.9607 9.5
    endloop
  endfacet
  facet normal -0.556087 -0.831124 -0
    outer loop
      vertex -143.55 -13.0624 9.5
      vertex -143.702 -12.9607 4
      vertex -143.55 -13.0624 4
    endloop
  endfacet
  facet normal -0.320634 -0.947203 0
    outer loop
      vertex -143.386 -13.1434 4
      vertex -143.212 -13.2023 9.5
      vertex -143.386 -13.1434 9.5
    endloop
  endfacet
  facet normal -0.320634 -0.947203 -0
    outer loop
      vertex -143.212 -13.2023 9.5
      vertex -143.386 -13.1434 4
      vertex -143.212 -13.2023 4
    endloop
  endfacet
  facet normal -0.658659 -0.752442 0
    outer loop
      vertex -143.84 -12.8399 4
      vertex -143.702 -12.9607 9.5
      vertex -143.84 -12.8399 9.5
    endloop
  endfacet
  facet normal -0.658659 -0.752442 -0
    outer loop
      vertex -143.702 -12.9607 9.5
      vertex -143.84 -12.8399 4
      vertex -143.702 -12.9607 4
    endloop
  endfacet
  facet normal -0.99785 -0.0655402 7.62977e-20
    outer loop
      vertex -144.238 -12.0327 4
      vertex -144.25 -11.85 9.5
      vertex -144.25 -11.85 4
    endloop
  endfacet
  facet normal -0.99785 -0.0655402 7.62977e-20
    outer loop
      vertex -144.25 -11.85 9.5
      vertex -144.238 -12.0327 4
      vertex -144.238 -12.0327 9.5
    endloop
  endfacet
  facet normal 0.896817 -0.442401 -4.46336e-19
    outer loop
      vertex -140.438 -12.55 9.5
      vertex -140.357 -12.3858 4
      vertex -140.357 -12.3858 9.5
    endloop
  endfacet
  facet normal 0.896817 -0.442401 -4.46336e-19
    outer loop
      vertex -140.357 -12.3858 4
      vertex -140.438 -12.55 9.5
      vertex -140.438 -12.55 4
    endloop
  endfacet
  facet normal -0.0654332 -0.997857 0
    outer loop
      vertex -143.033 -13.238 4
      vertex -142.85 -13.25 9.5
      vertex -143.033 -13.238 9.5
    endloop
  endfacet
  facet normal -0.0654332 -0.997857 -0
    outer loop
      vertex -142.85 -13.25 9.5
      vertex -143.033 -13.238 4
      vertex -142.85 -13.25 4
    endloop
  endfacet
  facet normal -0.195589 -0.980686 0
    outer loop
      vertex -143.212 -13.2023 4
      vertex -143.033 -13.238 9.5
      vertex -143.212 -13.2023 9.5
    endloop
  endfacet
  facet normal -0.195589 -0.980686 -0
    outer loop
      vertex -143.033 -13.238 9.5
      vertex -143.212 -13.2023 4
      vertex -143.033 -13.238 4
    endloop
  endfacet
  facet normal 0.0654332 -0.997857 0
    outer loop
      vertex -141.65 -13.25 4
      vertex -141.467 -13.238 9.5
      vertex -141.65 -13.25 9.5
    endloop
  endfacet
  facet normal 0.0654332 -0.997857 0
    outer loop
      vertex -141.467 -13.238 9.5
      vertex -141.65 -13.25 4
      vertex -141.467 -13.238 4
    endloop
  endfacet
  facet normal 0 0 1
    outer loop
      vertex -80.8 -67.6 4
      vertex -80.812 -67.7827 4
      vertex -80.8 -94.25 4
    endloop
  endfacet
  facet normal -0 0 1
    outer loop
      vertex -69.8 -105.25 4
      vertex -0.174999 -109 4
      vertex -0.174999 -105.25 4
    endloop
  endfacet
  facet normal -0 0 1
    outer loop
      vertex -80.8477 -67.9623 4
      vertex -80.8 -94.25 4
      vertex -80.812 -67.7827 4
    endloop
  endfacet
  facet normal -0 0 1
    outer loop
      vertex -80.9066 -68.1358 4
      vertex -80.8 -94.25 4
      vertex -80.8477 -67.9623 4
    endloop
  endfacet
  facet normal -0 0 1
    outer loop
      vertex -80.9876 -68.3 4
      vertex -80.8 -94.25 4
      vertex -80.9066 -68.1358 4
    endloop
  endfacet
  facet normal -0 0 1
    outer loop
      vertex -81.0893 -68.4523 4
      vertex -80.8 -94.25 4
      vertex -80.9876 -68.3 4
    endloop
  endfacet
  facet normal -0 0 1
    outer loop
      vertex -81.2101 -68.59 4
      vertex -80.8 -94.25 4
      vertex -81.0893 -68.4523 4
    endloop
  endfacet
  facet normal 0 0 1
    outer loop
      vertex -84 -90 4
      vertex -81.2101 -68.59 4
      vertex -81.3477 -68.7107 4
    endloop
  endfacet
  facet normal 0 0 1
    outer loop
      vertex -84 -90 4
      vertex -81.3477 -68.7107 4
      vertex -81.5 -68.8124 4
    endloop
  endfacet
  facet normal 0 0 1
    outer loop
      vertex -84 -90 4
      vertex -81.5 -68.8124 4
      vertex -81.6642 -68.8934 4
    endloop
  endfacet
  facet normal 0 0 1
    outer loop
      vertex -84 -90 4
      vertex -81.6642 -68.8934 4
      vertex -81.8377 -68.9523 4
    endloop
  endfacet
  facet normal 0 0 1
    outer loop
      vertex -84 -90 4
      vertex -81.8377 -68.9523 4
      vertex -82.0173 -68.988 4
    endloop
  endfacet
  facet normal 0 0 1
    outer loop
      vertex -84 -90 4
      vertex -82.0173 -68.988 4
      vertex -82.2 -69 4
    endloop
  endfacet
  facet normal 0 0 1
    outer loop
      vertex -84 -90 4
      vertex -82.2 -69 4
      vertex -83.4 -69 4
    endloop
  endfacet
  facet normal 0 0 1
    outer loop
      vertex -81.2101 -68.59 4
      vertex -84 -90 4
      vertex -80.8 -94.25 4
    endloop
  endfacet
  facet normal 0 0 1
    outer loop
      vertex -84 -90 4
      vertex -83.4 -69 4
      vertex -83.5827 -68.988 4
    endloop
  endfacet
  facet normal 0 0 1
    outer loop
      vertex -84 -90 4
      vertex -83.5827 -68.988 4
      vertex -83.7623 -68.9523 4
    endloop
  endfacet
  facet normal 0 0 1
    outer loop
      vertex -84 -90 4
      vertex -83.7623 -68.9523 4
      vertex -83.9358 -68.8934 4
    endloop
  endfacet
  facet normal 0 0 1
    outer loop
      vertex -84 -90 4
      vertex -83.9358 -68.8934 4
      vertex -84 -68.8617 4
    endloop
  endfacet
  facet normal -0 0 1
    outer loop
      vertex -84.1027 -91.5663 4
      vertex -80.8 -94.25 4
      vertex -84 -90 4
    endloop
  endfacet
  facet normal -0 0 1
    outer loop
      vertex -84.4089 -93.1058 4
      vertex -80.8 -94.25 4
      vertex -84.1027 -91.5663 4
    endloop
  endfacet
  facet normal 0 0 1
    outer loop
      vertex -84.9134 -94.5922 4
      vertex -80.8 -94.25 4
      vertex -84.4089 -93.1058 4
    endloop
  endfacet
  facet normal 0 0 1
    outer loop
      vertex -80.8 -94.25 4
      vertex -84.9134 -94.5922 4
      vertex -80.7059 -95.6858 4
    endloop
  endfacet
  facet normal 0 0 1
    outer loop
      vertex -85.6077 -96 4
      vertex -80.7059 -95.6858 4
      vertex -84.9134 -94.5922 4
    endloop
  endfacet
  facet normal 0 0 1
    outer loop
      vertex -80.7059 -95.6858 4
      vertex -85.6077 -96 4
      vertex -80.4252 -97.097 4
    endloop
  endfacet
  facet normal 0 0 1
    outer loop
      vertex -86.4798 -97.3051 4
      vertex -80.4252 -97.097 4
      vertex -85.6077 -96 4
    endloop
  endfacet
  facet normal 0 0 1
    outer loop
      vertex -80.4252 -97.097 4
      vertex -86.4798 -97.3051 4
      vertex -79.9627 -98.4595 4
    endloop
  endfacet
  facet normal 0 0 1
    outer loop
      vertex -87.5147 -98.4853 4
      vertex -79.9627 -98.4595 4
      vertex -86.4798 -97.3051 4
    endloop
  endfacet
  facet normal 0 0 1
    outer loop
      vertex -79.9627 -98.4595 4
      vertex -87.5147 -98.4853 4
      vertex -79.3263 -99.75 4
    endloop
  endfacet
  facet normal -0 0 1
    outer loop
      vertex -88.6949 -99.5202 4
      vertex -79.3263 -99.75 4
      vertex -87.5147 -98.4853 4
    endloop
  endfacet
  facet normal 0 0 1
    outer loop
      vertex -79.3263 -99.75 4
      vertex -88.6949 -99.5202 4
      vertex -78.5269 -100.946 4
    endloop
  endfacet
  facet normal 0 0 1
    outer loop
      vertex -78.5269 -100.946 4
      vertex -88.6949 -99.5202 4
      vertex -77.5782 -102.028 4
    endloop
  endfacet
  facet normal -0 0 1
    outer loop
      vertex -90 -100.392 4
      vertex -77.5782 -102.028 4
      vertex -88.6949 -99.5202 4
    endloop
  endfacet
  facet normal 0 0 1
    outer loop
      vertex -77.5782 -102.028 4
      vertex -90 -100.392 4
      vertex -76.4964 -102.977 4
    endloop
  endfacet
  facet normal -0 0 1
    outer loop
      vertex -91.4078 -101.087 4
      vertex -76.4964 -102.977 4
      vertex -90 -100.392 4
    endloop
  endfacet
  facet normal 0 0 1
    outer loop
      vertex -76.4964 -102.977 4
      vertex -91.4078 -101.087 4
      vertex -75.3 -103.776 4
    endloop
  endfacet
  facet normal -0 0 1
    outer loop
      vertex -92.8942 -101.591 4
      vertex -75.3 -103.776 4
      vertex -91.4078 -101.087 4
    endloop
  endfacet
  facet normal 0 0 1
    outer loop
      vertex -75.3 -103.776 4
      vertex -92.8942 -101.591 4
      vertex -74.0095 -104.413 4
    endloop
  endfacet
  facet normal -0 0 1
    outer loop
      vertex -94.4337 -101.897 4
      vertex -74.0095 -104.413 4
      vertex -92.8942 -101.591 4
    endloop
  endfacet
  facet normal 0 0 1
    outer loop
      vertex -74.0095 -104.413 4
      vertex -94.4337 -101.897 4
      vertex -72.647 -104.875 4
    endloop
  endfacet
  facet normal -0 0 1
    outer loop
      vertex -96 -102 4
      vertex -72.647 -104.875 4
      vertex -94.4337 -101.897 4
    endloop
  endfacet
  facet normal 0 0 1
    outer loop
      vertex -138 -109 4
      vertex -72.647 -104.875 4
      vertex -96 -102 4
    endloop
  endfacet
  facet normal 0 0 1
    outer loop
      vertex -138 -109 4
      vertex -96 -102 4
      vertex -130 -102 4
    endloop
  endfacet
  facet normal 0 0 1
    outer loop
      vertex -72.647 -104.875 4
      vertex -138 -109 4
      vertex -71.2358 -105.156 4
    endloop
  endfacet
  facet normal 0 0 1
    outer loop
      vertex -69.8 -105.25 4
      vertex -138 -109 4
      vertex -0.174999 -109 4
    endloop
  endfacet
  facet normal 0 0 1
    outer loop
      vertex -71.2358 -105.156 4
      vertex -138 -109 4
      vertex -69.8 -105.25 4
    endloop
  endfacet
  facet normal 0 0 1
    outer loop
      vertex -131.566 -101.897 4
      vertex -138 -109 4
      vertex -130 -102 4
    endloop
  endfacet
  facet normal 0 0 1
    outer loop
      vertex -133.106 -101.591 4
      vertex -138 -109 4
      vertex -131.566 -101.897 4
    endloop
  endfacet
  facet normal 0 0 1
    outer loop
      vertex -134.592 -101.087 4
      vertex -138 -109 4
      vertex -133.106 -101.591 4
    endloop
  endfacet
  facet normal 0 0 1
    outer loop
      vertex -136 -100.392 4
      vertex -138 -109 4
      vertex -134.592 -101.087 4
    endloop
  endfacet
  facet normal 0 0 1
    outer loop
      vertex -141.061 -108.391 4
      vertex -136 -100.392 4
      vertex -137.305 -99.5202 4
    endloop
  endfacet
  facet normal 0 0 1
    outer loop
      vertex -144.347 -105.87 4
      vertex -137.305 -99.5202 4
      vertex -138.485 -98.4853 4
    endloop
  endfacet
  facet normal 0 0 1
    outer loop
      vertex -136 -100.392 4
      vertex -139.044 -108.932 4
      vertex -138 -109 4
    endloop
  endfacet
  facet normal 0 0 1
    outer loop
      vertex -144.347 -105.87 4
      vertex -138.485 -98.4853 4
      vertex -139.52 -97.3051 4
    endloop
  endfacet
  facet normal 0 0 1
    outer loop
      vertex -136 -100.392 4
      vertex -140.071 -108.727 4
      vertex -139.044 -108.932 4
    endloop
  endfacet
  facet normal 0 0 1
    outer loop
      vertex -144.347 -105.87 4
      vertex -139.52 -97.3051 4
      vertex -140.392 -96 4
    endloop
  endfacet
  facet normal 0 0 1
    outer loop
      vertex -136 -100.392 4
      vertex -141.061 -108.391 4
      vertex -140.071 -108.727 4
    endloop
  endfacet
  facet normal 0 0 1
    outer loop
      vertex -144.347 -105.87 4
      vertex -140.392 -96 4
      vertex -141.087 -94.5922 4
    endloop
  endfacet
  facet normal 0 0 1
    outer loop
      vertex -144.347 -105.87 4
      vertex -141.087 -94.5922 4
      vertex -141.591 -93.1058 4
    endloop
  endfacet
  facet normal 0 0 1
    outer loop
      vertex -144.347 -105.87 4
      vertex -141.591 -93.1058 4
      vertex -141.897 -91.5663 4
    endloop
  endfacet
  facet normal 0 0 1
    outer loop
      vertex -144.347 -105.87 4
      vertex -141.897 -91.5663 4
      vertex -142 -90 4
    endloop
  endfacet
  facet normal 0 0 1
    outer loop
      vertex -137.305 -99.5202 4
      vertex -144.347 -105.87 4
      vertex -143.657 -106.657 4
    endloop
  endfacet
  facet normal -0 0 1
    outer loop
      vertex -146 -0.174999 4
      vertex -144.25 -11.85 4
      vertex -144.25 -0.174999 4
    endloop
  endfacet
  facet normal 0 0 1
    outer loop
      vertex -144.25 -11.85 4
      vertex -146 -101 4
      vertex -144.347 -105.87 4
    endloop
  endfacet
  facet normal 0 0 1
    outer loop
      vertex -144.347 -105.87 4
      vertex -146 -101 4
      vertex -144.928 -105 4
    endloop
  endfacet
  facet normal 0 0 1
    outer loop
      vertex -144.928 -105 4
      vertex -146 -101 4
      vertex -145.391 -104.061 4
    endloop
  endfacet
  facet normal 0 0 1
    outer loop
      vertex -145.391 -104.061 4
      vertex -146 -101 4
      vertex -145.727 -103.071 4
    endloop
  endfacet
  facet normal 0 0 1
    outer loop
      vertex -144.25 -11.85 4
      vertex -146 -0.174999 4
      vertex -146 -101 4
    endloop
  endfacet
  facet normal 0 0 1
    outer loop
      vertex -145.727 -103.071 4
      vertex -146 -101 4
      vertex -145.932 -102.044 4
    endloop
  endfacet
  facet normal 0 0 1
    outer loop
      vertex -80.8 -0.174999 4
      vertex -105.19 -13.25 4
      vertex -80.8 -13.25 4
    endloop
  endfacet
  facet normal 0 0 1
    outer loop
      vertex -80.8 -0.174999 4
      vertex -105.373 -13.262 4
      vertex -105.19 -13.25 4
    endloop
  endfacet
  facet normal -0 0 1
    outer loop
      vertex -140.25 -0.174999 4
      vertex -105.373 -13.262 4
      vertex -80.8 -0.174999 4
    endloop
  endfacet
  facet normal 0 0 1
    outer loop
      vertex -105.373 -13.262 4
      vertex -140.25 -0.174999 4
      vertex -105.552 -13.2977 4
    endloop
  endfacet
  facet normal 0 0 1
    outer loop
      vertex -105.552 -13.2977 4
      vertex -140.25 -0.174999 4
      vertex -105.726 -13.3566 4
    endloop
  endfacet
  facet normal 0 0 1
    outer loop
      vertex -106.402 -13.95 4
      vertex -130 -14 4
      vertex -106.427 -14 4
    endloop
  endfacet
  facet normal 0 0 1
    outer loop
      vertex -106.301 -13.7977 4
      vertex -130 -14 4
      vertex -106.402 -13.95 4
    endloop
  endfacet
  facet normal 0 0 1
    outer loop
      vertex -106.18 -13.6601 4
      vertex -130 -14 4
      vertex -106.301 -13.7977 4
    endloop
  endfacet
  facet normal 0 0 1
    outer loop
      vertex -106.042 -13.5393 4
      vertex -130 -14 4
      vertex -106.18 -13.6601 4
    endloop
  endfacet
  facet normal 0 0 1
    outer loop
      vertex -105.89 -13.4376 4
      vertex -130 -14 4
      vertex -106.042 -13.5393 4
    endloop
  endfacet
  facet normal 0 0 1
    outer loop
      vertex -105.726 -13.3566 4
      vertex -140.25 -0.174999 4
      vertex -105.89 -13.4376 4
    endloop
  endfacet
  facet normal 0 0 1
    outer loop
      vertex -105.89 -13.4376 4
      vertex -140.25 -0.174999 4
      vertex -130 -14 4
    endloop
  endfacet
  facet normal 0 0 1
    outer loop
      vertex -130 -14 4
      vertex -140.25 -0.174999 4
      vertex -131.566 -14.1027 4
    endloop
  endfacet
  facet normal 0 0 1
    outer loop
      vertex -131.566 -14.1027 4
      vertex -140.25 -0.174999 4
      vertex -133.106 -14.4089 4
    endloop
  endfacet
  facet normal -0 0 1
    outer loop
      vertex -140.25 -11.85 4
      vertex -133.106 -14.4089 4
      vertex -140.25 -0.174999 4
    endloop
  endfacet
  facet normal 0 0 1
    outer loop
      vertex -133.106 -14.4089 4
      vertex -140.25 -11.85 4
      vertex -134.592 -14.9134 4
    endloop
  endfacet
  facet normal -0 0 1
    outer loop
      vertex -140.262 -12.0327 4
      vertex -134.592 -14.9134 4
      vertex -140.25 -11.85 4
    endloop
  endfacet
  facet normal 0 0 1
    outer loop
      vertex -134.592 -14.9134 4
      vertex -140.262 -12.0327 4
      vertex -136 -15.6077 4
    endloop
  endfacet
  facet normal -0 0 1
    outer loop
      vertex -140.298 -12.2123 4
      vertex -136 -15.6077 4
      vertex -140.262 -12.0327 4
    endloop
  endfacet
  facet normal -0 0 1
    outer loop
      vertex -140.357 -12.3858 4
      vertex -136 -15.6077 4
      vertex -140.298 -12.2123 4
    endloop
  endfacet
  facet normal -0 0 1
    outer loop
      vertex -140.438 -12.55 4
      vertex -136 -15.6077 4
      vertex -140.357 -12.3858 4
    endloop
  endfacet
  facet normal 0 0 1
    outer loop
      vertex -136 -15.6077 4
      vertex -140.438 -12.55 4
      vertex -137.305 -16.4798 4
    endloop
  endfacet
  facet normal -0 0 1
    outer loop
      vertex -140.539 -12.7023 4
      vertex -137.305 -16.4798 4
      vertex -140.438 -12.55 4
    endloop
  endfacet
  facet normal -0 0 1
    outer loop
      vertex -140.66 -12.8399 4
      vertex -137.305 -16.4798 4
      vertex -140.539 -12.7023 4
    endloop
  endfacet
  facet normal -0 0 1
    outer loop
      vertex -140.798 -12.9607 4
      vertex -137.305 -16.4798 4
      vertex -140.66 -12.8399 4
    endloop
  endfacet
  facet normal -0 0 1
    outer loop
      vertex -140.95 -13.0624 4
      vertex -137.305 -16.4798 4
      vertex -140.798 -12.9607 4
    endloop
  endfacet
  facet normal 0 0 1
    outer loop
      vertex -137.305 -16.4798 4
      vertex -140.95 -13.0624 4
      vertex -138.485 -17.5147 4
    endloop
  endfacet
  facet normal -0 0 1
    outer loop
      vertex -141.114 -13.1434 4
      vertex -138.485 -17.5147 4
      vertex -140.95 -13.0624 4
    endloop
  endfacet
  facet normal -0 0 1
    outer loop
      vertex -141.288 -13.2023 4
      vertex -138.485 -17.5147 4
      vertex -141.114 -13.1434 4
    endloop
  endfacet
  facet normal -0 0 1
    outer loop
      vertex -141.467 -13.238 4
      vertex -138.485 -17.5147 4
      vertex -141.288 -13.2023 4
    endloop
  endfacet
  facet normal 0 0 1
    outer loop
      vertex -138.485 -17.5147 4
      vertex -141.467 -13.238 4
      vertex -139.52 -18.6949 4
    endloop
  endfacet
  facet normal -0 0 1
    outer loop
      vertex -141.65 -13.25 4
      vertex -139.52 -18.6949 4
      vertex -141.467 -13.238 4
    endloop
  endfacet
  facet normal -0 0 1
    outer loop
      vertex -142.85 -13.25 4
      vertex -139.52 -18.6949 4
      vertex -141.65 -13.25 4
    endloop
  endfacet
  facet normal 0 0 1
    outer loop
      vertex -139.52 -18.6949 4
      vertex -142.85 -13.25 4
      vertex -140.392 -20 4
    endloop
  endfacet
  facet normal 0 0 1
    outer loop
      vertex -143.033 -13.238 4
      vertex -140.392 -20 4
      vertex -142.85 -13.25 4
    endloop
  endfacet
  facet normal 0 0 1
    outer loop
      vertex -143.212 -13.2023 4
      vertex -140.392 -20 4
      vertex -143.033 -13.238 4
    endloop
  endfacet
  facet normal 0 0 1
    outer loop
      vertex -143.386 -13.1434 4
      vertex -140.392 -20 4
      vertex -143.212 -13.2023 4
    endloop
  endfacet
  facet normal 0 0 1
    outer loop
      vertex -144.202 -12.2123 4
      vertex -142 -90 4
      vertex -142 -26 4
    endloop
  endfacet
  facet normal 0 0 1
    outer loop
      vertex -140.392 -20 4
      vertex -143.386 -13.1434 4
      vertex -141.087 -21.4078 4
    endloop
  endfacet
  facet normal 0 0 1
    outer loop
      vertex -143.55 -13.0624 4
      vertex -141.087 -21.4078 4
      vertex -143.386 -13.1434 4
    endloop
  endfacet
  facet normal 0 0 1
    outer loop
      vertex -137.305 -99.5202 4
      vertex -142 -107.928 4
      vertex -141.061 -108.391 4
    endloop
  endfacet
  facet normal 0 0 1
    outer loop
      vertex -143.702 -12.9607 4
      vertex -141.087 -21.4078 4
      vertex -143.55 -13.0624 4
    endloop
  endfacet
  facet normal 0 0 1
    outer loop
      vertex -141.087 -21.4078 4
      vertex -143.702 -12.9607 4
      vertex -141.591 -22.8942 4
    endloop
  endfacet
  facet normal 0 0 1
    outer loop
      vertex -143.84 -12.8399 4
      vertex -141.591 -22.8942 4
      vertex -143.702 -12.9607 4
    endloop
  endfacet
  facet normal 0 0 1
    outer loop
      vertex -143.961 -12.7023 4
      vertex -141.591 -22.8942 4
      vertex -143.84 -12.8399 4
    endloop
  endfacet
  facet normal 0 0 1
    outer loop
      vertex -137.305 -99.5202 4
      vertex -142.87 -107.347 4
      vertex -142 -107.928 4
    endloop
  endfacet
  facet normal 0 0 1
    outer loop
      vertex -141.591 -22.8942 4
      vertex -143.961 -12.7023 4
      vertex -141.897 -24.4337 4
    endloop
  endfacet
  facet normal 0 0 1
    outer loop
      vertex -144.062 -12.55 4
      vertex -141.897 -24.4337 4
      vertex -143.961 -12.7023 4
    endloop
  endfacet
  facet normal 0 0 1
    outer loop
      vertex -144.143 -12.3858 4
      vertex -141.897 -24.4337 4
      vertex -144.062 -12.55 4
    endloop
  endfacet
  facet normal 0 0 1
    outer loop
      vertex -141.897 -24.4337 4
      vertex -144.143 -12.3858 4
      vertex -142 -26 4
    endloop
  endfacet
  facet normal 0 0 1
    outer loop
      vertex -144.202 -12.2123 4
      vertex -142 -26 4
      vertex -144.143 -12.3858 4
    endloop
  endfacet
  facet normal 0 0 1
    outer loop
      vertex -144.238 -12.0327 4
      vertex -142 -90 4
      vertex -144.202 -12.2123 4
    endloop
  endfacet
  facet normal 0 0 1
    outer loop
      vertex -142 -90 4
      vertex -144.238 -12.0327 4
      vertex -144.347 -105.87 4
    endloop
  endfacet
  facet normal 0 0 1
    outer loop
      vertex -144.347 -105.87 4
      vertex -144.238 -12.0327 4
      vertex -144.25 -11.85 4
    endloop
  endfacet
  facet normal 0 0 1
    outer loop
      vertex -137.305 -99.5202 4
      vertex -143.657 -106.657 4
      vertex -142.87 -107.347 4
    endloop
  endfacet
  facet normal 0 0 1
    outer loop
      vertex -80.8 -17.25 4
      vertex -80.812 -26.2173 4
      vertex -80.8 -26.4 4
    endloop
  endfacet
  facet normal 0 0 1
    outer loop
      vertex -80.8 -17.25 4
      vertex -80.8477 -26.0377 4
      vertex -80.812 -26.2173 4
    endloop
  endfacet
  facet normal 0 0 1
    outer loop
      vertex -80.8 -17.25 4
      vertex -80.9066 -25.8642 4
      vertex -80.8477 -26.0377 4
    endloop
  endfacet
  facet normal 0 0 1
    outer loop
      vertex -80.8 -17.25 4
      vertex -80.9876 -25.7 4
      vertex -80.9066 -25.8642 4
    endloop
  endfacet
  facet normal 0 0 1
    outer loop
      vertex -80.8 -17.25 4
      vertex -81.0893 -25.5477 4
      vertex -80.9876 -25.7 4
    endloop
  endfacet
  facet normal 0 0 1
    outer loop
      vertex -80.8 -17.25 4
      vertex -81.2101 -25.4101 4
      vertex -81.0893 -25.5477 4
    endloop
  endfacet
  facet normal 0 0 1
    outer loop
      vertex -80.8 -17.25 4
      vertex -81.3477 -25.2893 4
      vertex -81.2101 -25.4101 4
    endloop
  endfacet
  facet normal 0 0 1
    outer loop
      vertex -80.8 -17.25 4
      vertex -81.5 -25.1876 4
      vertex -81.3477 -25.2893 4
    endloop
  endfacet
  facet normal 0 0 1
    outer loop
      vertex -80.8 -17.25 4
      vertex -81.6642 -25.1066 4
      vertex -81.5 -25.1876 4
    endloop
  endfacet
  facet normal 0 0 1
    outer loop
      vertex -80.8 -17.25 4
      vertex -81.8377 -25.0477 4
      vertex -81.6642 -25.1066 4
    endloop
  endfacet
  facet normal -0 0 1
    outer loop
      vertex -84.4089 -22.8942 4
      vertex -81.8377 -25.0477 4
      vertex -80.8 -17.25 4
    endloop
  endfacet
  facet normal 0 0 1
    outer loop
      vertex -81.8377 -25.0477 4
      vertex -84.4089 -22.8942 4
      vertex -82.0173 -25.012 4
    endloop
  endfacet
  facet normal 0 0 1
    outer loop
      vertex -82.0173 -25.012 4
      vertex -84.4089 -22.8942 4
      vertex -82.2 -25 4
    endloop
  endfacet
  facet normal -0 -0 1
    outer loop
      vertex -84.1027 -24.4337 4
      vertex -82.2 -25 4
      vertex -84.4089 -22.8942 4
    endloop
  endfacet
  facet normal 0 0 1
    outer loop
      vertex -82.2 -25 4
      vertex -84.1027 -24.4337 4
      vertex -83.4 -25 4
    endloop
  endfacet
  facet normal 0 0 1
    outer loop
      vertex -83.4 -25 4
      vertex -84.1027 -24.4337 4
      vertex -83.5827 -25.012 4
    endloop
  endfacet
  facet normal 0 0 1
    outer loop
      vertex -83.7623 -25.0477 4
      vertex -84.1027 -24.4337 4
      vertex -83.9358 -25.1066 4
    endloop
  endfacet
  facet normal 0 0 1
    outer loop
      vertex -83.9358 -25.1066 4
      vertex -84.1027 -24.4337 4
      vertex -84.0547 -25.1652 4
    endloop
  endfacet
  facet normal 0 0 1
    outer loop
      vertex -83.5827 -25.012 4
      vertex -84.1027 -24.4337 4
      vertex -83.7623 -25.0477 4
    endloop
  endfacet
  facet normal 0 0 1
    outer loop
      vertex -80.8 -17.25 4
      vertex -84.9134 -21.4078 4
      vertex -84.4089 -22.8942 4
    endloop
  endfacet
  facet normal 0 0 1
    outer loop
      vertex -80.8 -17.25 4
      vertex -85.6077 -20 4
      vertex -84.9134 -21.4078 4
    endloop
  endfacet
  facet normal 0 0 1
    outer loop
      vertex -80.8 -17.25 4
      vertex -86.4798 -18.6949 4
      vertex -85.6077 -20 4
    endloop
  endfacet
  facet normal 0 0 1
    outer loop
      vertex -80.8 -17.25 4
      vertex -87.5147 -17.5147 4
      vertex -86.4798 -18.6949 4
    endloop
  endfacet
  facet normal 0 -0 1
    outer loop
      vertex -87.5147 -17.5147 4
      vertex -80.8 -17.25 4
      vertex -87.8166 -17.25 4
    endloop
  endfacet
  facet normal -0 0 1
    outer loop
      vertex -140.25 1 4
      vertex -80.8 0.25 4
      vertex -80.7508 1 4
    endloop
  endfacet
  facet normal 0 0 1
    outer loop
      vertex -140.25 0.174999 4
      vertex -80.8 0.25 4
      vertex -140.25 1 4
    endloop
  endfacet
  facet normal 0 0 1
    outer loop
      vertex -80.8 0.25 4
      vertex -140.25 0.174999 4
      vertex -80.8 0.174999 4
    endloop
  endfacet
  facet normal -0 0 1
    outer loop
      vertex -146 1 4
      vertex -144.25 0.174999 4
      vertex -144.25 1 4
    endloop
  endfacet
  facet normal 0 0 1
    outer loop
      vertex -144.25 0.174999 4
      vertex -146 1 4
      vertex -146 0.174999 4
    endloop
  endfacet
  facet normal -0 0 1
    outer loop
      vertex 0.174999 -105.25 4
      vertex 1 -109 4
      vertex 1 -105.25 4
    endloop
  endfacet
  facet normal 0 0 1
    outer loop
      vertex 1 -109 4
      vertex 0.174999 -105.25 4
      vertex 0.174999 -109 4
    endloop
  endfacet
  facet normal 0 0 1
    outer loop
      vertex -144.25 -11.85 9.5
      vertex -140.25 -11.85 9.5
      vertex -140.25 -0.174999 9.5
    endloop
  endfacet
  facet normal 0 -0 1
    outer loop
      vertex -141.65 -13.25 9.5
      vertex -140.25 -11.85 9.5
      vertex -144.25 -11.85 9.5
    endloop
  endfacet
  facet normal 0 0 1
    outer loop
      vertex -140.25 -11.85 9.5
      vertex -141.65 -13.25 9.5
      vertex -140.262 -12.0327 9.5
    endloop
  endfacet
  facet normal 0 0 1
    outer loop
      vertex -140.262 -12.0327 9.5
      vertex -141.65 -13.25 9.5
      vertex -140.298 -12.2123 9.5
    endloop
  endfacet
  facet normal 0 0 1
    outer loop
      vertex -140.298 -12.2123 9.5
      vertex -141.65 -13.25 9.5
      vertex -140.357 -12.3858 9.5
    endloop
  endfacet
  facet normal 0 0 1
    outer loop
      vertex -140.357 -12.3858 9.5
      vertex -141.65 -13.25 9.5
      vertex -140.438 -12.55 9.5
    endloop
  endfacet
  facet normal 0 0 1
    outer loop
      vertex -140.438 -12.55 9.5
      vertex -141.65 -13.25 9.5
      vertex -140.539 -12.7023 9.5
    endloop
  endfacet
  facet normal 0 0 1
    outer loop
      vertex -140.539 -12.7023 9.5
      vertex -141.65 -13.25 9.5
      vertex -140.66 -12.8399 9.5
    endloop
  endfacet
  facet normal 0 0 1
    outer loop
      vertex -140.66 -12.8399 9.5
      vertex -141.65 -13.25 9.5
      vertex -140.798 -12.9607 9.5
    endloop
  endfacet
  facet normal 0 0 1
    outer loop
      vertex -140.798 -12.9607 9.5
      vertex -141.65 -13.25 9.5
      vertex -140.95 -13.0624 9.5
    endloop
  endfacet
  facet normal 0 0 1
    outer loop
      vertex -140.95 -13.0624 9.5
      vertex -141.65 -13.25 9.5
      vertex -141.114 -13.1434 9.5
    endloop
  endfacet
  facet normal 0 0 1
    outer loop
      vertex -141.114 -13.1434 9.5
      vertex -141.65 -13.25 9.5
      vertex -141.288 -13.2023 9.5
    endloop
  endfacet
  facet normal 0 0 1
    outer loop
      vertex -141.288 -13.2023 9.5
      vertex -141.65 -13.25 9.5
      vertex -141.467 -13.238 9.5
    endloop
  endfacet
  facet normal 0 0 1
    outer loop
      vertex -141.65 -13.25 9.5
      vertex -144.25 -11.85 9.5
      vertex -142.85 -13.25 9.5
    endloop
  endfacet
  facet normal 0 0 1
    outer loop
      vertex -142.85 -13.25 9.5
      vertex -144.25 -11.85 9.5
      vertex -143.033 -13.238 9.5
    endloop
  endfacet
  facet normal 0 0 1
    outer loop
      vertex -143.033 -13.238 9.5
      vertex -144.25 -11.85 9.5
      vertex -143.212 -13.2023 9.5
    endloop
  endfacet
  facet normal 0 0 1
    outer loop
      vertex -143.212 -13.2023 9.5
      vertex -144.25 -11.85 9.5
      vertex -143.386 -13.1434 9.5
    endloop
  endfacet
  facet normal 0 0 1
    outer loop
      vertex -143.386 -13.1434 9.5
      vertex -144.25 -11.85 9.5
      vertex -143.55 -13.0624 9.5
    endloop
  endfacet
  facet normal 0 0 1
    outer loop
      vertex -143.55 -13.0624 9.5
      vertex -144.25 -11.85 9.5
      vertex -143.702 -12.9607 9.5
    endloop
  endfacet
  facet normal 0 0 1
    outer loop
      vertex -143.702 -12.9607 9.5
      vertex -144.25 -11.85 9.5
      vertex -143.84 -12.8399 9.5
    endloop
  endfacet
  facet normal 0 0 1
    outer loop
      vertex -143.84 -12.8399 9.5
      vertex -144.25 -11.85 9.5
      vertex -143.961 -12.7023 9.5
    endloop
  endfacet
  facet normal 0 0 1
    outer loop
      vertex -143.961 -12.7023 9.5
      vertex -144.25 -11.85 9.5
      vertex -144.062 -12.55 9.5
    endloop
  endfacet
  facet normal 0 0 1
    outer loop
      vertex -144.062 -12.55 9.5
      vertex -144.25 -11.85 9.5
      vertex -144.143 -12.3858 9.5
    endloop
  endfacet
  facet normal 0 0 1
    outer loop
      vertex -144.143 -12.3858 9.5
      vertex -144.25 -11.85 9.5
      vertex -144.202 -12.2123 9.5
    endloop
  endfacet
  facet normal 0 0 1
    outer loop
      vertex -144.25 -11.85 9.5
      vertex -140.25 -0.174999 9.5
      vertex -144.25 -0.174999 9.5
    endloop
  endfacet
  facet normal 0 0 1
    outer loop
      vertex -144.202 -12.2123 9.5
      vertex -144.25 -11.85 9.5
      vertex -144.238 -12.0327 9.5
    endloop
  endfacet
  facet normal -0 0 1
    outer loop
      vertex -144.25 1 9.5
      vertex -140.25 0.174999 9.5
      vertex -140.25 1 9.5
    endloop
  endfacet
  facet normal 0 0 1
    outer loop
      vertex -140.25 0.174999 9.5
      vertex -144.25 1 9.5
      vertex -144.25 0.174999 9.5
    endloop
  endfacet
  facet normal -0.442835 -0.896603 0
    outer loop
      vertex -143.55 -13.0624 4
      vertex -143.386 -13.1434 9.5
      vertex -143.55 -13.0624 9.5
    endloop
  endfacet
  facet normal -0.442835 -0.896603 -0
    outer loop
      vertex -143.386 -13.1434 9.5
      vertex -143.55 -13.0624 4
      vertex -143.386 -13.1434 4
    endloop
  endfacet
  facet normal 0.946756 -0.321952 3.46093e-19
    outer loop
      vertex -140.357 -12.3858 9.5
      vertex -140.298 -12.2123 4
      vertex -140.298 -12.2123 9.5
    endloop
  endfacet
  facet normal 0.946756 -0.321952 3.46093e-19
    outer loop
      vertex -140.298 -12.2123 4
      vertex -140.357 -12.3858 9.5
      vertex -140.357 -12.3858 4
    endloop
  endfacet
  facet normal -0.946756 -0.321952 -3.46093e-19
    outer loop
      vertex -144.143 -12.3858 4
      vertex -144.202 -12.2123 9.5
      vertex -144.202 -12.2123 4
    endloop
  endfacet
  facet normal -0.946756 -0.321952 -3.46093e-19
    outer loop
      vertex -144.202 -12.2123 9.5
      vertex -144.143 -12.3858 4
      vertex -144.143 -12.3858 9.5
    endloop
  endfacet
  facet normal -0.896817 -0.442401 4.46336e-19
    outer loop
      vertex -144.062 -12.55 4
      vertex -144.143 -12.3858 9.5
      vertex -144.143 -12.3858 4
    endloop
  endfacet
  facet normal -0.896817 -0.442401 4.46336e-19
    outer loop
      vertex -144.143 -12.3858 9.5
      vertex -144.062 -12.55 4
      vertex -144.062 -12.55 9.5
    endloop
  endfacet
  facet normal -0.833395 -0.552678 4.98896e-19
    outer loop
      vertex -143.961 -12.7023 4
      vertex -144.062 -12.55 9.5
      vertex -144.062 -12.55 4
    endloop
  endfacet
  facet normal -0.833395 -0.552678 4.98896e-19
    outer loop
      vertex -144.062 -12.55 9.5
      vertex -143.961 -12.7023 4
      vertex -143.961 -12.7023 9.5
    endloop
  endfacet
  facet normal 0.99785 -0.0655402 -7.62977e-20
    outer loop
      vertex -140.262 -12.0327 9.5
      vertex -140.25 -11.85 4
      vertex -140.25 -11.85 9.5
    endloop
  endfacet
  facet normal 0.99785 -0.0655402 -7.62977e-20
    outer loop
      vertex -140.25 -11.85 4
      vertex -140.262 -12.0327 9.5
      vertex -140.262 -12.0327 4
    endloop
  endfacet
  facet normal 0.980497 -0.196536 1.63903e-19
    outer loop
      vertex -140.298 -12.2123 9.5
      vertex -140.262 -12.0327 4
      vertex -140.262 -12.0327 9.5
    endloop
  endfacet
  facet normal 0.980497 -0.196536 1.63903e-19
    outer loop
      vertex -140.262 -12.0327 4
      vertex -140.298 -12.2123 9.5
      vertex -140.298 -12.2123 4
    endloop
  endfacet
  facet normal 0 -1 0
    outer loop
      vertex -142.85 -13.25 4
      vertex -141.65 -13.25 9.5
      vertex -142.85 -13.25 9.5
    endloop
  endfacet
  facet normal 0 -1 -0
    outer loop
      vertex -141.65 -13.25 9.5
      vertex -142.85 -13.25 4
      vertex -141.65 -13.25 4
    endloop
  endfacet
  facet normal 0.442835 -0.896603 0
    outer loop
      vertex -141.114 -13.1434 4
      vertex -140.95 -13.0624 9.5
      vertex -141.114 -13.1434 9.5
    endloop
  endfacet
  facet normal 0.442835 -0.896603 0
    outer loop
      vertex -140.95 -13.0624 9.5
      vertex -141.114 -13.1434 4
      vertex -140.95 -13.0624 4
    endloop
  endfacet
  facet normal -0.980497 -0.196536 -1.63903e-19
    outer loop
      vertex -144.202 -12.2123 4
      vertex -144.238 -12.0327 9.5
      vertex -144.238 -12.0327 4
    endloop
  endfacet
  facet normal -0.980497 -0.196536 -1.63903e-19
    outer loop
      vertex -144.238 -12.0327 9.5
      vertex -144.202 -12.2123 4
      vertex -144.202 -12.2123 9.5
    endloop
  endfacet
  facet normal 0.556087 -0.831124 0
    outer loop
      vertex -140.95 -13.0624 4
      vertex -140.798 -12.9607 9.5
      vertex -140.95 -13.0624 9.5
    endloop
  endfacet
  facet normal 0.556087 -0.831124 0
    outer loop
      vertex -140.798 -12.9607 9.5
      vertex -140.95 -13.0624 4
      vertex -140.798 -12.9607 4
    endloop
  endfacet
  facet normal 0.658659 -0.752442 0
    outer loop
      vertex -140.798 -12.9607 4
      vertex -140.66 -12.8399 9.5
      vertex -140.798 -12.9607 9.5
    endloop
  endfacet
  facet normal 0.658659 -0.752442 0
    outer loop
      vertex -140.66 -12.8399 9.5
      vertex -140.798 -12.9607 4
      vertex -140.66 -12.8399 4
    endloop
  endfacet
  facet normal 0.320634 -0.947203 0
    outer loop
      vertex -141.288 -13.2023 4
      vertex -141.114 -13.1434 9.5
      vertex -141.288 -13.2023 9.5
    endloop
  endfacet
  facet normal 0.320634 -0.947203 0
    outer loop
      vertex -141.114 -13.1434 9.5
      vertex -141.288 -13.2023 4
      vertex -141.114 -13.1434 4
    endloop
  endfacet
  facet normal 0.195589 -0.980686 0
    outer loop
      vertex -141.467 -13.238 4
      vertex -141.288 -13.2023 9.5
      vertex -141.467 -13.238 9.5
    endloop
  endfacet
  facet normal 0.195589 -0.980686 0
    outer loop
      vertex -141.288 -13.2023 9.5
      vertex -141.467 -13.238 4
      vertex -141.288 -13.2023 4
    endloop
  endfacet
  facet normal 0.750952 -0.660357 -1.29478e-18
    outer loop
      vertex -140.66 -12.8399 9.5
      vertex -140.539 -12.7023 4
      vertex -140.539 -12.7023 9.5
    endloop
  endfacet
  facet normal 0.750952 -0.660357 -1.29478e-18
    outer loop
      vertex -140.539 -12.7023 4
      vertex -140.66 -12.8399 9.5
      vertex -140.66 -12.8399 4
    endloop
  endfacet
  facet normal 0.833395 -0.552678 -4.98896e-19
    outer loop
      vertex -140.539 -12.7023 9.5
      vertex -140.438 -12.55 4
      vertex -140.438 -12.55 9.5
    endloop
  endfacet
  facet normal 0.833395 -0.552678 -4.98896e-19
    outer loop
      vertex -140.438 -12.55 4
      vertex -140.539 -12.7023 9.5
      vertex -140.539 -12.7023 4
    endloop
  endfacet
  facet normal 0 1 0
    outer loop
      vertex -80.8 -13.25 4.3
      vertex -0.174999 -13.25 7.2
      vertex -0.174999 -13.25 4.3
    endloop
  endfacet
  facet normal 0 1 0
    outer loop
      vertex -0.174999 -13.25 7.2
      vertex -80.8 -13.25 4.3
      vertex -105.19 -13.25 7.2
    endloop
  endfacet
  facet normal 0 1 0
    outer loop
      vertex -105.19 -13.25 4
      vertex -80.8 -13.25 4.3
      vertex -80.8 -13.25 4
    endloop
  endfacet
  facet normal 0 1 0
    outer loop
      vertex -80.8 -13.25 4.3
      vertex -105.19 -13.25 4
      vertex -105.19 -13.25 7.2
    endloop
  endfacet
  facet normal 0 1 -0
    outer loop
      vertex 1 -13.25 4.3
      vertex 0.174999 -13.25 7.2
      vertex 1 -13.25 7.2
    endloop
  endfacet
  facet normal 0 1 0
    outer loop
      vertex 0.174999 -13.25 7.2
      vertex 1 -13.25 4.3
      vertex 0.174999 -13.25 4.3
    endloop
  endfacet
  facet normal 0 -1 0
    outer loop
      vertex -87.8166 -17.25 7.2
      vertex -80.8 -17.25 4.3
      vertex -0.174999 -17.25 7.2
    endloop
  endfacet
  facet normal 0 -1 0
    outer loop
      vertex -87.8166 -17.25 4
      vertex -80.8 -17.25 4.3
      vertex -87.8166 -17.25 7.2
    endloop
  endfacet
  facet normal 0 -1 -0
    outer loop
      vertex -80.8 -17.25 4.3
      vertex -87.8166 -17.25 4
      vertex -80.8 -17.25 4
    endloop
  endfacet
  facet normal 0 -1 -0
    outer loop
      vertex -0.174999 -17.25 7.2
      vertex -80.8 -17.25 4.3
      vertex -0.174999 -17.25 4.3
    endloop
  endfacet
  facet normal 0 -1 0
    outer loop
      vertex 0.174999 -17.25 4.3
      vertex 1 -17.25 7.2
      vertex 0.174999 -17.25 7.2
    endloop
  endfacet
  facet normal 0 -1 -0
    outer loop
      vertex 1 -17.25 7.2
      vertex 0.174999 -17.25 4.3
      vertex 1 -17.25 4.3
    endloop
  endfacet
  facet normal -0.320634 0.947203 0
    outer loop
      vertex -105.552 -13.2977 4
      vertex -105.726 -13.3566 7.2
      vertex -105.552 -13.2977 7.2
    endloop
  endfacet
  facet normal -0.320634 0.947203 0
    outer loop
      vertex -105.726 -13.3566 7.2
      vertex -105.552 -13.2977 4
      vertex -105.726 -13.3566 4
    endloop
  endfacet
  facet normal -0.0654332 0.997857 0
    outer loop
      vertex -105.19 -13.25 4
      vertex -105.373 -13.262 7.2
      vertex -105.19 -13.25 7.2
    endloop
  endfacet
  facet normal -0.0654332 0.997857 0
    outer loop
      vertex -105.373 -13.262 7.2
      vertex -105.19 -13.25 4
      vertex -105.373 -13.262 4
    endloop
  endfacet
  facet normal -0.658659 0.752442 0
    outer loop
      vertex -106.042 -13.5393 4
      vertex -106.18 -13.6601 7.2
      vertex -106.042 -13.5393 7.2
    endloop
  endfacet
  facet normal -0.658659 0.752442 0
    outer loop
      vertex -106.18 -13.6601 7.2
      vertex -106.042 -13.5393 4
      vertex -106.18 -13.6601 4
    endloop
  endfacet
  facet normal 0 0 1
    outer loop
      vertex -0.174999 -13.25 7.2
      vertex -87.8166 -17.25 7.2
      vertex -0.174999 -17.25 7.2
    endloop
  endfacet
  facet normal 0 0 1
    outer loop
      vertex -0.174999 -13.25 7.2
      vertex -88.6949 -16.4798 7.2
      vertex -87.8166 -17.25 7.2
    endloop
  endfacet
  facet normal 0 0 1
    outer loop
      vertex -0.174999 -13.25 7.2
      vertex -90 -15.6077 7.2
      vertex -88.6949 -16.4798 7.2
    endloop
  endfacet
  facet normal 0 0 1
    outer loop
      vertex -0.174999 -13.25 7.2
      vertex -91.4078 -14.9134 7.2
      vertex -90 -15.6077 7.2
    endloop
  endfacet
  facet normal 0 0 1
    outer loop
      vertex -0.174999 -13.25 7.2
      vertex -92.8942 -14.4089 7.2
      vertex -91.4078 -14.9134 7.2
    endloop
  endfacet
  facet normal 0 0 1
    outer loop
      vertex -0.174999 -13.25 7.2
      vertex -94.4337 -14.1027 7.2
      vertex -92.8942 -14.4089 7.2
    endloop
  endfacet
  facet normal 0 0 1
    outer loop
      vertex -0.174999 -13.25 7.2
      vertex -96 -14 7.2
      vertex -94.4337 -14.1027 7.2
    endloop
  endfacet
  facet normal -0 0 1
    outer loop
      vertex -105.19 -13.25 7.2
      vertex -96 -14 7.2
      vertex -0.174999 -13.25 7.2
    endloop
  endfacet
  facet normal 0 0 1
    outer loop
      vertex -106.427 -14 7.2
      vertex -105.19 -13.25 7.2
      vertex -105.373 -13.262 7.2
    endloop
  endfacet
  facet normal 0 0 1
    outer loop
      vertex -106.427 -14 7.2
      vertex -105.373 -13.262 7.2
      vertex -105.552 -13.2977 7.2
    endloop
  endfacet
  facet normal 0 0 1
    outer loop
      vertex -106.427 -14 7.2
      vertex -105.552 -13.2977 7.2
      vertex -105.726 -13.3566 7.2
    endloop
  endfacet
  facet normal 0 0 1
    outer loop
      vertex -106.427 -14 7.2
      vertex -105.726 -13.3566 7.2
      vertex -105.89 -13.4376 7.2
    endloop
  endfacet
  facet normal 0 0 1
    outer loop
      vertex -106.427 -14 7.2
      vertex -105.89 -13.4376 7.2
      vertex -106.042 -13.5393 7.2
    endloop
  endfacet
  facet normal 0 0 1
    outer loop
      vertex -106.427 -14 7.2
      vertex -106.042 -13.5393 7.2
      vertex -106.18 -13.6601 7.2
    endloop
  endfacet
  facet normal 0 0 1
    outer loop
      vertex -106.427 -14 7.2
      vertex -106.18 -13.6601 7.2
      vertex -106.301 -13.7977 7.2
    endloop
  endfacet
  facet normal 0 0 1
    outer loop
      vertex -106.427 -14 7.2
      vertex -106.301 -13.7977 7.2
      vertex -106.402 -13.95 7.2
    endloop
  endfacet
  facet normal 0 0 1
    outer loop
      vertex -105.19 -13.25 7.2
      vertex -106.427 -14 7.2
      vertex -96 -14 7.2
    endloop
  endfacet
  facet normal -0 0 1
    outer loop
      vertex 0.174999 -13.25 7.2
      vertex 1 -17.25 7.2
      vertex 1 -13.25 7.2
    endloop
  endfacet
  facet normal 0 0 1
    outer loop
      vertex 1 -17.25 7.2
      vertex 0.174999 -13.25 7.2
      vertex 0.174999 -17.25 7.2
    endloop
  endfacet
  facet normal -0.195589 0.980686 0
    outer loop
      vertex -105.373 -13.262 4
      vertex -105.552 -13.2977 7.2
      vertex -105.373 -13.262 7.2
    endloop
  endfacet
  facet normal -0.195589 0.980686 0
    outer loop
      vertex -105.552 -13.2977 7.2
      vertex -105.373 -13.262 4
      vertex -105.552 -13.2977 4
    endloop
  endfacet
  facet normal -0.750952 0.660357 8.45993e-20
    outer loop
      vertex -106.301 -13.7977 4
      vertex -106.18 -13.6601 7.2
      vertex -106.18 -13.6601 4
    endloop
  endfacet
  facet normal -0.750952 0.660357 8.45993e-20
    outer loop
      vertex -106.18 -13.6601 7.2
      vertex -106.301 -13.7977 4
      vertex -106.301 -13.7977 7.2
    endloop
  endfacet
  facet normal -0.556087 0.831124 0
    outer loop
      vertex -105.89 -13.4376 4
      vertex -106.042 -13.5393 7.2
      vertex -105.89 -13.4376 7.2
    endloop
  endfacet
  facet normal -0.556087 0.831124 0
    outer loop
      vertex -106.042 -13.5393 7.2
      vertex -105.89 -13.4376 4
      vertex -106.042 -13.5393 4
    endloop
  endfacet
  facet normal -0.442835 0.896603 0
    outer loop
      vertex -105.726 -13.3566 4
      vertex -105.89 -13.4376 7.2
      vertex -105.726 -13.3566 7.2
    endloop
  endfacet
  facet normal -0.442835 0.896603 0
    outer loop
      vertex -105.89 -13.4376 7.2
      vertex -105.726 -13.3566 4
      vertex -105.89 -13.4376 4
    endloop
  endfacet
  facet normal -0.894427 0.447214 -5.81844e-19
    outer loop
      vertex -106.427 -14 4
      vertex -106.402 -13.95 7.2
      vertex -106.402 -13.95 4
    endloop
  endfacet
  facet normal -0.894427 0.447214 -5.81844e-19
    outer loop
      vertex -106.402 -13.95 7.2
      vertex -106.427 -14 4
      vertex -106.427 -14 7.2
    endloop
  endfacet
  facet normal -0.833395 0.552678 -8.57478e-19
    outer loop
      vertex -106.402 -13.95 4
      vertex -106.301 -13.7977 7.2
      vertex -106.301 -13.7977 4
    endloop
  endfacet
  facet normal -0.833395 0.552678 -8.57478e-19
    outer loop
      vertex -106.301 -13.7977 7.2
      vertex -106.402 -13.95 4
      vertex -106.402 -13.95 7.2
    endloop
  endfacet
  facet normal 0.83163 0.55533 -1.79256e-19
    outer loop
      vertex -80.9876 -25.7 9.5
      vertex -81.0893 -25.5477 4
      vertex -81.0893 -25.5477 9.5
    endloop
  endfacet
  facet normal 0.83163 0.55533 -1.79256e-19
    outer loop
      vertex -81.0893 -25.5477 4
      vertex -80.9876 -25.7 9.5
      vertex -80.9876 -25.7 4
    endloop
  endfacet
  facet normal -0.896817 -0.442401 -5.76703e-19
    outer loop
      vertex -84.6124 -68.3 8
      vertex -84.6934 -68.1358 9.5
      vertex -84.6934 -68.1358 8
    endloop
  endfacet
  facet normal -0.896817 -0.442401 -5.76703e-19
    outer loop
      vertex -84.6934 -68.1358 9.5
      vertex -84.6124 -68.3 8
      vertex -84.6124 -68.3 9.5
    endloop
  endfacet
  facet normal 0.442401 0.896817 -0
    outer loop
      vertex -81.5 -25.1876 4
      vertex -81.6642 -25.1066 9.5
      vertex -81.5 -25.1876 9.5
    endloop
  endfacet
  facet normal 0.442401 0.896817 0
    outer loop
      vertex -81.6642 -25.1066 9.5
      vertex -81.5 -25.1876 4
      vertex -81.6642 -25.1066 4
    endloop
  endfacet
  facet normal 0.55533 0.83163 -0
    outer loop
      vertex -81.3477 -25.2893 4
      vertex -81.5 -25.1876 9.5
      vertex -81.3477 -25.2893 9.5
    endloop
  endfacet
  facet normal 0.55533 0.83163 0
    outer loop
      vertex -81.5 -25.1876 9.5
      vertex -81.3477 -25.2893 4
      vertex -81.5 -25.1876 4
    endloop
  endfacet
  facet normal -0.0655402 -0.99785 0
    outer loop
      vertex -83.5827 -68.988 4
      vertex -83.4 -69 9.5
      vertex -83.5827 -68.988 9.5
    endloop
  endfacet
  facet normal -0.0655402 -0.99785 -0
    outer loop
      vertex -83.4 -69 9.5
      vertex -83.5827 -68.988 4
      vertex -83.4 -69 4
    endloop
  endfacet
  facet normal -0.442401 0.896817 3.19694e-05
    outer loop
      vertex -83.9358 -25.1066 9.5
      vertex -84.0547 -25.1652 8
      vertex -84.1 -25.1876 9.5
    endloop
  endfacet
  facet normal -0.442076 0.896977 0
    outer loop
      vertex -83.9358 -25.1066 4
      vertex -84.0547 -25.1652 8
      vertex -83.9358 -25.1066 9.5
    endloop
  endfacet
  facet normal -0.442076 0.896977 0
    outer loop
      vertex -84.0547 -25.1652 8
      vertex -83.9358 -25.1066 4
      vertex -84.0547 -25.1652 4
    endloop
  endfacet
  facet normal -0.443252 0.896397 0
    outer loop
      vertex -84.1 -25.1876 9.5
      vertex -84.0547 -25.1652 8
      vertex -84.1 -25.1876 8
    endloop
  endfacet
  facet normal 0.751493 0.659741 -1.03592e-18
    outer loop
      vertex -81.0893 -25.5477 9.5
      vertex -81.2101 -25.4101 4
      vertex -81.2101 -25.4101 9.5
    endloop
  endfacet
  facet normal 0.751493 0.659741 -1.03592e-18
    outer loop
      vertex -81.2101 -25.4101 4
      vertex -81.0893 -25.5477 9.5
      vertex -81.0893 -25.5477 4
    endloop
  endfacet
  facet normal 1 -0 0
    outer loop
      vertex -80.8 -67.6 9.5
      vertex -80.8 -26.4 4.3
      vertex -80.8 -26.4 9.5
    endloop
  endfacet
  facet normal 1 0 0
    outer loop
      vertex -80.8 -26.4 4.3
      vertex -80.8 -67.6 9.5
      vertex -80.8 -67.6 4.3
    endloop
  endfacet
  facet normal 1 0 0
    outer loop
      vertex -80.8 -26.4 4.3
      vertex -80.8 -67.6 4.3
      vertex -80.8 -26.4 4
    endloop
  endfacet
  facet normal 1 0 0
    outer loop
      vertex -80.8 -13.25 4.3
      vertex -80.8 -17.25 4.3
      vertex -80.8 -13.25 4
    endloop
  endfacet
  facet normal 1 -0 0
    outer loop
      vertex -80.8 -13.25 4
      vertex -80.8 -0.174999 3
      vertex -80.8 -0.174999 4
    endloop
  endfacet
  facet normal 1 0 0
    outer loop
      vertex -80.8 -17.25 4
      vertex -80.8 -13.25 4
      vertex -80.8 -17.25 4.3
    endloop
  endfacet
  facet normal 1 0 0
    outer loop
      vertex -80.8 -13.25 4
      vertex -80.8 -17.25 4
      vertex -80.8 -0.174999 3
    endloop
  endfacet
  facet normal 1 -0 0
    outer loop
      vertex -80.8 -26.4 4
      vertex -80.8 -0.174999 3
      vertex -80.8 -17.25 4
    endloop
  endfacet
  facet normal 1 0 0
    outer loop
      vertex -80.8 -67.6 4
      vertex -80.8 -26.4 4
      vertex -80.8 -67.6 4.3
    endloop
  endfacet
  facet normal 1 0 0
    outer loop
      vertex -80.8 -26.4 4
      vertex -80.8 -67.6 4
      vertex -80.8 -0.174999 3
    endloop
  endfacet
  facet normal 1 0 0
    outer loop
      vertex -80.8 -94.25 3
      vertex -80.8 -67.6 4
      vertex -80.8 -94.25 4
    endloop
  endfacet
  facet normal 1 0 0
    outer loop
      vertex -80.8 -67.6 4
      vertex -80.8 -94.25 3
      vertex -80.8 -0.174999 3
    endloop
  endfacet
  facet normal 1 -0 0
    outer loop
      vertex -80.8 0.174999 4
      vertex -80.8 0.25 3
      vertex -80.8 0.25 4
    endloop
  endfacet
  facet normal 1 0 0
    outer loop
      vertex -80.8 0.25 3
      vertex -80.8 0.174999 4
      vertex -80.8 0.174999 3
    endloop
  endfacet
  facet normal 0.659741 0.751493 -0
    outer loop
      vertex -81.2101 -25.4101 4
      vertex -81.3477 -25.2893 9.5
      vertex -81.2101 -25.4101 9.5
    endloop
  endfacet
  facet normal 0.659741 0.751493 0
    outer loop
      vertex -81.3477 -25.2893 9.5
      vertex -81.2101 -25.4101 4
      vertex -81.3477 -25.2893 4
    endloop
  endfacet
  facet normal -0.83163 -0.55533 1.12102e-18
    outer loop
      vertex -84.5107 -68.4523 8
      vertex -84.6124 -68.3 9.5
      vertex -84.6124 -68.3 8
    endloop
  endfacet
  facet normal -0.83163 -0.55533 1.12102e-18
    outer loop
      vertex -84.6124 -68.3 9.5
      vertex -84.5107 -68.4523 8
      vertex -84.5107 -68.4523 9.5
    endloop
  endfacet
  facet normal 0 -1 0
    outer loop
      vertex -83.4 -69 4
      vertex -82.2 -69 9.5
      vertex -83.4 -69 9.5
    endloop
  endfacet
  facet normal 0 -1 -0
    outer loop
      vertex -82.2 -69 9.5
      vertex -83.4 -69 4
      vertex -82.2 -69 4
    endloop
  endfacet
  facet normal -0.55533 0.83163 0
    outer loop
      vertex -84.1 -25.1876 8
      vertex -84.2523 -25.2893 9.5
      vertex -84.1 -25.1876 9.5
    endloop
  endfacet
  facet normal -0.55533 0.83163 0
    outer loop
      vertex -84.2523 -25.2893 9.5
      vertex -84.1 -25.1876 8
      vertex -84.2523 -25.2893 8
    endloop
  endfacet
  facet normal -0.896817 0.442401 -8.38172e-19
    outer loop
      vertex -84.6934 -25.8642 8
      vertex -84.6124 -25.7 9.5
      vertex -84.6124 -25.7 8
    endloop
  endfacet
  facet normal -0.896817 0.442401 -8.38172e-19
    outer loop
      vertex -84.6124 -25.7 9.5
      vertex -84.6934 -25.8642 8
      vertex -84.6934 -25.8642 9.5
    endloop
  endfacet
  facet normal 0.980811 0.194961 -4.02228e-19
    outer loop
      vertex -80.812 -26.2173 9.5
      vertex -80.8477 -26.0377 4
      vertex -80.8477 -26.0377 9.5
    endloop
  endfacet
  facet normal 0.980811 0.194961 -4.02228e-19
    outer loop
      vertex -80.8477 -26.0377 4
      vertex -80.812 -26.2173 9.5
      vertex -80.812 -26.2173 4
    endloop
  endfacet
  facet normal -0.0655402 0.99785 0
    outer loop
      vertex -83.4 -25 4
      vertex -83.5827 -25.012 9.5
      vertex -83.4 -25 9.5
    endloop
  endfacet
  facet normal -0.0655402 0.99785 0
    outer loop
      vertex -83.5827 -25.012 9.5
      vertex -83.4 -25 4
      vertex -83.5827 -25.012 4
    endloop
  endfacet
  facet normal -0.980811 -0.194961 -1.40915e-18
    outer loop
      vertex -84.7523 -67.9623 8
      vertex -84.788 -67.7827 9.5
      vertex -84.788 -67.7827 8
    endloop
  endfacet
  facet normal -0.980811 -0.194961 -1.40915e-18
    outer loop
      vertex -84.788 -67.7827 9.5
      vertex -84.7523 -67.9623 8
      vertex -84.7523 -67.9623 9.5
    endloop
  endfacet
  facet normal 0.946922 0.321462 -2.81285e-19
    outer loop
      vertex -80.8477 -26.0377 9.5
      vertex -80.9066 -25.8642 4
      vertex -80.9066 -25.8642 9.5
    endloop
  endfacet
  facet normal 0.946922 0.321462 -2.81285e-19
    outer loop
      vertex -80.9066 -25.8642 4
      vertex -80.8477 -26.0377 9.5
      vertex -80.8477 -26.0377 4
    endloop
  endfacet
  facet normal 0.896817 0.442401 2.28592e-19
    outer loop
      vertex -80.9066 -25.8642 9.5
      vertex -80.9876 -25.7 4
      vertex -80.9876 -25.7 9.5
    endloop
  endfacet
  facet normal 0.896817 0.442401 2.28592e-19
    outer loop
      vertex -80.9876 -25.7 4
      vertex -80.9066 -25.8642 9.5
      vertex -80.9066 -25.8642 4
    endloop
  endfacet
  facet normal 0.99785 -0.0655402 -1.20784e-19
    outer loop
      vertex -80.812 -67.7827 9.5
      vertex -80.8 -67.6 4.3
      vertex -80.8 -67.6 9.5
    endloop
  endfacet
  facet normal 0.99785 -0.0655402 0
    outer loop
      vertex -80.812 -67.7827 4
      vertex -80.8 -67.6 4.3
      vertex -80.812 -67.7827 9.5
    endloop
  endfacet
  facet normal 0.99785 -0.0655402 0
    outer loop
      vertex -80.8 -67.6 4.3
      vertex -80.812 -67.7827 4
      vertex -80.8 -67.6 4
    endloop
  endfacet
  facet normal -1 0 0
    outer loop
      vertex -84.8 -67.6 8
      vertex -84.8 -26.4 9.5
      vertex -84.8 -26.4 8
    endloop
  endfacet
  facet normal -1 -0 0
    outer loop
      vertex -84.8 -26.4 9.5
      vertex -84.8 -67.6 8
      vertex -84.8 -67.6 9.5
    endloop
  endfacet
  facet normal -0.99785 -0.0655402 4.18718e-19
    outer loop
      vertex -84.788 -67.7827 8
      vertex -84.8 -67.6 9.5
      vertex -84.8 -67.6 8
    endloop
  endfacet
  facet normal -0.99785 -0.0655402 4.18718e-19
    outer loop
      vertex -84.8 -67.6 9.5
      vertex -84.788 -67.7827 8
      vertex -84.788 -67.7827 9.5
    endloop
  endfacet
  facet normal -0.55533 -0.83163 0
    outer loop
      vertex -84.2523 -68.7107 8
      vertex -84.1 -68.8124 9.5
      vertex -84.2523 -68.7107 9.5
    endloop
  endfacet
  facet normal -0.55533 -0.83163 -0
    outer loop
      vertex -84.1 -68.8124 9.5
      vertex -84.2523 -68.7107 8
      vertex -84.1 -68.8124 8
    endloop
  endfacet
  facet normal 0.99785 0.0655402 -0
    outer loop
      vertex -80.8 -26.4 4.3
      vertex -80.812 -26.2173 9.5
      vertex -80.8 -26.4 9.5
    endloop
  endfacet
  facet normal 0.99785 0.0655402 0
    outer loop
      vertex -80.812 -26.2173 9.5
      vertex -80.8 -26.4 4.3
      vertex -80.812 -26.2173 4
    endloop
  endfacet
  facet normal 0.99785 0.0655402 3.799e-18
    outer loop
      vertex -80.812 -26.2173 4
      vertex -80.8 -26.4 4.3
      vertex -80.8 -26.4 4
    endloop
  endfacet
  facet normal 0 0 1
    outer loop
      vertex -82.2 -25 9.5
      vertex -80.8 -26.4 9.5
      vertex -80.812 -26.2173 9.5
    endloop
  endfacet
  facet normal 0 0 1
    outer loop
      vertex -80.8 -26.4 9.5
      vertex -84.8 -26.4 9.5
      vertex -80.8 -67.6 9.5
    endloop
  endfacet
  facet normal 0 0 1
    outer loop
      vertex -82.2 -25 9.5
      vertex -80.812 -26.2173 9.5
      vertex -80.8477 -26.0377 9.5
    endloop
  endfacet
  facet normal 0 0 1
    outer loop
      vertex -84.8 -67.6 9.5
      vertex -80.8 -67.6 9.5
      vertex -84.8 -26.4 9.5
    endloop
  endfacet
  facet normal 0 0 1
    outer loop
      vertex -82.2 -25 9.5
      vertex -80.8477 -26.0377 9.5
      vertex -80.9066 -25.8642 9.5
    endloop
  endfacet
  facet normal 0 -0 1
    outer loop
      vertex -82.2 -69 9.5
      vertex -80.8 -67.6 9.5
      vertex -84.8 -67.6 9.5
    endloop
  endfacet
  facet normal 0 0 1
    outer loop
      vertex -82.2 -25 9.5
      vertex -80.9066 -25.8642 9.5
      vertex -80.9876 -25.7 9.5
    endloop
  endfacet
  facet normal 0 0 1
    outer loop
      vertex -80.8 -67.6 9.5
      vertex -82.2 -69 9.5
      vertex -80.812 -67.7827 9.5
    endloop
  endfacet
  facet normal 0 0 1
    outer loop
      vertex -82.2 -25 9.5
      vertex -80.9876 -25.7 9.5
      vertex -81.0893 -25.5477 9.5
    endloop
  endfacet
  facet normal 0 0 1
    outer loop
      vertex -80.812 -67.7827 9.5
      vertex -82.2 -69 9.5
      vertex -80.8477 -67.9623 9.5
    endloop
  endfacet
  facet normal 0 0 1
    outer loop
      vertex -82.2 -25 9.5
      vertex -81.0893 -25.5477 9.5
      vertex -81.2101 -25.4101 9.5
    endloop
  endfacet
  facet normal 0 0 1
    outer loop
      vertex -80.8477 -67.9623 9.5
      vertex -82.2 -69 9.5
      vertex -80.9066 -68.1358 9.5
    endloop
  endfacet
  facet normal 0 0 1
    outer loop
      vertex -82.2 -25 9.5
      vertex -81.2101 -25.4101 9.5
      vertex -81.3477 -25.2893 9.5
    endloop
  endfacet
  facet normal 0 0 1
    outer loop
      vertex -80.9066 -68.1358 9.5
      vertex -82.2 -69 9.5
      vertex -80.9876 -68.3 9.5
    endloop
  endfacet
  facet normal 0 0 1
    outer loop
      vertex -82.2 -25 9.5
      vertex -81.3477 -25.2893 9.5
      vertex -81.5 -25.1876 9.5
    endloop
  endfacet
  facet normal 0 0 1
    outer loop
      vertex -80.9876 -68.3 9.5
      vertex -82.2 -69 9.5
      vertex -81.0893 -68.4523 9.5
    endloop
  endfacet
  facet normal 0 0 1
    outer loop
      vertex -82.2 -25 9.5
      vertex -81.5 -25.1876 9.5
      vertex -81.6642 -25.1066 9.5
    endloop
  endfacet
  facet normal 0 0 1
    outer loop
      vertex -81.0893 -68.4523 9.5
      vertex -82.2 -69 9.5
      vertex -81.2101 -68.59 9.5
    endloop
  endfacet
  facet normal 0 0 1
    outer loop
      vertex -82.2 -25 9.5
      vertex -81.6642 -25.1066 9.5
      vertex -81.8377 -25.0477 9.5
    endloop
  endfacet
  facet normal 0 0 1
    outer loop
      vertex -81.2101 -68.59 9.5
      vertex -82.2 -69 9.5
      vertex -81.3477 -68.7107 9.5
    endloop
  endfacet
  facet normal 0 0 1
    outer loop
      vertex -82.2 -25 9.5
      vertex -81.8377 -25.0477 9.5
      vertex -82.0173 -25.012 9.5
    endloop
  endfacet
  facet normal 0 0 1
    outer loop
      vertex -81.3477 -68.7107 9.5
      vertex -82.2 -69 9.5
      vertex -81.5 -68.8124 9.5
    endloop
  endfacet
  facet normal 0 0 1
    outer loop
      vertex -80.8 -26.4 9.5
      vertex -82.2 -25 9.5
      vertex -84.8 -26.4 9.5
    endloop
  endfacet
  facet normal 0 0 1
    outer loop
      vertex -81.5 -68.8124 9.5
      vertex -82.2 -69 9.5
      vertex -81.6642 -68.8934 9.5
    endloop
  endfacet
  facet normal 0 0 1
    outer loop
      vertex -84.8 -26.4 9.5
      vertex -82.2 -25 9.5
      vertex -83.4 -25 9.5
    endloop
  endfacet
  facet normal 0 0 1
    outer loop
      vertex -81.6642 -68.8934 9.5
      vertex -82.2 -69 9.5
      vertex -81.8377 -68.9523 9.5
    endloop
  endfacet
  facet normal 0 0 1
    outer loop
      vertex -84.8 -26.4 9.5
      vertex -83.4 -25 9.5
      vertex -83.5827 -25.012 9.5
    endloop
  endfacet
  facet normal 0 0 1
    outer loop
      vertex -81.8377 -68.9523 9.5
      vertex -82.2 -69 9.5
      vertex -82.0173 -68.988 9.5
    endloop
  endfacet
  facet normal 0 0 1
    outer loop
      vertex -84.8 -26.4 9.5
      vertex -83.5827 -25.012 9.5
      vertex -83.7623 -25.0477 9.5
    endloop
  endfacet
  facet normal 0 0 1
    outer loop
      vertex -82.2 -69 9.5
      vertex -84.8 -67.6 9.5
      vertex -83.4 -69 9.5
    endloop
  endfacet
  facet normal 0 0 1
    outer loop
      vertex -84.8 -26.4 9.5
      vertex -83.7623 -25.0477 9.5
      vertex -83.9358 -25.1066 9.5
    endloop
  endfacet
  facet normal 0 0 1
    outer loop
      vertex -83.4 -69 9.5
      vertex -84.8 -67.6 9.5
      vertex -83.5827 -68.988 9.5
    endloop
  endfacet
  facet normal 0 0 1
    outer loop
      vertex -84.8 -26.4 9.5
      vertex -83.9358 -25.1066 9.5
      vertex -84.1 -25.1876 9.5
    endloop
  endfacet
  facet normal 0 0 1
    outer loop
      vertex -83.5827 -68.988 9.5
      vertex -84.8 -67.6 9.5
      vertex -83.7623 -68.9523 9.5
    endloop
  endfacet
  facet normal 0 0 1
    outer loop
      vertex -84.8 -26.4 9.5
      vertex -84.1 -25.1876 9.5
      vertex -84.2523 -25.2893 9.5
    endloop
  endfacet
  facet normal 0 0 1
    outer loop
      vertex -83.7623 -68.9523 9.5
      vertex -84.8 -67.6 9.5
      vertex -83.9358 -68.8934 9.5
    endloop
  endfacet
  facet normal 0 0 1
    outer loop
      vertex -84.8 -26.4 9.5
      vertex -84.2523 -25.2893 9.5
      vertex -84.3899 -25.4101 9.5
    endloop
  endfacet
  facet normal 0 0 1
    outer loop
      vertex -83.9358 -68.8934 9.5
      vertex -84.8 -67.6 9.5
      vertex -84.1 -68.8124 9.5
    endloop
  endfacet
  facet normal 0 0 1
    outer loop
      vertex -84.8 -26.4 9.5
      vertex -84.3899 -25.4101 9.5
      vertex -84.5107 -25.5477 9.5
    endloop
  endfacet
  facet normal 0 0 1
    outer loop
      vertex -84.1 -68.8124 9.5
      vertex -84.8 -67.6 9.5
      vertex -84.2523 -68.7107 9.5
    endloop
  endfacet
  facet normal 0 0 1
    outer loop
      vertex -84.8 -26.4 9.5
      vertex -84.5107 -25.5477 9.5
      vertex -84.6124 -25.7 9.5
    endloop
  endfacet
  facet normal 0 0 1
    outer loop
      vertex -84.2523 -68.7107 9.5
      vertex -84.8 -67.6 9.5
      vertex -84.3899 -68.59 9.5
    endloop
  endfacet
  facet normal 0 0 1
    outer loop
      vertex -84.8 -26.4 9.5
      vertex -84.6124 -25.7 9.5
      vertex -84.6934 -25.8642 9.5
    endloop
  endfacet
  facet normal 0 0 1
    outer loop
      vertex -84.3899 -68.59 9.5
      vertex -84.8 -67.6 9.5
      vertex -84.5107 -68.4523 9.5
    endloop
  endfacet
  facet normal 0 0 1
    outer loop
      vertex -84.8 -26.4 9.5
      vertex -84.6934 -25.8642 9.5
      vertex -84.7523 -26.0377 9.5
    endloop
  endfacet
  facet normal 0 0 1
    outer loop
      vertex -84.5107 -68.4523 9.5
      vertex -84.8 -67.6 9.5
      vertex -84.6124 -68.3 9.5
    endloop
  endfacet
  facet normal 0 0 1
    outer loop
      vertex -84.8 -26.4 9.5
      vertex -84.7523 -26.0377 9.5
      vertex -84.788 -26.2173 9.5
    endloop
  endfacet
  facet normal 0 0 1
    outer loop
      vertex -84.6124 -68.3 9.5
      vertex -84.8 -67.6 9.5
      vertex -84.6934 -68.1358 9.5
    endloop
  endfacet
  facet normal 0 0 1
    outer loop
      vertex -84.6934 -68.1358 9.5
      vertex -84.8 -67.6 9.5
      vertex -84.7523 -67.9623 9.5
    endloop
  endfacet
  facet normal 0 0 1
    outer loop
      vertex -84.7523 -67.9623 9.5
      vertex -84.8 -67.6 9.5
      vertex -84.788 -67.7827 9.5
    endloop
  endfacet
  facet normal 0.0655402 -0.99785 0
    outer loop
      vertex -82.2 -69 4
      vertex -82.0173 -68.988 9.5
      vertex -82.2 -69 9.5
    endloop
  endfacet
  facet normal 0.0655402 -0.99785 0
    outer loop
      vertex -82.0173 -68.988 9.5
      vertex -82.2 -69 4
      vertex -82.0173 -68.988 4
    endloop
  endfacet
  facet normal -0.751493 0.659741 3.79838e-18
    outer loop
      vertex -84.5107 -25.5477 8
      vertex -84.3899 -25.4101 9.5
      vertex -84.3899 -25.4101 8
    endloop
  endfacet
  facet normal -0.751493 0.659741 3.79838e-18
    outer loop
      vertex -84.3899 -25.4101 9.5
      vertex -84.5107 -25.5477 8
      vertex -84.5107 -25.5477 9.5
    endloop
  endfacet
  facet normal 0.321462 0.946922 -0
    outer loop
      vertex -81.6642 -25.1066 4
      vertex -81.8377 -25.0477 9.5
      vertex -81.6642 -25.1066 9.5
    endloop
  endfacet
  facet normal 0.321462 0.946922 0
    outer loop
      vertex -81.8377 -25.0477 9.5
      vertex -81.6642 -25.1066 4
      vertex -81.8377 -25.0477 4
    endloop
  endfacet
  facet normal -0.659741 0.751493 0
    outer loop
      vertex -84.2523 -25.2893 8
      vertex -84.3899 -25.4101 9.5
      vertex -84.2523 -25.2893 9.5
    endloop
  endfacet
  facet normal -0.659741 0.751493 0
    outer loop
      vertex -84.3899 -25.4101 9.5
      vertex -84.2523 -25.2893 8
      vertex -84.3899 -25.4101 8
    endloop
  endfacet
  facet normal 0 1 -0
    outer loop
      vertex -82.2 -25 4
      vertex -83.4 -25 9.5
      vertex -82.2 -25 9.5
    endloop
  endfacet
  facet normal 0 1 0
    outer loop
      vertex -83.4 -25 9.5
      vertex -82.2 -25 4
      vertex -83.4 -25 4
    endloop
  endfacet
  facet normal -0.442184 -0.896924 2.55419e-18
    outer loop
      vertex -84 -68.8617 8
      vertex -84.1 -68.8124 9.5
      vertex -84.1 -68.8124 8
    endloop
  endfacet
  facet normal -0.442401 -0.896817 -1.79873e-05
    outer loop
      vertex -84.1 -68.8124 9.5
      vertex -84 -68.8617 8
      vertex -83.9358 -68.8934 9.5
    endloop
  endfacet
  facet normal -0.442739 -0.896651 1.46388e-19
    outer loop
      vertex -83.9358 -68.8934 4
      vertex -84 -68.8617 8
      vertex -84 -68.8617 4
    endloop
  endfacet
  facet normal -0.442739 -0.896651 1.06464e-19
    outer loop
      vertex -84 -68.8617 8
      vertex -83.9358 -68.8934 4
      vertex -83.9358 -68.8934 9.5
    endloop
  endfacet
  facet normal 0.0655402 0.99785 -0
    outer loop
      vertex -82.0173 -25.012 4
      vertex -82.2 -25 9.5
      vertex -82.0173 -25.012 9.5
    endloop
  endfacet
  facet normal 0.0655402 0.99785 0
    outer loop
      vertex -82.2 -25 9.5
      vertex -82.0173 -25.012 4
      vertex -82.2 -25 4
    endloop
  endfacet
  facet normal -0.194961 -0.980811 0
    outer loop
      vertex -83.7623 -68.9523 4
      vertex -83.5827 -68.988 9.5
      vertex -83.7623 -68.9523 9.5
    endloop
  endfacet
  facet normal -0.194961 -0.980811 -0
    outer loop
      vertex -83.5827 -68.988 9.5
      vertex -83.7623 -68.9523 4
      vertex -83.5827 -68.988 4
    endloop
  endfacet
  facet normal 0.83163 -0.55533 -3.05732e-19
    outer loop
      vertex -81.0893 -68.4523 9.5
      vertex -80.9876 -68.3 4
      vertex -80.9876 -68.3 9.5
    endloop
  endfacet
  facet normal 0.83163 -0.55533 -3.05732e-19
    outer loop
      vertex -80.9876 -68.3 4
      vertex -81.0893 -68.4523 9.5
      vertex -81.0893 -68.4523 4
    endloop
  endfacet
  facet normal 0.751731 -0.65947 1.33702e-19
    outer loop
      vertex -81.2101 -68.59 9.5
      vertex -81.0893 -68.4523 4
      vertex -81.0893 -68.4523 9.5
    endloop
  endfacet
  facet normal 0.751731 -0.65947 1.33702e-19
    outer loop
      vertex -81.0893 -68.4523 4
      vertex -81.2101 -68.59 9.5
      vertex -81.2101 -68.59 4
    endloop
  endfacet
  facet normal 0.442401 -0.896817 0
    outer loop
      vertex -81.6642 -68.8934 4
      vertex -81.5 -68.8124 9.5
      vertex -81.6642 -68.8934 9.5
    endloop
  endfacet
  facet normal 0.442401 -0.896817 0
    outer loop
      vertex -81.5 -68.8124 9.5
      vertex -81.6642 -68.8934 4
      vertex -81.5 -68.8124 4
    endloop
  endfacet
  facet normal 0.896817 -0.442401 1.57283e-19
    outer loop
      vertex -80.9876 -68.3 9.5
      vertex -80.9066 -68.1358 4
      vertex -80.9066 -68.1358 9.5
    endloop
  endfacet
  facet normal 0.896817 -0.442401 1.57283e-19
    outer loop
      vertex -80.9066 -68.1358 4
      vertex -80.9876 -68.3 9.5
      vertex -80.9876 -68.3 4
    endloop
  endfacet
  facet normal -0.659432 -0.751764 0
    outer loop
      vertex -84.3899 -68.59 8
      vertex -84.2523 -68.7107 9.5
      vertex -84.3899 -68.59 9.5
    endloop
  endfacet
  facet normal -0.659432 -0.751764 -0
    outer loop
      vertex -84.2523 -68.7107 9.5
      vertex -84.3899 -68.59 8
      vertex -84.2523 -68.7107 8
    endloop
  endfacet
  facet normal -0.83163 0.55533 6.57271e-19
    outer loop
      vertex -84.6124 -25.7 8
      vertex -84.5107 -25.5477 9.5
      vertex -84.5107 -25.5477 8
    endloop
  endfacet
  facet normal -0.83163 0.55533 6.57271e-19
    outer loop
      vertex -84.5107 -25.5477 9.5
      vertex -84.6124 -25.7 8
      vertex -84.6124 -25.7 9.5
    endloop
  endfacet
  facet normal 0.946922 -0.321462 -3.60453e-19
    outer loop
      vertex -80.9066 -68.1358 9.5
      vertex -80.8477 -67.9623 4
      vertex -80.8477 -67.9623 9.5
    endloop
  endfacet
  facet normal 0.946922 -0.321462 -3.60453e-19
    outer loop
      vertex -80.8477 -67.9623 4
      vertex -80.9066 -68.1358 9.5
      vertex -80.9066 -68.1358 4
    endloop
  endfacet
  facet normal 0.659432 -0.751764 0
    outer loop
      vertex -81.3477 -68.7107 4
      vertex -81.2101 -68.59 9.5
      vertex -81.3477 -68.7107 9.5
    endloop
  endfacet
  facet normal 0.659432 -0.751764 0
    outer loop
      vertex -81.2101 -68.59 9.5
      vertex -81.3477 -68.7107 4
      vertex -81.2101 -68.59 4
    endloop
  endfacet
  facet normal 0.194961 -0.980811 0
    outer loop
      vertex -82.0173 -68.988 4
      vertex -81.8377 -68.9523 9.5
      vertex -82.0173 -68.988 9.5
    endloop
  endfacet
  facet normal 0.194961 -0.980811 0
    outer loop
      vertex -81.8377 -68.9523 9.5
      vertex -82.0173 -68.988 4
      vertex -81.8377 -68.9523 4
    endloop
  endfacet
  facet normal 0.321462 -0.946922 0
    outer loop
      vertex -81.8377 -68.9523 4
      vertex -81.6642 -68.8934 9.5
      vertex -81.8377 -68.9523 9.5
    endloop
  endfacet
  facet normal 0.321462 -0.946922 0
    outer loop
      vertex -81.6642 -68.8934 9.5
      vertex -81.8377 -68.9523 4
      vertex -81.6642 -68.8934 4
    endloop
  endfacet
  facet normal 0.194961 0.980811 -0
    outer loop
      vertex -81.8377 -25.0477 4
      vertex -82.0173 -25.012 9.5
      vertex -81.8377 -25.0477 9.5
    endloop
  endfacet
  facet normal 0.194961 0.980811 0
    outer loop
      vertex -82.0173 -25.012 9.5
      vertex -81.8377 -25.0477 4
      vertex -82.0173 -25.012 4
    endloop
  endfacet
  facet normal -0.751731 -0.65947 -4.9024e-19
    outer loop
      vertex -84.3899 -68.59 8
      vertex -84.5107 -68.4523 9.5
      vertex -84.5107 -68.4523 8
    endloop
  endfacet
  facet normal -0.751731 -0.65947 -4.9024e-19
    outer loop
      vertex -84.5107 -68.4523 9.5
      vertex -84.3899 -68.59 8
      vertex -84.3899 -68.59 9.5
    endloop
  endfacet
  facet normal -0.194961 0.980811 0
    outer loop
      vertex -83.5827 -25.012 4
      vertex -83.7623 -25.0477 9.5
      vertex -83.5827 -25.012 9.5
    endloop
  endfacet
  facet normal -0.194961 0.980811 0
    outer loop
      vertex -83.7623 -25.0477 9.5
      vertex -83.5827 -25.012 4
      vertex -83.7623 -25.0477 4
    endloop
  endfacet
  facet normal -0.321462 -0.946922 0
    outer loop
      vertex -83.9358 -68.8934 4
      vertex -83.7623 -68.9523 9.5
      vertex -83.9358 -68.8934 9.5
    endloop
  endfacet
  facet normal -0.321462 -0.946922 -0
    outer loop
      vertex -83.7623 -68.9523 9.5
      vertex -83.9358 -68.8934 4
      vertex -83.7623 -68.9523 4
    endloop
  endfacet
  facet normal 0.980811 -0.194961 1.0887e-20
    outer loop
      vertex -80.8477 -67.9623 9.5
      vertex -80.812 -67.7827 4
      vertex -80.812 -67.7827 9.5
    endloop
  endfacet
  facet normal 0.980811 -0.194961 1.0887e-20
    outer loop
      vertex -80.812 -67.7827 4
      vertex -80.8477 -67.9623 9.5
      vertex -80.8477 -67.9623 4
    endloop
  endfacet
  facet normal -0.946922 0.321462 3.00066e-18
    outer loop
      vertex -84.7523 -26.0377 8
      vertex -84.6934 -25.8642 9.5
      vertex -84.6934 -25.8642 8
    endloop
  endfacet
  facet normal -0.946922 0.321462 3.00066e-18
    outer loop
      vertex -84.6934 -25.8642 9.5
      vertex -84.7523 -26.0377 8
      vertex -84.7523 -26.0377 9.5
    endloop
  endfacet
  facet normal -0.321462 0.946922 0
    outer loop
      vertex -83.7623 -25.0477 4
      vertex -83.9358 -25.1066 9.5
      vertex -83.7623 -25.0477 9.5
    endloop
  endfacet
  facet normal -0.321462 0.946922 0
    outer loop
      vertex -83.9358 -25.1066 9.5
      vertex -83.7623 -25.0477 4
      vertex -83.9358 -25.1066 4
    endloop
  endfacet
  facet normal 0.55533 -0.83163 0
    outer loop
      vertex -81.5 -68.8124 4
      vertex -81.3477 -68.7107 9.5
      vertex -81.5 -68.8124 9.5
    endloop
  endfacet
  facet normal 0.55533 -0.83163 0
    outer loop
      vertex -81.3477 -68.7107 9.5
      vertex -81.5 -68.8124 4
      vertex -81.3477 -68.7107 4
    endloop
  endfacet
  facet normal -0.99785 0.0655402 -7.598e-19
    outer loop
      vertex -84.8 -26.4 8
      vertex -84.788 -26.2173 9.5
      vertex -84.788 -26.2173 8
    endloop
  endfacet
  facet normal -0.99785 0.0655402 -7.598e-19
    outer loop
      vertex -84.788 -26.2173 9.5
      vertex -84.8 -26.4 8
      vertex -84.8 -26.4 9.5
    endloop
  endfacet
  facet normal -0.980811 0.194961 -3.13757e-19
    outer loop
      vertex -84.788 -26.2173 8
      vertex -84.7523 -26.0377 9.5
      vertex -84.7523 -26.0377 8
    endloop
  endfacet
  facet normal -0.980811 0.194961 -3.13757e-19
    outer loop
      vertex -84.7523 -26.0377 9.5
      vertex -84.788 -26.2173 8
      vertex -84.788 -26.2173 9.5
    endloop
  endfacet
  facet normal -0.946922 -0.321462 -6.47622e-19
    outer loop
      vertex -84.6934 -68.1358 8
      vertex -84.7523 -67.9623 9.5
      vertex -84.7523 -67.9623 8
    endloop
  endfacet
  facet normal -0.946922 -0.321462 -6.47622e-19
    outer loop
      vertex -84.7523 -67.9623 9.5
      vertex -84.6934 -68.1358 8
      vertex -84.6934 -68.1358 9.5
    endloop
  endfacet
  facet normal 0.980788 0.195075 -2.09113e-18
    outer loop
      vertex -84.1027 -24.4337 8
      vertex -84.4089 -22.8942 4
      vertex -84.4089 -22.8942 8
    endloop
  endfacet
  facet normal 0.980788 0.195075 -2.09113e-18
    outer loop
      vertex -84.4089 -22.8942 4
      vertex -84.1027 -24.4337 8
      vertex -84.1027 -24.4337 4
    endloop
  endfacet
  facet normal 0.946943 -0.321402 -2.94392e-18
    outer loop
      vertex -84.9134 -94.5922 8
      vertex -84.4089 -93.1058 4
      vertex -84.4089 -93.1058 8
    endloop
  endfacet
  facet normal 0.946943 -0.321402 -2.94392e-18
    outer loop
      vertex -84.4089 -93.1058 4
      vertex -84.9134 -94.5922 8
      vertex -84.9134 -94.5922 4
    endloop
  endfacet
  facet normal 0.980788 -0.195075 -1.47368e-18
    outer loop
      vertex -84.4089 -93.1058 8
      vertex -84.1027 -91.5663 4
      vertex -84.1027 -91.5663 8
    endloop
  endfacet
  facet normal 0.980788 -0.195075 -1.47368e-18
    outer loop
      vertex -84.1027 -91.5663 4
      vertex -84.4089 -93.1058 8
      vertex -84.4089 -93.1058 4
    endloop
  endfacet
  facet normal 0.997857 -0.065428 9.70099e-19
    outer loop
      vertex -84.1027 -91.5663 8
      vertex -84 -90 4
      vertex -84 -90 8
    endloop
  endfacet
  facet normal 0.997857 -0.065428 9.70099e-19
    outer loop
      vertex -84 -90 4
      vertex -84.1027 -91.5663 8
      vertex -84.1027 -91.5663 4
    endloop
  endfacet
  facet normal 1 -0 0
    outer loop
      vertex -84 -90 8
      vertex -84 -68.8617 4
      vertex -84 -68.8617 8
    endloop
  endfacet
  facet normal 1 0 0
    outer loop
      vertex -84 -68.8617 4
      vertex -84 -90 8
      vertex -84 -90 4
    endloop
  endfacet
  facet normal 0 1 0
    outer loop
      vertex -106.427 -14 7.2
      vertex -96 -14 8
      vertex -96 -14 7.2
    endloop
  endfacet
  facet normal 0 1 0
    outer loop
      vertex -96 -14 8
      vertex -106.427 -14 7.2
      vertex -130 -14 8
    endloop
  endfacet
  facet normal 0 1 0
    outer loop
      vertex -130 -14 4
      vertex -106.427 -14 7.2
      vertex -106.427 -14 4
    endloop
  endfacet
  facet normal 0 1 0
    outer loop
      vertex -106.427 -14 7.2
      vertex -130 -14 4
      vertex -130 -14 8
    endloop
  endfacet
  facet normal 0.997854 0.0654778 2.31109e-19
    outer loop
      vertex -84.0547 -25.1652 8
      vertex -84.1027 -24.4337 4
      vertex -84.1027 -24.4337 8
    endloop
  endfacet
  facet normal 0.997854 0.0654778 2.31109e-19
    outer loop
      vertex -84.1027 -24.4337 4
      vertex -84.0547 -25.1652 8
      vertex -84.0547 -25.1652 4
    endloop
  endfacet
  facet normal -0.896683 0.442673 6.80217e-18
    outer loop
      vertex -141.087 -21.4078 4
      vertex -140.392 -20 8
      vertex -140.392 -20 4
    endloop
  endfacet
  facet normal -0.896683 0.442673 6.80217e-18
    outer loop
      vertex -140.392 -20 8
      vertex -141.087 -21.4078 4
      vertex -141.087 -21.4078 8
    endloop
  endfacet
  facet normal 0.831452 0.555597 -9.57528e-18
    outer loop
      vertex -85.6077 -20 8
      vertex -86.4798 -18.6949 4
      vertex -86.4798 -18.6949 8
    endloop
  endfacet
  facet normal 0.831452 0.555597 -9.57528e-18
    outer loop
      vertex -86.4798 -18.6949 4
      vertex -85.6077 -20 8
      vertex -85.6077 -20 4
    endloop
  endfacet
  facet normal -0.321194 -0.947013 0
    outer loop
      vertex -134.592 -101.087 4
      vertex -133.106 -101.591 8
      vertex -134.592 -101.087 8
    endloop
  endfacet
  facet normal -0.321194 -0.947013 -0
    outer loop
      vertex -133.106 -101.591 8
      vertex -134.592 -101.087 4
      vertex -133.106 -101.591 4
    endloop
  endfacet
  facet normal -0.0654405 0.997856 0
    outer loop
      vertex -130 -14 4
      vertex -131.566 -14.1027 8
      vertex -130 -14 8
    endloop
  endfacet
  facet normal -0.0654405 0.997856 0
    outer loop
      vertex -131.566 -14.1027 8
      vertex -130 -14 4
      vertex -131.566 -14.1027 4
    endloop
  endfacet
  facet normal -0.896683 -0.442673 1.68357e-18
    outer loop
      vertex -140.392 -96 4
      vertex -141.087 -94.5922 8
      vertex -141.087 -94.5922 4
    endloop
  endfacet
  facet normal -0.896683 -0.442673 1.68357e-18
    outer loop
      vertex -141.087 -94.5922 8
      vertex -140.392 -96 4
      vertex -140.392 -96 8
    endloop
  endfacet
  facet normal -0.751842 -0.659343 5.93649e-18
    outer loop
      vertex -138.485 -98.4853 4
      vertex -139.52 -97.3051 8
      vertex -139.52 -97.3051 4
    endloop
  endfacet
  facet normal -0.751842 -0.659343 5.93649e-18
    outer loop
      vertex -139.52 -97.3051 8
      vertex -138.485 -98.4853 4
      vertex -138.485 -98.4853 8
    endloop
  endfacet
  facet normal 0.946943 0.321402 5.49016e-18
    outer loop
      vertex -84.4089 -22.8942 8
      vertex -84.9134 -21.4078 4
      vertex -84.9134 -21.4078 8
    endloop
  endfacet
  facet normal 0.946943 0.321402 5.49016e-18
    outer loop
      vertex -84.9134 -21.4078 4
      vertex -84.4089 -22.8942 8
      vertex -84.4089 -22.8942 4
    endloop
  endfacet
  facet normal 0.065428 0.997857 -0
    outer loop
      vertex -94.4337 -14.1027 7.2
      vertex -96 -14 8
      vertex -94.4337 -14.1027 8
    endloop
  endfacet
  facet normal 0.065428 0.997857 0
    outer loop
      vertex -96 -14 8
      vertex -94.4337 -14.1027 7.2
      vertex -96 -14 7.2
    endloop
  endfacet
  facet normal -1 0 0
    outer loop
      vertex -142 -90 4
      vertex -142 -26 8
      vertex -142 -26 4
    endloop
  endfacet
  facet normal -1 -0 0
    outer loop
      vertex -142 -26 8
      vertex -142 -90 4
      vertex -142 -90 8
    endloop
  endfacet
  facet normal 0.751874 0.659307 -1.60862e-17
    outer loop
      vertex -86.4798 -18.6949 8
      vertex -87.5147 -17.5147 4
      vertex -87.5147 -17.5147 8
    endloop
  endfacet
  facet normal 0.751874 0.659307 -1.60862e-17
    outer loop
      vertex -87.5147 -17.5147 4
      vertex -86.4798 -18.6949 8
      vertex -86.4798 -18.6949 4
    endloop
  endfacet
  facet normal 0.89686 0.442314 -9.25558e-19
    outer loop
      vertex -84.9134 -21.4078 8
      vertex -85.6077 -20 4
      vertex -85.6077 -20 8
    endloop
  endfacet
  facet normal 0.89686 0.442314 -9.25558e-19
    outer loop
      vertex -85.6077 -20 4
      vertex -84.9134 -21.4078 8
      vertex -84.9134 -21.4078 4
    endloop
  endfacet
  facet normal -0.65937 -0.751818 0
    outer loop
      vertex -138.485 -98.4853 4
      vertex -137.305 -99.5202 8
      vertex -138.485 -98.4853 8
    endloop
  endfacet
  facet normal -0.65937 -0.751818 -0
    outer loop
      vertex -137.305 -99.5202 8
      vertex -138.485 -98.4853 4
      vertex -137.305 -99.5202 4
    endloop
  endfacet
  facet normal 0.0656183 -0.997845 0
    outer loop
      vertex -96 -102 4
      vertex -94.4337 -101.897 8
      vertex -96 -102 8
    endloop
  endfacet
  facet normal 0.0656183 -0.997845 0
    outer loop
      vertex -94.4337 -101.897 8
      vertex -96 -102 4
      vertex -94.4337 -101.897 4
    endloop
  endfacet
  facet normal 0 -1 0
    outer loop
      vertex -130 -102 4
      vertex -96 -102 8
      vertex -130 -102 8
    endloop
  endfacet
  facet normal 0 -1 -0
    outer loop
      vertex -96 -102 8
      vertex -130 -102 4
      vertex -96 -102 4
    endloop
  endfacet
  facet normal 0.442314 0.89686 -0
    outer loop
      vertex -90 -15.6077 7.2
      vertex -91.4078 -14.9134 8
      vertex -90 -15.6077 8
    endloop
  endfacet
  facet normal 0.442314 0.89686 0
    outer loop
      vertex -91.4078 -14.9134 8
      vertex -90 -15.6077 7.2
      vertex -91.4078 -14.9134 7.2
    endloop
  endfacet
  facet normal -0.980813 0.194952 4.34465e-18
    outer loop
      vertex -141.897 -24.4337 4
      vertex -141.591 -22.8942 8
      vertex -141.591 -22.8942 4
    endloop
  endfacet
  facet normal -0.980813 0.194952 4.34465e-18
    outer loop
      vertex -141.591 -22.8942 8
      vertex -141.897 -24.4337 4
      vertex -141.897 -24.4337 8
    endloop
  endfacet
  facet normal 0.659307 -0.751874 0
    outer loop
      vertex -88.6949 -99.5202 4
      vertex -87.5147 -98.4853 8
      vertex -88.6949 -99.5202 8
    endloop
  endfacet
  facet normal 0.659307 -0.751874 0
    outer loop
      vertex -87.5147 -98.4853 8
      vertex -88.6949 -99.5202 4
      vertex -87.5147 -98.4853 4
    endloop
  endfacet
  facet normal -0.997845 0.0656183 8.08632e-19
    outer loop
      vertex -142 -26 4
      vertex -141.897 -24.4337 8
      vertex -141.897 -24.4337 4
    endloop
  endfacet
  facet normal -0.997845 0.0656183 8.08632e-19
    outer loop
      vertex -141.897 -24.4337 8
      vertex -142 -26 4
      vertex -142 -26 8
    endloop
  endfacet
  facet normal -0.32148 0.946916 0
    outer loop
      vertex -133.106 -14.4089 4
      vertex -134.592 -14.9134 8
      vertex -133.106 -14.4089 8
    endloop
  endfacet
  facet normal -0.32148 0.946916 0
    outer loop
      vertex -134.592 -14.9134 8
      vertex -133.106 -14.4089 4
      vertex -134.592 -14.9134 4
    endloop
  endfacet
  facet normal 0.321402 0.946943 -0
    outer loop
      vertex -91.4078 -14.9134 7.2
      vertex -92.8942 -14.4089 8
      vertex -91.4078 -14.9134 8
    endloop
  endfacet
  facet normal 0.321402 0.946943 0
    outer loop
      vertex -92.8942 -14.4089 8
      vertex -91.4078 -14.9134 7.2
      vertex -92.8942 -14.4089 7.2
    endloop
  endfacet
  facet normal -0.555626 0.831432 0
    outer loop
      vertex -136 -15.6077 4
      vertex -137.305 -16.4798 8
      vertex -136 -15.6077 8
    endloop
  endfacet
  facet normal -0.555626 0.831432 0
    outer loop
      vertex -137.305 -16.4798 8
      vertex -136 -15.6077 4
      vertex -137.305 -16.4798 4
    endloop
  endfacet
  facet normal -0.94704 -0.321117 2.32785e-18
    outer loop
      vertex -141.087 -94.5922 4
      vertex -141.591 -93.1058 8
      vertex -141.591 -93.1058 4
    endloop
  endfacet
  facet normal -0.94704 -0.321117 2.32785e-18
    outer loop
      vertex -141.591 -93.1058 8
      vertex -141.087 -94.5922 4
      vertex -141.087 -94.5922 8
    endloop
  endfacet
  facet normal -0.0656309 -0.997844 0
    outer loop
      vertex -131.566 -101.897 4
      vertex -130 -102 8
      vertex -131.566 -101.897 8
    endloop
  endfacet
  facet normal -0.0656309 -0.997844 -0
    outer loop
      vertex -130 -102 8
      vertex -131.566 -101.897 4
      vertex -130 -102 4
    endloop
  endfacet
  facet normal 0.555597 0.831452 -0
    outer loop
      vertex -88.6949 -16.4798 7.2
      vertex -90 -15.6077 8
      vertex -88.6949 -16.4798 8
    endloop
  endfacet
  facet normal 0.555597 0.831452 0
    outer loop
      vertex -90 -15.6077 8
      vertex -88.6949 -16.4798 7.2
      vertex -90 -15.6077 7.2
    endloop
  endfacet
  facet normal -0.65937 0.751818 0
    outer loop
      vertex -137.305 -16.4798 4
      vertex -138.485 -17.5147 8
      vertex -137.305 -16.4798 8
    endloop
  endfacet
  facet normal -0.65937 0.751818 0
    outer loop
      vertex -138.485 -17.5147 8
      vertex -137.305 -16.4798 4
      vertex -138.485 -17.5147 4
    endloop
  endfacet
  facet normal 0.751874 -0.659307 1.60862e-17
    outer loop
      vertex -87.5147 -98.4853 8
      vertex -86.4798 -97.3051 4
      vertex -86.4798 -97.3051 8
    endloop
  endfacet
  facet normal 0.751874 -0.659307 1.60862e-17
    outer loop
      vertex -86.4798 -97.3051 4
      vertex -87.5147 -98.4853 8
      vertex -87.5147 -98.4853 4
    endloop
  endfacet
  facet normal 0 0 1
    outer loop
      vertex -84.1027 -24.4337 8
      vertex -84.1 -25.1876 8
      vertex -84.0547 -25.1652 8
    endloop
  endfacet
  facet normal 0 0 1
    outer loop
      vertex -84.1027 -24.4337 8
      vertex -84.2523 -25.2893 8
      vertex -84.1 -25.1876 8
    endloop
  endfacet
  facet normal 0 0 1
    outer loop
      vertex -84.1027 -24.4337 8
      vertex -84.3899 -25.4101 8
      vertex -84.2523 -25.2893 8
    endloop
  endfacet
  facet normal 0 0 1
    outer loop
      vertex -84.5107 -25.5477 8
      vertex -84.1027 -24.4337 8
      vertex -84.4089 -22.8942 8
    endloop
  endfacet
  facet normal 0 0 1
    outer loop
      vertex -84.1027 -24.4337 8
      vertex -84.5107 -25.5477 8
      vertex -84.3899 -25.4101 8
    endloop
  endfacet
  facet normal 0 0 1
    outer loop
      vertex -84.4089 -22.8942 8
      vertex -84.6124 -25.7 8
      vertex -84.5107 -25.5477 8
    endloop
  endfacet
  facet normal 0 0 1
    outer loop
      vertex -84.4089 -22.8942 8
      vertex -84.6934 -25.8642 8
      vertex -84.6124 -25.7 8
    endloop
  endfacet
  facet normal 0 0 1
    outer loop
      vertex -84.9134 -21.4078 8
      vertex -84.6934 -25.8642 8
      vertex -84.4089 -22.8942 8
    endloop
  endfacet
  facet normal 0 0 1
    outer loop
      vertex -84.6934 -25.8642 8
      vertex -84.9134 -21.4078 8
      vertex -84.7523 -26.0377 8
    endloop
  endfacet
  facet normal 0 0 1
    outer loop
      vertex -84.7523 -26.0377 8
      vertex -86.4798 -18.6949 8
      vertex -84.788 -26.2173 8
    endloop
  endfacet
  facet normal 0 0 1
    outer loop
      vertex -86.4798 -18.6949 8
      vertex -84.7523 -26.0377 8
      vertex -85.6077 -20 8
    endloop
  endfacet
  facet normal 0 0 1
    outer loop
      vertex -85.6077 -20 8
      vertex -84.7523 -26.0377 8
      vertex -84.9134 -21.4078 8
    endloop
  endfacet
  facet normal 0 0 1
    outer loop
      vertex -84.1 -68.8124 8
      vertex -84 -90 8
      vertex -84 -68.8617 8
    endloop
  endfacet
  facet normal 0 0 1
    outer loop
      vertex -84.2523 -68.7107 8
      vertex -84 -90 8
      vertex -84.1 -68.8124 8
    endloop
  endfacet
  facet normal 0 0 1
    outer loop
      vertex -84.3899 -68.59 8
      vertex -84 -90 8
      vertex -84.2523 -68.7107 8
    endloop
  endfacet
  facet normal 0 0 1
    outer loop
      vertex -84.5107 -68.4523 8
      vertex -84 -90 8
      vertex -84.3899 -68.59 8
    endloop
  endfacet
  facet normal 0 0 1
    outer loop
      vertex -84.6124 -68.3 8
      vertex -84 -90 8
      vertex -84.5107 -68.4523 8
    endloop
  endfacet
  facet normal 0 0 1
    outer loop
      vertex -96 -102 8
      vertex -84 -90 8
      vertex -84.6124 -68.3 8
    endloop
  endfacet
  facet normal 0 0 1
    outer loop
      vertex -84 -90 8
      vertex -96 -102 8
      vertex -84.1027 -91.5663 8
    endloop
  endfacet
  facet normal 0 0 1
    outer loop
      vertex -96 -102 8
      vertex -84.6124 -68.3 8
      vertex -84.6934 -68.1358 8
    endloop
  endfacet
  facet normal 0 0 1
    outer loop
      vertex -96 -102 8
      vertex -84.6934 -68.1358 8
      vertex -84.7523 -67.9623 8
    endloop
  endfacet
  facet normal 0 0 1
    outer loop
      vertex -142 -90 8
      vertex -84.7523 -67.9623 8
      vertex -84.788 -67.7827 8
    endloop
  endfacet
  facet normal 0 0 1
    outer loop
      vertex -142 -90 8
      vertex -84.788 -67.7827 8
      vertex -84.8 -67.6 8
    endloop
  endfacet
  facet normal 0 0 1
    outer loop
      vertex -84.1027 -91.5663 8
      vertex -96 -102 8
      vertex -84.4089 -93.1058 8
    endloop
  endfacet
  facet normal -0 0 1
    outer loop
      vertex -130 -14 8
      vertex -84.8 -26.4 8
      vertex -96 -14 8
    endloop
  endfacet
  facet normal 0 0 1
    outer loop
      vertex -87.5147 -17.5147 8
      vertex -84.788 -26.2173 8
      vertex -86.4798 -18.6949 8
    endloop
  endfacet
  facet normal 0 0 1
    outer loop
      vertex -142 -90 8
      vertex -84.8 -67.6 8
      vertex -142 -26 8
    endloop
  endfacet
  facet normal 0 0 1
    outer loop
      vertex -88.6949 -16.4798 8
      vertex -84.788 -26.2173 8
      vertex -87.5147 -17.5147 8
    endloop
  endfacet
  facet normal 0 0 1
    outer loop
      vertex -84.7523 -67.9623 8
      vertex -142 -90 8
      vertex -130 -102 8
    endloop
  endfacet
  facet normal 0 0 1
    outer loop
      vertex -90 -15.6077 8
      vertex -84.788 -26.2173 8
      vertex -88.6949 -16.4798 8
    endloop
  endfacet
  facet normal 0 0 1
    outer loop
      vertex -84.8 -26.4 8
      vertex -142 -26 8
      vertex -84.8 -67.6 8
    endloop
  endfacet
  facet normal 0 0 1
    outer loop
      vertex -91.4078 -14.9134 8
      vertex -84.788 -26.2173 8
      vertex -90 -15.6077 8
    endloop
  endfacet
  facet normal 0 0 1
    outer loop
      vertex -84.4089 -93.1058 8
      vertex -96 -102 8
      vertex -84.9134 -94.5922 8
    endloop
  endfacet
  facet normal 0 0 1
    outer loop
      vertex -92.8942 -14.4089 8
      vertex -84.788 -26.2173 8
      vertex -91.4078 -14.9134 8
    endloop
  endfacet
  facet normal 0 0 1
    outer loop
      vertex -86.4798 -97.3051 8
      vertex -96 -102 8
      vertex -87.5147 -98.4853 8
    endloop
  endfacet
  facet normal 0 0 1
    outer loop
      vertex -94.4337 -14.1027 8
      vertex -84.788 -26.2173 8
      vertex -92.8942 -14.4089 8
    endloop
  endfacet
  facet normal 0 0 1
    outer loop
      vertex -87.5147 -98.4853 8
      vertex -96 -102 8
      vertex -88.6949 -99.5202 8
    endloop
  endfacet
  facet normal 0 0 1
    outer loop
      vertex -84.788 -26.2173 8
      vertex -96 -14 8
      vertex -84.8 -26.4 8
    endloop
  endfacet
  facet normal 0 0 1
    outer loop
      vertex -88.6949 -99.5202 8
      vertex -96 -102 8
      vertex -90 -100.392 8
    endloop
  endfacet
  facet normal 0 0 1
    outer loop
      vertex -84.788 -26.2173 8
      vertex -94.4337 -14.1027 8
      vertex -96 -14 8
    endloop
  endfacet
  facet normal 0 0 1
    outer loop
      vertex -90 -100.392 8
      vertex -96 -102 8
      vertex -91.4078 -101.087 8
    endloop
  endfacet
  facet normal 0 0 1
    outer loop
      vertex -91.4078 -101.087 8
      vertex -96 -102 8
      vertex -92.8942 -101.591 8
    endloop
  endfacet
  facet normal 0 0 1
    outer loop
      vertex -92.8942 -101.591 8
      vertex -96 -102 8
      vertex -94.4337 -101.897 8
    endloop
  endfacet
  facet normal 0 0 1
    outer loop
      vertex -84.8 -26.4 8
      vertex -130 -14 8
      vertex -142 -26 8
    endloop
  endfacet
  facet normal 0 0 1
    outer loop
      vertex -84.9134 -94.5922 8
      vertex -96 -102 8
      vertex -85.6077 -96 8
    endloop
  endfacet
  facet normal 0 0 1
    outer loop
      vertex -142 -26 8
      vertex -130 -14 8
      vertex -131.566 -14.1027 8
    endloop
  endfacet
  facet normal 0 0 1
    outer loop
      vertex -85.6077 -96 8
      vertex -96 -102 8
      vertex -86.4798 -97.3051 8
    endloop
  endfacet
  facet normal 0 0 1
    outer loop
      vertex -142 -26 8
      vertex -131.566 -14.1027 8
      vertex -133.106 -14.4089 8
    endloop
  endfacet
  facet normal 0 0 1
    outer loop
      vertex -84.7523 -67.9623 8
      vertex -130 -102 8
      vertex -96 -102 8
    endloop
  endfacet
  facet normal 0 0 1
    outer loop
      vertex -142 -26 8
      vertex -133.106 -14.4089 8
      vertex -134.592 -14.9134 8
    endloop
  endfacet
  facet normal 0 0 1
    outer loop
      vertex -130 -102 8
      vertex -142 -90 8
      vertex -131.566 -101.897 8
    endloop
  endfacet
  facet normal 0 0 1
    outer loop
      vertex -142 -26 8
      vertex -134.592 -14.9134 8
      vertex -136 -15.6077 8
    endloop
  endfacet
  facet normal 0 0 1
    outer loop
      vertex -131.566 -101.897 8
      vertex -142 -90 8
      vertex -133.106 -101.591 8
    endloop
  endfacet
  facet normal 0 0 1
    outer loop
      vertex -142 -26 8
      vertex -136 -15.6077 8
      vertex -137.305 -16.4798 8
    endloop
  endfacet
  facet normal 0 0 1
    outer loop
      vertex -133.106 -101.591 8
      vertex -142 -90 8
      vertex -134.592 -101.087 8
    endloop
  endfacet
  facet normal 0 0 1
    outer loop
      vertex -142 -26 8
      vertex -137.305 -16.4798 8
      vertex -138.485 -17.5147 8
    endloop
  endfacet
  facet normal 0 0 1
    outer loop
      vertex -134.592 -101.087 8
      vertex -142 -90 8
      vertex -136 -100.392 8
    endloop
  endfacet
  facet normal 0 0 1
    outer loop
      vertex -142 -26 8
      vertex -138.485 -17.5147 8
      vertex -139.52 -18.6949 8
    endloop
  endfacet
  facet normal 0 0 1
    outer loop
      vertex -136 -100.392 8
      vertex -142 -90 8
      vertex -137.305 -99.5202 8
    endloop
  endfacet
  facet normal 0 0 1
    outer loop
      vertex -142 -26 8
      vertex -139.52 -18.6949 8
      vertex -140.392 -20 8
    endloop
  endfacet
  facet normal 0 0 1
    outer loop
      vertex -137.305 -99.5202 8
      vertex -142 -90 8
      vertex -138.485 -98.4853 8
    endloop
  endfacet
  facet normal 0 0 1
    outer loop
      vertex -142 -26 8
      vertex -140.392 -20 8
      vertex -141.087 -21.4078 8
    endloop
  endfacet
  facet normal 0 0 1
    outer loop
      vertex -138.485 -98.4853 8
      vertex -142 -90 8
      vertex -139.52 -97.3051 8
    endloop
  endfacet
  facet normal 0 0 1
    outer loop
      vertex -142 -26 8
      vertex -141.087 -21.4078 8
      vertex -141.591 -22.8942 8
    endloop
  endfacet
  facet normal 0 0 1
    outer loop
      vertex -139.52 -97.3051 8
      vertex -142 -90 8
      vertex -140.392 -96 8
    endloop
  endfacet
  facet normal 0 0 1
    outer loop
      vertex -142 -26 8
      vertex -141.591 -22.8942 8
      vertex -141.897 -24.4337 8
    endloop
  endfacet
  facet normal 0 0 1
    outer loop
      vertex -140.392 -96 8
      vertex -142 -90 8
      vertex -141.087 -94.5922 8
    endloop
  endfacet
  facet normal 0 0 1
    outer loop
      vertex -141.087 -94.5922 8
      vertex -142 -90 8
      vertex -141.591 -93.1058 8
    endloop
  endfacet
  facet normal 0 0 1
    outer loop
      vertex -141.591 -93.1058 8
      vertex -142 -90 8
      vertex -141.897 -91.5663 8
    endloop
  endfacet
  facet normal 0.195075 0.980788 -0
    outer loop
      vertex -92.8942 -14.4089 7.2
      vertex -94.4337 -14.1027 8
      vertex -92.8942 -14.4089 8
    endloop
  endfacet
  facet normal 0.195075 0.980788 0
    outer loop
      vertex -94.4337 -14.1027 8
      vertex -92.8942 -14.4089 7.2
      vertex -94.4337 -14.1027 7.2
    endloop
  endfacet
  facet normal -0.751842 0.659343 -5.93649e-18
    outer loop
      vertex -139.52 -18.6949 4
      vertex -138.485 -17.5147 8
      vertex -138.485 -17.5147 4
    endloop
  endfacet
  facet normal -0.751842 0.659343 -5.93649e-18
    outer loop
      vertex -138.485 -17.5147 8
      vertex -139.52 -18.6949 4
      vertex -139.52 -18.6949 8
    endloop
  endfacet
  facet normal -0.442264 0.896885 0
    outer loop
      vertex -134.592 -14.9134 4
      vertex -136 -15.6077 8
      vertex -134.592 -14.9134 8
    endloop
  endfacet
  facet normal -0.442264 0.896885 0
    outer loop
      vertex -136 -15.6077 8
      vertex -134.592 -14.9134 4
      vertex -136 -15.6077 4
    endloop
  endfacet
  facet normal -0.442622 -0.896708 0
    outer loop
      vertex -136 -100.392 4
      vertex -134.592 -101.087 8
      vertex -136 -100.392 8
    endloop
  endfacet
  facet normal -0.442622 -0.896708 -0
    outer loop
      vertex -134.592 -101.087 8
      vertex -136 -100.392 4
      vertex -134.592 -101.087 4
    endloop
  endfacet
  facet normal 0.659307 0.751874 -2.97593e-05
    outer loop
      vertex -87.5147 -17.5147 8
      vertex -87.8166 -17.25 7.2
      vertex -88.6949 -16.4798 8
    endloop
  endfacet
  facet normal 0.659262 0.751913 -0
    outer loop
      vertex -87.5147 -17.5147 4
      vertex -87.8166 -17.25 7.2
      vertex -87.5147 -17.5147 8
    endloop
  endfacet
  facet normal 0.659262 0.751913 0
    outer loop
      vertex -87.8166 -17.25 7.2
      vertex -87.5147 -17.5147 4
      vertex -87.8166 -17.25 4
    endloop
  endfacet
  facet normal 0.659322 0.75186 0
    outer loop
      vertex -88.6949 -16.4798 8
      vertex -87.8166 -17.25 7.2
      vertex -88.6949 -16.4798 7.2
    endloop
  endfacet
  facet normal -0.195014 0.980801 0
    outer loop
      vertex -131.566 -14.1027 4
      vertex -133.106 -14.4089 8
      vertex -131.566 -14.1027 8
    endloop
  endfacet
  facet normal -0.195014 0.980801 0
    outer loop
      vertex -133.106 -14.4089 8
      vertex -131.566 -14.1027 4
      vertex -133.106 -14.4089 4
    endloop
  endfacet
  facet normal -0.831481 -0.555553 -5.56625e-18
    outer loop
      vertex -139.52 -97.3051 4
      vertex -140.392 -96 8
      vertex -140.392 -96 4
    endloop
  endfacet
  facet normal -0.831481 -0.555553 -5.56625e-18
    outer loop
      vertex -140.392 -96 8
      vertex -139.52 -97.3051 4
      vertex -139.52 -97.3051 8
    endloop
  endfacet
  facet normal -0.194891 -0.980825 0
    outer loop
      vertex -133.106 -101.591 4
      vertex -131.566 -101.897 8
      vertex -133.106 -101.591 8
    endloop
  endfacet
  facet normal -0.194891 -0.980825 -0
    outer loop
      vertex -131.566 -101.897 8
      vertex -133.106 -101.591 4
      vertex -131.566 -101.897 4
    endloop
  endfacet
  facet normal -0.94704 0.321117 -4.59141e-18
    outer loop
      vertex -141.591 -22.8942 4
      vertex -141.087 -21.4078 8
      vertex -141.087 -21.4078 4
    endloop
  endfacet
  facet normal -0.94704 0.321117 -4.59141e-18
    outer loop
      vertex -141.087 -21.4078 8
      vertex -141.591 -22.8942 4
      vertex -141.591 -22.8942 8
    endloop
  endfacet
  facet normal -0.980813 -0.194952 -6.66579e-19
    outer loop
      vertex -141.591 -93.1058 4
      vertex -141.897 -91.5663 8
      vertex -141.897 -91.5663 4
    endloop
  endfacet
  facet normal -0.980813 -0.194952 -6.66579e-19
    outer loop
      vertex -141.897 -91.5663 8
      vertex -141.591 -93.1058 4
      vertex -141.591 -93.1058 8
    endloop
  endfacet
  facet normal -0.831481 0.555553 3.86867e-18
    outer loop
      vertex -140.392 -20 4
      vertex -139.52 -18.6949 8
      vertex -139.52 -18.6949 4
    endloop
  endfacet
  facet normal -0.831481 0.555553 3.86867e-18
    outer loop
      vertex -139.52 -18.6949 8
      vertex -140.392 -20 4
      vertex -140.392 -20 8
    endloop
  endfacet
  facet normal 0.442673 -0.896683 0
    outer loop
      vertex -91.4078 -101.087 4
      vertex -90 -100.392 8
      vertex -91.4078 -101.087 8
    endloop
  endfacet
  facet normal 0.442673 -0.896683 0
    outer loop
      vertex -90 -100.392 8
      vertex -91.4078 -101.087 4
      vertex -90 -100.392 4
    endloop
  endfacet
  facet normal -0.555494 -0.831521 0
    outer loop
      vertex -137.305 -99.5202 4
      vertex -136 -100.392 8
      vertex -137.305 -99.5202 8
    endloop
  endfacet
  facet normal -0.555494 -0.831521 -0
    outer loop
      vertex -136 -100.392 8
      vertex -137.305 -99.5202 4
      vertex -136 -100.392 4
    endloop
  endfacet
  facet normal -0.997845 -0.0656183 -8.08632e-19
    outer loop
      vertex -141.897 -91.5663 4
      vertex -142 -90 8
      vertex -142 -90 4
    endloop
  endfacet
  facet normal -0.997845 -0.0656183 -8.08632e-19
    outer loop
      vertex -142 -90 8
      vertex -141.897 -91.5663 4
      vertex -141.897 -91.5663 8
    endloop
  endfacet
  facet normal 0.89686 -0.442314 -6.76969e-18
    outer loop
      vertex -85.6077 -96 8
      vertex -84.9134 -94.5922 4
      vertex -84.9134 -94.5922 8
    endloop
  endfacet
  facet normal 0.89686 -0.442314 -6.76969e-18
    outer loop
      vertex -84.9134 -94.5922 4
      vertex -85.6077 -96 8
      vertex -85.6077 -96 4
    endloop
  endfacet
  facet normal 0.831452 -0.555597 1.12162e-17
    outer loop
      vertex -86.4798 -97.3051 8
      vertex -85.6077 -96 4
      vertex -85.6077 -96 8
    endloop
  endfacet
  facet normal 0.831452 -0.555597 1.12162e-17
    outer loop
      vertex -85.6077 -96 4
      vertex -86.4798 -97.3051 8
      vertex -86.4798 -97.3051 4
    endloop
  endfacet
  facet normal 0.555465 -0.83154 0
    outer loop
      vertex -90 -100.392 4
      vertex -88.6949 -99.5202 8
      vertex -90 -100.392 8
    endloop
  endfacet
  facet normal 0.555465 -0.83154 0
    outer loop
      vertex -88.6949 -99.5202 8
      vertex -90 -100.392 4
      vertex -88.6949 -99.5202 4
    endloop
  endfacet
  facet normal 0.194952 -0.980813 0
    outer loop
      vertex -94.4337 -101.897 4
      vertex -92.8942 -101.591 8
      vertex -94.4337 -101.897 8
    endloop
  endfacet
  facet normal 0.194952 -0.980813 0
    outer loop
      vertex -92.8942 -101.591 8
      vertex -94.4337 -101.897 4
      vertex -92.8942 -101.591 4
    endloop
  endfacet
  facet normal 0.321117 -0.94704 0
    outer loop
      vertex -92.8942 -101.591 4
      vertex -91.4078 -101.087 8
      vertex -92.8942 -101.591 8
    endloop
  endfacet
  facet normal 0.321117 -0.94704 0
    outer loop
      vertex -91.4078 -101.087 8
      vertex -92.8942 -101.591 4
      vertex -91.4078 -101.087 4
    endloop
  endfacet
  facet normal 0 -1 0
    outer loop
      vertex -138 -109 4
      vertex -11 -109 3.7
      vertex -0.174999 -109 4
    endloop
  endfacet
  facet normal 0 -1 0
    outer loop
      vertex -138 -109 4
      vertex -11 -109 2.3
      vertex -11 -109 3.7
    endloop
  endfacet
  facet normal 0 -1 0
    outer loop
      vertex -138 -109 0
      vertex -11 -109 2.3
      vertex -138 -109 4
    endloop
  endfacet
  facet normal 0 -1 0
    outer loop
      vertex -0.174999 -109 0
      vertex -11 -109 2.3
      vertex -138 -109 0
    endloop
  endfacet
  facet normal 0 -1 0
    outer loop
      vertex -11 -109 2.3
      vertex -0.174999 -109 0
      vertex -0.174999 -109 2.3
    endloop
  endfacet
  facet normal 0 -1 -0
    outer loop
      vertex -0.174999 -109 4
      vertex -11 -109 3.7
      vertex -0.174999 -109 3.7
    endloop
  endfacet
  facet normal 0 -1 0
    outer loop
      vertex 0.174999 -109 0
      vertex 1 -109 2.3
      vertex 0.174999 -109 2.3
    endloop
  endfacet
  facet normal 0 -1 -0
    outer loop
      vertex 1 -109 2.3
      vertex 0.174999 -109 0
      vertex 1 -109 0
    endloop
  endfacet
  facet normal 0 -1 0
    outer loop
      vertex 0.174999 -109 3.7
      vertex 1 -109 4
      vertex 0.174999 -109 4
    endloop
  endfacet
  facet normal 0 -1 -0
    outer loop
      vertex 1 -109 4
      vertex 0.174999 -109 3.7
      vertex 1 -109 3.7
    endloop
  endfacet
  facet normal -0.321388 -0.946948 0
    outer loop
      vertex -141.061 -108.391 0
      vertex -140.071 -108.727 4
      vertex -141.061 -108.391 4
    endloop
  endfacet
  facet normal -0.321388 -0.946948 -0
    outer loop
      vertex -140.071 -108.727 4
      vertex -141.061 -108.391 0
      vertex -140.071 -108.727 0
    endloop
  endfacet
  facet normal -0.195749 -0.980654 0
    outer loop
      vertex -140.071 -108.727 0
      vertex -139.044 -108.932 4
      vertex -140.071 -108.727 4
    endloop
  endfacet
  facet normal -0.195749 -0.980654 -0
    outer loop
      vertex -139.044 -108.932 4
      vertex -140.071 -108.727 0
      vertex -139.044 -108.932 0
    endloop
  endfacet
  facet normal -0.555362 -0.831609 0
    outer loop
      vertex -142.87 -107.347 0
      vertex -142 -107.928 4
      vertex -142.87 -107.347 4
    endloop
  endfacet
  facet normal -0.555362 -0.831609 -0
    outer loop
      vertex -142 -107.928 4
      vertex -142.87 -107.347 0
      vertex -142 -107.928 0
    endloop
  endfacet
  facet normal -0.44224 -0.896897 0
    outer loop
      vertex -142 -107.928 0
      vertex -141.061 -108.391 4
      vertex -142 -107.928 4
    endloop
  endfacet
  facet normal -0.44224 -0.896897 -0
    outer loop
      vertex -141.061 -108.391 4
      vertex -142 -107.928 0
      vertex -141.061 -108.391 0
    endloop
  endfacet
  facet normal -1 0 0
    outer loop
      vertex -146 -101 0
      vertex -146 -0.174999 4
      vertex -146 -0.174999 0
    endloop
  endfacet
  facet normal -1 -0 0
    outer loop
      vertex -146 -0.174999 4
      vertex -146 -101 0
      vertex -146 -101 4
    endloop
  endfacet
  facet normal -1 0 0
    outer loop
      vertex -146 0.174999 0
      vertex -146 1 4
      vertex -146 1 0
    endloop
  endfacet
  facet normal -1 -0 0
    outer loop
      vertex -146 1 4
      vertex -146 0.174999 0
      vertex -146 0.174999 4
    endloop
  endfacet
  facet normal -0.896897 -0.44224 -3.73954e-18
    outer loop
      vertex -144.928 -105 0
      vertex -145.391 -104.061 4
      vertex -145.391 -104.061 0
    endloop
  endfacet
  facet normal -0.896897 -0.44224 -3.73954e-18
    outer loop
      vertex -145.391 -104.061 4
      vertex -144.928 -105 0
      vertex -144.928 -105 4
    endloop
  endfacet
  facet normal -0.980654 -0.195749 2.40436e-18
    outer loop
      vertex -145.727 -103.071 0
      vertex -145.932 -102.044 4
      vertex -145.932 -102.044 0
    endloop
  endfacet
  facet normal -0.980654 -0.195749 2.40436e-18
    outer loop
      vertex -145.932 -102.044 4
      vertex -145.727 -103.071 0
      vertex -145.727 -103.071 4
    endloop
  endfacet
  facet normal -0.0649964 -0.997886 0
    outer loop
      vertex -139.044 -108.932 0
      vertex -138 -109 4
      vertex -139.044 -108.932 4
    endloop
  endfacet
  facet normal -0.0649964 -0.997886 -0
    outer loop
      vertex -138 -109 4
      vertex -139.044 -108.932 0
      vertex -138 -109 0
    endloop
  endfacet
  facet normal -0.946948 -0.321388 -3.85273e-18
    outer loop
      vertex -145.391 -104.061 0
      vertex -145.727 -103.071 4
      vertex -145.727 -103.071 0
    endloop
  endfacet
  facet normal -0.946948 -0.321388 -3.85273e-18
    outer loop
      vertex -145.727 -103.071 4
      vertex -145.391 -104.061 0
      vertex -145.391 -104.061 4
    endloop
  endfacet
  facet normal -0.659248 -0.751925 0
    outer loop
      vertex -143.657 -106.657 0
      vertex -142.87 -107.347 4
      vertex -143.657 -106.657 4
    endloop
  endfacet
  facet normal -0.659248 -0.751925 -0
    outer loop
      vertex -142.87 -107.347 4
      vertex -143.657 -106.657 0
      vertex -142.87 -107.347 0
    endloop
  endfacet
  facet normal -0.997886 -0.0649964 1.48735e-18
    outer loop
      vertex -145.932 -102.044 0
      vertex -146 -101 4
      vertex -146 -101 0
    endloop
  endfacet
  facet normal -0.997886 -0.0649964 1.48735e-18
    outer loop
      vertex -146 -101 4
      vertex -145.932 -102.044 0
      vertex -145.932 -102.044 4
    endloop
  endfacet
  facet normal -0.831609 -0.555362 7.48805e-18
    outer loop
      vertex -144.347 -105.87 0
      vertex -144.928 -105 4
      vertex -144.928 -105 0
    endloop
  endfacet
  facet normal -0.831609 -0.555362 7.48805e-18
    outer loop
      vertex -144.928 -105 4
      vertex -144.347 -105.87 0
      vertex -144.347 -105.87 4
    endloop
  endfacet
  facet normal -0.751925 -0.659248 1.0548e-17
    outer loop
      vertex -143.657 -106.657 0
      vertex -144.347 -105.87 4
      vertex -144.347 -105.87 0
    endloop
  endfacet
  facet normal -0.751925 -0.659248 1.0548e-17
    outer loop
      vertex -144.347 -105.87 4
      vertex -143.657 -106.657 0
      vertex -143.657 -106.657 4
    endloop
  endfacet
  facet normal 0 1 0
    outer loop
      vertex -11 -105.25 3.7
      vertex -0.174999 -105.25 4
      vertex -0.174999 -105.25 3.7
    endloop
  endfacet
  facet normal 0 1 0
    outer loop
      vertex -0.174999 -105.25 4
      vertex -11 -105.25 3.7
      vertex -69.8 -105.25 4
    endloop
  endfacet
  facet normal 0 1 -0
    outer loop
      vertex -11 -105.25 3
      vertex -69.8 -105.25 4
      vertex -11 -105.25 3.7
    endloop
  endfacet
  facet normal 0 1 0
    outer loop
      vertex -69.8 -105.25 4
      vertex -11 -105.25 3
      vertex -69.8 -105.25 3
    endloop
  endfacet
  facet normal 0 1 -0
    outer loop
      vertex 1 -105.25 3.7
      vertex 0.174999 -105.25 4
      vertex 1 -105.25 4
    endloop
  endfacet
  facet normal 0 1 0
    outer loop
      vertex 0.174999 -105.25 4
      vertex 1 -105.25 3.7
      vertex 0.174999 -105.25 3.7
    endloop
  endfacet
  facet normal 0.321124 0.947037 -0
    outer loop
      vertex -72.647 -104.875 3
      vertex -74.0095 -104.413 4
      vertex -72.647 -104.875 4
    endloop
  endfacet
  facet normal 0.321124 0.947037 0
    outer loop
      vertex -74.0095 -104.413 4
      vertex -72.647 -104.875 3
      vertex -74.0095 -104.413 3
    endloop
  endfacet
  facet normal 0.0653289 0.997864 -0
    outer loop
      vertex -69.8 -105.25 3
      vertex -71.2358 -105.156 4
      vertex -69.8 -105.25 4
    endloop
  endfacet
  facet normal 0.0653289 0.997864 0
    outer loop
      vertex -71.2358 -105.156 4
      vertex -69.8 -105.25 3
      vertex -71.2358 -105.156 3
    endloop
  endfacet
  facet normal 0.946931 0.321435 -2.77776e-17
    outer loop
      vertex -79.9627 -98.4595 4
      vertex -80.4252 -97.097 3
      vertex -80.4252 -97.097 4
    endloop
  endfacet
  facet normal 0.946931 0.321435 -2.77776e-17
    outer loop
      vertex -80.4252 -97.097 3
      vertex -79.9627 -98.4595 4
      vertex -79.9627 -98.4595 3
    endloop
  endfacet
  facet normal 0.195287 0.980746 -0
    outer loop
      vertex -71.2358 -105.156 3
      vertex -72.647 -104.875 4
      vertex -71.2358 -105.156 4
    endloop
  endfacet
  facet normal 0.195287 0.980746 0
    outer loop
      vertex -72.647 -104.875 4
      vertex -71.2358 -105.156 3
      vertex -72.647 -104.875 3
    endloop
  endfacet
  facet normal 0 0 1
    outer loop
      vertex -0.174999 -0.174999 3
      vertex -11 -101.25 3
      vertex -0.174999 -101.25 3
    endloop
  endfacet
  facet normal 0 0 1
    outer loop
      vertex -11 -101.25 3
      vertex -69.8 -105.25 3
      vertex -11 -105.25 3
    endloop
  endfacet
  facet normal -0 0 1
    outer loop
      vertex -80.8 -94.25 3
      vertex -11 -101.25 3
      vertex -0.174999 -0.174999 3
    endloop
  endfacet
  facet normal 0 0 1
    outer loop
      vertex -11 -101.25 3
      vertex -80.8 -94.25 3
      vertex -69.8 -105.25 3
    endloop
  endfacet
  facet normal 0 0 1
    outer loop
      vertex -69.8 -105.25 3
      vertex -80.8 -94.25 3
      vertex -71.2358 -105.156 3
    endloop
  endfacet
  facet normal 0 0 1
    outer loop
      vertex -71.2358 -105.156 3
      vertex -80.8 -94.25 3
      vertex -72.647 -104.875 3
    endloop
  endfacet
  facet normal 0 0 1
    outer loop
      vertex -72.647 -104.875 3
      vertex -80.8 -94.25 3
      vertex -74.0095 -104.413 3
    endloop
  endfacet
  facet normal 0 0 1
    outer loop
      vertex -74.0095 -104.413 3
      vertex -80.8 -94.25 3
      vertex -75.3 -103.776 3
    endloop
  endfacet
  facet normal 0 0 1
    outer loop
      vertex -75.3 -103.776 3
      vertex -80.8 -94.25 3
      vertex -76.4964 -102.977 3
    endloop
  endfacet
  facet normal 0 0 1
    outer loop
      vertex -76.4964 -102.977 3
      vertex -80.8 -94.25 3
      vertex -77.5782 -102.028 3
    endloop
  endfacet
  facet normal 0 0 1
    outer loop
      vertex -77.5782 -102.028 3
      vertex -80.8 -94.25 3
      vertex -78.5269 -100.946 3
    endloop
  endfacet
  facet normal 0 0 1
    outer loop
      vertex -78.5269 -100.946 3
      vertex -80.8 -94.25 3
      vertex -79.3263 -99.75 3
    endloop
  endfacet
  facet normal 0 0 1
    outer loop
      vertex -79.3263 -99.75 3
      vertex -80.8 -94.25 3
      vertex -79.9627 -98.4595 3
    endloop
  endfacet
  facet normal 0 0 1
    outer loop
      vertex -79.9627 -98.4595 3
      vertex -80.8 -94.25 3
      vertex -80.4252 -97.097 3
    endloop
  endfacet
  facet normal 0 0 1
    outer loop
      vertex -80.8 -94.25 3
      vertex -0.174999 -0.174999 3
      vertex -80.8 -0.174999 3
    endloop
  endfacet
  facet normal 0 0 1
    outer loop
      vertex -80.4252 -97.097 3
      vertex -80.8 -94.25 3
      vertex -80.7059 -95.6858 3
    endloop
  endfacet
  facet normal -0 0 1
    outer loop
      vertex -80.7508 1 3
      vertex -0.174999 0.174999 3
      vertex -0.174999 1 3
    endloop
  endfacet
  facet normal 0 0 1
    outer loop
      vertex -80.8 0.174999 3
      vertex -80.7508 1 3
      vertex -80.8 0.25 3
    endloop
  endfacet
  facet normal 0 0 1
    outer loop
      vertex -80.7508 1 3
      vertex -80.8 0.174999 3
      vertex -0.174999 0.174999 3
    endloop
  endfacet
  facet normal -0 0 1
    outer loop
      vertex 0.174999 -0.174999 3
      vertex 1 -101.25 3
      vertex 1 -0.174999 3
    endloop
  endfacet
  facet normal 0 0 1
    outer loop
      vertex 1 -101.25 3
      vertex 0.174999 -0.174999 3
      vertex 0.174999 -101.25 3
    endloop
  endfacet
  facet normal -0 0 1
    outer loop
      vertex 0.174999 1 3
      vertex 1 0.174999 3
      vertex 1 1 3
    endloop
  endfacet
  facet normal 0 0 1
    outer loop
      vertex 1 0.174999 3
      vertex 0.174999 1 3
      vertex 0.174999 0.174999 3
    endloop
  endfacet
  facet normal 0.555374 0.831601 -0
    outer loop
      vertex -75.3 -103.776 3
      vertex -76.4964 -102.977 4
      vertex -75.3 -103.776 4
    endloop
  endfacet
  facet normal 0.555374 0.831601 0
    outer loop
      vertex -76.4964 -102.977 4
      vertex -75.3 -103.776 3
      vertex -76.4964 -102.977 3
    endloop
  endfacet
  facet normal 0.659458 0.751741 -0
    outer loop
      vertex -76.4964 -102.977 3
      vertex -77.5782 -102.028 4
      vertex -76.4964 -102.977 4
    endloop
  endfacet
  facet normal 0.659458 0.751741 0
    outer loop
      vertex -77.5782 -102.028 4
      vertex -76.4964 -102.977 3
      vertex -77.5782 -102.028 3
    endloop
  endfacet
  facet normal 0.442622 0.896708 -0
    outer loop
      vertex -74.0095 -104.413 3
      vertex -75.3 -103.776 4
      vertex -74.0095 -104.413 4
    endloop
  endfacet
  facet normal 0.442622 0.896708 0
    outer loop
      vertex -75.3 -103.776 4
      vertex -74.0095 -104.413 3
      vertex -75.3 -103.776 3
    endloop
  endfacet
  facet normal 0.997855 -0.0654593 0
    outer loop
      vertex -80.8 0.25 4
      vertex -80.7508 1 3
      vertex -80.7508 1 4
    endloop
  endfacet
  facet normal 0.997855 -0.0654593 0
    outer loop
      vertex -80.7508 1 3
      vertex -80.8 0.25 4
      vertex -80.8 0.25 3
    endloop
  endfacet
  facet normal 0.831387 0.555694 -2.04871e-17
    outer loop
      vertex -78.5269 -100.946 4
      vertex -79.3263 -99.75 3
      vertex -79.3263 -99.75 4
    endloop
  endfacet
  facet normal 0.831387 0.555694 -2.04871e-17
    outer loop
      vertex -79.3263 -99.75 3
      vertex -78.5269 -100.946 4
      vertex -78.5269 -100.946 3
    endloop
  endfacet
  facet normal 0.980786 0.195087 1.4047e-17
    outer loop
      vertex -80.4252 -97.097 4
      vertex -80.7059 -95.6858 3
      vertex -80.7059 -95.6858 4
    endloop
  endfacet
  facet normal 0.980786 0.195087 1.4047e-17
    outer loop
      vertex -80.7059 -95.6858 3
      vertex -80.4252 -97.097 4
      vertex -80.4252 -97.097 3
    endloop
  endfacet
  facet normal 0.997859 0.0653981 2.3078e-18
    outer loop
      vertex -80.7059 -95.6858 4
      vertex -80.8 -94.25 3
      vertex -80.8 -94.25 4
    endloop
  endfacet
  facet normal 0.997859 0.0653981 2.3078e-18
    outer loop
      vertex -80.8 -94.25 3
      vertex -80.7059 -95.6858 4
      vertex -80.7059 -95.6858 3
    endloop
  endfacet
  facet normal 0.751905 0.659272 -4.87095e-17
    outer loop
      vertex -77.5782 -102.028 4
      vertex -78.5269 -100.946 3
      vertex -78.5269 -100.946 4
    endloop
  endfacet
  facet normal 0.751905 0.659272 -4.87095e-17
    outer loop
      vertex -78.5269 -100.946 3
      vertex -77.5782 -102.028 4
      vertex -77.5782 -102.028 3
    endloop
  endfacet
  facet normal 0 0 -1
    outer loop
      vertex -80.8 -17.25 4.3
      vertex -0.174999 -13.25 4.3
      vertex -0.174999 -17.25 4.3
    endloop
  endfacet
  facet normal -0 0 -1
    outer loop
      vertex -0.174999 -13.25 4.3
      vertex -80.8 -17.25 4.3
      vertex -80.8 -13.25 4.3
    endloop
  endfacet
  facet normal 0 0 -1
    outer loop
      vertex 0.174999 -17.25 4.3
      vertex 1 -13.25 4.3
      vertex 1 -17.25 4.3
    endloop
  endfacet
  facet normal -0 0 -1
    outer loop
      vertex 1 -13.25 4.3
      vertex 0.174999 -17.25 4.3
      vertex 0.174999 -13.25 4.3
    endloop
  endfacet
  facet normal 0.896874 0.442286 -3.30233e-17
    outer loop
      vertex -79.3263 -99.75 4
      vertex -79.9627 -98.4595 3
      vertex -79.9627 -98.4595 4
    endloop
  endfacet
  facet normal 0.896874 0.442286 -3.30233e-17
    outer loop
      vertex -79.9627 -98.4595 3
      vertex -79.3263 -99.75 4
      vertex -79.3263 -99.75 3
    endloop
  endfacet
  facet normal 0 0 -1
    outer loop
      vertex -11 -109 3.7
      vertex -0.174999 -105.25 3.7
      vertex -0.174999 -109 3.7
    endloop
  endfacet
  facet normal -0 0 -1
    outer loop
      vertex -0.174999 -105.25 3.7
      vertex -11 -109 3.7
      vertex -11 -105.25 3.7
    endloop
  endfacet
  facet normal 0 0 -1
    outer loop
      vertex 0.174999 -109 3.7
      vertex 1 -105.25 3.7
      vertex 1 -109 3.7
    endloop
  endfacet
  facet normal -0 0 -1
    outer loop
      vertex 1 -105.25 3.7
      vertex 0.174999 -109 3.7
      vertex 0.174999 -105.25 3.7
    endloop
  endfacet
  facet normal -0 0 1
    outer loop
      vertex -11 -101.25 2.3
      vertex -0.174999 -109 2.3
      vertex -0.174999 -101.25 2.3
    endloop
  endfacet
  facet normal 0 0 1
    outer loop
      vertex -0.174999 -109 2.3
      vertex -11 -101.25 2.3
      vertex -11 -109 2.3
    endloop
  endfacet
  facet normal -0 0 1
    outer loop
      vertex 0.174999 -101.25 2.3
      vertex 1 -109 2.3
      vertex 1 -101.25 2.3
    endloop
  endfacet
  facet normal 0 0 1
    outer loop
      vertex 1 -109 2.3
      vertex 0.174999 -101.25 2.3
      vertex 0.174999 -109 2.3
    endloop
  endfacet
  facet normal 1 0 0
    outer loop
      vertex -11 -105.25 3.7
      vertex -11 -109 3.7
      vertex -11 -105.25 3
    endloop
  endfacet
  facet normal 1 -0 0
    outer loop
      vertex -11 -105.25 3
      vertex -11 -101.25 2.3
      vertex -11 -101.25 3
    endloop
  endfacet
  facet normal 1 0 0
    outer loop
      vertex -11 -105.25 3
      vertex -11 -109 2.3
      vertex -11 -101.25 2.3
    endloop
  endfacet
  facet normal 1 0 0
    outer loop
      vertex -11 -109 2.3
      vertex -11 -105.25 3
      vertex -11 -109 3.7
    endloop
  endfacet
  facet normal 0 -1 0
    outer loop
      vertex -11 -101.25 2.3
      vertex -0.174999 -101.25 3
      vertex -11 -101.25 3
    endloop
  endfacet
  facet normal 0 -1 -0
    outer loop
      vertex -0.174999 -101.25 3
      vertex -11 -101.25 2.3
      vertex -0.174999 -101.25 2.3
    endloop
  endfacet
  facet normal 0 -1 0
    outer loop
      vertex 0.174999 -101.25 2.3
      vertex 1 -101.25 3
      vertex 0.174999 -101.25 3
    endloop
  endfacet
  facet normal 0 -1 -0
    outer loop
      vertex 1 -101.25 3
      vertex 0.174999 -101.25 2.3
      vertex 1 -101.25 2.3
    endloop
  endfacet
  facet normal -1 0 0
    outer loop
      vertex 0.174999 -90.9902 0
      vertex 0.174999 -101.25 2.3
      vertex 0.174999 -90.9902 0.25
    endloop
  endfacet
  facet normal -1 0 0
    outer loop
      vertex 0.174999 -109 0
      vertex 0.174999 -101.25 2.3
      vertex 0.174999 -90.9902 0
    endloop
  endfacet
  facet normal -1 -0 0
    outer loop
      vertex 0.174999 -101.25 2.3
      vertex 0.174999 -109 0
      vertex 0.174999 -109 2.3
    endloop
  endfacet
  facet normal -1 0 0
    outer loop
      vertex 0.174999 -50.9902 0
      vertex 0.174999 -73.0098 0
      vertex 0.174999 -50.9902 0.25
    endloop
  endfacet
  facet normal -1 0 0
    outer loop
      vertex 0.174999 -11.5 -3
      vertex 0.174999 -16.5 -3
      vertex 0.174999 -11.5 0
    endloop
  endfacet
  facet normal -1 0 0
    outer loop
      vertex 0.174999 -11.5 0
      vertex 0.174999 -0.174999 3
      vertex 0.174999 -0.174999 0
    endloop
  endfacet
  facet normal -1 0 0
    outer loop
      vertex 0.174999 -16.5 0
      vertex 0.174999 -11.5 0
      vertex 0.174999 -16.5 -3
    endloop
  endfacet
  facet normal -1 0 0
    outer loop
      vertex 0.174999 -16.5 0
      vertex 0.174999 -0.174999 3
      vertex 0.174999 -11.5 0
    endloop
  endfacet
  facet normal -1 0 0
    outer loop
      vertex 0.174999 -33.0098 0.25
      vertex 0.174999 -16.5 0
      vertex 0.174999 -33.0098 0
    endloop
  endfacet
  facet normal -1 0 0
    outer loop
      vertex 0.174999 -16.5 0
      vertex 0.174999 -33.0098 0.25
      vertex 0.174999 -0.174999 3
    endloop
  endfacet
  facet normal -1 0 0
    outer loop
      vertex 0.174999 -50.9902 0.25
      vertex 0.174999 -0.174999 3
      vertex 0.174999 -33.0098 0.25
    endloop
  endfacet
  facet normal -1 0 0
    outer loop
      vertex 0.174999 -73.0098 0.25
      vertex 0.174999 -50.9902 0.25
      vertex 0.174999 -73.0098 0
    endloop
  endfacet
  facet normal -1 0 0
    outer loop
      vertex 0.174999 -101.25 3
      vertex 0.174999 -50.9902 0.25
      vertex 0.174999 -73.0098 0.25
    endloop
  endfacet
  facet normal -1 0 0
    outer loop
      vertex 0.174999 -101.25 3
      vertex 0.174999 -73.0098 0.25
      vertex 0.174999 -90.9902 0.25
    endloop
  endfacet
  facet normal -1 0 0
    outer loop
      vertex 0.174999 -101.25 3
      vertex 0.174999 -90.9902 0.25
      vertex 0.174999 -101.25 2.3
    endloop
  endfacet
  facet normal -1 0 0
    outer loop
      vertex 0.174999 -50.9902 0.25
      vertex 0.174999 -101.25 3
      vertex 0.174999 -0.174999 3
    endloop
  endfacet
  facet normal -1 0 0
    outer loop
      vertex 0.174999 -109 3.7
      vertex 0.174999 -105.25 4
      vertex 0.174999 -105.25 3.7
    endloop
  endfacet
  facet normal -1 -0 0
    outer loop
      vertex 0.174999 -105.25 4
      vertex 0.174999 -109 3.7
      vertex 0.174999 -109 4
    endloop
  endfacet
  facet normal -1 0 0
    outer loop
      vertex 0.174999 -17.25 4.3
      vertex 0.174999 -13.25 7.2
      vertex 0.174999 -13.25 4.3
    endloop
  endfacet
  facet normal -1 -0 0
    outer loop
      vertex 0.174999 -13.25 7.2
      vertex 0.174999 -17.25 4.3
      vertex 0.174999 -17.25 7.2
    endloop
  endfacet
  facet normal -1 0 0
    outer loop
      vertex 0.174999 0.174999 0
      vertex 0.174999 1 3
      vertex 0.174999 1 0
    endloop
  endfacet
  facet normal -1 -0 0
    outer loop
      vertex 0.174999 1 3
      vertex 0.174999 0.174999 0
      vertex 0.174999 0.174999 3
    endloop
  endfacet
  facet normal 1 0 0
    outer loop
      vertex -0.174999 -0.174999 3
      vertex -0.174999 -11.5 0
      vertex -0.174999 -0.174999 0
    endloop
  endfacet
  facet normal 1 0 0
    outer loop
      vertex -0.174999 -11.5 0
      vertex -0.174999 -16.5 0
      vertex -0.174999 -11.5 -3
    endloop
  endfacet
  facet normal 1 0 0
    outer loop
      vertex -0.174999 -0.174999 3
      vertex -0.174999 -16.5 0
      vertex -0.174999 -11.5 0
    endloop
  endfacet
  facet normal 1 0 0
    outer loop
      vertex -0.174999 -0.174999 3
      vertex -0.174999 -33.0891 0.25
      vertex -0.174999 -16.5 0
    endloop
  endfacet
  facet normal 1 0 0
    outer loop
      vertex -0.174999 -0.174999 3
      vertex -0.174999 -50.9109 0.25
      vertex -0.174999 -33.0891 0.25
    endloop
  endfacet
  facet normal 1 0 0
    outer loop
      vertex -0.174999 -50.9109 0.25
      vertex -0.174999 -73.0891 0.25
      vertex -0.174999 -50.9109 0
    endloop
  endfacet
  facet normal 1 -0 0
    outer loop
      vertex -0.174999 -101.25 3
      vertex -0.174999 -50.9109 0.25
      vertex -0.174999 -0.174999 3
    endloop
  endfacet
  facet normal 1 0 0
    outer loop
      vertex -0.174999 -50.9109 0.25
      vertex -0.174999 -101.25 3
      vertex -0.174999 -73.0891 0.25
    endloop
  endfacet
  facet normal 1 0 0
    outer loop
      vertex -0.174999 -73.0891 0.25
      vertex -0.174999 -101.25 3
      vertex -0.174999 -90.9109 0.25
    endloop
  endfacet
  facet normal 1 -0 0
    outer loop
      vertex -0.174999 -101.25 2.3
      vertex -0.174999 -90.9109 0.25
      vertex -0.174999 -101.25 3
    endloop
  endfacet
  facet normal 1 0 0
    outer loop
      vertex -0.174999 -90.9109 0.25
      vertex -0.174999 -101.25 2.3
      vertex -0.174999 -90.9109 0
    endloop
  endfacet
  facet normal 1 0 0
    outer loop
      vertex -0.174999 -109 0
      vertex -0.174999 -101.25 2.3
      vertex -0.174999 -109 2.3
    endloop
  endfacet
  facet normal 1 0 0
    outer loop
      vertex -0.174999 -101.25 2.3
      vertex -0.174999 -109 0
      vertex -0.174999 -90.9109 0
    endloop
  endfacet
  facet normal 1 0 0
    outer loop
      vertex -0.174999 -11.5 -3
      vertex -0.174999 -16.5 0
      vertex -0.174999 -16.5 -3
    endloop
  endfacet
  facet normal 1 0 0
    outer loop
      vertex -0.174999 -16.5 0
      vertex -0.174999 -33.0891 0.25
      vertex -0.174999 -33.0891 0
    endloop
  endfacet
  facet normal 1 0 0
    outer loop
      vertex -0.174999 -50.9109 0
      vertex -0.174999 -73.0891 0.25
      vertex -0.174999 -73.0891 0
    endloop
  endfacet
  facet normal 1 -0 0
    outer loop
      vertex -0.174999 -109 4
      vertex -0.174999 -105.25 3.7
      vertex -0.174999 -105.25 4
    endloop
  endfacet
  facet normal 1 0 0
    outer loop
      vertex -0.174999 -105.25 3.7
      vertex -0.174999 -109 4
      vertex -0.174999 -109 3.7
    endloop
  endfacet
  facet normal 1 -0 0
    outer loop
      vertex -0.174999 -17.25 7.2
      vertex -0.174999 -13.25 4.3
      vertex -0.174999 -13.25 7.2
    endloop
  endfacet
  facet normal 1 0 0
    outer loop
      vertex -0.174999 -13.25 4.3
      vertex -0.174999 -17.25 7.2
      vertex -0.174999 -17.25 4.3
    endloop
  endfacet
  facet normal 1 -0 0
    outer loop
      vertex -0.174999 0.174999 3
      vertex -0.174999 1 0
      vertex -0.174999 1 3
    endloop
  endfacet
  facet normal 1 0 0
    outer loop
      vertex -0.174999 1 0
      vertex -0.174999 0.174999 3
      vertex -0.174999 0.174999 0
    endloop
  endfacet
  facet normal 0 -1 0
    outer loop
      vertex -18.5 0.174999 -3
      vertex -13.5 0.174999 0
      vertex -18.5 0.174999 0
    endloop
  endfacet
  facet normal 0 -1 -0
    outer loop
      vertex -13.5 0.174999 0
      vertex -18.5 0.174999 -3
      vertex -13.5 0.174999 -3
    endloop
  endfacet
  facet normal 0 -1 0
    outer loop
      vertex -82.5 0.174999 -3
      vertex -77.5 0.174999 0
      vertex -82.5 0.174999 0
    endloop
  endfacet
  facet normal 0 -1 -0
    outer loop
      vertex -77.5 0.174999 0
      vertex -82.5 0.174999 -3
      vertex -77.5 0.174999 -3
    endloop
  endfacet
  facet normal 0 -1 -0
    outer loop
      vertex -80.8 0.174999 4
      vertex -82.5 0.174999 0
      vertex -80.8 0.174999 3
    endloop
  endfacet
  facet normal 0 -1 0
    outer loop
      vertex -77.5 0.174999 0
      vertex -80.8 0.174999 3
      vertex -82.5 0.174999 0
    endloop
  endfacet
  facet normal 0 -1 0
    outer loop
      vertex -80.8 0.174999 3
      vertex -77.5 0.174999 0
      vertex -62.9902 0.174999 0.25
    endloop
  endfacet
  facet normal 0 -1 -0
    outer loop
      vertex -62.9902 0.174999 0.25
      vertex -77.5 0.174999 0
      vertex -62.9902 0.174999 0
    endloop
  endfacet
  facet normal 0 -1 0
    outer loop
      vertex -146 0.174999 0
      vertex -144.25 0.174999 4
      vertex -146 0.174999 4
    endloop
  endfacet
  facet normal 0 -1 -0
    outer loop
      vertex -144.25 0.174999 4
      vertex -146 0.174999 0
      vertex -140.25 0.174999 4
    endloop
  endfacet
  facet normal 0 -1 0
    outer loop
      vertex -140.25 0.174999 4
      vertex -118.99 0.174999 0.25
      vertex -80.8 0.174999 4
    endloop
  endfacet
  facet normal 0 -1 0
    outer loop
      vertex -82.5 0.174999 0
      vertex -80.8 0.174999 4
      vertex -101.01 0.174999 0.25
    endloop
  endfacet
  facet normal 0 -1 0
    outer loop
      vertex -101.01 0.174999 0.25
      vertex -80.8 0.174999 4
      vertex -118.99 0.174999 0.25
    endloop
  endfacet
  facet normal 0 -1 0
    outer loop
      vertex -118.99 0.174999 0
      vertex -140.25 0.174999 4
      vertex -146 0.174999 0
    endloop
  endfacet
  facet normal 0 -1 0
    outer loop
      vertex -140.25 0.174999 4
      vertex -118.99 0.174999 0
      vertex -118.99 0.174999 0.25
    endloop
  endfacet
  facet normal 0 -1 0
    outer loop
      vertex -144.25 0.174999 4
      vertex -140.25 0.174999 9.5
      vertex -144.25 0.174999 9.5
    endloop
  endfacet
  facet normal 0 -1 -0
    outer loop
      vertex -140.25 0.174999 9.5
      vertex -144.25 0.174999 4
      vertex -140.25 0.174999 4
    endloop
  endfacet
  facet normal 0 -1 0
    outer loop
      vertex -82.5 0.174999 0
      vertex -101.01 0.174999 0.25
      vertex -101.01 0.174999 0
    endloop
  endfacet
  facet normal 0 -1 0
    outer loop
      vertex -45.0098 0.174999 0.25
      vertex -80.8 0.174999 3
      vertex -62.9902 0.174999 0.25
    endloop
  endfacet
  facet normal 0 -1 0
    outer loop
      vertex -80.8 0.174999 3
      vertex -45.0098 0.174999 0.25
      vertex -0.174999 0.174999 3
    endloop
  endfacet
  facet normal 0 -1 0
    outer loop
      vertex -18.5 0.174999 0
      vertex -45.0098 0.174999 0.25
      vertex -45.0098 0.174999 0
    endloop
  endfacet
  facet normal 0 -1 0
    outer loop
      vertex -45.0098 0.174999 0.25
      vertex -18.5 0.174999 0
      vertex -0.174999 0.174999 3
    endloop
  endfacet
  facet normal 0 -1 0
    outer loop
      vertex -13.5 0.174999 0
      vertex -0.174999 0.174999 3
      vertex -18.5 0.174999 0
    endloop
  endfacet
  facet normal 0 -1 -0
    outer loop
      vertex -0.174999 0.174999 3
      vertex -13.5 0.174999 0
      vertex -0.174999 0.174999 0
    endloop
  endfacet
  facet normal 0 -1 0
    outer loop
      vertex 0.174999 0.174999 0
      vertex 1 0.174999 3
      vertex 0.174999 0.174999 3
    endloop
  endfacet
  facet normal 0 -1 -0
    outer loop
      vertex 1 0.174999 3
      vertex 0.174999 0.174999 0
      vertex 1 0.174999 0
    endloop
  endfacet
  facet normal 0 1 -0
    outer loop
      vertex -77.5 -0.174999 -3
      vertex -82.5 -0.174999 0
      vertex -77.5 -0.174999 0
    endloop
  endfacet
  facet normal 0 1 0
    outer loop
      vertex -82.5 -0.174999 0
      vertex -77.5 -0.174999 -3
      vertex -82.5 -0.174999 -3
    endloop
  endfacet
  facet normal 0 1 -0
    outer loop
      vertex -13.5 -0.174999 -3
      vertex -18.5 -0.174999 0
      vertex -13.5 -0.174999 0
    endloop
  endfacet
  facet normal 0 1 0
    outer loop
      vertex -18.5 -0.174999 0
      vertex -13.5 -0.174999 -3
      vertex -18.5 -0.174999 -3
    endloop
  endfacet
  facet normal 0 1 0
    outer loop
      vertex -62.9109 -0.174999 0.25
      vertex -77.5 -0.174999 0
      vertex -80.8 -0.174999 3
    endloop
  endfacet
  facet normal 0 1 0
    outer loop
      vertex -82.5 -0.174999 0
      vertex -80.8 -0.174999 3
      vertex -77.5 -0.174999 0
    endloop
  endfacet
  facet normal 0 1 0
    outer loop
      vertex -80.8 -0.174999 3
      vertex -82.5 -0.174999 0
      vertex -101.089 -0.174999 0.25
    endloop
  endfacet
  facet normal 0 1 0
    outer loop
      vertex -101.089 -0.174999 0.25
      vertex -82.5 -0.174999 0
      vertex -101.089 -0.174999 0
    endloop
  endfacet
  facet normal 0 1 0
    outer loop
      vertex -0.174999 -0.174999 3
      vertex -45.0891 -0.174999 0.25
      vertex -80.8 -0.174999 3
    endloop
  endfacet
  facet normal 0 1 0
    outer loop
      vertex -13.5 -0.174999 0
      vertex -0.174999 -0.174999 3
      vertex -0.174999 -0.174999 0
    endloop
  endfacet
  facet normal 0 1 0
    outer loop
      vertex -18.5 -0.174999 0
      vertex -0.174999 -0.174999 3
      vertex -13.5 -0.174999 0
    endloop
  endfacet
  facet normal 0 1 0
    outer loop
      vertex -0.174999 -0.174999 3
      vertex -18.5 -0.174999 0
      vertex -45.0891 -0.174999 0.25
    endloop
  endfacet
  facet normal 0 1 0
    outer loop
      vertex -45.0891 -0.174999 0.25
      vertex -18.5 -0.174999 0
      vertex -45.0891 -0.174999 0
    endloop
  endfacet
  facet normal 0 1 -0
    outer loop
      vertex -118.911 -0.174999 0.25
      vertex -140.25 -0.174999 4
      vertex -80.8 -0.174999 4
    endloop
  endfacet
  facet normal 0 1 -0
    outer loop
      vertex -118.911 -0.174999 0
      vertex -140.25 -0.174999 4
      vertex -118.911 -0.174999 0.25
    endloop
  endfacet
  facet normal 0 1 0
    outer loop
      vertex -101.089 -0.174999 0.25
      vertex -80.8 -0.174999 4
      vertex -80.8 -0.174999 3
    endloop
  endfacet
  facet normal 0 1 -0
    outer loop
      vertex -62.9109 -0.174999 0.25
      vertex -80.8 -0.174999 3
      vertex -45.0891 -0.174999 0.25
    endloop
  endfacet
  facet normal 0 1 0
    outer loop
      vertex -77.5 -0.174999 0
      vertex -62.9109 -0.174999 0.25
      vertex -62.9109 -0.174999 0
    endloop
  endfacet
  facet normal 0 1 0
    outer loop
      vertex -80.8 -0.174999 4
      vertex -101.089 -0.174999 0.25
      vertex -118.911 -0.174999 0.25
    endloop
  endfacet
  facet normal 0 1 0
    outer loop
      vertex -146 -0.174999 0
      vertex -140.25 -0.174999 4
      vertex -118.911 -0.174999 0
    endloop
  endfacet
  facet normal 0 1 0
    outer loop
      vertex -140.25 -0.174999 4
      vertex -146 -0.174999 0
      vertex -144.25 -0.174999 4
    endloop
  endfacet
  facet normal 0 1 0
    outer loop
      vertex -144.25 -0.174999 4
      vertex -146 -0.174999 0
      vertex -146 -0.174999 4
    endloop
  endfacet
  facet normal 0 1 -0
    outer loop
      vertex -140.25 -0.174999 4
      vertex -144.25 -0.174999 9.5
      vertex -140.25 -0.174999 9.5
    endloop
  endfacet
  facet normal 0 1 0
    outer loop
      vertex -144.25 -0.174999 9.5
      vertex -140.25 -0.174999 4
      vertex -144.25 -0.174999 4
    endloop
  endfacet
  facet normal 0 1 -0
    outer loop
      vertex 1 -0.174999 0
      vertex 0.174999 -0.174999 3
      vertex 1 -0.174999 3
    endloop
  endfacet
  facet normal 0 1 0
    outer loop
      vertex 0.174999 -0.174999 3
      vertex 1 -0.174999 0
      vertex 0.174999 -0.174999 0
    endloop
  endfacet
  facet normal 1 -0 0
    outer loop
      vertex 1 -17.25 7.2
      vertex 1 -13.25 4.3
      vertex 1 -13.25 7.2
    endloop
  endfacet
  facet normal 1 0 0
    outer loop
      vertex 1 -13.25 4.3
      vertex 1 -17.25 7.2
      vertex 1 -17.25 4.3
    endloop
  endfacet
  facet normal 1 0 0
    outer loop
      vertex 1 -0.174999 3
      vertex 1 -11.5 0
      vertex 1 -0.174999 0
    endloop
  endfacet
  facet normal 1 0 0
    outer loop
      vertex 1 -11.5 0
      vertex 1 -16.5 0
      vertex 1 -11.5 -3
    endloop
  endfacet
  facet normal 1 0 0
    outer loop
      vertex 1 -0.174999 3
      vertex 1 -16.5 0
      vertex 1 -11.5 0
    endloop
  endfacet
  facet normal 1 0 0
    outer loop
      vertex 1 -0.174999 3
      vertex 1 -33 0.25
      vertex 1 -16.5 0
    endloop
  endfacet
  facet normal 1 0 0
    outer loop
      vertex 1 -0.174999 3
      vertex 1 -51 0.25
      vertex 1 -33 0.25
    endloop
  endfacet
  facet normal 1 0 0
    outer loop
      vertex 1 -51 0.25
      vertex 1 -73 0.25
      vertex 1 -51 0
    endloop
  endfacet
  facet normal 1 -0 0
    outer loop
      vertex 1 -101.25 3
      vertex 1 -51 0.25
      vertex 1 -0.174999 3
    endloop
  endfacet
  facet normal 1 0 0
    outer loop
      vertex 1 -51 0.25
      vertex 1 -101.25 3
      vertex 1 -73 0.25
    endloop
  endfacet
  facet normal 1 0 0
    outer loop
      vertex 1 -73 0.25
      vertex 1 -101.25 3
      vertex 1 -91 0.25
    endloop
  endfacet
  facet normal 1 -0 0
    outer loop
      vertex 1 -101.25 2.3
      vertex 1 -91 0.25
      vertex 1 -101.25 3
    endloop
  endfacet
  facet normal 1 0 0
    outer loop
      vertex 1 -91 0.25
      vertex 1 -101.25 2.3
      vertex 1 -91 0
    endloop
  endfacet
  facet normal 1 0 0
    outer loop
      vertex 1 -109 0
      vertex 1 -101.25 2.3
      vertex 1 -109 2.3
    endloop
  endfacet
  facet normal 1 0 0
    outer loop
      vertex 1 -101.25 2.3
      vertex 1 -109 0
      vertex 1 -91 0
    endloop
  endfacet
  facet normal 1 0 0
    outer loop
      vertex 1 -11.5 -3
      vertex 1 -16.5 0
      vertex 1 -16.5 -3
    endloop
  endfacet
  facet normal 1 0 0
    outer loop
      vertex 1 -16.5 0
      vertex 1 -33 0.25
      vertex 1 -33 0
    endloop
  endfacet
  facet normal 1 0 0
    outer loop
      vertex 1 -51 0
      vertex 1 -73 0.25
      vertex 1 -73 0
    endloop
  endfacet
  facet normal 1 -0 0
    outer loop
      vertex 1 -109 4
      vertex 1 -105.25 3.7
      vertex 1 -105.25 4
    endloop
  endfacet
  facet normal 1 0 0
    outer loop
      vertex 1 -105.25 3.7
      vertex 1 -109 4
      vertex 1 -109 3.7
    endloop
  endfacet
  facet normal 1 -0 0
    outer loop
      vertex 1 0.174999 3
      vertex 1 1 0
      vertex 1 1 3
    endloop
  endfacet
  facet normal 1 0 0
    outer loop
      vertex 1 1 0
      vertex 1 0.174999 3
      vertex 1 0.174999 0
    endloop
  endfacet
  facet normal 0 1 -0
    outer loop
      vertex -77.5 1 -3
      vertex -82.5 1 0
      vertex -77.5 1 0
    endloop
  endfacet
  facet normal 0 1 0
    outer loop
      vertex -82.5 1 0
      vertex -77.5 1 -3
      vertex -82.5 1 -3
    endloop
  endfacet
  facet normal 0 1 -0
    outer loop
      vertex -13.5 1 -3
      vertex -18.5 1 0
      vertex -13.5 1 0
    endloop
  endfacet
  facet normal 0 1 0
    outer loop
      vertex -18.5 1 0
      vertex -13.5 1 -3
      vertex -18.5 1 -3
    endloop
  endfacet
  facet normal 0 1 0
    outer loop
      vertex -63 1 0.25
      vertex -77.5 1 0
      vertex -80.7508 1 3
    endloop
  endfacet
  facet normal 0 1 0
    outer loop
      vertex -82.5 1 0
      vertex -80.7508 1 3
      vertex -77.5 1 0
    endloop
  endfacet
  facet normal 0 1 0
    outer loop
      vertex -80.7508 1 3
      vertex -82.5 1 0
      vertex -101 1 0.25
    endloop
  endfacet
  facet normal 0 1 0
    outer loop
      vertex -101 1 0.25
      vertex -82.5 1 0
      vertex -101 1 0
    endloop
  endfacet
  facet normal 0 1 0
    outer loop
      vertex -0.174999 1 3
      vertex -45 1 0.25
      vertex -80.7508 1 3
    endloop
  endfacet
  facet normal 0 1 0
    outer loop
      vertex -13.5 1 0
      vertex -0.174999 1 3
      vertex -0.174999 1 0
    endloop
  endfacet
  facet normal 0 1 0
    outer loop
      vertex -18.5 1 0
      vertex -0.174999 1 3
      vertex -13.5 1 0
    endloop
  endfacet
  facet normal 0 1 0
    outer loop
      vertex -0.174999 1 3
      vertex -18.5 1 0
      vertex -45 1 0.25
    endloop
  endfacet
  facet normal 0 1 0
    outer loop
      vertex -45 1 0.25
      vertex -18.5 1 0
      vertex -45 1 0
    endloop
  endfacet
  facet normal 0 1 -0
    outer loop
      vertex -119 1 0.25
      vertex -140.25 1 4
      vertex -80.7508 1 4
    endloop
  endfacet
  facet normal 0 1 -0
    outer loop
      vertex -119 1 0
      vertex -140.25 1 4
      vertex -119 1 0.25
    endloop
  endfacet
  facet normal 0 1 0
    outer loop
      vertex -101 1 0.25
      vertex -80.7508 1 4
      vertex -80.7508 1 3
    endloop
  endfacet
  facet normal 0 1 -0
    outer loop
      vertex -63 1 0.25
      vertex -80.7508 1 3
      vertex -45 1 0.25
    endloop
  endfacet
  facet normal 0 1 0
    outer loop
      vertex -77.5 1 0
      vertex -63 1 0.25
      vertex -63 1 0
    endloop
  endfacet
  facet normal 0 1 0
    outer loop
      vertex -80.7508 1 4
      vertex -101 1 0.25
      vertex -119 1 0.25
    endloop
  endfacet
  facet normal 0 1 0
    outer loop
      vertex -146 1 0
      vertex -140.25 1 4
      vertex -119 1 0
    endloop
  endfacet
  facet normal 0 1 0
    outer loop
      vertex -140.25 1 4
      vertex -146 1 0
      vertex -144.25 1 4
    endloop
  endfacet
  facet normal 0 1 0
    outer loop
      vertex -144.25 1 4
      vertex -146 1 0
      vertex -146 1 4
    endloop
  endfacet
  facet normal 0 1 -0
    outer loop
      vertex -140.25 1 4
      vertex -144.25 1 9.5
      vertex -140.25 1 9.5
    endloop
  endfacet
  facet normal 0 1 0
    outer loop
      vertex -144.25 1 9.5
      vertex -140.25 1 4
      vertex -144.25 1 4
    endloop
  endfacet
  facet normal 0 1 -0
    outer loop
      vertex 1 1 0
      vertex 0.174999 1 3
      vertex 1 1 3
    endloop
  endfacet
  facet normal 0 1 0
    outer loop
      vertex 0.174999 1 3
      vertex 1 1 0
      vertex 0.174999 1 0
    endloop
  endfacet
  facet normal 0.195234 -0.980757 0
    outer loop
      vertex 19.5208 -50.9872 -3
      vertex 19.7132 -50.9489 0.25
      vertex 19.5208 -50.9872 0.25
    endloop
  endfacet
  facet normal 0.195234 -0.980757 0
    outer loop
      vertex 19.7132 -50.9489 0.25
      vertex 19.5208 -50.9872 -3
      vertex 19.7132 -50.9489 -3
    endloop
  endfacet
  facet normal 0.89686 -0.442315 -4.10123e-20
    outer loop
      vertex 20.624 -50.25 0.25
      vertex 20.7108 -50.074 -3
      vertex 20.7108 -50.074 0.25
    endloop
  endfacet
  facet normal 0.89686 -0.442315 -4.10123e-20
    outer loop
      vertex 20.7108 -50.074 -3
      vertex 20.624 -50.25 0.25
      vertex 20.624 -50.25 -3
    endloop
  endfacet
  facet normal 0.555641 -0.831422 0
    outer loop
      vertex 20.075 -50.799 -3
      vertex 20.2381 -50.69 0.25
      vertex 20.075 -50.799 0.25
    endloop
  endfacet
  facet normal 0.555641 -0.831422 0
    outer loop
      vertex 20.2381 -50.69 0.25
      vertex 20.075 -50.799 -3
      vertex 20.2381 -50.69 -3
    endloop
  endfacet
  facet normal -0.980776 0.195136 2.18092e-19
    outer loop
      vertex -1.16217 -34.3042 -3
      vertex -1.12389 -34.1118 0
      vertex -1.12389 -34.1118 -3
    endloop
  endfacet
  facet normal -0.980776 0.195136 2.18092e-19
    outer loop
      vertex -1.12389 -34.1118 0
      vertex -1.16217 -34.3042 -3
      vertex -1.16217 -34.3042 0
    endloop
  endfacet
  facet normal 0 -1 0
    outer loop
      vertex 0.325 -51 0
      vertex 0.325 -51 -3
      vertex 1 -51 0
    endloop
  endfacet
  facet normal 0 -1 0
    outer loop
      vertex 1 -51 0
      vertex 19.325 -51 0.25
      vertex 1 -51 0.25
    endloop
  endfacet
  facet normal 0 -1 0
    outer loop
      vertex 19.325 -51 -3
      vertex 1 -51 0
      vertex 0.325 -51 -3
    endloop
  endfacet
  facet normal 0 -1 0
    outer loop
      vertex 1 -51 0
      vertex 19.325 -51 -3
      vertex 19.325 -51 0.25
    endloop
  endfacet
  facet normal -0.99786 0.0653858 -3.06165e-19
    outer loop
      vertex -1.175 -34.5 -3
      vertex -1.16217 -34.3042 0
      vertex -1.16217 -34.3042 -3
    endloop
  endfacet
  facet normal -0.99786 0.0653858 -3.06165e-19
    outer loop
      vertex -1.16217 -34.3042 0
      vertex -1.175 -34.5 -3
      vertex -1.175 -34.5 0
    endloop
  endfacet
  facet normal 0.0652336 0.99787 -0
    outer loop
      vertex 19.5208 -33.0128 -3
      vertex 19.325 -33 0.25
      vertex 19.5208 -33.0128 0.25
    endloop
  endfacet
  facet normal 0.0652336 0.99787 0
    outer loop
      vertex 19.325 -33 0.25
      vertex 19.5208 -33.0128 -3
      vertex 19.325 -33 -3
    endloop
  endfacet
  facet normal 1 -0 0
    outer loop
      vertex 20.825 -49.5 0.25
      vertex 20.825 -34.5 -3
      vertex 20.825 -34.5 0.25
    endloop
  endfacet
  facet normal 1 0 0
    outer loop
      vertex 20.825 -34.5 -3
      vertex 20.825 -49.5 0.25
      vertex 20.825 -49.5 -3
    endloop
  endfacet
  facet normal 0 1 0
    outer loop
      vertex 19.325 -33 0.25
      vertex 1 -33 0
      vertex 1 -33 0.25
    endloop
  endfacet
  facet normal 0 1 -0
    outer loop
      vertex 19.325 -33 -3
      vertex 1 -33 0
      vertex 19.325 -33 0.25
    endloop
  endfacet
  facet normal 0 1 0
    outer loop
      vertex 0.325 -33 -3
      vertex 1 -33 0
      vertex 19.325 -33 -3
    endloop
  endfacet
  facet normal 0 1 0
    outer loop
      vertex 1 -33 0
      vertex 0.325 -33 -3
      vertex 0.325 -33 0
    endloop
  endfacet
  facet normal 0.442315 -0.89686 0
    outer loop
      vertex 19.899 -50.8858 -3
      vertex 20.075 -50.799 0.25
      vertex 19.899 -50.8858 0.25
    endloop
  endfacet
  facet normal 0.442315 -0.89686 0
    outer loop
      vertex 20.075 -50.799 0.25
      vertex 19.899 -50.8858 -3
      vertex 20.075 -50.799 -3
    endloop
  endfacet
  facet normal -0.555544 -0.831487 0
    outer loop
      vertex -0.58814 -50.69 -3
      vertex -0.424999 -50.799 0
      vertex -0.58814 -50.69 0
    endloop
  endfacet
  facet normal -0.555544 -0.831487 -0
    outer loop
      vertex -0.424999 -50.799 0
      vertex -0.58814 -50.69 -3
      vertex -0.424999 -50.799 -3
    endloop
  endfacet
  facet normal -0.321886 0.946779 -5.58552e-18
    outer loop
      vertex -0.0632277 -33.0511 0.25
      vertex -0.174999 -33.0891 0
      vertex -0.174999 -33.0891 0.25
    endloop
  endfacet
  facet normal -0.321886 0.946779 0
    outer loop
      vertex -0.0632277 -33.0511 -3
      vertex -0.174999 -33.0891 0
      vertex -0.0632277 -33.0511 0.25
    endloop
  endfacet
  facet normal -0.321581 0.946882 1.266e-05
    outer loop
      vertex -0.249023 -33.1142 -3
      vertex -0.174999 -33.0891 0
      vertex -0.0632277 -33.0511 -3
    endloop
  endfacet
  facet normal -0.321121 0.947038 1.90506e-19
    outer loop
      vertex -0.174999 -33.0891 0
      vertex -0.249023 -33.1142 -3
      vertex -0.249023 -33.1142 0
    endloop
  endfacet
  facet normal -1 0 0
    outer loop
      vertex -1.175 -43.5 -3
      vertex -1.175 -34.5 0
      vertex -1.175 -34.5 -3
    endloop
  endfacet
  facet normal -1 -0 0
    outer loop
      vertex -1.175 -34.5 0
      vertex -1.175 -43.5 -3
      vertex -1.175 -43.5 0
    endloop
  endfacet
  facet normal -1 0 0
    outer loop
      vertex -1.175 -49.5 -3
      vertex -1.175 -48.5 0
      vertex -1.175 -48.5 -3
    endloop
  endfacet
  facet normal -1 -0 0
    outer loop
      vertex -1.175 -48.5 0
      vertex -1.175 -49.5 -3
      vertex -1.175 -49.5 0
    endloop
  endfacet
  facet normal 0.89686 0.442315 4.10123e-20
    outer loop
      vertex 20.7108 -33.926 0.25
      vertex 20.624 -33.75 -3
      vertex 20.624 -33.75 0.25
    endloop
  endfacet
  facet normal 0.89686 0.442315 4.10123e-20
    outer loop
      vertex 20.624 -33.75 -3
      vertex 20.7108 -33.926 0.25
      vertex 20.7108 -33.926 -3
    endloop
  endfacet
  facet normal -0.195196 0.980764 0
    outer loop
      vertex 0.129211 -33.0128 -3
      vertex -0.0632277 -33.0511 0.25
      vertex 0.129211 -33.0128 0.25
    endloop
  endfacet
  facet normal -0.195196 0.980764 0
    outer loop
      vertex -0.0632277 -33.0511 0.25
      vertex 0.129211 -33.0128 -3
      vertex -0.0632277 -33.0511 -3
    endloop
  endfacet
  facet normal -0.752023 0.659136 4.1944e-19
    outer loop
      vertex -0.865028 -33.5869 -3
      vertex -0.735659 -33.4393 0
      vertex -0.735659 -33.4393 -3
    endloop
  endfacet
  facet normal -0.752023 0.659136 4.1944e-19
    outer loop
      vertex -0.735659 -33.4393 0
      vertex -0.865028 -33.5869 -3
      vertex -0.865028 -33.5869 0
    endloop
  endfacet
  facet normal -0.980776 -0.195136 -2.18092e-19
    outer loop
      vertex -1.12389 -49.8882 -3
      vertex -1.16217 -49.6958 0
      vertex -1.16217 -49.6958 -3
    endloop
  endfacet
  facet normal -0.980776 -0.195136 -2.18092e-19
    outer loop
      vertex -1.16217 -49.6958 0
      vertex -1.12389 -49.8882 -3
      vertex -1.12389 -49.8882 0
    endloop
  endfacet
  facet normal -0.659142 0.752018 0
    outer loop
      vertex -0.58814 -33.31 -3
      vertex -0.735659 -33.4393 0
      vertex -0.58814 -33.31 0
    endloop
  endfacet
  facet normal -0.659142 0.752018 0
    outer loop
      vertex -0.735659 -33.4393 0
      vertex -0.58814 -33.31 -3
      vertex -0.735659 -33.4393 -3
    endloop
  endfacet
  facet normal -0.195196 -0.980764 0
    outer loop
      vertex -0.0632277 -50.9489 -3
      vertex 0.129211 -50.9872 0.25
      vertex -0.0632277 -50.9489 0.25
    endloop
  endfacet
  facet normal -0.195196 -0.980764 -0
    outer loop
      vertex 0.129211 -50.9872 0.25
      vertex -0.0632277 -50.9489 -3
      vertex 0.129211 -50.9872 -3
    endloop
  endfacet
  facet normal -0.946931 -0.321437 -4.62327e-19
    outer loop
      vertex -1.06082 -50.074 -3
      vertex -1.12389 -49.8882 0
      vertex -1.12389 -49.8882 -3
    endloop
  endfacet
  facet normal -0.946931 -0.321437 -4.62327e-19
    outer loop
      vertex -1.12389 -49.8882 0
      vertex -1.06082 -50.074 -3
      vertex -1.06082 -50.074 0
    endloop
  endfacet
  facet normal 0.321574 0.946885 -0
    outer loop
      vertex 19.899 -33.1142 -3
      vertex 19.7132 -33.0511 0.25
      vertex 19.899 -33.1142 0.25
    endloop
  endfacet
  facet normal 0.321574 0.946885 0
    outer loop
      vertex 19.7132 -33.0511 0.25
      vertex 19.899 -33.1142 -3
      vertex 19.7132 -33.0511 -3
    endloop
  endfacet
  facet normal -0.555544 0.831487 0
    outer loop
      vertex -0.424999 -33.201 -3
      vertex -0.58814 -33.31 0
      vertex -0.424999 -33.201 0
    endloop
  endfacet
  facet normal -0.555544 0.831487 0
    outer loop
      vertex -0.58814 -33.31 0
      vertex -0.424999 -33.201 -3
      vertex -0.58814 -33.31 -3
    endloop
  endfacet
  facet normal -0.0653792 -0.99786 -5.50042e-19
    outer loop
      vertex 0.129211 -50.9872 0.25
      vertex 0.174999 -50.9902 0
      vertex 0.174999 -50.9902 0.25
    endloop
  endfacet
  facet normal -0.0653792 -0.99786 0
    outer loop
      vertex 0.129211 -50.9872 -3
      vertex 0.174999 -50.9902 0
      vertex 0.129211 -50.9872 0.25
    endloop
  endfacet
  facet normal -0.0652372 -0.99787 -2.17559e-06
    outer loop
      vertex 0.325 -51 -3
      vertex 0.174999 -50.9902 0
      vertex 0.129211 -50.9872 -3
    endloop
  endfacet
  facet normal -0.0651939 -0.997873 -1.44706e-20
    outer loop
      vertex 0.174999 -50.9902 0
      vertex 0.325 -51 -3
      vertex 0.325 -51 0
    endloop
  endfacet
  facet normal 0.752198 0.658937 7.66439e-19
    outer loop
      vertex 20.515 -33.5869 0.25
      vertex 20.3857 -33.4393 -3
      vertex 20.3857 -33.4393 0.25
    endloop
  endfacet
  facet normal 0.752198 0.658937 7.66439e-19
    outer loop
      vertex 20.3857 -33.4393 -3
      vertex 20.515 -33.5869 0.25
      vertex 20.515 -33.5869 -3
    endloop
  endfacet
  facet normal 0.658937 0.752198 -0
    outer loop
      vertex 20.3857 -33.4393 -3
      vertex 20.2381 -33.31 0.25
      vertex 20.3857 -33.4393 0.25
    endloop
  endfacet
  facet normal 0.658937 0.752198 0
    outer loop
      vertex 20.2381 -33.31 0.25
      vertex 20.3857 -33.4393 -3
      vertex 20.2381 -33.31 -3
    endloop
  endfacet
  facet normal 0.0652336 -0.99787 0
    outer loop
      vertex 19.325 -51 -3
      vertex 19.5208 -50.9872 0.25
      vertex 19.325 -51 0.25
    endloop
  endfacet
  facet normal 0.0652336 -0.99787 0
    outer loop
      vertex 19.5208 -50.9872 0.25
      vertex 19.325 -51 -3
      vertex 19.5208 -50.9872 -3
    endloop
  endfacet
  facet normal -0.442363 -0.896836 0
    outer loop
      vertex -0.424999 -50.799 -3
      vertex -0.249023 -50.8858 0
      vertex -0.424999 -50.799 0
    endloop
  endfacet
  facet normal -0.442363 -0.896836 -0
    outer loop
      vertex -0.249023 -50.8858 0
      vertex -0.424999 -50.799 -3
      vertex -0.249023 -50.8858 -3
    endloop
  endfacet
  facet normal 0.442315 0.89686 -0
    outer loop
      vertex 20.075 -33.201 -3
      vertex 19.899 -33.1142 0.25
      vertex 20.075 -33.201 0.25
    endloop
  endfacet
  facet normal 0.442315 0.89686 0
    outer loop
      vertex 19.899 -33.1142 0.25
      vertex 20.075 -33.201 -3
      vertex 19.899 -33.1142 -3
    endloop
  endfacet
  facet normal -0.896894 0.442245 9.37e-19
    outer loop
      vertex -1.06082 -33.926 -3
      vertex -0.974037 -33.75 0
      vertex -0.974037 -33.75 -3
    endloop
  endfacet
  facet normal -0.896894 0.442245 9.37e-19
    outer loop
      vertex -0.974037 -33.75 0
      vertex -1.06082 -33.926 -3
      vertex -1.06082 -33.926 0
    endloop
  endfacet
  facet normal -0.946931 0.321437 4.62327e-19
    outer loop
      vertex -1.12389 -34.1118 -3
      vertex -1.06082 -33.926 0
      vertex -1.06082 -33.926 -3
    endloop
  endfacet
  facet normal -0.946931 0.321437 4.62327e-19
    outer loop
      vertex -1.06082 -33.926 0
      vertex -1.12389 -34.1118 -3
      vertex -1.12389 -34.1118 0
    endloop
  endfacet
  facet normal 0.195234 0.980757 -0
    outer loop
      vertex 19.7132 -33.0511 -3
      vertex 19.5208 -33.0128 0.25
      vertex 19.7132 -33.0511 0.25
    endloop
  endfacet
  facet normal 0.195234 0.980757 0
    outer loop
      vertex 19.5208 -33.0128 0.25
      vertex 19.7132 -33.0511 -3
      vertex 19.5208 -33.0128 -3
    endloop
  endfacet
  facet normal -0.0651939 0.997873 0
    outer loop
      vertex 0.325 -33 0
      vertex 0.325 -33 -3
      vertex 0.174999 -33.0098 0
    endloop
  endfacet
  facet normal -0.0653792 0.99786 0
    outer loop
      vertex 0.174999 -33.0098 0
      vertex 0.129211 -33.0128 0.25
      vertex 0.174999 -33.0098 0.25
    endloop
  endfacet
  facet normal -0.0652372 0.99787 -2.17559e-06
    outer loop
      vertex 0.129211 -33.0128 -3
      vertex 0.174999 -33.0098 0
      vertex 0.325 -33 -3
    endloop
  endfacet
  facet normal -0.0653792 0.99786 4.23109e-20
    outer loop
      vertex 0.174999 -33.0098 0
      vertex 0.129211 -33.0128 -3
      vertex 0.129211 -33.0128 0.25
    endloop
  endfacet
  facet normal 0.555641 0.831422 -0
    outer loop
      vertex 20.2381 -33.31 -3
      vertex 20.075 -33.201 0.25
      vertex 20.2381 -33.31 0.25
    endloop
  endfacet
  facet normal 0.555641 0.831422 0
    outer loop
      vertex 20.075 -33.201 0.25
      vertex 20.2381 -33.31 -3
      vertex 20.075 -33.201 -3
    endloop
  endfacet
  facet normal 0.946885 0.321574 1.25575e-18
    outer loop
      vertex 20.7739 -34.1118 0.25
      vertex 20.7108 -33.926 -3
      vertex 20.7108 -33.926 0.25
    endloop
  endfacet
  facet normal 0.946885 0.321574 1.25575e-18
    outer loop
      vertex 20.7108 -33.926 -3
      vertex 20.7739 -34.1118 0.25
      vertex 20.7739 -34.1118 -3
    endloop
  endfacet
  facet normal -0.442363 0.896836 0
    outer loop
      vertex -0.249023 -33.1142 -3
      vertex -0.424999 -33.201 0
      vertex -0.249023 -33.1142 0
    endloop
  endfacet
  facet normal -0.442363 0.896836 0
    outer loop
      vertex -0.424999 -33.201 0
      vertex -0.249023 -33.1142 -3
      vertex -0.424999 -33.201 -3
    endloop
  endfacet
  facet normal 0.752198 -0.658937 -7.66439e-19
    outer loop
      vertex 20.3857 -50.5607 0.25
      vertex 20.515 -50.4131 -3
      vertex 20.515 -50.4131 0.25
    endloop
  endfacet
  facet normal 0.752198 -0.658937 -7.66439e-19
    outer loop
      vertex 20.515 -50.4131 -3
      vertex 20.3857 -50.5607 0.25
      vertex 20.3857 -50.5607 -3
    endloop
  endfacet
  facet normal -0.831401 0.555673 5.04634e-19
    outer loop
      vertex -0.974037 -33.75 -3
      vertex -0.865028 -33.5869 0
      vertex -0.865028 -33.5869 -3
    endloop
  endfacet
  facet normal -0.831401 0.555673 5.04634e-19
    outer loop
      vertex -0.865028 -33.5869 0
      vertex -0.974037 -33.75 -3
      vertex -0.974037 -33.75 0
    endloop
  endfacet
  facet normal 0.321574 -0.946885 0
    outer loop
      vertex 19.7132 -50.9489 -3
      vertex 19.899 -50.8858 0.25
      vertex 19.7132 -50.9489 0.25
    endloop
  endfacet
  facet normal 0.321574 -0.946885 0
    outer loop
      vertex 19.899 -50.8858 0.25
      vertex 19.7132 -50.9489 -3
      vertex 19.899 -50.8858 -3
    endloop
  endfacet
  facet normal -0.321121 -0.947038 -0
    outer loop
      vertex -0.249023 -50.8858 0
      vertex -0.249023 -50.8858 -3
      vertex -0.174999 -50.9109 0
    endloop
  endfacet
  facet normal -0.321886 -0.946779 0
    outer loop
      vertex -0.174999 -50.9109 0
      vertex -0.0632277 -50.9489 0.25
      vertex -0.174999 -50.9109 0.25
    endloop
  endfacet
  facet normal -0.321581 -0.946882 1.266e-05
    outer loop
      vertex -0.0632277 -50.9489 -3
      vertex -0.174999 -50.9109 0
      vertex -0.249023 -50.8858 -3
    endloop
  endfacet
  facet normal -0.321886 -0.946779 4.29655e-19
    outer loop
      vertex -0.174999 -50.9109 0
      vertex -0.0632277 -50.9489 -3
      vertex -0.0632277 -50.9489 0.25
    endloop
  endfacet
  facet normal -0.896894 -0.442245 -9.37e-19
    outer loop
      vertex -0.974037 -50.25 -3
      vertex -1.06082 -50.074 0
      vertex -1.06082 -50.074 -3
    endloop
  endfacet
  facet normal -0.896894 -0.442245 -9.37e-19
    outer loop
      vertex -1.06082 -50.074 0
      vertex -0.974037 -50.25 -3
      vertex -0.974037 -50.25 0
    endloop
  endfacet
  facet normal 0.831422 0.555641 1.34553e-18
    outer loop
      vertex 20.624 -33.75 0.25
      vertex 20.515 -33.5869 -3
      vertex 20.515 -33.5869 0.25
    endloop
  endfacet
  facet normal 0.831422 0.555641 1.34553e-18
    outer loop
      vertex 20.515 -33.5869 -3
      vertex 20.624 -33.75 0.25
      vertex 20.624 -33.75 -3
    endloop
  endfacet
  facet normal -0.99786 -0.0653858 3.06165e-19
    outer loop
      vertex -1.16217 -49.6958 -3
      vertex -1.175 -49.5 0
      vertex -1.175 -49.5 -3
    endloop
  endfacet
  facet normal -0.99786 -0.0653858 3.06165e-19
    outer loop
      vertex -1.175 -49.5 0
      vertex -1.16217 -49.6958 -3
      vertex -1.16217 -49.6958 0
    endloop
  endfacet
  facet normal -0.752023 -0.659136 -4.1944e-19
    outer loop
      vertex -0.735659 -50.5607 -3
      vertex -0.865028 -50.4131 0
      vertex -0.865028 -50.4131 -3
    endloop
  endfacet
  facet normal -0.752023 -0.659136 -4.1944e-19
    outer loop
      vertex -0.865028 -50.4131 0
      vertex -0.735659 -50.5607 -3
      vertex -0.735659 -50.5607 0
    endloop
  endfacet
  facet normal 0.946885 -0.321574 -1.25575e-18
    outer loop
      vertex 20.7108 -50.074 0.25
      vertex 20.7739 -49.8882 -3
      vertex 20.7739 -49.8882 0.25
    endloop
  endfacet
  facet normal 0.946885 -0.321574 -1.25575e-18
    outer loop
      vertex 20.7739 -49.8882 -3
      vertex 20.7108 -50.074 0.25
      vertex 20.7108 -50.074 -3
    endloop
  endfacet
  facet normal -0.659142 -0.752018 0
    outer loop
      vertex -0.735659 -50.5607 -3
      vertex -0.58814 -50.69 0
      vertex -0.735659 -50.5607 0
    endloop
  endfacet
  facet normal -0.659142 -0.752018 -0
    outer loop
      vertex -0.58814 -50.69 0
      vertex -0.735659 -50.5607 -3
      vertex -0.58814 -50.69 -3
    endloop
  endfacet
  facet normal 0.99787 0.0652336 -1.52973e-19
    outer loop
      vertex 20.825 -34.5 0.25
      vertex 20.8122 -34.3042 -3
      vertex 20.8122 -34.3042 0.25
    endloop
  endfacet
  facet normal 0.99787 0.0652336 -1.52973e-19
    outer loop
      vertex 20.8122 -34.3042 -3
      vertex 20.825 -34.5 0.25
      vertex 20.825 -34.5 -3
    endloop
  endfacet
  facet normal 0 0 1
    outer loop
      vertex 19.325 -33 0.25
      vertex 20.825 -34.5 0.25
      vertex 20.8122 -34.3042 0.25
    endloop
  endfacet
  facet normal 0 0 1
    outer loop
      vertex 20.825 -34.5 0.25
      vertex 19.325 -33 0.25
      vertex 20.825 -49.5 0.25
    endloop
  endfacet
  facet normal 0 0 1
    outer loop
      vertex 19.325 -33 0.25
      vertex 20.8122 -34.3042 0.25
      vertex 20.7739 -34.1118 0.25
    endloop
  endfacet
  facet normal 0 0 1
    outer loop
      vertex 19.325 -51 0.25
      vertex 20.825 -49.5 0.25
      vertex 19.325 -33 0.25
    endloop
  endfacet
  facet normal 0 0 1
    outer loop
      vertex 19.325 -33 0.25
      vertex 20.7739 -34.1118 0.25
      vertex 20.7108 -33.926 0.25
    endloop
  endfacet
  facet normal 0 0 1
    outer loop
      vertex 20.825 -49.5 0.25
      vertex 19.325 -51 0.25
      vertex 20.8122 -49.6958 0.25
    endloop
  endfacet
  facet normal 0 0 1
    outer loop
      vertex 19.325 -33 0.25
      vertex 20.7108 -33.926 0.25
      vertex 20.624 -33.75 0.25
    endloop
  endfacet
  facet normal 0 0 1
    outer loop
      vertex 20.8122 -49.6958 0.25
      vertex 19.325 -51 0.25
      vertex 20.7739 -49.8882 0.25
    endloop
  endfacet
  facet normal 0 0 1
    outer loop
      vertex 19.325 -33 0.25
      vertex 20.624 -33.75 0.25
      vertex 20.515 -33.5869 0.25
    endloop
  endfacet
  facet normal 0 0 1
    outer loop
      vertex 20.7739 -49.8882 0.25
      vertex 19.325 -51 0.25
      vertex 20.7108 -50.074 0.25
    endloop
  endfacet
  facet normal 0 0 1
    outer loop
      vertex 19.325 -33 0.25
      vertex 20.515 -33.5869 0.25
      vertex 20.3857 -33.4393 0.25
    endloop
  endfacet
  facet normal 0 0 1
    outer loop
      vertex 20.7108 -50.074 0.25
      vertex 19.325 -51 0.25
      vertex 20.624 -50.25 0.25
    endloop
  endfacet
  facet normal 0 0 1
    outer loop
      vertex 19.325 -33 0.25
      vertex 20.3857 -33.4393 0.25
      vertex 20.2381 -33.31 0.25
    endloop
  endfacet
  facet normal 0 0 1
    outer loop
      vertex 20.624 -50.25 0.25
      vertex 19.325 -51 0.25
      vertex 20.515 -50.4131 0.25
    endloop
  endfacet
  facet normal 0 0 1
    outer loop
      vertex 19.325 -33 0.25
      vertex 20.2381 -33.31 0.25
      vertex 20.075 -33.201 0.25
    endloop
  endfacet
  facet normal 0 0 1
    outer loop
      vertex 20.515 -50.4131 0.25
      vertex 19.325 -51 0.25
      vertex 20.3857 -50.5607 0.25
    endloop
  endfacet
  facet normal 0 0 1
    outer loop
      vertex 19.325 -33 0.25
      vertex 20.075 -33.201 0.25
      vertex 19.899 -33.1142 0.25
    endloop
  endfacet
  facet normal 0 0 1
    outer loop
      vertex 20.3857 -50.5607 0.25
      vertex 19.325 -51 0.25
      vertex 20.2381 -50.69 0.25
    endloop
  endfacet
  facet normal 0 0 1
    outer loop
      vertex 19.325 -33 0.25
      vertex 19.899 -33.1142 0.25
      vertex 19.7132 -33.0511 0.25
    endloop
  endfacet
  facet normal 0 0 1
    outer loop
      vertex 20.2381 -50.69 0.25
      vertex 19.325 -51 0.25
      vertex 20.075 -50.799 0.25
    endloop
  endfacet
  facet normal 0 0 1
    outer loop
      vertex 19.325 -33 0.25
      vertex 19.7132 -33.0511 0.25
      vertex 19.5208 -33.0128 0.25
    endloop
  endfacet
  facet normal 0 0 1
    outer loop
      vertex 20.075 -50.799 0.25
      vertex 19.325 -51 0.25
      vertex 19.899 -50.8858 0.25
    endloop
  endfacet
  facet normal 0 0 1
    outer loop
      vertex 19.899 -50.8858 0.25
      vertex 19.325 -51 0.25
      vertex 19.7132 -50.9489 0.25
    endloop
  endfacet
  facet normal 0 0 1
    outer loop
      vertex 19.7132 -50.9489 0.25
      vertex 19.325 -51 0.25
      vertex 19.5208 -50.9872 0.25
    endloop
  endfacet
  facet normal -0 0 1
    outer loop
      vertex 1 -33 0.25
      vertex 19.325 -51 0.25
      vertex 19.325 -33 0.25
    endloop
  endfacet
  facet normal 0 0 1
    outer loop
      vertex 19.325 -51 0.25
      vertex 1 -33 0.25
      vertex 1 -51 0.25
    endloop
  endfacet
  facet normal 0 0 1
    outer loop
      vertex -0.0632277 -33.0511 0.25
      vertex 0.174999 -33.0098 0.25
      vertex 0.129211 -33.0128 0.25
    endloop
  endfacet
  facet normal 0 0 1
    outer loop
      vertex 0.174999 -33.0098 0.25
      vertex -0.174999 -33.0891 0.25
      vertex 0.174999 -50.9902 0.25
    endloop
  endfacet
  facet normal 0 0 1
    outer loop
      vertex 0.174999 -33.0098 0.25
      vertex -0.0632277 -33.0511 0.25
      vertex -0.174999 -33.0891 0.25
    endloop
  endfacet
  facet normal -0 0 1
    outer loop
      vertex -0.174999 -50.9109 0.25
      vertex 0.174999 -50.9902 0.25
      vertex -0.174999 -33.0891 0.25
    endloop
  endfacet
  facet normal -0 -0 1
    outer loop
      vertex -0.0632277 -50.9489 0.25
      vertex 0.174999 -50.9902 0.25
      vertex -0.174999 -50.9109 0.25
    endloop
  endfacet
  facet normal 0 0 1
    outer loop
      vertex 0.174999 -50.9902 0.25
      vertex -0.0632277 -50.9489 0.25
      vertex 0.129211 -50.9872 0.25
    endloop
  endfacet
  facet normal 0.831422 -0.555641 -1.34553e-18
    outer loop
      vertex 20.515 -50.4131 0.25
      vertex 20.624 -50.25 -3
      vertex 20.624 -50.25 0.25
    endloop
  endfacet
  facet normal 0.831422 -0.555641 -1.34553e-18
    outer loop
      vertex 20.624 -50.25 -3
      vertex 20.515 -50.4131 0.25
      vertex 20.515 -50.4131 -3
    endloop
  endfacet
  facet normal -0.831401 -0.555673 -5.04634e-19
    outer loop
      vertex -0.865028 -50.4131 -3
      vertex -0.974037 -50.25 0
      vertex -0.974037 -50.25 -3
    endloop
  endfacet
  facet normal -0.831401 -0.555673 -5.04634e-19
    outer loop
      vertex -0.974037 -50.25 0
      vertex -0.865028 -50.4131 -3
      vertex -0.865028 -50.4131 0
    endloop
  endfacet
  facet normal 0.658937 -0.752198 0
    outer loop
      vertex 20.2381 -50.69 -3
      vertex 20.3857 -50.5607 0.25
      vertex 20.2381 -50.69 0.25
    endloop
  endfacet
  facet normal 0.658937 -0.752198 0
    outer loop
      vertex 20.3857 -50.5607 0.25
      vertex 20.2381 -50.69 -3
      vertex 20.3857 -50.5607 -3
    endloop
  endfacet
  facet normal 0.980757 -0.195234 -2.27443e-19
    outer loop
      vertex 20.7739 -49.8882 0.25
      vertex 20.8122 -49.6958 -3
      vertex 20.8122 -49.6958 0.25
    endloop
  endfacet
  facet normal 0.980757 -0.195234 -2.27443e-19
    outer loop
      vertex 20.8122 -49.6958 -3
      vertex 20.7739 -49.8882 0.25
      vertex 20.7739 -49.8882 -3
    endloop
  endfacet
  facet normal 0.99787 -0.0652336 1.52973e-19
    outer loop
      vertex 20.8122 -49.6958 0.25
      vertex 20.825 -49.5 -3
      vertex 20.825 -49.5 0.25
    endloop
  endfacet
  facet normal 0.99787 -0.0652336 1.52973e-19
    outer loop
      vertex 20.825 -49.5 -3
      vertex 20.8122 -49.6958 0.25
      vertex 20.8122 -49.6958 -3
    endloop
  endfacet
  facet normal 0.980757 0.195234 2.27443e-19
    outer loop
      vertex 20.8122 -34.3042 0.25
      vertex 20.7739 -34.1118 -3
      vertex 20.7739 -34.1118 0.25
    endloop
  endfacet
  facet normal 0.980757 0.195234 2.27443e-19
    outer loop
      vertex 20.7739 -34.1118 -3
      vertex 20.8122 -34.3042 0.25
      vertex 20.8122 -34.3042 -3
    endloop
  endfacet
  facet normal 0.195234 -0.980757 0
    outer loop
      vertex 19.5208 -90.9872 -3
      vertex 19.7132 -90.9489 0.25
      vertex 19.5208 -90.9872 0.25
    endloop
  endfacet
  facet normal 0.195234 -0.980757 0
    outer loop
      vertex 19.7132 -90.9489 0.25
      vertex 19.5208 -90.9872 -3
      vertex 19.7132 -90.9489 -3
    endloop
  endfacet
  facet normal 0.89686 -0.442315 -4.10123e-20
    outer loop
      vertex 20.624 -90.25 0.25
      vertex 20.7108 -90.074 -3
      vertex 20.7108 -90.074 0.25
    endloop
  endfacet
  facet normal 0.89686 -0.442315 -4.10123e-20
    outer loop
      vertex 20.7108 -90.074 -3
      vertex 20.624 -90.25 0.25
      vertex 20.624 -90.25 -3
    endloop
  endfacet
  facet normal 0.555641 -0.831422 0
    outer loop
      vertex 20.075 -90.799 -3
      vertex 20.2381 -90.69 0.25
      vertex 20.075 -90.799 0.25
    endloop
  endfacet
  facet normal 0.555641 -0.831422 0
    outer loop
      vertex 20.2381 -90.69 0.25
      vertex 20.075 -90.799 -3
      vertex 20.2381 -90.69 -3
    endloop
  endfacet
  facet normal -0.980776 0.195136 -6.51107e-19
    outer loop
      vertex -1.16217 -74.3042 -3
      vertex -1.12389 -74.1118 0
      vertex -1.12389 -74.1118 -3
    endloop
  endfacet
  facet normal -0.980776 0.195136 -6.51107e-19
    outer loop
      vertex -1.12389 -74.1118 0
      vertex -1.16217 -74.3042 -3
      vertex -1.16217 -74.3042 0
    endloop
  endfacet
  facet normal 0 -1 0
    outer loop
      vertex 0.325 -91 0
      vertex 0.325 -91 -3
      vertex 1 -91 0
    endloop
  endfacet
  facet normal 0 -1 0
    outer loop
      vertex 1 -91 0
      vertex 19.325 -91 0.25
      vertex 1 -91 0.25
    endloop
  endfacet
  facet normal 0 -1 0
    outer loop
      vertex 19.325 -91 -3
      vertex 1 -91 0
      vertex 0.325 -91 -3
    endloop
  endfacet
  facet normal 0 -1 0
    outer loop
      vertex 1 -91 0
      vertex 19.325 -91 -3
      vertex 19.325 -91 0.25
    endloop
  endfacet
  facet normal -0.99786 0.0653858 -1.53869e-19
    outer loop
      vertex -1.175 -74.5 -3
      vertex -1.16217 -74.3042 0
      vertex -1.16217 -74.3042 -3
    endloop
  endfacet
  facet normal -0.99786 0.0653858 -1.53869e-19
    outer loop
      vertex -1.16217 -74.3042 0
      vertex -1.175 -74.5 -3
      vertex -1.175 -74.5 0
    endloop
  endfacet
  facet normal 0.0652336 0.99787 -0
    outer loop
      vertex 19.5208 -73.0128 -3
      vertex 19.325 -73 0.25
      vertex 19.5208 -73.0128 0.25
    endloop
  endfacet
  facet normal 0.0652336 0.99787 0
    outer loop
      vertex 19.325 -73 0.25
      vertex 19.5208 -73.0128 -3
      vertex 19.325 -73 -3
    endloop
  endfacet
  facet normal 1 -0 0
    outer loop
      vertex 20.825 -89.5 0.25
      vertex 20.825 -74.5 -3
      vertex 20.825 -74.5 0.25
    endloop
  endfacet
  facet normal 1 0 0
    outer loop
      vertex 20.825 -74.5 -3
      vertex 20.825 -89.5 0.25
      vertex 20.825 -89.5 -3
    endloop
  endfacet
  facet normal 0 1 0
    outer loop
      vertex 19.325 -73 0.25
      vertex 1 -73 0
      vertex 1 -73 0.25
    endloop
  endfacet
  facet normal 0 1 -0
    outer loop
      vertex 19.325 -73 -3
      vertex 1 -73 0
      vertex 19.325 -73 0.25
    endloop
  endfacet
  facet normal 0 1 0
    outer loop
      vertex 0.325 -73 -3
      vertex 1 -73 0
      vertex 19.325 -73 -3
    endloop
  endfacet
  facet normal 0 1 0
    outer loop
      vertex 1 -73 0
      vertex 0.325 -73 -3
      vertex 0.325 -73 0
    endloop
  endfacet
  facet normal 0.442315 -0.89686 0
    outer loop
      vertex 19.899 -90.8858 -3
      vertex 20.075 -90.799 0.25
      vertex 19.899 -90.8858 0.25
    endloop
  endfacet
  facet normal 0.442315 -0.89686 0
    outer loop
      vertex 20.075 -90.799 0.25
      vertex 19.899 -90.8858 -3
      vertex 20.075 -90.799 -3
    endloop
  endfacet
  facet normal -0.555544 -0.831487 0
    outer loop
      vertex -0.58814 -90.69 -3
      vertex -0.424999 -90.799 0
      vertex -0.58814 -90.69 0
    endloop
  endfacet
  facet normal -0.555544 -0.831487 -0
    outer loop
      vertex -0.424999 -90.799 0
      vertex -0.58814 -90.69 -3
      vertex -0.424999 -90.799 -3
    endloop
  endfacet
  facet normal -0.321886 0.946779 5.27386e-18
    outer loop
      vertex -0.0632277 -73.0511 0.25
      vertex -0.174999 -73.0891 0
      vertex -0.174999 -73.0891 0.25
    endloop
  endfacet
  facet normal -0.321886 0.946779 0
    outer loop
      vertex -0.0632277 -73.0511 -3
      vertex -0.174999 -73.0891 0
      vertex -0.0632277 -73.0511 0.25
    endloop
  endfacet
  facet normal -0.321581 0.946882 1.266e-05
    outer loop
      vertex -0.249023 -73.1142 -3
      vertex -0.174999 -73.0891 0
      vertex -0.0632277 -73.0511 -3
    endloop
  endfacet
  facet normal -0.321121 0.947038 1.90506e-19
    outer loop
      vertex -0.174999 -73.0891 0
      vertex -0.249023 -73.1142 -3
      vertex -0.249023 -73.1142 0
    endloop
  endfacet
  facet normal -1 0 0
    outer loop
      vertex -1.175 -75.5 -3
      vertex -1.175 -74.5 0
      vertex -1.175 -74.5 -3
    endloop
  endfacet
  facet normal -1 -0 0
    outer loop
      vertex -1.175 -74.5 0
      vertex -1.175 -75.5 -3
      vertex -1.175 -75.5 0
    endloop
  endfacet
  facet normal -1 0 0
    outer loop
      vertex -1.175 -89.5 -3
      vertex -1.175 -80.5 0
      vertex -1.175 -80.5 -3
    endloop
  endfacet
  facet normal -1 -0 0
    outer loop
      vertex -1.175 -80.5 0
      vertex -1.175 -89.5 -3
      vertex -1.175 -89.5 0
    endloop
  endfacet
  facet normal -0.195196 0.980764 0
    outer loop
      vertex 0.129211 -73.0128 -3
      vertex -0.0632277 -73.0511 0.25
      vertex 0.129211 -73.0128 0.25
    endloop
  endfacet
  facet normal -0.195196 0.980764 0
    outer loop
      vertex -0.0632277 -73.0511 0.25
      vertex 0.129211 -73.0128 -3
      vertex -0.0632277 -73.0511 -3
    endloop
  endfacet
  facet normal -0.752023 0.659136 4.1944e-19
    outer loop
      vertex -0.865028 -73.5869 -3
      vertex -0.735659 -73.4393 0
      vertex -0.735659 -73.4393 -3
    endloop
  endfacet
  facet normal -0.752023 0.659136 4.1944e-19
    outer loop
      vertex -0.735659 -73.4393 0
      vertex -0.865028 -73.5869 -3
      vertex -0.865028 -73.5869 0
    endloop
  endfacet
  facet normal -0.980776 -0.195136 6.51107e-19
    outer loop
      vertex -1.12389 -89.8882 -3
      vertex -1.16217 -89.6958 0
      vertex -1.16217 -89.6958 -3
    endloop
  endfacet
  facet normal -0.980776 -0.195136 6.51107e-19
    outer loop
      vertex -1.16217 -89.6958 0
      vertex -1.12389 -89.8882 -3
      vertex -1.12389 -89.8882 0
    endloop
  endfacet
  facet normal -0.659142 0.752018 0
    outer loop
      vertex -0.58814 -73.31 -3
      vertex -0.735659 -73.4393 0
      vertex -0.58814 -73.31 0
    endloop
  endfacet
  facet normal -0.659142 0.752018 0
    outer loop
      vertex -0.735659 -73.4393 0
      vertex -0.58814 -73.31 -3
      vertex -0.735659 -73.4393 -3
    endloop
  endfacet
  facet normal -0.195196 -0.980764 0
    outer loop
      vertex -0.0632277 -90.9489 -3
      vertex 0.129211 -90.9872 0.25
      vertex -0.0632277 -90.9489 0.25
    endloop
  endfacet
  facet normal -0.195196 -0.980764 -0
    outer loop
      vertex 0.129211 -90.9872 0.25
      vertex -0.0632277 -90.9489 -3
      vertex 0.129211 -90.9872 -3
    endloop
  endfacet
  facet normal -0.946931 -0.321437 -4.62327e-19
    outer loop
      vertex -1.06082 -90.074 -3
      vertex -1.12389 -89.8882 0
      vertex -1.12389 -89.8882 -3
    endloop
  endfacet
  facet normal -0.946931 -0.321437 -4.62327e-19
    outer loop
      vertex -1.12389 -89.8882 0
      vertex -1.06082 -90.074 -3
      vertex -1.06082 -90.074 0
    endloop
  endfacet
  facet normal 0.321574 0.946885 -0
    outer loop
      vertex 19.899 -73.1142 -3
      vertex 19.7132 -73.0511 0.25
      vertex 19.899 -73.1142 0.25
    endloop
  endfacet
  facet normal 0.321574 0.946885 0
    outer loop
      vertex 19.7132 -73.0511 0.25
      vertex 19.899 -73.1142 -3
      vertex 19.7132 -73.0511 -3
    endloop
  endfacet
  facet normal -0.555544 0.831487 0
    outer loop
      vertex -0.424999 -73.201 -3
      vertex -0.58814 -73.31 0
      vertex -0.424999 -73.201 0
    endloop
  endfacet
  facet normal -0.555544 0.831487 0
    outer loop
      vertex -0.58814 -73.31 0
      vertex -0.424999 -73.201 -3
      vertex -0.58814 -73.31 -3
    endloop
  endfacet
  facet normal -0.0653792 -0.99786 -5.50042e-19
    outer loop
      vertex 0.129211 -90.9872 0.25
      vertex 0.174999 -90.9902 0
      vertex 0.174999 -90.9902 0.25
    endloop
  endfacet
  facet normal -0.0653792 -0.99786 0
    outer loop
      vertex 0.129211 -90.9872 -3
      vertex 0.174999 -90.9902 0
      vertex 0.129211 -90.9872 0.25
    endloop
  endfacet
  facet normal -0.0652372 -0.99787 -2.17559e-06
    outer loop
      vertex 0.325 -91 -3
      vertex 0.174999 -90.9902 0
      vertex 0.129211 -90.9872 -3
    endloop
  endfacet
  facet normal -0.0651939 -0.997873 -1.44706e-20
    outer loop
      vertex 0.174999 -90.9902 0
      vertex 0.325 -91 -3
      vertex 0.325 -91 0
    endloop
  endfacet
  facet normal 0.752198 0.658937 7.66439e-19
    outer loop
      vertex 20.515 -73.5869 0.25
      vertex 20.3857 -73.4393 -3
      vertex 20.3857 -73.4393 0.25
    endloop
  endfacet
  facet normal 0.752198 0.658937 7.66439e-19
    outer loop
      vertex 20.3857 -73.4393 -3
      vertex 20.515 -73.5869 0.25
      vertex 20.515 -73.5869 -3
    endloop
  endfacet
  facet normal 0.658937 0.752198 -0
    outer loop
      vertex 20.3857 -73.4393 -3
      vertex 20.2381 -73.31 0.25
      vertex 20.3857 -73.4393 0.25
    endloop
  endfacet
  facet normal 0.658937 0.752198 0
    outer loop
      vertex 20.2381 -73.31 0.25
      vertex 20.3857 -73.4393 -3
      vertex 20.2381 -73.31 -3
    endloop
  endfacet
  facet normal 0.0652336 -0.99787 0
    outer loop
      vertex 19.325 -91 -3
      vertex 19.5208 -90.9872 0.25
      vertex 19.325 -91 0.25
    endloop
  endfacet
  facet normal 0.0652336 -0.99787 0
    outer loop
      vertex 19.5208 -90.9872 0.25
      vertex 19.325 -91 -3
      vertex 19.5208 -90.9872 -3
    endloop
  endfacet
  facet normal -0.442363 -0.896836 0
    outer loop
      vertex -0.424999 -90.799 -3
      vertex -0.249023 -90.8858 0
      vertex -0.424999 -90.799 0
    endloop
  endfacet
  facet normal -0.442363 -0.896836 -0
    outer loop
      vertex -0.249023 -90.8858 0
      vertex -0.424999 -90.799 -3
      vertex -0.249023 -90.8858 -3
    endloop
  endfacet
  facet normal 0.442315 0.89686 -0
    outer loop
      vertex 20.075 -73.201 -3
      vertex 19.899 -73.1142 0.25
      vertex 20.075 -73.201 0.25
    endloop
  endfacet
  facet normal 0.442315 0.89686 0
    outer loop
      vertex 19.899 -73.1142 0.25
      vertex 20.075 -73.201 -3
      vertex 19.899 -73.1142 -3
    endloop
  endfacet
  facet normal -0.896894 0.442245 9.37e-19
    outer loop
      vertex -1.06082 -73.926 -3
      vertex -0.974037 -73.75 0
      vertex -0.974037 -73.75 -3
    endloop
  endfacet
  facet normal -0.896894 0.442245 9.37e-19
    outer loop
      vertex -0.974037 -73.75 0
      vertex -1.06082 -73.926 -3
      vertex -1.06082 -73.926 0
    endloop
  endfacet
  facet normal -0.946931 0.321437 4.62327e-19
    outer loop
      vertex -1.12389 -74.1118 -3
      vertex -1.06082 -73.926 0
      vertex -1.06082 -73.926 -3
    endloop
  endfacet
  facet normal -0.946931 0.321437 4.62327e-19
    outer loop
      vertex -1.06082 -73.926 0
      vertex -1.12389 -74.1118 -3
      vertex -1.12389 -74.1118 0
    endloop
  endfacet
  facet normal 0.195234 0.980757 -0
    outer loop
      vertex 19.7132 -73.0511 -3
      vertex 19.5208 -73.0128 0.25
      vertex 19.7132 -73.0511 0.25
    endloop
  endfacet
  facet normal 0.195234 0.980757 0
    outer loop
      vertex 19.5208 -73.0128 0.25
      vertex 19.7132 -73.0511 -3
      vertex 19.5208 -73.0128 -3
    endloop
  endfacet
  facet normal -0.0651939 0.997873 0
    outer loop
      vertex 0.325 -73 0
      vertex 0.325 -73 -3
      vertex 0.174999 -73.0098 0
    endloop
  endfacet
  facet normal -0.0653792 0.99786 0
    outer loop
      vertex 0.174999 -73.0098 0
      vertex 0.129211 -73.0128 0.25
      vertex 0.174999 -73.0098 0.25
    endloop
  endfacet
  facet normal -0.0652372 0.99787 -2.17559e-06
    outer loop
      vertex 0.129211 -73.0128 -3
      vertex 0.174999 -73.0098 0
      vertex 0.325 -73 -3
    endloop
  endfacet
  facet normal -0.0653792 0.99786 4.23109e-20
    outer loop
      vertex 0.174999 -73.0098 0
      vertex 0.129211 -73.0128 -3
      vertex 0.129211 -73.0128 0.25
    endloop
  endfacet
  facet normal 0.555641 0.831422 -0
    outer loop
      vertex 20.2381 -73.31 -3
      vertex 20.075 -73.201 0.25
      vertex 20.2381 -73.31 0.25
    endloop
  endfacet
  facet normal 0.555641 0.831422 0
    outer loop
      vertex 20.075 -73.201 0.25
      vertex 20.2381 -73.31 -3
      vertex 20.075 -73.201 -3
    endloop
  endfacet
  facet normal 0.946885 0.321574 1.25575e-18
    outer loop
      vertex 20.7739 -74.1118 0.25
      vertex 20.7108 -73.926 -3
      vertex 20.7108 -73.926 0.25
    endloop
  endfacet
  facet normal 0.946885 0.321574 1.25575e-18
    outer loop
      vertex 20.7108 -73.926 -3
      vertex 20.7739 -74.1118 0.25
      vertex 20.7739 -74.1118 -3
    endloop
  endfacet
  facet normal -0.442363 0.896836 0
    outer loop
      vertex -0.249023 -73.1142 -3
      vertex -0.424999 -73.201 0
      vertex -0.249023 -73.1142 0
    endloop
  endfacet
  facet normal -0.442363 0.896836 0
    outer loop
      vertex -0.424999 -73.201 0
      vertex -0.249023 -73.1142 -3
      vertex -0.424999 -73.201 -3
    endloop
  endfacet
  facet normal 0.752198 -0.658937 -7.66439e-19
    outer loop
      vertex 20.3857 -90.5607 0.25
      vertex 20.515 -90.4131 -3
      vertex 20.515 -90.4131 0.25
    endloop
  endfacet
  facet normal 0.752198 -0.658937 -7.66439e-19
    outer loop
      vertex 20.515 -90.4131 -3
      vertex 20.3857 -90.5607 0.25
      vertex 20.3857 -90.5607 -3
    endloop
  endfacet
  facet normal -0.831401 0.555673 5.04634e-19
    outer loop
      vertex -0.974037 -73.75 -3
      vertex -0.865028 -73.5869 0
      vertex -0.865028 -73.5869 -3
    endloop
  endfacet
  facet normal -0.831401 0.555673 5.04634e-19
    outer loop
      vertex -0.865028 -73.5869 0
      vertex -0.974037 -73.75 -3
      vertex -0.974037 -73.75 0
    endloop
  endfacet
  facet normal 0.321574 -0.946885 0
    outer loop
      vertex 19.7132 -90.9489 -3
      vertex 19.899 -90.8858 0.25
      vertex 19.7132 -90.9489 0.25
    endloop
  endfacet
  facet normal 0.321574 -0.946885 0
    outer loop
      vertex 19.899 -90.8858 0.25
      vertex 19.7132 -90.9489 -3
      vertex 19.899 -90.8858 -3
    endloop
  endfacet
  facet normal -0.896894 -0.442245 -9.37e-19
    outer loop
      vertex -0.974037 -90.25 -3
      vertex -1.06082 -90.074 0
      vertex -1.06082 -90.074 -3
    endloop
  endfacet
  facet normal -0.896894 -0.442245 -9.37e-19
    outer loop
      vertex -1.06082 -90.074 0
      vertex -0.974037 -90.25 -3
      vertex -0.974037 -90.25 0
    endloop
  endfacet
  facet normal -0.99786 -0.0653858 1.53869e-19
    outer loop
      vertex -1.16217 -89.6958 -3
      vertex -1.175 -89.5 0
      vertex -1.175 -89.5 -3
    endloop
  endfacet
  facet normal -0.99786 -0.0653858 1.53869e-19
    outer loop
      vertex -1.175 -89.5 0
      vertex -1.16217 -89.6958 -3
      vertex -1.16217 -89.6958 0
    endloop
  endfacet
  facet normal -0.752023 -0.659136 -4.1944e-19
    outer loop
      vertex -0.735659 -90.5607 -3
      vertex -0.865028 -90.4131 0
      vertex -0.865028 -90.4131 -3
    endloop
  endfacet
  facet normal -0.752023 -0.659136 -4.1944e-19
    outer loop
      vertex -0.865028 -90.4131 0
      vertex -0.735659 -90.5607 -3
      vertex -0.735659 -90.5607 0
    endloop
  endfacet
  facet normal 0.946885 -0.321574 -1.25575e-18
    outer loop
      vertex 20.7108 -90.074 0.25
      vertex 20.7739 -89.8882 -3
      vertex 20.7739 -89.8882 0.25
    endloop
  endfacet
  facet normal 0.946885 -0.321574 -1.25575e-18
    outer loop
      vertex 20.7739 -89.8882 -3
      vertex 20.7108 -90.074 0.25
      vertex 20.7108 -90.074 -3
    endloop
  endfacet
  facet normal -0.659142 -0.752018 0
    outer loop
      vertex -0.735659 -90.5607 -3
      vertex -0.58814 -90.69 0
      vertex -0.735659 -90.5607 0
    endloop
  endfacet
  facet normal -0.659142 -0.752018 -0
    outer loop
      vertex -0.58814 -90.69 0
      vertex -0.735659 -90.5607 -3
      vertex -0.58814 -90.69 -3
    endloop
  endfacet
  facet normal 0.99787 0.0652336 4.07088e-20
    outer loop
      vertex 20.825 -74.5 0.25
      vertex 20.8122 -74.3042 -3
      vertex 20.8122 -74.3042 0.25
    endloop
  endfacet
  facet normal 0.99787 0.0652336 4.07088e-20
    outer loop
      vertex 20.8122 -74.3042 -3
      vertex 20.825 -74.5 0.25
      vertex 20.825 -74.5 -3
    endloop
  endfacet
  facet normal 0 0 1
    outer loop
      vertex 19.325 -73 0.25
      vertex 20.825 -74.5 0.25
      vertex 20.8122 -74.3042 0.25
    endloop
  endfacet
  facet normal 0 0 1
    outer loop
      vertex 20.825 -74.5 0.25
      vertex 19.325 -73 0.25
      vertex 20.825 -89.5 0.25
    endloop
  endfacet
  facet normal 0 0 1
    outer loop
      vertex 19.325 -73 0.25
      vertex 20.8122 -74.3042 0.25
      vertex 20.7739 -74.1118 0.25
    endloop
  endfacet
  facet normal 0 0 1
    outer loop
      vertex 19.325 -91 0.25
      vertex 20.825 -89.5 0.25
      vertex 19.325 -73 0.25
    endloop
  endfacet
  facet normal 0 0 1
    outer loop
      vertex 19.325 -73 0.25
      vertex 20.7739 -74.1118 0.25
      vertex 20.7108 -73.926 0.25
    endloop
  endfacet
  facet normal 0 0 1
    outer loop
      vertex 20.825 -89.5 0.25
      vertex 19.325 -91 0.25
      vertex 20.8122 -89.6958 0.25
    endloop
  endfacet
  facet normal 0 0 1
    outer loop
      vertex 19.325 -73 0.25
      vertex 20.7108 -73.926 0.25
      vertex 20.624 -73.75 0.25
    endloop
  endfacet
  facet normal 0 0 1
    outer loop
      vertex 20.8122 -89.6958 0.25
      vertex 19.325 -91 0.25
      vertex 20.7739 -89.8882 0.25
    endloop
  endfacet
  facet normal 0 0 1
    outer loop
      vertex 19.325 -73 0.25
      vertex 20.624 -73.75 0.25
      vertex 20.515 -73.5869 0.25
    endloop
  endfacet
  facet normal 0 0 1
    outer loop
      vertex 20.7739 -89.8882 0.25
      vertex 19.325 -91 0.25
      vertex 20.7108 -90.074 0.25
    endloop
  endfacet
  facet normal 0 0 1
    outer loop
      vertex 19.325 -73 0.25
      vertex 20.515 -73.5869 0.25
      vertex 20.3857 -73.4393 0.25
    endloop
  endfacet
  facet normal 0 0 1
    outer loop
      vertex 20.7108 -90.074 0.25
      vertex 19.325 -91 0.25
      vertex 20.624 -90.25 0.25
    endloop
  endfacet
  facet normal 0 0 1
    outer loop
      vertex 19.325 -73 0.25
      vertex 20.3857 -73.4393 0.25
      vertex 20.2381 -73.31 0.25
    endloop
  endfacet
  facet normal 0 0 1
    outer loop
      vertex 20.624 -90.25 0.25
      vertex 19.325 -91 0.25
      vertex 20.515 -90.4131 0.25
    endloop
  endfacet
  facet normal 0 0 1
    outer loop
      vertex 19.325 -73 0.25
      vertex 20.2381 -73.31 0.25
      vertex 20.075 -73.201 0.25
    endloop
  endfacet
  facet normal 0 0 1
    outer loop
      vertex 20.515 -90.4131 0.25
      vertex 19.325 -91 0.25
      vertex 20.3857 -90.5607 0.25
    endloop
  endfacet
  facet normal 0 0 1
    outer loop
      vertex 19.325 -73 0.25
      vertex 20.075 -73.201 0.25
      vertex 19.899 -73.1142 0.25
    endloop
  endfacet
  facet normal 0 0 1
    outer loop
      vertex 20.3857 -90.5607 0.25
      vertex 19.325 -91 0.25
      vertex 20.2381 -90.69 0.25
    endloop
  endfacet
  facet normal 0 0 1
    outer loop
      vertex 19.325 -73 0.25
      vertex 19.899 -73.1142 0.25
      vertex 19.7132 -73.0511 0.25
    endloop
  endfacet
  facet normal 0 0 1
    outer loop
      vertex 20.2381 -90.69 0.25
      vertex 19.325 -91 0.25
      vertex 20.075 -90.799 0.25
    endloop
  endfacet
  facet normal 0 0 1
    outer loop
      vertex 19.325 -73 0.25
      vertex 19.7132 -73.0511 0.25
      vertex 19.5208 -73.0128 0.25
    endloop
  endfacet
  facet normal 0 0 1
    outer loop
      vertex 20.075 -90.799 0.25
      vertex 19.325 -91 0.25
      vertex 19.899 -90.8858 0.25
    endloop
  endfacet
  facet normal 0 0 1
    outer loop
      vertex 19.899 -90.8858 0.25
      vertex 19.325 -91 0.25
      vertex 19.7132 -90.9489 0.25
    endloop
  endfacet
  facet normal 0 0 1
    outer loop
      vertex 19.7132 -90.9489 0.25
      vertex 19.325 -91 0.25
      vertex 19.5208 -90.9872 0.25
    endloop
  endfacet
  facet normal -0 0 1
    outer loop
      vertex 1 -73 0.25
      vertex 19.325 -91 0.25
      vertex 19.325 -73 0.25
    endloop
  endfacet
  facet normal 0 0 1
    outer loop
      vertex 19.325 -91 0.25
      vertex 1 -73 0.25
      vertex 1 -91 0.25
    endloop
  endfacet
  facet normal 0 0 1
    outer loop
      vertex -0.0632277 -73.0511 0.25
      vertex 0.174999 -73.0098 0.25
      vertex 0.129211 -73.0128 0.25
    endloop
  endfacet
  facet normal 0 0 1
    outer loop
      vertex 0.174999 -73.0098 0.25
      vertex -0.174999 -73.0891 0.25
      vertex 0.174999 -90.9902 0.25
    endloop
  endfacet
  facet normal 0 0 1
    outer loop
      vertex 0.174999 -73.0098 0.25
      vertex -0.0632277 -73.0511 0.25
      vertex -0.174999 -73.0891 0.25
    endloop
  endfacet
  facet normal -0 0 1
    outer loop
      vertex -0.174999 -90.9109 0.25
      vertex 0.174999 -90.9902 0.25
      vertex -0.174999 -73.0891 0.25
    endloop
  endfacet
  facet normal -0 -0 1
    outer loop
      vertex -0.0632277 -90.9489 0.25
      vertex 0.174999 -90.9902 0.25
      vertex -0.174999 -90.9109 0.25
    endloop
  endfacet
  facet normal 0 0 1
    outer loop
      vertex 0.174999 -90.9902 0.25
      vertex -0.0632277 -90.9489 0.25
      vertex 0.129211 -90.9872 0.25
    endloop
  endfacet
  facet normal 0.831422 -0.555641 -1.34553e-18
    outer loop
      vertex 20.515 -90.4131 0.25
      vertex 20.624 -90.25 -3
      vertex 20.624 -90.25 0.25
    endloop
  endfacet
  facet normal 0.831422 -0.555641 -1.34553e-18
    outer loop
      vertex 20.624 -90.25 -3
      vertex 20.515 -90.4131 0.25
      vertex 20.515 -90.4131 -3
    endloop
  endfacet
  facet normal -0.831401 -0.555673 -5.04634e-19
    outer loop
      vertex -0.865028 -90.4131 -3
      vertex -0.974037 -90.25 0
      vertex -0.974037 -90.25 -3
    endloop
  endfacet
  facet normal -0.831401 -0.555673 -5.04634e-19
    outer loop
      vertex -0.974037 -90.25 0
      vertex -0.865028 -90.4131 -3
      vertex -0.865028 -90.4131 0
    endloop
  endfacet
  facet normal 0.831422 0.555641 1.34553e-18
    outer loop
      vertex 20.624 -73.75 0.25
      vertex 20.515 -73.5869 -3
      vertex 20.515 -73.5869 0.25
    endloop
  endfacet
  facet normal 0.831422 0.555641 1.34553e-18
    outer loop
      vertex 20.515 -73.5869 -3
      vertex 20.624 -73.75 0.25
      vertex 20.624 -73.75 -3
    endloop
  endfacet
  facet normal -0.321121 -0.947038 -0
    outer loop
      vertex -0.249023 -90.8858 0
      vertex -0.249023 -90.8858 -3
      vertex -0.174999 -90.9109 0
    endloop
  endfacet
  facet normal -0.321886 -0.946779 0
    outer loop
      vertex -0.174999 -90.9109 0
      vertex -0.0632277 -90.9489 0.25
      vertex -0.174999 -90.9109 0.25
    endloop
  endfacet
  facet normal -0.321581 -0.946882 1.266e-05
    outer loop
      vertex -0.0632277 -90.9489 -3
      vertex -0.174999 -90.9109 0
      vertex -0.249023 -90.8858 -3
    endloop
  endfacet
  facet normal -0.321886 -0.946779 -4.05682e-19
    outer loop
      vertex -0.174999 -90.9109 0
      vertex -0.0632277 -90.9489 -3
      vertex -0.0632277 -90.9489 0.25
    endloop
  endfacet
  facet normal 0.89686 0.442315 4.10123e-20
    outer loop
      vertex 20.7108 -73.926 0.25
      vertex 20.624 -73.75 -3
      vertex 20.624 -73.75 0.25
    endloop
  endfacet
  facet normal 0.89686 0.442315 4.10123e-20
    outer loop
      vertex 20.624 -73.75 -3
      vertex 20.7108 -73.926 0.25
      vertex 20.7108 -73.926 -3
    endloop
  endfacet
  facet normal 0.658937 -0.752198 0
    outer loop
      vertex 20.2381 -90.69 -3
      vertex 20.3857 -90.5607 0.25
      vertex 20.2381 -90.69 0.25
    endloop
  endfacet
  facet normal 0.658937 -0.752198 0
    outer loop
      vertex 20.3857 -90.5607 0.25
      vertex 20.2381 -90.69 -3
      vertex 20.3857 -90.5607 -3
    endloop
  endfacet
  facet normal 0.980757 -0.195234 1.07764e-19
    outer loop
      vertex 20.7739 -89.8882 0.25
      vertex 20.8122 -89.6958 -3
      vertex 20.8122 -89.6958 0.25
    endloop
  endfacet
  facet normal 0.980757 -0.195234 1.07764e-19
    outer loop
      vertex 20.8122 -89.6958 -3
      vertex 20.7739 -89.8882 0.25
      vertex 20.7739 -89.8882 -3
    endloop
  endfacet
  facet normal 0.99787 -0.0652336 -4.07088e-20
    outer loop
      vertex 20.8122 -89.6958 0.25
      vertex 20.825 -89.5 -3
      vertex 20.825 -89.5 0.25
    endloop
  endfacet
  facet normal 0.99787 -0.0652336 -4.07088e-20
    outer loop
      vertex 20.825 -89.5 -3
      vertex 20.8122 -89.6958 0.25
      vertex 20.8122 -89.6958 -3
    endloop
  endfacet
  facet normal 0.980757 0.195234 -1.07764e-19
    outer loop
      vertex 20.8122 -74.3042 0.25
      vertex 20.7739 -74.1118 -3
      vertex 20.7739 -74.1118 0.25
    endloop
  endfacet
  facet normal 0.980757 0.195234 -1.07764e-19
    outer loop
      vertex 20.7739 -74.1118 -3
      vertex 20.8122 -74.3042 0.25
      vertex 20.8122 -74.3042 -3
    endloop
  endfacet
  facet normal -0.946885 0.321574 5.42888e-20
    outer loop
      vertex -62.9489 19.7132 -3
      vertex -62.8858 19.899 0.25
      vertex -62.8858 19.899 -3
    endloop
  endfacet
  facet normal -0.946885 0.321574 5.42888e-20
    outer loop
      vertex -62.8858 19.899 0.25
      vertex -62.9489 19.7132 -3
      vertex -62.9489 19.7132 0.25
    endloop
  endfacet
  facet normal 0.89686 0.442315 9.0704e-19
    outer loop
      vertex -45.1142 19.899 0.25
      vertex -45.201 20.075 -3
      vertex -45.201 20.075 0.25
    endloop
  endfacet
  facet normal 0.89686 0.442315 9.0704e-19
    outer loop
      vertex -45.201 20.075 -3
      vertex -45.1142 19.899 0.25
      vertex -45.1142 19.899 -3
    endloop
  endfacet
  facet normal 0.99787 0.0652336 -5.6132e-20
    outer loop
      vertex -45 19.325 0.25
      vertex -45.0128 19.5208 -3
      vertex -45.0128 19.5208 0.25
    endloop
  endfacet
  facet normal 0.99787 0.0652336 -5.6132e-20
    outer loop
      vertex -45.0128 19.5208 -3
      vertex -45 19.325 0.25
      vertex -45 19.325 -3
    endloop
  endfacet
  facet normal -1 0 0
    outer loop
      vertex -63 19.325 -3
      vertex -63 1 0
      vertex -63 19.325 0.25
    endloop
  endfacet
  facet normal -1 0 0
    outer loop
      vertex -63 0.325 -3
      vertex -63 1 0
      vertex -63 19.325 -3
    endloop
  endfacet
  facet normal -1 -0 0
    outer loop
      vertex -63 1 0
      vertex -63 0.325 -3
      vertex -63 0.325 0
    endloop
  endfacet
  facet normal -1 -0 0
    outer loop
      vertex -63 19.325 0.25
      vertex -63 1 0
      vertex -63 1 0.25
    endloop
  endfacet
  facet normal 0.946885 0.321574 -5.42888e-20
    outer loop
      vertex -45.0511 19.7132 0.25
      vertex -45.1142 19.899 -3
      vertex -45.1142 19.899 0.25
    endloop
  endfacet
  facet normal 0.946885 0.321574 -5.42888e-20
    outer loop
      vertex -45.1142 19.899 -3
      vertex -45.0511 19.7132 0.25
      vertex -45.0511 19.7132 -3
    endloop
  endfacet
  facet normal 0.442315 0.89686 -0
    outer loop
      vertex -45.75 20.624 -3
      vertex -45.926 20.7108 0.25
      vertex -45.75 20.624 0.25
    endloop
  endfacet
  facet normal 0.442315 0.89686 0
    outer loop
      vertex -45.926 20.7108 0.25
      vertex -45.75 20.624 -3
      vertex -45.926 20.7108 -3
    endloop
  endfacet
  facet normal -0.658937 0.752198 0
    outer loop
      vertex -62.4131 20.515 -3
      vertex -62.5607 20.3857 0.25
      vertex -62.4131 20.515 0.25
    endloop
  endfacet
  facet normal -0.658937 0.752198 0
    outer loop
      vertex -62.5607 20.3857 0.25
      vertex -62.4131 20.515 -3
      vertex -62.5607 20.3857 -3
    endloop
  endfacet
  facet normal -0.0653858 -0.99786 0
    outer loop
      vertex -61.6958 -1.16217 -3
      vertex -61.5 -1.175 0
      vertex -61.6958 -1.16217 0
    endloop
  endfacet
  facet normal -0.0653858 -0.99786 -0
    outer loop
      vertex -61.5 -1.175 0
      vertex -61.6958 -1.16217 -3
      vertex -61.5 -1.175 -3
    endloop
  endfacet
  facet normal 0.980757 0.195234 2.27443e-19
    outer loop
      vertex -45.0128 19.5208 0.25
      vertex -45.0511 19.7132 -3
      vertex -45.0511 19.7132 0.25
    endloop
  endfacet
  facet normal 0.980757 0.195234 2.27443e-19
    outer loop
      vertex -45.0511 19.7132 -3
      vertex -45.0128 19.5208 0.25
      vertex -45.0128 19.5208 -3
    endloop
  endfacet
  facet normal 0.752198 0.658937 -1.42709e-18
    outer loop
      vertex -45.31 20.2381 0.25
      vertex -45.4393 20.3857 -3
      vertex -45.4393 20.3857 0.25
    endloop
  endfacet
  facet normal 0.752198 0.658937 -1.42709e-18
    outer loop
      vertex -45.4393 20.3857 -3
      vertex -45.31 20.2381 0.25
      vertex -45.31 20.2381 -3
    endloop
  endfacet
  facet normal -0.0652336 0.99787 0
    outer loop
      vertex -61.5 20.825 -3
      vertex -61.6958 20.8122 0.25
      vertex -61.5 20.825 0.25
    endloop
  endfacet
  facet normal -0.0652336 0.99787 0
    outer loop
      vertex -61.6958 20.8122 0.25
      vertex -61.5 20.825 -3
      vertex -61.6958 20.8122 -3
    endloop
  endfacet
  facet normal 1 0 0
    outer loop
      vertex -45 1 0
      vertex -45 19.325 0.25
      vertex -45 1 0.25
    endloop
  endfacet
  facet normal 1 0 0
    outer loop
      vertex -45 19.325 0.25
      vertex -45 1 0
      vertex -45 19.325 -3
    endloop
  endfacet
  facet normal 1 0 0
    outer loop
      vertex -45 0.325 -3
      vertex -45 1 0
      vertex -45 0.325 0
    endloop
  endfacet
  facet normal 1 0 0
    outer loop
      vertex -45 1 0
      vertex -45 0.325 -3
      vertex -45 19.325 -3
    endloop
  endfacet
  facet normal 0 -1 0
    outer loop
      vertex -61.5 -1.175 -3
      vertex -50.5 -1.175 0
      vertex -61.5 -1.175 0
    endloop
  endfacet
  facet normal 0 -1 -0
    outer loop
      vertex -50.5 -1.175 0
      vertex -61.5 -1.175 -3
      vertex -50.5 -1.175 -3
    endloop
  endfacet
  facet normal 0.980764 -0.195196 4.55151e-19
    outer loop
      vertex -45.0511 -0.0632277 0.25
      vertex -45.0128 0.129211 -3
      vertex -45.0128 0.129211 0.25
    endloop
  endfacet
  facet normal 0.980764 -0.195196 4.55151e-19
    outer loop
      vertex -45.0128 0.129211 -3
      vertex -45.0511 -0.0632277 0.25
      vertex -45.0511 -0.0632277 -3
    endloop
  endfacet
  facet normal -0.321437 -0.946931 0
    outer loop
      vertex -62.074 -1.06082 -3
      vertex -61.8882 -1.12389 0
      vertex -62.074 -1.06082 0
    endloop
  endfacet
  facet normal -0.321437 -0.946931 -0
    outer loop
      vertex -61.8882 -1.12389 0
      vertex -62.074 -1.06082 -3
      vertex -61.8882 -1.12389 -3
    endloop
  endfacet
  facet normal -0.831487 -0.555544 -2.71117e-18
    outer loop
      vertex -62.69 -0.58814 -3
      vertex -62.799 -0.424999 0
      vertex -62.799 -0.424999 -3
    endloop
  endfacet
  facet normal -0.831487 -0.555544 -2.71117e-18
    outer loop
      vertex -62.799 -0.424999 0
      vertex -62.69 -0.58814 -3
      vertex -62.69 -0.58814 0
    endloop
  endfacet
  facet normal -0.442315 0.89686 0
    outer loop
      vertex -62.074 20.7108 -3
      vertex -62.25 20.624 0.25
      vertex -62.074 20.7108 0.25
    endloop
  endfacet
  facet normal -0.442315 0.89686 0
    outer loop
      vertex -62.25 20.624 0.25
      vertex -62.074 20.7108 -3
      vertex -62.25 20.624 -3
    endloop
  endfacet
  facet normal 0.896836 -0.442363 7.35728e-19
    outer loop
      vertex -45.201 -0.424999 0
      vertex -45.1142 -0.249023 -3
      vertex -45.1142 -0.249023 0
    endloop
  endfacet
  facet normal 0.896836 -0.442363 7.35728e-19
    outer loop
      vertex -45.1142 -0.249023 -3
      vertex -45.201 -0.424999 0
      vertex -45.201 -0.424999 -3
    endloop
  endfacet
  facet normal 0 1 -0
    outer loop
      vertex -46.5 20.825 -3
      vertex -61.5 20.825 0.25
      vertex -46.5 20.825 0.25
    endloop
  endfacet
  facet normal 0 1 0
    outer loop
      vertex -61.5 20.825 0.25
      vertex -46.5 20.825 -3
      vertex -61.5 20.825 -3
    endloop
  endfacet
  facet normal 0.831422 0.555641 1.26717e-18
    outer loop
      vertex -45.201 20.075 0.25
      vertex -45.31 20.2381 -3
      vertex -45.31 20.2381 0.25
    endloop
  endfacet
  facet normal 0.831422 0.555641 1.26717e-18
    outer loop
      vertex -45.31 20.2381 -3
      vertex -45.201 20.075 0.25
      vertex -45.201 20.075 -3
    endloop
  endfacet
  facet normal -0.946779 -0.321886 0
    outer loop
      vertex -62.9489 -0.0632277 -3
      vertex -62.9109 -0.174999 0
      vertex -62.9489 -0.0632277 0.25
    endloop
  endfacet
  facet normal -0.946882 -0.321581 1.266e-05
    outer loop
      vertex -62.8858 -0.249023 -3
      vertex -62.9109 -0.174999 0
      vertex -62.9489 -0.0632277 -3
    endloop
  endfacet
  facet normal -0.947038 -0.321121 -1.90506e-19
    outer loop
      vertex -62.9109 -0.174999 0
      vertex -62.8858 -0.249023 -3
      vertex -62.8858 -0.249023 0
    endloop
  endfacet
  facet normal -0.946779 -0.321886 5.58552e-18
    outer loop
      vertex -62.9489 -0.0632277 0.25
      vertex -62.9109 -0.174999 0
      vertex -62.9109 -0.174999 0.25
    endloop
  endfacet
  facet normal 0.658937 0.752198 -0
    outer loop
      vertex -45.4393 20.3857 -3
      vertex -45.5869 20.515 0.25
      vertex -45.4393 20.3857 0.25
    endloop
  endfacet
  facet normal 0.658937 0.752198 0
    outer loop
      vertex -45.5869 20.515 0.25
      vertex -45.4393 20.3857 -3
      vertex -45.5869 20.515 -3
    endloop
  endfacet
  facet normal 0.99786 -0.0653792 0
    outer loop
      vertex -45.0098 0.174999 0.25
      vertex -45.0128 0.129211 0.25
      vertex -45.0098 0.174999 0
    endloop
  endfacet
  facet normal 0.997873 -0.0651939 1.44706e-20
    outer loop
      vertex -45.0098 0.174999 0
      vertex -45 0.325 -3
      vertex -45 0.325 0
    endloop
  endfacet
  facet normal 0.99786 -0.0653792 0
    outer loop
      vertex -45.0128 0.129211 -3
      vertex -45.0098 0.174999 0
      vertex -45.0128 0.129211 0.25
    endloop
  endfacet
  facet normal 0.99787 -0.0652372 -2.17559e-06
    outer loop
      vertex -45.0098 0.174999 0
      vertex -45.0128 0.129211 -3
      vertex -45 0.325 -3
    endloop
  endfacet
  facet normal -0.831422 0.555641 -1.26717e-18
    outer loop
      vertex -62.799 20.075 -3
      vertex -62.69 20.2381 0.25
      vertex -62.69 20.2381 -3
    endloop
  endfacet
  facet normal -0.831422 0.555641 -1.26717e-18
    outer loop
      vertex -62.69 20.2381 0.25
      vertex -62.799 20.075 -3
      vertex -62.799 20.075 0.25
    endloop
  endfacet
  facet normal 0.321574 0.946885 -0
    outer loop
      vertex -45.926 20.7108 -3
      vertex -46.1118 20.7739 0.25
      vertex -45.926 20.7108 0.25
    endloop
  endfacet
  facet normal 0.321574 0.946885 0
    outer loop
      vertex -46.1118 20.7739 0.25
      vertex -45.926 20.7108 -3
      vertex -46.1118 20.7739 -3
    endloop
  endfacet
  facet normal 0.831487 -0.555544 2.71117e-18
    outer loop
      vertex -45.31 -0.58814 0
      vertex -45.201 -0.424999 -3
      vertex -45.201 -0.424999 0
    endloop
  endfacet
  facet normal 0.831487 -0.555544 2.71117e-18
    outer loop
      vertex -45.201 -0.424999 -3
      vertex -45.31 -0.58814 0
      vertex -45.31 -0.58814 -3
    endloop
  endfacet
  facet normal 0.946779 -0.321886 0
    outer loop
      vertex -45.0891 -0.174999 0
      vertex -45.0511 -0.0632277 0.25
      vertex -45.0891 -0.174999 0.25
    endloop
  endfacet
  facet normal 0.946779 -0.321886 0
    outer loop
      vertex -45.0511 -0.0632277 0.25
      vertex -45.0891 -0.174999 0
      vertex -45.0511 -0.0632277 -3
    endloop
  endfacet
  facet normal 0.947038 -0.321121 0
    outer loop
      vertex -45.1142 -0.249023 -3
      vertex -45.0891 -0.174999 0
      vertex -45.1142 -0.249023 0
    endloop
  endfacet
  facet normal 0.946882 -0.321581 1.266e-05
    outer loop
      vertex -45.0891 -0.174999 0
      vertex -45.1142 -0.249023 -3
      vertex -45.0511 -0.0632277 -3
    endloop
  endfacet
  facet normal 0.752018 -0.659142 -1.27664e-18
    outer loop
      vertex -45.4393 -0.735659 0
      vertex -45.31 -0.58814 -3
      vertex -45.31 -0.58814 0
    endloop
  endfacet
  facet normal 0.752018 -0.659142 -1.27664e-18
    outer loop
      vertex -45.31 -0.58814 -3
      vertex -45.4393 -0.735659 0
      vertex -45.4393 -0.735659 -3
    endloop
  endfacet
  facet normal 0.555641 0.831422 -0
    outer loop
      vertex -45.5869 20.515 -3
      vertex -45.75 20.624 0.25
      vertex -45.5869 20.515 0.25
    endloop
  endfacet
  facet normal 0.555641 0.831422 0
    outer loop
      vertex -45.75 20.624 0.25
      vertex -45.5869 20.515 -3
      vertex -45.75 20.624 -3
    endloop
  endfacet
  facet normal -0.321574 0.946885 0
    outer loop
      vertex -61.8882 20.7739 -3
      vertex -62.074 20.7108 0.25
      vertex -61.8882 20.7739 0.25
    endloop
  endfacet
  facet normal -0.321574 0.946885 0
    outer loop
      vertex -62.074 20.7108 0.25
      vertex -61.8882 20.7739 -3
      vertex -62.074 20.7108 -3
    endloop
  endfacet
  facet normal 0 0 1
    outer loop
      vertex -46.5 20.825 0.25
      vertex -45 19.325 0.25
      vertex -45.0128 19.5208 0.25
    endloop
  endfacet
  facet normal 0 0 1
    outer loop
      vertex -46.5 20.825 0.25
      vertex -45.0128 19.5208 0.25
      vertex -45.0511 19.7132 0.25
    endloop
  endfacet
  facet normal 0 0 1
    outer loop
      vertex -46.5 20.825 0.25
      vertex -45.0511 19.7132 0.25
      vertex -45.1142 19.899 0.25
    endloop
  endfacet
  facet normal 0 0 1
    outer loop
      vertex -46.5 20.825 0.25
      vertex -45.1142 19.899 0.25
      vertex -45.201 20.075 0.25
    endloop
  endfacet
  facet normal 0 0 1
    outer loop
      vertex -46.5 20.825 0.25
      vertex -45.201 20.075 0.25
      vertex -45.31 20.2381 0.25
    endloop
  endfacet
  facet normal 0 0 1
    outer loop
      vertex -46.5 20.825 0.25
      vertex -45.31 20.2381 0.25
      vertex -45.4393 20.3857 0.25
    endloop
  endfacet
  facet normal 0 0 1
    outer loop
      vertex -46.5 20.825 0.25
      vertex -45.4393 20.3857 0.25
      vertex -45.5869 20.515 0.25
    endloop
  endfacet
  facet normal 0 0 1
    outer loop
      vertex -46.5 20.825 0.25
      vertex -45.5869 20.515 0.25
      vertex -45.75 20.624 0.25
    endloop
  endfacet
  facet normal 0 0 1
    outer loop
      vertex -46.5 20.825 0.25
      vertex -45.75 20.624 0.25
      vertex -45.926 20.7108 0.25
    endloop
  endfacet
  facet normal 0 0 1
    outer loop
      vertex -46.5 20.825 0.25
      vertex -45.926 20.7108 0.25
      vertex -46.1118 20.7739 0.25
    endloop
  endfacet
  facet normal 0 0 1
    outer loop
      vertex -46.5 20.825 0.25
      vertex -46.1118 20.7739 0.25
      vertex -46.3042 20.8122 0.25
    endloop
  endfacet
  facet normal 0 0 1
    outer loop
      vertex -45 19.325 0.25
      vertex -46.5 20.825 0.25
      vertex -63 19.325 0.25
    endloop
  endfacet
  facet normal 0 0 1
    outer loop
      vertex -63 19.325 0.25
      vertex -46.5 20.825 0.25
      vertex -61.5 20.825 0.25
    endloop
  endfacet
  facet normal 0 0 1
    outer loop
      vertex -63 19.325 0.25
      vertex -61.5 20.825 0.25
      vertex -61.6958 20.8122 0.25
    endloop
  endfacet
  facet normal 0 0 1
    outer loop
      vertex -63 19.325 0.25
      vertex -61.6958 20.8122 0.25
      vertex -61.8882 20.7739 0.25
    endloop
  endfacet
  facet normal 0 0 1
    outer loop
      vertex -63 19.325 0.25
      vertex -61.8882 20.7739 0.25
      vertex -62.074 20.7108 0.25
    endloop
  endfacet
  facet normal 0 0 1
    outer loop
      vertex -63 19.325 0.25
      vertex -62.074 20.7108 0.25
      vertex -62.25 20.624 0.25
    endloop
  endfacet
  facet normal 0 0 1
    outer loop
      vertex -63 19.325 0.25
      vertex -62.25 20.624 0.25
      vertex -62.4131 20.515 0.25
    endloop
  endfacet
  facet normal 0 0 1
    outer loop
      vertex -63 19.325 0.25
      vertex -62.4131 20.515 0.25
      vertex -62.5607 20.3857 0.25
    endloop
  endfacet
  facet normal 0 0 1
    outer loop
      vertex -63 19.325 0.25
      vertex -62.5607 20.3857 0.25
      vertex -62.69 20.2381 0.25
    endloop
  endfacet
  facet normal 0 0 1
    outer loop
      vertex -63 19.325 0.25
      vertex -62.69 20.2381 0.25
      vertex -62.799 20.075 0.25
    endloop
  endfacet
  facet normal 0 0 1
    outer loop
      vertex -63 19.325 0.25
      vertex -62.799 20.075 0.25
      vertex -62.8858 19.899 0.25
    endloop
  endfacet
  facet normal 0 0 1
    outer loop
      vertex -63 19.325 0.25
      vertex -62.8858 19.899 0.25
      vertex -62.9489 19.7132 0.25
    endloop
  endfacet
  facet normal 0 0 1
    outer loop
      vertex -63 19.325 0.25
      vertex -62.9489 19.7132 0.25
      vertex -62.9872 19.5208 0.25
    endloop
  endfacet
  facet normal 0 0 1
    outer loop
      vertex -45 19.325 0.25
      vertex -63 19.325 0.25
      vertex -45 1 0.25
    endloop
  endfacet
  facet normal 0 0 1
    outer loop
      vertex -45 1 0.25
      vertex -63 19.325 0.25
      vertex -63 1 0.25
    endloop
  endfacet
  facet normal 0 0 1
    outer loop
      vertex -45.0098 0.174999 0.25
      vertex -45.0511 -0.0632277 0.25
      vertex -45.0128 0.129211 0.25
    endloop
  endfacet
  facet normal 0 0 1
    outer loop
      vertex -45.0098 0.174999 0.25
      vertex -45.0891 -0.174999 0.25
      vertex -45.0511 -0.0632277 0.25
    endloop
  endfacet
  facet normal 0 0 1
    outer loop
      vertex -45.0098 0.174999 0.25
      vertex -62.9109 -0.174999 0.25
      vertex -45.0891 -0.174999 0.25
    endloop
  endfacet
  facet normal -0 0 1
    outer loop
      vertex -62.9902 0.174999 0.25
      vertex -62.9109 -0.174999 0.25
      vertex -45.0098 0.174999 0.25
    endloop
  endfacet
  facet normal 0 0 1
    outer loop
      vertex -62.9109 -0.174999 0.25
      vertex -62.9902 0.174999 0.25
      vertex -62.9489 -0.0632277 0.25
    endloop
  endfacet
  facet normal 0 0 1
    outer loop
      vertex -62.9489 -0.0632277 0.25
      vertex -62.9902 0.174999 0.25
      vertex -62.9872 0.129211 0.25
    endloop
  endfacet
  facet normal -0.659136 -0.752023 0
    outer loop
      vertex -62.5607 -0.735659 -3
      vertex -62.4131 -0.865028 0
      vertex -62.5607 -0.735659 0
    endloop
  endfacet
  facet normal -0.659136 -0.752023 -0
    outer loop
      vertex -62.4131 -0.865028 0
      vertex -62.5607 -0.735659 -3
      vertex -62.4131 -0.865028 -3
    endloop
  endfacet
  facet normal -0.442245 -0.896894 0
    outer loop
      vertex -62.25 -0.974037 -3
      vertex -62.074 -1.06082 0
      vertex -62.25 -0.974037 0
    endloop
  endfacet
  facet normal -0.442245 -0.896894 -0
    outer loop
      vertex -62.074 -1.06082 0
      vertex -62.25 -0.974037 -3
      vertex -62.074 -1.06082 -3
    endloop
  endfacet
  facet normal -0.896836 -0.442363 -7.35728e-19
    outer loop
      vertex -62.799 -0.424999 -3
      vertex -62.8858 -0.249023 0
      vertex -62.8858 -0.249023 -3
    endloop
  endfacet
  facet normal -0.896836 -0.442363 -7.35728e-19
    outer loop
      vertex -62.8858 -0.249023 0
      vertex -62.799 -0.424999 -3
      vertex -62.799 -0.424999 0
    endloop
  endfacet
  facet normal -0.752018 -0.659142 1.27664e-18
    outer loop
      vertex -62.5607 -0.735659 -3
      vertex -62.69 -0.58814 0
      vertex -62.69 -0.58814 -3
    endloop
  endfacet
  facet normal -0.752018 -0.659142 1.27664e-18
    outer loop
      vertex -62.69 -0.58814 0
      vertex -62.5607 -0.735659 -3
      vertex -62.5607 -0.735659 0
    endloop
  endfacet
  facet normal -0.752198 0.658937 1.42709e-18
    outer loop
      vertex -62.69 20.2381 -3
      vertex -62.5607 20.3857 0.25
      vertex -62.5607 20.3857 -3
    endloop
  endfacet
  facet normal -0.752198 0.658937 1.42709e-18
    outer loop
      vertex -62.5607 20.3857 0.25
      vertex -62.69 20.2381 -3
      vertex -62.69 20.2381 0.25
    endloop
  endfacet
  facet normal -0.980764 -0.195196 -4.55151e-19
    outer loop
      vertex -62.9489 -0.0632277 -3
      vertex -62.9872 0.129211 0.25
      vertex -62.9872 0.129211 -3
    endloop
  endfacet
  facet normal -0.980764 -0.195196 -4.55151e-19
    outer loop
      vertex -62.9872 0.129211 0.25
      vertex -62.9489 -0.0632277 -3
      vertex -62.9489 -0.0632277 0.25
    endloop
  endfacet
  facet normal -0.195234 0.980757 0
    outer loop
      vertex -61.6958 20.8122 -3
      vertex -61.8882 20.7739 0.25
      vertex -61.6958 20.8122 0.25
    endloop
  endfacet
  facet normal -0.195234 0.980757 0
    outer loop
      vertex -61.8882 20.7739 0.25
      vertex -61.6958 20.8122 -3
      vertex -61.8882 20.7739 -3
    endloop
  endfacet
  facet normal -0.555641 0.831422 0
    outer loop
      vertex -62.25 20.624 -3
      vertex -62.4131 20.515 0.25
      vertex -62.25 20.624 0.25
    endloop
  endfacet
  facet normal -0.555641 0.831422 0
    outer loop
      vertex -62.4131 20.515 0.25
      vertex -62.25 20.624 -3
      vertex -62.4131 20.515 -3
    endloop
  endfacet
  facet normal 0.65909 -0.752064 0
    outer loop
      vertex -45.5 -0.788855 -3
      vertex -45.4393 -0.735659 0
      vertex -45.5 -0.788855 0
    endloop
  endfacet
  facet normal 0.65909 -0.752064 0
    outer loop
      vertex -45.4393 -0.735659 0
      vertex -45.5 -0.788855 -3
      vertex -45.4393 -0.735659 -3
    endloop
  endfacet
  facet normal -0.555673 -0.831401 0
    outer loop
      vertex -62.4131 -0.865028 -3
      vertex -62.25 -0.974037 0
      vertex -62.4131 -0.865028 0
    endloop
  endfacet
  facet normal -0.555673 -0.831401 -0
    outer loop
      vertex -62.25 -0.974037 0
      vertex -62.4131 -0.865028 -3
      vertex -62.25 -0.974037 -3
    endloop
  endfacet
  facet normal -0.997873 -0.0651939 0
    outer loop
      vertex -63 0.325 -3
      vertex -62.9902 0.174999 0
      vertex -63 0.325 0
    endloop
  endfacet
  facet normal -0.99787 -0.0652372 -2.17559e-06
    outer loop
      vertex -62.9872 0.129211 -3
      vertex -62.9902 0.174999 0
      vertex -63 0.325 -3
    endloop
  endfacet
  facet normal -0.99786 -0.0653792 -0
    outer loop
      vertex -62.9872 0.129211 0.25
      vertex -62.9902 0.174999 0
      vertex -62.9872 0.129211 -3
    endloop
  endfacet
  facet normal -0.99786 -0.0653792 0
    outer loop
      vertex -62.9902 0.174999 0
      vertex -62.9872 0.129211 0.25
      vertex -62.9902 0.174999 0.25
    endloop
  endfacet
  facet normal -0.89686 0.442315 -9.0704e-19
    outer loop
      vertex -62.8858 19.899 -3
      vertex -62.799 20.075 0.25
      vertex -62.799 20.075 -3
    endloop
  endfacet
  facet normal -0.89686 0.442315 -9.0704e-19
    outer loop
      vertex -62.799 20.075 0.25
      vertex -62.8858 19.899 -3
      vertex -62.8858 19.899 0.25
    endloop
  endfacet
  facet normal -0.195136 -0.980776 0
    outer loop
      vertex -61.8882 -1.12389 -3
      vertex -61.6958 -1.16217 0
      vertex -61.8882 -1.12389 0
    endloop
  endfacet
  facet normal -0.195136 -0.980776 -0
    outer loop
      vertex -61.6958 -1.16217 0
      vertex -61.8882 -1.12389 -3
      vertex -61.6958 -1.16217 -3
    endloop
  endfacet
  facet normal 0.195234 0.980757 -0
    outer loop
      vertex -46.1118 20.7739 -3
      vertex -46.3042 20.8122 0.25
      vertex -46.1118 20.7739 0.25
    endloop
  endfacet
  facet normal 0.195234 0.980757 0
    outer loop
      vertex -46.3042 20.8122 0.25
      vertex -46.1118 20.7739 -3
      vertex -46.3042 20.8122 -3
    endloop
  endfacet
  facet normal 0.0652336 0.99787 -0
    outer loop
      vertex -46.3042 20.8122 -3
      vertex -46.5 20.825 0.25
      vertex -46.3042 20.8122 0.25
    endloop
  endfacet
  facet normal 0.0652336 0.99787 0
    outer loop
      vertex -46.5 20.825 0.25
      vertex -46.3042 20.8122 -3
      vertex -46.5 20.825 -3
    endloop
  endfacet
  facet normal -0.99787 0.0652336 5.6132e-20
    outer loop
      vertex -63 19.325 -3
      vertex -62.9872 19.5208 0.25
      vertex -62.9872 19.5208 -3
    endloop
  endfacet
  facet normal -0.99787 0.0652336 5.6132e-20
    outer loop
      vertex -62.9872 19.5208 0.25
      vertex -63 19.325 -3
      vertex -63 19.325 0.25
    endloop
  endfacet
  facet normal -0.980757 0.195234 -2.27443e-19
    outer loop
      vertex -62.9872 19.5208 -3
      vertex -62.9489 19.7132 0.25
      vertex -62.9489 19.7132 -3
    endloop
  endfacet
  facet normal -0.980757 0.195234 -2.27443e-19
    outer loop
      vertex -62.9489 19.7132 0.25
      vertex -62.9872 19.5208 -3
      vertex -62.9872 19.5208 0.25
    endloop
  endfacet
  facet normal -0.94704 0.321117 -3.58131e-19
    outer loop
      vertex -118.949 19.7132 -3
      vertex -118.886 19.899 0.25
      vertex -118.886 19.899 -3
    endloop
  endfacet
  facet normal -0.94704 0.321117 -3.58131e-19
    outer loop
      vertex -118.886 19.899 0.25
      vertex -118.949 19.7132 -3
      vertex -118.949 19.7132 0.25
    endloop
  endfacet
  facet normal 0.896455 0.443134 2.61692e-19
    outer loop
      vertex -101.114 19.899 0.25
      vertex -101.201 20.075 -3
      vertex -101.201 20.075 0.25
    endloop
  endfacet
  facet normal 0.896455 0.443134 2.61692e-19
    outer loop
      vertex -101.201 20.075 -3
      vertex -101.114 19.899 0.25
      vertex -101.114 19.899 -3
    endloop
  endfacet
  facet normal 0.997803 0.0662484 1.42409e-19
    outer loop
      vertex -101 19.325 0.25
      vertex -101.013 19.5208 -3
      vertex -101.013 19.5208 0.25
    endloop
  endfacet
  facet normal 0.997803 0.0662484 1.42409e-19
    outer loop
      vertex -101.013 19.5208 -3
      vertex -101 19.325 0.25
      vertex -101 19.325 -3
    endloop
  endfacet
  facet normal -1 0 0
    outer loop
      vertex -119 19.325 -3
      vertex -119 1 0
      vertex -119 19.325 0.25
    endloop
  endfacet
  facet normal -1 0 0
    outer loop
      vertex -119 0.325 -3
      vertex -119 1 0
      vertex -119 19.325 -3
    endloop
  endfacet
  facet normal -1 -0 0
    outer loop
      vertex -119 1 0
      vertex -119 0.325 -3
      vertex -119 0.325 0
    endloop
  endfacet
  facet normal -1 -0 0
    outer loop
      vertex -119 19.325 0.25
      vertex -119 1 0
      vertex -119 1 0.25
    endloop
  endfacet
  facet normal 0.94704 0.321117 3.58131e-19
    outer loop
      vertex -101.051 19.7132 0.25
      vertex -101.114 19.899 -3
      vertex -101.114 19.899 0.25
    endloop
  endfacet
  facet normal 0.94704 0.321117 3.58131e-19
    outer loop
      vertex -101.114 19.899 -3
      vertex -101.051 19.7132 0.25
      vertex -101.051 19.7132 -3
    endloop
  endfacet
  facet normal 0.442315 0.89686 -0
    outer loop
      vertex -101.75 20.624 -3
      vertex -101.926 20.7108 0.25
      vertex -101.75 20.624 0.25
    endloop
  endfacet
  facet normal 0.442315 0.89686 0
    outer loop
      vertex -101.926 20.7108 0.25
      vertex -101.75 20.624 -3
      vertex -101.926 20.7108 -3
    endloop
  endfacet
  facet normal -0.0653194 -0.997864 0
    outer loop
      vertex -117.696 -1.16217 -3
      vertex -117.5 -1.175 0
      vertex -117.696 -1.16217 0
    endloop
  endfacet
  facet normal -0.0653194 -0.997864 -0
    outer loop
      vertex -117.5 -1.175 0
      vertex -117.696 -1.16217 -3
      vertex -117.5 -1.175 -3
    endloop
  endfacet
  facet normal 0.981049 0.193762 1.21564e-19
    outer loop
      vertex -101.013 19.5208 0.25
      vertex -101.051 19.7132 -3
      vertex -101.051 19.7132 0.25
    endloop
  endfacet
  facet normal 0.981049 0.193762 1.21564e-19
    outer loop
      vertex -101.051 19.7132 -3
      vertex -101.013 19.5208 0.25
      vertex -101.013 19.5208 -3
    endloop
  endfacet
  facet normal 0.752956 0.658071 1.4685e-18
    outer loop
      vertex -101.31 20.2381 0.25
      vertex -101.439 20.3857 -3
      vertex -101.439 20.3857 0.25
    endloop
  endfacet
  facet normal 0.752956 0.658071 1.4685e-18
    outer loop
      vertex -101.439 20.3857 -3
      vertex -101.31 20.2381 0.25
      vertex -101.31 20.2381 -3
    endloop
  endfacet
  facet normal -0.0651673 0.997874 0
    outer loop
      vertex -117.5 20.825 -3
      vertex -117.696 20.8122 0.25
      vertex -117.5 20.825 0.25
    endloop
  endfacet
  facet normal -0.0651673 0.997874 0
    outer loop
      vertex -117.696 20.8122 0.25
      vertex -117.5 20.825 -3
      vertex -117.696 20.8122 -3
    endloop
  endfacet
  facet normal 1 0 0
    outer loop
      vertex -101 1 0
      vertex -101 19.325 0.25
      vertex -101 1 0.25
    endloop
  endfacet
  facet normal 1 0 0
    outer loop
      vertex -101 19.325 0.25
      vertex -101 1 0
      vertex -101 19.325 -3
    endloop
  endfacet
  facet normal 1 0 0
    outer loop
      vertex -101 0.325 -3
      vertex -101 1 0
      vertex -101 0.325 0
    endloop
  endfacet
  facet normal 1 0 0
    outer loop
      vertex -101 1 0
      vertex -101 0.325 -3
      vertex -101 19.325 -3
    endloop
  endfacet
  facet normal 0.195527 -0.980698 0
    outer loop
      vertex -102.304 -1.16217 -3
      vertex -102.112 -1.12389 0
      vertex -102.304 -1.16217 0
    endloop
  endfacet
  facet normal 0.195527 -0.980698 0
    outer loop
      vertex -102.112 -1.12389 0
      vertex -102.304 -1.16217 -3
      vertex -102.112 -1.12389 -3
    endloop
  endfacet
  facet normal 0 -1 0
    outer loop
      vertex -117.5 -1.175 -3
      vertex -114.5 -1.175 0
      vertex -117.5 -1.175 0
    endloop
  endfacet
  facet normal 0 -1 -0
    outer loop
      vertex -114.5 -1.175 0
      vertex -117.5 -1.175 -3
      vertex -114.5 -1.175 -3
    endloop
  endfacet
  facet normal 0 -1 0
    outer loop
      vertex -109.5 -1.175 -3
      vertex -102.5 -1.175 0
      vertex -109.5 -1.175 0
    endloop
  endfacet
  facet normal 0 -1 -0
    outer loop
      vertex -102.5 -1.175 0
      vertex -109.5 -1.175 -3
      vertex -102.5 -1.175 -3
    endloop
  endfacet
  facet normal 0.981056 -0.193725 -6.26448e-19
    outer loop
      vertex -101.051 -0.0632277 0.25
      vertex -101.013 0.129211 -3
      vertex -101.013 0.129211 0.25
    endloop
  endfacet
  facet normal 0.981056 -0.193725 -6.26448e-19
    outer loop
      vertex -101.013 0.129211 -3
      vertex -101.051 -0.0632277 0.25
      vertex -101.051 -0.0632277 -3
    endloop
  endfacet
  facet normal -0.321127 -0.947036 0
    outer loop
      vertex -118.074 -1.06082 -3
      vertex -117.888 -1.12389 0
      vertex -118.074 -1.06082 0
    endloop
  endfacet
  facet normal -0.321127 -0.947036 -0
    outer loop
      vertex -117.888 -1.12389 0
      vertex -118.074 -1.06082 -3
      vertex -117.888 -1.12389 -3
    endloop
  endfacet
  facet normal -0.195527 -0.980698 0
    outer loop
      vertex -117.888 -1.12389 -3
      vertex -117.696 -1.16217 0
      vertex -117.888 -1.12389 0
    endloop
  endfacet
  facet normal -0.195527 -0.980698 -0
    outer loop
      vertex -117.696 -1.16217 0
      vertex -117.888 -1.12389 -3
      vertex -117.696 -1.16217 -3
    endloop
  endfacet
  facet normal -0.831487 -0.555544 2.51843e-18
    outer loop
      vertex -118.69 -0.58814 -3
      vertex -118.799 -0.424999 0
      vertex -118.799 -0.424999 -3
    endloop
  endfacet
  facet normal -0.831487 -0.555544 2.51843e-18
    outer loop
      vertex -118.799 -0.424999 0
      vertex -118.69 -0.58814 -3
      vertex -118.69 -0.58814 0
    endloop
  endfacet
  facet normal -0.442315 0.89686 0
    outer loop
      vertex -118.074 20.7108 -3
      vertex -118.25 20.624 0.25
      vertex -118.074 20.7108 0.25
    endloop
  endfacet
  facet normal -0.442315 0.89686 0
    outer loop
      vertex -118.25 20.624 0.25
      vertex -118.074 20.7108 -3
      vertex -118.25 20.624 -3
    endloop
  endfacet
  facet normal 0.442245 -0.896894 0
    outer loop
      vertex -101.926 -1.06082 -3
      vertex -101.75 -0.974037 0
      vertex -101.926 -1.06082 0
    endloop
  endfacet
  facet normal 0.442245 -0.896894 0
    outer loop
      vertex -101.75 -0.974037 0
      vertex -101.926 -1.06082 -3
      vertex -101.75 -0.974037 -3
    endloop
  endfacet
  facet normal 0.896431 -0.443183 -5.22139e-19
    outer loop
      vertex -101.201 -0.424999 0
      vertex -101.114 -0.249023 -3
      vertex -101.114 -0.249023 0
    endloop
  endfacet
  facet normal 0.896431 -0.443183 -5.22139e-19
    outer loop
      vertex -101.114 -0.249023 -3
      vertex -101.201 -0.424999 0
      vertex -101.201 -0.424999 -3
    endloop
  endfacet
  facet normal 0 1 -0
    outer loop
      vertex -102.5 20.825 -3
      vertex -117.5 20.825 0.25
      vertex -102.5 20.825 0.25
    endloop
  endfacet
  facet normal 0 1 0
    outer loop
      vertex -117.5 20.825 0.25
      vertex -102.5 20.825 -3
      vertex -117.5 20.825 -3
    endloop
  endfacet
  facet normal 0.831422 0.555641 1.11045e-18
    outer loop
      vertex -101.201 20.075 0.25
      vertex -101.31 20.2381 -3
      vertex -101.31 20.2381 0.25
    endloop
  endfacet
  facet normal 0.831422 0.555641 1.11045e-18
    outer loop
      vertex -101.31 20.2381 -3
      vertex -101.201 20.075 0.25
      vertex -101.201 20.075 -3
    endloop
  endfacet
  facet normal -0.946779 -0.321886 0
    outer loop
      vertex -118.949 -0.0632277 -3
      vertex -118.911 -0.174999 0
      vertex -118.949 -0.0632277 0.25
    endloop
  endfacet
  facet normal -0.947037 -0.321124 3.16528e-05
    outer loop
      vertex -118.886 -0.249023 -3
      vertex -118.911 -0.174999 0
      vertex -118.949 -0.0632277 -3
    endloop
  endfacet
  facet normal -0.947427 -0.319973 -2.72671e-19
    outer loop
      vertex -118.911 -0.174999 0
      vertex -118.886 -0.249023 -3
      vertex -118.886 -0.249023 0
    endloop
  endfacet
  facet normal -0.946779 -0.321886 -5.27386e-18
    outer loop
      vertex -118.949 -0.0632277 0.25
      vertex -118.911 -0.174999 0
      vertex -118.911 -0.174999 0.25
    endloop
  endfacet
  facet normal 0.657928 0.753081 -0
    outer loop
      vertex -101.439 20.3857 -3
      vertex -101.587 20.515 0.25
      vertex -101.439 20.3857 0.25
    endloop
  endfacet
  facet normal 0.657928 0.753081 0
    outer loop
      vertex -101.587 20.515 0.25
      vertex -101.439 20.3857 -3
      vertex -101.587 20.515 -3
    endloop
  endfacet
  facet normal 0.99786 -0.0653792 0
    outer loop
      vertex -101.01 0.174999 0.25
      vertex -101.013 0.129211 0.25
      vertex -101.01 0.174999 0
    endloop
  endfacet
  facet normal 0.997785 -0.0665186 8.05782e-20
    outer loop
      vertex -101.01 0.174999 0
      vertex -101 0.325 -3
      vertex -101 0.325 0
    endloop
  endfacet
  facet normal 0.99786 -0.0653792 0
    outer loop
      vertex -101.013 0.129211 -3
      vertex -101.01 0.174999 0
      vertex -101.013 0.129211 0.25
    endloop
  endfacet
  facet normal 0.997803 -0.0662521 1.33812e-05
    outer loop
      vertex -101.01 0.174999 0
      vertex -101.013 0.129211 -3
      vertex -101 0.325 -3
    endloop
  endfacet
  facet normal 0.321127 -0.947036 0
    outer loop
      vertex -102.112 -1.12389 -3
      vertex -101.926 -1.06082 0
      vertex -102.112 -1.12389 0
    endloop
  endfacet
  facet normal 0.321127 -0.947036 0
    outer loop
      vertex -101.926 -1.06082 0
      vertex -102.112 -1.12389 -3
      vertex -101.926 -1.06082 -3
    endloop
  endfacet
  facet normal -0.831422 0.555641 -1.11045e-18
    outer loop
      vertex -118.799 20.075 -3
      vertex -118.69 20.2381 0.25
      vertex -118.69 20.2381 -3
    endloop
  endfacet
  facet normal -0.831422 0.555641 -1.11045e-18
    outer loop
      vertex -118.69 20.2381 0.25
      vertex -118.799 20.075 -3
      vertex -118.799 20.075 0.25
    endloop
  endfacet
  facet normal 0.321264 0.94699 -0
    outer loop
      vertex -101.926 20.7108 -3
      vertex -102.112 20.7739 0.25
      vertex -101.926 20.7108 0.25
    endloop
  endfacet
  facet normal 0.321264 0.94699 0
    outer loop
      vertex -102.112 20.7739 0.25
      vertex -101.926 20.7108 -3
      vertex -102.112 20.7739 -3
    endloop
  endfacet
  facet normal 0.946779 -0.321886 0
    outer loop
      vertex -101.089 -0.174999 0
      vertex -101.051 -0.0632277 0.25
      vertex -101.089 -0.174999 0.25
    endloop
  endfacet
  facet normal 0.946779 -0.321886 0
    outer loop
      vertex -101.051 -0.0632277 0.25
      vertex -101.089 -0.174999 0
      vertex -101.051 -0.0632277 -3
    endloop
  endfacet
  facet normal 0.947427 -0.319973 0
    outer loop
      vertex -101.114 -0.249023 -3
      vertex -101.089 -0.174999 0
      vertex -101.114 -0.249023 0
    endloop
  endfacet
  facet normal 0.947037 -0.321124 3.16528e-05
    outer loop
      vertex -101.089 -0.174999 0
      vertex -101.114 -0.249023 -3
      vertex -101.051 -0.0632277 -3
    endloop
  endfacet
  facet normal 0.752777 -0.658276 1.65166e-19
    outer loop
      vertex -101.439 -0.735659 0
      vertex -101.31 -0.58814 -3
      vertex -101.31 -0.58814 0
    endloop
  endfacet
  facet normal 0.752777 -0.658276 1.65166e-19
    outer loop
      vertex -101.31 -0.58814 -3
      vertex -101.439 -0.735659 0
      vertex -101.439 -0.735659 -3
    endloop
  endfacet
  facet normal 0.555877 0.831265 -0
    outer loop
      vertex -101.587 20.515 -3
      vertex -101.75 20.624 0.25
      vertex -101.587 20.515 0.25
    endloop
  endfacet
  facet normal 0.555877 0.831265 0
    outer loop
      vertex -101.75 20.624 0.25
      vertex -101.587 20.515 -3
      vertex -101.75 20.624 -3
    endloop
  endfacet
  facet normal -0.321264 0.94699 0
    outer loop
      vertex -117.888 20.7739 -3
      vertex -118.074 20.7108 0.25
      vertex -117.888 20.7739 0.25
    endloop
  endfacet
  facet normal -0.321264 0.94699 0
    outer loop
      vertex -118.074 20.7108 0.25
      vertex -117.888 20.7739 -3
      vertex -118.074 20.7108 -3
    endloop
  endfacet
  facet normal 0.0653194 -0.997864 0
    outer loop
      vertex -102.5 -1.175 -3
      vertex -102.304 -1.16217 0
      vertex -102.5 -1.175 0
    endloop
  endfacet
  facet normal 0.0653194 -0.997864 0
    outer loop
      vertex -102.304 -1.16217 0
      vertex -102.5 -1.175 -3
      vertex -102.304 -1.16217 -3
    endloop
  endfacet
  facet normal 0 0 1
    outer loop
      vertex -102.5 20.825 0.25
      vertex -101 19.325 0.25
      vertex -101.013 19.5208 0.25
    endloop
  endfacet
  facet normal 0 0 1
    outer loop
      vertex -102.5 20.825 0.25
      vertex -101.013 19.5208 0.25
      vertex -101.051 19.7132 0.25
    endloop
  endfacet
  facet normal 0 0 1
    outer loop
      vertex -102.5 20.825 0.25
      vertex -101.051 19.7132 0.25
      vertex -101.114 19.899 0.25
    endloop
  endfacet
  facet normal 0 0 1
    outer loop
      vertex -102.5 20.825 0.25
      vertex -101.114 19.899 0.25
      vertex -101.201 20.075 0.25
    endloop
  endfacet
  facet normal 0 0 1
    outer loop
      vertex -102.5 20.825 0.25
      vertex -101.201 20.075 0.25
      vertex -101.31 20.2381 0.25
    endloop
  endfacet
  facet normal 0 0 1
    outer loop
      vertex -102.5 20.825 0.25
      vertex -101.31 20.2381 0.25
      vertex -101.439 20.3857 0.25
    endloop
  endfacet
  facet normal 0 0 1
    outer loop
      vertex -102.5 20.825 0.25
      vertex -101.439 20.3857 0.25
      vertex -101.587 20.515 0.25
    endloop
  endfacet
  facet normal 0 0 1
    outer loop
      vertex -102.5 20.825 0.25
      vertex -101.587 20.515 0.25
      vertex -101.75 20.624 0.25
    endloop
  endfacet
  facet normal 0 0 1
    outer loop
      vertex -102.5 20.825 0.25
      vertex -101.75 20.624 0.25
      vertex -101.926 20.7108 0.25
    endloop
  endfacet
  facet normal 0 0 1
    outer loop
      vertex -102.5 20.825 0.25
      vertex -101.926 20.7108 0.25
      vertex -102.112 20.7739 0.25
    endloop
  endfacet
  facet normal 0 0 1
    outer loop
      vertex -102.5 20.825 0.25
      vertex -102.112 20.7739 0.25
      vertex -102.304 20.8122 0.25
    endloop
  endfacet
  facet normal 0 0 1
    outer loop
      vertex -101 19.325 0.25
      vertex -102.5 20.825 0.25
      vertex -119 19.325 0.25
    endloop
  endfacet
  facet normal 0 0 1
    outer loop
      vertex -119 19.325 0.25
      vertex -102.5 20.825 0.25
      vertex -117.5 20.825 0.25
    endloop
  endfacet
  facet normal 0 0 1
    outer loop
      vertex -119 19.325 0.25
      vertex -117.5 20.825 0.25
      vertex -117.696 20.8122 0.25
    endloop
  endfacet
  facet normal 0 0 1
    outer loop
      vertex -119 19.325 0.25
      vertex -117.696 20.8122 0.25
      vertex -117.888 20.7739 0.25
    endloop
  endfacet
  facet normal 0 0 1
    outer loop
      vertex -119 19.325 0.25
      vertex -117.888 20.7739 0.25
      vertex -118.074 20.7108 0.25
    endloop
  endfacet
  facet normal 0 0 1
    outer loop
      vertex -119 19.325 0.25
      vertex -118.074 20.7108 0.25
      vertex -118.25 20.624 0.25
    endloop
  endfacet
  facet normal 0 0 1
    outer loop
      vertex -119 19.325 0.25
      vertex -118.25 20.624 0.25
      vertex -118.413 20.515 0.25
    endloop
  endfacet
  facet normal 0 0 1
    outer loop
      vertex -119 19.325 0.25
      vertex -118.413 20.515 0.25
      vertex -118.561 20.3857 0.25
    endloop
  endfacet
  facet normal 0 0 1
    outer loop
      vertex -119 19.325 0.25
      vertex -118.561 20.3857 0.25
      vertex -118.69 20.2381 0.25
    endloop
  endfacet
  facet normal 0 0 1
    outer loop
      vertex -119 19.325 0.25
      vertex -118.69 20.2381 0.25
      vertex -118.799 20.075 0.25
    endloop
  endfacet
  facet normal 0 0 1
    outer loop
      vertex -119 19.325 0.25
      vertex -118.799 20.075 0.25
      vertex -118.886 19.899 0.25
    endloop
  endfacet
  facet normal 0 0 1
    outer loop
      vertex -119 19.325 0.25
      vertex -118.886 19.899 0.25
      vertex -118.949 19.7132 0.25
    endloop
  endfacet
  facet normal 0 0 1
    outer loop
      vertex -119 19.325 0.25
      vertex -118.949 19.7132 0.25
      vertex -118.987 19.5208 0.25
    endloop
  endfacet
  facet normal 0 0 1
    outer loop
      vertex -101 19.325 0.25
      vertex -119 19.325 0.25
      vertex -101 1 0.25
    endloop
  endfacet
  facet normal 0 0 1
    outer loop
      vertex -101 1 0.25
      vertex -119 19.325 0.25
      vertex -119 1 0.25
    endloop
  endfacet
  facet normal 0 0 1
    outer loop
      vertex -101.01 0.174999 0.25
      vertex -101.051 -0.0632277 0.25
      vertex -101.013 0.129211 0.25
    endloop
  endfacet
  facet normal 0 0 1
    outer loop
      vertex -101.01 0.174999 0.25
      vertex -101.089 -0.174999 0.25
      vertex -101.051 -0.0632277 0.25
    endloop
  endfacet
  facet normal 0 0 1
    outer loop
      vertex -101.01 0.174999 0.25
      vertex -118.911 -0.174999 0.25
      vertex -101.089 -0.174999 0.25
    endloop
  endfacet
  facet normal -0 0 1
    outer loop
      vertex -118.99 0.174999 0.25
      vertex -118.911 -0.174999 0.25
      vertex -101.01 0.174999 0.25
    endloop
  endfacet
  facet normal 0 0 1
    outer loop
      vertex -118.911 -0.174999 0.25
      vertex -118.99 0.174999 0.25
      vertex -118.949 -0.0632277 0.25
    endloop
  endfacet
  facet normal 0 0 1
    outer loop
      vertex -118.949 -0.0632277 0.25
      vertex -118.99 0.174999 0.25
      vertex -118.987 0.129211 0.25
    endloop
  endfacet
  facet normal -0.658127 -0.752907 0
    outer loop
      vertex -118.561 -0.735659 -3
      vertex -118.413 -0.865028 0
      vertex -118.561 -0.735659 0
    endloop
  endfacet
  facet normal -0.658127 -0.752907 -0
    outer loop
      vertex -118.413 -0.865028 0
      vertex -118.561 -0.735659 -3
      vertex -118.413 -0.865028 -3
    endloop
  endfacet
  facet normal -0.442245 -0.896894 0
    outer loop
      vertex -118.25 -0.974037 -3
      vertex -118.074 -1.06082 0
      vertex -118.25 -0.974037 0
    endloop
  endfacet
  facet normal -0.442245 -0.896894 -0
    outer loop
      vertex -118.074 -1.06082 0
      vertex -118.25 -0.974037 -3
      vertex -118.074 -1.06082 -3
    endloop
  endfacet
  facet normal -0.896431 -0.443183 5.22139e-19
    outer loop
      vertex -118.799 -0.424999 -3
      vertex -118.886 -0.249023 0
      vertex -118.886 -0.249023 -3
    endloop
  endfacet
  facet normal -0.896431 -0.443183 5.22139e-19
    outer loop
      vertex -118.886 -0.249023 0
      vertex -118.799 -0.424999 -3
      vertex -118.799 -0.424999 0
    endloop
  endfacet
  facet normal -0.752777 -0.658276 -1.65166e-19
    outer loop
      vertex -118.561 -0.735659 -3
      vertex -118.69 -0.58814 0
      vertex -118.69 -0.58814 -3
    endloop
  endfacet
  facet normal -0.752777 -0.658276 -1.65166e-19
    outer loop
      vertex -118.69 -0.58814 0
      vertex -118.561 -0.735659 -3
      vertex -118.561 -0.735659 0
    endloop
  endfacet
  facet normal -0.752956 0.658071 -1.4685e-18
    outer loop
      vertex -118.69 20.2381 -3
      vertex -118.561 20.3857 0.25
      vertex -118.561 20.3857 -3
    endloop
  endfacet
  facet normal -0.752956 0.658071 -1.4685e-18
    outer loop
      vertex -118.561 20.3857 0.25
      vertex -118.69 20.2381 -3
      vertex -118.69 20.2381 0.25
    endloop
  endfacet
  facet normal -0.981056 -0.193725 6.26448e-19
    outer loop
      vertex -118.949 -0.0632277 -3
      vertex -118.987 0.129211 0.25
      vertex -118.987 0.129211 -3
    endloop
  endfacet
  facet normal -0.981056 -0.193725 6.26448e-19
    outer loop
      vertex -118.987 0.129211 0.25
      vertex -118.949 -0.0632277 -3
      vertex -118.949 -0.0632277 0.25
    endloop
  endfacet
  facet normal 0.831487 -0.555544 -2.51843e-18
    outer loop
      vertex -101.31 -0.58814 0
      vertex -101.201 -0.424999 -3
      vertex -101.201 -0.424999 0
    endloop
  endfacet
  facet normal 0.831487 -0.555544 -2.51843e-18
    outer loop
      vertex -101.201 -0.424999 -3
      vertex -101.31 -0.58814 0
      vertex -101.31 -0.58814 -3
    endloop
  endfacet
  facet normal -0.195625 0.980679 0
    outer loop
      vertex -117.696 20.8122 -3
      vertex -117.888 20.7739 0.25
      vertex -117.696 20.8122 0.25
    endloop
  endfacet
  facet normal -0.195625 0.980679 0
    outer loop
      vertex -117.888 20.7739 0.25
      vertex -117.696 20.8122 -3
      vertex -117.888 20.7739 -3
    endloop
  endfacet
  facet normal -0.555877 0.831265 0
    outer loop
      vertex -118.25 20.624 -3
      vertex -118.413 20.515 0.25
      vertex -118.25 20.624 0.25
    endloop
  endfacet
  facet normal -0.555877 0.831265 0
    outer loop
      vertex -118.413 20.515 0.25
      vertex -118.25 20.624 -3
      vertex -118.413 20.515 -3
    endloop
  endfacet
  facet normal 0.658127 -0.752907 0
    outer loop
      vertex -101.587 -0.865028 -3
      vertex -101.439 -0.735659 0
      vertex -101.587 -0.865028 0
    endloop
  endfacet
  facet normal 0.658127 -0.752907 0
    outer loop
      vertex -101.439 -0.735659 0
      vertex -101.587 -0.865028 -3
      vertex -101.439 -0.735659 -3
    endloop
  endfacet
  facet normal -0.555908 -0.831244 0
    outer loop
      vertex -118.413 -0.865028 -3
      vertex -118.25 -0.974037 0
      vertex -118.413 -0.865028 0
    endloop
  endfacet
  facet normal -0.555908 -0.831244 -0
    outer loop
      vertex -118.25 -0.974037 0
      vertex -118.413 -0.865028 -3
      vertex -118.25 -0.974037 -3
    endloop
  endfacet
  facet normal -0.997785 -0.0665186 0
    outer loop
      vertex -119 0.325 -3
      vertex -118.99 0.174999 0
      vertex -119 0.325 0
    endloop
  endfacet
  facet normal -0.997803 -0.0662521 1.33812e-05
    outer loop
      vertex -118.987 0.129211 -3
      vertex -118.99 0.174999 0
      vertex -119 0.325 -3
    endloop
  endfacet
  facet normal -0.99786 -0.0653792 -0
    outer loop
      vertex -118.987 0.129211 0.25
      vertex -118.99 0.174999 0
      vertex -118.987 0.129211 -3
    endloop
  endfacet
  facet normal -0.99786 -0.0653792 0
    outer loop
      vertex -118.99 0.174999 0
      vertex -118.987 0.129211 0.25
      vertex -118.99 0.174999 0.25
    endloop
  endfacet
  facet normal -0.896455 0.443134 -2.61692e-19
    outer loop
      vertex -118.886 19.899 -3
      vertex -118.799 20.075 0.25
      vertex -118.799 20.075 -3
    endloop
  endfacet
  facet normal -0.896455 0.443134 -2.61692e-19
    outer loop
      vertex -118.799 20.075 0.25
      vertex -118.886 19.899 -3
      vertex -118.886 19.899 0.25
    endloop
  endfacet
  facet normal -0.657928 0.753081 0
    outer loop
      vertex -118.413 20.515 -3
      vertex -118.561 20.3857 0.25
      vertex -118.413 20.515 0.25
    endloop
  endfacet
  facet normal -0.657928 0.753081 0
    outer loop
      vertex -118.561 20.3857 0.25
      vertex -118.413 20.515 -3
      vertex -118.561 20.3857 -3
    endloop
  endfacet
  facet normal 0.195625 0.980679 -0
    outer loop
      vertex -102.112 20.7739 -3
      vertex -102.304 20.8122 0.25
      vertex -102.112 20.7739 0.25
    endloop
  endfacet
  facet normal 0.195625 0.980679 0
    outer loop
      vertex -102.304 20.8122 0.25
      vertex -102.112 20.7739 -3
      vertex -102.304 20.8122 -3
    endloop
  endfacet
  facet normal 0.0651673 0.997874 -0
    outer loop
      vertex -102.304 20.8122 -3
      vertex -102.5 20.825 0.25
      vertex -102.304 20.8122 0.25
    endloop
  endfacet
  facet normal 0.0651673 0.997874 0
    outer loop
      vertex -102.5 20.825 0.25
      vertex -102.304 20.8122 -3
      vertex -102.5 20.825 -3
    endloop
  endfacet
  facet normal 0.555908 -0.831244 0
    outer loop
      vertex -101.75 -0.974037 -3
      vertex -101.587 -0.865028 0
      vertex -101.75 -0.974037 0
    endloop
  endfacet
  facet normal 0.555908 -0.831244 0
    outer loop
      vertex -101.587 -0.865028 0
      vertex -101.75 -0.974037 -3
      vertex -101.587 -0.865028 -3
    endloop
  endfacet
  facet normal -0.997803 0.0662484 -1.42409e-19
    outer loop
      vertex -119 19.325 -3
      vertex -118.987 19.5208 0.25
      vertex -118.987 19.5208 -3
    endloop
  endfacet
  facet normal -0.997803 0.0662484 -1.42409e-19
    outer loop
      vertex -118.987 19.5208 0.25
      vertex -119 19.325 -3
      vertex -119 19.325 0.25
    endloop
  endfacet
  facet normal -0.981049 0.193762 -1.21564e-19
    outer loop
      vertex -118.987 19.5208 -3
      vertex -118.949 19.7132 0.25
      vertex -118.949 19.7132 -3
    endloop
  endfacet
  facet normal -0.981049 0.193762 -1.21564e-19
    outer loop
      vertex -118.949 19.7132 0.25
      vertex -118.987 19.5208 -3
      vertex -118.987 19.5208 0.25
    endloop
  endfacet
endsolid OpenSCAD_Model
