solid OpenSCAD_Model
  facet normal 0 0 -1
    outer loop
      vertex 1.5 45.8 0
      vertex 4.2 73.4 0
      vertex 4.2 45.8 0
    endloop
  endfacet
  facet normal -0 0 -1
    outer loop
      vertex 4.2 73.4 0
      vertex 1.5 45.8 0
      vertex 1.5 73.4 0
    endloop
  endfacet
  facet normal 0 0 -1
    outer loop
      vertex 40.3 58.8 0
      vertex 4.2 73.4 0
      vertex 40.3 93.4 0
    endloop
  endfacet
  facet normal 0 0 -1
    outer loop
      vertex 4.2 85.8 0
      vertex 40.3 93.4 0
      vertex 4.2 73.4 0
    endloop
  endfacet
  facet normal -0 0 -1
    outer loop
      vertex 40.3 93.4 0
      vertex 4.2 85.8 0
      vertex 4.5 108.5 0
    endloop
  endfacet
  facet normal 0 0 -1
    outer loop
      vertex 1.5 105.5 0
      vertex 4.5 108.5 0
      vertex 4.2 85.8 0
    endloop
  endfacet
  facet normal 0 0 -1
    outer loop
      vertex 4.5 108.5 0
      vertex 1.5 105.5 0
      vertex 4.10843 108.474 0
    endloop
  endfacet
  facet normal 0 0 -1
    outer loop
      vertex 4.10843 108.474 0
      vertex 1.5 105.5 0
      vertex 3.72354 108.398 0
    endloop
  endfacet
  facet normal 0 0 -1
    outer loop
      vertex 3.72354 108.398 0
      vertex 1.5 105.5 0
      vertex 3.35194 108.272 0
    endloop
  endfacet
  facet normal 0 0 -1
    outer loop
      vertex 3.35194 108.272 0
      vertex 1.5 105.5 0
      vertex 3 108.098 0
    endloop
  endfacet
  facet normal 0 0 -1
    outer loop
      vertex 3 108.098 0
      vertex 1.5 105.5 0
      vertex 2.67372 107.88 0
    endloop
  endfacet
  facet normal 0 0 -1
    outer loop
      vertex 2.67372 107.88 0
      vertex 1.5 105.5 0
      vertex 2.37868 107.621 0
    endloop
  endfacet
  facet normal 0 0 -1
    outer loop
      vertex 2.37868 107.621 0
      vertex 1.5 105.5 0
      vertex 2.11993 107.326 0
    endloop
  endfacet
  facet normal 0 0 -1
    outer loop
      vertex 2.11993 107.326 0
      vertex 1.5 105.5 0
      vertex 1.90192 107 0
    endloop
  endfacet
  facet normal 0 0 -1
    outer loop
      vertex 1.90192 107 0
      vertex 1.5 105.5 0
      vertex 1.72836 106.648 0
    endloop
  endfacet
  facet normal 0 0 -1
    outer loop
      vertex 1.72836 106.648 0
      vertex 1.5 105.5 0
      vertex 1.60222 106.276 0
    endloop
  endfacet
  facet normal 0 0 -1
    outer loop
      vertex 1.5 105.5 0
      vertex 4.2 85.8 0
      vertex 1.5 85.8 0
    endloop
  endfacet
  facet normal 0 0 -1
    outer loop
      vertex 1.60222 106.276 0
      vertex 1.5 105.5 0
      vertex 1.52567 105.892 0
    endloop
  endfacet
  facet normal 0 0 -1
    outer loop
      vertex 19.7 11.7 0
      vertex 40.3 11.7 0
      vertex 40.3 1.49999 0
    endloop
  endfacet
  facet normal 0 0 -1
    outer loop
      vertex 40.3 11.7 0
      vertex 19.7 11.7 0
      vertex 40.3 48.4 0
    endloop
  endfacet
  facet normal 0 0 -1
    outer loop
      vertex 4.2 33.4 0
      vertex 40.3 48.4 0
      vertex 19.7 11.7 0
    endloop
  endfacet
  facet normal 0 0 -1
    outer loop
      vertex 4.2 45.8 0
      vertex 40.3 48.4 0
      vertex 4.2 33.4 0
    endloop
  endfacet
  facet normal 0 0 -1
    outer loop
      vertex 19.7 11.7 0
      vertex 40.3 1.49999 0
      vertex 19.7 1.49999 0
    endloop
  endfacet
  facet normal 0 0 -1
    outer loop
      vertex 40.3 58.8 0
      vertex 52.7 93.4 0
      vertex 52.7 58.8 0
    endloop
  endfacet
  facet normal -0 0 -1
    outer loop
      vertex 52.7 93.4 0
      vertex 40.3 58.8 0
      vertex 40.3 93.4 0
    endloop
  endfacet
  facet normal 0 0 -1
    outer loop
      vertex 40.3 11.7 0
      vertex 52.7 48.4 0
      vertex 52.7 11.7 0
    endloop
  endfacet
  facet normal -0 0 -1
    outer loop
      vertex 52.7 48.4 0
      vertex 40.3 11.7 0
      vertex 40.3 48.4 0
    endloop
  endfacet
  facet normal 0 0 -1
    outer loop
      vertex 81.9 29.8 0
      vertex 87.3 70.4 0
      vertex 87.3 29.8 0
    endloop
  endfacet
  facet normal -0 0 -1
    outer loop
      vertex 87.3 70.4 0
      vertex 81.9 29.8 0
      vertex 81.9 70.4 0
    endloop
  endfacet
  facet normal 0 0 -1
    outer loop
      vertex 87.3 82.8 0
      vertex 106.093 95.0079 0
      vertex 105.704 89.8675 0
    endloop
  endfacet
  facet normal -0 0 -1
    outer loop
      vertex 106.121 94.792 0
      vertex 105.704 89.8675 0
      vertex 106.093 95.0079 0
    endloop
  endfacet
  facet normal -0 0 -1
    outer loop
      vertex 106.168 94.585 0
      vertex 105.704 89.8675 0
      vertex 106.121 94.792 0
    endloop
  endfacet
  facet normal -0 0 -1
    outer loop
      vertex 106.233 94.3869 0
      vertex 105.704 89.8675 0
      vertex 106.168 94.585 0
    endloop
  endfacet
  facet normal -0 0 -1
    outer loop
      vertex 106.317 94.1979 0
      vertex 105.704 89.8675 0
      vertex 106.233 94.3869 0
    endloop
  endfacet
  facet normal -0 0 -1
    outer loop
      vertex 106.419 94.0178 0
      vertex 105.704 89.8675 0
      vertex 106.317 94.1979 0
    endloop
  endfacet
  facet normal -0 0 -1
    outer loop
      vertex 106.54 93.8467 0
      vertex 105.704 89.8675 0
      vertex 106.419 94.0178 0
    endloop
  endfacet
  facet normal -0 0 -1
    outer loop
      vertex 106.676 93.6882 0
      vertex 105.704 89.8675 0
      vertex 106.54 93.8467 0
    endloop
  endfacet
  facet normal -0 0 -1
    outer loop
      vertex 106.826 93.546 0
      vertex 105.704 89.8675 0
      vertex 106.676 93.6882 0
    endloop
  endfacet
  facet normal -0 0 -1
    outer loop
      vertex 106.989 93.4201 0
      vertex 105.704 89.8675 0
      vertex 106.826 93.546 0
    endloop
  endfacet
  facet normal -0 0 -1
    outer loop
      vertex 107.165 93.3104 0
      vertex 105.704 89.8675 0
      vertex 106.989 93.4201 0
    endloop
  endfacet
  facet normal -0 0 -1
    outer loop
      vertex 107.354 93.2171 0
      vertex 105.704 89.8675 0
      vertex 107.165 93.3104 0
    endloop
  endfacet
  facet normal -0 0 -1
    outer loop
      vertex 107.556 93.1399 0
      vertex 105.704 89.8675 0
      vertex 107.354 93.2171 0
    endloop
  endfacet
  facet normal 0 0 -1
    outer loop
      vertex 105.704 89.8675 0
      vertex 107.556 93.1399 0
      vertex 107.771 93.0791 0
    endloop
  endfacet
  facet normal 0 0 -1
    outer loop
      vertex 141.55 85.8 0
      vertex 146.95 91.4 0
      vertex 146.95 85.8 0
    endloop
  endfacet
  facet normal -0 0 -1
    outer loop
      vertex 146.95 91.4 0
      vertex 141.55 85.8 0
      vertex 141.55 91.4 0
    endloop
  endfacet
  facet normal 0 0 -1
    outer loop
      vertex 141.55 51.8 0
      vertex 146.95 73.4 0
      vertex 146.95 51.8 0
    endloop
  endfacet
  facet normal -0 0 -1
    outer loop
      vertex 146.95 73.4 0
      vertex 141.55 51.8 0
      vertex 141.55 73.4 0
    endloop
  endfacet
  facet normal 0 0 -1
    outer loop
      vertex 141.55 25.8 0
      vertex 146.95 39.4 0
      vertex 146.95 25.8 0
    endloop
  endfacet
  facet normal -0 0 -1
    outer loop
      vertex 146.95 39.4 0
      vertex 141.55 25.8 0
      vertex 141.55 39.4 0
    endloop
  endfacet
  facet normal 0 0 -1
    outer loop
      vertex 146 1.49999 0
      vertex 149 4.49999 0
      vertex 148.974 4.10842 0
    endloop
  endfacet
  facet normal 0 0 -1
    outer loop
      vertex 149 4.49999 0
      vertex 146.95 51.8 0
      vertex 149 105.5 0
    endloop
  endfacet
  facet normal 0 0 -1
    outer loop
      vertex 146 1.49999 0
      vertex 148.974 4.10842 0
      vertex 148.898 3.72354 0
    endloop
  endfacet
  facet normal 0 0 -1
    outer loop
      vertex 146.95 73.4 0
      vertex 149 105.5 0
      vertex 146.95 51.8 0
    endloop
  endfacet
  facet normal 0 0 -1
    outer loop
      vertex 146 1.49999 0
      vertex 148.898 3.72354 0
      vertex 148.772 3.35194 0
    endloop
  endfacet
  facet normal 0 0 -1
    outer loop
      vertex 146.95 85.8 0
      vertex 149 105.5 0
      vertex 146.95 73.4 0
    endloop
  endfacet
  facet normal 0 0 -1
    outer loop
      vertex 146 1.49999 0
      vertex 148.772 3.35194 0
      vertex 148.598 2.99999 0
    endloop
  endfacet
  facet normal 0 0 -1
    outer loop
      vertex 146.95 91.4 0
      vertex 149 105.5 0
      vertex 146.95 85.8 0
    endloop
  endfacet
  facet normal 0 0 -1
    outer loop
      vertex 146 1.49999 0
      vertex 148.598 2.99999 0
      vertex 148.38 2.67372 0
    endloop
  endfacet
  facet normal 0 0 -1
    outer loop
      vertex 146.95 103.8 0
      vertex 149 105.5 0
      vertex 146.95 91.4 0
    endloop
  endfacet
  facet normal 0 0 -1
    outer loop
      vertex 146 1.49999 0
      vertex 148.38 2.67372 0
      vertex 148.121 2.37867 0
    endloop
  endfacet
  facet normal -0 0 -1
    outer loop
      vertex 149 105.5 0
      vertex 146.95 103.8 0
      vertex 148.974 105.892 0
    endloop
  endfacet
  facet normal 0 0 -1
    outer loop
      vertex 146 1.49999 0
      vertex 148.121 2.37867 0
      vertex 147.826 2.11993 0
    endloop
  endfacet
  facet normal 0 0 -1
    outer loop
      vertex 149 4.49999 0
      vertex 146.95 39.4 0
      vertex 146.95 51.8 0
    endloop
  endfacet
  facet normal 0 0 -1
    outer loop
      vertex 146 1.49999 0
      vertex 147.826 2.11993 0
      vertex 147.5 1.90191 0
    endloop
  endfacet
  facet normal -0 0 -1
    outer loop
      vertex 148.974 105.892 0
      vertex 146.95 103.8 0
      vertex 148.898 106.276 0
    endloop
  endfacet
  facet normal 0 0 -1
    outer loop
      vertex 146 1.49999 0
      vertex 147.5 1.90191 0
      vertex 147.148 1.72836 0
    endloop
  endfacet
  facet normal 0 0 -1
    outer loop
      vertex 149 4.49999 0
      vertex 146.95 25.8 0
      vertex 146.95 39.4 0
    endloop
  endfacet
  facet normal 0 0 -1
    outer loop
      vertex 149 4.49999 0
      vertex 146.95 13.4 0
      vertex 146.95 25.8 0
    endloop
  endfacet
  facet normal 0 0 -1
    outer loop
      vertex 146 1.49999 0
      vertex 147.148 1.72836 0
      vertex 146.776 1.60221 0
    endloop
  endfacet
  facet normal 0 0 -1
    outer loop
      vertex 146 1.49999 0
      vertex 146.776 1.60221 0
      vertex 146.392 1.52566 0
    endloop
  endfacet
  facet normal -0 0 -1
    outer loop
      vertex 149 4.49999 0
      vertex 146 1.49999 0
      vertex 141.55 13.4 0
    endloop
  endfacet
  facet normal 0 0 -1
    outer loop
      vertex 149 4.49999 0
      vertex 141.55 13.4 0
      vertex 146.95 13.4 0
    endloop
  endfacet
  facet normal 0 0 -1
    outer loop
      vertex 87.3 17.4 0
      vertex 141.55 25.8 0
      vertex 141.55 13.4 0
    endloop
  endfacet
  facet normal 0 0 -1
    outer loop
      vertex 141.55 25.8 0
      vertex 87.3 29.8 0
      vertex 141.55 39.4 0
    endloop
  endfacet
  facet normal -0 0 -1
    outer loop
      vertex 141.55 39.4 0
      vertex 87.3 29.8 0
      vertex 141.55 51.8 0
    endloop
  endfacet
  facet normal 0 0 -1
    outer loop
      vertex 87.3 70.4 0
      vertex 141.55 51.8 0
      vertex 87.3 29.8 0
    endloop
  endfacet
  facet normal 0 0 -1
    outer loop
      vertex 141.55 73.4 0
      vertex 120.593 89.8675 0
      vertex 141.55 85.8 0
    endloop
  endfacet
  facet normal 0 0 -1
    outer loop
      vertex 141.55 85.8 0
      vertex 120.593 89.8675 0
      vertex 141.55 91.4 0
    endloop
  endfacet
  facet normal 0 0 -1
    outer loop
      vertex 120.593 97.5113 0
      vertex 141.55 91.4 0
      vertex 120.593 89.8675 0
    endloop
  endfacet
  facet normal 0 -0 -1
    outer loop
      vertex 112.757 89.8675 0
      vertex 141.55 51.8 0
      vertex 87.3 70.4 0
    endloop
  endfacet
  facet normal 0 0 -1
    outer loop
      vertex 141.55 51.8 0
      vertex 117.192 89.877 0
      vertex 141.55 73.4 0
    endloop
  endfacet
  facet normal 0 0 -1
    outer loop
      vertex 141.55 73.4 0
      vertex 117.501 89.8675 0
      vertex 120.593 89.8675 0
    endloop
  endfacet
  facet normal 0 0 -1
    outer loop
      vertex 141.55 73.4 0
      vertex 117.192 89.877 0
      vertex 117.501 89.8675 0
    endloop
  endfacet
  facet normal 0 0 -1
    outer loop
      vertex 141.55 51.8 0
      vertex 112.757 89.8675 0
      vertex 117.192 89.877 0
    endloop
  endfacet
  facet normal -0 0 -1
    outer loop
      vertex 117.192 89.877 0
      vertex 112.757 89.8675 0
      vertex 116.894 89.9056 0
    endloop
  endfacet
  facet normal -0 0 -1
    outer loop
      vertex 116.894 89.9056 0
      vertex 112.757 89.8675 0
      vertex 116.607 89.9532 0
    endloop
  endfacet
  facet normal -0 0 -1
    outer loop
      vertex 116.607 89.9532 0
      vertex 112.757 89.8675 0
      vertex 116.329 90.0199 0
    endloop
  endfacet
  facet normal -0 0 -1
    outer loop
      vertex 116.329 90.0199 0
      vertex 112.757 89.8675 0
      vertex 116.061 90.1056 0
    endloop
  endfacet
  facet normal -0 0 -1
    outer loop
      vertex 115.556 90.3341 0
      vertex 112.757 89.8675 0
      vertex 115.321 90.4758 0
    endloop
  endfacet
  facet normal -0 0 -1
    outer loop
      vertex 115.321 90.4758 0
      vertex 112.757 89.8675 0
      vertex 115.102 90.6345 0
    endloop
  endfacet
  facet normal -0 0 -1
    outer loop
      vertex 115.102 90.6345 0
      vertex 112.757 89.8675 0
      vertex 114.899 90.8102 0
    endloop
  endfacet
  facet normal -0 0 -1
    outer loop
      vertex 114.899 90.8102 0
      vertex 112.757 89.8675 0
      vertex 114.711 91.0028 0
    endloop
  endfacet
  facet normal -0 0 -1
    outer loop
      vertex 114.711 91.0028 0
      vertex 112.757 89.8675 0
      vertex 114.539 91.2123 0
    endloop
  endfacet
  facet normal -0 0 -1
    outer loop
      vertex 114.539 91.2123 0
      vertex 112.757 89.8675 0
      vertex 114.383 91.4388 0
    endloop
  endfacet
  facet normal -0 0 -1
    outer loop
      vertex 114.383 91.4388 0
      vertex 112.757 89.8675 0
      vertex 114.243 91.6822 0
    endloop
  endfacet
  facet normal -0 0 -1
    outer loop
      vertex 114.243 91.6822 0
      vertex 112.757 89.8675 0
      vertex 114.12 91.9402 0
    endloop
  endfacet
  facet normal -0 0 -1
    outer loop
      vertex 113.788 93.4146 0
      vertex 112.757 89.8675 0
      vertex 113.779 93.7464 0
    endloop
  endfacet
  facet normal -0 0 -1
    outer loop
      vertex 113.817 93.0952 0
      vertex 112.757 89.8675 0
      vertex 113.788 93.4146 0
    endloop
  endfacet
  facet normal -0 0 -1
    outer loop
      vertex 113.864 92.788 0
      vertex 112.757 89.8675 0
      vertex 113.817 93.0952 0
    endloop
  endfacet
  facet normal -0 0 -1
    outer loop
      vertex 113.93 92.4931 0
      vertex 112.757 89.8675 0
      vertex 113.864 92.788 0
    endloop
  endfacet
  facet normal -0 0 -1
    outer loop
      vertex 114.016 92.2105 0
      vertex 112.757 89.8675 0
      vertex 113.93 92.4931 0
    endloop
  endfacet
  facet normal -0 0 -1
    outer loop
      vertex 114.12 91.9402 0
      vertex 112.757 89.8675 0
      vertex 114.016 92.2105 0
    endloop
  endfacet
  facet normal 0 0 -1
    outer loop
      vertex 87.3 17.4 0
      vertex 141.55 13.4 0
      vertex 146 1.49999 0
    endloop
  endfacet
  facet normal -0 0 -1
    outer loop
      vertex 116.061 90.1056 0
      vertex 112.757 89.8675 0
      vertex 115.803 90.2103 0
    endloop
  endfacet
  facet normal 0 0 -1
    outer loop
      vertex 111.156 89.8675 0
      vertex 109.279 92.7699 0
      vertex 111.156 92.7699 0
    endloop
  endfacet
  facet normal -0 0 -1
    outer loop
      vertex 115.803 90.2103 0
      vertex 112.757 89.8675 0
      vertex 115.556 90.3341 0
    endloop
  endfacet
  facet normal 0 0 -1
    outer loop
      vertex 111.156 89.8675 0
      vertex 107.505 89.8675 0
      vertex 109.279 92.7699 0
    endloop
  endfacet
  facet normal -0 0 -1
    outer loop
      vertex 112.757 89.8675 0
      vertex 87.3 70.4 0
      vertex 111.156 89.8675 0
    endloop
  endfacet
  facet normal -0 0 -1
    outer loop
      vertex 141.55 25.8 0
      vertex 87.3 17.4 0
      vertex 87.3 29.8 0
    endloop
  endfacet
  facet normal 0 0 -1
    outer loop
      vertex 52.7 1.49999 0
      vertex 87.3 17.4 0
      vertex 146 1.49999 0
    endloop
  endfacet
  facet normal 0 0 -1
    outer loop
      vertex 52.7 11.7 0
      vertex 81.9 29.8 0
      vertex 81.9 17.4 0
    endloop
  endfacet
  facet normal 0 0 -1
    outer loop
      vertex 81.9 29.8 0
      vertex 52.7 48.4 0
      vertex 81.9 70.4 0
    endloop
  endfacet
  facet normal 0 0 -1
    outer loop
      vertex 52.7 11.7 0
      vertex 81.9 17.4 0
      vertex 52.7 1.49999 0
    endloop
  endfacet
  facet normal -0 0 -1
    outer loop
      vertex 87.3 17.4 0
      vertex 52.7 1.49999 0
      vertex 81.9 17.4 0
    endloop
  endfacet
  facet normal -0 0 -1
    outer loop
      vertex 148.898 106.276 0
      vertex 146.95 103.8 0
      vertex 148.772 106.648 0
    endloop
  endfacet
  facet normal -0 0 -1
    outer loop
      vertex 148.772 106.648 0
      vertex 146.95 103.8 0
      vertex 148.598 107 0
    endloop
  endfacet
  facet normal -0 0 -1
    outer loop
      vertex 148.598 107 0
      vertex 146.95 103.8 0
      vertex 148.38 107.326 0
    endloop
  endfacet
  facet normal -0 0 -1
    outer loop
      vertex 148.38 107.326 0
      vertex 146.95 103.8 0
      vertex 148.121 107.621 0
    endloop
  endfacet
  facet normal -0 0 -1
    outer loop
      vertex 148.121 107.621 0
      vertex 146.95 103.8 0
      vertex 147.826 107.88 0
    endloop
  endfacet
  facet normal -0 0 -1
    outer loop
      vertex 147.826 107.88 0
      vertex 146.95 103.8 0
      vertex 147.5 108.098 0
    endloop
  endfacet
  facet normal -0 0 -1
    outer loop
      vertex 147.5 108.098 0
      vertex 146.95 103.8 0
      vertex 147.148 108.272 0
    endloop
  endfacet
  facet normal 0 0 -1
    outer loop
      vertex 146.95 103.8 0
      vertex 146.776 108.398 0
      vertex 147.148 108.272 0
    endloop
  endfacet
  facet normal 0 0 -1
    outer loop
      vertex 146.95 103.8 0
      vertex 146.392 108.474 0
      vertex 146.776 108.398 0
    endloop
  endfacet
  facet normal 0 0 -1
    outer loop
      vertex 146.95 103.8 0
      vertex 146 108.5 0
      vertex 146.392 108.474 0
    endloop
  endfacet
  facet normal 0 0 -1
    outer loop
      vertex 141.55 103.8 0
      vertex 146 108.5 0
      vertex 146.95 103.8 0
    endloop
  endfacet
  facet normal 0 0 -1
    outer loop
      vertex 141.55 91.4 0
      vertex 120.593 97.5113 0
      vertex 141.55 103.8 0
    endloop
  endfacet
  facet normal -0 0 -1
    outer loop
      vertex 141.55 103.8 0
      vertex 120.593 97.5113 0
      vertex 146 108.5 0
    endloop
  endfacet
  facet normal 0 0 -1
    outer loop
      vertex 117.826 97.5113 0
      vertex 146 108.5 0
      vertex 120.593 97.5113 0
    endloop
  endfacet
  facet normal 0 0 -1
    outer loop
      vertex 117.292 97.4915 0
      vertex 146 108.5 0
      vertex 117.826 97.5113 0
    endloop
  endfacet
  facet normal 0 0 -1
    outer loop
      vertex 112.757 97.5113 0
      vertex 117.292 97.4915 0
      vertex 116.794 97.4318 0
    endloop
  endfacet
  facet normal 0 0 -1
    outer loop
      vertex 112.757 97.5113 0
      vertex 116.794 97.4318 0
      vertex 116.331 97.3325 0
    endloop
  endfacet
  facet normal 0 0 -1
    outer loop
      vertex 112.757 97.5113 0
      vertex 116.331 97.3325 0
      vertex 115.904 97.1933 0
    endloop
  endfacet
  facet normal 0 0 -1
    outer loop
      vertex 112.757 97.5113 0
      vertex 113.779 93.7464 0
      vertex 112.757 89.8675 0
    endloop
  endfacet
  facet normal 0 0 -1
    outer loop
      vertex 113.779 93.7464 0
      vertex 112.757 97.5113 0
      vertex 113.801 94.2484 0
    endloop
  endfacet
  facet normal 0 0 -1
    outer loop
      vertex 113.801 94.2484 0
      vertex 112.757 97.5113 0
      vertex 113.865 94.716 0
    endloop
  endfacet
  facet normal 0 0 -1
    outer loop
      vertex 112.757 97.5113 0
      vertex 113.973 95.1492 0
      vertex 113.865 94.716 0
    endloop
  endfacet
  facet normal 0 0 -1
    outer loop
      vertex 112.757 97.5113 0
      vertex 114.124 95.5479 0
      vertex 113.973 95.1492 0
    endloop
  endfacet
  facet normal 0 0 -1
    outer loop
      vertex 112.757 97.5113 0
      vertex 114.319 95.9122 0
      vertex 114.124 95.5479 0
    endloop
  endfacet
  facet normal 0 0 -1
    outer loop
      vertex 112.757 97.5113 0
      vertex 114.556 96.2421 0
      vertex 114.319 95.9122 0
    endloop
  endfacet
  facet normal 0 0 -1
    outer loop
      vertex 112.757 97.5113 0
      vertex 114.837 96.5375 0
      vertex 114.556 96.2421 0
    endloop
  endfacet
  facet normal 0 0 -1
    outer loop
      vertex 112.757 97.5113 0
      vertex 115.157 96.7959 0
      vertex 114.837 96.5375 0
    endloop
  endfacet
  facet normal 0 0 -1
    outer loop
      vertex 112.757 97.5113 0
      vertex 115.513 97.0145 0
      vertex 115.157 96.7959 0
    endloop
  endfacet
  facet normal 0 0 -1
    outer loop
      vertex 112.757 97.5113 0
      vertex 115.904 97.1933 0
      vertex 115.513 97.0145 0
    endloop
  endfacet
  facet normal 0 0 -1
    outer loop
      vertex 117.292 97.4915 0
      vertex 112.757 97.5113 0
      vertex 146 108.5 0
    endloop
  endfacet
  facet normal 0 0 -1
    outer loop
      vertex 108.938 97.5113 0
      vertex 146 108.5 0
      vertex 112.757 97.5113 0
    endloop
  endfacet
  facet normal 0 0 -1
    outer loop
      vertex 108.56 97.4993 0
      vertex 146 108.5 0
      vertex 108.938 97.5113 0
    endloop
  endfacet
  facet normal 0 0 -1
    outer loop
      vertex 108.207 97.4633 0
      vertex 146 108.5 0
      vertex 108.56 97.4993 0
    endloop
  endfacet
  facet normal 0 0 -1
    outer loop
      vertex 52.7 103.8 0
      vertex 108.207 97.4633 0
      vertex 107.88 97.4032 0
    endloop
  endfacet
  facet normal 0 0 -1
    outer loop
      vertex 52.7 103.8 0
      vertex 107.88 97.4032 0
      vertex 107.579 97.3191 0
    endloop
  endfacet
  facet normal -0 0 -1
    outer loop
      vertex 106.093 95.0079 0
      vertex 87.3 82.8 0
      vertex 106.084 95.2329 0
    endloop
  endfacet
  facet normal -0 0 -1
    outer loop
      vertex 111.156 89.8675 0
      vertex 87.3 70.4 0
      vertex 107.505 89.8675 0
    endloop
  endfacet
  facet normal -0 0 -1
    outer loop
      vertex 107.505 89.8675 0
      vertex 87.3 70.4 0
      vertex 105.704 89.8675 0
    endloop
  endfacet
  facet normal 0 0 -1
    outer loop
      vertex 87.3 82.8 0
      vertex 105.704 89.8675 0
      vertex 87.3 70.4 0
    endloop
  endfacet
  facet normal -0 0 -1
    outer loop
      vertex 106.084 95.2329 0
      vertex 87.3 82.8 0
      vertex 106.099 95.537 0
    endloop
  endfacet
  facet normal -0 0 -1
    outer loop
      vertex 106.099 95.537 0
      vertex 87.3 82.8 0
      vertex 106.145 95.8203 0
    endloop
  endfacet
  facet normal -0 0 -1
    outer loop
      vertex 106.145 95.8203 0
      vertex 87.3 82.8 0
      vertex 106.221 96.0826 0
    endloop
  endfacet
  facet normal -0 0 -1
    outer loop
      vertex 106.221 96.0826 0
      vertex 87.3 82.8 0
      vertex 106.327 96.324 0
    endloop
  endfacet
  facet normal 0 0 -1
    outer loop
      vertex 81.9 82.8 0
      vertex 106.327 96.324 0
      vertex 87.3 82.8 0
    endloop
  endfacet
  facet normal -0 0 -1
    outer loop
      vertex 106.327 96.324 0
      vertex 81.9 82.8 0
      vertex 106.463 96.5445 0
    endloop
  endfacet
  facet normal 0 0 -1
    outer loop
      vertex 52.7 103.8 0
      vertex 106.463 96.5445 0
      vertex 81.9 82.8 0
    endloop
  endfacet
  facet normal 0 0 -1
    outer loop
      vertex 106.463 96.5445 0
      vertex 52.7 103.8 0
      vertex 106.63 96.7441 0
    endloop
  endfacet
  facet normal 0 0 -1
    outer loop
      vertex 106.63 96.7441 0
      vertex 52.7 103.8 0
      vertex 106.827 96.9227 0
    endloop
  endfacet
  facet normal -0 0 -1
    outer loop
      vertex 81.9 29.8 0
      vertex 52.7 11.7 0
      vertex 52.7 48.4 0
    endloop
  endfacet
  facet normal 0 0 -1
    outer loop
      vertex 52.7 58.8 0
      vertex 81.9 70.4 0
      vertex 52.7 48.4 0
    endloop
  endfacet
  facet normal 0 0 -1
    outer loop
      vertex 52.7 93.4 0
      vertex 81.9 70.4 0
      vertex 52.7 58.8 0
    endloop
  endfacet
  facet normal 0 0 -1
    outer loop
      vertex 81.9 70.4 0
      vertex 52.7 93.4 0
      vertex 81.9 82.8 0
    endloop
  endfacet
  facet normal 0 0 -1
    outer loop
      vertex 52.7 103.8 0
      vertex 81.9 82.8 0
      vertex 52.7 93.4 0
    endloop
  endfacet
  facet normal 0 0 -1
    outer loop
      vertex 106.827 96.9227 0
      vertex 52.7 103.8 0
      vertex 107.052 97.0789 0
    endloop
  endfacet
  facet normal 0 0 -1
    outer loop
      vertex 107.052 97.0789 0
      vertex 52.7 103.8 0
      vertex 107.303 97.211 0
    endloop
  endfacet
  facet normal 0 0 -1
    outer loop
      vertex 107.303 97.211 0
      vertex 52.7 103.8 0
      vertex 107.579 97.3191 0
    endloop
  endfacet
  facet normal 0 0 -1
    outer loop
      vertex 108.207 97.4633 0
      vertex 52.7 103.8 0
      vertex 146 108.5 0
    endloop
  endfacet
  facet normal 0 0 -1
    outer loop
      vertex 4.5 108.5 0
      vertex 52.7 103.8 0
      vertex 40.3 103.8 0
    endloop
  endfacet
  facet normal -0 0 -1
    outer loop
      vertex 40.3 48.4 0
      vertex 4.2 45.8 0
      vertex 40.3 58.8 0
    endloop
  endfacet
  facet normal 0 0 -1
    outer loop
      vertex 52.7 103.8 0
      vertex 4.5 108.5 0
      vertex 146 108.5 0
    endloop
  endfacet
  facet normal 0 0 -1
    outer loop
      vertex 4.2 73.4 0
      vertex 40.3 58.8 0
      vertex 4.2 45.8 0
    endloop
  endfacet
  facet normal 0 0 -1
    outer loop
      vertex 40.3 93.4 0
      vertex 4.5 108.5 0
      vertex 40.3 103.8 0
    endloop
  endfacet
  facet normal 0 0 -1
    outer loop
      vertex 1.5 11.7 0
      vertex 4.2 33.4 0
      vertex 19.7 11.7 0
    endloop
  endfacet
  facet normal -0 0 -1
    outer loop
      vertex 4.2 33.4 0
      vertex 1.5 11.7 0
      vertex 1.5 33.4 0
    endloop
  endfacet
  facet normal 0 0 -1
    outer loop
      vertex 111.156 94.0122 0
      vertex 109.106 96.269 0
      vertex 111.156 96.269 0
    endloop
  endfacet
  facet normal 0 0 -1
    outer loop
      vertex 109.062 94.0122 0
      vertex 109.106 96.269 0
      vertex 111.156 94.0122 0
    endloop
  endfacet
  facet normal 0 0 -1
    outer loop
      vertex 108.877 94.0184 0
      vertex 109.106 96.269 0
      vertex 109.062 94.0122 0
    endloop
  endfacet
  facet normal 0 0 -1
    outer loop
      vertex 108.877 94.0184 0
      vertex 108.732 96.2465 0
      vertex 109.106 96.269 0
    endloop
  endfacet
  facet normal 0 0 -1
    outer loop
      vertex 108.705 94.037 0
      vertex 108.732 96.2465 0
      vertex 108.877 94.0184 0
    endloop
  endfacet
  facet normal 0 0 -1
    outer loop
      vertex 108.546 94.068 0
      vertex 108.732 96.2465 0
      vertex 108.705 94.037 0
    endloop
  endfacet
  facet normal 0 0 -1
    outer loop
      vertex 108.546 94.068 0
      vertex 108.415 96.1791 0
      vertex 108.732 96.2465 0
    endloop
  endfacet
  facet normal 0 0 -1
    outer loop
      vertex 107.702 95.0162 0
      vertex 108.546 94.068 0
      vertex 108.4 94.1114 0
    endloop
  endfacet
  facet normal 0 0 -1
    outer loop
      vertex 107.702 95.0162 0
      vertex 108.4 94.1114 0
      vertex 108.267 94.1672 0
    endloop
  endfacet
  facet normal 0 0 -1
    outer loop
      vertex 108.546 94.068 0
      vertex 107.695 95.1677 0
      vertex 108.415 96.1791 0
    endloop
  endfacet
  facet normal 0 0 -1
    outer loop
      vertex 107.724 94.8746 0
      vertex 108.267 94.1672 0
      vertex 108.148 94.2354 0
    endloop
  endfacet
  facet normal 0 0 -1
    outer loop
      vertex 107.724 94.8746 0
      vertex 108.148 94.2354 0
      vertex 108.042 94.316 0
    endloop
  endfacet
  facet normal 0 -0 -1
    outer loop
      vertex 107.724 95.4599 0
      vertex 108.415 96.1791 0
      vertex 107.695 95.1677 0
    endloop
  endfacet
  facet normal 0 0 -1
    outer loop
      vertex 107.724 94.8746 0
      vertex 108.042 94.316 0
      vertex 107.95 94.4078 0
    endloop
  endfacet
  facet normal 0 0 -1
    outer loop
      vertex 107.724 94.8746 0
      vertex 107.95 94.4078 0
      vertex 107.872 94.5095 0
    endloop
  endfacet
  facet normal 0 0 -1
    outer loop
      vertex 108.415 96.1791 0
      vertex 107.724 95.4599 0
      vertex 108.156 96.0667 0
    endloop
  endfacet
  facet normal 0 0 -1
    outer loop
      vertex 107.724 94.8746 0
      vertex 107.872 94.5095 0
      vertex 107.809 94.6212 0
    endloop
  endfacet
  facet normal 0 0 -1
    outer loop
      vertex 107.724 94.8746 0
      vertex 107.809 94.6212 0
      vertex 107.759 94.7429 0
    endloop
  endfacet
  facet normal 0 0 -1
    outer loop
      vertex 108.156 96.0667 0
      vertex 107.724 95.4599 0
      vertex 107.954 95.9094 0
    endloop
  endfacet
  facet normal 0 0 -1
    outer loop
      vertex 108.267 94.1672 0
      vertex 107.724 94.8746 0
      vertex 107.702 95.0162 0
    endloop
  endfacet
  facet normal 0 0 -1
    outer loop
      vertex 108.546 94.068 0
      vertex 107.702 95.0162 0
      vertex 107.695 95.1677 0
    endloop
  endfacet
  facet normal 0 0 -1
    outer loop
      vertex 107.954 95.9094 0
      vertex 107.724 95.4599 0
      vertex 107.81 95.7071 0
    endloop
  endfacet
  facet normal 0 0 -1
    outer loop
      vertex 118.992 91.1044 0
      vertex 117.859 96.2745 0
      vertex 118.992 96.2745 0
    endloop
  endfacet
  facet normal 0 0 -1
    outer loop
      vertex 117.636 91.1044 0
      vertex 117.859 96.2745 0
      vertex 118.992 91.1044 0
    endloop
  endfacet
  facet normal 0 0 -1
    outer loop
      vertex 115.39 93.7464 0
      vertex 117.859 96.2745 0
      vertex 117.636 91.1044 0
    endloop
  endfacet
  facet normal 0 0 -1
    outer loop
      vertex 115.589 92.5179 0
      vertex 117.636 91.1044 0
      vertex 117.35 91.1189 0
    endloop
  endfacet
  facet normal 0 -0 -1
    outer loop
      vertex 115.403 94.0863 0
      vertex 117.859 96.2745 0
      vertex 115.39 93.7464 0
    endloop
  endfacet
  facet normal 0 0 -1
    outer loop
      vertex 115.7 92.2628 0
      vertex 117.35 91.1189 0
      vertex 117.082 91.1624 0
    endloop
  endfacet
  facet normal 0 0 -1
    outer loop
      vertex 117.859 96.2745 0
      vertex 115.403 94.0863 0
      vertex 117.53 96.2612 0
    endloop
  endfacet
  facet normal 0 0 -1
    outer loop
      vertex 115.998 91.815 0
      vertex 117.082 91.1624 0
      vertex 116.83 91.2349 0
    endloop
  endfacet
  facet normal 0 -0 -1
    outer loop
      vertex 115.442 94.4024 0
      vertex 117.53 96.2612 0
      vertex 115.403 94.0863 0
    endloop
  endfacet
  facet normal 0 0 -1
    outer loop
      vertex 115.998 91.815 0
      vertex 116.83 91.2349 0
      vertex 116.596 91.3364 0
    endloop
  endfacet
  facet normal 0 0 -1
    outer loop
      vertex 117.53 96.2612 0
      vertex 115.442 94.4024 0
      vertex 117.224 96.2215 0
    endloop
  endfacet
  facet normal 0 0 -1
    outer loop
      vertex 116.18 91.6265 0
      vertex 116.596 91.3364 0
      vertex 116.38 91.467 0
    endloop
  endfacet
  facet normal 0 -0 -1
    outer loop
      vertex 115.508 94.6948 0
      vertex 117.224 96.2215 0
      vertex 115.442 94.4024 0
    endloop
  endfacet
  facet normal 0 0 -1
    outer loop
      vertex 115.998 91.815 0
      vertex 116.596 91.3364 0
      vertex 116.18 91.6265 0
    endloop
  endfacet
  facet normal 0 0 -1
    outer loop
      vertex 117.224 96.2215 0
      vertex 115.508 94.6948 0
      vertex 116.941 96.1554 0
    endloop
  endfacet
  facet normal 0 0 -1
    outer loop
      vertex 117.082 91.1624 0
      vertex 115.998 91.815 0
      vertex 115.837 92.0285 0
    endloop
  endfacet
  facet normal 0 0 -1
    outer loop
      vertex 116.941 96.1554 0
      vertex 115.508 94.6948 0
      vertex 116.68 96.0628 0
    endloop
  endfacet
  facet normal 0 0 -1
    outer loop
      vertex 117.082 91.1624 0
      vertex 115.837 92.0285 0
      vertex 115.7 92.2628 0
    endloop
  endfacet
  facet normal 0 0 -1
    outer loop
      vertex 116.68 96.0628 0
      vertex 115.508 94.6948 0
      vertex 116.441 95.9437 0
    endloop
  endfacet
  facet normal 0 0 -1
    outer loop
      vertex 117.35 91.1189 0
      vertex 115.7 92.2628 0
      vertex 115.589 92.5179 0
    endloop
  endfacet
  facet normal 0 0 -1
    outer loop
      vertex 116.441 95.9437 0
      vertex 115.508 94.6948 0
      vertex 116.224 95.7981 0
    endloop
  endfacet
  facet normal 0 0 -1
    outer loop
      vertex 117.636 91.1044 0
      vertex 115.589 92.5179 0
      vertex 115.502 92.7938 0
    endloop
  endfacet
  facet normal 0 0 -1
    outer loop
      vertex 116.224 95.7981 0
      vertex 115.508 94.6948 0
      vertex 116.03 95.6261 0
    endloop
  endfacet
  facet normal 0 0 -1
    outer loop
      vertex 117.636 91.1044 0
      vertex 115.502 92.7938 0
      vertex 115.44 93.0905 0
    endloop
  endfacet
  facet normal 0 0 -1
    outer loop
      vertex 115.717 95.2081 0
      vertex 115.508 94.6948 0
      vertex 115.599 94.9633 0
    endloop
  endfacet
  facet normal 0 0 -1
    outer loop
      vertex 117.636 91.1044 0
      vertex 115.44 93.0905 0
      vertex 115.403 93.408 0
    endloop
  endfacet
  facet normal 0 0 -1
    outer loop
      vertex 115.86 95.429 0
      vertex 115.508 94.6948 0
      vertex 115.717 95.2081 0
    endloop
  endfacet
  facet normal 0 0 -1
    outer loop
      vertex 117.636 91.1044 0
      vertex 115.403 93.408 0
      vertex 115.39 93.7464 0
    endloop
  endfacet
  facet normal 0 0 -1
    outer loop
      vertex 116.03 95.6261 0
      vertex 115.508 94.6948 0
      vertex 115.86 95.429 0
    endloop
  endfacet
  facet normal -0 0 1
    outer loop
      vertex 1.5 73.4 5
      vertex 4.2 45.8 5
      vertex 4.2 73.4 5
    endloop
  endfacet
  facet normal 0 0 1
    outer loop
      vertex 4.2 45.8 5
      vertex 1.5 73.4 5
      vertex 1.5 45.8 5
    endloop
  endfacet
  facet normal 0 0 1
    outer loop
      vertex 1.5 105.5 5
      vertex 4.5 108.5 5
      vertex 4.10843 108.474 5
    endloop
  endfacet
  facet normal 0 0 1
    outer loop
      vertex 1.5 105.5 5
      vertex 4.10843 108.474 5
      vertex 3.72354 108.398 5
    endloop
  endfacet
  facet normal 0 0 1
    outer loop
      vertex 1.5 105.5 5
      vertex 3.72354 108.398 5
      vertex 3.35194 108.272 5
    endloop
  endfacet
  facet normal 0 0 1
    outer loop
      vertex 1.5 105.5 5
      vertex 3.35194 108.272 5
      vertex 3 108.098 5
    endloop
  endfacet
  facet normal 0 0 1
    outer loop
      vertex 1.5 105.5 5
      vertex 3 108.098 5
      vertex 2.67372 107.88 5
    endloop
  endfacet
  facet normal 0 0 1
    outer loop
      vertex 1.5 105.5 5
      vertex 2.67372 107.88 5
      vertex 2.37868 107.621 5
    endloop
  endfacet
  facet normal 0 0 1
    outer loop
      vertex 1.5 105.5 5
      vertex 2.37868 107.621 5
      vertex 2.11993 107.326 5
    endloop
  endfacet
  facet normal 0 0 1
    outer loop
      vertex 1.5 105.5 5
      vertex 2.11993 107.326 5
      vertex 1.90192 107 5
    endloop
  endfacet
  facet normal 0 0 1
    outer loop
      vertex 1.5 105.5 5
      vertex 1.90192 107 5
      vertex 1.72836 106.648 5
    endloop
  endfacet
  facet normal 0 0 1
    outer loop
      vertex 1.5 105.5 5
      vertex 1.72836 106.648 5
      vertex 1.60222 106.276 5
    endloop
  endfacet
  facet normal 0 0 1
    outer loop
      vertex 1.5 105.5 5
      vertex 1.60222 106.276 5
      vertex 1.52567 105.892 5
    endloop
  endfacet
  facet normal 0 0 1
    outer loop
      vertex 4.5 108.5 5
      vertex 1.5 105.5 5
      vertex 4.2 85.8 5
    endloop
  endfacet
  facet normal 0 0 1
    outer loop
      vertex 4.2 85.8 5
      vertex 1.5 105.5 5
      vertex 1.5 85.8 5
    endloop
  endfacet
  facet normal -0 0 1
    outer loop
      vertex 40.3 48.4 5
      vertex 52.7 11.7 5
      vertex 52.7 48.4 5
    endloop
  endfacet
  facet normal 0 0 1
    outer loop
      vertex 52.7 11.7 5
      vertex 40.3 48.4 5
      vertex 40.3 11.7 5
    endloop
  endfacet
  facet normal -0 0 1
    outer loop
      vertex 40.3 93.4 5
      vertex 52.7 58.8 5
      vertex 52.7 93.4 5
    endloop
  endfacet
  facet normal 0 0 1
    outer loop
      vertex 52.7 58.8 5
      vertex 40.3 93.4 5
      vertex 40.3 58.8 5
    endloop
  endfacet
  facet normal -0 0 1
    outer loop
      vertex 81.9 70.4 5
      vertex 87.3 29.8 5
      vertex 87.3 70.4 5
    endloop
  endfacet
  facet normal 0 0 1
    outer loop
      vertex 87.3 29.8 5
      vertex 81.9 70.4 5
      vertex 81.9 29.8 5
    endloop
  endfacet
  facet normal -0 0 1
    outer loop
      vertex 141.55 39.4 5
      vertex 146.95 25.8 5
      vertex 146.95 39.4 5
    endloop
  endfacet
  facet normal 0 0 1
    outer loop
      vertex 146.95 25.8 5
      vertex 141.55 39.4 5
      vertex 141.55 25.8 5
    endloop
  endfacet
  facet normal -0 0 1
    outer loop
      vertex 141.55 73.4 5
      vertex 146.95 51.8 5
      vertex 146.95 73.4 5
    endloop
  endfacet
  facet normal 0 0 1
    outer loop
      vertex 146.95 51.8 5
      vertex 141.55 73.4 5
      vertex 141.55 51.8 5
    endloop
  endfacet
  facet normal -0 0 1
    outer loop
      vertex 141.55 91.4 5
      vertex 146.95 85.8 5
      vertex 146.95 91.4 5
    endloop
  endfacet
  facet normal 0 0 1
    outer loop
      vertex 146.95 85.8 5
      vertex 141.55 91.4 5
      vertex 141.55 85.8 5
    endloop
  endfacet
  facet normal 0 0 1
    outer loop
      vertex 146.95 103.8 5
      vertex 149 105.5 5
      vertex 148.974 105.892 5
    endloop
  endfacet
  facet normal 0 0 1
    outer loop
      vertex 149 105.5 5
      vertex 146.95 51.8 5
      vertex 149 4.49999 5
    endloop
  endfacet
  facet normal 0 0 1
    outer loop
      vertex 146.95 103.8 5
      vertex 148.974 105.892 5
      vertex 148.898 106.276 5
    endloop
  endfacet
  facet normal -0 0 1
    outer loop
      vertex 146.95 39.4 5
      vertex 149 4.49999 5
      vertex 146.95 51.8 5
    endloop
  endfacet
  facet normal 0 0 1
    outer loop
      vertex 146.95 103.8 5
      vertex 148.898 106.276 5
      vertex 148.772 106.648 5
    endloop
  endfacet
  facet normal -0 0 1
    outer loop
      vertex 146.95 25.8 5
      vertex 149 4.49999 5
      vertex 146.95 39.4 5
    endloop
  endfacet
  facet normal 0 0 1
    outer loop
      vertex 146.95 103.8 5
      vertex 148.772 106.648 5
      vertex 148.598 107 5
    endloop
  endfacet
  facet normal -0 0 1
    outer loop
      vertex 146.95 13.4 5
      vertex 149 4.49999 5
      vertex 146.95 25.8 5
    endloop
  endfacet
  facet normal 0 0 1
    outer loop
      vertex 146.95 103.8 5
      vertex 148.598 107 5
      vertex 148.38 107.326 5
    endloop
  endfacet
  facet normal -0 0 1
    outer loop
      vertex 141.55 13.4 5
      vertex 149 4.49999 5
      vertex 146.95 13.4 5
    endloop
  endfacet
  facet normal 0 0 1
    outer loop
      vertex 146.95 103.8 5
      vertex 148.38 107.326 5
      vertex 148.121 107.621 5
    endloop
  endfacet
  facet normal 0 -0 1
    outer loop
      vertex 146 1.49999 5
      vertex 149 4.49999 5
      vertex 141.55 13.4 5
    endloop
  endfacet
  facet normal 0 0 1
    outer loop
      vertex 146.95 103.8 5
      vertex 148.121 107.621 5
      vertex 147.826 107.88 5
    endloop
  endfacet
  facet normal 0 0 1
    outer loop
      vertex 149 105.5 5
      vertex 146.95 73.4 5
      vertex 146.95 51.8 5
    endloop
  endfacet
  facet normal 0 0 1
    outer loop
      vertex 146.95 103.8 5
      vertex 147.826 107.88 5
      vertex 147.5 108.098 5
    endloop
  endfacet
  facet normal 0 0 1
    outer loop
      vertex 149 4.49999 5
      vertex 146 1.49999 5
      vertex 148.974 4.10842 5
    endloop
  endfacet
  facet normal 0 0 1
    outer loop
      vertex 146.95 103.8 5
      vertex 147.5 108.098 5
      vertex 147.148 108.272 5
    endloop
  endfacet
  facet normal 0 0 1
    outer loop
      vertex 149 105.5 5
      vertex 146.95 91.4 5
      vertex 146.95 85.8 5
    endloop
  endfacet
  facet normal 0 0 1
    outer loop
      vertex 149 105.5 5
      vertex 146.95 103.8 5
      vertex 146.95 91.4 5
    endloop
  endfacet
  facet normal 0 0 1
    outer loop
      vertex 146.776 108.398 5
      vertex 146.95 103.8 5
      vertex 147.148 108.272 5
    endloop
  endfacet
  facet normal 0 0 1
    outer loop
      vertex 146.392 108.474 5
      vertex 146.95 103.8 5
      vertex 146.776 108.398 5
    endloop
  endfacet
  facet normal 0 0 1
    outer loop
      vertex 146 108.5 5
      vertex 146.95 103.8 5
      vertex 146.392 108.474 5
    endloop
  endfacet
  facet normal 0 0 1
    outer loop
      vertex 146 108.5 5
      vertex 141.55 103.8 5
      vertex 146.95 103.8 5
    endloop
  endfacet
  facet normal 0 0 1
    outer loop
      vertex 87.3 82.8 5
      vertex 141.55 91.4 5
      vertex 141.55 103.8 5
    endloop
  endfacet
  facet normal 0 0 1
    outer loop
      vertex 141.55 91.4 5
      vertex 87.3 82.8 5
      vertex 141.55 85.8 5
    endloop
  endfacet
  facet normal 0 0 1
    outer loop
      vertex 141.55 85.8 5
      vertex 87.3 82.8 5
      vertex 141.55 73.4 5
    endloop
  endfacet
  facet normal 0 0 1
    outer loop
      vertex 87.3 70.4 5
      vertex 141.55 73.4 5
      vertex 87.3 82.8 5
    endloop
  endfacet
  facet normal 0 0 1
    outer loop
      vertex 87.3 29.8 5
      vertex 141.55 51.8 5
      vertex 87.3 70.4 5
    endloop
  endfacet
  facet normal 0 0 1
    outer loop
      vertex 141.55 51.8 5
      vertex 87.3 29.8 5
      vertex 141.55 39.4 5
    endloop
  endfacet
  facet normal 0 0 1
    outer loop
      vertex 141.55 73.4 5
      vertex 87.3 70.4 5
      vertex 141.55 51.8 5
    endloop
  endfacet
  facet normal 0 0 1
    outer loop
      vertex 52.7 103.8 5
      vertex 141.55 103.8 5
      vertex 146 108.5 5
    endloop
  endfacet
  facet normal 0 0 1
    outer loop
      vertex 141.55 103.8 5
      vertex 52.7 103.8 5
      vertex 87.3 82.8 5
    endloop
  endfacet
  facet normal 0 0 1
    outer loop
      vertex 52.7 93.4 5
      vertex 81.9 70.4 5
      vertex 81.9 82.8 5
    endloop
  endfacet
  facet normal 0 0 1
    outer loop
      vertex 52.7 48.4 5
      vertex 81.9 70.4 5
      vertex 52.7 58.8 5
    endloop
  endfacet
  facet normal -0 0 1
    outer loop
      vertex 52.7 93.4 5
      vertex 81.9 82.8 5
      vertex 52.7 103.8 5
    endloop
  endfacet
  facet normal 0 0 1
    outer loop
      vertex 87.3 82.8 5
      vertex 52.7 103.8 5
      vertex 81.9 82.8 5
    endloop
  endfacet
  facet normal -0 0 1
    outer loop
      vertex 4.5 108.5 5
      vertex 52.7 103.8 5
      vertex 146 108.5 5
    endloop
  endfacet
  facet normal 0 0 1
    outer loop
      vertex 4.5 108.5 5
      vertex 40.3 93.4 5
      vertex 40.3 103.8 5
    endloop
  endfacet
  facet normal 0 0 1
    outer loop
      vertex 4.2 73.4 5
      vertex 40.3 93.4 5
      vertex 4.2 85.8 5
    endloop
  endfacet
  facet normal 0 0 1
    outer loop
      vertex 4.2 45.8 5
      vertex 40.3 58.8 5
      vertex 4.2 73.4 5
    endloop
  endfacet
  facet normal 0 0 1
    outer loop
      vertex 4.2 33.4 5
      vertex 40.3 48.4 5
      vertex 4.2 45.8 5
    endloop
  endfacet
  facet normal 0 -0 1
    outer loop
      vertex 19.7 11.7 5
      vertex 40.3 48.4 5
      vertex 4.2 33.4 5
    endloop
  endfacet
  facet normal 0 0 1
    outer loop
      vertex 52.7 103.8 5
      vertex 4.5 108.5 5
      vertex 40.3 103.8 5
    endloop
  endfacet
  facet normal 0 0 1
    outer loop
      vertex 40.3 93.4 5
      vertex 4.5 108.5 5
      vertex 4.2 85.8 5
    endloop
  endfacet
  facet normal 0 0 1
    outer loop
      vertex 40.3 93.4 5
      vertex 4.2 73.4 5
      vertex 40.3 58.8 5
    endloop
  endfacet
  facet normal 0 0 1
    outer loop
      vertex 40.3 58.8 5
      vertex 4.2 45.8 5
      vertex 40.3 48.4 5
    endloop
  endfacet
  facet normal 0 0 1
    outer loop
      vertex 40.3 11.7 5
      vertex 19.7 11.7 5
      vertex 40.3 1.49999 5
    endloop
  endfacet
  facet normal 0 0 1
    outer loop
      vertex 40.3 48.4 5
      vertex 19.7 11.7 5
      vertex 40.3 11.7 5
    endloop
  endfacet
  facet normal 0 0 1
    outer loop
      vertex 1.5 11.7 5
      vertex 4.2 33.4 5
      vertex 1.5 33.4 5
    endloop
  endfacet
  facet normal 0 0 1
    outer loop
      vertex 4.2 33.4 5
      vertex 1.5 11.7 5
      vertex 19.7 11.7 5
    endloop
  endfacet
  facet normal 0 0 1
    outer loop
      vertex 149 105.5 5
      vertex 146.95 85.8 5
      vertex 146.95 73.4 5
    endloop
  endfacet
  facet normal 0 0 1
    outer loop
      vertex 148.974 4.10842 5
      vertex 146 1.49999 5
      vertex 148.898 3.72354 5
    endloop
  endfacet
  facet normal 0 0 1
    outer loop
      vertex 148.772 3.35194 5
      vertex 146 1.49999 5
      vertex 148.598 2.99999 5
    endloop
  endfacet
  facet normal 0 0 1
    outer loop
      vertex 148.598 2.99999 5
      vertex 146 1.49999 5
      vertex 148.38 2.67372 5
    endloop
  endfacet
  facet normal 0 0 1
    outer loop
      vertex 148.38 2.67372 5
      vertex 146 1.49999 5
      vertex 148.121 2.37867 5
    endloop
  endfacet
  facet normal 0 0 1
    outer loop
      vertex 148.121 2.37867 5
      vertex 146 1.49999 5
      vertex 147.826 2.11993 5
    endloop
  endfacet
  facet normal 0 0 1
    outer loop
      vertex 147.826 2.11993 5
      vertex 146 1.49999 5
      vertex 147.5 1.90191 5
    endloop
  endfacet
  facet normal 0 0 1
    outer loop
      vertex 147.5 1.90191 5
      vertex 146 1.49999 5
      vertex 147.148 1.72836 5
    endloop
  endfacet
  facet normal 0 0 1
    outer loop
      vertex 147.148 1.72836 5
      vertex 146 1.49999 5
      vertex 146.776 1.60221 5
    endloop
  endfacet
  facet normal 0 0 1
    outer loop
      vertex 146.776 1.60221 5
      vertex 146 1.49999 5
      vertex 146.392 1.52566 5
    endloop
  endfacet
  facet normal 0 0 1
    outer loop
      vertex 148.898 3.72354 5
      vertex 146 1.49999 5
      vertex 148.772 3.35194 5
    endloop
  endfacet
  facet normal 0 0 1
    outer loop
      vertex 141.55 39.4 5
      vertex 87.3 29.8 5
      vertex 141.55 25.8 5
    endloop
  endfacet
  facet normal 0 0 1
    outer loop
      vertex 87.3 17.4 5
      vertex 141.55 25.8 5
      vertex 87.3 29.8 5
    endloop
  endfacet
  facet normal 0 0 1
    outer loop
      vertex 141.55 25.8 5
      vertex 87.3 17.4 5
      vertex 141.55 13.4 5
    endloop
  endfacet
  facet normal 0 0 1
    outer loop
      vertex 141.55 13.4 5
      vertex 87.3 17.4 5
      vertex 146 1.49999 5
    endloop
  endfacet
  facet normal 0 0 1
    outer loop
      vertex 52.7 1.49999 5
      vertex 87.3 17.4 5
      vertex 81.9 17.4 5
    endloop
  endfacet
  facet normal 0 0 1
    outer loop
      vertex 81.9 70.4 5
      vertex 52.7 93.4 5
      vertex 52.7 58.8 5
    endloop
  endfacet
  facet normal 0 0 1
    outer loop
      vertex 81.9 70.4 5
      vertex 52.7 48.4 5
      vertex 81.9 29.8 5
    endloop
  endfacet
  facet normal 0 0 1
    outer loop
      vertex 52.7 11.7 5
      vertex 81.9 29.8 5
      vertex 52.7 48.4 5
    endloop
  endfacet
  facet normal 0 0 1
    outer loop
      vertex 81.9 29.8 5
      vertex 52.7 11.7 5
      vertex 81.9 17.4 5
    endloop
  endfacet
  facet normal 0 0 1
    outer loop
      vertex 52.7 1.49999 5
      vertex 81.9 17.4 5
      vertex 52.7 11.7 5
    endloop
  endfacet
  facet normal 0 0 1
    outer loop
      vertex 87.3 17.4 5
      vertex 52.7 1.49999 5
      vertex 146 1.49999 5
    endloop
  endfacet
  facet normal 0 0 1
    outer loop
      vertex 40.3 1.49999 5
      vertex 19.7 11.7 5
      vertex 19.7 1.49999 5
    endloop
  endfacet
  facet normal 0.195502 -0.980703 0
    outer loop
      vertex 146.392 1.52566 0
      vertex 146.776 1.60221 5
      vertex 146.392 1.52566 5
    endloop
  endfacet
  facet normal 0.195502 -0.980703 0
    outer loop
      vertex 146.776 1.60221 5
      vertex 146.392 1.52566 0
      vertex 146.776 1.60221 0
    endloop
  endfacet
  facet normal 0.32115 -0.947028 0
    outer loop
      vertex 146.776 1.60221 0
      vertex 147.148 1.72836 5
      vertex 146.776 1.60221 5
    endloop
  endfacet
  facet normal 0.32115 -0.947028 0
    outer loop
      vertex 147.148 1.72836 5
      vertex 146.776 1.60221 0
      vertex 147.148 1.72836 0
    endloop
  endfacet
  facet normal 0.442212 -0.89691 0
    outer loop
      vertex 147.148 1.72836 0
      vertex 147.5 1.90191 5
      vertex 147.148 1.72836 5
    endloop
  endfacet
  facet normal 0.442212 -0.89691 0
    outer loop
      vertex 147.5 1.90191 5
      vertex 147.148 1.72836 0
      vertex 147.5 1.90191 0
    endloop
  endfacet
  facet normal 0.555912 -0.831241 0
    outer loop
      vertex 147.5 1.90191 0
      vertex 147.826 2.11993 5
      vertex 147.5 1.90191 5
    endloop
  endfacet
  facet normal 0.555912 -0.831241 0
    outer loop
      vertex 147.826 2.11993 5
      vertex 147.5 1.90191 0
      vertex 147.826 2.11993 0
    endloop
  endfacet
  facet normal 0.659392 -0.751799 0
    outer loop
      vertex 147.826 2.11993 0
      vertex 148.121 2.37867 5
      vertex 147.826 2.11993 5
    endloop
  endfacet
  facet normal 0.659392 -0.751799 0
    outer loop
      vertex 148.121 2.37867 5
      vertex 147.826 2.11993 0
      vertex 148.121 2.37867 0
    endloop
  endfacet
  facet normal 0.751526 -0.659703 -1.86675e-18
    outer loop
      vertex 148.121 2.37867 5
      vertex 148.38 2.67372 0
      vertex 148.38 2.67372 5
    endloop
  endfacet
  facet normal 0.751526 -0.659703 -1.86675e-18
    outer loop
      vertex 148.38 2.67372 0
      vertex 148.121 2.37867 5
      vertex 148.121 2.37867 0
    endloop
  endfacet
  facet normal 0.831477 -0.555559 -7.54023e-19
    outer loop
      vertex 148.38 2.67372 5
      vertex 148.598 2.99999 0
      vertex 148.598 2.99999 5
    endloop
  endfacet
  facet normal 0.831477 -0.555559 -7.54023e-19
    outer loop
      vertex 148.598 2.99999 0
      vertex 148.38 2.67372 5
      vertex 148.38 2.67372 0
    endloop
  endfacet
  facet normal 0.89643 -0.443185 -3.87745e-20
    outer loop
      vertex 148.598 2.99999 5
      vertex 148.772 3.35194 0
      vertex 148.772 3.35194 5
    endloop
  endfacet
  facet normal 0.89643 -0.443185 -3.87745e-20
    outer loop
      vertex 148.772 3.35194 0
      vertex 148.598 2.99999 5
      vertex 148.598 2.99999 0
    endloop
  endfacet
  facet normal 0.94704 -0.321117 -9.18282e-19
    outer loop
      vertex 148.772 3.35194 5
      vertex 148.898 3.72354 0
      vertex 148.898 3.72354 5
    endloop
  endfacet
  facet normal 0.94704 -0.321117 -9.18282e-19
    outer loop
      vertex 148.898 3.72354 0
      vertex 148.772 3.35194 5
      vertex 148.772 3.35194 0
    endloop
  endfacet
  facet normal 0.981056 -0.193723 1.81515e-19
    outer loop
      vertex 148.898 3.72354 5
      vertex 148.974 4.10842 0
      vertex 148.974 4.10842 5
    endloop
  endfacet
  facet normal 0.981056 -0.193723 1.81515e-19
    outer loop
      vertex 148.974 4.10842 0
      vertex 148.898 3.72354 5
      vertex 148.898 3.72354 0
    endloop
  endfacet
  facet normal 0.997803 -0.0662535 3.55138e-19
    outer loop
      vertex 148.974 4.10842 5
      vertex 149 4.49999 0
      vertex 149 4.49999 5
    endloop
  endfacet
  facet normal 0.997803 -0.0662535 3.55138e-19
    outer loop
      vertex 149 4.49999 0
      vertex 148.974 4.10842 5
      vertex 148.974 4.10842 0
    endloop
  endfacet
  facet normal 1 -0 0
    outer loop
      vertex 149 4.49999 5
      vertex 149 105.5 0
      vertex 149 105.5 5
    endloop
  endfacet
  facet normal 1 0 0
    outer loop
      vertex 149 105.5 0
      vertex 149 4.49999 5
      vertex 149 4.49999 0
    endloop
  endfacet
  facet normal 0.997808 0.0661811 -2.98764e-19
    outer loop
      vertex 149 105.5 5
      vertex 148.974 105.892 0
      vertex 148.974 105.892 5
    endloop
  endfacet
  facet normal 0.997808 0.0661811 -2.98764e-19
    outer loop
      vertex 148.974 105.892 0
      vertex 149 105.5 5
      vertex 149 105.5 0
    endloop
  endfacet
  facet normal 0.980972 0.194151 -3.52936e-19
    outer loop
      vertex 148.974 105.892 5
      vertex 148.898 106.276 0
      vertex 148.898 106.276 5
    endloop
  endfacet
  facet normal 0.980972 0.194151 -3.52936e-19
    outer loop
      vertex 148.898 106.276 0
      vertex 148.974 105.892 5
      vertex 148.974 105.892 0
    endloop
  endfacet
  facet normal 0.947145 0.320807 -1.2424e-18
    outer loop
      vertex 148.898 106.276 5
      vertex 148.772 106.648 0
      vertex 148.772 106.648 5
    endloop
  endfacet
  facet normal 0.947145 0.320807 -1.2424e-18
    outer loop
      vertex 148.772 106.648 0
      vertex 148.898 106.276 5
      vertex 148.898 106.276 0
    endloop
  endfacet
  facet normal 0.896455 0.443134 -2.81841e-19
    outer loop
      vertex 148.772 106.648 5
      vertex 148.598 107 0
      vertex 148.598 107 5
    endloop
  endfacet
  facet normal 0.896455 0.443134 -2.81841e-19
    outer loop
      vertex 148.598 107 0
      vertex 148.772 106.648 5
      vertex 148.772 106.648 0
    endloop
  endfacet
  facet normal 0.831265 0.555877 2.91339e-18
    outer loop
      vertex 148.598 107 5
      vertex 148.38 107.326 0
      vertex 148.38 107.326 5
    endloop
  endfacet
  facet normal 0.831265 0.555877 2.91339e-18
    outer loop
      vertex 148.38 107.326 0
      vertex 148.598 107 5
      vertex 148.598 107 0
    endloop
  endfacet
  facet normal 0.751471 0.659766 3.82364e-19
    outer loop
      vertex 148.38 107.326 5
      vertex 148.121 107.621 0
      vertex 148.121 107.621 5
    endloop
  endfacet
  facet normal 0.751471 0.659766 3.82364e-19
    outer loop
      vertex 148.121 107.621 0
      vertex 148.38 107.326 5
      vertex 148.38 107.326 0
    endloop
  endfacet
  facet normal 0.659766 0.751471 -0
    outer loop
      vertex 148.121 107.621 0
      vertex 147.826 107.88 5
      vertex 148.121 107.621 5
    endloop
  endfacet
  facet normal 0.659766 0.751471 0
    outer loop
      vertex 147.826 107.88 5
      vertex 148.121 107.621 0
      vertex 147.826 107.88 0
    endloop
  endfacet
  facet normal 0.555877 0.831265 -0
    outer loop
      vertex 147.826 107.88 0
      vertex 147.5 108.098 5
      vertex 147.826 107.88 5
    endloop
  endfacet
  facet normal 0.555877 0.831265 0
    outer loop
      vertex 147.5 108.098 5
      vertex 147.826 107.88 0
      vertex 147.5 108.098 0
    endloop
  endfacet
  facet normal 0.443134 0.896455 -0
    outer loop
      vertex 147.5 108.098 0
      vertex 147.148 108.272 5
      vertex 147.5 108.098 5
    endloop
  endfacet
  facet normal 0.443134 0.896455 0
    outer loop
      vertex 147.148 108.272 5
      vertex 147.5 108.098 0
      vertex 147.148 108.272 0
    endloop
  endfacet
  facet normal 0.320807 0.947145 -0
    outer loop
      vertex 147.148 108.272 0
      vertex 146.776 108.398 5
      vertex 147.148 108.272 5
    endloop
  endfacet
  facet normal 0.320807 0.947145 0
    outer loop
      vertex 146.776 108.398 5
      vertex 147.148 108.272 0
      vertex 146.776 108.398 0
    endloop
  endfacet
  facet normal 0.194151 0.980972 -0
    outer loop
      vertex 146.776 108.398 0
      vertex 146.392 108.474 5
      vertex 146.776 108.398 5
    endloop
  endfacet
  facet normal 0.194151 0.980972 0
    outer loop
      vertex 146.392 108.474 5
      vertex 146.776 108.398 0
      vertex 146.392 108.474 0
    endloop
  endfacet
  facet normal 0.0661811 0.997808 -0
    outer loop
      vertex 146.392 108.474 0
      vertex 146 108.5 5
      vertex 146.392 108.474 5
    endloop
  endfacet
  facet normal 0.0661811 0.997808 0
    outer loop
      vertex 146 108.5 5
      vertex 146.392 108.474 0
      vertex 146 108.5 0
    endloop
  endfacet
  facet normal 0 1 -0
    outer loop
      vertex 146 108.5 0
      vertex 4.5 108.5 5
      vertex 146 108.5 5
    endloop
  endfacet
  facet normal 0 1 0
    outer loop
      vertex 4.5 108.5 5
      vertex 146 108.5 0
      vertex 4.5 108.5 0
    endloop
  endfacet
  facet normal -0.0662535 0.997803 0
    outer loop
      vertex 4.5 108.5 0
      vertex 4.10843 108.474 5
      vertex 4.5 108.5 5
    endloop
  endfacet
  facet normal -0.0662535 0.997803 0
    outer loop
      vertex 4.10843 108.474 5
      vertex 4.5 108.5 0
      vertex 4.10843 108.474 0
    endloop
  endfacet
  facet normal -0.193719 0.981057 0
    outer loop
      vertex 4.10843 108.474 0
      vertex 3.72354 108.398 5
      vertex 4.10843 108.474 5
    endloop
  endfacet
  facet normal -0.193719 0.981057 0
    outer loop
      vertex 3.72354 108.398 5
      vertex 4.10843 108.474 0
      vertex 3.72354 108.398 0
    endloop
  endfacet
  facet normal -0.321117 0.94704 0
    outer loop
      vertex 3.72354 108.398 0
      vertex 3.35194 108.272 5
      vertex 3.72354 108.398 5
    endloop
  endfacet
  facet normal -0.321117 0.94704 0
    outer loop
      vertex 3.35194 108.272 5
      vertex 3.72354 108.398 0
      vertex 3.35194 108.272 0
    endloop
  endfacet
  facet normal -0.443195 0.896425 0
    outer loop
      vertex 3.35194 108.272 0
      vertex 3 108.098 5
      vertex 3.35194 108.272 5
    endloop
  endfacet
  facet normal -0.443195 0.896425 0
    outer loop
      vertex 3 108.098 5
      vertex 3.35194 108.272 0
      vertex 3 108.098 0
    endloop
  endfacet
  facet normal -0.555547 0.831485 0
    outer loop
      vertex 3 108.098 0
      vertex 2.67372 107.88 5
      vertex 3 108.098 5
    endloop
  endfacet
  facet normal -0.555547 0.831485 0
    outer loop
      vertex 2.67372 107.88 5
      vertex 3 108.098 0
      vertex 2.67372 107.88 0
    endloop
  endfacet
  facet normal -0.659716 0.751515 0
    outer loop
      vertex 2.67372 107.88 0
      vertex 2.37868 107.621 5
      vertex 2.67372 107.88 5
    endloop
  endfacet
  facet normal -0.659716 0.751515 0
    outer loop
      vertex 2.37868 107.621 5
      vertex 2.67372 107.88 0
      vertex 2.37868 107.621 0
    endloop
  endfacet
  facet normal -0.751787 0.659406 2.22951e-18
    outer loop
      vertex 2.11993 107.326 0
      vertex 2.37868 107.621 5
      vertex 2.37868 107.621 0
    endloop
  endfacet
  facet normal -0.751787 0.659406 2.22951e-18
    outer loop
      vertex 2.37868 107.621 5
      vertex 2.11993 107.326 0
      vertex 2.11993 107.326 5
    endloop
  endfacet
  facet normal -0.831253 0.555894 3.45088e-18
    outer loop
      vertex 1.90192 107 0
      vertex 2.11993 107.326 5
      vertex 2.11993 107.326 0
    endloop
  endfacet
  facet normal -0.831253 0.555894 3.45088e-18
    outer loop
      vertex 2.11993 107.326 5
      vertex 1.90192 107 0
      vertex 1.90192 107 5
    endloop
  endfacet
  facet normal -0.8969 0.442233 -1.34852e-18
    outer loop
      vertex 1.72836 106.648 0
      vertex 1.90192 107 5
      vertex 1.90192 107 0
    endloop
  endfacet
  facet normal -0.8969 0.442233 -1.34852e-18
    outer loop
      vertex 1.90192 107 5
      vertex 1.72836 106.648 0
      vertex 1.72836 106.648 5
    endloop
  endfacet
  facet normal -0.947036 0.321127 -1.45093e-18
    outer loop
      vertex 1.60222 106.276 0
      vertex 1.72836 106.648 5
      vertex 1.72836 106.648 0
    endloop
  endfacet
  facet normal -0.947036 0.321127 -1.45093e-18
    outer loop
      vertex 1.72836 106.648 5
      vertex 1.60222 106.276 0
      vertex 1.60222 106.276 5
    endloop
  endfacet
  facet normal -0.980703 0.195502 1.08404e-19
    outer loop
      vertex 1.52567 105.892 0
      vertex 1.60222 106.276 5
      vertex 1.60222 106.276 0
    endloop
  endfacet
  facet normal -0.980703 0.195502 1.08404e-19
    outer loop
      vertex 1.60222 106.276 5
      vertex 1.52567 105.892 0
      vertex 1.52567 105.892 5
    endloop
  endfacet
  facet normal -0.997863 0.0653447 1.88002e-19
    outer loop
      vertex 1.5 105.5 0
      vertex 1.52567 105.892 5
      vertex 1.52567 105.892 0
    endloop
  endfacet
  facet normal -0.997863 0.0653447 1.88002e-19
    outer loop
      vertex 1.52567 105.892 5
      vertex 1.5 105.5 0
      vertex 1.5 105.5 5
    endloop
  endfacet
  facet normal -1 0 0
    outer loop
      vertex 1.5 85.8 0
      vertex 1.5 105.5 5
      vertex 1.5 105.5 0
    endloop
  endfacet
  facet normal -1 -0 0
    outer loop
      vertex 1.5 105.5 5
      vertex 1.5 85.8 0
      vertex 1.5 85.8 5
    endloop
  endfacet
  facet normal 0 -1 0
    outer loop
      vertex 1.5 85.8 0
      vertex 4.2 85.8 5
      vertex 1.5 85.8 5
    endloop
  endfacet
  facet normal 0 -1 -0
    outer loop
      vertex 4.2 85.8 5
      vertex 1.5 85.8 0
      vertex 4.2 85.8 0
    endloop
  endfacet
  facet normal -1 0 0
    outer loop
      vertex 4.2 73.4 0
      vertex 4.2 85.8 5
      vertex 4.2 85.8 0
    endloop
  endfacet
  facet normal -1 -0 0
    outer loop
      vertex 4.2 85.8 5
      vertex 4.2 73.4 0
      vertex 4.2 73.4 5
    endloop
  endfacet
  facet normal 0 1 -0
    outer loop
      vertex 4.2 73.4 0
      vertex 1.5 73.4 5
      vertex 4.2 73.4 5
    endloop
  endfacet
  facet normal 0 1 0
    outer loop
      vertex 1.5 73.4 5
      vertex 4.2 73.4 0
      vertex 1.5 73.4 0
    endloop
  endfacet
  facet normal -1 0 0
    outer loop
      vertex 1.5 45.8 0
      vertex 1.5 73.4 5
      vertex 1.5 73.4 0
    endloop
  endfacet
  facet normal -1 -0 0
    outer loop
      vertex 1.5 73.4 5
      vertex 1.5 45.8 0
      vertex 1.5 45.8 5
    endloop
  endfacet
  facet normal 0 -1 0
    outer loop
      vertex 1.5 45.8 0
      vertex 4.2 45.8 5
      vertex 1.5 45.8 5
    endloop
  endfacet
  facet normal 0 -1 -0
    outer loop
      vertex 4.2 45.8 5
      vertex 1.5 45.8 0
      vertex 4.2 45.8 0
    endloop
  endfacet
  facet normal -1 0 0
    outer loop
      vertex 4.2 33.4 0
      vertex 4.2 45.8 5
      vertex 4.2 45.8 0
    endloop
  endfacet
  facet normal -1 -0 0
    outer loop
      vertex 4.2 45.8 5
      vertex 4.2 33.4 0
      vertex 4.2 33.4 5
    endloop
  endfacet
  facet normal 0 1 -0
    outer loop
      vertex 4.2 33.4 0
      vertex 1.5 33.4 5
      vertex 4.2 33.4 5
    endloop
  endfacet
  facet normal 0 1 0
    outer loop
      vertex 1.5 33.4 5
      vertex 4.2 33.4 0
      vertex 1.5 33.4 0
    endloop
  endfacet
  facet normal -1 0 0
    outer loop
      vertex 1.5 11.7 0
      vertex 1.5 33.4 5
      vertex 1.5 33.4 0
    endloop
  endfacet
  facet normal -1 -0 0
    outer loop
      vertex 1.5 33.4 5
      vertex 1.5 11.7 0
      vertex 1.5 11.7 5
    endloop
  endfacet
  facet normal 0 -1 0
    outer loop
      vertex 1.5 11.7 0
      vertex 19.7 11.7 5
      vertex 1.5 11.7 5
    endloop
  endfacet
  facet normal 0 -1 -0
    outer loop
      vertex 19.7 11.7 5
      vertex 1.5 11.7 0
      vertex 19.7 11.7 0
    endloop
  endfacet
  facet normal -1 0 0
    outer loop
      vertex 19.7 1.49999 0
      vertex 19.7 11.7 5
      vertex 19.7 11.7 0
    endloop
  endfacet
  facet normal -1 -0 0
    outer loop
      vertex 19.7 11.7 5
      vertex 19.7 1.49999 0
      vertex 19.7 1.49999 5
    endloop
  endfacet
  facet normal 0 -1 0
    outer loop
      vertex 19.7 1.49999 0
      vertex 40.3 1.49999 5
      vertex 19.7 1.49999 5
    endloop
  endfacet
  facet normal 0 -1 -0
    outer loop
      vertex 40.3 1.49999 5
      vertex 19.7 1.49999 0
      vertex 40.3 1.49999 0
    endloop
  endfacet
  facet normal 1 -0 0
    outer loop
      vertex 40.3 1.49999 5
      vertex 40.3 11.7 0
      vertex 40.3 11.7 5
    endloop
  endfacet
  facet normal 1 0 0
    outer loop
      vertex 40.3 11.7 0
      vertex 40.3 1.49999 5
      vertex 40.3 1.49999 0
    endloop
  endfacet
  facet normal 0 -1 0
    outer loop
      vertex 40.3 11.7 0
      vertex 52.7 11.7 5
      vertex 40.3 11.7 5
    endloop
  endfacet
  facet normal 0 -1 -0
    outer loop
      vertex 52.7 11.7 5
      vertex 40.3 11.7 0
      vertex 52.7 11.7 0
    endloop
  endfacet
  facet normal -1 0 0
    outer loop
      vertex 52.7 1.49999 0
      vertex 52.7 11.7 5
      vertex 52.7 11.7 0
    endloop
  endfacet
  facet normal -1 -0 0
    outer loop
      vertex 52.7 11.7 5
      vertex 52.7 1.49999 0
      vertex 52.7 1.49999 5
    endloop
  endfacet
  facet normal 0 -1 0
    outer loop
      vertex 52.7 1.49999 0
      vertex 146 1.49999 5
      vertex 52.7 1.49999 5
    endloop
  endfacet
  facet normal 0 -1 -0
    outer loop
      vertex 146 1.49999 5
      vertex 52.7 1.49999 0
      vertex 146 1.49999 0
    endloop
  endfacet
  facet normal 0.0653447 -0.997863 0
    outer loop
      vertex 146 1.49999 0
      vertex 146.392 1.52566 5
      vertex 146 1.49999 5
    endloop
  endfacet
  facet normal 0.0653447 -0.997863 0
    outer loop
      vertex 146.392 1.52566 5
      vertex 146 1.49999 0
      vertex 146.392 1.52566 0
    endloop
  endfacet
  facet normal 1 -0 0
    outer loop
      vertex 141.55 91.4 5
      vertex 141.55 103.8 0
      vertex 141.55 103.8 5
    endloop
  endfacet
  facet normal 1 0 0
    outer loop
      vertex 141.55 103.8 0
      vertex 141.55 91.4 5
      vertex 141.55 91.4 0
    endloop
  endfacet
  facet normal 0 -1 0
    outer loop
      vertex 141.55 103.8 0
      vertex 146.95 103.8 5
      vertex 141.55 103.8 5
    endloop
  endfacet
  facet normal 0 -1 -0
    outer loop
      vertex 146.95 103.8 5
      vertex 141.55 103.8 0
      vertex 146.95 103.8 0
    endloop
  endfacet
  facet normal -1 0 0
    outer loop
      vertex 146.95 91.4 0
      vertex 146.95 103.8 5
      vertex 146.95 103.8 0
    endloop
  endfacet
  facet normal -1 -0 0
    outer loop
      vertex 146.95 103.8 5
      vertex 146.95 91.4 0
      vertex 146.95 91.4 5
    endloop
  endfacet
  facet normal 0 1 -0
    outer loop
      vertex 146.95 91.4 0
      vertex 141.55 91.4 5
      vertex 146.95 91.4 5
    endloop
  endfacet
  facet normal 0 1 0
    outer loop
      vertex 141.55 91.4 5
      vertex 146.95 91.4 0
      vertex 141.55 91.4 0
    endloop
  endfacet
  facet normal 1 -0 0
    outer loop
      vertex 40.3 93.4 5
      vertex 40.3 103.8 0
      vertex 40.3 103.8 5
    endloop
  endfacet
  facet normal 1 0 0
    outer loop
      vertex 40.3 103.8 0
      vertex 40.3 93.4 5
      vertex 40.3 93.4 0
    endloop
  endfacet
  facet normal 0 -1 0
    outer loop
      vertex 40.3 103.8 0
      vertex 52.7 103.8 5
      vertex 40.3 103.8 5
    endloop
  endfacet
  facet normal 0 -1 -0
    outer loop
      vertex 52.7 103.8 5
      vertex 40.3 103.8 0
      vertex 52.7 103.8 0
    endloop
  endfacet
  facet normal -1 0 0
    outer loop
      vertex 52.7 93.4 0
      vertex 52.7 103.8 5
      vertex 52.7 103.8 0
    endloop
  endfacet
  facet normal -1 -0 0
    outer loop
      vertex 52.7 103.8 5
      vertex 52.7 93.4 0
      vertex 52.7 93.4 5
    endloop
  endfacet
  facet normal 0 1 -0
    outer loop
      vertex 52.7 93.4 0
      vertex 40.3 93.4 5
      vertex 52.7 93.4 5
    endloop
  endfacet
  facet normal 0 1 0
    outer loop
      vertex 40.3 93.4 5
      vertex 52.7 93.4 0
      vertex 40.3 93.4 0
    endloop
  endfacet
  facet normal 1 -0 0
    outer loop
      vertex 141.55 73.4 5
      vertex 141.55 85.8 0
      vertex 141.55 85.8 5
    endloop
  endfacet
  facet normal 1 0 0
    outer loop
      vertex 141.55 85.8 0
      vertex 141.55 73.4 5
      vertex 141.55 73.4 0
    endloop
  endfacet
  facet normal 0 -1 0
    outer loop
      vertex 141.55 85.8 0
      vertex 146.95 85.8 5
      vertex 141.55 85.8 5
    endloop
  endfacet
  facet normal 0 -1 -0
    outer loop
      vertex 146.95 85.8 5
      vertex 141.55 85.8 0
      vertex 146.95 85.8 0
    endloop
  endfacet
  facet normal -1 0 0
    outer loop
      vertex 146.95 73.4 0
      vertex 146.95 85.8 5
      vertex 146.95 85.8 0
    endloop
  endfacet
  facet normal -1 -0 0
    outer loop
      vertex 146.95 85.8 5
      vertex 146.95 73.4 0
      vertex 146.95 73.4 5
    endloop
  endfacet
  facet normal 0 1 -0
    outer loop
      vertex 146.95 73.4 0
      vertex 141.55 73.4 5
      vertex 146.95 73.4 5
    endloop
  endfacet
  facet normal 0 1 0
    outer loop
      vertex 141.55 73.4 5
      vertex 146.95 73.4 0
      vertex 141.55 73.4 0
    endloop
  endfacet
  facet normal 1 -0 0
    outer loop
      vertex 81.9 70.4 5
      vertex 81.9 82.8 0
      vertex 81.9 82.8 5
    endloop
  endfacet
  facet normal 1 0 0
    outer loop
      vertex 81.9 82.8 0
      vertex 81.9 70.4 5
      vertex 81.9 70.4 0
    endloop
  endfacet
  facet normal 0 -1 0
    outer loop
      vertex 81.9 82.8 0
      vertex 87.3 82.8 5
      vertex 81.9 82.8 5
    endloop
  endfacet
  facet normal 0 -1 -0
    outer loop
      vertex 87.3 82.8 5
      vertex 81.9 82.8 0
      vertex 87.3 82.8 0
    endloop
  endfacet
  facet normal -1 0 0
    outer loop
      vertex 87.3 70.4 0
      vertex 87.3 82.8 5
      vertex 87.3 82.8 0
    endloop
  endfacet
  facet normal -1 -0 0
    outer loop
      vertex 87.3 82.8 5
      vertex 87.3 70.4 0
      vertex 87.3 70.4 5
    endloop
  endfacet
  facet normal 0 1 -0
    outer loop
      vertex 87.3 70.4 0
      vertex 81.9 70.4 5
      vertex 87.3 70.4 5
    endloop
  endfacet
  facet normal 0 1 0
    outer loop
      vertex 81.9 70.4 5
      vertex 87.3 70.4 0
      vertex 81.9 70.4 0
    endloop
  endfacet
  facet normal 1 -0 0
    outer loop
      vertex 40.3 48.4 5
      vertex 40.3 58.8 0
      vertex 40.3 58.8 5
    endloop
  endfacet
  facet normal 1 0 0
    outer loop
      vertex 40.3 58.8 0
      vertex 40.3 48.4 5
      vertex 40.3 48.4 0
    endloop
  endfacet
  facet normal 0 -1 0
    outer loop
      vertex 40.3 58.8 0
      vertex 52.7 58.8 5
      vertex 40.3 58.8 5
    endloop
  endfacet
  facet normal 0 -1 -0
    outer loop
      vertex 52.7 58.8 5
      vertex 40.3 58.8 0
      vertex 52.7 58.8 0
    endloop
  endfacet
  facet normal -1 0 0
    outer loop
      vertex 52.7 48.4 0
      vertex 52.7 58.8 5
      vertex 52.7 58.8 0
    endloop
  endfacet
  facet normal -1 -0 0
    outer loop
      vertex 52.7 58.8 5
      vertex 52.7 48.4 0
      vertex 52.7 48.4 5
    endloop
  endfacet
  facet normal 0 1 -0
    outer loop
      vertex 52.7 48.4 0
      vertex 40.3 48.4 5
      vertex 52.7 48.4 5
    endloop
  endfacet
  facet normal 0 1 0
    outer loop
      vertex 40.3 48.4 5
      vertex 52.7 48.4 0
      vertex 40.3 48.4 0
    endloop
  endfacet
  facet normal 1 -0 0
    outer loop
      vertex 141.55 39.4 5
      vertex 141.55 51.8 0
      vertex 141.55 51.8 5
    endloop
  endfacet
  facet normal 1 0 0
    outer loop
      vertex 141.55 51.8 0
      vertex 141.55 39.4 5
      vertex 141.55 39.4 0
    endloop
  endfacet
  facet normal 0 -1 0
    outer loop
      vertex 141.55 51.8 0
      vertex 146.95 51.8 5
      vertex 141.55 51.8 5
    endloop
  endfacet
  facet normal 0 -1 -0
    outer loop
      vertex 146.95 51.8 5
      vertex 141.55 51.8 0
      vertex 146.95 51.8 0
    endloop
  endfacet
  facet normal -1 0 0
    outer loop
      vertex 146.95 39.4 0
      vertex 146.95 51.8 5
      vertex 146.95 51.8 0
    endloop
  endfacet
  facet normal -1 -0 0
    outer loop
      vertex 146.95 51.8 5
      vertex 146.95 39.4 0
      vertex 146.95 39.4 5
    endloop
  endfacet
  facet normal 0 1 -0
    outer loop
      vertex 146.95 39.4 0
      vertex 141.55 39.4 5
      vertex 146.95 39.4 5
    endloop
  endfacet
  facet normal 0 1 0
    outer loop
      vertex 141.55 39.4 5
      vertex 146.95 39.4 0
      vertex 141.55 39.4 0
    endloop
  endfacet
  facet normal 1 -0 0
    outer loop
      vertex 81.9 17.4 5
      vertex 81.9 29.8 0
      vertex 81.9 29.8 5
    endloop
  endfacet
  facet normal 1 0 0
    outer loop
      vertex 81.9 29.8 0
      vertex 81.9 17.4 5
      vertex 81.9 17.4 0
    endloop
  endfacet
  facet normal 0 -1 0
    outer loop
      vertex 81.9 29.8 0
      vertex 87.3 29.8 5
      vertex 81.9 29.8 5
    endloop
  endfacet
  facet normal 0 -1 -0
    outer loop
      vertex 87.3 29.8 5
      vertex 81.9 29.8 0
      vertex 87.3 29.8 0
    endloop
  endfacet
  facet normal -1 0 0
    outer loop
      vertex 87.3 17.4 0
      vertex 87.3 29.8 5
      vertex 87.3 29.8 0
    endloop
  endfacet
  facet normal -1 -0 0
    outer loop
      vertex 87.3 29.8 5
      vertex 87.3 17.4 0
      vertex 87.3 17.4 5
    endloop
  endfacet
  facet normal 0 1 -0
    outer loop
      vertex 87.3 17.4 0
      vertex 81.9 17.4 5
      vertex 87.3 17.4 5
    endloop
  endfacet
  facet normal 0 1 0
    outer loop
      vertex 81.9 17.4 5
      vertex 87.3 17.4 0
      vertex 81.9 17.4 0
    endloop
  endfacet
  facet normal 1 -0 0
    outer loop
      vertex 141.55 13.4 5
      vertex 141.55 25.8 0
      vertex 141.55 25.8 5
    endloop
  endfacet
  facet normal 1 0 0
    outer loop
      vertex 141.55 25.8 0
      vertex 141.55 13.4 5
      vertex 141.55 13.4 0
    endloop
  endfacet
  facet normal 0 -1 0
    outer loop
      vertex 141.55 25.8 0
      vertex 146.95 25.8 5
      vertex 141.55 25.8 5
    endloop
  endfacet
  facet normal 0 -1 -0
    outer loop
      vertex 146.95 25.8 5
      vertex 141.55 25.8 0
      vertex 146.95 25.8 0
    endloop
  endfacet
  facet normal -1 0 0
    outer loop
      vertex 146.95 13.4 0
      vertex 146.95 25.8 5
      vertex 146.95 25.8 0
    endloop
  endfacet
  facet normal -1 -0 0
    outer loop
      vertex 146.95 25.8 5
      vertex 146.95 13.4 0
      vertex 146.95 13.4 5
    endloop
  endfacet
  facet normal 0 1 -0
    outer loop
      vertex 146.95 13.4 0
      vertex 141.55 13.4 5
      vertex 146.95 13.4 5
    endloop
  endfacet
  facet normal 0 1 0
    outer loop
      vertex 141.55 13.4 5
      vertex 146.95 13.4 0
      vertex 141.55 13.4 0
    endloop
  endfacet
  facet normal 0 0 -1
    outer loop
      vertex 120.593 89.8675 0.599999
      vertex 118.992 91.1044 0.599999
      vertex 120.593 97.5113 0.599999
    endloop
  endfacet
  facet normal 0 0 -1
    outer loop
      vertex 117.501 89.8675 0.599999
      vertex 118.992 91.1044 0.599999
      vertex 120.593 89.8675 0.599999
    endloop
  endfacet
  facet normal -0 0 -1
    outer loop
      vertex 118.992 91.1044 0.599999
      vertex 117.501 89.8675 0.599999
      vertex 117.636 91.1044 0.599999
    endloop
  endfacet
  facet normal 0 0 -1
    outer loop
      vertex 117.501 89.8675 0.599999
      vertex 117.35 91.1189 0.599999
      vertex 117.636 91.1044 0.599999
    endloop
  endfacet
  facet normal 0 0 -1
    outer loop
      vertex 117.192 89.877 0.599999
      vertex 117.35 91.1189 0.599999
      vertex 117.501 89.8675 0.599999
    endloop
  endfacet
  facet normal 0 0 -1
    outer loop
      vertex 117.192 89.877 0.599999
      vertex 117.082 91.1624 0.599999
      vertex 117.35 91.1189 0.599999
    endloop
  endfacet
  facet normal 0 0 -1
    outer loop
      vertex 116.894 89.9056 0.599999
      vertex 117.082 91.1624 0.599999
      vertex 117.192 89.877 0.599999
    endloop
  endfacet
  facet normal 0 0 -1
    outer loop
      vertex 116.607 89.9532 0.599999
      vertex 117.082 91.1624 0.599999
      vertex 116.894 89.9056 0.599999
    endloop
  endfacet
  facet normal -0 0 -1
    outer loop
      vertex 117.082 91.1624 0.599999
      vertex 116.607 89.9532 0.599999
      vertex 116.83 91.2349 0.599999
    endloop
  endfacet
  facet normal 0 0 -1
    outer loop
      vertex 116.329 90.0199 0.599999
      vertex 116.83 91.2349 0.599999
      vertex 116.607 89.9532 0.599999
    endloop
  endfacet
  facet normal -0 0 -1
    outer loop
      vertex 116.83 91.2349 0.599999
      vertex 116.329 90.0199 0.599999
      vertex 116.596 91.3364 0.599999
    endloop
  endfacet
  facet normal 0 0 -1
    outer loop
      vertex 116.061 90.1056 0.599999
      vertex 116.596 91.3364 0.599999
      vertex 116.329 90.0199 0.599999
    endloop
  endfacet
  facet normal 0 0 -1
    outer loop
      vertex 115.803 90.2103 0.599999
      vertex 116.596 91.3364 0.599999
      vertex 116.061 90.1056 0.599999
    endloop
  endfacet
  facet normal -0 0 -1
    outer loop
      vertex 116.596 91.3364 0.599999
      vertex 115.803 90.2103 0.599999
      vertex 116.38 91.467 0.599999
    endloop
  endfacet
  facet normal 0 0 -1
    outer loop
      vertex 115.556 90.3341 0.599999
      vertex 116.38 91.467 0.599999
      vertex 115.803 90.2103 0.599999
    endloop
  endfacet
  facet normal -0 0 -1
    outer loop
      vertex 116.38 91.467 0.599999
      vertex 115.556 90.3341 0.599999
      vertex 116.18 91.6265 0.599999
    endloop
  endfacet
  facet normal 0 0 -1
    outer loop
      vertex 115.321 90.4758 0.599999
      vertex 116.18 91.6265 0.599999
      vertex 115.556 90.3341 0.599999
    endloop
  endfacet
  facet normal 0 0 -1
    outer loop
      vertex 115.102 90.6345 0.599999
      vertex 116.18 91.6265 0.599999
      vertex 115.321 90.4758 0.599999
    endloop
  endfacet
  facet normal -0 0 -1
    outer loop
      vertex 116.18 91.6265 0.599999
      vertex 115.102 90.6345 0.599999
      vertex 115.998 91.815 0.599999
    endloop
  endfacet
  facet normal 0 0 -1
    outer loop
      vertex 114.899 90.8102 0.599999
      vertex 115.998 91.815 0.599999
      vertex 115.102 90.6345 0.599999
    endloop
  endfacet
  facet normal 0 0 -1
    outer loop
      vertex 114.711 91.0028 0.599999
      vertex 115.998 91.815 0.599999
      vertex 114.899 90.8102 0.599999
    endloop
  endfacet
  facet normal -0 0 -1
    outer loop
      vertex 115.998 91.815 0.599999
      vertex 114.711 91.0028 0.599999
      vertex 115.837 92.0285 0.599999
    endloop
  endfacet
  facet normal 0 0 -1
    outer loop
      vertex 114.539 91.2123 0.599999
      vertex 115.837 92.0285 0.599999
      vertex 114.711 91.0028 0.599999
    endloop
  endfacet
  facet normal 0 0 -1
    outer loop
      vertex 114.383 91.4388 0.599999
      vertex 115.7 92.2628 0.599999
      vertex 114.539 91.2123 0.599999
    endloop
  endfacet
  facet normal -0 0 -1
    outer loop
      vertex 115.837 92.0285 0.599999
      vertex 114.539 91.2123 0.599999
      vertex 115.7 92.2628 0.599999
    endloop
  endfacet
  facet normal 0 0 -1
    outer loop
      vertex 118.992 96.2745 0.599999
      vertex 120.593 97.5113 0.599999
      vertex 118.992 91.1044 0.599999
    endloop
  endfacet
  facet normal 0 0 -1
    outer loop
      vertex 117.826 97.5113 0.599999
      vertex 118.992 96.2745 0.599999
      vertex 117.859 96.2745 0.599999
    endloop
  endfacet
  facet normal 0 0 -1
    outer loop
      vertex 118.992 96.2745 0.599999
      vertex 117.826 97.5113 0.599999
      vertex 120.593 97.5113 0.599999
    endloop
  endfacet
  facet normal 0 0 -1
    outer loop
      vertex 117.53 96.2612 0.599999
      vertex 117.826 97.5113 0.599999
      vertex 117.859 96.2745 0.599999
    endloop
  endfacet
  facet normal 0 0 -1
    outer loop
      vertex 117.53 96.2612 0.599999
      vertex 117.292 97.4915 0.599999
      vertex 117.826 97.5113 0.599999
    endloop
  endfacet
  facet normal 0 0 -1
    outer loop
      vertex 117.224 96.2215 0.599999
      vertex 117.292 97.4915 0.599999
      vertex 117.53 96.2612 0.599999
    endloop
  endfacet
  facet normal 0 0 -1
    outer loop
      vertex 116.794 97.4318 0.599999
      vertex 117.224 96.2215 0.599999
      vertex 116.941 96.1554 0.599999
    endloop
  endfacet
  facet normal 0 0 -1
    outer loop
      vertex 117.224 96.2215 0.599999
      vertex 116.794 97.4318 0.599999
      vertex 117.292 97.4915 0.599999
    endloop
  endfacet
  facet normal 0 0 -1
    outer loop
      vertex 116.331 97.3325 0.599999
      vertex 116.941 96.1554 0.599999
      vertex 116.68 96.0628 0.599999
    endloop
  endfacet
  facet normal 0 0 -1
    outer loop
      vertex 115.904 97.1933 0.599999
      vertex 116.68 96.0628 0.599999
      vertex 116.441 95.9437 0.599999
    endloop
  endfacet
  facet normal 0 0 -1
    outer loop
      vertex 116.941 96.1554 0.599999
      vertex 116.331 97.3325 0.599999
      vertex 116.794 97.4318 0.599999
    endloop
  endfacet
  facet normal 0 0 -1
    outer loop
      vertex 115.513 97.0145 0.599999
      vertex 116.441 95.9437 0.599999
      vertex 116.224 95.7981 0.599999
    endloop
  endfacet
  facet normal 0 0 -1
    outer loop
      vertex 115.157 96.7959 0.599999
      vertex 116.224 95.7981 0.599999
      vertex 116.03 95.6261 0.599999
    endloop
  endfacet
  facet normal 0 0 -1
    outer loop
      vertex 116.68 96.0628 0.599999
      vertex 115.904 97.1933 0.599999
      vertex 116.331 97.3325 0.599999
    endloop
  endfacet
  facet normal 0 0 -1
    outer loop
      vertex 114.837 96.5375 0.599999
      vertex 116.03 95.6261 0.599999
      vertex 115.86 95.429 0.599999
    endloop
  endfacet
  facet normal 0 0 -1
    outer loop
      vertex 114.556 96.2421 0.599999
      vertex 115.86 95.429 0.599999
      vertex 115.717 95.2081 0.599999
    endloop
  endfacet
  facet normal 0 0 -1
    outer loop
      vertex 114.319 95.9122 0.599999
      vertex 115.717 95.2081 0.599999
      vertex 115.599 94.9633 0.599999
    endloop
  endfacet
  facet normal 0 0 -1
    outer loop
      vertex 116.441 95.9437 0.599999
      vertex 115.513 97.0145 0.599999
      vertex 115.904 97.1933 0.599999
    endloop
  endfacet
  facet normal 0 0 -1
    outer loop
      vertex 114.124 95.5479 0.599999
      vertex 115.599 94.9633 0.599999
      vertex 115.508 94.6948 0.599999
    endloop
  endfacet
  facet normal 0 0 -1
    outer loop
      vertex 113.865 94.716 0.599999
      vertex 115.508 94.6948 0.599999
      vertex 115.442 94.4024 0.599999
    endloop
  endfacet
  facet normal 0 0 -1
    outer loop
      vertex 113.801 94.2484 0.599999
      vertex 115.442 94.4024 0.599999
      vertex 115.403 94.0863 0.599999
    endloop
  endfacet
  facet normal 0 0 -1
    outer loop
      vertex 113.779 93.7464 0.599999
      vertex 115.403 94.0863 0.599999
      vertex 115.39 93.7464 0.599999
    endloop
  endfacet
  facet normal 0 0 -1
    outer loop
      vertex 116.224 95.7981 0.599999
      vertex 115.157 96.7959 0.599999
      vertex 115.513 97.0145 0.599999
    endloop
  endfacet
  facet normal 0 0 -1
    outer loop
      vertex 114.243 91.6822 0.599999
      vertex 115.7 92.2628 0.599999
      vertex 114.383 91.4388 0.599999
    endloop
  endfacet
  facet normal -0 0 -1
    outer loop
      vertex 115.7 92.2628 0.599999
      vertex 114.243 91.6822 0.599999
      vertex 115.589 92.5179 0.599999
    endloop
  endfacet
  facet normal 0 0 -1
    outer loop
      vertex 114.12 91.9402 0.599999
      vertex 115.589 92.5179 0.599999
      vertex 114.243 91.6822 0.599999
    endloop
  endfacet
  facet normal 0 0 -1
    outer loop
      vertex 113.779 93.7464 0.599999
      vertex 115.39 93.7464 0.599999
      vertex 113.788 93.4146 0.599999
    endloop
  endfacet
  facet normal 0 0 -1
    outer loop
      vertex 114.016 92.2105 0.599999
      vertex 115.589 92.5179 0.599999
      vertex 114.12 91.9402 0.599999
    endloop
  endfacet
  facet normal -0 0 -1
    outer loop
      vertex 115.403 94.0863 0.599999
      vertex 113.779 93.7464 0.599999
      vertex 113.801 94.2484 0.599999
    endloop
  endfacet
  facet normal -0 0 -1
    outer loop
      vertex 115.589 92.5179 0.599999
      vertex 114.016 92.2105 0.599999
      vertex 115.502 92.7938 0.599999
    endloop
  endfacet
  facet normal 0 0 -1
    outer loop
      vertex 113.93 92.4931 0.599999
      vertex 115.502 92.7938 0.599999
      vertex 114.016 92.2105 0.599999
    endloop
  endfacet
  facet normal -0 0 -1
    outer loop
      vertex 115.442 94.4024 0.599999
      vertex 113.801 94.2484 0.599999
      vertex 113.865 94.716 0.599999
    endloop
  endfacet
  facet normal -0 0 -1
    outer loop
      vertex 115.502 92.7938 0.599999
      vertex 113.93 92.4931 0.599999
      vertex 115.44 93.0905 0.599999
    endloop
  endfacet
  facet normal 0 0 -1
    outer loop
      vertex 115.508 94.6948 0.599999
      vertex 113.865 94.716 0.599999
      vertex 113.973 95.1492 0.599999
    endloop
  endfacet
  facet normal 0 0 -1
    outer loop
      vertex 113.864 92.788 0.599999
      vertex 115.44 93.0905 0.599999
      vertex 113.93 92.4931 0.599999
    endloop
  endfacet
  facet normal 0 0 -1
    outer loop
      vertex 113.817 93.0952 0.599999
      vertex 115.44 93.0905 0.599999
      vertex 113.864 92.788 0.599999
    endloop
  endfacet
  facet normal 0 0 -1
    outer loop
      vertex 115.44 93.0905 0.599999
      vertex 113.817 93.0952 0.599999
      vertex 115.403 93.408 0.599999
    endloop
  endfacet
  facet normal 0 0 -1
    outer loop
      vertex 113.788 93.4146 0.599999
      vertex 115.403 93.408 0.599999
      vertex 113.817 93.0952 0.599999
    endloop
  endfacet
  facet normal 0 0 -1
    outer loop
      vertex 115.599 94.9633 0.599999
      vertex 114.124 95.5479 0.599999
      vertex 114.319 95.9122 0.599999
    endloop
  endfacet
  facet normal 0 0 -1
    outer loop
      vertex 115.403 93.408 0.599999
      vertex 113.788 93.4146 0.599999
      vertex 115.39 93.7464 0.599999
    endloop
  endfacet
  facet normal 0 0 -1
    outer loop
      vertex 115.508 94.6948 0.599999
      vertex 113.973 95.1492 0.599999
      vertex 114.124 95.5479 0.599999
    endloop
  endfacet
  facet normal 0 0 -1
    outer loop
      vertex 115.717 95.2081 0.599999
      vertex 114.319 95.9122 0.599999
      vertex 114.556 96.2421 0.599999
    endloop
  endfacet
  facet normal 0 0 -1
    outer loop
      vertex 116.03 95.6261 0.599999
      vertex 114.837 96.5375 0.599999
      vertex 115.157 96.7959 0.599999
    endloop
  endfacet
  facet normal 0 0 -1
    outer loop
      vertex 115.86 95.429 0.599999
      vertex 114.556 96.2421 0.599999
      vertex 114.837 96.5375 0.599999
    endloop
  endfacet
  facet normal 0 0 -1
    outer loop
      vertex 109.279 92.7699 0.599999
      vertex 111.156 94.0122 0.599999
      vertex 111.156 92.7699 0.599999
    endloop
  endfacet
  facet normal 0 0 -1
    outer loop
      vertex 109.279 92.7699 0.599999
      vertex 109.062 94.0122 0.599999
      vertex 111.156 94.0122 0.599999
    endloop
  endfacet
  facet normal 0 0 -1
    outer loop
      vertex 109.279 92.7699 0.599999
      vertex 108.877 94.0184 0.599999
      vertex 109.062 94.0122 0.599999
    endloop
  endfacet
  facet normal 0 0 -1
    outer loop
      vertex 109.279 92.7699 0.599999
      vertex 108.705 94.037 0.599999
      vertex 108.877 94.0184 0.599999
    endloop
  endfacet
  facet normal 0 0 -1
    outer loop
      vertex 107.771 93.0791 0.599999
      vertex 108.705 94.037 0.599999
      vertex 109.279 92.7699 0.599999
    endloop
  endfacet
  facet normal -0 0 -1
    outer loop
      vertex 108.705 94.037 0.599999
      vertex 107.771 93.0791 0.599999
      vertex 108.546 94.068 0.599999
    endloop
  endfacet
  facet normal -0 0 -1
    outer loop
      vertex 108.546 94.068 0.599999
      vertex 107.771 93.0791 0.599999
      vertex 108.4 94.1114 0.599999
    endloop
  endfacet
  facet normal -0 0 -1
    outer loop
      vertex 108.4 94.1114 0.599999
      vertex 107.771 93.0791 0.599999
      vertex 108.267 94.1672 0.599999
    endloop
  endfacet
  facet normal -0 0 -1
    outer loop
      vertex 108.267 94.1672 0.599999
      vertex 107.771 93.0791 0.599999
      vertex 108.148 94.2354 0.599999
    endloop
  endfacet
  facet normal 0 0 -1
    outer loop
      vertex 107.556 93.1399 0.599999
      vertex 108.148 94.2354 0.599999
      vertex 107.771 93.0791 0.599999
    endloop
  endfacet
  facet normal 0 0 -1
    outer loop
      vertex 107.165 93.3104 0.599999
      vertex 108.042 94.316 0.599999
      vertex 107.354 93.2171 0.599999
    endloop
  endfacet
  facet normal 0 0 -1
    outer loop
      vertex 107.354 93.2171 0.599999
      vertex 108.042 94.316 0.599999
      vertex 107.556 93.1399 0.599999
    endloop
  endfacet
  facet normal -0 0 -1
    outer loop
      vertex 108.148 94.2354 0.599999
      vertex 107.556 93.1399 0.599999
      vertex 108.042 94.316 0.599999
    endloop
  endfacet
  facet normal 0 0 -1
    outer loop
      vertex 107.505 89.8675 0.599999
      vertex 107.771 93.0791 0.599999
      vertex 109.279 92.7699 0.599999
    endloop
  endfacet
  facet normal 0 0 -1
    outer loop
      vertex 107.771 93.0791 0.599999
      vertex 107.505 89.8675 0.599999
      vertex 105.704 89.8675 0.599999
    endloop
  endfacet
  facet normal 0 0 -1
    outer loop
      vertex 111.156 92.7699 0.599999
      vertex 112.757 89.8675 0.599999
      vertex 111.156 89.8675 0.599999
    endloop
  endfacet
  facet normal 0 0 -1
    outer loop
      vertex 111.156 94.0122 0.599999
      vertex 112.757 89.8675 0.599999
      vertex 111.156 92.7699 0.599999
    endloop
  endfacet
  facet normal 0 0 -1
    outer loop
      vertex 112.757 89.8675 0.599999
      vertex 111.156 94.0122 0.599999
      vertex 112.757 97.5113 0.599999
    endloop
  endfacet
  facet normal 0 0 -1
    outer loop
      vertex 111.156 96.269 0.599999
      vertex 112.757 97.5113 0.599999
      vertex 111.156 94.0122 0.599999
    endloop
  endfacet
  facet normal 0 0 -1
    outer loop
      vertex 108.938 97.5113 0.599999
      vertex 111.156 96.269 0.599999
      vertex 109.106 96.269 0.599999
    endloop
  endfacet
  facet normal 0 0 -1
    outer loop
      vertex 111.156 96.269 0.599999
      vertex 108.938 97.5113 0.599999
      vertex 112.757 97.5113 0.599999
    endloop
  endfacet
  facet normal 0 0 -1
    outer loop
      vertex 108.732 96.2465 0.599999
      vertex 108.938 97.5113 0.599999
      vertex 109.106 96.269 0.599999
    endloop
  endfacet
  facet normal 0 0 -1
    outer loop
      vertex 108.732 96.2465 0.599999
      vertex 108.56 97.4993 0.599999
      vertex 108.938 97.5113 0.599999
    endloop
  endfacet
  facet normal 0 0 -1
    outer loop
      vertex 108.207 97.4633 0.599999
      vertex 108.732 96.2465 0.599999
      vertex 108.415 96.1791 0.599999
    endloop
  endfacet
  facet normal 0 0 -1
    outer loop
      vertex 108.732 96.2465 0.599999
      vertex 108.207 97.4633 0.599999
      vertex 108.56 97.4993 0.599999
    endloop
  endfacet
  facet normal 0 0 -1
    outer loop
      vertex 107.88 97.4032 0.599999
      vertex 108.415 96.1791 0.599999
      vertex 108.156 96.0667 0.599999
    endloop
  endfacet
  facet normal 0 0 -1
    outer loop
      vertex 107.303 97.211 0.599999
      vertex 108.156 96.0667 0.599999
      vertex 107.954 95.9094 0.599999
    endloop
  endfacet
  facet normal 0 0 -1
    outer loop
      vertex 108.415 96.1791 0.599999
      vertex 107.88 97.4032 0.599999
      vertex 108.207 97.4633 0.599999
    endloop
  endfacet
  facet normal 0 0 -1
    outer loop
      vertex 106.827 96.9227 0.599999
      vertex 107.954 95.9094 0.599999
      vertex 107.81 95.7071 0.599999
    endloop
  endfacet
  facet normal 0 0 -1
    outer loop
      vertex 106.221 96.0826 0.599999
      vertex 107.81 95.7071 0.599999
      vertex 107.724 95.4599 0.599999
    endloop
  endfacet
  facet normal 0 0 -1
    outer loop
      vertex 106.099 95.537 0.599999
      vertex 107.724 95.4599 0.599999
      vertex 107.695 95.1677 0.599999
    endloop
  endfacet
  facet normal 0 0 -1
    outer loop
      vertex 108.156 96.0667 0.599999
      vertex 107.579 97.3191 0.599999
      vertex 107.88 97.4032 0.599999
    endloop
  endfacet
  facet normal -0 0 -1
    outer loop
      vertex 108.042 94.316 0.599999
      vertex 107.165 93.3104 0.599999
      vertex 107.95 94.4078 0.599999
    endloop
  endfacet
  facet normal 0 0 -1
    outer loop
      vertex 106.989 93.4201 0.599999
      vertex 107.95 94.4078 0.599999
      vertex 107.165 93.3104 0.599999
    endloop
  endfacet
  facet normal -0 0 -1
    outer loop
      vertex 107.95 94.4078 0.599999
      vertex 106.989 93.4201 0.599999
      vertex 107.872 94.5095 0.599999
    endloop
  endfacet
  facet normal 0 0 -1
    outer loop
      vertex 106.826 93.546 0.599999
      vertex 107.872 94.5095 0.599999
      vertex 106.989 93.4201 0.599999
    endloop
  endfacet
  facet normal 0 0 -1
    outer loop
      vertex 106.676 93.6882 0.599999
      vertex 107.872 94.5095 0.599999
      vertex 106.826 93.546 0.599999
    endloop
  endfacet
  facet normal -0 0 -1
    outer loop
      vertex 107.872 94.5095 0.599999
      vertex 106.676 93.6882 0.599999
      vertex 107.809 94.6212 0.599999
    endloop
  endfacet
  facet normal 0 0 -1
    outer loop
      vertex 106.54 93.8467 0.599999
      vertex 107.809 94.6212 0.599999
      vertex 106.676 93.6882 0.599999
    endloop
  endfacet
  facet normal 0 -0 -1
    outer loop
      vertex 106.099 95.537 0.599999
      vertex 107.695 95.1677 0.599999
      vertex 106.084 95.2329 0.599999
    endloop
  endfacet
  facet normal 0 0 -1
    outer loop
      vertex 106.419 94.0178 0.599999
      vertex 107.809 94.6212 0.599999
      vertex 106.54 93.8467 0.599999
    endloop
  endfacet
  facet normal 0 0 -1
    outer loop
      vertex 108.156 96.0667 0.599999
      vertex 107.303 97.211 0.599999
      vertex 107.579 97.3191 0.599999
    endloop
  endfacet
  facet normal -0 0 -1
    outer loop
      vertex 107.809 94.6212 0.599999
      vertex 106.419 94.0178 0.599999
      vertex 107.759 94.7429 0.599999
    endloop
  endfacet
  facet normal 0 0 -1
    outer loop
      vertex 107.724 95.4599 0.599999
      vertex 106.099 95.537 0.599999
      vertex 106.145 95.8203 0.599999
    endloop
  endfacet
  facet normal 0 0 -1
    outer loop
      vertex 106.317 94.1979 0.599999
      vertex 107.759 94.7429 0.599999
      vertex 106.419 94.0178 0.599999
    endloop
  endfacet
  facet normal -0 0 -1
    outer loop
      vertex 107.759 94.7429 0.599999
      vertex 106.317 94.1979 0.599999
      vertex 107.724 94.8746 0.599999
    endloop
  endfacet
  facet normal 0 0 -1
    outer loop
      vertex 107.954 95.9094 0.599999
      vertex 107.052 97.0789 0.599999
      vertex 107.303 97.211 0.599999
    endloop
  endfacet
  facet normal 0 0 -1
    outer loop
      vertex 106.233 94.3869 0.599999
      vertex 107.724 94.8746 0.599999
      vertex 106.317 94.1979 0.599999
    endloop
  endfacet
  facet normal 0 0 -1
    outer loop
      vertex 107.724 95.4599 0.599999
      vertex 106.145 95.8203 0.599999
      vertex 106.221 96.0826 0.599999
    endloop
  endfacet
  facet normal 0 0 -1
    outer loop
      vertex 106.168 94.585 0.599999
      vertex 107.724 94.8746 0.599999
      vertex 106.233 94.3869 0.599999
    endloop
  endfacet
  facet normal 0 0 -1
    outer loop
      vertex 107.954 95.9094 0.599999
      vertex 106.827 96.9227 0.599999
      vertex 107.052 97.0789 0.599999
    endloop
  endfacet
  facet normal -0 0 -1
    outer loop
      vertex 107.724 94.8746 0.599999
      vertex 106.168 94.585 0.599999
      vertex 107.702 95.0162 0.599999
    endloop
  endfacet
  facet normal 0 0 -1
    outer loop
      vertex 106.121 94.792 0.599999
      vertex 107.702 95.0162 0.599999
      vertex 106.168 94.585 0.599999
    endloop
  endfacet
  facet normal 0 0 -1
    outer loop
      vertex 107.81 95.7071 0.599999
      vertex 106.463 96.5445 0.599999
      vertex 106.63 96.7441 0.599999
    endloop
  endfacet
  facet normal 0 0 -1
    outer loop
      vertex 106.093 95.0079 0.599999
      vertex 107.702 95.0162 0.599999
      vertex 106.121 94.792 0.599999
    endloop
  endfacet
  facet normal 0 0 -1
    outer loop
      vertex 107.81 95.7071 0.599999
      vertex 106.327 96.324 0.599999
      vertex 106.463 96.5445 0.599999
    endloop
  endfacet
  facet normal -0 0 -1
    outer loop
      vertex 107.702 95.0162 0.599999
      vertex 106.093 95.0079 0.599999
      vertex 107.695 95.1677 0.599999
    endloop
  endfacet
  facet normal 0 0 -1
    outer loop
      vertex 107.81 95.7071 0.599999
      vertex 106.221 96.0826 0.599999
      vertex 106.327 96.324 0.599999
    endloop
  endfacet
  facet normal -0 0 -1
    outer loop
      vertex 107.695 95.1677 0.599999
      vertex 106.093 95.0079 0.599999
      vertex 106.084 95.2329 0.599999
    endloop
  endfacet
  facet normal 0 0 -1
    outer loop
      vertex 107.81 95.7071 0.599999
      vertex 106.63 96.7441 0.599999
      vertex 106.827 96.9227 0.599999
    endloop
  endfacet
  facet normal 0 -1 0
    outer loop
      vertex 117.826 97.5113 0
      vertex 120.593 97.5113 0.599999
      vertex 117.826 97.5113 0.599999
    endloop
  endfacet
  facet normal 0 -1 -0
    outer loop
      vertex 120.593 97.5113 0.599999
      vertex 117.826 97.5113 0
      vertex 120.593 97.5113 0
    endloop
  endfacet
  facet normal 0.0370532 -0.999313 0
    outer loop
      vertex 117.292 97.4915 0
      vertex 117.826 97.5113 0.599999
      vertex 117.292 97.4915 0.599999
    endloop
  endfacet
  facet normal 0.0370532 -0.999313 0
    outer loop
      vertex 117.826 97.5113 0.599999
      vertex 117.292 97.4915 0
      vertex 117.826 97.5113 0
    endloop
  endfacet
  facet normal 0.119027 -0.992891 0
    outer loop
      vertex 116.794 97.4318 0
      vertex 117.292 97.4915 0.599999
      vertex 116.794 97.4318 0.599999
    endloop
  endfacet
  facet normal 0.119027 -0.992891 0
    outer loop
      vertex 117.292 97.4915 0.599999
      vertex 116.794 97.4318 0
      vertex 117.292 97.4915 0
    endloop
  endfacet
  facet normal 0.209702 -0.977765 0
    outer loop
      vertex 116.331 97.3325 0
      vertex 116.794 97.4318 0.599999
      vertex 116.331 97.3325 0.599999
    endloop
  endfacet
  facet normal 0.209702 -0.977765 0
    outer loop
      vertex 116.794 97.4318 0.599999
      vertex 116.331 97.3325 0
      vertex 116.794 97.4318 0
    endloop
  endfacet
  facet normal 0.309942 -0.950756 0
    outer loop
      vertex 115.904 97.1933 0
      vertex 116.331 97.3325 0.599999
      vertex 115.904 97.1933 0.599999
    endloop
  endfacet
  facet normal 0.309942 -0.950756 0
    outer loop
      vertex 116.331 97.3325 0.599999
      vertex 115.904 97.1933 0
      vertex 116.331 97.3325 0
    endloop
  endfacet
  facet normal 0.41587 -0.909424 0
    outer loop
      vertex 115.513 97.0145 0
      vertex 115.904 97.1933 0.599999
      vertex 115.513 97.0145 0.599999
    endloop
  endfacet
  facet normal 0.41587 -0.909424 0
    outer loop
      vertex 115.904 97.1933 0.599999
      vertex 115.513 97.0145 0
      vertex 115.904 97.1933 0
    endloop
  endfacet
  facet normal 0.523269 -0.852167 0
    outer loop
      vertex 115.157 96.7959 0
      vertex 115.513 97.0145 0.599999
      vertex 115.157 96.7959 0.599999
    endloop
  endfacet
  facet normal 0.523269 -0.852167 0
    outer loop
      vertex 115.513 97.0145 0.599999
      vertex 115.157 96.7959 0
      vertex 115.513 97.0145 0
    endloop
  endfacet
  facet normal 0.628247 -0.778014 0
    outer loop
      vertex 114.837 96.5375 0
      vertex 115.157 96.7959 0.599999
      vertex 114.837 96.5375 0.599999
    endloop
  endfacet
  facet normal 0.628247 -0.778014 0
    outer loop
      vertex 115.157 96.7959 0.599999
      vertex 114.837 96.5375 0
      vertex 115.157 96.7959 0
    endloop
  endfacet
  facet normal 0.724546 -0.689226 -8.86865e-18
    outer loop
      vertex 114.556 96.2421 0.599999
      vertex 114.837 96.5375 0
      vertex 114.837 96.5375 0.599999
    endloop
  endfacet
  facet normal 0.724546 -0.689226 -8.86865e-18
    outer loop
      vertex 114.837 96.5375 0
      vertex 114.556 96.2421 0.599999
      vertex 114.556 96.2421 0
    endloop
  endfacet
  facet normal 0.81215 -0.583448 -8.47717e-18
    outer loop
      vertex 114.319 95.9122 0.599999
      vertex 114.556 96.2421 0
      vertex 114.556 96.2421 0.599999
    endloop
  endfacet
  facet normal 0.81215 -0.583448 -8.47717e-18
    outer loop
      vertex 114.556 96.2421 0
      vertex 114.319 95.9122 0.599999
      vertex 114.319 95.9122 0
    endloop
  endfacet
  facet normal 0.881642 -0.471919 -2.1133e-17
    outer loop
      vertex 114.124 95.5479 0.599999
      vertex 114.319 95.9122 0
      vertex 114.319 95.9122 0.599999
    endloop
  endfacet
  facet normal 0.881642 -0.471919 -2.1133e-17
    outer loop
      vertex 114.319 95.9122 0
      vertex 114.124 95.5479 0.599999
      vertex 114.124 95.5479 0
    endloop
  endfacet
  facet normal 0.935177 -0.35418 -2.33085e-18
    outer loop
      vertex 113.973 95.1492 0.599999
      vertex 114.124 95.5479 0
      vertex 114.124 95.5479 0.599999
    endloop
  endfacet
  facet normal 0.935177 -0.35418 -2.33085e-18
    outer loop
      vertex 114.124 95.5479 0
      vertex 113.973 95.1492 0.599999
      vertex 113.973 95.1492 0
    endloop
  endfacet
  facet normal 0.9703 -0.241903 2.2732e-18
    outer loop
      vertex 113.865 94.716 0.599999
      vertex 113.973 95.1492 0
      vertex 113.973 95.1492 0.599999
    endloop
  endfacet
  facet normal 0.9703 -0.241903 2.2732e-18
    outer loop
      vertex 113.973 95.1492 0
      vertex 113.865 94.716 0.599999
      vertex 113.865 94.716 0
    endloop
  endfacet
  facet normal 0.990763 -0.135605 5.1012e-18
    outer loop
      vertex 113.801 94.2484 0.599999
      vertex 113.865 94.716 0
      vertex 113.865 94.716 0.599999
    endloop
  endfacet
  facet normal 0.990763 -0.135605 5.1012e-18
    outer loop
      vertex 113.865 94.716 0
      vertex 113.801 94.2484 0.599999
      vertex 113.801 94.2484 0
    endloop
  endfacet
  facet normal 0.999041 -0.0437827 9.58179e-19
    outer loop
      vertex 113.779 93.7464 0.599999
      vertex 113.801 94.2484 0
      vertex 113.801 94.2484 0.599999
    endloop
  endfacet
  facet normal 0.999041 -0.0437827 9.58179e-19
    outer loop
      vertex 113.801 94.2484 0
      vertex 113.779 93.7464 0.599999
      vertex 113.779 93.7464 0
    endloop
  endfacet
  facet normal 0.999632 0.0271148 3.78608e-19
    outer loop
      vertex 113.788 93.4146 0.599999
      vertex 113.779 93.7464 0
      vertex 113.779 93.7464 0.599999
    endloop
  endfacet
  facet normal 0.999632 0.0271148 3.78608e-19
    outer loop
      vertex 113.779 93.7464 0
      vertex 113.788 93.4146 0.599999
      vertex 113.788 93.4146 0
    endloop
  endfacet
  facet normal 0.995903 0.0904233 -1.1688e-18
    outer loop
      vertex 113.817 93.0952 0.599999
      vertex 113.788 93.4146 0
      vertex 113.788 93.4146 0.599999
    endloop
  endfacet
  facet normal 0.995903 0.0904233 -1.1688e-18
    outer loop
      vertex 113.788 93.4146 0
      vertex 113.817 93.0952 0.599999
      vertex 113.817 93.0952 0
    endloop
  endfacet
  facet normal 0.988498 0.151235 -2.13287e-18
    outer loop
      vertex 113.864 92.788 0.599999
      vertex 113.817 93.0952 0
      vertex 113.817 93.0952 0.599999
    endloop
  endfacet
  facet normal 0.988498 0.151235 -2.13287e-18
    outer loop
      vertex 113.817 93.0952 0
      vertex 113.864 92.788 0.599999
      vertex 113.864 92.788 0
    endloop
  endfacet
  facet normal 0.975859 0.218402 -4.59674e-18
    outer loop
      vertex 113.93 92.4931 0.599999
      vertex 113.864 92.788 0
      vertex 113.864 92.788 0.599999
    endloop
  endfacet
  facet normal 0.975859 0.218402 -4.59674e-18
    outer loop
      vertex 113.864 92.788 0
      vertex 113.93 92.4931 0.599999
      vertex 113.93 92.4931 0
    endloop
  endfacet
  facet normal 0.956682 0.291135 -5.18588e-18
    outer loop
      vertex 114.016 92.2105 0.599999
      vertex 113.93 92.4931 0
      vertex 113.93 92.4931 0.599999
    endloop
  endfacet
  facet normal 0.956682 0.291135 -5.18588e-18
    outer loop
      vertex 113.93 92.4931 0
      vertex 114.016 92.2105 0.599999
      vertex 114.016 92.2105 0
    endloop
  endfacet
  facet normal 0.933301 0.359095 -8.93801e-18
    outer loop
      vertex 114.12 91.9402 0.599999
      vertex 114.016 92.2105 0
      vertex 114.016 92.2105 0.599999
    endloop
  endfacet
  facet normal 0.933301 0.359095 -8.93801e-18
    outer loop
      vertex 114.016 92.2105 0
      vertex 114.12 91.9402 0.599999
      vertex 114.12 91.9402 0
    endloop
  endfacet
  facet normal 0.902666 0.430341 -1.93389e-17
    outer loop
      vertex 114.243 91.6822 0.599999
      vertex 114.12 91.9402 0
      vertex 114.12 91.9402 0.599999
    endloop
  endfacet
  facet normal 0.902666 0.430341 -1.93389e-17
    outer loop
      vertex 114.12 91.9402 0
      vertex 114.243 91.6822 0.599999
      vertex 114.243 91.6822 0
    endloop
  endfacet
  facet normal 0.866837 0.498592 4.14634e-18
    outer loop
      vertex 114.383 91.4388 0.599999
      vertex 114.243 91.6822 0
      vertex 114.243 91.6822 0.599999
    endloop
  endfacet
  facet normal 0.866837 0.498592 4.14634e-18
    outer loop
      vertex 114.243 91.6822 0
      vertex 114.383 91.4388 0.599999
      vertex 114.383 91.4388 0
    endloop
  endfacet
  facet normal 0.823564 0.567223 1.77136e-17
    outer loop
      vertex 114.539 91.2123 0.599999
      vertex 114.383 91.4388 0
      vertex 114.383 91.4388 0.599999
    endloop
  endfacet
  facet normal 0.823564 0.567223 1.77136e-17
    outer loop
      vertex 114.383 91.4388 0
      vertex 114.539 91.2123 0.599999
      vertex 114.539 91.2123 0
    endloop
  endfacet
  facet normal 0.772888 0.634543 -1.41798e-17
    outer loop
      vertex 114.711 91.0028 0.599999
      vertex 114.539 91.2123 0
      vertex 114.539 91.2123 0.599999
    endloop
  endfacet
  facet normal 0.772888 0.634543 -1.41798e-17
    outer loop
      vertex 114.539 91.2123 0
      vertex 114.711 91.0028 0.599999
      vertex 114.711 91.0028 0
    endloop
  endfacet
  facet normal 0.715601 0.69851 -4.24216e-18
    outer loop
      vertex 114.899 90.8102 0.599999
      vertex 114.711 91.0028 0
      vertex 114.711 91.0028 0.599999
    endloop
  endfacet
  facet normal 0.715601 0.69851 -4.24216e-18
    outer loop
      vertex 114.711 91.0028 0
      vertex 114.899 90.8102 0.599999
      vertex 114.899 90.8102 0
    endloop
  endfacet
  facet normal 0.654434 0.756119 -0
    outer loop
      vertex 115.102 90.6345 0
      vertex 114.899 90.8102 0.599999
      vertex 115.102 90.6345 0.599999
    endloop
  endfacet
  facet normal 0.654434 0.756119 0
    outer loop
      vertex 114.899 90.8102 0.599999
      vertex 115.102 90.6345 0
      vertex 114.899 90.8102 0
    endloop
  endfacet
  facet normal 0.586786 0.809742 -0
    outer loop
      vertex 115.321 90.4758 0
      vertex 115.102 90.6345 0.599999
      vertex 115.321 90.4758 0.599999
    endloop
  endfacet
  facet normal 0.586786 0.809742 0
    outer loop
      vertex 115.102 90.6345 0.599999
      vertex 115.321 90.4758 0
      vertex 115.102 90.6345 0
    endloop
  endfacet
  facet normal 0.51637 0.856365 -0
    outer loop
      vertex 115.556 90.3341 0
      vertex 115.321 90.4758 0.599999
      vertex 115.556 90.3341 0.599999
    endloop
  endfacet
  facet normal 0.51637 0.856365 0
    outer loop
      vertex 115.321 90.4758 0.599999
      vertex 115.556 90.3341 0
      vertex 115.321 90.4758 0
    endloop
  endfacet
  facet normal 0.448082 0.893992 -0
    outer loop
      vertex 115.803 90.2103 0
      vertex 115.556 90.3341 0.599999
      vertex 115.803 90.2103 0.599999
    endloop
  endfacet
  facet normal 0.448082 0.893992 0
    outer loop
      vertex 115.556 90.3341 0.599999
      vertex 115.803 90.2103 0
      vertex 115.556 90.3341 0
    endloop
  endfacet
  facet normal 0.37603 0.926607 -0
    outer loop
      vertex 116.061 90.1056 0
      vertex 115.803 90.2103 0.599999
      vertex 116.061 90.1056 0.599999
    endloop
  endfacet
  facet normal 0.37603 0.926607 0
    outer loop
      vertex 115.803 90.2103 0.599999
      vertex 116.061 90.1056 0
      vertex 115.803 90.2103 0
    endloop
  endfacet
  facet normal 0.304582 0.952486 -0
    outer loop
      vertex 116.329 90.0199 0
      vertex 116.061 90.1056 0.599999
      vertex 116.329 90.0199 0.599999
    endloop
  endfacet
  facet normal 0.304582 0.952486 0
    outer loop
      vertex 116.061 90.1056 0.599999
      vertex 116.329 90.0199 0
      vertex 116.061 90.1056 0
    endloop
  endfacet
  facet normal 0.233307 0.972403 -0
    outer loop
      vertex 116.607 89.9532 0
      vertex 116.329 90.0199 0.599999
      vertex 116.607 89.9532 0.599999
    endloop
  endfacet
  facet normal 0.233307 0.972403 0
    outer loop
      vertex 116.329 90.0199 0.599999
      vertex 116.607 89.9532 0
      vertex 116.329 90.0199 0
    endloop
  endfacet
  facet normal 0.163619 0.986524 -0
    outer loop
      vertex 116.894 89.9056 0
      vertex 116.607 89.9532 0.599999
      vertex 116.894 89.9056 0.599999
    endloop
  endfacet
  facet normal 0.163619 0.986524 0
    outer loop
      vertex 116.607 89.9532 0.599999
      vertex 116.894 89.9056 0
      vertex 116.607 89.9532 0
    endloop
  endfacet
  facet normal 0.0955342 0.995426 -0
    outer loop
      vertex 117.192 89.877 0
      vertex 116.894 89.9056 0.599999
      vertex 117.192 89.877 0.599999
    endloop
  endfacet
  facet normal 0.0955342 0.995426 0
    outer loop
      vertex 116.894 89.9056 0.599999
      vertex 117.192 89.877 0
      vertex 116.894 89.9056 0
    endloop
  endfacet
  facet normal 0.0307298 0.999528 -0
    outer loop
      vertex 117.501 89.8675 0
      vertex 117.192 89.877 0.599999
      vertex 117.501 89.8675 0.599999
    endloop
  endfacet
  facet normal 0.0307298 0.999528 0
    outer loop
      vertex 117.192 89.877 0.599999
      vertex 117.501 89.8675 0
      vertex 117.192 89.877 0
    endloop
  endfacet
  facet normal 0 1 -0
    outer loop
      vertex 120.593 89.8675 0
      vertex 117.501 89.8675 0.599999
      vertex 120.593 89.8675 0.599999
    endloop
  endfacet
  facet normal 0 1 0
    outer loop
      vertex 117.501 89.8675 0.599999
      vertex 120.593 89.8675 0
      vertex 117.501 89.8675 0
    endloop
  endfacet
  facet normal -1 0 0
    outer loop
      vertex 120.593 89.8675 0
      vertex 120.593 97.5113 0.599999
      vertex 120.593 97.5113 0
    endloop
  endfacet
  facet normal -1 -0 0
    outer loop
      vertex 120.593 97.5113 0.599999
      vertex 120.593 89.8675 0
      vertex 120.593 89.8675 0.599999
    endloop
  endfacet
  facet normal -0.0506343 -0.998717 0
    outer loop
      vertex 117.35 91.1189 0
      vertex 117.636 91.1044 0.599999
      vertex 117.35 91.1189 0.599999
    endloop
  endfacet
  facet normal -0.0506343 -0.998717 -0
    outer loop
      vertex 117.636 91.1044 0.599999
      vertex 117.35 91.1189 0
      vertex 117.636 91.1044 0
    endloop
  endfacet
  facet normal -0.160217 -0.987082 0
    outer loop
      vertex 117.082 91.1624 0
      vertex 117.35 91.1189 0.599999
      vertex 117.082 91.1624 0.599999
    endloop
  endfacet
  facet normal -0.160217 -0.987082 -0
    outer loop
      vertex 117.35 91.1189 0.599999
      vertex 117.082 91.1624 0
      vertex 117.35 91.1189 0
    endloop
  endfacet
  facet normal -0.276484 -0.961019 0
    outer loop
      vertex 116.83 91.2349 0
      vertex 117.082 91.1624 0.599999
      vertex 116.83 91.2349 0.599999
    endloop
  endfacet
  facet normal -0.276484 -0.961019 -0
    outer loop
      vertex 117.082 91.1624 0.599999
      vertex 116.83 91.2349 0
      vertex 117.082 91.1624 0
    endloop
  endfacet
  facet normal -0.397937 -0.917413 0
    outer loop
      vertex 116.596 91.3364 0
      vertex 116.83 91.2349 0.599999
      vertex 116.596 91.3364 0.599999
    endloop
  endfacet
  facet normal -0.397937 -0.917413 -0
    outer loop
      vertex 116.83 91.2349 0.599999
      vertex 116.596 91.3364 0
      vertex 116.83 91.2349 0
    endloop
  endfacet
  facet normal -0.517406 -0.85574 0
    outer loop
      vertex 116.38 91.467 0
      vertex 116.596 91.3364 0.599999
      vertex 116.38 91.467 0.599999
    endloop
  endfacet
  facet normal -0.517406 -0.85574 -0
    outer loop
      vertex 116.596 91.3364 0.599999
      vertex 116.38 91.467 0
      vertex 116.596 91.3364 0
    endloop
  endfacet
  facet normal -0.623503 -0.781821 0
    outer loop
      vertex 116.18 91.6265 0
      vertex 116.38 91.467 0.599999
      vertex 116.18 91.6265 0.599999
    endloop
  endfacet
  facet normal -0.623503 -0.781821 -0
    outer loop
      vertex 116.38 91.467 0.599999
      vertex 116.18 91.6265 0
      vertex 116.38 91.467 0
    endloop
  endfacet
  facet normal -0.719401 -0.694595 -1.40927e-17
    outer loop
      vertex 116.18 91.6265 0
      vertex 115.998 91.815 0.599999
      vertex 115.998 91.815 0
    endloop
  endfacet
  facet normal -0.719401 -0.694595 -1.40927e-17
    outer loop
      vertex 115.998 91.815 0.599999
      vertex 116.18 91.6265 0
      vertex 116.18 91.6265 0.599999
    endloop
  endfacet
  facet normal -0.798427 -0.602092 1.10801e-17
    outer loop
      vertex 115.998 91.815 0
      vertex 115.837 92.0285 0.599999
      vertex 115.837 92.0285 0
    endloop
  endfacet
  facet normal -0.798427 -0.602092 1.10801e-17
    outer loop
      vertex 115.837 92.0285 0.599999
      vertex 115.998 91.815 0
      vertex 115.998 91.815 0.599999
    endloop
  endfacet
  facet normal -0.863257 -0.504764 1.2481e-17
    outer loop
      vertex 115.837 92.0285 0
      vertex 115.7 92.2628 0.599999
      vertex 115.7 92.2628 0
    endloop
  endfacet
  facet normal -0.863257 -0.504764 1.2481e-17
    outer loop
      vertex 115.7 92.2628 0.599999
      vertex 115.837 92.0285 0
      vertex 115.837 92.0285 0.599999
    endloop
  endfacet
  facet normal -0.916956 -0.398989 1.67689e-18
    outer loop
      vertex 115.7 92.2628 0
      vertex 115.589 92.5179 0.599999
      vertex 115.589 92.5179 0
    endloop
  endfacet
  facet normal -0.916956 -0.398989 1.67689e-18
    outer loop
      vertex 115.589 92.5179 0.599999
      vertex 115.7 92.2628 0
      vertex 115.7 92.2628 0.599999
    endloop
  endfacet
  facet normal -0.953708 -0.300734 5.67575e-18
    outer loop
      vertex 115.589 92.5179 0
      vertex 115.502 92.7938 0.599999
      vertex 115.502 92.7938 0
    endloop
  endfacet
  facet normal -0.953708 -0.300734 5.67575e-18
    outer loop
      vertex 115.502 92.7938 0.599999
      vertex 115.589 92.5179 0
      vertex 115.589 92.5179 0.599999
    endloop
  endfacet
  facet normal -0.978857 -0.204547 -3.97609e-18
    outer loop
      vertex 115.502 92.7938 0
      vertex 115.44 93.0905 0.599999
      vertex 115.44 93.0905 0
    endloop
  endfacet
  facet normal -0.978857 -0.204547 -3.97609e-18
    outer loop
      vertex 115.44 93.0905 0.599999
      vertex 115.502 92.7938 0
      vertex 115.502 92.7938 0.599999
    endloop
  endfacet
  facet normal -0.993278 -0.115752 -7.84379e-19
    outer loop
      vertex 115.44 93.0905 0
      vertex 115.403 93.408 0.599999
      vertex 115.403 93.408 0
    endloop
  endfacet
  facet normal -0.993278 -0.115752 -7.84379e-19
    outer loop
      vertex 115.403 93.408 0.599999
      vertex 115.44 93.0905 0
      vertex 115.44 93.0905 0.599999
    endloop
  endfacet
  facet normal -0.999263 -0.0383878 1.91589e-18
    outer loop
      vertex 115.403 93.408 0
      vertex 115.39 93.7464 0.599999
      vertex 115.39 93.7464 0
    endloop
  endfacet
  facet normal -0.999263 -0.0383878 1.91589e-18
    outer loop
      vertex 115.39 93.7464 0.599999
      vertex 115.403 93.408 0
      vertex 115.403 93.408 0.599999
    endloop
  endfacet
  facet normal -0.999269 0.0382186 1.95135e-18
    outer loop
      vertex 115.39 93.7464 0
      vertex 115.403 94.0863 0.599999
      vertex 115.403 94.0863 0
    endloop
  endfacet
  facet normal -0.999269 0.0382186 1.95135e-18
    outer loop
      vertex 115.403 94.0863 0.599999
      vertex 115.39 93.7464 0
      vertex 115.39 93.7464 0.599999
    endloop
  endfacet
  facet normal -0.992475 0.12245 8.70411e-19
    outer loop
      vertex 115.403 94.0863 0
      vertex 115.442 94.4024 0.599999
      vertex 115.442 94.4024 0
    endloop
  endfacet
  facet normal -0.992475 0.12245 8.70411e-19
    outer loop
      vertex 115.442 94.4024 0.599999
      vertex 115.403 94.0863 0
      vertex 115.403 94.0863 0.599999
    endloop
  endfacet
  facet normal -0.975459 0.220179 4.89958e-18
    outer loop
      vertex 115.442 94.4024 0
      vertex 115.508 94.6948 0.599999
      vertex 115.508 94.6948 0
    endloop
  endfacet
  facet normal -0.975459 0.220179 4.89958e-18
    outer loop
      vertex 115.508 94.6948 0.599999
      vertex 115.442 94.4024 0
      vertex 115.442 94.4024 0.599999
    endloop
  endfacet
  facet normal -0.947084 0.320986 -2.46846e-18
    outer loop
      vertex 115.508 94.6948 0
      vertex 115.599 94.9633 0.599999
      vertex 115.599 94.9633 0
    endloop
  endfacet
  facet normal -0.947084 0.320986 -2.46846e-18
    outer loop
      vertex 115.599 94.9633 0.599999
      vertex 115.508 94.6948 0
      vertex 115.508 94.6948 0.599999
    endloop
  endfacet
  facet normal -0.90081 0.434214 5.38726e-19
    outer loop
      vertex 115.599 94.9633 0
      vertex 115.717 95.2081 0.599999
      vertex 115.717 95.2081 0
    endloop
  endfacet
  facet normal -0.90081 0.434214 5.38726e-19
    outer loop
      vertex 115.717 95.2081 0.599999
      vertex 115.599 94.9633 0
      vertex 115.599 94.9633 0.599999
    endloop
  endfacet
  facet normal -0.839458 0.543425 -1.49709e-17
    outer loop
      vertex 115.717 95.2081 0
      vertex 115.86 95.429 0.599999
      vertex 115.86 95.429 0
    endloop
  endfacet
  facet normal -0.839458 0.543425 -1.49709e-17
    outer loop
      vertex 115.86 95.429 0.599999
      vertex 115.717 95.2081 0
      vertex 115.717 95.2081 0.599999
    endloop
  endfacet
  facet normal -0.757246 0.65313 7.07775e-18
    outer loop
      vertex 115.86 95.429 0
      vertex 116.03 95.6261 0.599999
      vertex 116.03 95.6261 0
    endloop
  endfacet
  facet normal -0.757246 0.65313 7.07775e-18
    outer loop
      vertex 116.03 95.6261 0.599999
      vertex 115.86 95.429 0
      vertex 115.86 95.429 0.599999
    endloop
  endfacet
  facet normal -0.663406 0.74826 0
    outer loop
      vertex 116.224 95.7981 0
      vertex 116.03 95.6261 0.599999
      vertex 116.224 95.7981 0.599999
    endloop
  endfacet
  facet normal -0.663406 0.74826 0
    outer loop
      vertex 116.03 95.6261 0.599999
      vertex 116.224 95.7981 0
      vertex 116.03 95.6261 0
    endloop
  endfacet
  facet normal -0.55717 0.830398 0
    outer loop
      vertex 116.441 95.9437 0
      vertex 116.224 95.7981 0.599999
      vertex 116.441 95.9437 0.599999
    endloop
  endfacet
  facet normal -0.55717 0.830398 0
    outer loop
      vertex 116.224 95.7981 0.599999
      vertex 116.441 95.9437 0
      vertex 116.224 95.7981 0
    endloop
  endfacet
  facet normal -0.446015 0.895026 0
    outer loop
      vertex 116.68 96.0628 0
      vertex 116.441 95.9437 0.599999
      vertex 116.68 96.0628 0.599999
    endloop
  endfacet
  facet normal -0.446015 0.895026 0
    outer loop
      vertex 116.441 95.9437 0.599999
      vertex 116.68 96.0628 0
      vertex 116.441 95.9437 0
    endloop
  endfacet
  facet normal -0.334368 0.942442 0
    outer loop
      vertex 116.941 96.1554 0
      vertex 116.68 96.0628 0.599999
      vertex 116.941 96.1554 0.599999
    endloop
  endfacet
  facet normal -0.334368 0.942442 0
    outer loop
      vertex 116.68 96.0628 0.599999
      vertex 116.941 96.1554 0
      vertex 116.68 96.0628 0
    endloop
  endfacet
  facet normal -0.227447 0.97379 0
    outer loop
      vertex 117.224 96.2215 0
      vertex 116.941 96.1554 0.599999
      vertex 117.224 96.2215 0.599999
    endloop
  endfacet
  facet normal -0.227447 0.97379 0
    outer loop
      vertex 116.941 96.1554 0.599999
      vertex 117.224 96.2215 0
      vertex 116.941 96.1554 0
    endloop
  endfacet
  facet normal -0.12866 0.991689 0
    outer loop
      vertex 117.53 96.2612 0
      vertex 117.224 96.2215 0.599999
      vertex 117.53 96.2612 0.599999
    endloop
  endfacet
  facet normal -0.12866 0.991689 0
    outer loop
      vertex 117.224 96.2215 0.599999
      vertex 117.53 96.2612 0
      vertex 117.224 96.2215 0
    endloop
  endfacet
  facet normal -0.0403925 0.999184 0
    outer loop
      vertex 117.859 96.2745 0
      vertex 117.53 96.2612 0.599999
      vertex 117.859 96.2745 0.599999
    endloop
  endfacet
  facet normal -0.0403925 0.999184 0
    outer loop
      vertex 117.53 96.2612 0.599999
      vertex 117.859 96.2745 0
      vertex 117.53 96.2612 0
    endloop
  endfacet
  facet normal 0 1 -0
    outer loop
      vertex 118.992 96.2745 0
      vertex 117.859 96.2745 0.599999
      vertex 118.992 96.2745 0.599999
    endloop
  endfacet
  facet normal 0 1 0
    outer loop
      vertex 117.859 96.2745 0.599999
      vertex 118.992 96.2745 0
      vertex 117.859 96.2745 0
    endloop
  endfacet
  facet normal 1 -0 0
    outer loop
      vertex 118.992 91.1044 0.599999
      vertex 118.992 96.2745 0
      vertex 118.992 96.2745 0.599999
    endloop
  endfacet
  facet normal 1 0 0
    outer loop
      vertex 118.992 96.2745 0
      vertex 118.992 91.1044 0.599999
      vertex 118.992 91.1044 0
    endloop
  endfacet
  facet normal 0 -1 0
    outer loop
      vertex 117.636 91.1044 0
      vertex 118.992 91.1044 0.599999
      vertex 117.636 91.1044 0.599999
    endloop
  endfacet
  facet normal 0 -1 -0
    outer loop
      vertex 118.992 91.1044 0.599999
      vertex 117.636 91.1044 0
      vertex 118.992 91.1044 0
    endloop
  endfacet
  facet normal 0 1 -0
    outer loop
      vertex 111.156 92.7699 0
      vertex 109.279 92.7699 0.599999
      vertex 111.156 92.7699 0.599999
    endloop
  endfacet
  facet normal 0 1 0
    outer loop
      vertex 109.279 92.7699 0.599999
      vertex 111.156 92.7699 0
      vertex 109.279 92.7699 0
    endloop
  endfacet
  facet normal 1 -0 0
    outer loop
      vertex 111.156 89.8675 0.599999
      vertex 111.156 92.7699 0
      vertex 111.156 92.7699 0.599999
    endloop
  endfacet
  facet normal 1 0 0
    outer loop
      vertex 111.156 92.7699 0
      vertex 111.156 89.8675 0.599999
      vertex 111.156 89.8675 0
    endloop
  endfacet
  facet normal 0 1 -0
    outer loop
      vertex 112.757 89.8675 0
      vertex 111.156 89.8675 0.599999
      vertex 112.757 89.8675 0.599999
    endloop
  endfacet
  facet normal 0 1 0
    outer loop
      vertex 111.156 89.8675 0.599999
      vertex 112.757 89.8675 0
      vertex 111.156 89.8675 0
    endloop
  endfacet
  facet normal -1 0 0
    outer loop
      vertex 112.757 89.8675 0
      vertex 112.757 97.5113 0.599999
      vertex 112.757 97.5113 0
    endloop
  endfacet
  facet normal -1 -0 0
    outer loop
      vertex 112.757 97.5113 0.599999
      vertex 112.757 89.8675 0
      vertex 112.757 89.8675 0.599999
    endloop
  endfacet
  facet normal 0 -1 0
    outer loop
      vertex 108.938 97.5113 0
      vertex 112.757 97.5113 0.599999
      vertex 108.938 97.5113 0.599999
    endloop
  endfacet
  facet normal 0 -1 -0
    outer loop
      vertex 112.757 97.5113 0.599999
      vertex 108.938 97.5113 0
      vertex 112.757 97.5113 0
    endloop
  endfacet
  facet normal 0.03173 -0.999496 0
    outer loop
      vertex 108.56 97.4993 0
      vertex 108.938 97.5113 0.599999
      vertex 108.56 97.4993 0.599999
    endloop
  endfacet
  facet normal 0.03173 -0.999496 0
    outer loop
      vertex 108.938 97.5113 0.599999
      vertex 108.56 97.4993 0
      vertex 108.938 97.5113 0
    endloop
  endfacet
  facet normal 0.101457 -0.99484 0
    outer loop
      vertex 108.207 97.4633 0
      vertex 108.56 97.4993 0.599999
      vertex 108.207 97.4633 0.599999
    endloop
  endfacet
  facet normal 0.101457 -0.99484 0
    outer loop
      vertex 108.56 97.4993 0.599999
      vertex 108.207 97.4633 0
      vertex 108.56 97.4993 0
    endloop
  endfacet
  facet normal 0.180764 -0.983526 0
    outer loop
      vertex 107.88 97.4032 0
      vertex 108.207 97.4633 0.599999
      vertex 107.88 97.4032 0.599999
    endloop
  endfacet
  facet normal 0.180764 -0.983526 0
    outer loop
      vertex 108.207 97.4633 0.599999
      vertex 107.88 97.4032 0
      vertex 108.207 97.4633 0
    endloop
  endfacet
  facet normal 0.269096 -0.963113 0
    outer loop
      vertex 107.579 97.3191 0
      vertex 107.88 97.4032 0.599999
      vertex 107.579 97.3191 0.599999
    endloop
  endfacet
  facet normal 0.269096 -0.963113 0
    outer loop
      vertex 107.88 97.4032 0.599999
      vertex 107.579 97.3191 0
      vertex 107.88 97.4032 0
    endloop
  endfacet
  facet normal 0.364692 -0.931128 0
    outer loop
      vertex 107.303 97.211 0
      vertex 107.579 97.3191 0.599999
      vertex 107.303 97.211 0.599999
    endloop
  endfacet
  facet normal 0.364692 -0.931128 0
    outer loop
      vertex 107.579 97.3191 0.599999
      vertex 107.303 97.211 0
      vertex 107.579 97.3191 0
    endloop
  endfacet
  facet normal 0.465732 -0.884926 0
    outer loop
      vertex 107.052 97.0789 0
      vertex 107.303 97.211 0.599999
      vertex 107.052 97.0789 0.599999
    endloop
  endfacet
  facet normal 0.465732 -0.884926 0
    outer loop
      vertex 107.303 97.211 0.599999
      vertex 107.052 97.0789 0
      vertex 107.303 97.211 0
    endloop
  endfacet
  facet normal 0.570273 -0.821455 0
    outer loop
      vertex 106.827 96.9227 0
      vertex 107.052 97.0789 0.599999
      vertex 106.827 96.9227 0.599999
    endloop
  endfacet
  facet normal 0.570273 -0.821455 0
    outer loop
      vertex 107.052 97.0789 0.599999
      vertex 106.827 96.9227 0
      vertex 107.052 97.0789 0
    endloop
  endfacet
  facet normal 0.671661 -0.740858 0
    outer loop
      vertex 106.63 96.7441 0
      vertex 106.827 96.9227 0.599999
      vertex 106.63 96.7441 0.599999
    endloop
  endfacet
  facet normal 0.671661 -0.740858 0
    outer loop
      vertex 106.827 96.9227 0.599999
      vertex 106.63 96.7441 0
      vertex 106.827 96.9227 0
    endloop
  endfacet
  facet normal 0.76696 -0.641695 -1.88661e-17
    outer loop
      vertex 106.463 96.5445 0.599999
      vertex 106.63 96.7441 0
      vertex 106.63 96.7441 0.599999
    endloop
  endfacet
  facet normal 0.76696 -0.641695 -1.88661e-17
    outer loop
      vertex 106.63 96.7441 0
      vertex 106.463 96.5445 0.599999
      vertex 106.463 96.5445 0
    endloop
  endfacet
  facet normal 0.851128 -0.524959 5.28825e-18
    outer loop
      vertex 106.327 96.324 0.599999
      vertex 106.463 96.5445 0
      vertex 106.463 96.5445 0.599999
    endloop
  endfacet
  facet normal 0.851128 -0.524959 5.28825e-18
    outer loop
      vertex 106.463 96.5445 0
      vertex 106.327 96.324 0.599999
      vertex 106.327 96.324 0
    endloop
  endfacet
  facet normal 0.915617 -0.402052 4.35644e-18
    outer loop
      vertex 106.221 96.0826 0.599999
      vertex 106.327 96.324 0
      vertex 106.327 96.324 0.599999
    endloop
  endfacet
  facet normal 0.915617 -0.402052 4.35644e-18
    outer loop
      vertex 106.327 96.324 0
      vertex 106.221 96.0826 0.599999
      vertex 106.221 96.0826 0
    endloop
  endfacet
  facet normal 0.960495 -0.278298 -7.59966e-19
    outer loop
      vertex 106.145 95.8203 0.599999
      vertex 106.221 96.0826 0
      vertex 106.221 96.0826 0.599999
    endloop
  endfacet
  facet normal 0.960495 -0.278298 -7.59966e-19
    outer loop
      vertex 106.221 96.0826 0
      vertex 106.145 95.8203 0.599999
      vertex 106.145 95.8203 0
    endloop
  endfacet
  facet normal 0.987073 -0.160273 1.13107e-18
    outer loop
      vertex 106.099 95.537 0.599999
      vertex 106.145 95.8203 0
      vertex 106.145 95.8203 0.599999
    endloop
  endfacet
  facet normal 0.987073 -0.160273 1.13107e-18
    outer loop
      vertex 106.145 95.8203 0
      vertex 106.099 95.537 0.599999
      vertex 106.099 95.537 0
    endloop
  endfacet
  facet normal 0.998786 -0.049266 -2.01799e-18
    outer loop
      vertex 106.084 95.2329 0.599999
      vertex 106.099 95.537 0
      vertex 106.099 95.537 0.599999
    endloop
  endfacet
  facet normal 0.998786 -0.049266 -2.01799e-18
    outer loop
      vertex 106.099 95.537 0
      vertex 106.084 95.2329 0.599999
      vertex 106.084 95.2329 0
    endloop
  endfacet
  facet normal 0.999201 0.039968 -7.54966e-19
    outer loop
      vertex 106.093 95.0079 0.599999
      vertex 106.084 95.2329 0
      vertex 106.084 95.2329 0.599999
    endloop
  endfacet
  facet normal 0.999201 0.039968 -7.54966e-19
    outer loop
      vertex 106.084 95.2329 0
      vertex 106.093 95.0079 0.599999
      vertex 106.093 95.0079 0
    endloop
  endfacet
  facet normal 0.991695 0.128613 -2.19844e-18
    outer loop
      vertex 106.121 94.792 0.599999
      vertex 106.093 95.0079 0
      vertex 106.093 95.0079 0.599999
    endloop
  endfacet
  facet normal 0.991695 0.128613 -2.19844e-18
    outer loop
      vertex 106.093 95.0079 0
      vertex 106.121 94.792 0.599999
      vertex 106.121 94.792 0
    endloop
  endfacet
  facet normal 0.975179 0.221417 4.39605e-18
    outer loop
      vertex 106.168 94.585 0.599999
      vertex 106.121 94.792 0
      vertex 106.121 94.792 0.599999
    endloop
  endfacet
  facet normal 0.975179 0.221417 4.39605e-18
    outer loop
      vertex 106.121 94.792 0
      vertex 106.168 94.585 0.599999
      vertex 106.168 94.585 0
    endloop
  endfacet
  facet normal 0.95016 0.311764 7.43731e-19
    outer loop
      vertex 106.233 94.3869 0.599999
      vertex 106.168 94.585 0
      vertex 106.168 94.585 0.599999
    endloop
  endfacet
  facet normal 0.95016 0.311764 7.43731e-19
    outer loop
      vertex 106.168 94.585 0
      vertex 106.233 94.3869 0.599999
      vertex 106.233 94.3869 0
    endloop
  endfacet
  facet normal 0.913812 0.406138 -7.16438e-18
    outer loop
      vertex 106.317 94.1979 0.599999
      vertex 106.233 94.3869 0
      vertex 106.233 94.3869 0.599999
    endloop
  endfacet
  facet normal 0.913812 0.406138 -7.16438e-18
    outer loop
      vertex 106.233 94.3869 0
      vertex 106.317 94.1979 0.599999
      vertex 106.317 94.1979 0
    endloop
  endfacet
  facet normal 0.87014 0.492805 3.69971e-18
    outer loop
      vertex 106.419 94.0178 0.599999
      vertex 106.317 94.1979 0
      vertex 106.317 94.1979 0.599999
    endloop
  endfacet
  facet normal 0.87014 0.492805 3.69971e-18
    outer loop
      vertex 106.317 94.1979 0
      vertex 106.419 94.0178 0.599999
      vertex 106.419 94.0178 0
    endloop
  endfacet
  facet normal 0.816465 0.577395 -8.54258e-18
    outer loop
      vertex 106.54 93.8467 0.599999
      vertex 106.419 94.0178 0
      vertex 106.419 94.0178 0.599999
    endloop
  endfacet
  facet normal 0.816465 0.577395 -8.54258e-18
    outer loop
      vertex 106.419 94.0178 0
      vertex 106.54 93.8467 0.599999
      vertex 106.54 93.8467 0
    endloop
  endfacet
  facet normal 0.758919 0.651186 1.11209e-17
    outer loop
      vertex 106.676 93.6882 0.599999
      vertex 106.54 93.8467 0
      vertex 106.54 93.8467 0.599999
    endloop
  endfacet
  facet normal 0.758919 0.651186 1.11209e-17
    outer loop
      vertex 106.54 93.8467 0
      vertex 106.676 93.6882 0.599999
      vertex 106.676 93.6882 0
    endloop
  endfacet
  facet normal 0.687986 0.725724 -0
    outer loop
      vertex 106.826 93.546 0
      vertex 106.676 93.6882 0.599999
      vertex 106.826 93.546 0.599999
    endloop
  endfacet
  facet normal 0.687986 0.725724 0
    outer loop
      vertex 106.676 93.6882 0.599999
      vertex 106.826 93.546 0
      vertex 106.676 93.6882 0
    endloop
  endfacet
  facet normal 0.611282 0.791413 -0
    outer loop
      vertex 106.989 93.4201 0
      vertex 106.826 93.546 0.599999
      vertex 106.989 93.4201 0.599999
    endloop
  endfacet
  facet normal 0.611282 0.791413 0
    outer loop
      vertex 106.826 93.546 0.599999
      vertex 106.989 93.4201 0
      vertex 106.826 93.546 0
    endloop
  endfacet
  facet normal 0.528958 0.848648 -0
    outer loop
      vertex 107.165 93.3104 0
      vertex 106.989 93.4201 0.599999
      vertex 107.165 93.3104 0.599999
    endloop
  endfacet
  facet normal 0.528958 0.848648 0
    outer loop
      vertex 106.989 93.4201 0.599999
      vertex 107.165 93.3104 0
      vertex 106.989 93.4201 0
    endloop
  endfacet
  facet normal 0.442653 0.896693 -0
    outer loop
      vertex 107.354 93.2171 0
      vertex 107.165 93.3104 0.599999
      vertex 107.354 93.2171 0.599999
    endloop
  endfacet
  facet normal 0.442653 0.896693 0
    outer loop
      vertex 107.165 93.3104 0.599999
      vertex 107.354 93.2171 0
      vertex 107.165 93.3104 0
    endloop
  endfacet
  facet normal 0.356995 0.934106 -0
    outer loop
      vertex 107.556 93.1399 0
      vertex 107.354 93.2171 0.599999
      vertex 107.556 93.1399 0.599999
    endloop
  endfacet
  facet normal 0.356995 0.934106 0
    outer loop
      vertex 107.354 93.2171 0.599999
      vertex 107.556 93.1399 0
      vertex 107.354 93.2171 0
    endloop
  endfacet
  facet normal 0.272119 0.962264 -0
    outer loop
      vertex 107.771 93.0791 0
      vertex 107.556 93.1399 0.599999
      vertex 107.771 93.0791 0.599999
    endloop
  endfacet
  facet normal 0.272119 0.962264 0
    outer loop
      vertex 107.556 93.1399 0.599999
      vertex 107.771 93.0791 0
      vertex 107.556 93.1399 0
    endloop
  endfacet
  facet normal 0.840893 -0.541202 8.89229e-17
    outer loop
      vertex 105.704 89.8675 0.599999
      vertex 107.771 93.0791 0
      vertex 107.771 93.0791 0.599999
    endloop
  endfacet
  facet normal 0.840893 -0.541202 8.89229e-17
    outer loop
      vertex 107.771 93.0791 0
      vertex 105.704 89.8675 0.599999
      vertex 105.704 89.8675 0
    endloop
  endfacet
  facet normal 0 1 -0
    outer loop
      vertex 107.505 89.8675 0
      vertex 105.704 89.8675 0.599999
      vertex 107.505 89.8675 0.599999
    endloop
  endfacet
  facet normal 0 1 0
    outer loop
      vertex 105.704 89.8675 0.599999
      vertex 107.505 89.8675 0
      vertex 105.704 89.8675 0
    endloop
  endfacet
  facet normal -0.853241 0.521517 -1.13121e-16
    outer loop
      vertex 107.505 89.8675 0
      vertex 109.279 92.7699 0.599999
      vertex 109.279 92.7699 0
    endloop
  endfacet
  facet normal -0.853241 0.521517 -1.13121e-16
    outer loop
      vertex 109.279 92.7699 0.599999
      vertex 107.505 89.8675 0
      vertex 107.505 89.8675 0.599999
    endloop
  endfacet
  facet normal -0.0334947 -0.999439 0
    outer loop
      vertex 108.877 94.0184 0
      vertex 109.062 94.0122 0.599999
      vertex 108.877 94.0184 0.599999
    endloop
  endfacet
  facet normal -0.0334947 -0.999439 -0
    outer loop
      vertex 109.062 94.0122 0.599999
      vertex 108.877 94.0184 0
      vertex 109.062 94.0122 0
    endloop
  endfacet
  facet normal -0.107513 -0.994204 0
    outer loop
      vertex 108.705 94.037 0
      vertex 108.877 94.0184 0.599999
      vertex 108.705 94.037 0.599999
    endloop
  endfacet
  facet normal -0.107513 -0.994204 -0
    outer loop
      vertex 108.877 94.0184 0.599999
      vertex 108.705 94.037 0
      vertex 108.877 94.0184 0
    endloop
  endfacet
  facet normal -0.191365 -0.981519 0
    outer loop
      vertex 108.546 94.068 0
      vertex 108.705 94.037 0.599999
      vertex 108.546 94.068 0.599999
    endloop
  endfacet
  facet normal -0.191365 -0.981519 -0
    outer loop
      vertex 108.705 94.037 0.599999
      vertex 108.546 94.068 0
      vertex 108.705 94.037 0
    endloop
  endfacet
  facet normal -0.284938 -0.958546 0
    outer loop
      vertex 108.4 94.1114 0
      vertex 108.546 94.068 0.599999
      vertex 108.4 94.1114 0.599999
    endloop
  endfacet
  facet normal -0.284938 -0.958546 -0
    outer loop
      vertex 108.546 94.068 0.599999
      vertex 108.4 94.1114 0
      vertex 108.546 94.068 0
    endloop
  endfacet
  facet normal -0.386879 -0.922131 0
    outer loop
      vertex 108.267 94.1672 0
      vertex 108.4 94.1114 0.599999
      vertex 108.267 94.1672 0.599999
    endloop
  endfacet
  facet normal -0.386879 -0.922131 -0
    outer loop
      vertex 108.4 94.1114 0.599999
      vertex 108.267 94.1672 0
      vertex 108.4 94.1114 0
    endloop
  endfacet
  facet normal -0.497238 -0.867614 0
    outer loop
      vertex 108.148 94.2354 0
      vertex 108.267 94.1672 0.599999
      vertex 108.148 94.2354 0.599999
    endloop
  endfacet
  facet normal -0.497238 -0.867614 -0
    outer loop
      vertex 108.267 94.1672 0.599999
      vertex 108.148 94.2354 0
      vertex 108.267 94.1672 0
    endloop
  endfacet
  facet normal -0.605274 -0.796017 0
    outer loop
      vertex 108.042 94.316 0
      vertex 108.148 94.2354 0.599999
      vertex 108.042 94.316 0.599999
    endloop
  endfacet
  facet normal -0.605274 -0.796017 -0
    outer loop
      vertex 108.148 94.2354 0.599999
      vertex 108.042 94.316 0
      vertex 108.148 94.2354 0
    endloop
  endfacet
  facet normal -0.706337 -0.707876 0
    outer loop
      vertex 107.95 94.4078 0
      vertex 108.042 94.316 0.599999
      vertex 107.95 94.4078 0.599999
    endloop
  endfacet
  facet normal -0.706337 -0.707876 -0
    outer loop
      vertex 108.042 94.316 0.599999
      vertex 107.95 94.4078 0
      vertex 108.042 94.316 0
    endloop
  endfacet
  facet normal -0.793493 -0.608579 -9.79677e-18
    outer loop
      vertex 107.95 94.4078 0
      vertex 107.872 94.5095 0.599999
      vertex 107.872 94.5095 0
    endloop
  endfacet
  facet normal -0.793493 -0.608579 -9.79677e-18
    outer loop
      vertex 107.872 94.5095 0.599999
      vertex 107.95 94.4078 0
      vertex 107.95 94.4078 0.599999
    endloop
  endfacet
  facet normal -0.871013 -0.491261 -3.33205e-18
    outer loop
      vertex 107.872 94.5095 0
      vertex 107.809 94.6212 0.599999
      vertex 107.809 94.6212 0
    endloop
  endfacet
  facet normal -0.871013 -0.491261 -3.33205e-18
    outer loop
      vertex 107.809 94.6212 0.599999
      vertex 107.872 94.5095 0
      vertex 107.872 94.5095 0.599999
    endloop
  endfacet
  facet normal -0.924977 -0.380023 4.24724e-18
    outer loop
      vertex 107.809 94.6212 0
      vertex 107.759 94.7429 0.599999
      vertex 107.759 94.7429 0
    endloop
  endfacet
  facet normal -0.924977 -0.380023 4.24724e-18
    outer loop
      vertex 107.759 94.7429 0.599999
      vertex 107.809 94.6212 0
      vertex 107.809 94.6212 0.599999
    endloop
  endfacet
  facet normal -0.966454 -0.25684 -2.7001e-18
    outer loop
      vertex 107.759 94.7429 0
      vertex 107.724 94.8746 0.599999
      vertex 107.724 94.8746 0
    endloop
  endfacet
  facet normal -0.966454 -0.25684 -2.7001e-18
    outer loop
      vertex 107.724 94.8746 0.599999
      vertex 107.759 94.7429 0
      vertex 107.759 94.7429 0.599999
    endloop
  endfacet
  facet normal -0.988145 -0.153525 3.43349e-19
    outer loop
      vertex 107.724 94.8746 0
      vertex 107.702 95.0162 0.599999
      vertex 107.702 95.0162 0
    endloop
  endfacet
  facet normal -0.988145 -0.153525 3.43349e-19
    outer loop
      vertex 107.702 95.0162 0.599999
      vertex 107.724 94.8746 0
      vertex 107.724 94.8746 0.599999
    endloop
  endfacet
  facet normal -0.998934 -0.0461554 6.29555e-19
    outer loop
      vertex 107.702 95.0162 0
      vertex 107.695 95.1677 0.599999
      vertex 107.695 95.1677 0
    endloop
  endfacet
  facet normal -0.998934 -0.0461554 6.29555e-19
    outer loop
      vertex 107.695 95.1677 0.599999
      vertex 107.702 95.0162 0
      vertex 107.702 95.0162 0.599999
    endloop
  endfacet
  facet normal -0.995111 0.0987619 4.59412e-18
    outer loop
      vertex 107.695 95.1677 0
      vertex 107.724 95.4599 0.599999
      vertex 107.724 95.4599 0
    endloop
  endfacet
  facet normal -0.995111 0.0987619 4.59412e-18
    outer loop
      vertex 107.724 95.4599 0.599999
      vertex 107.695 95.1677 0
      vertex 107.695 95.1677 0.599999
    endloop
  endfacet
  facet normal -0.944476 0.32858 -1.09414e-17
    outer loop
      vertex 107.724 95.4599 0
      vertex 107.81 95.7071 0.599999
      vertex 107.81 95.7071 0
    endloop
  endfacet
  facet normal -0.944476 0.32858 -1.09414e-17
    outer loop
      vertex 107.81 95.7071 0.599999
      vertex 107.724 95.4599 0
      vertex 107.724 95.4599 0.599999
    endloop
  endfacet
  facet normal -0.814685 0.579904 -9.8365e-18
    outer loop
      vertex 107.81 95.7071 0
      vertex 107.954 95.9094 0.599999
      vertex 107.954 95.9094 0
    endloop
  endfacet
  facet normal -0.814685 0.579904 -9.8365e-18
    outer loop
      vertex 107.954 95.9094 0.599999
      vertex 107.81 95.7071 0
      vertex 107.81 95.7071 0.599999
    endloop
  endfacet
  facet normal -0.6144 0.788995 0
    outer loop
      vertex 108.156 96.0667 0
      vertex 107.954 95.9094 0.599999
      vertex 108.156 96.0667 0.599999
    endloop
  endfacet
  facet normal -0.6144 0.788995 0
    outer loop
      vertex 107.954 95.9094 0.599999
      vertex 108.156 96.0667 0
      vertex 107.954 95.9094 0
    endloop
  endfacet
  facet normal -0.398104 0.91734 0
    outer loop
      vertex 108.415 96.1791 0
      vertex 108.156 96.0667 0.599999
      vertex 108.415 96.1791 0.599999
    endloop
  endfacet
  facet normal -0.398104 0.91734 0
    outer loop
      vertex 108.156 96.0667 0.599999
      vertex 108.415 96.1791 0
      vertex 108.156 96.0667 0
    endloop
  endfacet
  facet normal -0.207969 0.978135 0
    outer loop
      vertex 108.732 96.2465 0
      vertex 108.415 96.1791 0.599999
      vertex 108.732 96.2465 0.599999
    endloop
  endfacet
  facet normal -0.207969 0.978135 0
    outer loop
      vertex 108.415 96.1791 0.599999
      vertex 108.732 96.2465 0
      vertex 108.415 96.1791 0
    endloop
  endfacet
  facet normal -0.0600519 0.998195 0
    outer loop
      vertex 109.106 96.269 0
      vertex 108.732 96.2465 0.599999
      vertex 109.106 96.269 0.599999
    endloop
  endfacet
  facet normal -0.0600519 0.998195 0
    outer loop
      vertex 108.732 96.2465 0.599999
      vertex 109.106 96.269 0
      vertex 108.732 96.2465 0
    endloop
  endfacet
  facet normal 0 1 -0
    outer loop
      vertex 111.156 96.269 0
      vertex 109.106 96.269 0.599999
      vertex 111.156 96.269 0.599999
    endloop
  endfacet
  facet normal 0 1 0
    outer loop
      vertex 109.106 96.269 0.599999
      vertex 111.156 96.269 0
      vertex 109.106 96.269 0
    endloop
  endfacet
  facet normal 1 -0 0
    outer loop
      vertex 111.156 94.0122 0.599999
      vertex 111.156 96.269 0
      vertex 111.156 96.269 0.599999
    endloop
  endfacet
  facet normal 1 0 0
    outer loop
      vertex 111.156 96.269 0
      vertex 111.156 94.0122 0.599999
      vertex 111.156 94.0122 0
    endloop
  endfacet
  facet normal 0 -1 0
    outer loop
      vertex 109.062 94.0122 0
      vertex 111.156 94.0122 0.599999
      vertex 109.062 94.0122 0.599999
    endloop
  endfacet
  facet normal 0 -1 -0
    outer loop
      vertex 111.156 94.0122 0.599999
      vertex 109.062 94.0122 0
      vertex 111.156 94.0122 0
    endloop
  endfacet
  facet normal 0 0 -1
    outer loop
      vertex 79.5 110 0
      vertex 71.5 117.2 0
      vertex 79.5 119.1 0
    endloop
  endfacet
  facet normal 0 0 -1
    outer loop
      vertex 79.5 110 0
      vertex 50.5 117.2 0
      vertex 71.5 117.2 0
    endloop
  endfacet
  facet normal 0 0 -1
    outer loop
      vertex 50.5 117.2 0
      vertex 38.5 117.2 0
      vertex 50.5 122.2 0
    endloop
  endfacet
  facet normal 0 0 -1
    outer loop
      vertex 79.5 110 0
      vertex 38.5 117.2 0
      vertex 50.5 117.2 0
    endloop
  endfacet
  facet normal 0 0 -1
    outer loop
      vertex 1.5 110 0
      vertex 38.5 117.2 0
      vertex 79.5 110 0
    endloop
  endfacet
  facet normal 0 0 -1
    outer loop
      vertex 38.5 117.2 0
      vertex 1.5 110 0
      vertex 9.02501 113.6 0
    endloop
  endfacet
  facet normal -0 0 -1
    outer loop
      vertex 9.02501 113.6 0
      vertex 1.5 110 0
      vertex 3.77501 113.6 0
    endloop
  endfacet
  facet normal 0 0 -1
    outer loop
      vertex 1.5 117.2 0
      vertex 3.77501 113.6 0
      vertex 1.5 110 0
    endloop
  endfacet
  facet normal 0 0 -1
    outer loop
      vertex 3.77501 113.6 0
      vertex 1.5 117.2 0
      vertex 3.77501 117.2 0
    endloop
  endfacet
  facet normal 0 0 -1
    outer loop
      vertex 177.5 110 0
      vertex 175.225 113.6 0
      vertex 177.5 117.2 0
    endloop
  endfacet
  facet normal 0 0 -1
    outer loop
      vertex 177.5 110 0
      vertex 169.975 113.6 0
      vertex 175.225 113.6 0
    endloop
  endfacet
  facet normal 0 0 -1
    outer loop
      vertex 169.975 113.6 0
      vertex 140.5 117.2 0
      vertex 169.975 117.2 0
    endloop
  endfacet
  facet normal 0 0 -1
    outer loop
      vertex 177.5 110 0
      vertex 140.5 117.2 0
      vertex 169.975 113.6 0
    endloop
  endfacet
  facet normal 0 0 -1
    outer loop
      vertex 140.5 117.2 0
      vertex 128.5 117.2 0
      vertex 140.5 122.2 0
    endloop
  endfacet
  facet normal 0 0 -1
    outer loop
      vertex 99.5 110 0
      vertex 140.5 117.2 0
      vertex 177.5 110 0
    endloop
  endfacet
  facet normal -0 0 -1
    outer loop
      vertex 140.5 117.2 0
      vertex 99.5 110 0
      vertex 128.5 117.2 0
    endloop
  endfacet
  facet normal -0 0 -1
    outer loop
      vertex 128.5 117.2 0
      vertex 99.5 110 0
      vertex 107.5 117.2 0
    endloop
  endfacet
  facet normal 0 0 -1
    outer loop
      vertex 99.5 119.1 0
      vertex 107.5 117.2 0
      vertex 99.5 110 0
    endloop
  endfacet
  facet normal 0 0 -1
    outer loop
      vertex 107.5 117.2 0
      vertex 99.5 119.1 0
      vertex 107.5 122.2 0
    endloop
  endfacet
  facet normal 0 0 -1
    outer loop
      vertex 79.5 119.1 0
      vertex 107.5 122.2 0
      vertex 99.5 119.1 0
    endloop
  endfacet
  facet normal 0 0 -1
    outer loop
      vertex 79.5 119.1 0
      vertex 71.5 122.2 0
      vertex 107.5 122.2 0
    endloop
  endfacet
  facet normal 0 0 -1
    outer loop
      vertex 71.5 122.2 0
      vertex 79.5 119.1 0
      vertex 71.5 117.2 0
    endloop
  endfacet
  facet normal -0 0 -1
    outer loop
      vertex 177.5 117.2 0
      vertex 175.225 113.6 0
      vertex 175.225 117.2 0
    endloop
  endfacet
  facet normal -0 0 -1
    outer loop
      vertex 140.5 122.2 0
      vertex 128.5 117.2 0
      vertex 128.5 122.2 0
    endloop
  endfacet
  facet normal -0 0 -1
    outer loop
      vertex 50.5 122.2 0
      vertex 38.5 117.2 0
      vertex 38.5 122.2 0
    endloop
  endfacet
  facet normal -0 0 -1
    outer loop
      vertex 38.5 117.2 0
      vertex 9.02501 113.6 0
      vertex 9.02501 117.2 0
    endloop
  endfacet
  facet normal 0 0 1
    outer loop
      vertex 3.77501 117.2 10
      vertex 1.5 117.2 10
      vertex 3.77501 113.6 10
    endloop
  endfacet
  facet normal 0 0 1
    outer loop
      vertex 46.6483 115.278 10
      vertex 50.5 117.2 10
      vertex 50.5 122.2 10
    endloop
  endfacet
  facet normal 0 0 1
    outer loop
      vertex 50.5 117.2 10
      vertex 47.7578 114.21 10
      vertex 47.7556 114.134 10
    endloop
  endfacet
  facet normal 0 0 1
    outer loop
      vertex 50.5 117.2 10
      vertex 47.751 114.351 10
      vertex 47.7578 114.21 10
    endloop
  endfacet
  facet normal 0 0 1
    outer loop
      vertex 50.5 117.2 10
      vertex 47.7308 114.483 10
      vertex 47.751 114.351 10
    endloop
  endfacet
  facet normal 0 0 1
    outer loop
      vertex 50.5 117.2 10
      vertex 47.697 114.605 10
      vertex 47.7308 114.483 10
    endloop
  endfacet
  facet normal 0 0 1
    outer loop
      vertex 50.5 117.2 10
      vertex 47.6497 114.718 10
      vertex 47.697 114.605 10
    endloop
  endfacet
  facet normal 0 0 1
    outer loop
      vertex 50.5 117.2 10
      vertex 47.5889 114.822 10
      vertex 47.6497 114.718 10
    endloop
  endfacet
  facet normal 0 0 1
    outer loop
      vertex 50.5 117.2 10
      vertex 47.5147 114.917 10
      vertex 47.5889 114.822 10
    endloop
  endfacet
  facet normal 0 0 1
    outer loop
      vertex 50.5 117.2 10
      vertex 47.4269 115.002 10
      vertex 47.5147 114.917 10
    endloop
  endfacet
  facet normal 0 0 1
    outer loop
      vertex 50.5 117.2 10
      vertex 47.3264 115.077 10
      vertex 47.4269 115.002 10
    endloop
  endfacet
  facet normal 0 0 1
    outer loop
      vertex 50.5 117.2 10
      vertex 47.2143 115.14 10
      vertex 47.3264 115.077 10
    endloop
  endfacet
  facet normal 0 0 1
    outer loop
      vertex 50.5 117.2 10
      vertex 47.0904 115.192 10
      vertex 47.2143 115.14 10
    endloop
  endfacet
  facet normal 0 0 1
    outer loop
      vertex 50.5 117.2 10
      vertex 46.9548 115.232 10
      vertex 47.0904 115.192 10
    endloop
  endfacet
  facet normal 0 0 1
    outer loop
      vertex 50.5 117.2 10
      vertex 46.8074 115.261 10
      vertex 46.9548 115.232 10
    endloop
  endfacet
  facet normal 0 0 1
    outer loop
      vertex 50.5 117.2 10
      vertex 46.6483 115.278 10
      vertex 46.8074 115.261 10
    endloop
  endfacet
  facet normal 0 0 1
    outer loop
      vertex 50.5 122.2 10
      vertex 46.4775 115.284 10
      vertex 46.6483 115.278 10
    endloop
  endfacet
  facet normal 0 0 1
    outer loop
      vertex 50.5 122.2 10
      vertex 46.3188 115.278 10
      vertex 46.4775 115.284 10
    endloop
  endfacet
  facet normal 0 0 1
    outer loop
      vertex 50.5 122.2 10
      vertex 46.17 115.261 10
      vertex 46.3188 115.278 10
    endloop
  endfacet
  facet normal 0 0 1
    outer loop
      vertex 50.5 122.2 10
      vertex 46.031 115.233 10
      vertex 46.17 115.261 10
    endloop
  endfacet
  facet normal 0 0 1
    outer loop
      vertex 43.8422 115.173 10
      vertex 46.031 115.233 10
      vertex 50.5 122.2 10
    endloop
  endfacet
  facet normal 0 0 1
    outer loop
      vertex 46.031 115.233 10
      vertex 43.8422 115.173 10
      vertex 45.9018 115.193 10
    endloop
  endfacet
  facet normal 0 -0 1
    outer loop
      vertex 43.9929 115.131 10
      vertex 45.9018 115.193 10
      vertex 43.8422 115.173 10
    endloop
  endfacet
  facet normal 0 0 1
    outer loop
      vertex 45.9018 115.193 10
      vertex 43.9929 115.131 10
      vertex 45.7823 115.141 10
    endloop
  endfacet
  facet normal 0 -0 1
    outer loop
      vertex 44.1309 115.077 10
      vertex 45.7823 115.141 10
      vertex 43.9929 115.131 10
    endloop
  endfacet
  facet normal 0 -0 1
    outer loop
      vertex 44.2562 115.011 10
      vertex 45.6727 115.079 10
      vertex 44.1309 115.077 10
    endloop
  endfacet
  facet normal 0 0 1
    outer loop
      vertex 45.1429 111.934 10
      vertex 44.9302 111.405 10
      vertex 45.1429 111.405 10
    endloop
  endfacet
  facet normal 0 0 1
    outer loop
      vertex 45.4204 112.395 10
      vertex 44.3692 113.244 10
      vertex 45.3546 112.304 10
    endloop
  endfacet
  facet normal 0 0 1
    outer loop
      vertex 44.7357 113.975 10
      vertex 45.1755 114.193 10
      vertex 44.7403 114.088 10
    endloop
  endfacet
  facet normal -0 0 1
    outer loop
      vertex 44.7328 114.24 10
      vertex 45.1755 114.193 10
      vertex 45.1995 114.34 10
    endloop
  endfacet
  facet normal -0 0 1
    outer loop
      vertex 44.71 114.381 10
      vertex 45.1995 114.34 10
      vertex 45.2345 114.477 10
    endloop
  endfacet
  facet normal -0 0 1
    outer loop
      vertex 44.6721 114.513 10
      vertex 45.2345 114.477 10
      vertex 45.2803 114.603 10
    endloop
  endfacet
  facet normal -0 0 1
    outer loop
      vertex 44.619 114.633 10
      vertex 45.2803 114.603 10
      vertex 45.3371 114.719 10
    endloop
  endfacet
  facet normal -0 0 1
    outer loop
      vertex 44.5507 114.744 10
      vertex 45.3371 114.719 10
      vertex 45.4048 114.824 10
    endloop
  endfacet
  facet normal 0 0 1
    outer loop
      vertex 45.6727 115.079 10
      vertex 44.2562 115.011 10
      vertex 45.5729 115.004 10
    endloop
  endfacet
  facet normal 0 0 1
    outer loop
      vertex 45.1755 114.193 10
      vertex 44.7328 114.24 10
      vertex 44.7403 114.088 10
    endloop
  endfacet
  facet normal 0 0 1
    outer loop
      vertex 45.1995 114.34 10
      vertex 44.71 114.381 10
      vertex 44.7328 114.24 10
    endloop
  endfacet
  facet normal 0 0 1
    outer loop
      vertex 45.2345 114.477 10
      vertex 44.6721 114.513 10
      vertex 44.71 114.381 10
    endloop
  endfacet
  facet normal 0 0 1
    outer loop
      vertex 45.2803 114.603 10
      vertex 44.619 114.633 10
      vertex 44.6721 114.513 10
    endloop
  endfacet
  facet normal 0 0 1
    outer loop
      vertex 45.3371 114.719 10
      vertex 44.5507 114.744 10
      vertex 44.619 114.633 10
    endloop
  endfacet
  facet normal 0 0 1
    outer loop
      vertex 45.4048 114.824 10
      vertex 44.4673 114.843 10
      vertex 44.5507 114.744 10
    endloop
  endfacet
  facet normal 0 0 1
    outer loop
      vertex 45.4834 114.92 10
      vertex 44.4673 114.843 10
      vertex 45.4048 114.824 10
    endloop
  endfacet
  facet normal 0 -0 1
    outer loop
      vertex 44.4673 114.843 10
      vertex 45.4834 114.92 10
      vertex 44.3687 114.933 10
    endloop
  endfacet
  facet normal 0 0 1
    outer loop
      vertex 45.5729 115.004 10
      vertex 44.3687 114.933 10
      vertex 45.4834 114.92 10
    endloop
  endfacet
  facet normal 0 -0 1
    outer loop
      vertex 44.3687 114.933 10
      vertex 45.5729 115.004 10
      vertex 44.2562 115.011 10
    endloop
  endfacet
  facet normal 0 0 1
    outer loop
      vertex 45.7823 115.141 10
      vertex 44.1309 115.077 10
      vertex 45.6727 115.079 10
    endloop
  endfacet
  facet normal 0 0 1
    outer loop
      vertex 50.5 122.2 10
      vertex 43.6787 115.203 10
      vertex 43.8422 115.173 10
    endloop
  endfacet
  facet normal -0 0 1
    outer loop
      vertex 38.5 122.2 10
      vertex 43.6787 115.203 10
      vertex 50.5 122.2 10
    endloop
  endfacet
  facet normal 0 0 1
    outer loop
      vertex 43.6787 115.203 10
      vertex 38.5 122.2 10
      vertex 43.5025 115.221 10
    endloop
  endfacet
  facet normal 0 0 1
    outer loop
      vertex 43.5025 115.221 10
      vertex 38.5 122.2 10
      vertex 43.3136 115.227 10
    endloop
  endfacet
  facet normal -0 0 1
    outer loop
      vertex 38.5 117.2 10
      vertex 41.4039 115.227 10
      vertex 38.5 122.2 10
    endloop
  endfacet
  facet normal 0 0 1
    outer loop
      vertex 43.3136 115.227 10
      vertex 38.5 122.2 10
      vertex 41.4039 115.227 10
    endloop
  endfacet
  facet normal 0 0 1
    outer loop
      vertex 107.5 122.2 10
      vertex 99.5 119.1 10
      vertex 107.5 117.2 10
    endloop
  endfacet
  facet normal 0 0 1
    outer loop
      vertex 107.5 122.2 10
      vertex 79.5 119.1 10
      vertex 99.5 119.1 10
    endloop
  endfacet
  facet normal -0 0 1
    outer loop
      vertex 71.5 122.2 10
      vertex 79.5 119.1 10
      vertex 107.5 122.2 10
    endloop
  endfacet
  facet normal 0 0 1
    outer loop
      vertex 71.5 117.2 10
      vertex 79.5 119.1 10
      vertex 71.5 122.2 10
    endloop
  endfacet
  facet normal 0 0 1
    outer loop
      vertex 79.5 119.1 10
      vertex 71.5 117.2 10
      vertex 79.5 110 10
    endloop
  endfacet
  facet normal 0 0 1
    outer loop
      vertex 47.8175 111.405 10
      vertex 71.5 117.2 10
      vertex 50.5 117.2 10
    endloop
  endfacet
  facet normal 0 0 1
    outer loop
      vertex 47.8175 111.405 10
      vertex 50.5 117.2 10
      vertex 47.8175 112.032 10
    endloop
  endfacet
  facet normal 0 0 1
    outer loop
      vertex 71.5 117.2 10
      vertex 47.8175 111.405 10
      vertex 79.5 110 10
    endloop
  endfacet
  facet normal -0 0 1
    outer loop
      vertex 45.1429 111.405 10
      vertex 79.5 110 10
      vertex 47.8175 111.405 10
    endloop
  endfacet
  facet normal -0 0 1
    outer loop
      vertex 44.9302 111.405 10
      vertex 79.5 110 10
      vertex 45.1429 111.405 10
    endloop
  endfacet
  facet normal -0 0 1
    outer loop
      vertex 44.0297 111.405 10
      vertex 79.5 110 10
      vertex 44.9302 111.405 10
    endloop
  endfacet
  facet normal 0 0 1
    outer loop
      vertex 42.2041 111.405 10
      vertex 43.1427 112.856 10
      vertex 42.2041 112.856 10
    endloop
  endfacet
  facet normal 0 0 1
    outer loop
      vertex 43.1427 112.856 10
      vertex 42.2041 111.405 10
      vertex 44.0297 111.405 10
    endloop
  endfacet
  facet normal -0 0 1
    outer loop
      vertex 42.2041 111.405 10
      vertex 79.5 110 10
      vertex 44.0297 111.405 10
    endloop
  endfacet
  facet normal -0 0 1
    outer loop
      vertex 41.4039 111.405 10
      vertex 79.5 110 10
      vertex 42.2041 111.405 10
    endloop
  endfacet
  facet normal 0 0 1
    outer loop
      vertex 41.4039 115.227 10
      vertex 38.5 117.2 10
      vertex 41.4039 111.405 10
    endloop
  endfacet
  facet normal 0 0 1
    outer loop
      vertex 9.02501 113.6 10
      vertex 38.5 117.2 10
      vertex 9.02501 117.2 10
    endloop
  endfacet
  facet normal 0 0 1
    outer loop
      vertex 38.5 117.2 10
      vertex 9.02501 113.6 10
      vertex 41.4039 111.405 10
    endloop
  endfacet
  facet normal 0 0 1
    outer loop
      vertex 1.5 110 10
      vertex 9.02501 113.6 10
      vertex 3.77501 113.6 10
    endloop
  endfacet
  facet normal 0 0 1
    outer loop
      vertex 41.4039 111.405 10
      vertex 1.5 110 10
      vertex 79.5 110 10
    endloop
  endfacet
  facet normal 0 0 1
    outer loop
      vertex 9.02501 113.6 10
      vertex 1.5 110 10
      vertex 41.4039 111.405 10
    endloop
  endfacet
  facet normal 0 0 1
    outer loop
      vertex 1.5 110 10
      vertex 3.77501 113.6 10
      vertex 1.5 117.2 10
    endloop
  endfacet
  facet normal 0 0 1
    outer loop
      vertex 140.5 122.2 10
      vertex 128.5 122.2 10
      vertex 140.5 117.2 10
    endloop
  endfacet
  facet normal 0 0 1
    outer loop
      vertex 169.975 117.2 10
      vertex 140.5 117.2 10
      vertex 169.975 113.6 10
    endloop
  endfacet
  facet normal 0 0 1
    outer loop
      vertex 175.225 113.6 10
      vertex 177.5 117.2 10
      vertex 175.225 117.2 10
    endloop
  endfacet
  facet normal 0 0 1
    outer loop
      vertex 177.5 117.2 10
      vertex 175.225 113.6 10
      vertex 177.5 110 10
    endloop
  endfacet
  facet normal -0 0 1
    outer loop
      vertex 169.975 113.6 10
      vertex 177.5 110 10
      vertex 175.225 113.6 10
    endloop
  endfacet
  facet normal 0 0 1
    outer loop
      vertex 140.5 117.2 10
      vertex 177.5 110 10
      vertex 169.975 113.6 10
    endloop
  endfacet
  facet normal 0 0 1
    outer loop
      vertex 128.5 117.2 10
      vertex 140.5 117.2 10
      vertex 128.5 122.2 10
    endloop
  endfacet
  facet normal 0 0 1
    outer loop
      vertex 99.5 110 10
      vertex 140.5 117.2 10
      vertex 128.5 117.2 10
    endloop
  endfacet
  facet normal 0 0 1
    outer loop
      vertex 99.5 110 10
      vertex 128.5 117.2 10
      vertex 107.5 117.2 10
    endloop
  endfacet
  facet normal 0 0 1
    outer loop
      vertex 140.5 117.2 10
      vertex 99.5 110 10
      vertex 177.5 110 10
    endloop
  endfacet
  facet normal 0 0 1
    outer loop
      vertex 99.5 110 10
      vertex 107.5 117.2 10
      vertex 99.5 119.1 10
    endloop
  endfacet
  facet normal 0 0 1
    outer loop
      vertex 47.7491 114.06 10
      vertex 50.5 117.2 10
      vertex 47.7556 114.134 10
    endloop
  endfacet
  facet normal 0 0 1
    outer loop
      vertex 47.7384 113.989 10
      vertex 50.5 117.2 10
      vertex 47.7491 114.06 10
    endloop
  endfacet
  facet normal 0 0 1
    outer loop
      vertex 50.5 117.2 10
      vertex 47.7384 113.989 10
      vertex 47.8175 112.032 10
    endloop
  endfacet
  facet normal -0 0 1
    outer loop
      vertex 47.7232 113.92 10
      vertex 47.8175 112.032 10
      vertex 47.7384 113.989 10
    endloop
  endfacet
  facet normal -0 0 1
    outer loop
      vertex 47.7038 113.852 10
      vertex 47.8175 112.032 10
      vertex 47.7232 113.92 10
    endloop
  endfacet
  facet normal -0 0 1
    outer loop
      vertex 47.6801 113.787 10
      vertex 47.8175 112.032 10
      vertex 47.7038 113.852 10
    endloop
  endfacet
  facet normal -0 0 1
    outer loop
      vertex 47.652 113.724 10
      vertex 47.8175 112.032 10
      vertex 47.6801 113.787 10
    endloop
  endfacet
  facet normal -0 0 1
    outer loop
      vertex 47.6205 113.663 10
      vertex 47.8175 112.032 10
      vertex 47.652 113.724 10
    endloop
  endfacet
  facet normal -0 0 1
    outer loop
      vertex 47.5867 113.603 10
      vertex 47.8175 112.032 10
      vertex 47.6205 113.663 10
    endloop
  endfacet
  facet normal -0 0 1
    outer loop
      vertex 47.5504 113.544 10
      vertex 47.8175 112.032 10
      vertex 47.5867 113.603 10
    endloop
  endfacet
  facet normal -0 0 1
    outer loop
      vertex 47.5116 113.487 10
      vertex 47.8175 112.032 10
      vertex 47.5504 113.544 10
    endloop
  endfacet
  facet normal -0 0 1
    outer loop
      vertex 47.4704 113.431 10
      vertex 47.8175 112.032 10
      vertex 47.5116 113.487 10
    endloop
  endfacet
  facet normal -0 0 1
    outer loop
      vertex 47.4268 113.377 10
      vertex 47.8175 112.032 10
      vertex 47.4704 113.431 10
    endloop
  endfacet
  facet normal -0 0 1
    outer loop
      vertex 47.3807 113.324 10
      vertex 47.8175 112.032 10
      vertex 47.4268 113.377 10
    endloop
  endfacet
  facet normal -0 0 1
    outer loop
      vertex 47.3327 113.272 10
      vertex 47.8175 112.032 10
      vertex 47.3807 113.324 10
    endloop
  endfacet
  facet normal -0 0 1
    outer loop
      vertex 47.2832 113.221 10
      vertex 47.8175 112.032 10
      vertex 47.3327 113.272 10
    endloop
  endfacet
  facet normal -0 0 1
    outer loop
      vertex 47.2322 113.171 10
      vertex 47.8175 112.032 10
      vertex 47.2832 113.221 10
    endloop
  endfacet
  facet normal -0 0 1
    outer loop
      vertex 47.1797 113.122 10
      vertex 47.8175 112.032 10
      vertex 47.2322 113.171 10
    endloop
  endfacet
  facet normal -0 0 1
    outer loop
      vertex 47.1257 113.074 10
      vertex 47.8175 112.032 10
      vertex 47.1797 113.122 10
    endloop
  endfacet
  facet normal -0 0 1
    outer loop
      vertex 47.0702 113.027 10
      vertex 47.8175 112.032 10
      vertex 47.1257 113.074 10
    endloop
  endfacet
  facet normal -0 0 1
    outer loop
      vertex 47.0132 112.981 10
      vertex 47.8175 112.032 10
      vertex 47.0702 113.027 10
    endloop
  endfacet
  facet normal -0 0 1
    outer loop
      vertex 46.9557 112.935 10
      vertex 47.8175 112.032 10
      vertex 47.0132 112.981 10
    endloop
  endfacet
  facet normal -0 0 1
    outer loop
      vertex 46.8422 112.845 10
      vertex 47.8175 112.032 10
      vertex 46.9557 112.935 10
    endloop
  endfacet
  facet normal -0 0 1
    outer loop
      vertex 46.7862 112.801 10
      vertex 47.8175 112.032 10
      vertex 46.8422 112.845 10
    endloop
  endfacet
  facet normal -0 0 1
    outer loop
      vertex 46.6757 112.713 10
      vertex 47.8175 112.032 10
      vertex 46.7862 112.801 10
    endloop
  endfacet
  facet normal -0 0 1
    outer loop
      vertex 46.6212 112.669 10
      vertex 47.8175 112.032 10
      vertex 46.6757 112.713 10
    endloop
  endfacet
  facet normal -0 0 1
    outer loop
      vertex 46.5677 112.626 10
      vertex 47.8175 112.032 10
      vertex 46.6212 112.669 10
    endloop
  endfacet
  facet normal -0 0 1
    outer loop
      vertex 46.5155 112.582 10
      vertex 47.8175 112.032 10
      vertex 46.5677 112.626 10
    endloop
  endfacet
  facet normal -0 0 1
    outer loop
      vertex 46.4647 112.538 10
      vertex 47.8175 112.032 10
      vertex 46.5155 112.582 10
    endloop
  endfacet
  facet normal -0 0 1
    outer loop
      vertex 46.4153 112.495 10
      vertex 47.8175 112.032 10
      vertex 46.4647 112.538 10
    endloop
  endfacet
  facet normal -0 0 1
    outer loop
      vertex 46.3673 112.451 10
      vertex 47.8175 112.032 10
      vertex 46.4153 112.495 10
    endloop
  endfacet
  facet normal -0 0 1
    outer loop
      vertex 46.3206 112.407 10
      vertex 47.8175 112.032 10
      vertex 46.3673 112.451 10
    endloop
  endfacet
  facet normal -0 0 1
    outer loop
      vertex 46.2754 112.363 10
      vertex 47.8175 112.032 10
      vertex 46.3206 112.407 10
    endloop
  endfacet
  facet normal -0 0 1
    outer loop
      vertex 46.2325 112.318 10
      vertex 47.8175 112.032 10
      vertex 46.2754 112.363 10
    endloop
  endfacet
  facet normal -0 0 1
    outer loop
      vertex 46.1928 112.272 10
      vertex 47.8175 112.032 10
      vertex 46.2325 112.318 10
    endloop
  endfacet
  facet normal -0 0 1
    outer loop
      vertex 46.1564 112.226 10
      vertex 47.8175 112.032 10
      vertex 46.1928 112.272 10
    endloop
  endfacet
  facet normal -0 0 1
    outer loop
      vertex 46.1233 112.179 10
      vertex 47.8175 112.032 10
      vertex 46.1564 112.226 10
    endloop
  endfacet
  facet normal -0 0 1
    outer loop
      vertex 46.0934 112.131 10
      vertex 47.8175 112.032 10
      vertex 46.1233 112.179 10
    endloop
  endfacet
  facet normal -0 0 1
    outer loop
      vertex 46.0668 112.082 10
      vertex 47.8175 112.032 10
      vertex 46.0934 112.131 10
    endloop
  endfacet
  facet normal 0 0 1
    outer loop
      vertex 47.8175 112.032 10
      vertex 46.0668 112.082 10
      vertex 46.0435 112.032 10
    endloop
  endfacet
  facet normal 0 0 1
    outer loop
      vertex 46.4829 114.676 10
      vertex 46.9847 114.177 10
      vertex 46.9745 114.31 10
    endloop
  endfacet
  facet normal 0 0 1
    outer loop
      vertex 46.9847 114.177 10
      vertex 46.4829 114.676 10
      vertex 46.9814 114.119 10
    endloop
  endfacet
  facet normal 0 0 1
    outer loop
      vertex 46.9814 114.119 10
      vertex 46.4829 114.676 10
      vertex 46.9715 114.06 10
    endloop
  endfacet
  facet normal 0 0 1
    outer loop
      vertex 46.616 114.666 10
      vertex 46.9745 114.31 10
      vertex 46.9437 114.422 10
    endloop
  endfacet
  facet normal 0 0 1
    outer loop
      vertex 46.4829 114.676 10
      vertex 46.9745 114.31 10
      vertex 46.616 114.666 10
    endloop
  endfacet
  facet normal 0 0 1
    outer loop
      vertex 46.9715 114.06 10
      vertex 46.4829 114.676 10
      vertex 46.9551 114.001 10
    endloop
  endfacet
  facet normal 0 0 1
    outer loop
      vertex 46.7287 114.636 10
      vertex 46.9437 114.422 10
      vertex 46.8925 114.513 10
    endloop
  endfacet
  facet normal -0 0 1
    outer loop
      vertex 45.9722 114.29 10
      vertex 46.9551 114.001 10
      vertex 46.4829 114.676 10
    endloop
  endfacet
  facet normal 0 0 1
    outer loop
      vertex 46.9551 114.001 10
      vertex 45.9722 114.29 10
      vertex 46.932 113.942 10
    endloop
  endfacet
  facet normal 0 0 1
    outer loop
      vertex 46.7287 114.636 10
      vertex 46.8925 114.513 10
      vertex 46.8208 114.585 10
    endloop
  endfacet
  facet normal 0 0 1
    outer loop
      vertex 46.932 113.942 10
      vertex 45.9722 114.29 10
      vertex 46.9024 113.882 10
    endloop
  endfacet
  facet normal 0 0 1
    outer loop
      vertex 46.9437 114.422 10
      vertex 46.7287 114.636 10
      vertex 46.616 114.666 10
    endloop
  endfacet
  facet normal -0 0 1
    outer loop
      vertex 45.9558 114.223 10
      vertex 46.9024 113.882 10
      vertex 45.9722 114.29 10
    endloop
  endfacet
  facet normal 0 0 1
    outer loop
      vertex 46.9024 113.882 10
      vertex 45.9558 114.223 10
      vertex 46.8661 113.822 10
    endloop
  endfacet
  facet normal -0 0 1
    outer loop
      vertex 45.9431 114.15 10
      vertex 46.8661 113.822 10
      vertex 45.9558 114.223 10
    endloop
  endfacet
  facet normal 0 0 1
    outer loop
      vertex 46.7723 113.699 10
      vertex 45.9431 114.15 10
      vertex 46.7115 113.632 10
    endloop
  endfacet
  facet normal 0 0 1
    outer loop
      vertex 46.8233 113.762 10
      vertex 45.9431 114.15 10
      vertex 46.7723 113.699 10
    endloop
  endfacet
  facet normal 0 0 1
    outer loop
      vertex 46.6409 113.56 10
      vertex 45.9431 114.15 10
      vertex 46.5605 113.483 10
    endloop
  endfacet
  facet normal 0 0 1
    outer loop
      vertex 45.9722 114.29 10
      vertex 46.4829 114.676 10
      vertex 46.4155 114.674 10
    endloop
  endfacet
  facet normal 0 0 1
    outer loop
      vertex 46.5605 113.483 10
      vertex 45.9431 114.15 10
      vertex 46.4703 113.402 10
    endloop
  endfacet
  facet normal 0 0 1
    outer loop
      vertex 45.9924 114.351 10
      vertex 46.4155 114.674 10
      vertex 46.3528 114.666 10
    endloop
  endfacet
  facet normal 0 0 1
    outer loop
      vertex 46.0162 114.408 10
      vertex 46.3528 114.666 10
      vertex 46.2948 114.652 10
    endloop
  endfacet
  facet normal 0 0 1
    outer loop
      vertex 46.4703 113.402 10
      vertex 45.9431 114.15 10
      vertex 46.3703 113.316 10
    endloop
  endfacet
  facet normal 0 0 1
    outer loop
      vertex 46.0437 114.459 10
      vertex 46.2948 114.652 10
      vertex 46.2415 114.633 10
    endloop
  endfacet
  facet normal 0 0 1
    outer loop
      vertex 46.075 114.504 10
      vertex 46.2415 114.633 10
      vertex 46.193 114.609 10
    endloop
  endfacet
  facet normal 0 0 1
    outer loop
      vertex 46.075 114.504 10
      vertex 46.193 114.609 10
      vertex 46.1491 114.58 10
    endloop
  endfacet
  facet normal 0 0 1
    outer loop
      vertex 46.3703 113.316 10
      vertex 45.9431 114.15 10
      vertex 46.2605 113.225 10
    endloop
  endfacet
  facet normal 0 0 1
    outer loop
      vertex 46.075 114.504 10
      vertex 46.1491 114.58 10
      vertex 46.1099 114.545 10
    endloop
  endfacet
  facet normal 0 0 1
    outer loop
      vertex 46.2415 114.633 10
      vertex 46.075 114.504 10
      vertex 46.0437 114.459 10
    endloop
  endfacet
  facet normal 0 0 1
    outer loop
      vertex 46.2948 114.652 10
      vertex 46.0437 114.459 10
      vertex 46.0162 114.408 10
    endloop
  endfacet
  facet normal 0 0 1
    outer loop
      vertex 46.2605 113.225 10
      vertex 45.9431 114.15 10
      vertex 46.144 113.129 10
    endloop
  endfacet
  facet normal 0 0 1
    outer loop
      vertex 46.3528 114.666 10
      vertex 46.0162 114.408 10
      vertex 45.9924 114.351 10
    endloop
  endfacet
  facet normal 0 0 1
    outer loop
      vertex 46.4155 114.674 10
      vertex 45.9924 114.351 10
      vertex 45.9722 114.29 10
    endloop
  endfacet
  facet normal 0 0 1
    outer loop
      vertex 46.8661 113.822 10
      vertex 45.9431 114.15 10
      vertex 46.8233 113.762 10
    endloop
  endfacet
  facet normal 0 0 1
    outer loop
      vertex 46.7115 113.632 10
      vertex 45.9431 114.15 10
      vertex 46.6409 113.56 10
    endloop
  endfacet
  facet normal 0 0 1
    outer loop
      vertex 46.144 113.129 10
      vertex 45.9431 114.15 10
      vertex 46.0334 113.034 10
    endloop
  endfacet
  facet normal 0 0 1
    outer loop
      vertex 45.1755 114.193 10
      vertex 46.0334 113.034 10
      vertex 45.9431 114.15 10
    endloop
  endfacet
  facet normal 0 0 1
    outer loop
      vertex 46.0334 113.034 10
      vertex 45.1755 114.193 10
      vertex 45.9286 112.939 10
    endloop
  endfacet
  facet normal -0 0 1
    outer loop
      vertex 44.6241 113.57 10
      vertex 45.9286 112.939 10
      vertex 45.1755 114.193 10
    endloop
  endfacet
  facet normal 0 0 1
    outer loop
      vertex 45.9286 112.939 10
      vertex 44.6241 113.57 10
      vertex 45.8296 112.846 10
    endloop
  endfacet
  facet normal 0 0 1
    outer loop
      vertex 45.8296 112.846 10
      vertex 44.6241 113.57 10
      vertex 45.7364 112.755 10
    endloop
  endfacet
  facet normal 0 0 1
    outer loop
      vertex 45.7364 112.755 10
      vertex 44.6241 113.57 10
      vertex 45.649 112.664 10
    endloop
  endfacet
  facet normal -0 0 1
    outer loop
      vertex 44.5729 113.48 10
      vertex 45.649 112.664 10
      vertex 44.6241 113.57 10
    endloop
  endfacet
  facet normal 0 0 1
    outer loop
      vertex 45.649 112.664 10
      vertex 44.5729 113.48 10
      vertex 45.5674 112.574 10
    endloop
  endfacet
  facet normal -0 0 1
    outer loop
      vertex 44.5125 113.395 10
      vertex 45.5674 112.574 10
      vertex 44.5729 113.48 10
    endloop
  endfacet
  facet normal 0 0 1
    outer loop
      vertex 45.5674 112.574 10
      vertex 44.5125 113.395 10
      vertex 45.4913 112.485 10
    endloop
  endfacet
  facet normal -0 0 1
    outer loop
      vertex 44.4441 113.315 10
      vertex 45.4913 112.485 10
      vertex 44.5125 113.395 10
    endloop
  endfacet
  facet normal 0 0 1
    outer loop
      vertex 45.4913 112.485 10
      vertex 44.4441 113.315 10
      vertex 45.4204 112.395 10
    endloop
  endfacet
  facet normal -0 0 1
    outer loop
      vertex 44.3692 113.244 10
      vertex 45.4204 112.395 10
      vertex 44.4441 113.315 10
    endloop
  endfacet
  facet normal 0 0 1
    outer loop
      vertex 44.7217 113.867 10
      vertex 45.1755 114.193 10
      vertex 44.7357 113.975 10
    endloop
  endfacet
  facet normal 0 0 1
    outer loop
      vertex 44.6985 113.764 10
      vertex 45.1755 114.193 10
      vertex 44.7217 113.867 10
    endloop
  endfacet
  facet normal 0 0 1
    outer loop
      vertex 44.6659 113.665 10
      vertex 45.1755 114.193 10
      vertex 44.6985 113.764 10
    endloop
  endfacet
  facet normal 0 0 1
    outer loop
      vertex 44.6241 113.57 10
      vertex 45.1755 114.193 10
      vertex 44.6659 113.665 10
    endloop
  endfacet
  facet normal -0 0 1
    outer loop
      vertex 44.2878 113.181 10
      vertex 45.3546 112.304 10
      vertex 44.3692 113.244 10
    endloop
  endfacet
  facet normal 0 0 1
    outer loop
      vertex 45.3546 112.304 10
      vertex 44.2878 113.181 10
      vertex 45.294 112.212 10
    endloop
  endfacet
  facet normal 0 0 1
    outer loop
      vertex 45.294 112.212 10
      vertex 44.2878 113.181 10
      vertex 45.2385 112.12 10
    endloop
  endfacet
  facet normal -0 0 1
    outer loop
      vertex 44.1998 113.126 10
      vertex 45.2385 112.12 10
      vertex 44.2878 113.181 10
    endloop
  endfacet
  facet normal 0 0 1
    outer loop
      vertex 45.2385 112.12 10
      vertex 44.1998 113.126 10
      vertex 45.1881 112.027 10
    endloop
  endfacet
  facet normal -0 0 1
    outer loop
      vertex 44.1053 113.08 10
      vertex 45.1881 112.027 10
      vertex 44.1998 113.126 10
    endloop
  endfacet
  facet normal 0 0 1
    outer loop
      vertex 45.1881 112.027 10
      vertex 44.1053 113.08 10
      vertex 45.1429 111.934 10
    endloop
  endfacet
  facet normal -0 0 1
    outer loop
      vertex 44.0043 113.041 10
      vertex 45.1429 111.934 10
      vertex 44.1053 113.08 10
    endloop
  endfacet
  facet normal -0 0 1
    outer loop
      vertex 43.8967 113.011 10
      vertex 45.1429 111.934 10
      vertex 44.0043 113.041 10
    endloop
  endfacet
  facet normal 0 0 1
    outer loop
      vertex 45.1429 111.934 10
      vertex 43.8967 113.011 10
      vertex 44.9302 111.405 10
    endloop
  endfacet
  facet normal 0 0 1
    outer loop
      vertex 43.5096 113.505 10
      vertex 43.9312 113.979 10
      vertex 43.9347 114.055 10
    endloop
  endfacet
  facet normal 0 0 1
    outer loop
      vertex 43.5749 114.561 10
      vertex 43.9347 114.055 10
      vertex 43.9203 114.201 10
    endloop
  endfacet
  facet normal 0 0 1
    outer loop
      vertex 43.5096 113.505 10
      vertex 43.9347 114.055 10
      vertex 43.5749 114.561 10
    endloop
  endfacet
  facet normal 0 0 1
    outer loop
      vertex 43.9312 113.979 10
      vertex 43.5824 113.527 10
      vertex 43.9205 113.909 10
    endloop
  endfacet
  facet normal 0 0 1
    outer loop
      vertex 43.7044 114.505 10
      vertex 43.9203 114.201 10
      vertex 43.8771 114.325 10
    endloop
  endfacet
  facet normal 0 -0 1
    outer loop
      vertex 43.6486 113.555 10
      vertex 43.9205 113.909 10
      vertex 43.5824 113.527 10
    endloop
  endfacet
  facet normal 0 0 1
    outer loop
      vertex 43.9205 113.909 10
      vertex 43.6486 113.555 10
      vertex 43.9028 113.843 10
    endloop
  endfacet
  facet normal 0 0 1
    outer loop
      vertex 43.7044 114.505 10
      vertex 43.8771 114.325 10
      vertex 43.8052 114.426 10
    endloop
  endfacet
  facet normal 0 0 1
    outer loop
      vertex 43.9203 114.201 10
      vertex 43.7044 114.505 10
      vertex 43.5749 114.561 10
    endloop
  endfacet
  facet normal 0 0 1
    outer loop
      vertex 43.878 113.782 10
      vertex 43.6486 113.555 10
      vertex 43.8461 113.726 10
    endloop
  endfacet
  facet normal 0 0 1
    outer loop
      vertex 43.8461 113.726 10
      vertex 43.6486 113.555 10
      vertex 43.8072 113.675 10
    endloop
  endfacet
  facet normal 0 0 1
    outer loop
      vertex 43.8072 113.675 10
      vertex 43.7082 113.589 10
      vertex 43.7611 113.629 10
    endloop
  endfacet
  facet normal 0 0 1
    outer loop
      vertex 43.8072 113.675 10
      vertex 43.6486 113.555 10
      vertex 43.7082 113.589 10
    endloop
  endfacet
  facet normal 0 0 1
    outer loop
      vertex 43.9028 113.843 10
      vertex 43.6486 113.555 10
      vertex 43.878 113.782 10
    endloop
  endfacet
  facet normal 0 0 1
    outer loop
      vertex 43.9312 113.979 10
      vertex 43.5096 113.505 10
      vertex 43.5824 113.527 10
    endloop
  endfacet
  facet normal 0 0 1
    outer loop
      vertex 43.4166 114.595 10
      vertex 43.5096 113.505 10
      vertex 43.5749 114.561 10
    endloop
  endfacet
  facet normal 0 0 1
    outer loop
      vertex 43.5096 113.505 10
      vertex 43.4166 114.595 10
      vertex 43.4301 113.49 10
    endloop
  endfacet
  facet normal 0 0 1
    outer loop
      vertex 43.4166 114.595 10
      vertex 43.344 113.48 10
      vertex 43.4301 113.49 10
    endloop
  endfacet
  facet normal 0 0 1
    outer loop
      vertex 43.2295 114.606 10
      vertex 43.344 113.48 10
      vertex 43.4166 114.595 10
    endloop
  endfacet
  facet normal 0 0 1
    outer loop
      vertex 43.344 113.48 10
      vertex 43.2295 114.606 10
      vertex 43.2512 113.477 10
    endloop
  endfacet
  facet normal 0 0 1
    outer loop
      vertex 42.2041 113.477 10
      vertex 43.2295 114.606 10
      vertex 42.2041 114.606 10
    endloop
  endfacet
  facet normal 0 0 1
    outer loop
      vertex 43.2295 114.606 10
      vertex 42.2041 113.477 10
      vertex 43.2512 113.477 10
    endloop
  endfacet
  facet normal 0 1 -0
    outer loop
      vertex 177.5 117.2 0
      vertex 175.225 117.2 10
      vertex 177.5 117.2 10
    endloop
  endfacet
  facet normal 0 1 0
    outer loop
      vertex 175.225 117.2 10
      vertex 177.5 117.2 0
      vertex 175.225 117.2 0
    endloop
  endfacet
  facet normal -1 0 0
    outer loop
      vertex 175.225 113.6 0
      vertex 175.225 117.2 10
      vertex 175.225 117.2 0
    endloop
  endfacet
  facet normal -1 -0 0
    outer loop
      vertex 175.225 117.2 10
      vertex 175.225 113.6 0
      vertex 175.225 113.6 10
    endloop
  endfacet
  facet normal 0 1 -0
    outer loop
      vertex 175.225 113.6 0
      vertex 169.975 113.6 10
      vertex 175.225 113.6 10
    endloop
  endfacet
  facet normal 0 1 0
    outer loop
      vertex 169.975 113.6 10
      vertex 175.225 113.6 0
      vertex 169.975 113.6 0
    endloop
  endfacet
  facet normal 1 -0 0
    outer loop
      vertex 169.975 113.6 10
      vertex 169.975 117.2 0
      vertex 169.975 117.2 10
    endloop
  endfacet
  facet normal 1 0 0
    outer loop
      vertex 169.975 117.2 0
      vertex 169.975 113.6 10
      vertex 169.975 113.6 0
    endloop
  endfacet
  facet normal 0 1 -0
    outer loop
      vertex 169.975 117.2 0
      vertex 140.5 117.2 10
      vertex 169.975 117.2 10
    endloop
  endfacet
  facet normal 0 1 0
    outer loop
      vertex 140.5 117.2 10
      vertex 169.975 117.2 0
      vertex 140.5 117.2 0
    endloop
  endfacet
  facet normal 1 -0 0
    outer loop
      vertex 140.5 117.2 10
      vertex 140.5 122.2 0
      vertex 140.5 122.2 10
    endloop
  endfacet
  facet normal 1 0 0
    outer loop
      vertex 140.5 122.2 0
      vertex 140.5 117.2 10
      vertex 140.5 117.2 0
    endloop
  endfacet
  facet normal 0 1 -0
    outer loop
      vertex 140.5 122.2 0
      vertex 128.5 122.2 10
      vertex 140.5 122.2 10
    endloop
  endfacet
  facet normal 0 1 0
    outer loop
      vertex 128.5 122.2 10
      vertex 140.5 122.2 0
      vertex 128.5 122.2 0
    endloop
  endfacet
  facet normal -1 0 0
    outer loop
      vertex 128.5 117.2 0
      vertex 128.5 122.2 10
      vertex 128.5 122.2 0
    endloop
  endfacet
  facet normal -1 -0 0
    outer loop
      vertex 128.5 122.2 10
      vertex 128.5 117.2 0
      vertex 128.5 117.2 10
    endloop
  endfacet
  facet normal 0 1 -0
    outer loop
      vertex 128.5 117.2 0
      vertex 107.5 117.2 10
      vertex 128.5 117.2 10
    endloop
  endfacet
  facet normal 0 1 0
    outer loop
      vertex 107.5 117.2 10
      vertex 128.5 117.2 0
      vertex 107.5 117.2 0
    endloop
  endfacet
  facet normal 1 -0 0
    outer loop
      vertex 107.5 117.2 10
      vertex 107.5 122.2 0
      vertex 107.5 122.2 10
    endloop
  endfacet
  facet normal 1 0 0
    outer loop
      vertex 107.5 122.2 0
      vertex 107.5 117.2 10
      vertex 107.5 117.2 0
    endloop
  endfacet
  facet normal 0 1 -0
    outer loop
      vertex 107.5 122.2 0
      vertex 71.5 122.2 10
      vertex 107.5 122.2 10
    endloop
  endfacet
  facet normal 0 1 0
    outer loop
      vertex 71.5 122.2 10
      vertex 107.5 122.2 0
      vertex 71.5 122.2 0
    endloop
  endfacet
  facet normal -1 0 0
    outer loop
      vertex 71.5 117.2 0
      vertex 71.5 122.2 10
      vertex 71.5 122.2 0
    endloop
  endfacet
  facet normal -1 -0 0
    outer loop
      vertex 71.5 122.2 10
      vertex 71.5 117.2 0
      vertex 71.5 117.2 10
    endloop
  endfacet
  facet normal 0 1 -0
    outer loop
      vertex 71.5 117.2 0
      vertex 50.5 117.2 10
      vertex 71.5 117.2 10
    endloop
  endfacet
  facet normal 0 1 0
    outer loop
      vertex 50.5 117.2 10
      vertex 71.5 117.2 0
      vertex 50.5 117.2 0
    endloop
  endfacet
  facet normal 1 -0 0
    outer loop
      vertex 50.5 117.2 10
      vertex 50.5 122.2 0
      vertex 50.5 122.2 10
    endloop
  endfacet
  facet normal 1 0 0
    outer loop
      vertex 50.5 122.2 0
      vertex 50.5 117.2 10
      vertex 50.5 117.2 0
    endloop
  endfacet
  facet normal 0 1 -0
    outer loop
      vertex 50.5 122.2 0
      vertex 38.5 122.2 10
      vertex 50.5 122.2 10
    endloop
  endfacet
  facet normal 0 1 0
    outer loop
      vertex 38.5 122.2 10
      vertex 50.5 122.2 0
      vertex 38.5 122.2 0
    endloop
  endfacet
  facet normal -1 0 0
    outer loop
      vertex 38.5 117.2 0
      vertex 38.5 122.2 10
      vertex 38.5 122.2 0
    endloop
  endfacet
  facet normal -1 -0 0
    outer loop
      vertex 38.5 122.2 10
      vertex 38.5 117.2 0
      vertex 38.5 117.2 10
    endloop
  endfacet
  facet normal 0 1 -0
    outer loop
      vertex 38.5 117.2 0
      vertex 9.02501 117.2 10
      vertex 38.5 117.2 10
    endloop
  endfacet
  facet normal 0 1 0
    outer loop
      vertex 9.02501 117.2 10
      vertex 38.5 117.2 0
      vertex 9.02501 117.2 0
    endloop
  endfacet
  facet normal -1 0 0
    outer loop
      vertex 9.02501 113.6 0
      vertex 9.02501 117.2 10
      vertex 9.02501 117.2 0
    endloop
  endfacet
  facet normal -1 -0 0
    outer loop
      vertex 9.02501 117.2 10
      vertex 9.02501 113.6 0
      vertex 9.02501 113.6 10
    endloop
  endfacet
  facet normal 0 1 -0
    outer loop
      vertex 9.02501 113.6 0
      vertex 3.77501 113.6 10
      vertex 9.02501 113.6 10
    endloop
  endfacet
  facet normal 0 1 0
    outer loop
      vertex 3.77501 113.6 10
      vertex 9.02501 113.6 0
      vertex 3.77501 113.6 0
    endloop
  endfacet
  facet normal 1 -0 0
    outer loop
      vertex 3.77501 113.6 10
      vertex 3.77501 117.2 0
      vertex 3.77501 117.2 10
    endloop
  endfacet
  facet normal 1 0 0
    outer loop
      vertex 3.77501 117.2 0
      vertex 3.77501 113.6 10
      vertex 3.77501 113.6 0
    endloop
  endfacet
  facet normal 0 1 -0
    outer loop
      vertex 3.77501 117.2 0
      vertex 1.5 117.2 10
      vertex 3.77501 117.2 10
    endloop
  endfacet
  facet normal 0 1 0
    outer loop
      vertex 1.5 117.2 10
      vertex 3.77501 117.2 0
      vertex 1.5 117.2 0
    endloop
  endfacet
  facet normal -1 0 0
    outer loop
      vertex 1.5 110 0
      vertex 1.5 117.2 10
      vertex 1.5 117.2 0
    endloop
  endfacet
  facet normal -1 -0 0
    outer loop
      vertex 1.5 117.2 10
      vertex 1.5 110 0
      vertex 1.5 110 10
    endloop
  endfacet
  facet normal 0 -1 0
    outer loop
      vertex 1.5 110 0
      vertex 79.5 110 10
      vertex 1.5 110 10
    endloop
  endfacet
  facet normal 0 -1 -0
    outer loop
      vertex 79.5 110 10
      vertex 1.5 110 0
      vertex 79.5 110 0
    endloop
  endfacet
  facet normal 1 -0 0
    outer loop
      vertex 79.5 110 10
      vertex 79.5 119.1 0
      vertex 79.5 119.1 10
    endloop
  endfacet
  facet normal 1 0 0
    outer loop
      vertex 79.5 119.1 0
      vertex 79.5 110 10
      vertex 79.5 110 0
    endloop
  endfacet
  facet normal 0 -1 0
    outer loop
      vertex 79.5 119.1 0
      vertex 99.5 119.1 10
      vertex 79.5 119.1 10
    endloop
  endfacet
  facet normal 0 -1 -0
    outer loop
      vertex 99.5 119.1 10
      vertex 79.5 119.1 0
      vertex 99.5 119.1 0
    endloop
  endfacet
  facet normal -1 0 0
    outer loop
      vertex 99.5 110 0
      vertex 99.5 119.1 10
      vertex 99.5 119.1 0
    endloop
  endfacet
  facet normal -1 -0 0
    outer loop
      vertex 99.5 119.1 10
      vertex 99.5 110 0
      vertex 99.5 110 10
    endloop
  endfacet
  facet normal 0 -1 0
    outer loop
      vertex 99.5 110 0
      vertex 177.5 110 10
      vertex 99.5 110 10
    endloop
  endfacet
  facet normal 0 -1 -0
    outer loop
      vertex 177.5 110 10
      vertex 99.5 110 0
      vertex 177.5 110 0
    endloop
  endfacet
  facet normal 1 -0 0
    outer loop
      vertex 177.5 110 10
      vertex 177.5 117.2 0
      vertex 177.5 117.2 10
    endloop
  endfacet
  facet normal 1 0 0
    outer loop
      vertex 177.5 117.2 0
      vertex 177.5 110 10
      vertex 177.5 110 0
    endloop
  endfacet
  facet normal 0 0 1
    outer loop
      vertex 46.9847 114.177 9.4
      vertex 47.7578 114.21 9.4
      vertex 47.751 114.351 9.4
    endloop
  endfacet
  facet normal 0 0 1
    outer loop
      vertex 47.7578 114.21 9.4
      vertex 46.9847 114.177 9.4
      vertex 47.7556 114.134 9.4
    endloop
  endfacet
  facet normal 0 0 1
    outer loop
      vertex 47.7556 114.134 9.4
      vertex 46.9847 114.177 9.4
      vertex 47.7491 114.06 9.4
    endloop
  endfacet
  facet normal 0 0 1
    outer loop
      vertex 46.9745 114.31 9.4
      vertex 47.751 114.351 9.4
      vertex 47.7308 114.483 9.4
    endloop
  endfacet
  facet normal -0 0 1
    outer loop
      vertex 46.9814 114.119 9.4
      vertex 47.7491 114.06 9.4
      vertex 46.9847 114.177 9.4
    endloop
  endfacet
  facet normal 0 0 1
    outer loop
      vertex 47.7491 114.06 9.4
      vertex 46.9814 114.119 9.4
      vertex 47.7384 113.989 9.4
    endloop
  endfacet
  facet normal 0 0 1
    outer loop
      vertex 46.9745 114.31 9.4
      vertex 47.7308 114.483 9.4
      vertex 47.697 114.605 9.4
    endloop
  endfacet
  facet normal 0 0 1
    outer loop
      vertex 47.7384 113.989 9.4
      vertex 46.9814 114.119 9.4
      vertex 47.7232 113.92 9.4
    endloop
  endfacet
  facet normal -0 0 1
    outer loop
      vertex 46.9715 114.06 9.4
      vertex 47.7232 113.92 9.4
      vertex 46.9814 114.119 9.4
    endloop
  endfacet
  facet normal 0 0 1
    outer loop
      vertex 46.9437 114.422 9.4
      vertex 47.697 114.605 9.4
      vertex 47.6497 114.718 9.4
    endloop
  endfacet
  facet normal 0 0 1
    outer loop
      vertex 47.7232 113.92 9.4
      vertex 46.9715 114.06 9.4
      vertex 47.7038 113.852 9.4
    endloop
  endfacet
  facet normal 0 0 1
    outer loop
      vertex 46.9437 114.422 9.4
      vertex 47.6497 114.718 9.4
      vertex 47.5889 114.822 9.4
    endloop
  endfacet
  facet normal 0 0 1
    outer loop
      vertex 47.7038 113.852 9.4
      vertex 46.9715 114.06 9.4
      vertex 47.6801 113.787 9.4
    endloop
  endfacet
  facet normal -0 0 1
    outer loop
      vertex 46.9551 114.001 9.4
      vertex 47.6801 113.787 9.4
      vertex 46.9715 114.06 9.4
    endloop
  endfacet
  facet normal 0 0 1
    outer loop
      vertex 46.9437 114.422 9.4
      vertex 47.5889 114.822 9.4
      vertex 47.5147 114.917 9.4
    endloop
  endfacet
  facet normal 0 0 1
    outer loop
      vertex 47.6801 113.787 9.4
      vertex 46.9551 114.001 9.4
      vertex 47.652 113.724 9.4
    endloop
  endfacet
  facet normal 0 0 1
    outer loop
      vertex 47.652 113.724 9.4
      vertex 46.9551 114.001 9.4
      vertex 47.6205 113.663 9.4
    endloop
  endfacet
  facet normal 0 0 1
    outer loop
      vertex 46.8925 114.513 9.4
      vertex 47.5147 114.917 9.4
      vertex 47.4269 115.002 9.4
    endloop
  endfacet
  facet normal -0 0 1
    outer loop
      vertex 46.932 113.942 9.4
      vertex 47.6205 113.663 9.4
      vertex 46.9551 114.001 9.4
    endloop
  endfacet
  facet normal 0 0 1
    outer loop
      vertex 47.6205 113.663 9.4
      vertex 46.932 113.942 9.4
      vertex 47.5867 113.603 9.4
    endloop
  endfacet
  facet normal 0 0 1
    outer loop
      vertex 47.5867 113.603 9.4
      vertex 46.932 113.942 9.4
      vertex 47.5504 113.544 9.4
    endloop
  endfacet
  facet normal 0 0 1
    outer loop
      vertex 46.8925 114.513 9.4
      vertex 47.4269 115.002 9.4
      vertex 47.3264 115.077 9.4
    endloop
  endfacet
  facet normal -0 0 1
    outer loop
      vertex 46.9024 113.882 9.4
      vertex 47.5504 113.544 9.4
      vertex 46.932 113.942 9.4
    endloop
  endfacet
  facet normal 0 0 1
    outer loop
      vertex 47.5504 113.544 9.4
      vertex 46.9024 113.882 9.4
      vertex 47.5116 113.487 9.4
    endloop
  endfacet
  facet normal 0 0 1
    outer loop
      vertex 46.8208 114.585 9.4
      vertex 47.3264 115.077 9.4
      vertex 47.2143 115.14 9.4
    endloop
  endfacet
  facet normal 0 0 1
    outer loop
      vertex 47.5116 113.487 9.4
      vertex 46.9024 113.882 9.4
      vertex 47.4704 113.431 9.4
    endloop
  endfacet
  facet normal -0 0 1
    outer loop
      vertex 46.8661 113.822 9.4
      vertex 47.4704 113.431 9.4
      vertex 46.9024 113.882 9.4
    endloop
  endfacet
  facet normal 0 0 1
    outer loop
      vertex 46.8208 114.585 9.4
      vertex 47.2143 115.14 9.4
      vertex 47.0904 115.192 9.4
    endloop
  endfacet
  facet normal 0 0 1
    outer loop
      vertex 47.4704 113.431 9.4
      vertex 46.8661 113.822 9.4
      vertex 47.4268 113.377 9.4
    endloop
  endfacet
  facet normal 0 0 1
    outer loop
      vertex 47.4268 113.377 9.4
      vertex 46.8661 113.822 9.4
      vertex 47.3807 113.324 9.4
    endloop
  endfacet
  facet normal -0 0 1
    outer loop
      vertex 46.8233 113.762 9.4
      vertex 47.3807 113.324 9.4
      vertex 46.8661 113.822 9.4
    endloop
  endfacet
  facet normal 0 0 1
    outer loop
      vertex 47.751 114.351 9.4
      vertex 46.9745 114.31 9.4
      vertex 46.9847 114.177 9.4
    endloop
  endfacet
  facet normal 0 0 1
    outer loop
      vertex 46.7287 114.636 9.4
      vertex 47.0904 115.192 9.4
      vertex 46.9548 115.232 9.4
    endloop
  endfacet
  facet normal 0 0 1
    outer loop
      vertex 47.697 114.605 9.4
      vertex 46.9437 114.422 9.4
      vertex 46.9745 114.31 9.4
    endloop
  endfacet
  facet normal 0 0 1
    outer loop
      vertex 47.5147 114.917 9.4
      vertex 46.8925 114.513 9.4
      vertex 46.9437 114.422 9.4
    endloop
  endfacet
  facet normal 0 0 1
    outer loop
      vertex 47.3264 115.077 9.4
      vertex 46.8208 114.585 9.4
      vertex 46.8925 114.513 9.4
    endloop
  endfacet
  facet normal 0 0 1
    outer loop
      vertex 46.7287 114.636 9.4
      vertex 46.9548 115.232 9.4
      vertex 46.8074 115.261 9.4
    endloop
  endfacet
  facet normal 0 0 1
    outer loop
      vertex 47.0904 115.192 9.4
      vertex 46.7287 114.636 9.4
      vertex 46.8208 114.585 9.4
    endloop
  endfacet
  facet normal 0 0 1
    outer loop
      vertex 46.616 114.666 9.4
      vertex 46.8074 115.261 9.4
      vertex 46.6483 115.278 9.4
    endloop
  endfacet
  facet normal 0 0 1
    outer loop
      vertex 46.8074 115.261 9.4
      vertex 46.616 114.666 9.4
      vertex 46.7287 114.636 9.4
    endloop
  endfacet
  facet normal 0 0 1
    outer loop
      vertex 46.6483 115.278 9.4
      vertex 46.4829 114.676 9.4
      vertex 46.616 114.666 9.4
    endloop
  endfacet
  facet normal 0 0 1
    outer loop
      vertex 46.4775 115.284 9.4
      vertex 46.4829 114.676 9.4
      vertex 46.6483 115.278 9.4
    endloop
  endfacet
  facet normal 0 0 1
    outer loop
      vertex 46.4775 115.284 9.4
      vertex 46.4155 114.674 9.4
      vertex 46.4829 114.676 9.4
    endloop
  endfacet
  facet normal -0 0 1
    outer loop
      vertex 46.3188 115.278 9.4
      vertex 46.4155 114.674 9.4
      vertex 46.4775 115.284 9.4
    endloop
  endfacet
  facet normal 0 0 1
    outer loop
      vertex 46.4155 114.674 9.4
      vertex 46.3188 115.278 9.4
      vertex 46.3528 114.666 9.4
    endloop
  endfacet
  facet normal -0 0 1
    outer loop
      vertex 46.17 115.261 9.4
      vertex 46.3528 114.666 9.4
      vertex 46.3188 115.278 9.4
    endloop
  endfacet
  facet normal 0 0 1
    outer loop
      vertex 46.3528 114.666 9.4
      vertex 46.17 115.261 9.4
      vertex 46.2948 114.652 9.4
    endloop
  endfacet
  facet normal 0 0 1
    outer loop
      vertex 46.2948 114.652 9.4
      vertex 46.17 115.261 9.4
      vertex 46.2415 114.633 9.4
    endloop
  endfacet
  facet normal -0 0 1
    outer loop
      vertex 46.031 115.233 9.4
      vertex 46.2415 114.633 9.4
      vertex 46.17 115.261 9.4
    endloop
  endfacet
  facet normal 0 0 1
    outer loop
      vertex 46.2415 114.633 9.4
      vertex 46.031 115.233 9.4
      vertex 46.193 114.609 9.4
    endloop
  endfacet
  facet normal -0 0 1
    outer loop
      vertex 45.9018 115.193 9.4
      vertex 46.193 114.609 9.4
      vertex 46.031 115.233 9.4
    endloop
  endfacet
  facet normal 0 0 1
    outer loop
      vertex 46.193 114.609 9.4
      vertex 45.9018 115.193 9.4
      vertex 46.1491 114.58 9.4
    endloop
  endfacet
  facet normal -0 0 1
    outer loop
      vertex 45.7823 115.141 9.4
      vertex 46.1491 114.58 9.4
      vertex 45.9018 115.193 9.4
    endloop
  endfacet
  facet normal 0 0 1
    outer loop
      vertex 46.1491 114.58 9.4
      vertex 45.7823 115.141 9.4
      vertex 46.1099 114.545 9.4
    endloop
  endfacet
  facet normal -0 0 1
    outer loop
      vertex 45.6727 115.079 9.4
      vertex 46.1099 114.545 9.4
      vertex 45.7823 115.141 9.4
    endloop
  endfacet
  facet normal -0 0 1
    outer loop
      vertex 45.5729 115.004 9.4
      vertex 46.1099 114.545 9.4
      vertex 45.6727 115.079 9.4
    endloop
  endfacet
  facet normal 0 0 1
    outer loop
      vertex 46.1099 114.545 9.4
      vertex 45.5729 115.004 9.4
      vertex 46.075 114.504 9.4
    endloop
  endfacet
  facet normal -0 0 1
    outer loop
      vertex 45.4834 114.92 9.4
      vertex 46.075 114.504 9.4
      vertex 45.5729 115.004 9.4
    endloop
  endfacet
  facet normal 0 0 1
    outer loop
      vertex 46.075 114.504 9.4
      vertex 45.4834 114.92 9.4
      vertex 46.0437 114.459 9.4
    endloop
  endfacet
  facet normal -0 0 1
    outer loop
      vertex 45.4048 114.824 9.4
      vertex 46.0437 114.459 9.4
      vertex 45.4834 114.92 9.4
    endloop
  endfacet
  facet normal 0 0 1
    outer loop
      vertex 46.0437 114.459 9.4
      vertex 45.4048 114.824 9.4
      vertex 46.0162 114.408 9.4
    endloop
  endfacet
  facet normal -0 0 1
    outer loop
      vertex 45.3371 114.719 9.4
      vertex 46.0162 114.408 9.4
      vertex 45.4048 114.824 9.4
    endloop
  endfacet
  facet normal 0 0 1
    outer loop
      vertex 46.0162 114.408 9.4
      vertex 45.3371 114.719 9.4
      vertex 45.9924 114.351 9.4
    endloop
  endfacet
  facet normal -0 0 1
    outer loop
      vertex 45.2803 114.603 9.4
      vertex 45.9924 114.351 9.4
      vertex 45.3371 114.719 9.4
    endloop
  endfacet
  facet normal 0 0 1
    outer loop
      vertex 45.9924 114.351 9.4
      vertex 45.2803 114.603 9.4
      vertex 45.9722 114.29 9.4
    endloop
  endfacet
  facet normal -0 0 1
    outer loop
      vertex 45.2345 114.477 9.4
      vertex 45.9722 114.29 9.4
      vertex 45.2803 114.603 9.4
    endloop
  endfacet
  facet normal 0 0 1
    outer loop
      vertex 45.9722 114.29 9.4
      vertex 45.2345 114.477 9.4
      vertex 45.9558 114.223 9.4
    endloop
  endfacet
  facet normal -0 0 1
    outer loop
      vertex 45.1995 114.34 9.4
      vertex 45.9558 114.223 9.4
      vertex 45.2345 114.477 9.4
    endloop
  endfacet
  facet normal 0 0 1
    outer loop
      vertex 45.9558 114.223 9.4
      vertex 45.1995 114.34 9.4
      vertex 45.9431 114.15 9.4
    endloop
  endfacet
  facet normal 0 0 1
    outer loop
      vertex 45.9431 114.15 9.4
      vertex 45.1995 114.34 9.4
      vertex 45.1755 114.193 9.4
    endloop
  endfacet
  facet normal 0 0 1
    outer loop
      vertex 47.3807 113.324 9.4
      vertex 46.8233 113.762 9.4
      vertex 47.3327 113.272 9.4
    endloop
  endfacet
  facet normal -0 0 1
    outer loop
      vertex 46.7723 113.699 9.4
      vertex 47.3327 113.272 9.4
      vertex 46.8233 113.762 9.4
    endloop
  endfacet
  facet normal 0 0 1
    outer loop
      vertex 47.3327 113.272 9.4
      vertex 46.7723 113.699 9.4
      vertex 47.2832 113.221 9.4
    endloop
  endfacet
  facet normal 0 0 1
    outer loop
      vertex 47.2832 113.221 9.4
      vertex 46.7723 113.699 9.4
      vertex 47.2322 113.171 9.4
    endloop
  endfacet
  facet normal -0 0 1
    outer loop
      vertex 46.7115 113.632 9.4
      vertex 47.2322 113.171 9.4
      vertex 46.7723 113.699 9.4
    endloop
  endfacet
  facet normal 0 0 1
    outer loop
      vertex 47.2322 113.171 9.4
      vertex 46.7115 113.632 9.4
      vertex 47.1797 113.122 9.4
    endloop
  endfacet
  facet normal 0 0 1
    outer loop
      vertex 47.1797 113.122 9.4
      vertex 46.7115 113.632 9.4
      vertex 47.1257 113.074 9.4
    endloop
  endfacet
  facet normal -0 0 1
    outer loop
      vertex 46.6409 113.56 9.4
      vertex 47.1257 113.074 9.4
      vertex 46.7115 113.632 9.4
    endloop
  endfacet
  facet normal 0 0 1
    outer loop
      vertex 47.1257 113.074 9.4
      vertex 46.6409 113.56 9.4
      vertex 47.0702 113.027 9.4
    endloop
  endfacet
  facet normal -0 0 1
    outer loop
      vertex 46.5605 113.483 9.4
      vertex 47.0702 113.027 9.4
      vertex 46.6409 113.56 9.4
    endloop
  endfacet
  facet normal 0 0 1
    outer loop
      vertex 47.0702 113.027 9.4
      vertex 46.5605 113.483 9.4
      vertex 47.0132 112.981 9.4
    endloop
  endfacet
  facet normal 0 0 1
    outer loop
      vertex 47.0132 112.981 9.4
      vertex 46.5605 113.483 9.4
      vertex 46.9557 112.935 9.4
    endloop
  endfacet
  facet normal -0 0 1
    outer loop
      vertex 46.4703 113.402 9.4
      vertex 46.9557 112.935 9.4
      vertex 46.5605 113.483 9.4
    endloop
  endfacet
  facet normal 0 0 1
    outer loop
      vertex 46.9557 112.935 9.4
      vertex 46.4703 113.402 9.4
      vertex 46.8422 112.845 9.4
    endloop
  endfacet
  facet normal -0 0 1
    outer loop
      vertex 46.3703 113.316 9.4
      vertex 46.8422 112.845 9.4
      vertex 46.4703 113.402 9.4
    endloop
  endfacet
  facet normal 0 0 1
    outer loop
      vertex 46.8422 112.845 9.4
      vertex 46.3703 113.316 9.4
      vertex 46.7862 112.801 9.4
    endloop
  endfacet
  facet normal 0 0 1
    outer loop
      vertex 46.7862 112.801 9.4
      vertex 46.3703 113.316 9.4
      vertex 46.6757 112.713 9.4
    endloop
  endfacet
  facet normal -0 0 1
    outer loop
      vertex 46.2605 113.225 9.4
      vertex 46.6757 112.713 9.4
      vertex 46.3703 113.316 9.4
    endloop
  endfacet
  facet normal 0 0 1
    outer loop
      vertex 46.6757 112.713 9.4
      vertex 46.2605 113.225 9.4
      vertex 46.6212 112.669 9.4
    endloop
  endfacet
  facet normal -0 0 1
    outer loop
      vertex 46.144 113.129 9.4
      vertex 46.6212 112.669 9.4
      vertex 46.2605 113.225 9.4
    endloop
  endfacet
  facet normal 0 0 1
    outer loop
      vertex 46.6212 112.669 9.4
      vertex 46.144 113.129 9.4
      vertex 46.5677 112.626 9.4
    endloop
  endfacet
  facet normal 0 0 1
    outer loop
      vertex 46.5677 112.626 9.4
      vertex 46.144 113.129 9.4
      vertex 46.5155 112.582 9.4
    endloop
  endfacet
  facet normal -0 0 1
    outer loop
      vertex 46.0334 113.034 9.4
      vertex 46.5155 112.582 9.4
      vertex 46.144 113.129 9.4
    endloop
  endfacet
  facet normal 0 0 1
    outer loop
      vertex 46.5155 112.582 9.4
      vertex 46.0334 113.034 9.4
      vertex 46.4647 112.538 9.4
    endloop
  endfacet
  facet normal 0 0 1
    outer loop
      vertex 46.4647 112.538 9.4
      vertex 46.0334 113.034 9.4
      vertex 46.4153 112.495 9.4
    endloop
  endfacet
  facet normal -0 0 1
    outer loop
      vertex 45.9286 112.939 9.4
      vertex 46.4153 112.495 9.4
      vertex 46.0334 113.034 9.4
    endloop
  endfacet
  facet normal 0 0 1
    outer loop
      vertex 46.4153 112.495 9.4
      vertex 45.9286 112.939 9.4
      vertex 46.3673 112.451 9.4
    endloop
  endfacet
  facet normal 0 0 1
    outer loop
      vertex 46.3673 112.451 9.4
      vertex 45.9286 112.939 9.4
      vertex 46.3206 112.407 9.4
    endloop
  endfacet
  facet normal -0 0 1
    outer loop
      vertex 45.8296 112.846 9.4
      vertex 46.3206 112.407 9.4
      vertex 45.9286 112.939 9.4
    endloop
  endfacet
  facet normal 0 0 1
    outer loop
      vertex 46.3206 112.407 9.4
      vertex 45.8296 112.846 9.4
      vertex 46.2754 112.363 9.4
    endloop
  endfacet
  facet normal 0 0 1
    outer loop
      vertex 46.2754 112.363 9.4
      vertex 45.8296 112.846 9.4
      vertex 46.2325 112.318 9.4
    endloop
  endfacet
  facet normal -0 0 1
    outer loop
      vertex 45.7364 112.755 9.4
      vertex 46.2325 112.318 9.4
      vertex 45.8296 112.846 9.4
    endloop
  endfacet
  facet normal 0 0 1
    outer loop
      vertex 46.2325 112.318 9.4
      vertex 45.7364 112.755 9.4
      vertex 46.1928 112.272 9.4
    endloop
  endfacet
  facet normal -0 0 1
    outer loop
      vertex 45.649 112.664 9.4
      vertex 46.1928 112.272 9.4
      vertex 45.7364 112.755 9.4
    endloop
  endfacet
  facet normal 0 0 1
    outer loop
      vertex 46.1928 112.272 9.4
      vertex 45.649 112.664 9.4
      vertex 46.1564 112.226 9.4
    endloop
  endfacet
  facet normal -0 0 1
    outer loop
      vertex 46.0435 112.032 9.4
      vertex 47.8175 111.405 9.4
      vertex 47.8175 112.032 9.4
    endloop
  endfacet
  facet normal 0 0 1
    outer loop
      vertex 46.1564 112.226 9.4
      vertex 45.649 112.664 9.4
      vertex 46.1233 112.179 9.4
    endloop
  endfacet
  facet normal -0 0 1
    outer loop
      vertex 45.5674 112.574 9.4
      vertex 46.1233 112.179 9.4
      vertex 45.649 112.664 9.4
    endloop
  endfacet
  facet normal 0 0 1
    outer loop
      vertex 46.1233 112.179 9.4
      vertex 45.5674 112.574 9.4
      vertex 46.0934 112.131 9.4
    endloop
  endfacet
  facet normal -0 0 1
    outer loop
      vertex 45.4913 112.485 9.4
      vertex 46.0934 112.131 9.4
      vertex 45.5674 112.574 9.4
    endloop
  endfacet
  facet normal 0 0 1
    outer loop
      vertex 46.0934 112.131 9.4
      vertex 45.4913 112.485 9.4
      vertex 46.0668 112.082 9.4
    endloop
  endfacet
  facet normal -0 0 1
    outer loop
      vertex 45.4204 112.395 9.4
      vertex 46.0668 112.082 9.4
      vertex 45.4913 112.485 9.4
    endloop
  endfacet
  facet normal 0 0 1
    outer loop
      vertex 46.0668 112.082 9.4
      vertex 45.4204 112.395 9.4
      vertex 46.0435 112.032 9.4
    endloop
  endfacet
  facet normal -0 0 1
    outer loop
      vertex 45.3546 112.304 9.4
      vertex 46.0435 112.032 9.4
      vertex 45.4204 112.395 9.4
    endloop
  endfacet
  facet normal -0 0 1
    outer loop
      vertex 45.294 112.212 9.4
      vertex 46.0435 112.032 9.4
      vertex 45.3546 112.304 9.4
    endloop
  endfacet
  facet normal -0 0 1
    outer loop
      vertex 45.2385 112.12 9.4
      vertex 46.0435 112.032 9.4
      vertex 45.294 112.212 9.4
    endloop
  endfacet
  facet normal 0 0 1
    outer loop
      vertex 45.1881 112.027 9.4
      vertex 46.0435 112.032 9.4
      vertex 45.2385 112.12 9.4
    endloop
  endfacet
  facet normal 0 0 1
    outer loop
      vertex 45.1429 111.934 9.4
      vertex 46.0435 112.032 9.4
      vertex 45.1881 112.027 9.4
    endloop
  endfacet
  facet normal 0 0 1
    outer loop
      vertex 46.0435 112.032 9.4
      vertex 45.1429 111.934 9.4
      vertex 45.1429 111.405 9.4
    endloop
  endfacet
  facet normal 0 0 1
    outer loop
      vertex 46.0435 112.032 9.4
      vertex 45.1429 111.405 9.4
      vertex 47.8175 111.405 9.4
    endloop
  endfacet
  facet normal 0 0 1
    outer loop
      vertex 44.7328 114.24 9.4
      vertex 43.9203 114.201 9.4
      vertex 43.9347 114.055 9.4
    endloop
  endfacet
  facet normal 0 0 1
    outer loop
      vertex 44.1309 115.077 9.4
      vertex 43.8771 114.325 9.4
      vertex 43.9203 114.201 9.4
    endloop
  endfacet
  facet normal 0 0 1
    outer loop
      vertex 43.7044 114.505 9.4
      vertex 43.9929 115.131 9.4
      vertex 43.8422 115.173 9.4
    endloop
  endfacet
  facet normal 0 0 1
    outer loop
      vertex 44.1309 115.077 9.4
      vertex 43.8052 114.426 9.4
      vertex 43.8771 114.325 9.4
    endloop
  endfacet
  facet normal 0 0 1
    outer loop
      vertex 44.1309 115.077 9.4
      vertex 43.7044 114.505 9.4
      vertex 43.8052 114.426 9.4
    endloop
  endfacet
  facet normal 0 0 1
    outer loop
      vertex 43.5749 114.561 9.4
      vertex 43.8422 115.173 9.4
      vertex 43.6787 115.203 9.4
    endloop
  endfacet
  facet normal 0 0 1
    outer loop
      vertex 43.8422 115.173 9.4
      vertex 43.5749 114.561 9.4
      vertex 43.7044 114.505 9.4
    endloop
  endfacet
  facet normal 0 0 1
    outer loop
      vertex 43.4166 114.595 9.4
      vertex 43.6787 115.203 9.4
      vertex 43.5025 115.221 9.4
    endloop
  endfacet
  facet normal 0 0 1
    outer loop
      vertex 43.6787 115.203 9.4
      vertex 43.4166 114.595 9.4
      vertex 43.5749 114.561 9.4
    endloop
  endfacet
  facet normal 0 0 1
    outer loop
      vertex 43.3136 115.227 9.4
      vertex 43.4166 114.595 9.4
      vertex 43.5025 115.221 9.4
    endloop
  endfacet
  facet normal 0 0 1
    outer loop
      vertex 43.3136 115.227 9.4
      vertex 43.2295 114.606 9.4
      vertex 43.4166 114.595 9.4
    endloop
  endfacet
  facet normal 0 0 1
    outer loop
      vertex 43.3136 115.227 9.4
      vertex 42.2041 114.606 9.4
      vertex 43.2295 114.606 9.4
    endloop
  endfacet
  facet normal 0 0 1
    outer loop
      vertex 41.4039 115.227 9.4
      vertex 42.2041 113.477 9.4
      vertex 42.2041 114.606 9.4
    endloop
  endfacet
  facet normal 0 0 1
    outer loop
      vertex 41.4039 111.405 9.4
      vertex 42.2041 113.477 9.4
      vertex 41.4039 115.227 9.4
    endloop
  endfacet
  facet normal -0 0 1
    outer loop
      vertex 41.4039 115.227 9.4
      vertex 42.2041 114.606 9.4
      vertex 43.3136 115.227 9.4
    endloop
  endfacet
  facet normal 0 0 1
    outer loop
      vertex 42.2041 113.477 9.4
      vertex 41.4039 111.405 9.4
      vertex 42.2041 112.856 9.4
    endloop
  endfacet
  facet normal 0 0 1
    outer loop
      vertex 42.2041 112.856 9.4
      vertex 41.4039 111.405 9.4
      vertex 42.2041 111.405 9.4
    endloop
  endfacet
  facet normal 0 0 1
    outer loop
      vertex 43.9347 114.055 9.4
      vertex 44.7403 114.088 9.4
      vertex 44.7328 114.24 9.4
    endloop
  endfacet
  facet normal 0 0 1
    outer loop
      vertex 44.7403 114.088 9.4
      vertex 43.9347 114.055 9.4
      vertex 44.7357 113.975 9.4
    endloop
  endfacet
  facet normal 0 0 1
    outer loop
      vertex 43.9203 114.201 9.4
      vertex 44.7328 114.24 9.4
      vertex 44.71 114.381 9.4
    endloop
  endfacet
  facet normal -0 0 1
    outer loop
      vertex 43.9312 113.979 9.4
      vertex 44.7357 113.975 9.4
      vertex 43.9347 114.055 9.4
    endloop
  endfacet
  facet normal 0 0 1
    outer loop
      vertex 43.9203 114.201 9.4
      vertex 44.71 114.381 9.4
      vertex 44.6721 114.513 9.4
    endloop
  endfacet
  facet normal 0 0 1
    outer loop
      vertex 44.7357 113.975 9.4
      vertex 43.9312 113.979 9.4
      vertex 44.7217 113.867 9.4
    endloop
  endfacet
  facet normal 0 0 1
    outer loop
      vertex 44.7217 113.867 9.4
      vertex 43.9312 113.979 9.4
      vertex 44.6985 113.764 9.4
    endloop
  endfacet
  facet normal 0 0 1
    outer loop
      vertex 43.9203 114.201 9.4
      vertex 44.6721 114.513 9.4
      vertex 44.619 114.633 9.4
    endloop
  endfacet
  facet normal -0 0 1
    outer loop
      vertex 43.9205 113.909 9.4
      vertex 44.6985 113.764 9.4
      vertex 43.9312 113.979 9.4
    endloop
  endfacet
  facet normal 0 0 1
    outer loop
      vertex 43.9203 114.201 9.4
      vertex 44.619 114.633 9.4
      vertex 44.5507 114.744 9.4
    endloop
  endfacet
  facet normal 0 0 1
    outer loop
      vertex 44.6985 113.764 9.4
      vertex 43.9205 113.909 9.4
      vertex 44.6659 113.665 9.4
    endloop
  endfacet
  facet normal 0 0 1
    outer loop
      vertex 43.9203 114.201 9.4
      vertex 44.5507 114.744 9.4
      vertex 44.4673 114.843 9.4
    endloop
  endfacet
  facet normal 0 0 1
    outer loop
      vertex 44.6659 113.665 9.4
      vertex 43.9205 113.909 9.4
      vertex 44.6241 113.57 9.4
    endloop
  endfacet
  facet normal -0 0 1
    outer loop
      vertex 43.9028 113.843 9.4
      vertex 44.6241 113.57 9.4
      vertex 43.9205 113.909 9.4
    endloop
  endfacet
  facet normal 0 0 1
    outer loop
      vertex 43.9203 114.201 9.4
      vertex 44.4673 114.843 9.4
      vertex 44.3687 114.933 9.4
    endloop
  endfacet
  facet normal 0 0 1
    outer loop
      vertex 44.6241 113.57 9.4
      vertex 43.9028 113.843 9.4
      vertex 44.5729 113.48 9.4
    endloop
  endfacet
  facet normal 0 0 1
    outer loop
      vertex 43.9203 114.201 9.4
      vertex 44.3687 114.933 9.4
      vertex 44.2562 115.011 9.4
    endloop
  endfacet
  facet normal -0 0 1
    outer loop
      vertex 43.878 113.782 9.4
      vertex 44.5729 113.48 9.4
      vertex 43.9028 113.843 9.4
    endloop
  endfacet
  facet normal 0 0 1
    outer loop
      vertex 43.9203 114.201 9.4
      vertex 44.2562 115.011 9.4
      vertex 44.1309 115.077 9.4
    endloop
  endfacet
  facet normal 0 0 1
    outer loop
      vertex 44.5729 113.48 9.4
      vertex 43.878 113.782 9.4
      vertex 44.5125 113.395 9.4
    endloop
  endfacet
  facet normal 0 0 1
    outer loop
      vertex 44.5125 113.395 9.4
      vertex 43.878 113.782 9.4
      vertex 44.4441 113.315 9.4
    endloop
  endfacet
  facet normal 0 0 1
    outer loop
      vertex 43.7044 114.505 9.4
      vertex 44.1309 115.077 9.4
      vertex 43.9929 115.131 9.4
    endloop
  endfacet
  facet normal -0 0 1
    outer loop
      vertex 43.8461 113.726 9.4
      vertex 44.4441 113.315 9.4
      vertex 43.878 113.782 9.4
    endloop
  endfacet
  facet normal 0 0 1
    outer loop
      vertex 44.4441 113.315 9.4
      vertex 43.8461 113.726 9.4
      vertex 44.3692 113.244 9.4
    endloop
  endfacet
  facet normal 0 0 1
    outer loop
      vertex 44.3692 113.244 9.4
      vertex 43.8461 113.726 9.4
      vertex 44.2878 113.181 9.4
    endloop
  endfacet
  facet normal -0 0 1
    outer loop
      vertex 43.8072 113.675 9.4
      vertex 44.2878 113.181 9.4
      vertex 43.8461 113.726 9.4
    endloop
  endfacet
  facet normal 0 0 1
    outer loop
      vertex 44.2878 113.181 9.4
      vertex 43.8072 113.675 9.4
      vertex 44.1998 113.126 9.4
    endloop
  endfacet
  facet normal -0 0 1
    outer loop
      vertex 43.7611 113.629 9.4
      vertex 44.1998 113.126 9.4
      vertex 43.8072 113.675 9.4
    endloop
  endfacet
  facet normal 0 0 1
    outer loop
      vertex 43.8967 113.011 9.4
      vertex 44.0297 111.405 9.4
      vertex 44.9302 111.405 9.4
    endloop
  endfacet
  facet normal 0 0 1
    outer loop
      vertex 44.1998 113.126 9.4
      vertex 43.7611 113.629 9.4
      vertex 44.1053 113.08 9.4
    endloop
  endfacet
  facet normal 0 0 1
    outer loop
      vertex 44.1053 113.08 9.4
      vertex 43.7611 113.629 9.4
      vertex 44.0043 113.041 9.4
    endloop
  endfacet
  facet normal -0 0 1
    outer loop
      vertex 43.7082 113.589 9.4
      vertex 44.0043 113.041 9.4
      vertex 43.7611 113.629 9.4
    endloop
  endfacet
  facet normal 0 0 1
    outer loop
      vertex 44.0043 113.041 9.4
      vertex 43.7082 113.589 9.4
      vertex 43.8967 113.011 9.4
    endloop
  endfacet
  facet normal -0 0 1
    outer loop
      vertex 43.6486 113.555 9.4
      vertex 43.8967 113.011 9.4
      vertex 43.7082 113.589 9.4
    endloop
  endfacet
  facet normal -0 0 1
    outer loop
      vertex 43.5824 113.527 9.4
      vertex 43.8967 113.011 9.4
      vertex 43.6486 113.555 9.4
    endloop
  endfacet
  facet normal -0 0 1
    outer loop
      vertex 43.5096 113.505 9.4
      vertex 43.8967 113.011 9.4
      vertex 43.5824 113.527 9.4
    endloop
  endfacet
  facet normal -0 0 1
    outer loop
      vertex 43.4301 113.49 9.4
      vertex 43.8967 113.011 9.4
      vertex 43.5096 113.505 9.4
    endloop
  endfacet
  facet normal 0 0 1
    outer loop
      vertex 43.8967 113.011 9.4
      vertex 43.4301 113.49 9.4
      vertex 43.1427 112.856 9.4
    endloop
  endfacet
  facet normal 0 0 1
    outer loop
      vertex 43.1427 112.856 9.4
      vertex 43.4301 113.49 9.4
      vertex 43.344 113.48 9.4
    endloop
  endfacet
  facet normal 0 0 1
    outer loop
      vertex 43.1427 112.856 9.4
      vertex 43.344 113.48 9.4
      vertex 43.2512 113.477 9.4
    endloop
  endfacet
  facet normal 0 0 1
    outer loop
      vertex 43.8967 113.011 9.4
      vertex 43.1427 112.856 9.4
      vertex 44.0297 111.405 9.4
    endloop
  endfacet
  facet normal -0 0 1
    outer loop
      vertex 42.2041 113.477 9.4
      vertex 43.1427 112.856 9.4
      vertex 43.2512 113.477 9.4
    endloop
  endfacet
  facet normal 0 0 1
    outer loop
      vertex 43.1427 112.856 9.4
      vertex 42.2041 113.477 9.4
      vertex 42.2041 112.856 9.4
    endloop
  endfacet
  facet normal 0 -1 0
    outer loop
      vertex 46.0435 112.032 9.4
      vertex 47.8175 112.032 10
      vertex 46.0435 112.032 10
    endloop
  endfacet
  facet normal 0 -1 -0
    outer loop
      vertex 47.8175 112.032 10
      vertex 46.0435 112.032 9.4
      vertex 47.8175 112.032 9.4
    endloop
  endfacet
  facet normal -0.906415 0.422389 1.32499e-18
    outer loop
      vertex 46.0435 112.032 9.4
      vertex 46.0668 112.082 10
      vertex 46.0668 112.082 9.4
    endloop
  endfacet
  facet normal -0.906415 0.422389 1.32499e-18
    outer loop
      vertex 46.0668 112.082 10
      vertex 46.0435 112.032 9.4
      vertex 46.0435 112.032 10
    endloop
  endfacet
  facet normal -0.878853 0.477092 8.78483e-19
    outer loop
      vertex 46.0668 112.082 9.4
      vertex 46.0934 112.131 10
      vertex 46.0934 112.131 9.4
    endloop
  endfacet
  facet normal -0.878853 0.477092 8.78483e-19
    outer loop
      vertex 46.0934 112.131 10
      vertex 46.0668 112.082 9.4
      vertex 46.0668 112.082 10
    endloop
  endfacet
  facet normal -0.848792 0.528727 -1.5633e-18
    outer loop
      vertex 46.0934 112.131 9.4
      vertex 46.1233 112.179 10
      vertex 46.1233 112.179 9.4
    endloop
  endfacet
  facet normal -0.848792 0.528727 -1.5633e-18
    outer loop
      vertex 46.1233 112.179 10
      vertex 46.0934 112.131 9.4
      vertex 46.0934 112.131 10
    endloop
  endfacet
  facet normal -0.817594 0.575795 -2.17682e-18
    outer loop
      vertex 46.1233 112.179 9.4
      vertex 46.1564 112.226 10
      vertex 46.1564 112.226 9.4
    endloop
  endfacet
  facet normal -0.817594 0.575795 -2.17682e-18
    outer loop
      vertex 46.1564 112.226 10
      vertex 46.1233 112.179 9.4
      vertex 46.1233 112.179 10
    endloop
  endfacet
  facet normal -0.784184 0.620528 -1.57263e-18
    outer loop
      vertex 46.1564 112.226 9.4
      vertex 46.1928 112.272 10
      vertex 46.1928 112.272 9.4
    endloop
  endfacet
  facet normal -0.784184 0.620528 -1.57263e-18
    outer loop
      vertex 46.1928 112.272 10
      vertex 46.1564 112.226 9.4
      vertex 46.1564 112.226 10
    endloop
  endfacet
  facet normal -0.757045 0.653363 -2.80665e-18
    outer loop
      vertex 46.1928 112.272 9.4
      vertex 46.2325 112.318 10
      vertex 46.2325 112.318 9.4
    endloop
  endfacet
  facet normal -0.757045 0.653363 -2.80665e-18
    outer loop
      vertex 46.2325 112.318 10
      vertex 46.1928 112.272 9.4
      vertex 46.1928 112.272 10
    endloop
  endfacet
  facet normal -0.723794 0.690017 2.67002e-18
    outer loop
      vertex 46.2325 112.318 9.4
      vertex 46.2754 112.363 10
      vertex 46.2754 112.363 9.4
    endloop
  endfacet
  facet normal -0.723794 0.690017 2.67002e-18
    outer loop
      vertex 46.2754 112.363 10
      vertex 46.2325 112.318 9.4
      vertex 46.2325 112.318 10
    endloop
  endfacet
  facet normal -0.697531 0.716555 0
    outer loop
      vertex 46.3206 112.407 9.4
      vertex 46.2754 112.363 10
      vertex 46.3206 112.407 10
    endloop
  endfacet
  facet normal -0.697531 0.716555 0
    outer loop
      vertex 46.2754 112.363 10
      vertex 46.3206 112.407 9.4
      vertex 46.2754 112.363 9.4
    endloop
  endfacet
  facet normal -0.685754 0.727834 0
    outer loop
      vertex 46.3673 112.451 9.4
      vertex 46.3206 112.407 10
      vertex 46.3673 112.451 10
    endloop
  endfacet
  facet normal -0.685754 0.727834 0
    outer loop
      vertex 46.3206 112.407 10
      vertex 46.3673 112.451 9.4
      vertex 46.3206 112.407 9.4
    endloop
  endfacet
  facet normal -0.675725 0.737154 0
    outer loop
      vertex 46.4153 112.495 9.4
      vertex 46.3673 112.451 10
      vertex 46.4153 112.495 10
    endloop
  endfacet
  facet normal -0.675725 0.737154 0
    outer loop
      vertex 46.3673 112.451 10
      vertex 46.4153 112.495 9.4
      vertex 46.3673 112.451 9.4
    endloop
  endfacet
  facet normal -0.656557 0.754277 0
    outer loop
      vertex 46.4647 112.538 9.4
      vertex 46.4153 112.495 10
      vertex 46.4647 112.538 10
    endloop
  endfacet
  facet normal -0.656557 0.754277 0
    outer loop
      vertex 46.4153 112.495 10
      vertex 46.4647 112.538 9.4
      vertex 46.4153 112.495 9.4
    endloop
  endfacet
  facet normal -0.654704 0.755885 0
    outer loop
      vertex 46.5155 112.582 9.4
      vertex 46.4647 112.538 10
      vertex 46.5155 112.582 10
    endloop
  endfacet
  facet normal -0.654704 0.755885 0
    outer loop
      vertex 46.4647 112.538 10
      vertex 46.5155 112.582 9.4
      vertex 46.4647 112.538 9.4
    endloop
  endfacet
  facet normal -0.644497 0.764607 0
    outer loop
      vertex 46.5677 112.626 9.4
      vertex 46.5155 112.582 10
      vertex 46.5677 112.626 10
    endloop
  endfacet
  facet normal -0.644497 0.764607 0
    outer loop
      vertex 46.5155 112.582 10
      vertex 46.5677 112.626 9.4
      vertex 46.5155 112.582 9.4
    endloop
  endfacet
  facet normal -0.62647 0.779445 0
    outer loop
      vertex 46.6212 112.669 9.4
      vertex 46.5677 112.626 10
      vertex 46.6212 112.669 10
    endloop
  endfacet
  facet normal -0.62647 0.779445 0
    outer loop
      vertex 46.5677 112.626 10
      vertex 46.6212 112.669 9.4
      vertex 46.5677 112.626 9.4
    endloop
  endfacet
  facet normal -0.628171 0.778075 0
    outer loop
      vertex 46.6757 112.713 9.4
      vertex 46.6212 112.669 10
      vertex 46.6757 112.713 10
    endloop
  endfacet
  facet normal -0.628171 0.778075 0
    outer loop
      vertex 46.6212 112.669 10
      vertex 46.6757 112.713 9.4
      vertex 46.6212 112.669 9.4
    endloop
  endfacet
  facet normal -0.622967 0.782248 0
    outer loop
      vertex 46.7862 112.801 9.4
      vertex 46.6757 112.713 10
      vertex 46.7862 112.801 10
    endloop
  endfacet
  facet normal -0.622967 0.782248 0
    outer loop
      vertex 46.6757 112.713 10
      vertex 46.7862 112.801 9.4
      vertex 46.6757 112.713 9.4
    endloop
  endfacet
  facet normal -0.617822 0.786318 0
    outer loop
      vertex 46.8422 112.845 9.4
      vertex 46.7862 112.801 10
      vertex 46.8422 112.845 10
    endloop
  endfacet
  facet normal -0.617822 0.786318 0
    outer loop
      vertex 46.7862 112.801 10
      vertex 46.8422 112.845 9.4
      vertex 46.7862 112.801 9.4
    endloop
  endfacet
  facet normal -0.621322 0.783556 0
    outer loop
      vertex 46.9557 112.935 9.4
      vertex 46.8422 112.845 10
      vertex 46.9557 112.935 10
    endloop
  endfacet
  facet normal -0.621322 0.783556 0
    outer loop
      vertex 46.8422 112.845 10
      vertex 46.9557 112.935 9.4
      vertex 46.8422 112.845 9.4
    endloop
  endfacet
  facet normal -0.624695 0.780869 0
    outer loop
      vertex 47.0132 112.981 9.4
      vertex 46.9557 112.935 10
      vertex 47.0132 112.981 10
    endloop
  endfacet
  facet normal -0.624695 0.780869 0
    outer loop
      vertex 46.9557 112.935 10
      vertex 47.0132 112.981 9.4
      vertex 46.9557 112.935 9.4
    endloop
  endfacet
  facet normal -0.628019 0.778198 0
    outer loop
      vertex 47.0702 113.027 9.4
      vertex 47.0132 112.981 10
      vertex 47.0702 113.027 10
    endloop
  endfacet
  facet normal -0.628019 0.778198 0
    outer loop
      vertex 47.0132 112.981 10
      vertex 47.0702 113.027 9.4
      vertex 47.0132 112.981 9.4
    endloop
  endfacet
  facet normal -0.64625 0.763125 0
    outer loop
      vertex 47.1257 113.074 9.4
      vertex 47.0702 113.027 10
      vertex 47.1257 113.074 10
    endloop
  endfacet
  facet normal -0.64625 0.763125 0
    outer loop
      vertex 47.0702 113.027 10
      vertex 47.1257 113.074 9.4
      vertex 47.0702 113.027 9.4
    endloop
  endfacet
  facet normal -0.664364 0.747409 0
    outer loop
      vertex 47.1797 113.122 9.4
      vertex 47.1257 113.074 10
      vertex 47.1797 113.122 10
    endloop
  endfacet
  facet normal -0.664364 0.747409 0
    outer loop
      vertex 47.1257 113.074 10
      vertex 47.1797 113.122 9.4
      vertex 47.1257 113.074 9.4
    endloop
  endfacet
  facet normal -0.682318 0.731055 0
    outer loop
      vertex 47.2322 113.171 9.4
      vertex 47.1797 113.122 10
      vertex 47.2322 113.171 10
    endloop
  endfacet
  facet normal -0.682318 0.731055 0
    outer loop
      vertex 47.1797 113.122 10
      vertex 47.2322 113.171 9.4
      vertex 47.1797 113.122 9.4
    endloop
  endfacet
  facet normal -0.700071 0.714073 0
    outer loop
      vertex 47.2832 113.221 9.4
      vertex 47.2322 113.171 10
      vertex 47.2832 113.221 10
    endloop
  endfacet
  facet normal -0.700071 0.714073 0
    outer loop
      vertex 47.2322 113.171 10
      vertex 47.2832 113.221 9.4
      vertex 47.2322 113.171 9.4
    endloop
  endfacet
  facet normal -0.717581 0.696475 -4.3713e-18
    outer loop
      vertex 47.2832 113.221 9.4
      vertex 47.3327 113.272 10
      vertex 47.3327 113.272 9.4
    endloop
  endfacet
  facet normal -0.717581 0.696475 -4.3713e-18
    outer loop
      vertex 47.3327 113.272 10
      vertex 47.2832 113.221 9.4
      vertex 47.2832 113.221 10
    endloop
  endfacet
  facet normal -0.734803 0.67828 -2.37156e-18
    outer loop
      vertex 47.3327 113.272 9.4
      vertex 47.3807 113.324 10
      vertex 47.3807 113.324 9.4
    endloop
  endfacet
  facet normal -0.734803 0.67828 -2.37156e-18
    outer loop
      vertex 47.3807 113.324 10
      vertex 47.3327 113.272 9.4
      vertex 47.3327 113.272 10
    endloop
  endfacet
  facet normal -0.754514 0.656284 -3.33517e-18
    outer loop
      vertex 47.3807 113.324 9.4
      vertex 47.4268 113.377 10
      vertex 47.4268 113.377 9.4
    endloop
  endfacet
  facet normal -0.754514 0.656284 -3.33517e-18
    outer loop
      vertex 47.4268 113.377 10
      vertex 47.3807 113.324 9.4
      vertex 47.3807 113.324 10
    endloop
  endfacet
  facet normal -0.77805 0.628203 -3.72197e-18
    outer loop
      vertex 47.4268 113.377 9.4
      vertex 47.4704 113.431 10
      vertex 47.4704 113.431 9.4
    endloop
  endfacet
  facet normal -0.77805 0.628203 -3.72197e-18
    outer loop
      vertex 47.4704 113.431 10
      vertex 47.4268 113.377 9.4
      vertex 47.4268 113.377 10
    endloop
  endfacet
  facet normal -0.805489 0.59261 -4.65408e-18
    outer loop
      vertex 47.4704 113.431 9.4
      vertex 47.5116 113.487 10
      vertex 47.5116 113.487 9.4
    endloop
  endfacet
  facet normal -0.805489 0.59261 -4.65408e-18
    outer loop
      vertex 47.5116 113.487 10
      vertex 47.4704 113.431 9.4
      vertex 47.4704 113.431 10
    endloop
  endfacet
  facet normal -0.826657 0.562707 3.23448e-18
    outer loop
      vertex 47.5116 113.487 9.4
      vertex 47.5504 113.544 10
      vertex 47.5504 113.544 9.4
    endloop
  endfacet
  facet normal -0.826657 0.562707 3.23448e-18
    outer loop
      vertex 47.5504 113.544 10
      vertex 47.5116 113.487 9.4
      vertex 47.5116 113.487 10
    endloop
  endfacet
  facet normal -0.851708 0.524017 1.45871e-18
    outer loop
      vertex 47.5504 113.544 9.4
      vertex 47.5867 113.603 10
      vertex 47.5867 113.603 9.4
    endloop
  endfacet
  facet normal -0.851708 0.524017 1.45871e-18
    outer loop
      vertex 47.5867 113.603 10
      vertex 47.5504 113.544 9.4
      vertex 47.5504 113.544 10
    endloop
  endfacet
  facet normal -0.871265 0.490813 -4.10027e-18
    outer loop
      vertex 47.5867 113.603 9.4
      vertex 47.6205 113.663 10
      vertex 47.6205 113.663 9.4
    endloop
  endfacet
  facet normal -0.871265 0.490813 -4.10027e-18
    outer loop
      vertex 47.6205 113.663 10
      vertex 47.5867 113.603 9.4
      vertex 47.5867 113.603 10
    endloop
  endfacet
  facet normal -0.888525 0.458828 -2.11375e-18
    outer loop
      vertex 47.6205 113.663 9.4
      vertex 47.652 113.724 10
      vertex 47.652 113.724 9.4
    endloop
  endfacet
  facet normal -0.888525 0.458828 -2.11375e-18
    outer loop
      vertex 47.652 113.724 10
      vertex 47.6205 113.663 9.4
      vertex 47.6205 113.663 10
    endloop
  endfacet
  facet normal -0.913273 0.407349 -9.30716e-19
    outer loop
      vertex 47.652 113.724 9.4
      vertex 47.6801 113.787 10
      vertex 47.6801 113.787 9.4
    endloop
  endfacet
  facet normal -0.913273 0.407349 -9.30716e-19
    outer loop
      vertex 47.6801 113.787 10
      vertex 47.652 113.724 9.4
      vertex 47.652 113.724 10
    endloop
  endfacet
  facet normal -0.939498 0.342555 -1.00561e-18
    outer loop
      vertex 47.6801 113.787 9.4
      vertex 47.7038 113.852 10
      vertex 47.7038 113.852 9.4
    endloop
  endfacet
  facet normal -0.939498 0.342555 -1.00561e-18
    outer loop
      vertex 47.7038 113.852 10
      vertex 47.6801 113.787 9.4
      vertex 47.6801 113.787 10
    endloop
  endfacet
  facet normal -0.961631 0.274348 -2.14938e-18
    outer loop
      vertex 47.7038 113.852 9.4
      vertex 47.7232 113.92 10
      vertex 47.7232 113.92 9.4
    endloop
  endfacet
  facet normal -0.961631 0.274348 -2.14938e-18
    outer loop
      vertex 47.7232 113.92 10
      vertex 47.7038 113.852 9.4
      vertex 47.7038 113.852 10
    endloop
  endfacet
  facet normal -0.976585 0.215132 1.44799e-18
    outer loop
      vertex 47.7232 113.92 9.4
      vertex 47.7384 113.989 10
      vertex 47.7384 113.989 9.4
    endloop
  endfacet
  facet normal -0.976585 0.215132 1.44799e-18
    outer loop
      vertex 47.7384 113.989 10
      vertex 47.7232 113.92 9.4
      vertex 47.7232 113.92 10
    endloop
  endfacet
  facet normal -0.988834 0.149021 -1.11674e-18
    outer loop
      vertex 47.7384 113.989 9.4
      vertex 47.7491 114.06 10
      vertex 47.7491 114.06 9.4
    endloop
  endfacet
  facet normal -0.988834 0.149021 -1.11674e-18
    outer loop
      vertex 47.7491 114.06 10
      vertex 47.7384 113.989 9.4
      vertex 47.7384 113.989 10
    endloop
  endfacet
  facet normal -0.996164 0.0875009 -6.72546e-20
    outer loop
      vertex 47.7491 114.06 9.4
      vertex 47.7556 114.134 10
      vertex 47.7556 114.134 9.4
    endloop
  endfacet
  facet normal -0.996164 0.0875009 -6.72546e-20
    outer loop
      vertex 47.7556 114.134 10
      vertex 47.7491 114.06 9.4
      vertex 47.7491 114.06 10
    endloop
  endfacet
  facet normal -0.999581 0.0289352 2.46463e-19
    outer loop
      vertex 47.7556 114.134 9.4
      vertex 47.7578 114.21 10
      vertex 47.7578 114.21 9.4
    endloop
  endfacet
  facet normal -0.999581 0.0289352 2.46463e-19
    outer loop
      vertex 47.7578 114.21 10
      vertex 47.7556 114.134 9.4
      vertex 47.7556 114.134 10
    endloop
  endfacet
  facet normal -0.998839 -0.048171 3.62403e-19
    outer loop
      vertex 47.7578 114.21 9.4
      vertex 47.751 114.351 10
      vertex 47.751 114.351 9.4
    endloop
  endfacet
  facet normal -0.998839 -0.048171 3.62403e-19
    outer loop
      vertex 47.751 114.351 10
      vertex 47.7578 114.21 9.4
      vertex 47.7578 114.21 10
    endloop
  endfacet
  facet normal -0.988493 -0.151269 2.32972e-18
    outer loop
      vertex 47.751 114.351 9.4
      vertex 47.7308 114.483 10
      vertex 47.7308 114.483 9.4
    endloop
  endfacet
  facet normal -0.988493 -0.151269 2.32972e-18
    outer loop
      vertex 47.7308 114.483 10
      vertex 47.751 114.351 9.4
      vertex 47.751 114.351 10
    endloop
  endfacet
  facet normal -0.963699 -0.266992 -4.67915e-18
    outer loop
      vertex 47.7308 114.483 9.4
      vertex 47.697 114.605 10
      vertex 47.697 114.605 9.4
    endloop
  endfacet
  facet normal -0.963699 -0.266992 -4.67915e-18
    outer loop
      vertex 47.697 114.605 10
      vertex 47.7308 114.483 9.4
      vertex 47.7308 114.483 10
    endloop
  endfacet
  facet normal -0.922448 -0.386122 -3.22372e-18
    outer loop
      vertex 47.697 114.605 9.4
      vertex 47.6497 114.718 10
      vertex 47.6497 114.718 9.4
    endloop
  endfacet
  facet normal -0.922448 -0.386122 -3.22372e-18
    outer loop
      vertex 47.6497 114.718 10
      vertex 47.697 114.605 9.4
      vertex 47.697 114.605 10
    endloop
  endfacet
  facet normal -0.863297 -0.504697 -1.05307e-18
    outer loop
      vertex 47.6497 114.718 9.4
      vertex 47.5889 114.822 10
      vertex 47.5889 114.822 9.4
    endloop
  endfacet
  facet normal -0.863297 -0.504697 -1.05307e-18
    outer loop
      vertex 47.5889 114.822 10
      vertex 47.6497 114.718 9.4
      vertex 47.6497 114.718 10
    endloop
  endfacet
  facet normal -0.7881 -0.615547 4.98194e-18
    outer loop
      vertex 47.5889 114.822 9.4
      vertex 47.5147 114.917 10
      vertex 47.5147 114.917 9.4
    endloop
  endfacet
  facet normal -0.7881 -0.615547 4.98194e-18
    outer loop
      vertex 47.5147 114.917 10
      vertex 47.5889 114.822 9.4
      vertex 47.5889 114.822 10
    endloop
  endfacet
  facet normal -0.695558 -0.71847 0
    outer loop
      vertex 47.4269 115.002 9.4
      vertex 47.5147 114.917 10
      vertex 47.4269 115.002 10
    endloop
  endfacet
  facet normal -0.695558 -0.71847 -0
    outer loop
      vertex 47.5147 114.917 10
      vertex 47.4269 115.002 9.4
      vertex 47.5147 114.917 9.4
    endloop
  endfacet
  facet normal -0.598084 -0.801433 0
    outer loop
      vertex 47.3264 115.077 9.4
      vertex 47.4269 115.002 10
      vertex 47.3264 115.077 10
    endloop
  endfacet
  facet normal -0.598084 -0.801433 -0
    outer loop
      vertex 47.4269 115.002 10
      vertex 47.3264 115.077 9.4
      vertex 47.4269 115.002 9.4
    endloop
  endfacet
  facet normal -0.489929 -0.871762 0
    outer loop
      vertex 47.2143 115.14 9.4
      vertex 47.3264 115.077 10
      vertex 47.2143 115.14 10
    endloop
  endfacet
  facet normal -0.489929 -0.871762 -0
    outer loop
      vertex 47.3264 115.077 10
      vertex 47.2143 115.14 9.4
      vertex 47.3264 115.077 9.4
    endloop
  endfacet
  facet normal -0.386992 -0.922083 0
    outer loop
      vertex 47.0904 115.192 9.4
      vertex 47.2143 115.14 10
      vertex 47.0904 115.192 10
    endloop
  endfacet
  facet normal -0.386992 -0.922083 -0
    outer loop
      vertex 47.2143 115.14 10
      vertex 47.0904 115.192 9.4
      vertex 47.2143 115.14 9.4
    endloop
  endfacet
  facet normal -0.282932 -0.95914 0
    outer loop
      vertex 46.9548 115.232 9.4
      vertex 47.0904 115.192 10
      vertex 46.9548 115.232 10
    endloop
  endfacet
  facet normal -0.282932 -0.95914 -0
    outer loop
      vertex 47.0904 115.192 10
      vertex 46.9548 115.232 9.4
      vertex 47.0904 115.192 9.4
    endloop
  endfacet
  facet normal -0.193043 -0.98119 0
    outer loop
      vertex 46.8074 115.261 9.4
      vertex 46.9548 115.232 10
      vertex 46.8074 115.261 10
    endloop
  endfacet
  facet normal -0.193043 -0.98119 -0
    outer loop
      vertex 46.9548 115.232 10
      vertex 46.8074 115.261 9.4
      vertex 46.9548 115.232 9.4
    endloop
  endfacet
  facet normal -0.106246 -0.99434 0
    outer loop
      vertex 46.6483 115.278 9.4
      vertex 46.8074 115.261 10
      vertex 46.6483 115.278 10
    endloop
  endfacet
  facet normal -0.106246 -0.99434 -0
    outer loop
      vertex 46.8074 115.261 10
      vertex 46.6483 115.278 9.4
      vertex 46.8074 115.261 9.4
    endloop
  endfacet
  facet normal -0.0351072 -0.999384 0
    outer loop
      vertex 46.4775 115.284 9.4
      vertex 46.6483 115.278 10
      vertex 46.4775 115.284 10
    endloop
  endfacet
  facet normal -0.0351072 -0.999384 -0
    outer loop
      vertex 46.6483 115.278 10
      vertex 46.4775 115.284 9.4
      vertex 46.6483 115.278 9.4
    endloop
  endfacet
  facet normal 0.0377802 -0.999286 0
    outer loop
      vertex 46.3188 115.278 9.4
      vertex 46.4775 115.284 10
      vertex 46.3188 115.278 10
    endloop
  endfacet
  facet normal 0.0377802 -0.999286 0
    outer loop
      vertex 46.4775 115.284 10
      vertex 46.3188 115.278 9.4
      vertex 46.4775 115.284 9.4
    endloop
  endfacet
  facet normal 0.113509 -0.993537 0
    outer loop
      vertex 46.17 115.261 9.4
      vertex 46.3188 115.278 10
      vertex 46.17 115.261 10
    endloop
  endfacet
  facet normal 0.113509 -0.993537 0
    outer loop
      vertex 46.3188 115.278 10
      vertex 46.17 115.261 9.4
      vertex 46.3188 115.278 9.4
    endloop
  endfacet
  facet normal 0.197472 -0.980308 0
    outer loop
      vertex 46.031 115.233 9.4
      vertex 46.17 115.261 10
      vertex 46.031 115.233 10
    endloop
  endfacet
  facet normal 0.197472 -0.980308 0
    outer loop
      vertex 46.17 115.261 10
      vertex 46.031 115.233 9.4
      vertex 46.17 115.261 9.4
    endloop
  endfacet
  facet normal 0.295748 -0.955266 0
    outer loop
      vertex 45.9018 115.193 9.4
      vertex 46.031 115.233 10
      vertex 45.9018 115.193 10
    endloop
  endfacet
  facet normal 0.295748 -0.955266 0
    outer loop
      vertex 46.031 115.233 10
      vertex 45.9018 115.193 9.4
      vertex 46.031 115.233 9.4
    endloop
  endfacet
  facet normal 0.399007 -0.916948 0
    outer loop
      vertex 45.7823 115.141 9.4
      vertex 45.9018 115.193 10
      vertex 45.7823 115.141 10
    endloop
  endfacet
  facet normal 0.399007 -0.916948 0
    outer loop
      vertex 45.9018 115.193 10
      vertex 45.7823 115.141 9.4
      vertex 45.9018 115.193 9.4
    endloop
  endfacet
  facet normal 0.492371 -0.870385 0
    outer loop
      vertex 45.6727 115.079 9.4
      vertex 45.7823 115.141 10
      vertex 45.6727 115.079 10
    endloop
  endfacet
  facet normal 0.492371 -0.870385 0
    outer loop
      vertex 45.7823 115.141 10
      vertex 45.6727 115.079 9.4
      vertex 45.7823 115.141 9.4
    endloop
  endfacet
  facet normal 0.600769 -0.799423 0
    outer loop
      vertex 45.5729 115.004 9.4
      vertex 45.6727 115.079 10
      vertex 45.5729 115.004 10
    endloop
  endfacet
  facet normal 0.600769 -0.799423 0
    outer loop
      vertex 45.6727 115.079 10
      vertex 45.5729 115.004 9.4
      vertex 45.6727 115.079 9.4
    endloop
  endfacet
  facet normal 0.684348 -0.729156 0
    outer loop
      vertex 45.4834 114.92 9.4
      vertex 45.5729 115.004 10
      vertex 45.4834 114.92 10
    endloop
  endfacet
  facet normal 0.684348 -0.729156 0
    outer loop
      vertex 45.5729 115.004 10
      vertex 45.4834 114.92 9.4
      vertex 45.5729 115.004 9.4
    endloop
  endfacet
  facet normal 0.773742 -0.633501 -4.65708e-18
    outer loop
      vertex 45.4048 114.824 10
      vertex 45.4834 114.92 9.4
      vertex 45.4834 114.92 10
    endloop
  endfacet
  facet normal 0.773742 -0.633501 -4.65708e-18
    outer loop
      vertex 45.4834 114.92 9.4
      vertex 45.4048 114.824 10
      vertex 45.4048 114.824 9.4
    endloop
  endfacet
  facet normal 0.84045 -0.54189 -5.37932e-18
    outer loop
      vertex 45.3371 114.719 10
      vertex 45.4048 114.824 9.4
      vertex 45.4048 114.824 10
    endloop
  endfacet
  facet normal 0.84045 -0.54189 -5.37932e-18
    outer loop
      vertex 45.4048 114.824 9.4
      vertex 45.3371 114.719 10
      vertex 45.3371 114.719 9.4
    endloop
  endfacet
  facet normal 0.898113 -0.439765 2.70107e-18
    outer loop
      vertex 45.2803 114.603 10
      vertex 45.3371 114.719 9.4
      vertex 45.3371 114.719 10
    endloop
  endfacet
  facet normal 0.898113 -0.439765 2.70107e-18
    outer loop
      vertex 45.3371 114.719 9.4
      vertex 45.2803 114.603 10
      vertex 45.2803 114.603 9.4
    endloop
  endfacet
  facet normal 0.939837 -0.341623 1.62711e-18
    outer loop
      vertex 45.2345 114.477 10
      vertex 45.2803 114.603 9.4
      vertex 45.2803 114.603 10
    endloop
  endfacet
  facet normal 0.939837 -0.341623 1.62711e-18
    outer loop
      vertex 45.2803 114.603 9.4
      vertex 45.2345 114.477 10
      vertex 45.2345 114.477 9.4
    endloop
  endfacet
  facet normal 0.968882 -0.247525 -1.08287e-18
    outer loop
      vertex 45.1995 114.34 10
      vertex 45.2345 114.477 9.4
      vertex 45.2345 114.477 10
    endloop
  endfacet
  facet normal 0.968882 -0.247525 -1.08287e-18
    outer loop
      vertex 45.2345 114.477 9.4
      vertex 45.1995 114.34 10
      vertex 45.1995 114.34 9.4
    endloop
  endfacet
  facet normal 0.986933 -0.161132 -8.47565e-19
    outer loop
      vertex 45.1755 114.193 10
      vertex 45.1995 114.34 9.4
      vertex 45.1995 114.34 10
    endloop
  endfacet
  facet normal 0.986933 -0.161132 -8.47565e-19
    outer loop
      vertex 45.1995 114.34 9.4
      vertex 45.1755 114.193 10
      vertex 45.1755 114.193 9.4
    endloop
  endfacet
  facet normal 0.0559311 0.998435 -0
    outer loop
      vertex 45.9431 114.15 9.4
      vertex 45.1755 114.193 10
      vertex 45.9431 114.15 10
    endloop
  endfacet
  facet normal 0.0559311 0.998435 0
    outer loop
      vertex 45.1755 114.193 10
      vertex 45.9431 114.15 9.4
      vertex 45.1755 114.193 9.4
    endloop
  endfacet
  facet normal -0.985202 0.171398 -5.70652e-19
    outer loop
      vertex 45.9431 114.15 9.4
      vertex 45.9558 114.223 10
      vertex 45.9558 114.223 9.4
    endloop
  endfacet
  facet normal -0.985202 0.171398 -5.70652e-19
    outer loop
      vertex 45.9558 114.223 10
      vertex 45.9431 114.15 9.4
      vertex 45.9431 114.15 10
    endloop
  endfacet
  facet normal -0.971325 0.237757 -2.0712e-18
    outer loop
      vertex 45.9558 114.223 9.4
      vertex 45.9722 114.29 10
      vertex 45.9722 114.29 9.4
    endloop
  endfacet
  facet normal -0.971325 0.237757 -2.0712e-18
    outer loop
      vertex 45.9722 114.29 10
      vertex 45.9558 114.223 9.4
      vertex 45.9558 114.223 10
    endloop
  endfacet
  facet normal -0.949304 0.31436 -2.61476e-18
    outer loop
      vertex 45.9722 114.29 9.4
      vertex 45.9924 114.351 10
      vertex 45.9924 114.351 9.4
    endloop
  endfacet
  facet normal -0.949304 0.31436 -2.61476e-18
    outer loop
      vertex 45.9924 114.351 10
      vertex 45.9722 114.29 9.4
      vertex 45.9722 114.29 10
    endloop
  endfacet
  facet normal -0.922789 0.385305 1.98362e-18
    outer loop
      vertex 45.9924 114.351 9.4
      vertex 46.0162 114.408 10
      vertex 46.0162 114.408 9.4
    endloop
  endfacet
  facet normal -0.922789 0.385305 1.98362e-18
    outer loop
      vertex 46.0162 114.408 10
      vertex 45.9924 114.351 9.4
      vertex 45.9924 114.351 10
    endloop
  endfacet
  facet normal -0.880194 0.474614 -1.24347e-18
    outer loop
      vertex 46.0162 114.408 9.4
      vertex 46.0437 114.459 10
      vertex 46.0437 114.459 9.4
    endloop
  endfacet
  facet normal -0.880194 0.474614 -1.24347e-18
    outer loop
      vertex 46.0437 114.459 10
      vertex 46.0162 114.408 9.4
      vertex 46.0162 114.408 10
    endloop
  endfacet
  facet normal -0.820942 0.571011 3.11996e-18
    outer loop
      vertex 46.0437 114.459 9.4
      vertex 46.075 114.504 10
      vertex 46.075 114.504 9.4
    endloop
  endfacet
  facet normal -0.820942 0.571011 3.11996e-18
    outer loop
      vertex 46.075 114.504 10
      vertex 46.0437 114.459 9.4
      vertex 46.0437 114.459 10
    endloop
  endfacet
  facet normal -0.761481 0.648187 -3.10329e-19
    outer loop
      vertex 46.075 114.504 9.4
      vertex 46.1099 114.545 10
      vertex 46.1099 114.545 9.4
    endloop
  endfacet
  facet normal -0.761481 0.648187 -3.10329e-19
    outer loop
      vertex 46.1099 114.545 10
      vertex 46.075 114.504 9.4
      vertex 46.075 114.504 10
    endloop
  endfacet
  facet normal -0.666016 0.745938 0
    outer loop
      vertex 46.1491 114.58 9.4
      vertex 46.1099 114.545 10
      vertex 46.1491 114.58 10
    endloop
  endfacet
  facet normal -0.666016 0.745938 0
    outer loop
      vertex 46.1099 114.545 10
      vertex 46.1491 114.58 9.4
      vertex 46.1099 114.545 9.4
    endloop
  endfacet
  facet normal -0.551186 0.834382 0
    outer loop
      vertex 46.193 114.609 9.4
      vertex 46.1491 114.58 10
      vertex 46.193 114.609 10
    endloop
  endfacet
  facet normal -0.551186 0.834382 0
    outer loop
      vertex 46.1491 114.58 10
      vertex 46.193 114.609 9.4
      vertex 46.1491 114.58 9.4
    endloop
  endfacet
  facet normal -0.443514 0.896268 0
    outer loop
      vertex 46.2415 114.633 9.4
      vertex 46.193 114.609 10
      vertex 46.2415 114.633 10
    endloop
  endfacet
  facet normal -0.443514 0.896268 0
    outer loop
      vertex 46.193 114.609 10
      vertex 46.2415 114.633 9.4
      vertex 46.193 114.609 9.4
    endloop
  endfacet
  facet normal -0.335777 0.941942 0
    outer loop
      vertex 46.2948 114.652 9.4
      vertex 46.2415 114.633 10
      vertex 46.2948 114.652 10
    endloop
  endfacet
  facet normal -0.335777 0.941942 0
    outer loop
      vertex 46.2415 114.633 10
      vertex 46.2948 114.652 9.4
      vertex 46.2415 114.633 9.4
    endloop
  endfacet
  facet normal -0.234641 0.972082 0
    outer loop
      vertex 46.3528 114.666 9.4
      vertex 46.2948 114.652 10
      vertex 46.3528 114.666 10
    endloop
  endfacet
  facet normal -0.234641 0.972082 0
    outer loop
      vertex 46.2948 114.652 10
      vertex 46.3528 114.666 9.4
      vertex 46.2948 114.652 9.4
    endloop
  endfacet
  facet normal -0.126566 0.991958 0
    outer loop
      vertex 46.4155 114.674 9.4
      vertex 46.3528 114.666 10
      vertex 46.4155 114.674 10
    endloop
  endfacet
  facet normal -0.126566 0.991958 0
    outer loop
      vertex 46.3528 114.666 10
      vertex 46.4155 114.674 9.4
      vertex 46.3528 114.666 9.4
    endloop
  endfacet
  facet normal -0.0296605 0.99956 0
    outer loop
      vertex 46.4829 114.676 9.4
      vertex 46.4155 114.674 10
      vertex 46.4829 114.676 10
    endloop
  endfacet
  facet normal -0.0296605 0.99956 0
    outer loop
      vertex 46.4155 114.674 10
      vertex 46.4829 114.676 9.4
      vertex 46.4155 114.674 9.4
    endloop
  endfacet
  facet normal 0.0749203 0.99719 -0
    outer loop
      vertex 46.616 114.666 9.4
      vertex 46.4829 114.676 10
      vertex 46.616 114.666 10
    endloop
  endfacet
  facet normal 0.0749203 0.99719 0
    outer loop
      vertex 46.4829 114.676 10
      vertex 46.616 114.666 9.4
      vertex 46.4829 114.676 9.4
    endloop
  endfacet
  facet normal 0.257236 0.966349 -0
    outer loop
      vertex 46.7287 114.636 9.4
      vertex 46.616 114.666 10
      vertex 46.7287 114.636 10
    endloop
  endfacet
  facet normal 0.257236 0.966349 0
    outer loop
      vertex 46.616 114.666 10
      vertex 46.7287 114.636 9.4
      vertex 46.616 114.666 9.4
    endloop
  endfacet
  facet normal 0.484433 0.874829 -0
    outer loop
      vertex 46.8208 114.585 9.4
      vertex 46.7287 114.636 10
      vertex 46.8208 114.585 10
    endloop
  endfacet
  facet normal 0.484433 0.874829 0
    outer loop
      vertex 46.7287 114.636 10
      vertex 46.8208 114.585 9.4
      vertex 46.7287 114.636 9.4
    endloop
  endfacet
  facet normal 0.708581 0.705629 -0
    outer loop
      vertex 46.8925 114.513 9.4
      vertex 46.8208 114.585 10
      vertex 46.8925 114.513 10
    endloop
  endfacet
  facet normal 0.708581 0.705629 0
    outer loop
      vertex 46.8208 114.585 10
      vertex 46.8925 114.513 9.4
      vertex 46.8208 114.585 9.4
    endloop
  endfacet
  facet normal 0.871524 0.490352 -6.64303e-18
    outer loop
      vertex 46.9437 114.422 10
      vertex 46.8925 114.513 9.4
      vertex 46.8925 114.513 10
    endloop
  endfacet
  facet normal 0.871524 0.490352 -6.64303e-18
    outer loop
      vertex 46.8925 114.513 9.4
      vertex 46.9437 114.422 10
      vertex 46.9437 114.422 9.4
    endloop
  endfacet
  facet normal 0.964205 0.265156 -2.15538e-18
    outer loop
      vertex 46.9745 114.31 10
      vertex 46.9437 114.422 9.4
      vertex 46.9437 114.422 10
    endloop
  endfacet
  facet normal 0.964205 0.265156 -2.15538e-18
    outer loop
      vertex 46.9437 114.422 9.4
      vertex 46.9745 114.31 10
      vertex 46.9745 114.31 9.4
    endloop
  endfacet
  facet normal 0.997072 0.0764672 8.28426e-19
    outer loop
      vertex 46.9847 114.177 10
      vertex 46.9745 114.31 9.4
      vertex 46.9745 114.31 10
    endloop
  endfacet
  facet normal 0.997072 0.0764672 8.28426e-19
    outer loop
      vertex 46.9745 114.31 9.4
      vertex 46.9847 114.177 10
      vertex 46.9847 114.177 9.4
    endloop
  endfacet
  facet normal 0.998385 -0.0568047 -2.66417e-19
    outer loop
      vertex 46.9814 114.119 10
      vertex 46.9847 114.177 9.4
      vertex 46.9847 114.177 10
    endloop
  endfacet
  facet normal 0.998385 -0.0568047 -2.66417e-19
    outer loop
      vertex 46.9847 114.177 9.4
      vertex 46.9814 114.119 10
      vertex 46.9814 114.119 9.4
    endloop
  endfacet
  facet normal 0.986213 -0.165483 -1.05069e-18
    outer loop
      vertex 46.9715 114.06 10
      vertex 46.9814 114.119 9.4
      vertex 46.9814 114.119 10
    endloop
  endfacet
  facet normal 0.986213 -0.165483 -1.05069e-18
    outer loop
      vertex 46.9814 114.119 9.4
      vertex 46.9715 114.06 10
      vertex 46.9715 114.06 9.4
    endloop
  endfacet
  facet normal 0.963471 -0.267812 -1.41115e-18
    outer loop
      vertex 46.9551 114.001 10
      vertex 46.9715 114.06 9.4
      vertex 46.9715 114.06 10
    endloop
  endfacet
  facet normal 0.963471 -0.267812 -1.41115e-18
    outer loop
      vertex 46.9715 114.06 9.4
      vertex 46.9551 114.001 10
      vertex 46.9551 114.001 9.4
    endloop
  endfacet
  facet normal 0.931173 -0.364578 -3.73953e-19
    outer loop
      vertex 46.932 113.942 10
      vertex 46.9551 114.001 9.4
      vertex 46.9551 114.001 10
    endloop
  endfacet
  facet normal 0.931173 -0.364578 -3.73953e-19
    outer loop
      vertex 46.9551 114.001 9.4
      vertex 46.932 113.942 10
      vertex 46.932 113.942 9.4
    endloop
  endfacet
  facet normal 0.896806 -0.442424 -2.54445e-19
    outer loop
      vertex 46.9024 113.882 10
      vertex 46.932 113.942 9.4
      vertex 46.932 113.942 10
    endloop
  endfacet
  facet normal 0.896806 -0.442424 -2.54445e-19
    outer loop
      vertex 46.932 113.942 9.4
      vertex 46.9024 113.882 10
      vertex 46.9024 113.882 9.4
    endloop
  endfacet
  facet normal 0.8556 -0.517638 2.43809e-18
    outer loop
      vertex 46.8661 113.822 10
      vertex 46.9024 113.882 9.4
      vertex 46.9024 113.882 10
    endloop
  endfacet
  facet normal 0.8556 -0.517638 2.43809e-18
    outer loop
      vertex 46.9024 113.882 9.4
      vertex 46.8661 113.822 10
      vertex 46.8661 113.822 9.4
    endloop
  endfacet
  facet normal 0.8141 -0.580725 -2.79247e-18
    outer loop
      vertex 46.8233 113.762 10
      vertex 46.8661 113.822 9.4
      vertex 46.8661 113.822 10
    endloop
  endfacet
  facet normal 0.8141 -0.580725 -2.79247e-18
    outer loop
      vertex 46.8661 113.822 9.4
      vertex 46.8233 113.762 10
      vertex 46.8233 113.762 9.4
    endloop
  endfacet
  facet normal 0.777245 -0.629198 1.60712e-18
    outer loop
      vertex 46.7723 113.699 10
      vertex 46.8233 113.762 9.4
      vertex 46.8233 113.762 10
    endloop
  endfacet
  facet normal 0.777245 -0.629198 1.60712e-18
    outer loop
      vertex 46.8233 113.762 9.4
      vertex 46.7723 113.699 10
      vertex 46.7723 113.699 9.4
    endloop
  endfacet
  facet normal 0.74054 -0.672012 5.37127e-18
    outer loop
      vertex 46.7115 113.632 10
      vertex 46.7723 113.699 9.4
      vertex 46.7723 113.699 10
    endloop
  endfacet
  facet normal 0.74054 -0.672012 5.37127e-18
    outer loop
      vertex 46.7723 113.699 9.4
      vertex 46.7115 113.632 10
      vertex 46.7115 113.632 9.4
    endloop
  endfacet
  facet normal 0.714015 -0.700131 2.18474e-18
    outer loop
      vertex 46.6409 113.56 10
      vertex 46.7115 113.632 9.4
      vertex 46.7115 113.632 10
    endloop
  endfacet
  facet normal 0.714015 -0.700131 2.18474e-18
    outer loop
      vertex 46.7115 113.632 9.4
      vertex 46.6409 113.56 10
      vertex 46.6409 113.56 9.4
    endloop
  endfacet
  facet normal 0.691671 -0.722213 0
    outer loop
      vertex 46.5605 113.483 9.4
      vertex 46.6409 113.56 10
      vertex 46.5605 113.483 10
    endloop
  endfacet
  facet normal 0.691671 -0.722213 0
    outer loop
      vertex 46.6409 113.56 10
      vertex 46.5605 113.483 9.4
      vertex 46.6409 113.56 9.4
    endloop
  endfacet
  facet normal 0.668144 -0.744032 0
    outer loop
      vertex 46.4703 113.402 9.4
      vertex 46.5605 113.483 10
      vertex 46.4703 113.402 10
    endloop
  endfacet
  facet normal 0.668144 -0.744032 0
    outer loop
      vertex 46.5605 113.483 10
      vertex 46.4703 113.402 9.4
      vertex 46.5605 113.483 9.4
    endloop
  endfacet
  facet normal 0.652039 -0.758185 0
    outer loop
      vertex 46.3703 113.316 9.4
      vertex 46.4703 113.402 10
      vertex 46.3703 113.316 10
    endloop
  endfacet
  facet normal 0.652039 -0.758185 0
    outer loop
      vertex 46.4703 113.402 10
      vertex 46.3703 113.316 9.4
      vertex 46.4703 113.402 9.4
    endloop
  endfacet
  facet normal 0.638113 -0.769943 0
    outer loop
      vertex 46.2605 113.225 9.4
      vertex 46.3703 113.316 10
      vertex 46.2605 113.225 10
    endloop
  endfacet
  facet normal 0.638113 -0.769943 0
    outer loop
      vertex 46.3703 113.316 10
      vertex 46.2605 113.225 9.4
      vertex 46.3703 113.316 9.4
    endloop
  endfacet
  facet normal 0.635939 -0.771739 0
    outer loop
      vertex 46.144 113.129 9.4
      vertex 46.2605 113.225 10
      vertex 46.144 113.129 10
    endloop
  endfacet
  facet normal 0.635939 -0.771739 0
    outer loop
      vertex 46.2605 113.225 10
      vertex 46.144 113.129 9.4
      vertex 46.2605 113.225 9.4
    endloop
  endfacet
  facet normal 0.651582 -0.758578 0
    outer loop
      vertex 46.0334 113.034 9.4
      vertex 46.144 113.129 10
      vertex 46.0334 113.034 10
    endloop
  endfacet
  facet normal 0.651582 -0.758578 0
    outer loop
      vertex 46.144 113.129 10
      vertex 46.0334 113.034 9.4
      vertex 46.144 113.129 9.4
    endloop
  endfacet
  facet normal 0.671616 -0.740899 0
    outer loop
      vertex 45.9286 112.939 9.4
      vertex 46.0334 113.034 10
      vertex 45.9286 112.939 10
    endloop
  endfacet
  facet normal 0.671616 -0.740899 0
    outer loop
      vertex 46.0334 113.034 10
      vertex 45.9286 112.939 9.4
      vertex 46.0334 113.034 9.4
    endloop
  endfacet
  facet normal 0.684675 -0.728848 0
    outer loop
      vertex 45.8296 112.846 9.4
      vertex 45.9286 112.939 10
      vertex 45.8296 112.846 10
    endloop
  endfacet
  facet normal 0.684675 -0.728848 0
    outer loop
      vertex 45.9286 112.939 10
      vertex 45.8296 112.846 9.4
      vertex 45.9286 112.939 9.4
    endloop
  endfacet
  facet normal 0.698612 -0.715501 0
    outer loop
      vertex 45.7364 112.755 9.4
      vertex 45.8296 112.846 10
      vertex 45.7364 112.755 10
    endloop
  endfacet
  facet normal 0.698612 -0.715501 0
    outer loop
      vertex 45.8296 112.846 10
      vertex 45.7364 112.755 9.4
      vertex 45.8296 112.846 9.4
    endloop
  endfacet
  facet normal 0.721229 -0.692697 -3.6631e-18
    outer loop
      vertex 45.649 112.664 10
      vertex 45.7364 112.755 9.4
      vertex 45.7364 112.755 10
    endloop
  endfacet
  facet normal 0.721229 -0.692697 -3.6631e-18
    outer loop
      vertex 45.7364 112.755 9.4
      vertex 45.649 112.664 10
      vertex 45.649 112.664 9.4
    endloop
  endfacet
  facet normal 0.740833 -0.671689 5.52439e-18
    outer loop
      vertex 45.5674 112.574 10
      vertex 45.649 112.664 9.4
      vertex 45.649 112.664 10
    endloop
  endfacet
  facet normal 0.740833 -0.671689 5.52439e-18
    outer loop
      vertex 45.649 112.664 9.4
      vertex 45.5674 112.574 10
      vertex 45.5674 112.574 9.4
    endloop
  endfacet
  facet normal 0.76004 -0.649877 2.77826e-18
    outer loop
      vertex 45.4913 112.485 10
      vertex 45.5674 112.574 9.4
      vertex 45.5674 112.574 10
    endloop
  endfacet
  facet normal 0.76004 -0.649877 2.77826e-18
    outer loop
      vertex 45.5674 112.574 9.4
      vertex 45.4913 112.485 10
      vertex 45.4913 112.485 9.4
    endloop
  endfacet
  facet normal 0.78553 -0.618823 -2.14314e-18
    outer loop
      vertex 45.4204 112.395 10
      vertex 45.4913 112.485 9.4
      vertex 45.4913 112.485 10
    endloop
  endfacet
  facet normal 0.78553 -0.618823 -2.14314e-18
    outer loop
      vertex 45.4913 112.485 9.4
      vertex 45.4204 112.395 10
      vertex 45.4204 112.395 9.4
    endloop
  endfacet
  facet normal 0.81035 -0.585946 -6.03092e-18
    outer loop
      vertex 45.3546 112.304 10
      vertex 45.4204 112.395 9.4
      vertex 45.4204 112.395 10
    endloop
  endfacet
  facet normal 0.81035 -0.585946 -6.03092e-18
    outer loop
      vertex 45.4204 112.395 9.4
      vertex 45.3546 112.304 10
      vertex 45.3546 112.304 9.4
    endloop
  endfacet
  facet normal 0.83511 -0.550083 -3.41957e-18
    outer loop
      vertex 45.294 112.212 10
      vertex 45.3546 112.304 9.4
      vertex 45.3546 112.304 10
    endloop
  endfacet
  facet normal 0.83511 -0.550083 -3.41957e-18
    outer loop
      vertex 45.3546 112.304 9.4
      vertex 45.294 112.212 10
      vertex 45.294 112.212 9.4
    endloop
  endfacet
  facet normal 0.856259 -0.516547 8.14587e-19
    outer loop
      vertex 45.2385 112.12 10
      vertex 45.294 112.212 9.4
      vertex 45.294 112.212 10
    endloop
  endfacet
  facet normal 0.856259 -0.516547 8.14587e-19
    outer loop
      vertex 45.294 112.212 9.4
      vertex 45.2385 112.12 10
      vertex 45.2385 112.12 9.4
    endloop
  endfacet
  facet normal 0.879193 -0.476466 1.24217e-18
    outer loop
      vertex 45.1881 112.027 10
      vertex 45.2385 112.12 9.4
      vertex 45.2385 112.12 10
    endloop
  endfacet
  facet normal 0.879193 -0.476466 1.24217e-18
    outer loop
      vertex 45.2385 112.12 9.4
      vertex 45.1881 112.027 10
      vertex 45.1881 112.027 9.4
    endloop
  endfacet
  facet normal 0.8994 -0.437128 6.6279e-18
    outer loop
      vertex 45.1429 111.934 10
      vertex 45.1881 112.027 9.4
      vertex 45.1881 112.027 10
    endloop
  endfacet
  facet normal 0.8994 -0.437128 6.6279e-18
    outer loop
      vertex 45.1881 112.027 9.4
      vertex 45.1429 111.934 10
      vertex 45.1429 111.934 9.4
    endloop
  endfacet
  facet normal 1 -0 0
    outer loop
      vertex 45.1429 111.405 10
      vertex 45.1429 111.934 9.4
      vertex 45.1429 111.934 10
    endloop
  endfacet
  facet normal 1 0 0
    outer loop
      vertex 45.1429 111.934 9.4
      vertex 45.1429 111.405 10
      vertex 45.1429 111.405 9.4
    endloop
  endfacet
  facet normal 0 1 -0
    outer loop
      vertex 47.8175 111.405 9.4
      vertex 45.1429 111.405 10
      vertex 47.8175 111.405 10
    endloop
  endfacet
  facet normal 0 1 0
    outer loop
      vertex 45.1429 111.405 10
      vertex 47.8175 111.405 9.4
      vertex 45.1429 111.405 9.4
    endloop
  endfacet
  facet normal -1 0 0
    outer loop
      vertex 47.8175 111.405 9.4
      vertex 47.8175 112.032 10
      vertex 47.8175 112.032 9.4
    endloop
  endfacet
  facet normal -1 -0 0
    outer loop
      vertex 47.8175 112.032 10
      vertex 47.8175 111.405 9.4
      vertex 47.8175 111.405 10
    endloop
  endfacet
  facet normal 0 1 -0
    outer loop
      vertex 43.1427 112.856 9.4
      vertex 42.2041 112.856 10
      vertex 43.1427 112.856 10
    endloop
  endfacet
  facet normal 0 1 0
    outer loop
      vertex 42.2041 112.856 10
      vertex 43.1427 112.856 9.4
      vertex 42.2041 112.856 9.4
    endloop
  endfacet
  facet normal 0.853209 0.521569 6.71002e-17
    outer loop
      vertex 44.0297 111.405 10
      vertex 43.1427 112.856 9.4
      vertex 43.1427 112.856 10
    endloop
  endfacet
  facet normal 0.853209 0.521569 6.71002e-17
    outer loop
      vertex 43.1427 112.856 9.4
      vertex 44.0297 111.405 10
      vertex 44.0297 111.405 9.4
    endloop
  endfacet
  facet normal 0 1 -0
    outer loop
      vertex 44.9302 111.405 9.4
      vertex 44.0297 111.405 10
      vertex 44.9302 111.405 10
    endloop
  endfacet
  facet normal 0 1 0
    outer loop
      vertex 44.0297 111.405 10
      vertex 44.9302 111.405 9.4
      vertex 44.0297 111.405 9.4
    endloop
  endfacet
  facet normal -0.840923 -0.541154 -2.95904e-17
    outer loop
      vertex 44.9302 111.405 9.4
      vertex 43.8967 113.011 10
      vertex 43.8967 113.011 9.4
    endloop
  endfacet
  facet normal -0.840923 -0.541154 -2.95904e-17
    outer loop
      vertex 43.8967 113.011 10
      vertex 44.9302 111.405 9.4
      vertex 44.9302 111.405 10
    endloop
  endfacet
  facet normal -0.268567 0.963261 0
    outer loop
      vertex 44.0043 113.041 9.4
      vertex 43.8967 113.011 10
      vertex 44.0043 113.041 10
    endloop
  endfacet
  facet normal -0.268567 0.963261 0
    outer loop
      vertex 43.8967 113.011 10
      vertex 44.0043 113.041 9.4
      vertex 43.8967 113.011 9.4
    endloop
  endfacet
  facet normal -0.360217 0.932869 0
    outer loop
      vertex 44.1053 113.08 9.4
      vertex 44.0043 113.041 10
      vertex 44.1053 113.08 10
    endloop
  endfacet
  facet normal -0.360217 0.932869 0
    outer loop
      vertex 44.0043 113.041 10
      vertex 44.1053 113.08 9.4
      vertex 44.0043 113.041 9.4
    endloop
  endfacet
  facet normal -0.437674 0.899134 0
    outer loop
      vertex 44.1998 113.126 9.4
      vertex 44.1053 113.08 10
      vertex 44.1998 113.126 10
    endloop
  endfacet
  facet normal -0.437674 0.899134 0
    outer loop
      vertex 44.1053 113.08 10
      vertex 44.1998 113.126 9.4
      vertex 44.1053 113.08 9.4
    endloop
  endfacet
  facet normal -0.529999 0.847998 0
    outer loop
      vertex 44.2878 113.181 9.4
      vertex 44.1998 113.126 10
      vertex 44.2878 113.181 10
    endloop
  endfacet
  facet normal -0.529999 0.847998 0
    outer loop
      vertex 44.1998 113.126 10
      vertex 44.2878 113.181 9.4
      vertex 44.1998 113.126 9.4
    endloop
  endfacet
  facet normal -0.612056 0.790815 0
    outer loop
      vertex 44.3692 113.244 9.4
      vertex 44.2878 113.181 10
      vertex 44.3692 113.244 10
    endloop
  endfacet
  facet normal -0.612056 0.790815 0
    outer loop
      vertex 44.2878 113.181 10
      vertex 44.3692 113.244 9.4
      vertex 44.2878 113.181 9.4
    endloop
  endfacet
  facet normal -0.68796 0.725749 0
    outer loop
      vertex 44.4441 113.315 9.4
      vertex 44.3692 113.244 10
      vertex 44.4441 113.315 10
    endloop
  endfacet
  facet normal -0.68796 0.725749 0
    outer loop
      vertex 44.3692 113.244 10
      vertex 44.4441 113.315 9.4
      vertex 44.3692 113.244 9.4
    endloop
  endfacet
  facet normal -0.760061 0.649852 4.39674e-18
    outer loop
      vertex 44.4441 113.315 9.4
      vertex 44.5125 113.395 10
      vertex 44.5125 113.395 9.4
    endloop
  endfacet
  facet normal -0.760061 0.649852 4.39674e-18
    outer loop
      vertex 44.5125 113.395 10
      vertex 44.4441 113.315 9.4
      vertex 44.4441 113.315 10
    endloop
  endfacet
  facet normal -0.815157 0.579241 -4.26417e-18
    outer loop
      vertex 44.5125 113.395 9.4
      vertex 44.5729 113.48 10
      vertex 44.5729 113.48 9.4
    endloop
  endfacet
  facet normal -0.815157 0.579241 -4.26417e-18
    outer loop
      vertex 44.5729 113.48 10
      vertex 44.5125 113.395 9.4
      vertex 44.5125 113.395 10
    endloop
  endfacet
  facet normal -0.869192 0.494474 -6.89973e-18
    outer loop
      vertex 44.5729 113.48 9.4
      vertex 44.6241 113.57 10
      vertex 44.6241 113.57 9.4
    endloop
  endfacet
  facet normal -0.869192 0.494474 -6.89973e-18
    outer loop
      vertex 44.6241 113.57 10
      vertex 44.5729 113.48 9.4
      vertex 44.5729 113.48 10
    endloop
  endfacet
  facet normal -0.915315 0.402739 -3.02098e-18
    outer loop
      vertex 44.6241 113.57 9.4
      vertex 44.6659 113.665 10
      vertex 44.6659 113.665 9.4
    endloop
  endfacet
  facet normal -0.915315 0.402739 -3.02098e-18
    outer loop
      vertex 44.6659 113.665 10
      vertex 44.6241 113.57 9.4
      vertex 44.6241 113.57 10
    endloop
  endfacet
  facet normal -0.949828 0.312772 -5.42883e-19
    outer loop
      vertex 44.6659 113.665 9.4
      vertex 44.6985 113.764 10
      vertex 44.6985 113.764 9.4
    endloop
  endfacet
  facet normal -0.949828 0.312772 -5.42883e-19
    outer loop
      vertex 44.6985 113.764 10
      vertex 44.6659 113.665 9.4
      vertex 44.6659 113.665 10
    endloop
  endfacet
  facet normal -0.975559 0.219738 -3.09232e-18
    outer loop
      vertex 44.6985 113.764 9.4
      vertex 44.7217 113.867 10
      vertex 44.7217 113.867 9.4
    endloop
  endfacet
  facet normal -0.975559 0.219738 -3.09232e-18
    outer loop
      vertex 44.7217 113.867 10
      vertex 44.6985 113.764 9.4
      vertex 44.6985 113.764 10
    endloop
  endfacet
  facet normal -0.991703 0.128554 4.55144e-19
    outer loop
      vertex 44.7217 113.867 9.4
      vertex 44.7357 113.975 10
      vertex 44.7357 113.975 9.4
    endloop
  endfacet
  facet normal -0.991703 0.128554 4.55144e-19
    outer loop
      vertex 44.7357 113.975 10
      vertex 44.7217 113.867 9.4
      vertex 44.7217 113.867 10
    endloop
  endfacet
  facet normal -0.999172 0.0406743 3.48641e-19
    outer loop
      vertex 44.7357 113.975 9.4
      vertex 44.7403 114.088 10
      vertex 44.7403 114.088 9.4
    endloop
  endfacet
  facet normal -0.999172 0.0406743 3.48641e-19
    outer loop
      vertex 44.7403 114.088 10
      vertex 44.7357 113.975 9.4
      vertex 44.7357 113.975 10
    endloop
  endfacet
  facet normal -0.998785 -0.0492821 4.05037e-19
    outer loop
      vertex 44.7403 114.088 9.4
      vertex 44.7328 114.24 10
      vertex 44.7328 114.24 9.4
    endloop
  endfacet
  facet normal -0.998785 -0.0492821 4.05037e-19
    outer loop
      vertex 44.7328 114.24 10
      vertex 44.7403 114.088 9.4
      vertex 44.7403 114.088 10
    endloop
  endfacet
  facet normal -0.987177 -0.159629 -2.91032e-19
    outer loop
      vertex 44.7328 114.24 9.4
      vertex 44.71 114.381 10
      vertex 44.71 114.381 9.4
    endloop
  endfacet
  facet normal -0.987177 -0.159629 -2.91032e-19
    outer loop
      vertex 44.71 114.381 10
      vertex 44.7328 114.24 9.4
      vertex 44.7328 114.24 10
    endloop
  endfacet
  facet normal -0.961166 -0.275971 -2.49127e-19
    outer loop
      vertex 44.71 114.381 9.4
      vertex 44.6721 114.513 10
      vertex 44.6721 114.513 9.4
    endloop
  endfacet
  facet normal -0.961166 -0.275971 -2.49127e-19
    outer loop
      vertex 44.6721 114.513 10
      vertex 44.71 114.381 9.4
      vertex 44.71 114.381 10
    endloop
  endfacet
  facet normal -0.91447 -0.404653 -1.39388e-18
    outer loop
      vertex 44.6721 114.513 9.4
      vertex 44.619 114.633 10
      vertex 44.619 114.633 9.4
    endloop
  endfacet
  facet normal -0.91447 -0.404653 -1.39388e-18
    outer loop
      vertex 44.619 114.633 10
      vertex 44.6721 114.513 9.4
      vertex 44.6721 114.513 10
    endloop
  endfacet
  facet normal -0.851685 -0.524055 4.43107e-19
    outer loop
      vertex 44.619 114.633 9.4
      vertex 44.5507 114.744 10
      vertex 44.5507 114.744 9.4
    endloop
  endfacet
  facet normal -0.851685 -0.524055 4.43107e-19
    outer loop
      vertex 44.5507 114.744 10
      vertex 44.619 114.633 9.4
      vertex 44.619 114.633 10
    endloop
  endfacet
  facet normal -0.764791 -0.644278 6.60717e-18
    outer loop
      vertex 44.5507 114.744 9.4
      vertex 44.4673 114.843 10
      vertex 44.4673 114.843 9.4
    endloop
  endfacet
  facet normal -0.764791 -0.644278 6.60717e-18
    outer loop
      vertex 44.4673 114.843 10
      vertex 44.5507 114.744 9.4
      vertex 44.5507 114.744 10
    endloop
  endfacet
  facet normal -0.674163 -0.738583 0
    outer loop
      vertex 44.3687 114.933 9.4
      vertex 44.4673 114.843 10
      vertex 44.3687 114.933 10
    endloop
  endfacet
  facet normal -0.674163 -0.738583 -0
    outer loop
      vertex 44.4673 114.843 10
      vertex 44.3687 114.933 9.4
      vertex 44.4673 114.843 9.4
    endloop
  endfacet
  facet normal -0.56978 -0.821798 0
    outer loop
      vertex 44.2562 115.011 9.4
      vertex 44.3687 114.933 10
      vertex 44.2562 115.011 10
    endloop
  endfacet
  facet normal -0.56978 -0.821798 -0
    outer loop
      vertex 44.3687 114.933 10
      vertex 44.2562 115.011 9.4
      vertex 44.3687 114.933 9.4
    endloop
  endfacet
  facet normal -0.466037 -0.884765 0
    outer loop
      vertex 44.1309 115.077 9.4
      vertex 44.2562 115.011 10
      vertex 44.1309 115.077 10
    endloop
  endfacet
  facet normal -0.466037 -0.884765 -0
    outer loop
      vertex 44.2562 115.011 10
      vertex 44.1309 115.077 9.4
      vertex 44.2562 115.011 9.4
    endloop
  endfacet
  facet normal -0.364399 -0.931243 0
    outer loop
      vertex 43.9929 115.131 9.4
      vertex 44.1309 115.077 10
      vertex 43.9929 115.131 10
    endloop
  endfacet
  facet normal -0.364399 -0.931243 -0
    outer loop
      vertex 44.1309 115.077 10
      vertex 43.9929 115.131 9.4
      vertex 44.1309 115.077 9.4
    endloop
  endfacet
  facet normal -0.268468 -0.963289 0
    outer loop
      vertex 43.8422 115.173 9.4
      vertex 43.9929 115.131 10
      vertex 43.8422 115.173 10
    endloop
  endfacet
  facet normal -0.268468 -0.963289 -0
    outer loop
      vertex 43.9929 115.131 10
      vertex 43.8422 115.173 9.4
      vertex 43.9929 115.131 9.4
    endloop
  endfacet
  facet normal -0.180473 -0.98358 0
    outer loop
      vertex 43.6787 115.203 9.4
      vertex 43.8422 115.173 10
      vertex 43.6787 115.203 10
    endloop
  endfacet
  facet normal -0.180473 -0.98358 -0
    outer loop
      vertex 43.8422 115.173 10
      vertex 43.6787 115.203 9.4
      vertex 43.8422 115.173 9.4
    endloop
  endfacet
  facet normal -0.101628 -0.994822 0
    outer loop
      vertex 43.5025 115.221 9.4
      vertex 43.6787 115.203 10
      vertex 43.5025 115.221 10
    endloop
  endfacet
  facet normal -0.101628 -0.994822 -0
    outer loop
      vertex 43.6787 115.203 10
      vertex 43.5025 115.221 9.4
      vertex 43.6787 115.203 9.4
    endloop
  endfacet
  facet normal -0.0317468 -0.999496 0
    outer loop
      vertex 43.3136 115.227 9.4
      vertex 43.5025 115.221 10
      vertex 43.3136 115.227 10
    endloop
  endfacet
  facet normal -0.0317468 -0.999496 -0
    outer loop
      vertex 43.5025 115.221 10
      vertex 43.3136 115.227 9.4
      vertex 43.5025 115.221 9.4
    endloop
  endfacet
  facet normal 0 -1 0
    outer loop
      vertex 41.4039 115.227 9.4
      vertex 43.3136 115.227 10
      vertex 41.4039 115.227 10
    endloop
  endfacet
  facet normal 0 -1 -0
    outer loop
      vertex 43.3136 115.227 10
      vertex 41.4039 115.227 9.4
      vertex 43.3136 115.227 9.4
    endloop
  endfacet
  facet normal 1 -0 0
    outer loop
      vertex 41.4039 111.405 10
      vertex 41.4039 115.227 9.4
      vertex 41.4039 115.227 10
    endloop
  endfacet
  facet normal 1 0 0
    outer loop
      vertex 41.4039 115.227 9.4
      vertex 41.4039 111.405 10
      vertex 41.4039 111.405 9.4
    endloop
  endfacet
  facet normal 0 1 -0
    outer loop
      vertex 42.2041 111.405 9.4
      vertex 41.4039 111.405 10
      vertex 42.2041 111.405 10
    endloop
  endfacet
  facet normal 0 1 0
    outer loop
      vertex 41.4039 111.405 10
      vertex 42.2041 111.405 9.4
      vertex 41.4039 111.405 9.4
    endloop
  endfacet
  facet normal -1 0 0
    outer loop
      vertex 42.2041 111.405 9.4
      vertex 42.2041 112.856 10
      vertex 42.2041 112.856 9.4
    endloop
  endfacet
  facet normal -1 -0 0
    outer loop
      vertex 42.2041 112.856 10
      vertex 42.2041 111.405 9.4
      vertex 42.2041 111.405 10
    endloop
  endfacet
  facet normal -1 0 0
    outer loop
      vertex 42.2041 113.477 9.4
      vertex 42.2041 114.606 10
      vertex 42.2041 114.606 9.4
    endloop
  endfacet
  facet normal -1 -0 0
    outer loop
      vertex 42.2041 114.606 10
      vertex 42.2041 113.477 9.4
      vertex 42.2041 113.477 10
    endloop
  endfacet
  facet normal 0 1 -0
    outer loop
      vertex 43.2295 114.606 9.4
      vertex 42.2041 114.606 10
      vertex 43.2295 114.606 10
    endloop
  endfacet
  facet normal 0 1 0
    outer loop
      vertex 42.2041 114.606 10
      vertex 43.2295 114.606 9.4
      vertex 42.2041 114.606 9.4
    endloop
  endfacet
  facet normal 0.0586907 0.998276 -0
    outer loop
      vertex 43.4166 114.595 9.4
      vertex 43.2295 114.606 10
      vertex 43.4166 114.595 10
    endloop
  endfacet
  facet normal 0.0586907 0.998276 0
    outer loop
      vertex 43.2295 114.606 10
      vertex 43.4166 114.595 9.4
      vertex 43.2295 114.606 9.4
    endloop
  endfacet
  facet normal 0.209993 0.977703 -0
    outer loop
      vertex 43.5749 114.561 9.4
      vertex 43.4166 114.595 10
      vertex 43.5749 114.561 10
    endloop
  endfacet
  facet normal 0.209993 0.977703 0
    outer loop
      vertex 43.4166 114.595 10
      vertex 43.5749 114.561 9.4
      vertex 43.4166 114.595 9.4
    endloop
  endfacet
  facet normal 0.396911 0.917857 -0
    outer loop
      vertex 43.7044 114.505 9.4
      vertex 43.5749 114.561 10
      vertex 43.7044 114.505 10
    endloop
  endfacet
  facet normal 0.396911 0.917857 0
    outer loop
      vertex 43.5749 114.561 10
      vertex 43.7044 114.505 9.4
      vertex 43.5749 114.561 9.4
    endloop
  endfacet
  facet normal 0.616856 0.787076 -0
    outer loop
      vertex 43.8052 114.426 9.4
      vertex 43.7044 114.505 10
      vertex 43.8052 114.426 10
    endloop
  endfacet
  facet normal 0.616856 0.787076 0
    outer loop
      vertex 43.7044 114.505 10
      vertex 43.8052 114.426 9.4
      vertex 43.7044 114.505 9.4
    endloop
  endfacet
  facet normal 0.814659 0.57994 2.05935e-18
    outer loop
      vertex 43.8771 114.325 10
      vertex 43.8052 114.426 9.4
      vertex 43.8052 114.426 10
    endloop
  endfacet
  facet normal 0.814659 0.57994 2.05935e-18
    outer loop
      vertex 43.8052 114.426 9.4
      vertex 43.8771 114.325 10
      vertex 43.8771 114.325 9.4
    endloop
  endfacet
  facet normal 0.944332 0.328993 4.71451e-18
    outer loop
      vertex 43.9203 114.201 10
      vertex 43.8771 114.325 9.4
      vertex 43.8771 114.325 10
    endloop
  endfacet
  facet normal 0.944332 0.328993 4.71451e-18
    outer loop
      vertex 43.8771 114.325 9.4
      vertex 43.9203 114.201 10
      vertex 43.9203 114.201 9.4
    endloop
  endfacet
  facet normal 0.995171 0.0981539 7.24656e-19
    outer loop
      vertex 43.9347 114.055 10
      vertex 43.9203 114.201 9.4
      vertex 43.9203 114.201 10
    endloop
  endfacet
  facet normal 0.995171 0.0981539 7.24656e-19
    outer loop
      vertex 43.9203 114.201 9.4
      vertex 43.9347 114.055 10
      vertex 43.9347 114.055 9.4
    endloop
  endfacet
  facet normal 0.998941 -0.0460039 -5.9207e-20
    outer loop
      vertex 43.9312 113.979 10
      vertex 43.9347 114.055 9.4
      vertex 43.9347 114.055 10
    endloop
  endfacet
  facet normal 0.998941 -0.0460039 -5.9207e-20
    outer loop
      vertex 43.9347 114.055 9.4
      vertex 43.9312 113.979 10
      vertex 43.9312 113.979 9.4
    endloop
  endfacet
  facet normal 0.988518 -0.151102 -3.72031e-19
    outer loop
      vertex 43.9205 113.909 10
      vertex 43.9312 113.979 9.4
      vertex 43.9312 113.979 10
    endloop
  endfacet
  facet normal 0.988518 -0.151102 -3.72031e-19
    outer loop
      vertex 43.9312 113.979 9.4
      vertex 43.9205 113.909 10
      vertex 43.9205 113.909 9.4
    endloop
  endfacet
  facet normal 0.96587 -0.259029 -1.112e-18
    outer loop
      vertex 43.9028 113.843 10
      vertex 43.9205 113.909 9.4
      vertex 43.9205 113.909 10
    endloop
  endfacet
  facet normal 0.96587 -0.259029 -1.112e-18
    outer loop
      vertex 43.9205 113.909 9.4
      vertex 43.9028 113.843 10
      vertex 43.9028 113.843 9.4
    endloop
  endfacet
  facet normal 0.926367 -0.376621 -4.32324e-19
    outer loop
      vertex 43.878 113.782 10
      vertex 43.9028 113.843 9.4
      vertex 43.9028 113.843 10
    endloop
  endfacet
  facet normal 0.926367 -0.376621 -4.32324e-19
    outer loop
      vertex 43.9028 113.843 9.4
      vertex 43.878 113.782 10
      vertex 43.878 113.782 9.4
    endloop
  endfacet
  facet normal 0.868911 -0.494969 -2.18755e-18
    outer loop
      vertex 43.8461 113.726 10
      vertex 43.878 113.782 9.4
      vertex 43.878 113.782 10
    endloop
  endfacet
  facet normal 0.868911 -0.494969 -2.18755e-18
    outer loop
      vertex 43.878 113.782 9.4
      vertex 43.8461 113.726 10
      vertex 43.8461 113.726 9.4
    endloop
  endfacet
  facet normal 0.79511 -0.606466 2.29688e-18
    outer loop
      vertex 43.8072 113.675 10
      vertex 43.8461 113.726 9.4
      vertex 43.8461 113.726 10
    endloop
  endfacet
  facet normal 0.79511 -0.606466 2.29688e-18
    outer loop
      vertex 43.8461 113.726 9.4
      vertex 43.8072 113.675 10
      vertex 43.8072 113.675 9.4
    endloop
  endfacet
  facet normal 0.706339 -0.707874 0
    outer loop
      vertex 43.7611 113.629 9.4
      vertex 43.8072 113.675 10
      vertex 43.7611 113.629 10
    endloop
  endfacet
  facet normal 0.706339 -0.707874 0
    outer loop
      vertex 43.8072 113.675 10
      vertex 43.7611 113.629 9.4
      vertex 43.8072 113.675 9.4
    endloop
  endfacet
  facet normal 0.603132 -0.797642 0
    outer loop
      vertex 43.7082 113.589 9.4
      vertex 43.7611 113.629 10
      vertex 43.7082 113.589 10
    endloop
  endfacet
  facet normal 0.603132 -0.797642 0
    outer loop
      vertex 43.7611 113.629 10
      vertex 43.7082 113.589 9.4
      vertex 43.7611 113.629 9.4
    endloop
  endfacet
  facet normal 0.495511 -0.868602 0
    outer loop
      vertex 43.6486 113.555 9.4
      vertex 43.7082 113.589 10
      vertex 43.6486 113.555 10
    endloop
  endfacet
  facet normal 0.495511 -0.868602 0
    outer loop
      vertex 43.7082 113.589 10
      vertex 43.6486 113.555 9.4
      vertex 43.7082 113.589 9.4
    endloop
  endfacet
  facet normal 0.389549 -0.921006 0
    outer loop
      vertex 43.5824 113.527 9.4
      vertex 43.6486 113.555 10
      vertex 43.5824 113.527 10
    endloop
  endfacet
  facet normal 0.389549 -0.921006 0
    outer loop
      vertex 43.6486 113.555 10
      vertex 43.5824 113.527 9.4
      vertex 43.6486 113.555 9.4
    endloop
  endfacet
  facet normal 0.289277 -0.957245 0
    outer loop
      vertex 43.5096 113.505 9.4
      vertex 43.5824 113.527 10
      vertex 43.5096 113.505 10
    endloop
  endfacet
  facet normal 0.289277 -0.957245 0
    outer loop
      vertex 43.5824 113.527 10
      vertex 43.5096 113.505 9.4
      vertex 43.5824 113.527 9.4
    endloop
  endfacet
  facet normal 0.185408 -0.982662 0
    outer loop
      vertex 43.4301 113.49 9.4
      vertex 43.5096 113.505 10
      vertex 43.4301 113.49 10
    endloop
  endfacet
  facet normal 0.185408 -0.982662 0
    outer loop
      vertex 43.5096 113.505 10
      vertex 43.4301 113.49 9.4
      vertex 43.5096 113.505 9.4
    endloop
  endfacet
  facet normal 0.115368 -0.993323 0
    outer loop
      vertex 43.344 113.48 9.4
      vertex 43.4301 113.49 10
      vertex 43.344 113.48 10
    endloop
  endfacet
  facet normal 0.115368 -0.993323 0
    outer loop
      vertex 43.4301 113.49 10
      vertex 43.344 113.48 9.4
      vertex 43.4301 113.49 9.4
    endloop
  endfacet
  facet normal 0.0323107 -0.999478 0
    outer loop
      vertex 43.2512 113.477 9.4
      vertex 43.344 113.48 10
      vertex 43.2512 113.477 10
    endloop
  endfacet
  facet normal 0.0323107 -0.999478 0
    outer loop
      vertex 43.344 113.48 10
      vertex 43.2512 113.477 9.4
      vertex 43.344 113.48 9.4
    endloop
  endfacet
  facet normal 0 -1 0
    outer loop
      vertex 42.2041 113.477 9.4
      vertex 43.2512 113.477 10
      vertex 42.2041 113.477 10
    endloop
  endfacet
  facet normal 0 -1 -0
    outer loop
      vertex 43.2512 113.477 10
      vertex 42.2041 113.477 9.4
      vertex 43.2512 113.477 9.4
    endloop
  endfacet
  facet normal 0 0 -1
    outer loop
      vertex 177.5 124.1 0
      vertex 175.225 127.7 0
      vertex 177.5 131.3 0
    endloop
  endfacet
  facet normal 0 0 -1
    outer loop
      vertex 177.5 124.1 0
      vertex 169.975 127.7 0
      vertex 175.225 127.7 0
    endloop
  endfacet
  facet normal 0 0 -1
    outer loop
      vertex 169.975 127.7 0
      vertex 140.5 131.3 0
      vertex 169.975 131.3 0
    endloop
  endfacet
  facet normal 0 0 -1
    outer loop
      vertex 177.5 124.1 0
      vertex 140.5 131.3 0
      vertex 169.975 127.7 0
    endloop
  endfacet
  facet normal 0 0 -1
    outer loop
      vertex 140.5 131.3 0
      vertex 128.5 131.3 0
      vertex 140.5 136.3 0
    endloop
  endfacet
  facet normal 0 0 -1
    outer loop
      vertex 121.5 125.7 0
      vertex 140.5 131.3 0
      vertex 177.5 124.1 0
    endloop
  endfacet
  facet normal -0 0 -1
    outer loop
      vertex 140.5 131.3 0
      vertex 121.5 125.7 0
      vertex 128.5 131.3 0
    endloop
  endfacet
  facet normal 0 0 -1
    outer loop
      vertex 177.5 124.1 0
      vertex 107.5 125.7 0
      vertex 121.5 125.7 0
    endloop
  endfacet
  facet normal 0 0 -1
    outer loop
      vertex 107.5 125.7 0
      vertex 92.125 127.7 0
      vertex 107.5 131.3 0
    endloop
  endfacet
  facet normal 0 0 -1
    outer loop
      vertex 107.5 125.7 0
      vertex 86.875 127.7 0
      vertex 92.125 127.7 0
    endloop
  endfacet
  facet normal 0 0 -1
    outer loop
      vertex 86.875 127.7 0
      vertex 50.5 131.3 0
      vertex 86.875 131.3 0
    endloop
  endfacet
  facet normal 0 0 -1
    outer loop
      vertex 50.5 131.3 0
      vertex 38.5 131.3 0
      vertex 50.5 136.3 0
    endloop
  endfacet
  facet normal 0 0 -1
    outer loop
      vertex 1.5 124.1 0
      vertex 50.5 131.3 0
      vertex 86.875 127.7 0
    endloop
  endfacet
  facet normal 0 0 -1
    outer loop
      vertex 1.5 124.1 0
      vertex 86.875 127.7 0
      vertex 107.5 125.7 0
    endloop
  endfacet
  facet normal -0 0 -1
    outer loop
      vertex 50.5 131.3 0
      vertex 1.5 124.1 0
      vertex 38.5 131.3 0
    endloop
  endfacet
  facet normal 0 0 -1
    outer loop
      vertex 1.5 124.1 0
      vertex 107.5 125.7 0
      vertex 177.5 124.1 0
    endloop
  endfacet
  facet normal 0 0 -1
    outer loop
      vertex 38.5 131.3 0
      vertex 1.5 124.1 0
      vertex 9.02501 127.7 0
    endloop
  endfacet
  facet normal -0 0 -1
    outer loop
      vertex 9.02501 127.7 0
      vertex 1.5 124.1 0
      vertex 3.77501 127.7 0
    endloop
  endfacet
  facet normal 0 0 -1
    outer loop
      vertex 1.5 131.3 0
      vertex 3.77501 127.7 0
      vertex 1.5 124.1 0
    endloop
  endfacet
  facet normal 0 0 -1
    outer loop
      vertex 3.77501 127.7 0
      vertex 1.5 131.3 0
      vertex 3.77501 131.3 0
    endloop
  endfacet
  facet normal -0 0 -1
    outer loop
      vertex 177.5 131.3 0
      vertex 175.225 127.7 0
      vertex 175.225 131.3 0
    endloop
  endfacet
  facet normal -0 0 -1
    outer loop
      vertex 140.5 136.3 0
      vertex 128.5 131.3 0
      vertex 128.5 136.3 0
    endloop
  endfacet
  facet normal -0 0 -1
    outer loop
      vertex 128.5 131.3 0
      vertex 121.5 125.7 0
      vertex 121.5 131.3 0
    endloop
  endfacet
  facet normal -0 0 -1
    outer loop
      vertex 107.5 131.3 0
      vertex 92.125 127.7 0
      vertex 92.125 131.3 0
    endloop
  endfacet
  facet normal -0 0 -1
    outer loop
      vertex 50.5 136.3 0
      vertex 38.5 131.3 0
      vertex 38.5 136.3 0
    endloop
  endfacet
  facet normal -0 0 -1
    outer loop
      vertex 38.5 131.3 0
      vertex 9.02501 127.7 0
      vertex 9.02501 131.3 0
    endloop
  endfacet
  facet normal 0 0 1
    outer loop
      vertex 3.77501 131.3 10
      vertex 1.5 131.3 10
      vertex 3.77501 127.7 10
    endloop
  endfacet
  facet normal 0 0 1
    outer loop
      vertex 50.5 136.3 10
      vertex 38.5 136.3 10
      vertex 50.5 131.3 10
    endloop
  endfacet
  facet normal 0 0 1
    outer loop
      vertex 86.875 131.3 10
      vertex 50.5 131.3 10
      vertex 86.875 127.7 10
    endloop
  endfacet
  facet normal 0 0 1
    outer loop
      vertex 92.125 127.7 10
      vertex 107.5 131.3 10
      vertex 92.125 131.3 10
    endloop
  endfacet
  facet normal 0 0 1
    outer loop
      vertex 140.5 136.3 10
      vertex 128.5 136.3 10
      vertex 140.5 131.3 10
    endloop
  endfacet
  facet normal 0 0 1
    outer loop
      vertex 169.975 131.3 10
      vertex 140.5 131.3 10
      vertex 169.975 127.7 10
    endloop
  endfacet
  facet normal 0 0 1
    outer loop
      vertex 175.225 127.7 10
      vertex 177.5 131.3 10
      vertex 175.225 131.3 10
    endloop
  endfacet
  facet normal 0 0 1
    outer loop
      vertex 177.5 131.3 10
      vertex 175.225 127.7 10
      vertex 177.5 124.1 10
    endloop
  endfacet
  facet normal -0 0 1
    outer loop
      vertex 169.975 127.7 10
      vertex 177.5 124.1 10
      vertex 175.225 127.7 10
    endloop
  endfacet
  facet normal 0 0 1
    outer loop
      vertex 140.5 131.3 10
      vertex 177.5 124.1 10
      vertex 169.975 127.7 10
    endloop
  endfacet
  facet normal 0 0 1
    outer loop
      vertex 128.5 131.3 10
      vertex 140.5 131.3 10
      vertex 128.5 136.3 10
    endloop
  endfacet
  facet normal 0 0 1
    outer loop
      vertex 121.5 125.7 10
      vertex 140.5 131.3 10
      vertex 128.5 131.3 10
    endloop
  endfacet
  facet normal 0 0 1
    outer loop
      vertex 121.5 125.7 10
      vertex 128.5 131.3 10
      vertex 121.5 131.3 10
    endloop
  endfacet
  facet normal 0 0 1
    outer loop
      vertex 140.5 131.3 10
      vertex 121.5 125.7 10
      vertex 177.5 124.1 10
    endloop
  endfacet
  facet normal -0 0 1
    outer loop
      vertex 107.5 125.7 10
      vertex 177.5 124.1 10
      vertex 121.5 125.7 10
    endloop
  endfacet
  facet normal 0 0 1
    outer loop
      vertex 107.5 131.3 10
      vertex 92.125 127.7 10
      vertex 107.5 125.7 10
    endloop
  endfacet
  facet normal -0 0 1
    outer loop
      vertex 86.875 127.7 10
      vertex 107.5 125.7 10
      vertex 92.125 127.7 10
    endloop
  endfacet
  facet normal 0 0 1
    outer loop
      vertex 38.5 131.3 10
      vertex 50.5 131.3 10
      vertex 38.5 136.3 10
    endloop
  endfacet
  facet normal 0 0 1
    outer loop
      vertex 32.6592 125.954 10
      vertex 50.5 131.3 10
      vertex 38.5 131.3 10
    endloop
  endfacet
  facet normal 0 0 1
    outer loop
      vertex 32.4865 125.767 10
      vertex 50.5 131.3 10
      vertex 32.5801 125.856 10
    endloop
  endfacet
  facet normal 0 0 1
    outer loop
      vertex 32.8319 126.448 10
      vertex 38.5 131.3 10
      vertex 32.8391 126.597 10
    endloop
  endfacet
  facet normal 0 0 1
    outer loop
      vertex 32.8104 126.31 10
      vertex 38.5 131.3 10
      vertex 32.8319 126.448 10
    endloop
  endfacet
  facet normal 0 0 1
    outer loop
      vertex 32.7744 126.181 10
      vertex 38.5 131.3 10
      vertex 32.8104 126.31 10
    endloop
  endfacet
  facet normal 0 0 1
    outer loop
      vertex 32.724 126.063 10
      vertex 38.5 131.3 10
      vertex 32.7744 126.181 10
    endloop
  endfacet
  facet normal 0 0 1
    outer loop
      vertex 32.6592 125.954 10
      vertex 38.5 131.3 10
      vertex 32.724 126.063 10
    endloop
  endfacet
  facet normal 0 0 1
    outer loop
      vertex 50.5 131.3 10
      vertex 32.6592 125.954 10
      vertex 32.5801 125.856 10
    endloop
  endfacet
  facet normal 0 0 1
    outer loop
      vertex 32.3797 125.689 10
      vertex 50.5 131.3 10
      vertex 32.4865 125.767 10
    endloop
  endfacet
  facet normal 0 0 1
    outer loop
      vertex 32.2607 125.623 10
      vertex 50.5 131.3 10
      vertex 32.3797 125.689 10
    endloop
  endfacet
  facet normal 0 0 1
    outer loop
      vertex 50.5 131.3 10
      vertex 32.2607 125.623 10
      vertex 86.875 127.7 10
    endloop
  endfacet
  facet normal 0 0 1
    outer loop
      vertex 32.1295 125.57 10
      vertex 86.875 127.7 10
      vertex 32.2607 125.623 10
    endloop
  endfacet
  facet normal 0 0 1
    outer loop
      vertex 31.9861 125.528 10
      vertex 86.875 127.7 10
      vertex 32.1295 125.57 10
    endloop
  endfacet
  facet normal 0 0 1
    outer loop
      vertex 31.8306 125.498 10
      vertex 86.875 127.7 10
      vertex 31.9861 125.528 10
    endloop
  endfacet
  facet normal 0 0 1
    outer loop
      vertex 86.875 127.7 10
      vertex 31.8306 125.498 10
      vertex 107.5 125.7 10
    endloop
  endfacet
  facet normal 0 0 1
    outer loop
      vertex 31.6628 125.48 10
      vertex 107.5 125.7 10
      vertex 31.8306 125.498 10
    endloop
  endfacet
  facet normal 0 0 1
    outer loop
      vertex 31.4829 125.474 10
      vertex 107.5 125.7 10
      vertex 31.6628 125.48 10
    endloop
  endfacet
  facet normal 0 0 1
    outer loop
      vertex 1.5 124.1 10
      vertex 107.5 125.7 10
      vertex 31.4829 125.474 10
    endloop
  endfacet
  facet normal 0 0 1
    outer loop
      vertex 29.0043 127.172 10
      vertex 30.1018 126.428 10
      vertex 30.0778 126.575 10
    endloop
  endfacet
  facet normal 0 0 1
    outer loop
      vertex 29.9302 125.536 10
      vertex 30.1381 126.29 10
      vertex 30.1018 126.428 10
    endloop
  endfacet
  facet normal 0 0 1
    outer loop
      vertex 29.9302 125.536 10
      vertex 30.1866 126.163 10
      vertex 30.1381 126.29 10
    endloop
  endfacet
  facet normal 0 0 1
    outer loop
      vertex 29.9302 125.536 10
      vertex 30.2475 126.046 10
      vertex 30.1866 126.163 10
    endloop
  endfacet
  facet normal 0 0 1
    outer loop
      vertex 29.9302 125.536 10
      vertex 30.3206 125.94 10
      vertex 30.2475 126.046 10
    endloop
  endfacet
  facet normal 0 0 1
    outer loop
      vertex 29.9302 125.536 10
      vertex 30.406 125.843 10
      vertex 30.3206 125.94 10
    endloop
  endfacet
  facet normal 0 0 1
    outer loop
      vertex 29.9302 125.536 10
      vertex 30.5037 125.757 10
      vertex 30.406 125.843 10
    endloop
  endfacet
  facet normal 0 0 1
    outer loop
      vertex 29.9302 125.536 10
      vertex 30.6127 125.682 10
      vertex 30.5037 125.757 10
    endloop
  endfacet
  facet normal 0 0 1
    outer loop
      vertex 29.9302 125.536 10
      vertex 30.732 125.618 10
      vertex 30.6127 125.682 10
    endloop
  endfacet
  facet normal 0 0 1
    outer loop
      vertex 29.9302 125.536 10
      vertex 30.8616 125.566 10
      vertex 30.732 125.618 10
    endloop
  endfacet
  facet normal -0 0 1
    outer loop
      vertex 29.9302 125.536 10
      vertex 31.0015 125.526 10
      vertex 30.8616 125.566 10
    endloop
  endfacet
  facet normal 0 0 1
    outer loop
      vertex 29.9302 125.536 10
      vertex 31.1517 125.497 10
      vertex 31.0015 125.526 10
    endloop
  endfacet
  facet normal 0 0 1
    outer loop
      vertex 29.9302 125.536 10
      vertex 31.3121 125.48 10
      vertex 31.1517 125.497 10
    endloop
  endfacet
  facet normal -0 0 1
    outer loop
      vertex 29.0297 125.536 10
      vertex 31.3121 125.48 10
      vertex 29.9302 125.536 10
    endloop
  endfacet
  facet normal 0 0 1
    outer loop
      vertex 29.0297 125.536 10
      vertex 31.4829 125.474 10
      vertex 31.3121 125.48 10
    endloop
  endfacet
  facet normal 0 0 1
    outer loop
      vertex 27.2041 125.536 10
      vertex 28.1427 126.987 10
      vertex 27.2041 126.987 10
    endloop
  endfacet
  facet normal 0 0 1
    outer loop
      vertex 28.1427 126.987 10
      vertex 27.2041 125.536 10
      vertex 29.0297 125.536 10
    endloop
  endfacet
  facet normal -0 0 1
    outer loop
      vertex 27.2041 125.536 10
      vertex 31.4829 125.474 10
      vertex 29.0297 125.536 10
    endloop
  endfacet
  facet normal -0 0 1
    outer loop
      vertex 26.4039 125.536 10
      vertex 31.4829 125.474 10
      vertex 27.2041 125.536 10
    endloop
  endfacet
  facet normal 0 0 1
    outer loop
      vertex 26.4039 129.358 10
      vertex 9.02501 127.7 10
      vertex 26.4039 125.536 10
    endloop
  endfacet
  facet normal 0 0 1
    outer loop
      vertex 1.5 124.1 10
      vertex 9.02501 127.7 10
      vertex 3.77501 127.7 10
    endloop
  endfacet
  facet normal 0 0 1
    outer loop
      vertex 107.5 125.7 10
      vertex 1.5 124.1 10
      vertex 177.5 124.1 10
    endloop
  endfacet
  facet normal 0 0 1
    outer loop
      vertex 26.4039 125.536 10
      vertex 1.5 124.1 10
      vertex 31.4829 125.474 10
    endloop
  endfacet
  facet normal 0 0 1
    outer loop
      vertex 9.02501 127.7 10
      vertex 1.5 124.1 10
      vertex 26.4039 125.536 10
    endloop
  endfacet
  facet normal 0 0 1
    outer loop
      vertex 1.5 124.1 10
      vertex 3.77501 127.7 10
      vertex 1.5 131.3 10
    endloop
  endfacet
  facet normal 0 0 1
    outer loop
      vertex 38.5 131.3 10
      vertex 32.8343 126.7 10
      vertex 32.8391 126.597 10
    endloop
  endfacet
  facet normal 0 0 1
    outer loop
      vertex 38.5 131.3 10
      vertex 32.8198 126.797 10
      vertex 32.8343 126.7 10
    endloop
  endfacet
  facet normal -0 0 1
    outer loop
      vertex 32.7372 128.298 10
      vertex 32.8198 126.797 10
      vertex 38.5 131.3 10
    endloop
  endfacet
  facet normal -0 0 1
    outer loop
      vertex 32.7243 128.204 10
      vertex 32.8198 126.797 10
      vertex 32.7372 128.298 10
    endloop
  endfacet
  facet normal 0 0 1
    outer loop
      vertex 32.7372 128.298 10
      vertex 38.5 131.3 10
      vertex 32.7415 128.398 10
    endloop
  endfacet
  facet normal 0 0 1
    outer loop
      vertex 38.5 131.3 10
      vertex 32.7346 128.53 10
      vertex 32.7415 128.398 10
    endloop
  endfacet
  facet normal 0 0 1
    outer loop
      vertex 38.5 131.3 10
      vertex 32.7139 128.654 10
      vertex 32.7346 128.53 10
    endloop
  endfacet
  facet normal 0 0 1
    outer loop
      vertex 38.5 131.3 10
      vertex 32.6795 128.769 10
      vertex 32.7139 128.654 10
    endloop
  endfacet
  facet normal 0 0 1
    outer loop
      vertex 38.5 131.3 10
      vertex 32.6312 128.876 10
      vertex 32.6795 128.769 10
    endloop
  endfacet
  facet normal 0 0 1
    outer loop
      vertex 38.5 131.3 10
      vertex 32.5692 128.974 10
      vertex 32.6312 128.876 10
    endloop
  endfacet
  facet normal 0 0 1
    outer loop
      vertex 38.5 131.3 10
      vertex 32.4934 129.064 10
      vertex 32.5692 128.974 10
    endloop
  endfacet
  facet normal 0 0 1
    outer loop
      vertex 38.5 131.3 10
      vertex 32.4038 129.145 10
      vertex 32.4934 129.064 10
    endloop
  endfacet
  facet normal 0 0 1
    outer loop
      vertex 38.5 131.3 10
      vertex 32.302 129.217 10
      vertex 32.4038 129.145 10
    endloop
  endfacet
  facet normal 0 0 1
    outer loop
      vertex 38.5 131.3 10
      vertex 32.1895 129.277 10
      vertex 32.302 129.217 10
    endloop
  endfacet
  facet normal 0 0 1
    outer loop
      vertex 38.5 131.3 10
      vertex 32.0663 129.327 10
      vertex 32.1895 129.277 10
    endloop
  endfacet
  facet normal 0 0 1
    outer loop
      vertex 38.5 131.3 10
      vertex 31.9324 129.366 10
      vertex 32.0663 129.327 10
    endloop
  endfacet
  facet normal 0 0 1
    outer loop
      vertex 38.5 131.3 10
      vertex 31.7878 129.393 10
      vertex 31.9324 129.366 10
    endloop
  endfacet
  facet normal 0 0 1
    outer loop
      vertex 38.5 131.3 10
      vertex 31.6326 129.41 10
      vertex 31.7878 129.393 10
    endloop
  endfacet
  facet normal 0 0 1
    outer loop
      vertex 38.5 131.3 10
      vertex 31.4666 129.415 10
      vertex 31.6326 129.41 10
    endloop
  endfacet
  facet normal 0 0 1
    outer loop
      vertex 38.5 131.3 10
      vertex 31.3098 129.409 10
      vertex 31.4666 129.415 10
    endloop
  endfacet
  facet normal 0 0 1
    outer loop
      vertex 28.5025 129.352 10
      vertex 31.3098 129.409 10
      vertex 38.5 131.3 10
    endloop
  endfacet
  facet normal 0 0 1
    outer loop
      vertex 31.3098 129.409 10
      vertex 28.5025 129.352 10
      vertex 31.1617 129.392 10
    endloop
  endfacet
  facet normal -0 0 1
    outer loop
      vertex 29.6241 127.701 10
      vertex 31.0597 127.169 10
      vertex 29.6659 127.796 10
    endloop
  endfacet
  facet normal 0 0 1
    outer loop
      vertex 29.7357 128.106 10
      vertex 30.1429 128.363 10
      vertex 29.7403 128.219 10
    endloop
  endfacet
  facet normal -0 0 1
    outer loop
      vertex 29.7328 128.371 10
      vertex 30.1429 128.363 10
      vertex 30.1659 128.499 10
    endloop
  endfacet
  facet normal -0 0 1
    outer loop
      vertex 29.71 128.513 10
      vertex 30.1659 128.499 10
      vertex 30.2007 128.627 10
    endloop
  endfacet
  facet normal -0 0 1
    outer loop
      vertex 29.6721 128.644 10
      vertex 30.2007 128.627 10
      vertex 30.2474 128.746 10
    endloop
  endfacet
  facet normal -0 0 1
    outer loop
      vertex 29.619 128.765 10
      vertex 30.2474 128.746 10
      vertex 30.3059 128.857 10
    endloop
  endfacet
  facet normal -0 0 1
    outer loop
      vertex 29.5507 128.875 10
      vertex 30.3059 128.857 10
      vertex 30.3763 128.959 10
    endloop
  endfacet
  facet normal 0 0 1
    outer loop
      vertex 30.1429 128.363 10
      vertex 29.7328 128.371 10
      vertex 29.7403 128.219 10
    endloop
  endfacet
  facet normal -0 0 1
    outer loop
      vertex 29.4673 128.975 10
      vertex 30.3763 128.959 10
      vertex 30.4585 129.052 10
    endloop
  endfacet
  facet normal 0 0 1
    outer loop
      vertex 30.1659 128.499 10
      vertex 29.71 128.513 10
      vertex 29.7328 128.371 10
    endloop
  endfacet
  facet normal -0 0 1
    outer loop
      vertex 29.3687 129.064 10
      vertex 30.4585 129.052 10
      vertex 30.5525 129.136 10
    endloop
  endfacet
  facet normal 0 0 1
    outer loop
      vertex 30.2007 128.627 10
      vertex 29.6721 128.644 10
      vertex 29.71 128.513 10
    endloop
  endfacet
  facet normal -0 0 1
    outer loop
      vertex 29.2562 129.142 10
      vertex 30.5525 129.136 10
      vertex 30.6569 129.21 10
    endloop
  endfacet
  facet normal 0 0 1
    outer loop
      vertex 30.2474 128.746 10
      vertex 29.619 128.765 10
      vertex 29.6721 128.644 10
    endloop
  endfacet
  facet normal 0 0 1
    outer loop
      vertex 29.1309 129.208 10
      vertex 30.6569 129.21 10
      vertex 30.7699 129.273 10
    endloop
  endfacet
  facet normal 0 0 1
    outer loop
      vertex 30.3059 128.857 10
      vertex 29.5507 128.875 10
      vertex 29.619 128.765 10
    endloop
  endfacet
  facet normal 0 0 1
    outer loop
      vertex 28.9929 129.262 10
      vertex 30.7699 129.273 10
      vertex 30.8918 129.324 10
    endloop
  endfacet
  facet normal 0 0 1
    outer loop
      vertex 30.3763 128.959 10
      vertex 29.4673 128.975 10
      vertex 29.5507 128.875 10
    endloop
  endfacet
  facet normal 0 0 1
    outer loop
      vertex 28.8422 129.304 10
      vertex 30.8918 129.324 10
      vertex 31.0224 129.364 10
    endloop
  endfacet
  facet normal 0 -0 1
    outer loop
      vertex 28.6787 129.334 10
      vertex 31.1617 129.392 10
      vertex 28.5025 129.352 10
    endloop
  endfacet
  facet normal 0 0 1
    outer loop
      vertex 30.4585 129.052 10
      vertex 29.3687 129.064 10
      vertex 29.4673 128.975 10
    endloop
  endfacet
  facet normal 0 0 1
    outer loop
      vertex 30.5525 129.136 10
      vertex 29.2562 129.142 10
      vertex 29.3687 129.064 10
    endloop
  endfacet
  facet normal 0 0 1
    outer loop
      vertex 30.6569 129.21 10
      vertex 29.1309 129.208 10
      vertex 29.2562 129.142 10
    endloop
  endfacet
  facet normal 0 0 1
    outer loop
      vertex 30.7699 129.273 10
      vertex 28.9929 129.262 10
      vertex 29.1309 129.208 10
    endloop
  endfacet
  facet normal 0 0 1
    outer loop
      vertex 30.8918 129.324 10
      vertex 28.8422 129.304 10
      vertex 28.9929 129.262 10
    endloop
  endfacet
  facet normal 0 0 1
    outer loop
      vertex 31.0224 129.364 10
      vertex 28.6787 129.334 10
      vertex 28.8422 129.304 10
    endloop
  endfacet
  facet normal 0 0 1
    outer loop
      vertex 31.1617 129.392 10
      vertex 28.6787 129.334 10
      vertex 31.0224 129.364 10
    endloop
  endfacet
  facet normal 0 0 1
    outer loop
      vertex 38.5 131.3 10
      vertex 28.3136 129.358 10
      vertex 28.5025 129.352 10
    endloop
  endfacet
  facet normal 0 0 1
    outer loop
      vertex 38.5 131.3 10
      vertex 26.4039 129.358 10
      vertex 28.3136 129.358 10
    endloop
  endfacet
  facet normal 0 0 1
    outer loop
      vertex 9.02501 127.7 10
      vertex 26.4039 129.358 10
      vertex 9.02501 131.3 10
    endloop
  endfacet
  facet normal -0 0 1
    outer loop
      vertex 9.02501 131.3 10
      vertex 26.4039 129.358 10
      vertex 38.5 131.3 10
    endloop
  endfacet
  facet normal 0 0 1
    outer loop
      vertex 32.8198 126.797 10
      vertex 32.7243 128.204 10
      vertex 32.7955 126.889 10
    endloop
  endfacet
  facet normal -0 0 1
    outer loop
      vertex 32.7029 128.114 10
      vertex 32.7955 126.889 10
      vertex 32.7243 128.204 10
    endloop
  endfacet
  facet normal 0 0 1
    outer loop
      vertex 32.7955 126.889 10
      vertex 32.7029 128.114 10
      vertex 32.7616 126.975 10
    endloop
  endfacet
  facet normal -0 0 1
    outer loop
      vertex 32.6729 128.03 10
      vertex 32.7616 126.975 10
      vertex 32.7029 128.114 10
    endloop
  endfacet
  facet normal 0 0 1
    outer loop
      vertex 32.7616 126.975 10
      vertex 32.6729 128.03 10
      vertex 32.718 127.057 10
    endloop
  endfacet
  facet normal -0 0 1
    outer loop
      vertex 32.6342 127.951 10
      vertex 32.718 127.057 10
      vertex 32.6729 128.03 10
    endloop
  endfacet
  facet normal 0 0 1
    outer loop
      vertex 32.718 127.057 10
      vertex 32.6342 127.951 10
      vertex 32.6648 127.133 10
    endloop
  endfacet
  facet normal -0 0 1
    outer loop
      vertex 32.587 127.878 10
      vertex 32.6648 127.133 10
      vertex 32.6342 127.951 10
    endloop
  endfacet
  facet normal 0 0 1
    outer loop
      vertex 32.6648 127.133 10
      vertex 32.587 127.878 10
      vertex 32.6018 127.203 10
    endloop
  endfacet
  facet normal -0 0 1
    outer loop
      vertex 32.5313 127.809 10
      vertex 32.6018 127.203 10
      vertex 32.587 127.878 10
    endloop
  endfacet
  facet normal 0 0 1
    outer loop
      vertex 32.5313 127.809 10
      vertex 32.5299 127.267 10
      vertex 32.6018 127.203 10
    endloop
  endfacet
  facet normal -0 0 1
    outer loop
      vertex 32.4674 127.747 10
      vertex 32.5299 127.267 10
      vertex 32.5313 127.809 10
    endloop
  endfacet
  facet normal 0 0 1
    outer loop
      vertex 32.4674 127.747 10
      vertex 32.4497 127.324 10
      vertex 32.5299 127.267 10
    endloop
  endfacet
  facet normal -0 0 1
    outer loop
      vertex 32.396 127.69 10
      vertex 32.4497 127.324 10
      vertex 32.4674 127.747 10
    endloop
  endfacet
  facet normal 0 0 1
    outer loop
      vertex 32.396 127.69 10
      vertex 32.3613 127.372 10
      vertex 32.4497 127.324 10
    endloop
  endfacet
  facet normal -0 0 1
    outer loop
      vertex 32.317 127.64 10
      vertex 32.3613 127.372 10
      vertex 32.396 127.69 10
    endloop
  endfacet
  facet normal 0 0 1
    outer loop
      vertex 32.317 127.64 10
      vertex 32.2646 127.414 10
      vertex 32.3613 127.372 10
    endloop
  endfacet
  facet normal -0 0 1
    outer loop
      vertex 32.2304 127.596 10
      vertex 32.2646 127.414 10
      vertex 32.317 127.64 10
    endloop
  endfacet
  facet normal 0 0 1
    outer loop
      vertex 32.2304 127.596 10
      vertex 32.1597 127.447 10
      vertex 32.2646 127.414 10
    endloop
  endfacet
  facet normal -0 0 1
    outer loop
      vertex 32.1362 127.559 10
      vertex 32.1597 127.447 10
      vertex 32.2304 127.596 10
    endloop
  endfacet
  facet normal 0 0 1
    outer loop
      vertex 32.1362 127.559 10
      vertex 32.0465 127.473 10
      vertex 32.1597 127.447 10
    endloop
  endfacet
  facet normal -0 0 1
    outer loop
      vertex 32.0344 127.528 10
      vertex 32.0465 127.473 10
      vertex 32.1362 127.559 10
    endloop
  endfacet
  facet normal 0 0 1
    outer loop
      vertex 31.9251 127.492 10
      vertex 32.0344 127.528 10
      vertex 31.9251 127.503 10
    endloop
  endfacet
  facet normal 0 0 1
    outer loop
      vertex 32.0344 127.528 10
      vertex 31.9251 127.492 10
      vertex 32.0465 127.473 10
    endloop
  endfacet
  facet normal 0 0 1
    outer loop
      vertex 31.5227 128.805 10
      vertex 31.9685 128.303 10
      vertex 31.9658 128.368 10
    endloop
  endfacet
  facet normal 0 0 1
    outer loop
      vertex 31.5227 128.805 10
      vertex 31.9658 128.368 10
      vertex 31.9577 128.43 10
    endloop
  endfacet
  facet normal 0 -0 1
    outer loop
      vertex 31.6313 127.829 10
      vertex 31.9685 128.303 10
      vertex 31.5227 128.805 10
    endloop
  endfacet
  facet normal 0 0 1
    outer loop
      vertex 31.5874 128.797 10
      vertex 31.9577 128.43 10
      vertex 31.9443 128.487 10
    endloop
  endfacet
  facet normal 0 0 1
    outer loop
      vertex 31.9685 128.303 10
      vertex 31.6313 127.829 10
      vertex 31.9651 128.234 10
    endloop
  endfacet
  facet normal 0 0 1
    outer loop
      vertex 31.6471 128.783 10
      vertex 31.9443 128.487 10
      vertex 31.9255 128.539 10
    endloop
  endfacet
  facet normal 0 -0 1
    outer loop
      vertex 31.6951 127.853 10
      vertex 31.9651 128.234 10
      vertex 31.6313 127.829 10
    endloop
  endfacet
  facet normal 0 0 1
    outer loop
      vertex 31.6471 128.783 10
      vertex 31.9255 128.539 10
      vertex 31.9013 128.588 10
    endloop
  endfacet
  facet normal 0 0 1
    outer loop
      vertex 31.9577 128.43 10
      vertex 31.5874 128.797 10
      vertex 31.5227 128.805 10
    endloop
  endfacet
  facet normal 0 0 1
    outer loop
      vertex 31.702 128.764 10
      vertex 31.9013 128.588 10
      vertex 31.8718 128.633 10
    endloop
  endfacet
  facet normal 0 0 1
    outer loop
      vertex 31.9651 128.234 10
      vertex 31.6951 127.853 10
      vertex 31.955 128.17 10
    endloop
  endfacet
  facet normal 0 0 1
    outer loop
      vertex 31.702 128.764 10
      vertex 31.8718 128.633 10
      vertex 31.8369 128.673 10
    endloop
  endfacet
  facet normal 0 0 1
    outer loop
      vertex 31.955 128.17 10
      vertex 31.7524 127.884 10
      vertex 31.9381 128.11 10
    endloop
  endfacet
  facet normal 0 0 1
    outer loop
      vertex 31.702 128.764 10
      vertex 31.8369 128.673 10
      vertex 31.7968 128.709 10
    endloop
  endfacet
  facet normal 0 0 1
    outer loop
      vertex 31.9443 128.487 10
      vertex 31.6471 128.783 10
      vertex 31.5874 128.797 10
    endloop
  endfacet
  facet normal 0 0 1
    outer loop
      vertex 31.702 128.764 10
      vertex 31.7968 128.709 10
      vertex 31.7519 128.739 10
    endloop
  endfacet
  facet normal 0 0 1
    outer loop
      vertex 31.9013 128.588 10
      vertex 31.702 128.764 10
      vertex 31.6471 128.783 10
    endloop
  endfacet
  facet normal 0 0 1
    outer loop
      vertex 31.884 128.005 10
      vertex 31.7524 127.884 10
      vertex 31.8469 127.96 10
    endloop
  endfacet
  facet normal 0 0 1
    outer loop
      vertex 31.8469 127.96 10
      vertex 31.7524 127.884 10
      vertex 31.803 127.919 10
    endloop
  endfacet
  facet normal 0 0 1
    outer loop
      vertex 31.9144 128.055 10
      vertex 31.7524 127.884 10
      vertex 31.884 128.005 10
    endloop
  endfacet
  facet normal 0 0 1
    outer loop
      vertex 31.9381 128.11 10
      vertex 31.7524 127.884 10
      vertex 31.9144 128.055 10
    endloop
  endfacet
  facet normal 0 -0 1
    outer loop
      vertex 31.7524 127.884 10
      vertex 31.955 128.17 10
      vertex 31.6951 127.853 10
    endloop
  endfacet
  facet normal 0 0 1
    outer loop
      vertex 31.6313 127.829 10
      vertex 31.5227 128.805 10
      vertex 31.5607 127.81 10
    endloop
  endfacet
  facet normal 0 0 1
    outer loop
      vertex 31.4531 128.808 10
      vertex 31.5607 127.81 10
      vertex 31.5227 128.805 10
    endloop
  endfacet
  facet normal -0 0 1
    outer loop
      vertex 31.3875 128.805 10
      vertex 31.5607 127.81 10
      vertex 31.4531 128.808 10
    endloop
  endfacet
  facet normal 0 0 1
    outer loop
      vertex 31.5607 127.81 10
      vertex 31.3875 128.805 10
      vertex 31.4836 127.796 10
    endloop
  endfacet
  facet normal -0 0 1
    outer loop
      vertex 31.3256 128.797 10
      vertex 31.4836 127.796 10
      vertex 31.3875 128.805 10
    endloop
  endfacet
  facet normal -0 0 1
    outer loop
      vertex 30.9052 128.308 10
      vertex 31.4836 127.796 10
      vertex 31.3256 128.797 10
    endloop
  endfacet
  facet normal 0 0 1
    outer loop
      vertex 31.4836 127.796 10
      vertex 30.9052 128.308 10
      vertex 31.3997 127.788 10
    endloop
  endfacet
  facet normal 0 0 1
    outer loop
      vertex 30.9052 128.308 10
      vertex 31.3256 128.797 10
      vertex 31.2675 128.784 10
    endloop
  endfacet
  facet normal 0 0 1
    outer loop
      vertex 30.9052 128.308 10
      vertex 31.2675 128.784 10
      vertex 31.213 128.765 10
    endloop
  endfacet
  facet normal 0 0 1
    outer loop
      vertex 30.9052 128.308 10
      vertex 31.213 128.765 10
      vertex 31.1623 128.741 10
    endloop
  endfacet
  facet normal 0 0 1
    outer loop
      vertex 30.9052 128.308 10
      vertex 31.1623 128.741 10
      vertex 31.1153 128.712 10
    endloop
  endfacet
  facet normal 0 0 1
    outer loop
      vertex 30.9052 128.308 10
      vertex 31.1153 128.712 10
      vertex 31.0719 128.677 10
    endloop
  endfacet
  facet normal 0 0 1
    outer loop
      vertex 31.3997 127.788 10
      vertex 30.9052 128.308 10
      vertex 31.3093 127.785 10
    endloop
  endfacet
  facet normal 0 0 1
    outer loop
      vertex 31.3093 127.785 10
      vertex 30.9052 128.308 10
      vertex 31.0597 127.785 10
    endloop
  endfacet
  facet normal 0 0 1
    outer loop
      vertex 30.9052 128.308 10
      vertex 31.0719 128.677 10
      vertex 31.033 128.638 10
    endloop
  endfacet
  facet normal 0 0 1
    outer loop
      vertex 31.7535 127.1 10
      vertex 32.0579 126.643 10
      vertex 32.0542 126.713 10
    endloop
  endfacet
  facet normal 0 0 1
    outer loop
      vertex 31.6825 127.125 10
      vertex 32.0579 126.643 10
      vertex 31.7535 127.1 10
    endloop
  endfacet
  facet normal 0 0 1
    outer loop
      vertex 31.8172 127.07 10
      vertex 32.0542 126.713 10
      vertex 32.0429 126.779 10
    endloop
  endfacet
  facet normal 0 0 1
    outer loop
      vertex 32.0579 126.643 10
      vertex 31.6825 127.125 10
      vertex 32.0548 126.566 10
    endloop
  endfacet
  facet normal 0 0 1
    outer loop
      vertex 31.8735 127.034 10
      vertex 32.0429 126.779 10
      vertex 32.0241 126.84 10
    endloop
  endfacet
  facet normal 0 0 1
    outer loop
      vertex 31.6268 126.103 10
      vertex 32.0548 126.566 10
      vertex 31.6825 127.125 10
    endloop
  endfacet
  facet normal 0 0 1
    outer loop
      vertex 31.8735 127.034 10
      vertex 32.0241 126.84 10
      vertex 31.9977 126.895 10
    endloop
  endfacet
  facet normal 0 0 1
    outer loop
      vertex 32.0542 126.713 10
      vertex 31.8172 127.07 10
      vertex 31.7535 127.1 10
    endloop
  endfacet
  facet normal 0 0 1
    outer loop
      vertex 31.8735 127.034 10
      vertex 31.9977 126.895 10
      vertex 31.9638 126.946 10
    endloop
  endfacet
  facet normal 0 -0 1
    outer loop
      vertex 31.6926 126.117 10
      vertex 32.0455 126.495 10
      vertex 31.6268 126.103 10
    endloop
  endfacet
  facet normal 0 0 1
    outer loop
      vertex 31.8735 127.034 10
      vertex 31.9638 126.946 10
      vertex 31.9224 126.992 10
    endloop
  endfacet
  facet normal 0 0 1
    outer loop
      vertex 32.0429 126.779 10
      vertex 31.8735 127.034 10
      vertex 31.8172 127.07 10
    endloop
  endfacet
  facet normal 0 0 1
    outer loop
      vertex 32.0455 126.495 10
      vertex 31.7534 126.137 10
      vertex 32.03 126.43 10
    endloop
  endfacet
  facet normal 0 0 1
    outer loop
      vertex 31.9463 126.27 10
      vertex 31.8601 126.192 10
      vertex 31.906 126.228 10
    endloop
  endfacet
  facet normal 0 -0 1
    outer loop
      vertex 31.8601 126.192 10
      vertex 32.0083 126.371 10
      vertex 31.8093 126.162 10
    endloop
  endfacet
  facet normal 0 0 1
    outer loop
      vertex 31.9804 126.317 10
      vertex 31.8601 126.192 10
      vertex 31.9463 126.27 10
    endloop
  endfacet
  facet normal 0 -0 1
    outer loop
      vertex 31.8093 126.162 10
      vertex 32.03 126.43 10
      vertex 31.7534 126.137 10
    endloop
  endfacet
  facet normal 0 0 1
    outer loop
      vertex 32.0083 126.371 10
      vertex 31.8601 126.192 10
      vertex 31.9804 126.317 10
    endloop
  endfacet
  facet normal 0 0 1
    outer loop
      vertex 32.03 126.43 10
      vertex 31.8093 126.162 10
      vertex 32.0083 126.371 10
    endloop
  endfacet
  facet normal 0 0 1
    outer loop
      vertex 32.0548 126.566 10
      vertex 31.6268 126.103 10
      vertex 32.0455 126.495 10
    endloop
  endfacet
  facet normal 0 -0 1
    outer loop
      vertex 31.7534 126.137 10
      vertex 32.0455 126.495 10
      vertex 31.6926 126.117 10
    endloop
  endfacet
  facet normal 0 0 1
    outer loop
      vertex 31.556 126.095 10
      vertex 31.6825 127.125 10
      vertex 31.6042 127.144 10
    endloop
  endfacet
  facet normal 0 0 1
    outer loop
      vertex 31.6825 127.125 10
      vertex 31.556 126.095 10
      vertex 31.6268 126.103 10
    endloop
  endfacet
  facet normal 0 0 1
    outer loop
      vertex 31.4802 126.092 10
      vertex 31.6042 127.144 10
      vertex 31.5187 127.158 10
    endloop
  endfacet
  facet normal 0 0 1
    outer loop
      vertex 31.6042 127.144 10
      vertex 31.4802 126.092 10
      vertex 31.556 126.095 10
    endloop
  endfacet
  facet normal 0 0 1
    outer loop
      vertex 31.3319 126.104 10
      vertex 31.5187 127.158 10
      vertex 31.4258 127.166 10
    endloop
  endfacet
  facet normal 0 0 1
    outer loop
      vertex 31.5187 127.158 10
      vertex 31.3319 126.104 10
      vertex 31.4802 126.092 10
    endloop
  endfacet
  facet normal 0 0 1
    outer loop
      vertex 30.8844 126.497 10
      vertex 31.4258 127.166 10
      vertex 31.3256 127.169 10
    endloop
  endfacet
  facet normal 0 0 1
    outer loop
      vertex 31.4258 127.166 10
      vertex 31.2032 126.137 10
      vertex 31.3319 126.104 10
    endloop
  endfacet
  facet normal 0 0 1
    outer loop
      vertex 31.4258 127.166 10
      vertex 30.8844 126.497 10
      vertex 31.2032 126.137 10
    endloop
  endfacet
  facet normal 0 0 1
    outer loop
      vertex 30.8536 126.643 10
      vertex 31.3256 127.169 10
      vertex 31.0597 127.169 10
    endloop
  endfacet
  facet normal -0 -0 1
    outer loop
      vertex 30.9347 126.373 10
      vertex 31.2032 126.137 10
      vertex 30.8844 126.497 10
    endloop
  endfacet
  facet normal 0 0 1
    outer loop
      vertex 30.1429 128.363 10
      vertex 31.0597 127.785 10
      vertex 30.9052 128.308 10
    endloop
  endfacet
  facet normal 0 0 1
    outer loop
      vertex 30.9276 128.436 10
      vertex 31.033 128.638 10
      vertex 30.9991 128.594 10
    endloop
  endfacet
  facet normal 0 0 1
    outer loop
      vertex 30.9276 128.436 10
      vertex 30.9991 128.594 10
      vertex 30.9702 128.546 10
    endloop
  endfacet
  facet normal 0 0 1
    outer loop
      vertex 30.9276 128.436 10
      vertex 30.9702 128.546 10
      vertex 30.9464 128.493 10
    endloop
  endfacet
  facet normal -0 0 1
    outer loop
      vertex 29.6659 127.796 10
      vertex 31.0597 127.785 10
      vertex 30.1429 128.363 10
    endloop
  endfacet
  facet normal 0 0 1
    outer loop
      vertex 31.033 128.638 10
      vertex 30.9276 128.436 10
      vertex 30.9139 128.374 10
    endloop
  endfacet
  facet normal 0 0 1
    outer loop
      vertex 31.033 128.638 10
      vertex 30.9139 128.374 10
      vertex 30.9052 128.308 10
    endloop
  endfacet
  facet normal 0 0 1
    outer loop
      vertex 31.3256 127.169 10
      vertex 30.8536 126.643 10
      vertex 30.8844 126.497 10
    endloop
  endfacet
  facet normal 0 0 1
    outer loop
      vertex 31.2032 126.137 10
      vertex 30.9347 126.373 10
      vertex 31.0941 126.193 10
    endloop
  endfacet
  facet normal 0 0 1
    outer loop
      vertex 31.0941 126.193 10
      vertex 30.9347 126.373 10
      vertex 31.0046 126.272 10
    endloop
  endfacet
  facet normal 0 0 1
    outer loop
      vertex 31.0597 127.785 10
      vertex 29.6659 127.796 10
      vertex 31.0597 127.169 10
    endloop
  endfacet
  facet normal 0 0 1
    outer loop
      vertex 31.0597 127.169 10
      vertex 30.0778 126.575 10
      vertex 30.8536 126.643 10
    endloop
  endfacet
  facet normal 0 0 1
    outer loop
      vertex 29.7217 127.998 10
      vertex 30.1429 128.363 10
      vertex 29.7357 128.106 10
    endloop
  endfacet
  facet normal 0 0 1
    outer loop
      vertex 29.6985 127.895 10
      vertex 30.1429 128.363 10
      vertex 29.7217 127.998 10
    endloop
  endfacet
  facet normal 0 0 1
    outer loop
      vertex 29.6659 127.796 10
      vertex 30.1429 128.363 10
      vertex 29.6985 127.895 10
    endloop
  endfacet
  facet normal 0 0 1
    outer loop
      vertex 31.0597 127.169 10
      vertex 29.6241 127.701 10
      vertex 30.0778 126.575 10
    endloop
  endfacet
  facet normal -0 0 1
    outer loop
      vertex 29.5729 127.611 10
      vertex 30.0778 126.575 10
      vertex 29.6241 127.701 10
    endloop
  endfacet
  facet normal -0 0 1
    outer loop
      vertex 29.5125 127.526 10
      vertex 30.0778 126.575 10
      vertex 29.5729 127.611 10
    endloop
  endfacet
  facet normal -0 0 1
    outer loop
      vertex 29.4441 127.447 10
      vertex 30.0778 126.575 10
      vertex 29.5125 127.526 10
    endloop
  endfacet
  facet normal -0 0 1
    outer loop
      vertex 29.3692 127.376 10
      vertex 30.0778 126.575 10
      vertex 29.4441 127.447 10
    endloop
  endfacet
  facet normal -0 0 1
    outer loop
      vertex 29.2878 127.313 10
      vertex 30.0778 126.575 10
      vertex 29.3692 127.376 10
    endloop
  endfacet
  facet normal -0 0 1
    outer loop
      vertex 29.1998 127.258 10
      vertex 30.0778 126.575 10
      vertex 29.2878 127.313 10
    endloop
  endfacet
  facet normal -0 0 1
    outer loop
      vertex 29.1053 127.211 10
      vertex 30.0778 126.575 10
      vertex 29.1998 127.258 10
    endloop
  endfacet
  facet normal -0 0 1
    outer loop
      vertex 29.0043 127.172 10
      vertex 30.0778 126.575 10
      vertex 29.1053 127.211 10
    endloop
  endfacet
  facet normal 0 0 1
    outer loop
      vertex 30.1018 126.428 10
      vertex 29.0043 127.172 10
      vertex 28.8967 127.142 10
    endloop
  endfacet
  facet normal 0 0 1
    outer loop
      vertex 30.1018 126.428 10
      vertex 28.8967 127.142 10
      vertex 29.9302 125.536 10
    endloop
  endfacet
  facet normal 0 0 1
    outer loop
      vertex 28.5096 127.636 10
      vertex 28.9312 128.111 10
      vertex 28.9347 128.186 10
    endloop
  endfacet
  facet normal 0 0 1
    outer loop
      vertex 28.5749 128.692 10
      vertex 28.9347 128.186 10
      vertex 28.9203 128.332 10
    endloop
  endfacet
  facet normal 0 0 1
    outer loop
      vertex 28.5096 127.636 10
      vertex 28.9347 128.186 10
      vertex 28.5749 128.692 10
    endloop
  endfacet
  facet normal 0 0 1
    outer loop
      vertex 28.9312 128.111 10
      vertex 28.5824 127.658 10
      vertex 28.9205 128.04 10
    endloop
  endfacet
  facet normal 0 0 1
    outer loop
      vertex 28.7044 128.636 10
      vertex 28.9203 128.332 10
      vertex 28.8771 128.456 10
    endloop
  endfacet
  facet normal 0 -0 1
    outer loop
      vertex 28.6486 127.686 10
      vertex 28.9205 128.04 10
      vertex 28.5824 127.658 10
    endloop
  endfacet
  facet normal 0 0 1
    outer loop
      vertex 28.9205 128.04 10
      vertex 28.6486 127.686 10
      vertex 28.9028 127.974 10
    endloop
  endfacet
  facet normal 0 0 1
    outer loop
      vertex 28.7044 128.636 10
      vertex 28.8771 128.456 10
      vertex 28.8052 128.557 10
    endloop
  endfacet
  facet normal 0 0 1
    outer loop
      vertex 28.9203 128.332 10
      vertex 28.7044 128.636 10
      vertex 28.5749 128.692 10
    endloop
  endfacet
  facet normal 0 0 1
    outer loop
      vertex 28.878 127.913 10
      vertex 28.6486 127.686 10
      vertex 28.8461 127.857 10
    endloop
  endfacet
  facet normal 0 0 1
    outer loop
      vertex 28.8461 127.857 10
      vertex 28.6486 127.686 10
      vertex 28.8072 127.806 10
    endloop
  endfacet
  facet normal 0 0 1
    outer loop
      vertex 28.8072 127.806 10
      vertex 28.7082 127.72 10
      vertex 28.7611 127.76 10
    endloop
  endfacet
  facet normal 0 0 1
    outer loop
      vertex 28.8072 127.806 10
      vertex 28.6486 127.686 10
      vertex 28.7082 127.72 10
    endloop
  endfacet
  facet normal 0 0 1
    outer loop
      vertex 28.9028 127.974 10
      vertex 28.6486 127.686 10
      vertex 28.878 127.913 10
    endloop
  endfacet
  facet normal 0 0 1
    outer loop
      vertex 28.9312 128.111 10
      vertex 28.5096 127.636 10
      vertex 28.5824 127.658 10
    endloop
  endfacet
  facet normal 0 0 1
    outer loop
      vertex 28.4166 128.726 10
      vertex 28.5096 127.636 10
      vertex 28.5749 128.692 10
    endloop
  endfacet
  facet normal 0 0 1
    outer loop
      vertex 28.5096 127.636 10
      vertex 28.4166 128.726 10
      vertex 28.4301 127.621 10
    endloop
  endfacet
  facet normal 0 0 1
    outer loop
      vertex 28.4166 128.726 10
      vertex 28.344 127.612 10
      vertex 28.4301 127.621 10
    endloop
  endfacet
  facet normal 0 0 1
    outer loop
      vertex 28.2295 128.737 10
      vertex 28.344 127.612 10
      vertex 28.4166 128.726 10
    endloop
  endfacet
  facet normal 0 0 1
    outer loop
      vertex 28.344 127.612 10
      vertex 28.2295 128.737 10
      vertex 28.2512 127.609 10
    endloop
  endfacet
  facet normal 0 0 1
    outer loop
      vertex 27.2041 127.609 10
      vertex 28.2295 128.737 10
      vertex 27.2041 128.737 10
    endloop
  endfacet
  facet normal 0 0 1
    outer loop
      vertex 28.2295 128.737 10
      vertex 27.2041 127.609 10
      vertex 28.2512 127.609 10
    endloop
  endfacet
  facet normal 1 -0 0
    outer loop
      vertex 107.5 125.7 10
      vertex 107.5 131.3 0
      vertex 107.5 131.3 10
    endloop
  endfacet
  facet normal 1 0 0
    outer loop
      vertex 107.5 131.3 0
      vertex 107.5 125.7 10
      vertex 107.5 125.7 0
    endloop
  endfacet
  facet normal 0 1 -0
    outer loop
      vertex 107.5 131.3 0
      vertex 92.125 131.3 10
      vertex 107.5 131.3 10
    endloop
  endfacet
  facet normal 0 1 0
    outer loop
      vertex 92.125 131.3 10
      vertex 107.5 131.3 0
      vertex 92.125 131.3 0
    endloop
  endfacet
  facet normal -1 0 0
    outer loop
      vertex 92.125 127.7 0
      vertex 92.125 131.3 10
      vertex 92.125 131.3 0
    endloop
  endfacet
  facet normal -1 -0 0
    outer loop
      vertex 92.125 131.3 10
      vertex 92.125 127.7 0
      vertex 92.125 127.7 10
    endloop
  endfacet
  facet normal 0 1 -0
    outer loop
      vertex 92.125 127.7 0
      vertex 86.875 127.7 10
      vertex 92.125 127.7 10
    endloop
  endfacet
  facet normal 0 1 0
    outer loop
      vertex 86.875 127.7 10
      vertex 92.125 127.7 0
      vertex 86.875 127.7 0
    endloop
  endfacet
  facet normal 1 -0 0
    outer loop
      vertex 86.875 127.7 10
      vertex 86.875 131.3 0
      vertex 86.875 131.3 10
    endloop
  endfacet
  facet normal 1 0 0
    outer loop
      vertex 86.875 131.3 0
      vertex 86.875 127.7 10
      vertex 86.875 127.7 0
    endloop
  endfacet
  facet normal 0 1 -0
    outer loop
      vertex 86.875 131.3 0
      vertex 50.5 131.3 10
      vertex 86.875 131.3 10
    endloop
  endfacet
  facet normal 0 1 0
    outer loop
      vertex 50.5 131.3 10
      vertex 86.875 131.3 0
      vertex 50.5 131.3 0
    endloop
  endfacet
  facet normal 1 -0 0
    outer loop
      vertex 50.5 131.3 10
      vertex 50.5 136.3 0
      vertex 50.5 136.3 10
    endloop
  endfacet
  facet normal 1 0 0
    outer loop
      vertex 50.5 136.3 0
      vertex 50.5 131.3 10
      vertex 50.5 131.3 0
    endloop
  endfacet
  facet normal 0 1 -0
    outer loop
      vertex 50.5 136.3 0
      vertex 38.5 136.3 10
      vertex 50.5 136.3 10
    endloop
  endfacet
  facet normal 0 1 0
    outer loop
      vertex 38.5 136.3 10
      vertex 50.5 136.3 0
      vertex 38.5 136.3 0
    endloop
  endfacet
  facet normal -1 0 0
    outer loop
      vertex 38.5 131.3 0
      vertex 38.5 136.3 10
      vertex 38.5 136.3 0
    endloop
  endfacet
  facet normal -1 -0 0
    outer loop
      vertex 38.5 136.3 10
      vertex 38.5 131.3 0
      vertex 38.5 131.3 10
    endloop
  endfacet
  facet normal 0 1 -0
    outer loop
      vertex 38.5 131.3 0
      vertex 9.02501 131.3 10
      vertex 38.5 131.3 10
    endloop
  endfacet
  facet normal 0 1 0
    outer loop
      vertex 9.02501 131.3 10
      vertex 38.5 131.3 0
      vertex 9.02501 131.3 0
    endloop
  endfacet
  facet normal -1 0 0
    outer loop
      vertex 9.02501 127.7 0
      vertex 9.02501 131.3 10
      vertex 9.02501 131.3 0
    endloop
  endfacet
  facet normal -1 -0 0
    outer loop
      vertex 9.02501 131.3 10
      vertex 9.02501 127.7 0
      vertex 9.02501 127.7 10
    endloop
  endfacet
  facet normal 0 1 -0
    outer loop
      vertex 9.02501 127.7 0
      vertex 3.77501 127.7 10
      vertex 9.02501 127.7 10
    endloop
  endfacet
  facet normal 0 1 0
    outer loop
      vertex 3.77501 127.7 10
      vertex 9.02501 127.7 0
      vertex 3.77501 127.7 0
    endloop
  endfacet
  facet normal 1 -0 0
    outer loop
      vertex 3.77501 127.7 10
      vertex 3.77501 131.3 0
      vertex 3.77501 131.3 10
    endloop
  endfacet
  facet normal 1 0 0
    outer loop
      vertex 3.77501 131.3 0
      vertex 3.77501 127.7 10
      vertex 3.77501 127.7 0
    endloop
  endfacet
  facet normal 0 1 -0
    outer loop
      vertex 3.77501 131.3 0
      vertex 1.5 131.3 10
      vertex 3.77501 131.3 10
    endloop
  endfacet
  facet normal 0 1 0
    outer loop
      vertex 1.5 131.3 10
      vertex 3.77501 131.3 0
      vertex 1.5 131.3 0
    endloop
  endfacet
  facet normal -1 0 0
    outer loop
      vertex 1.5 124.1 0
      vertex 1.5 131.3 10
      vertex 1.5 131.3 0
    endloop
  endfacet
  facet normal -1 -0 0
    outer loop
      vertex 1.5 131.3 10
      vertex 1.5 124.1 0
      vertex 1.5 124.1 10
    endloop
  endfacet
  facet normal 0 -1 0
    outer loop
      vertex 1.5 124.1 0
      vertex 177.5 124.1 10
      vertex 1.5 124.1 10
    endloop
  endfacet
  facet normal 0 -1 -0
    outer loop
      vertex 177.5 124.1 10
      vertex 1.5 124.1 0
      vertex 177.5 124.1 0
    endloop
  endfacet
  facet normal 1 -0 0
    outer loop
      vertex 177.5 124.1 10
      vertex 177.5 131.3 0
      vertex 177.5 131.3 10
    endloop
  endfacet
  facet normal 1 0 0
    outer loop
      vertex 177.5 131.3 0
      vertex 177.5 124.1 10
      vertex 177.5 124.1 0
    endloop
  endfacet
  facet normal 0 1 -0
    outer loop
      vertex 177.5 131.3 0
      vertex 175.225 131.3 10
      vertex 177.5 131.3 10
    endloop
  endfacet
  facet normal 0 1 0
    outer loop
      vertex 175.225 131.3 10
      vertex 177.5 131.3 0
      vertex 175.225 131.3 0
    endloop
  endfacet
  facet normal -1 0 0
    outer loop
      vertex 175.225 127.7 0
      vertex 175.225 131.3 10
      vertex 175.225 131.3 0
    endloop
  endfacet
  facet normal -1 -0 0
    outer loop
      vertex 175.225 131.3 10
      vertex 175.225 127.7 0
      vertex 175.225 127.7 10
    endloop
  endfacet
  facet normal 0 1 -0
    outer loop
      vertex 175.225 127.7 0
      vertex 169.975 127.7 10
      vertex 175.225 127.7 10
    endloop
  endfacet
  facet normal 0 1 0
    outer loop
      vertex 169.975 127.7 10
      vertex 175.225 127.7 0
      vertex 169.975 127.7 0
    endloop
  endfacet
  facet normal 1 -0 0
    outer loop
      vertex 169.975 127.7 10
      vertex 169.975 131.3 0
      vertex 169.975 131.3 10
    endloop
  endfacet
  facet normal 1 0 0
    outer loop
      vertex 169.975 131.3 0
      vertex 169.975 127.7 10
      vertex 169.975 127.7 0
    endloop
  endfacet
  facet normal 0 1 -0
    outer loop
      vertex 169.975 131.3 0
      vertex 140.5 131.3 10
      vertex 169.975 131.3 10
    endloop
  endfacet
  facet normal 0 1 0
    outer loop
      vertex 140.5 131.3 10
      vertex 169.975 131.3 0
      vertex 140.5 131.3 0
    endloop
  endfacet
  facet normal 1 -0 0
    outer loop
      vertex 140.5 131.3 10
      vertex 140.5 136.3 0
      vertex 140.5 136.3 10
    endloop
  endfacet
  facet normal 1 0 0
    outer loop
      vertex 140.5 136.3 0
      vertex 140.5 131.3 10
      vertex 140.5 131.3 0
    endloop
  endfacet
  facet normal 0 1 -0
    outer loop
      vertex 140.5 136.3 0
      vertex 128.5 136.3 10
      vertex 140.5 136.3 10
    endloop
  endfacet
  facet normal 0 1 0
    outer loop
      vertex 128.5 136.3 10
      vertex 140.5 136.3 0
      vertex 128.5 136.3 0
    endloop
  endfacet
  facet normal -1 0 0
    outer loop
      vertex 128.5 131.3 0
      vertex 128.5 136.3 10
      vertex 128.5 136.3 0
    endloop
  endfacet
  facet normal -1 -0 0
    outer loop
      vertex 128.5 136.3 10
      vertex 128.5 131.3 0
      vertex 128.5 131.3 10
    endloop
  endfacet
  facet normal 0 1 -0
    outer loop
      vertex 128.5 131.3 0
      vertex 121.5 131.3 10
      vertex 128.5 131.3 10
    endloop
  endfacet
  facet normal 0 1 0
    outer loop
      vertex 121.5 131.3 10
      vertex 128.5 131.3 0
      vertex 121.5 131.3 0
    endloop
  endfacet
  facet normal -1 0 0
    outer loop
      vertex 121.5 125.7 0
      vertex 121.5 131.3 10
      vertex 121.5 131.3 0
    endloop
  endfacet
  facet normal -1 -0 0
    outer loop
      vertex 121.5 131.3 10
      vertex 121.5 125.7 0
      vertex 121.5 125.7 10
    endloop
  endfacet
  facet normal 0 1 -0
    outer loop
      vertex 121.5 125.7 0
      vertex 107.5 125.7 10
      vertex 121.5 125.7 10
    endloop
  endfacet
  facet normal 0 1 0
    outer loop
      vertex 107.5 125.7 10
      vertex 121.5 125.7 0
      vertex 107.5 125.7 0
    endloop
  endfacet
  facet normal 0 0 1
    outer loop
      vertex 31.9658 128.368 9.4
      vertex 32.7415 128.398 9.4
      vertex 32.7346 128.53 9.4
    endloop
  endfacet
  facet normal 0 0 1
    outer loop
      vertex 32.7415 128.398 9.4
      vertex 31.9658 128.368 9.4
      vertex 32.7372 128.298 9.4
    endloop
  endfacet
  facet normal 0 0 1
    outer loop
      vertex 31.9577 128.43 9.4
      vertex 32.7346 128.53 9.4
      vertex 32.7139 128.654 9.4
    endloop
  endfacet
  facet normal -0 -0 1
    outer loop
      vertex 31.9685 128.303 9.4
      vertex 32.7372 128.298 9.4
      vertex 31.9658 128.368 9.4
    endloop
  endfacet
  facet normal 0 0 1
    outer loop
      vertex 31.9443 128.487 9.4
      vertex 32.7139 128.654 9.4
      vertex 32.6795 128.769 9.4
    endloop
  endfacet
  facet normal 0 0 1
    outer loop
      vertex 32.7372 128.298 9.4
      vertex 31.9685 128.303 9.4
      vertex 32.7243 128.204 9.4
    endloop
  endfacet
  facet normal 0 0 1
    outer loop
      vertex 32.7243 128.204 9.4
      vertex 31.9685 128.303 9.4
      vertex 32.7029 128.114 9.4
    endloop
  endfacet
  facet normal 0 0 1
    outer loop
      vertex 31.9255 128.539 9.4
      vertex 32.6795 128.769 9.4
      vertex 32.6312 128.876 9.4
    endloop
  endfacet
  facet normal -0 0 1
    outer loop
      vertex 31.9651 128.234 9.4
      vertex 32.7029 128.114 9.4
      vertex 31.9685 128.303 9.4
    endloop
  endfacet
  facet normal 0 0 1
    outer loop
      vertex 31.9255 128.539 9.4
      vertex 32.6312 128.876 9.4
      vertex 32.5692 128.974 9.4
    endloop
  endfacet
  facet normal 0 0 1
    outer loop
      vertex 32.7029 128.114 9.4
      vertex 31.9651 128.234 9.4
      vertex 32.6729 128.03 9.4
    endloop
  endfacet
  facet normal 0 0 1
    outer loop
      vertex 31.9013 128.588 9.4
      vertex 32.5692 128.974 9.4
      vertex 32.4934 129.064 9.4
    endloop
  endfacet
  facet normal 0 0 1
    outer loop
      vertex 32.6729 128.03 9.4
      vertex 31.9651 128.234 9.4
      vertex 32.6342 127.951 9.4
    endloop
  endfacet
  facet normal 0 0 1
    outer loop
      vertex 31.8718 128.633 9.4
      vertex 32.4934 129.064 9.4
      vertex 32.4038 129.145 9.4
    endloop
  endfacet
  facet normal -0 0 1
    outer loop
      vertex 31.955 128.17 9.4
      vertex 32.6342 127.951 9.4
      vertex 31.9651 128.234 9.4
    endloop
  endfacet
  facet normal 0 0 1
    outer loop
      vertex 32.6342 127.951 9.4
      vertex 31.955 128.17 9.4
      vertex 32.587 127.878 9.4
    endloop
  endfacet
  facet normal 0 0 1
    outer loop
      vertex 31.8718 128.633 9.4
      vertex 32.4038 129.145 9.4
      vertex 32.302 129.217 9.4
    endloop
  endfacet
  facet normal 0 0 1
    outer loop
      vertex 32.587 127.878 9.4
      vertex 31.955 128.17 9.4
      vertex 32.5313 127.809 9.4
    endloop
  endfacet
  facet normal 0 0 1
    outer loop
      vertex 31.8369 128.673 9.4
      vertex 32.302 129.217 9.4
      vertex 32.1895 129.277 9.4
    endloop
  endfacet
  facet normal -0 0 1
    outer loop
      vertex 31.9381 128.11 9.4
      vertex 32.5313 127.809 9.4
      vertex 31.955 128.17 9.4
    endloop
  endfacet
  facet normal 0 0 1
    outer loop
      vertex 31.7968 128.709 9.4
      vertex 32.1895 129.277 9.4
      vertex 32.0663 129.327 9.4
    endloop
  endfacet
  facet normal 0 0 1
    outer loop
      vertex 32.5313 127.809 9.4
      vertex 31.9381 128.11 9.4
      vertex 32.4674 127.747 9.4
    endloop
  endfacet
  facet normal -0 0 1
    outer loop
      vertex 31.9144 128.055 9.4
      vertex 32.396 127.69 9.4
      vertex 31.9381 128.11 9.4
    endloop
  endfacet
  facet normal 0 0 1
    outer loop
      vertex 32.4674 127.747 9.4
      vertex 31.9381 128.11 9.4
      vertex 32.396 127.69 9.4
    endloop
  endfacet
  facet normal 0 0 1
    outer loop
      vertex 32.7346 128.53 9.4
      vertex 31.9577 128.43 9.4
      vertex 31.9658 128.368 9.4
    endloop
  endfacet
  facet normal 0 0 1
    outer loop
      vertex 32.7139 128.654 9.4
      vertex 31.9443 128.487 9.4
      vertex 31.9577 128.43 9.4
    endloop
  endfacet
  facet normal 0 0 1
    outer loop
      vertex 31.7519 128.739 9.4
      vertex 32.0663 129.327 9.4
      vertex 31.9324 129.366 9.4
    endloop
  endfacet
  facet normal 0 0 1
    outer loop
      vertex 32.6795 128.769 9.4
      vertex 31.9255 128.539 9.4
      vertex 31.9443 128.487 9.4
    endloop
  endfacet
  facet normal 0 0 1
    outer loop
      vertex 32.5692 128.974 9.4
      vertex 31.9013 128.588 9.4
      vertex 31.9255 128.539 9.4
    endloop
  endfacet
  facet normal 0 0 1
    outer loop
      vertex 32.4934 129.064 9.4
      vertex 31.8718 128.633 9.4
      vertex 31.9013 128.588 9.4
    endloop
  endfacet
  facet normal 0 0 1
    outer loop
      vertex 32.302 129.217 9.4
      vertex 31.8369 128.673 9.4
      vertex 31.8718 128.633 9.4
    endloop
  endfacet
  facet normal 0 0 1
    outer loop
      vertex 32.1895 129.277 9.4
      vertex 31.7968 128.709 9.4
      vertex 31.8369 128.673 9.4
    endloop
  endfacet
  facet normal 0 0 1
    outer loop
      vertex 31.702 128.764 9.4
      vertex 31.9324 129.366 9.4
      vertex 31.7878 129.393 9.4
    endloop
  endfacet
  facet normal 0 0 1
    outer loop
      vertex 32.0663 129.327 9.4
      vertex 31.7519 128.739 9.4
      vertex 31.7968 128.709 9.4
    endloop
  endfacet
  facet normal 0 0 1
    outer loop
      vertex 31.9324 129.366 9.4
      vertex 31.702 128.764 9.4
      vertex 31.7519 128.739 9.4
    endloop
  endfacet
  facet normal 0 0 1
    outer loop
      vertex 31.7878 129.393 9.4
      vertex 31.6471 128.783 9.4
      vertex 31.702 128.764 9.4
    endloop
  endfacet
  facet normal 0 0 1
    outer loop
      vertex 31.5874 128.797 9.4
      vertex 31.7878 129.393 9.4
      vertex 31.6326 129.41 9.4
    endloop
  endfacet
  facet normal 0 0 1
    outer loop
      vertex 31.7878 129.393 9.4
      vertex 31.5874 128.797 9.4
      vertex 31.6471 128.783 9.4
    endloop
  endfacet
  facet normal 0 0 1
    outer loop
      vertex 31.6326 129.41 9.4
      vertex 31.5227 128.805 9.4
      vertex 31.5874 128.797 9.4
    endloop
  endfacet
  facet normal 0 0 1
    outer loop
      vertex 31.4666 129.415 9.4
      vertex 31.5227 128.805 9.4
      vertex 31.6326 129.41 9.4
    endloop
  endfacet
  facet normal 0 0 1
    outer loop
      vertex 31.4666 129.415 9.4
      vertex 31.4531 128.808 9.4
      vertex 31.5227 128.805 9.4
    endloop
  endfacet
  facet normal 0 0 1
    outer loop
      vertex 31.4666 129.415 9.4
      vertex 31.3875 128.805 9.4
      vertex 31.4531 128.808 9.4
    endloop
  endfacet
  facet normal -0 0 1
    outer loop
      vertex 31.3098 129.409 9.4
      vertex 31.3875 128.805 9.4
      vertex 31.4666 129.415 9.4
    endloop
  endfacet
  facet normal 0 0 1
    outer loop
      vertex 31.3875 128.805 9.4
      vertex 31.3098 129.409 9.4
      vertex 31.3256 128.797 9.4
    endloop
  endfacet
  facet normal -0 0 1
    outer loop
      vertex 31.1617 129.392 9.4
      vertex 31.3256 128.797 9.4
      vertex 31.3098 129.409 9.4
    endloop
  endfacet
  facet normal 0 0 1
    outer loop
      vertex 31.3256 128.797 9.4
      vertex 31.1617 129.392 9.4
      vertex 31.2675 128.784 9.4
    endloop
  endfacet
  facet normal -0 0 1
    outer loop
      vertex 31.0224 129.364 9.4
      vertex 31.2675 128.784 9.4
      vertex 31.1617 129.392 9.4
    endloop
  endfacet
  facet normal 0 0 1
    outer loop
      vertex 31.2675 128.784 9.4
      vertex 31.0224 129.364 9.4
      vertex 31.213 128.765 9.4
    endloop
  endfacet
  facet normal 0 0 1
    outer loop
      vertex 31.213 128.765 9.4
      vertex 31.0224 129.364 9.4
      vertex 31.1623 128.741 9.4
    endloop
  endfacet
  facet normal -0 0 1
    outer loop
      vertex 30.8918 129.324 9.4
      vertex 31.1623 128.741 9.4
      vertex 31.0224 129.364 9.4
    endloop
  endfacet
  facet normal 0 0 1
    outer loop
      vertex 31.1623 128.741 9.4
      vertex 30.8918 129.324 9.4
      vertex 31.1153 128.712 9.4
    endloop
  endfacet
  facet normal -0 0 1
    outer loop
      vertex 30.7699 129.273 9.4
      vertex 31.1153 128.712 9.4
      vertex 30.8918 129.324 9.4
    endloop
  endfacet
  facet normal 0 0 1
    outer loop
      vertex 31.1153 128.712 9.4
      vertex 30.7699 129.273 9.4
      vertex 31.0719 128.677 9.4
    endloop
  endfacet
  facet normal -0 0 1
    outer loop
      vertex 30.6569 129.21 9.4
      vertex 31.0719 128.677 9.4
      vertex 30.7699 129.273 9.4
    endloop
  endfacet
  facet normal 0 0 1
    outer loop
      vertex 31.0719 128.677 9.4
      vertex 30.6569 129.21 9.4
      vertex 31.033 128.638 9.4
    endloop
  endfacet
  facet normal -0 0 1
    outer loop
      vertex 30.5525 129.136 9.4
      vertex 31.033 128.638 9.4
      vertex 30.6569 129.21 9.4
    endloop
  endfacet
  facet normal 0 0 1
    outer loop
      vertex 31.033 128.638 9.4
      vertex 30.5525 129.136 9.4
      vertex 30.9991 128.594 9.4
    endloop
  endfacet
  facet normal -0 0 1
    outer loop
      vertex 30.4585 129.052 9.4
      vertex 30.9991 128.594 9.4
      vertex 30.5525 129.136 9.4
    endloop
  endfacet
  facet normal -0 0 1
    outer loop
      vertex 30.3763 128.959 9.4
      vertex 30.9991 128.594 9.4
      vertex 30.4585 129.052 9.4
    endloop
  endfacet
  facet normal 0 0 1
    outer loop
      vertex 30.9991 128.594 9.4
      vertex 30.3763 128.959 9.4
      vertex 30.9702 128.546 9.4
    endloop
  endfacet
  facet normal -0 0 1
    outer loop
      vertex 30.3059 128.857 9.4
      vertex 30.9702 128.546 9.4
      vertex 30.3763 128.959 9.4
    endloop
  endfacet
  facet normal 0 0 1
    outer loop
      vertex 30.9702 128.546 9.4
      vertex 30.3059 128.857 9.4
      vertex 30.9464 128.493 9.4
    endloop
  endfacet
  facet normal -0 0 1
    outer loop
      vertex 30.2474 128.746 9.4
      vertex 30.9464 128.493 9.4
      vertex 30.3059 128.857 9.4
    endloop
  endfacet
  facet normal 0 0 1
    outer loop
      vertex 30.9464 128.493 9.4
      vertex 30.2474 128.746 9.4
      vertex 30.9276 128.436 9.4
    endloop
  endfacet
  facet normal -0 0 1
    outer loop
      vertex 30.2007 128.627 9.4
      vertex 30.9276 128.436 9.4
      vertex 30.2474 128.746 9.4
    endloop
  endfacet
  facet normal 0 0 1
    outer loop
      vertex 30.9276 128.436 9.4
      vertex 30.2007 128.627 9.4
      vertex 30.9139 128.374 9.4
    endloop
  endfacet
  facet normal -0 0 1
    outer loop
      vertex 30.1659 128.499 9.4
      vertex 30.9139 128.374 9.4
      vertex 30.2007 128.627 9.4
    endloop
  endfacet
  facet normal 0 0 1
    outer loop
      vertex 30.9139 128.374 9.4
      vertex 30.1659 128.499 9.4
      vertex 30.9052 128.308 9.4
    endloop
  endfacet
  facet normal 0 0 1
    outer loop
      vertex 30.9052 128.308 9.4
      vertex 30.1659 128.499 9.4
      vertex 30.1429 128.363 9.4
    endloop
  endfacet
  facet normal 0 0 1
    outer loop
      vertex 32.396 127.69 9.4
      vertex 31.9144 128.055 9.4
      vertex 32.317 127.64 9.4
    endloop
  endfacet
  facet normal -0 0 1
    outer loop
      vertex 31.884 128.005 9.4
      vertex 32.317 127.64 9.4
      vertex 31.9144 128.055 9.4
    endloop
  endfacet
  facet normal 0 0 1
    outer loop
      vertex 32.317 127.64 9.4
      vertex 31.884 128.005 9.4
      vertex 32.2304 127.596 9.4
    endloop
  endfacet
  facet normal 0 0 1
    outer loop
      vertex 32.2304 127.596 9.4
      vertex 31.884 128.005 9.4
      vertex 32.1362 127.559 9.4
    endloop
  endfacet
  facet normal 0 0 1
    outer loop
      vertex 31.5607 127.81 9.4
      vertex 31.9251 127.492 9.4
      vertex 31.9251 127.503 9.4
    endloop
  endfacet
  facet normal -0 0 1
    outer loop
      vertex 31.8469 127.96 9.4
      vertex 32.1362 127.559 9.4
      vertex 31.884 128.005 9.4
    endloop
  endfacet
  facet normal 0 0 1
    outer loop
      vertex 32.1362 127.559 9.4
      vertex 31.8469 127.96 9.4
      vertex 32.0344 127.528 9.4
    endloop
  endfacet
  facet normal -0 0 1
    outer loop
      vertex 31.803 127.919 9.4
      vertex 32.0344 127.528 9.4
      vertex 31.8469 127.96 9.4
    endloop
  endfacet
  facet normal 0 0 1
    outer loop
      vertex 32.0344 127.528 9.4
      vertex 31.803 127.919 9.4
      vertex 31.9251 127.503 9.4
    endloop
  endfacet
  facet normal 0 0 1
    outer loop
      vertex 31.9251 127.492 9.4
      vertex 31.8735 127.034 9.4
      vertex 31.9224 126.992 9.4
    endloop
  endfacet
  facet normal -0 0 1
    outer loop
      vertex 31.7524 127.884 9.4
      vertex 31.9251 127.503 9.4
      vertex 31.803 127.919 9.4
    endloop
  endfacet
  facet normal 0 0 1
    outer loop
      vertex 31.9251 127.492 9.4
      vertex 31.8172 127.07 9.4
      vertex 31.8735 127.034 9.4
    endloop
  endfacet
  facet normal -0 0 1
    outer loop
      vertex 31.6951 127.853 9.4
      vertex 31.9251 127.503 9.4
      vertex 31.7524 127.884 9.4
    endloop
  endfacet
  facet normal 0 0 1
    outer loop
      vertex 31.9251 127.492 9.4
      vertex 31.7535 127.1 9.4
      vertex 31.8172 127.07 9.4
    endloop
  endfacet
  facet normal -0 0 1
    outer loop
      vertex 31.6313 127.829 9.4
      vertex 31.9251 127.503 9.4
      vertex 31.6951 127.853 9.4
    endloop
  endfacet
  facet normal 0 0 1
    outer loop
      vertex 31.9251 127.492 9.4
      vertex 31.6825 127.125 9.4
      vertex 31.7535 127.1 9.4
    endloop
  endfacet
  facet normal -0 0 1
    outer loop
      vertex 31.5607 127.81 9.4
      vertex 31.9251 127.503 9.4
      vertex 31.6313 127.829 9.4
    endloop
  endfacet
  facet normal 0 0 1
    outer loop
      vertex 31.9251 127.492 9.4
      vertex 31.6042 127.144 9.4
      vertex 31.6825 127.125 9.4
    endloop
  endfacet
  facet normal 0 0 1
    outer loop
      vertex 31.9251 127.492 9.4
      vertex 31.5607 127.81 9.4
      vertex 31.5187 127.158 9.4
    endloop
  endfacet
  facet normal 0 0 1
    outer loop
      vertex 31.9251 127.492 9.4
      vertex 31.5187 127.158 9.4
      vertex 31.6042 127.144 9.4
    endloop
  endfacet
  facet normal -0 0 1
    outer loop
      vertex 31.4836 127.796 9.4
      vertex 31.5187 127.158 9.4
      vertex 31.5607 127.81 9.4
    endloop
  endfacet
  facet normal 0 0 1
    outer loop
      vertex 31.4836 127.796 9.4
      vertex 31.4258 127.166 9.4
      vertex 31.5187 127.158 9.4
    endloop
  endfacet
  facet normal -0 0 1
    outer loop
      vertex 31.3997 127.788 9.4
      vertex 31.4258 127.166 9.4
      vertex 31.4836 127.796 9.4
    endloop
  endfacet
  facet normal 0 0 1
    outer loop
      vertex 31.3997 127.788 9.4
      vertex 31.3256 127.169 9.4
      vertex 31.4258 127.166 9.4
    endloop
  endfacet
  facet normal -0 0 1
    outer loop
      vertex 31.3093 127.785 9.4
      vertex 31.3256 127.169 9.4
      vertex 31.3997 127.788 9.4
    endloop
  endfacet
  facet normal 0 0 1
    outer loop
      vertex 31.0597 127.169 9.4
      vertex 31.3093 127.785 9.4
      vertex 31.0597 127.785 9.4
    endloop
  endfacet
  facet normal 0 0 1
    outer loop
      vertex 31.3093 127.785 9.4
      vertex 31.0597 127.169 9.4
      vertex 31.3256 127.169 9.4
    endloop
  endfacet
  facet normal -0 0 1
    outer loop
      vertex 32.0579 126.643 9.4
      vertex 32.8391 126.597 9.4
      vertex 32.8343 126.7 9.4
    endloop
  endfacet
  facet normal 0 0 1
    outer loop
      vertex 32.0579 126.643 9.4
      vertex 32.8343 126.7 9.4
      vertex 32.8198 126.797 9.4
    endloop
  endfacet
  facet normal 0 0 1
    outer loop
      vertex 32.8391 126.597 9.4
      vertex 32.0579 126.643 9.4
      vertex 32.0548 126.566 9.4
    endloop
  endfacet
  facet normal 0 0 1
    outer loop
      vertex 32.0542 126.713 9.4
      vertex 32.8198 126.797 9.4
      vertex 32.7955 126.889 9.4
    endloop
  endfacet
  facet normal -0 0 1
    outer loop
      vertex 32.0455 126.495 9.4
      vertex 32.8319 126.448 9.4
      vertex 32.0548 126.566 9.4
    endloop
  endfacet
  facet normal 0 0 1
    outer loop
      vertex 32.0542 126.713 9.4
      vertex 32.7955 126.889 9.4
      vertex 32.7616 126.975 9.4
    endloop
  endfacet
  facet normal 0 0 1
    outer loop
      vertex 32.8319 126.448 9.4
      vertex 32.0455 126.495 9.4
      vertex 32.8104 126.31 9.4
    endloop
  endfacet
  facet normal 0 0 1
    outer loop
      vertex 32.0429 126.779 9.4
      vertex 32.7616 126.975 9.4
      vertex 32.718 127.057 9.4
    endloop
  endfacet
  facet normal 0 0 1
    outer loop
      vertex 32.0429 126.779 9.4
      vertex 32.718 127.057 9.4
      vertex 32.6648 127.133 9.4
    endloop
  endfacet
  facet normal 0 0 1
    outer loop
      vertex 32.8391 126.597 9.4
      vertex 32.0548 126.566 9.4
      vertex 32.8319 126.448 9.4
    endloop
  endfacet
  facet normal 0 0 1
    outer loop
      vertex 32.0241 126.84 9.4
      vertex 32.6648 127.133 9.4
      vertex 32.6018 127.203 9.4
    endloop
  endfacet
  facet normal 0 0 1
    outer loop
      vertex 32.8104 126.31 9.4
      vertex 32.03 126.43 9.4
      vertex 32.7744 126.181 9.4
    endloop
  endfacet
  facet normal 0 0 1
    outer loop
      vertex 32.0241 126.84 9.4
      vertex 32.6018 127.203 9.4
      vertex 32.5299 127.267 9.4
    endloop
  endfacet
  facet normal 0 0 1
    outer loop
      vertex 32.7744 126.181 9.4
      vertex 32.03 126.43 9.4
      vertex 32.724 126.063 9.4
    endloop
  endfacet
  facet normal 0 0 1
    outer loop
      vertex 31.9977 126.895 9.4
      vertex 32.5299 127.267 9.4
      vertex 32.4497 127.324 9.4
    endloop
  endfacet
  facet normal -0 0 1
    outer loop
      vertex 32.0083 126.371 9.4
      vertex 32.724 126.063 9.4
      vertex 32.03 126.43 9.4
    endloop
  endfacet
  facet normal 0 0 1
    outer loop
      vertex 31.9977 126.895 9.4
      vertex 32.4497 127.324 9.4
      vertex 32.3613 127.372 9.4
    endloop
  endfacet
  facet normal 0 0 1
    outer loop
      vertex 31.9638 126.946 9.4
      vertex 32.3613 127.372 9.4
      vertex 32.2646 127.414 9.4
    endloop
  endfacet
  facet normal -0 0 1
    outer loop
      vertex 32.03 126.43 9.4
      vertex 32.8104 126.31 9.4
      vertex 32.0455 126.495 9.4
    endloop
  endfacet
  facet normal 0 0 1
    outer loop
      vertex 31.9224 126.992 9.4
      vertex 32.2646 127.414 9.4
      vertex 32.1597 127.447 9.4
    endloop
  endfacet
  facet normal 0 0 1
    outer loop
      vertex 32.724 126.063 9.4
      vertex 32.0083 126.371 9.4
      vertex 32.6592 125.954 9.4
    endloop
  endfacet
  facet normal -0 0 1
    outer loop
      vertex 31.9804 126.317 9.4
      vertex 32.6592 125.954 9.4
      vertex 32.0083 126.371 9.4
    endloop
  endfacet
  facet normal 0 0 1
    outer loop
      vertex 32.8198 126.797 9.4
      vertex 32.0542 126.713 9.4
      vertex 32.0579 126.643 9.4
    endloop
  endfacet
  facet normal 0 0 1
    outer loop
      vertex 31.9224 126.992 9.4
      vertex 32.1597 127.447 9.4
      vertex 32.0465 127.473 9.4
    endloop
  endfacet
  facet normal 0 0 1
    outer loop
      vertex 32.7616 126.975 9.4
      vertex 32.0429 126.779 9.4
      vertex 32.0542 126.713 9.4
    endloop
  endfacet
  facet normal 0 0 1
    outer loop
      vertex 32.6648 127.133 9.4
      vertex 32.0241 126.84 9.4
      vertex 32.0429 126.779 9.4
    endloop
  endfacet
  facet normal 0 0 1
    outer loop
      vertex 32.5299 127.267 9.4
      vertex 31.9977 126.895 9.4
      vertex 32.0241 126.84 9.4
    endloop
  endfacet
  facet normal 0 0 1
    outer loop
      vertex 32.3613 127.372 9.4
      vertex 31.9638 126.946 9.4
      vertex 31.9977 126.895 9.4
    endloop
  endfacet
  facet normal 0 0 1
    outer loop
      vertex 31.9224 126.992 9.4
      vertex 32.0465 127.473 9.4
      vertex 31.9251 127.492 9.4
    endloop
  endfacet
  facet normal 0 0 1
    outer loop
      vertex 32.2646 127.414 9.4
      vertex 31.9224 126.992 9.4
      vertex 31.9638 126.946 9.4
    endloop
  endfacet
  facet normal 0 0 1
    outer loop
      vertex 32.6592 125.954 9.4
      vertex 31.9804 126.317 9.4
      vertex 32.5801 125.856 9.4
    endloop
  endfacet
  facet normal 0 0 1
    outer loop
      vertex 32.5801 125.856 9.4
      vertex 31.9804 126.317 9.4
      vertex 32.4865 125.767 9.4
    endloop
  endfacet
  facet normal -0 0 1
    outer loop
      vertex 31.9463 126.27 9.4
      vertex 32.4865 125.767 9.4
      vertex 31.9804 126.317 9.4
    endloop
  endfacet
  facet normal 0 0 1
    outer loop
      vertex 32.4865 125.767 9.4
      vertex 31.9463 126.27 9.4
      vertex 32.3797 125.689 9.4
    endloop
  endfacet
  facet normal -0 0 1
    outer loop
      vertex 31.906 126.228 9.4
      vertex 32.3797 125.689 9.4
      vertex 31.9463 126.27 9.4
    endloop
  endfacet
  facet normal 0 0 1
    outer loop
      vertex 32.3797 125.689 9.4
      vertex 31.906 126.228 9.4
      vertex 32.2607 125.623 9.4
    endloop
  endfacet
  facet normal -0 0 1
    outer loop
      vertex 31.8601 126.192 9.4
      vertex 32.2607 125.623 9.4
      vertex 31.906 126.228 9.4
    endloop
  endfacet
  facet normal 0 0 1
    outer loop
      vertex 32.2607 125.623 9.4
      vertex 31.8601 126.192 9.4
      vertex 32.1295 125.57 9.4
    endloop
  endfacet
  facet normal -0 0 1
    outer loop
      vertex 31.8093 126.162 9.4
      vertex 32.1295 125.57 9.4
      vertex 31.8601 126.192 9.4
    endloop
  endfacet
  facet normal 0 0 1
    outer loop
      vertex 32.1295 125.57 9.4
      vertex 31.8093 126.162 9.4
      vertex 31.9861 125.528 9.4
    endloop
  endfacet
  facet normal -0 0 1
    outer loop
      vertex 31.7534 126.137 9.4
      vertex 31.9861 125.528 9.4
      vertex 31.8093 126.162 9.4
    endloop
  endfacet
  facet normal 0 0 1
    outer loop
      vertex 31.9861 125.528 9.4
      vertex 31.7534 126.137 9.4
      vertex 31.8306 125.498 9.4
    endloop
  endfacet
  facet normal -0 0 1
    outer loop
      vertex 31.6926 126.117 9.4
      vertex 31.8306 125.498 9.4
      vertex 31.7534 126.137 9.4
    endloop
  endfacet
  facet normal -0 0 1
    outer loop
      vertex 31.6268 126.103 9.4
      vertex 31.8306 125.498 9.4
      vertex 31.6926 126.117 9.4
    endloop
  endfacet
  facet normal 0 0 1
    outer loop
      vertex 31.8306 125.498 9.4
      vertex 31.6268 126.103 9.4
      vertex 31.6628 125.48 9.4
    endloop
  endfacet
  facet normal -0 0 1
    outer loop
      vertex 31.556 126.095 9.4
      vertex 31.6628 125.48 9.4
      vertex 31.6268 126.103 9.4
    endloop
  endfacet
  facet normal 0 0 1
    outer loop
      vertex 31.556 126.095 9.4
      vertex 31.4829 125.474 9.4
      vertex 31.6628 125.48 9.4
    endloop
  endfacet
  facet normal -0 0 1
    outer loop
      vertex 31.4802 126.092 9.4
      vertex 31.4829 125.474 9.4
      vertex 31.556 126.095 9.4
    endloop
  endfacet
  facet normal 0 0 1
    outer loop
      vertex 31.3121 125.48 9.4
      vertex 31.4802 126.092 9.4
      vertex 31.3319 126.104 9.4
    endloop
  endfacet
  facet normal 0 0 1
    outer loop
      vertex 31.4802 126.092 9.4
      vertex 31.3121 125.48 9.4
      vertex 31.4829 125.474 9.4
    endloop
  endfacet
  facet normal 0 0 1
    outer loop
      vertex 31.1517 125.497 9.4
      vertex 31.3319 126.104 9.4
      vertex 31.2032 126.137 9.4
    endloop
  endfacet
  facet normal 0 0 1
    outer loop
      vertex 31.3319 126.104 9.4
      vertex 31.1517 125.497 9.4
      vertex 31.3121 125.48 9.4
    endloop
  endfacet
  facet normal 0 0 1
    outer loop
      vertex 30.8616 125.566 9.4
      vertex 31.2032 126.137 9.4
      vertex 31.0941 126.193 9.4
    endloop
  endfacet
  facet normal 0 0 1
    outer loop
      vertex 30.6127 125.682 9.4
      vertex 31.0941 126.193 9.4
      vertex 31.0046 126.272 9.4
    endloop
  endfacet
  facet normal 0 0 1
    outer loop
      vertex 31.2032 126.137 9.4
      vertex 31.0015 125.526 9.4
      vertex 31.1517 125.497 9.4
    endloop
  endfacet
  facet normal 0 0 1
    outer loop
      vertex 30.406 125.843 9.4
      vertex 31.0046 126.272 9.4
      vertex 30.9347 126.373 9.4
    endloop
  endfacet
  facet normal 0 0 1
    outer loop
      vertex 30.1866 126.163 9.4
      vertex 30.9347 126.373 9.4
      vertex 30.8844 126.497 9.4
    endloop
  endfacet
  facet normal 0 0 1
    outer loop
      vertex 31.2032 126.137 9.4
      vertex 30.8616 125.566 9.4
      vertex 31.0015 125.526 9.4
    endloop
  endfacet
  facet normal 0 0 1
    outer loop
      vertex 30.1018 126.428 9.4
      vertex 30.8844 126.497 9.4
      vertex 30.8536 126.643 9.4
    endloop
  endfacet
  facet normal 0 0 1
    outer loop
      vertex 31.0941 126.193 9.4
      vertex 30.732 125.618 9.4
      vertex 30.8616 125.566 9.4
    endloop
  endfacet
  facet normal 0 0 1
    outer loop
      vertex 31.0941 126.193 9.4
      vertex 30.6127 125.682 9.4
      vertex 30.732 125.618 9.4
    endloop
  endfacet
  facet normal 0 0 1
    outer loop
      vertex 31.0046 126.272 9.4
      vertex 30.5037 125.757 9.4
      vertex 30.6127 125.682 9.4
    endloop
  endfacet
  facet normal 0 0 1
    outer loop
      vertex 31.0046 126.272 9.4
      vertex 30.406 125.843 9.4
      vertex 30.5037 125.757 9.4
    endloop
  endfacet
  facet normal 0 0 1
    outer loop
      vertex 30.9347 126.373 9.4
      vertex 30.3206 125.94 9.4
      vertex 30.406 125.843 9.4
    endloop
  endfacet
  facet normal 0 0 1
    outer loop
      vertex 30.9347 126.373 9.4
      vertex 30.2475 126.046 9.4
      vertex 30.3206 125.94 9.4
    endloop
  endfacet
  facet normal 0 0 1
    outer loop
      vertex 30.9347 126.373 9.4
      vertex 30.1866 126.163 9.4
      vertex 30.2475 126.046 9.4
    endloop
  endfacet
  facet normal 0 0 1
    outer loop
      vertex 30.8844 126.497 9.4
      vertex 30.1381 126.29 9.4
      vertex 30.1866 126.163 9.4
    endloop
  endfacet
  facet normal 0 0 1
    outer loop
      vertex 30.8844 126.497 9.4
      vertex 30.1018 126.428 9.4
      vertex 30.1381 126.29 9.4
    endloop
  endfacet
  facet normal 0 -0 1
    outer loop
      vertex 30.1018 126.428 9.4
      vertex 30.8536 126.643 9.4
      vertex 30.0778 126.575 9.4
    endloop
  endfacet
  facet normal 0 0 1
    outer loop
      vertex 29.7328 128.371 9.4
      vertex 28.9203 128.332 9.4
      vertex 28.9347 128.186 9.4
    endloop
  endfacet
  facet normal 0 0 1
    outer loop
      vertex 29.1309 129.208 9.4
      vertex 28.8771 128.456 9.4
      vertex 28.9203 128.332 9.4
    endloop
  endfacet
  facet normal 0 0 1
    outer loop
      vertex 28.7044 128.636 9.4
      vertex 28.9929 129.262 9.4
      vertex 28.8422 129.304 9.4
    endloop
  endfacet
  facet normal 0 0 1
    outer loop
      vertex 29.1309 129.208 9.4
      vertex 28.8052 128.557 9.4
      vertex 28.8771 128.456 9.4
    endloop
  endfacet
  facet normal 0 0 1
    outer loop
      vertex 29.1309 129.208 9.4
      vertex 28.7044 128.636 9.4
      vertex 28.8052 128.557 9.4
    endloop
  endfacet
  facet normal 0 0 1
    outer loop
      vertex 28.5749 128.692 9.4
      vertex 28.8422 129.304 9.4
      vertex 28.6787 129.334 9.4
    endloop
  endfacet
  facet normal 0 0 1
    outer loop
      vertex 28.8422 129.304 9.4
      vertex 28.5749 128.692 9.4
      vertex 28.7044 128.636 9.4
    endloop
  endfacet
  facet normal 0 0 1
    outer loop
      vertex 28.4166 128.726 9.4
      vertex 28.6787 129.334 9.4
      vertex 28.5025 129.352 9.4
    endloop
  endfacet
  facet normal 0 0 1
    outer loop
      vertex 28.6787 129.334 9.4
      vertex 28.4166 128.726 9.4
      vertex 28.5749 128.692 9.4
    endloop
  endfacet
  facet normal 0 0 1
    outer loop
      vertex 28.3136 129.358 9.4
      vertex 28.4166 128.726 9.4
      vertex 28.5025 129.352 9.4
    endloop
  endfacet
  facet normal 0 0 1
    outer loop
      vertex 28.3136 129.358 9.4
      vertex 28.2295 128.737 9.4
      vertex 28.4166 128.726 9.4
    endloop
  endfacet
  facet normal 0 0 1
    outer loop
      vertex 28.3136 129.358 9.4
      vertex 27.2041 128.737 9.4
      vertex 28.2295 128.737 9.4
    endloop
  endfacet
  facet normal 0 0 1
    outer loop
      vertex 26.4039 129.358 9.4
      vertex 27.2041 127.609 9.4
      vertex 27.2041 128.737 9.4
    endloop
  endfacet
  facet normal 0 0 1
    outer loop
      vertex 26.4039 125.536 9.4
      vertex 27.2041 127.609 9.4
      vertex 26.4039 129.358 9.4
    endloop
  endfacet
  facet normal -0 0 1
    outer loop
      vertex 26.4039 129.358 9.4
      vertex 27.2041 128.737 9.4
      vertex 28.3136 129.358 9.4
    endloop
  endfacet
  facet normal 0 0 1
    outer loop
      vertex 27.2041 127.609 9.4
      vertex 26.4039 125.536 9.4
      vertex 27.2041 126.987 9.4
    endloop
  endfacet
  facet normal 0 0 1
    outer loop
      vertex 27.2041 126.987 9.4
      vertex 26.4039 125.536 9.4
      vertex 27.2041 125.536 9.4
    endloop
  endfacet
  facet normal 0 0 1
    outer loop
      vertex 28.9347 128.186 9.4
      vertex 29.7403 128.219 9.4
      vertex 29.7328 128.371 9.4
    endloop
  endfacet
  facet normal 0 0 1
    outer loop
      vertex 29.7403 128.219 9.4
      vertex 28.9347 128.186 9.4
      vertex 29.7357 128.106 9.4
    endloop
  endfacet
  facet normal 0 0 1
    outer loop
      vertex 28.9203 128.332 9.4
      vertex 29.7328 128.371 9.4
      vertex 29.71 128.513 9.4
    endloop
  endfacet
  facet normal -0 0 1
    outer loop
      vertex 28.9312 128.111 9.4
      vertex 29.7357 128.106 9.4
      vertex 28.9347 128.186 9.4
    endloop
  endfacet
  facet normal 0 0 1
    outer loop
      vertex 28.9203 128.332 9.4
      vertex 29.71 128.513 9.4
      vertex 29.6721 128.644 9.4
    endloop
  endfacet
  facet normal 0 0 1
    outer loop
      vertex 29.7357 128.106 9.4
      vertex 28.9312 128.111 9.4
      vertex 29.7217 127.998 9.4
    endloop
  endfacet
  facet normal 0 0 1
    outer loop
      vertex 29.7217 127.998 9.4
      vertex 28.9312 128.111 9.4
      vertex 29.6985 127.895 9.4
    endloop
  endfacet
  facet normal 0 0 1
    outer loop
      vertex 28.9203 128.332 9.4
      vertex 29.6721 128.644 9.4
      vertex 29.619 128.765 9.4
    endloop
  endfacet
  facet normal -0 0 1
    outer loop
      vertex 28.9205 128.04 9.4
      vertex 29.6985 127.895 9.4
      vertex 28.9312 128.111 9.4
    endloop
  endfacet
  facet normal 0 0 1
    outer loop
      vertex 28.9203 128.332 9.4
      vertex 29.619 128.765 9.4
      vertex 29.5507 128.875 9.4
    endloop
  endfacet
  facet normal 0 0 1
    outer loop
      vertex 29.6985 127.895 9.4
      vertex 28.9205 128.04 9.4
      vertex 29.6659 127.796 9.4
    endloop
  endfacet
  facet normal 0 0 1
    outer loop
      vertex 28.9203 128.332 9.4
      vertex 29.5507 128.875 9.4
      vertex 29.4673 128.975 9.4
    endloop
  endfacet
  facet normal 0 0 1
    outer loop
      vertex 29.6659 127.796 9.4
      vertex 28.9205 128.04 9.4
      vertex 29.6241 127.701 9.4
    endloop
  endfacet
  facet normal -0 0 1
    outer loop
      vertex 28.9028 127.974 9.4
      vertex 29.6241 127.701 9.4
      vertex 28.9205 128.04 9.4
    endloop
  endfacet
  facet normal 0 0 1
    outer loop
      vertex 28.9203 128.332 9.4
      vertex 29.4673 128.975 9.4
      vertex 29.3687 129.064 9.4
    endloop
  endfacet
  facet normal 0 0 1
    outer loop
      vertex 29.6241 127.701 9.4
      vertex 28.9028 127.974 9.4
      vertex 29.5729 127.611 9.4
    endloop
  endfacet
  facet normal 0 0 1
    outer loop
      vertex 28.9203 128.332 9.4
      vertex 29.3687 129.064 9.4
      vertex 29.2562 129.142 9.4
    endloop
  endfacet
  facet normal -0 0 1
    outer loop
      vertex 28.878 127.913 9.4
      vertex 29.5729 127.611 9.4
      vertex 28.9028 127.974 9.4
    endloop
  endfacet
  facet normal 0 0 1
    outer loop
      vertex 28.9203 128.332 9.4
      vertex 29.2562 129.142 9.4
      vertex 29.1309 129.208 9.4
    endloop
  endfacet
  facet normal 0 0 1
    outer loop
      vertex 29.5729 127.611 9.4
      vertex 28.878 127.913 9.4
      vertex 29.5125 127.526 9.4
    endloop
  endfacet
  facet normal 0 0 1
    outer loop
      vertex 29.5125 127.526 9.4
      vertex 28.878 127.913 9.4
      vertex 29.4441 127.447 9.4
    endloop
  endfacet
  facet normal 0 0 1
    outer loop
      vertex 28.7044 128.636 9.4
      vertex 29.1309 129.208 9.4
      vertex 28.9929 129.262 9.4
    endloop
  endfacet
  facet normal -0 0 1
    outer loop
      vertex 28.8461 127.857 9.4
      vertex 29.4441 127.447 9.4
      vertex 28.878 127.913 9.4
    endloop
  endfacet
  facet normal 0 0 1
    outer loop
      vertex 29.4441 127.447 9.4
      vertex 28.8461 127.857 9.4
      vertex 29.3692 127.376 9.4
    endloop
  endfacet
  facet normal 0 0 1
    outer loop
      vertex 29.3692 127.376 9.4
      vertex 28.8461 127.857 9.4
      vertex 29.2878 127.313 9.4
    endloop
  endfacet
  facet normal -0 0 1
    outer loop
      vertex 28.8072 127.806 9.4
      vertex 29.2878 127.313 9.4
      vertex 28.8461 127.857 9.4
    endloop
  endfacet
  facet normal 0 0 1
    outer loop
      vertex 29.2878 127.313 9.4
      vertex 28.8072 127.806 9.4
      vertex 29.1998 127.258 9.4
    endloop
  endfacet
  facet normal -0 0 1
    outer loop
      vertex 28.7611 127.76 9.4
      vertex 29.1998 127.258 9.4
      vertex 28.8072 127.806 9.4
    endloop
  endfacet
  facet normal 0 0 1
    outer loop
      vertex 28.8967 127.142 9.4
      vertex 29.0297 125.536 9.4
      vertex 29.9302 125.536 9.4
    endloop
  endfacet
  facet normal 0 0 1
    outer loop
      vertex 29.1998 127.258 9.4
      vertex 28.7611 127.76 9.4
      vertex 29.1053 127.211 9.4
    endloop
  endfacet
  facet normal 0 0 1
    outer loop
      vertex 29.1053 127.211 9.4
      vertex 28.7611 127.76 9.4
      vertex 29.0043 127.172 9.4
    endloop
  endfacet
  facet normal -0 0 1
    outer loop
      vertex 28.7082 127.72 9.4
      vertex 29.0043 127.172 9.4
      vertex 28.7611 127.76 9.4
    endloop
  endfacet
  facet normal 0 0 1
    outer loop
      vertex 29.0043 127.172 9.4
      vertex 28.7082 127.72 9.4
      vertex 28.8967 127.142 9.4
    endloop
  endfacet
  facet normal -0 0 1
    outer loop
      vertex 28.6486 127.686 9.4
      vertex 28.8967 127.142 9.4
      vertex 28.7082 127.72 9.4
    endloop
  endfacet
  facet normal -0 0 1
    outer loop
      vertex 28.5824 127.658 9.4
      vertex 28.8967 127.142 9.4
      vertex 28.6486 127.686 9.4
    endloop
  endfacet
  facet normal -0 0 1
    outer loop
      vertex 28.5096 127.636 9.4
      vertex 28.8967 127.142 9.4
      vertex 28.5824 127.658 9.4
    endloop
  endfacet
  facet normal -0 0 1
    outer loop
      vertex 28.4301 127.621 9.4
      vertex 28.8967 127.142 9.4
      vertex 28.5096 127.636 9.4
    endloop
  endfacet
  facet normal 0 0 1
    outer loop
      vertex 28.8967 127.142 9.4
      vertex 28.4301 127.621 9.4
      vertex 28.1427 126.987 9.4
    endloop
  endfacet
  facet normal 0 0 1
    outer loop
      vertex 28.1427 126.987 9.4
      vertex 28.4301 127.621 9.4
      vertex 28.344 127.612 9.4
    endloop
  endfacet
  facet normal 0 0 1
    outer loop
      vertex 28.1427 126.987 9.4
      vertex 28.344 127.612 9.4
      vertex 28.2512 127.609 9.4
    endloop
  endfacet
  facet normal 0 0 1
    outer loop
      vertex 28.8967 127.142 9.4
      vertex 28.1427 126.987 9.4
      vertex 29.0297 125.536 9.4
    endloop
  endfacet
  facet normal -0 0 1
    outer loop
      vertex 27.2041 127.609 9.4
      vertex 28.1427 126.987 9.4
      vertex 28.2512 127.609 9.4
    endloop
  endfacet
  facet normal 0 0 1
    outer loop
      vertex 28.1427 126.987 9.4
      vertex 27.2041 127.609 9.4
      vertex 27.2041 126.987 9.4
    endloop
  endfacet
  facet normal -0.106659 0.994296 0
    outer loop
      vertex 31.8306 125.498 9.4
      vertex 31.6628 125.48 10
      vertex 31.8306 125.498 10
    endloop
  endfacet
  facet normal -0.106659 0.994296 0
    outer loop
      vertex 31.6628 125.48 10
      vertex 31.8306 125.498 9.4
      vertex 31.6628 125.48 9.4
    endloop
  endfacet
  facet normal -0.189433 0.981894 0
    outer loop
      vertex 31.9861 125.528 9.4
      vertex 31.8306 125.498 10
      vertex 31.9861 125.528 10
    endloop
  endfacet
  facet normal -0.189433 0.981894 0
    outer loop
      vertex 31.8306 125.498 10
      vertex 31.9861 125.528 9.4
      vertex 31.8306 125.498 9.4
    endloop
  endfacet
  facet normal -0.281079 0.959685 0
    outer loop
      vertex 32.1295 125.57 9.4
      vertex 31.9861 125.528 10
      vertex 32.1295 125.57 10
    endloop
  endfacet
  facet normal -0.281079 0.959685 0
    outer loop
      vertex 31.9861 125.528 10
      vertex 32.1295 125.57 9.4
      vertex 31.9861 125.528 9.4
    endloop
  endfacet
  facet normal -0.374557 0.927204 0
    outer loop
      vertex 32.2607 125.623 9.4
      vertex 32.1295 125.57 10
      vertex 32.2607 125.623 10
    endloop
  endfacet
  facet normal -0.374557 0.927204 0
    outer loop
      vertex 32.1295 125.57 10
      vertex 32.2607 125.623 9.4
      vertex 32.1295 125.57 9.4
    endloop
  endfacet
  facet normal -0.485019 0.874504 0
    outer loop
      vertex 32.3797 125.689 9.4
      vertex 32.2607 125.623 10
      vertex 32.3797 125.689 10
    endloop
  endfacet
  facet normal -0.485019 0.874504 0
    outer loop
      vertex 32.2607 125.623 10
      vertex 32.3797 125.689 9.4
      vertex 32.2607 125.623 9.4
    endloop
  endfacet
  facet normal -0.589789 0.807557 0
    outer loop
      vertex 32.4865 125.767 9.4
      vertex 32.3797 125.689 10
      vertex 32.4865 125.767 10
    endloop
  endfacet
  facet normal -0.589789 0.807557 0
    outer loop
      vertex 32.3797 125.689 10
      vertex 32.4865 125.767 9.4
      vertex 32.3797 125.689 9.4
    endloop
  endfacet
  facet normal -0.689075 0.72469 0
    outer loop
      vertex 32.5801 125.856 9.4
      vertex 32.4865 125.767 10
      vertex 32.5801 125.856 10
    endloop
  endfacet
  facet normal -0.689075 0.72469 0
    outer loop
      vertex 32.4865 125.767 10
      vertex 32.5801 125.856 9.4
      vertex 32.4865 125.767 9.4
    endloop
  endfacet
  facet normal -0.77815 0.628078 -1.62499e-19
    outer loop
      vertex 32.5801 125.856 9.4
      vertex 32.6592 125.954 10
      vertex 32.6592 125.954 9.4
    endloop
  endfacet
  facet normal -0.77815 0.628078 -1.62499e-19
    outer loop
      vertex 32.6592 125.954 10
      vertex 32.5801 125.856 9.4
      vertex 32.5801 125.856 10
    endloop
  endfacet
  facet normal -0.859573 0.511012 -1.25039e-18
    outer loop
      vertex 32.6592 125.954 9.4
      vertex 32.724 126.063 10
      vertex 32.724 126.063 9.4
    endloop
  endfacet
  facet normal -0.859573 0.511012 -1.25039e-18
    outer loop
      vertex 32.724 126.063 10
      vertex 32.6592 125.954 9.4
      vertex 32.6592 125.954 10
    endloop
  endfacet
  facet normal -0.919628 0.39279 -1.81688e-18
    outer loop
      vertex 32.724 126.063 9.4
      vertex 32.7744 126.181 10
      vertex 32.7744 126.181 9.4
    endloop
  endfacet
  facet normal -0.919628 0.39279 -1.81688e-18
    outer loop
      vertex 32.7744 126.181 10
      vertex 32.724 126.063 9.4
      vertex 32.724 126.063 10
    endloop
  endfacet
  facet normal -0.963196 0.268799 1.67796e-18
    outer loop
      vertex 32.7744 126.181 9.4
      vertex 32.8104 126.31 10
      vertex 32.8104 126.31 9.4
    endloop
  endfacet
  facet normal -0.963196 0.268799 1.67796e-18
    outer loop
      vertex 32.8104 126.31 10
      vertex 32.7744 126.181 9.4
      vertex 32.7744 126.181 10
    endloop
  endfacet
  facet normal -0.98808 0.15394 -1.88164e-18
    outer loop
      vertex 32.8104 126.31 9.4
      vertex 32.8319 126.448 10
      vertex 32.8319 126.448 9.4
    endloop
  endfacet
  facet normal -0.98808 0.15394 -1.88164e-18
    outer loop
      vertex 32.8319 126.448 10
      vertex 32.8104 126.31 9.4
      vertex 32.8104 126.31 10
    endloop
  endfacet
  facet normal -0.998835 0.0482658 -2.7379e-19
    outer loop
      vertex 32.8319 126.448 9.4
      vertex 32.8391 126.597 10
      vertex 32.8391 126.597 9.4
    endloop
  endfacet
  facet normal -0.998835 0.0482658 -2.7379e-19
    outer loop
      vertex 32.8391 126.597 10
      vertex 32.8319 126.448 9.4
      vertex 32.8319 126.448 10
    endloop
  endfacet
  facet normal -0.998916 -0.0465514 7.56148e-19
    outer loop
      vertex 32.8391 126.597 9.4
      vertex 32.8343 126.7 10
      vertex 32.8343 126.7 9.4
    endloop
  endfacet
  facet normal -0.998916 -0.0465514 7.56148e-19
    outer loop
      vertex 32.8343 126.7 10
      vertex 32.8391 126.597 9.4
      vertex 32.8391 126.597 10
    endloop
  endfacet
  facet normal -0.989011 -0.147842 1.17537e-18
    outer loop
      vertex 32.8343 126.7 9.4
      vertex 32.8198 126.797 10
      vertex 32.8198 126.797 9.4
    endloop
  endfacet
  facet normal -0.989011 -0.147842 1.17537e-18
    outer loop
      vertex 32.8198 126.797 10
      vertex 32.8343 126.7 9.4
      vertex 32.8343 126.7 10
    endloop
  endfacet
  facet normal -0.966843 -0.255373 -3.10609e-18
    outer loop
      vertex 32.8198 126.797 9.4
      vertex 32.7955 126.889 10
      vertex 32.7955 126.889 9.4
    endloop
  endfacet
  facet normal -0.966843 -0.255373 -3.10609e-18
    outer loop
      vertex 32.7955 126.889 10
      vertex 32.8198 126.797 9.4
      vertex 32.8198 126.797 10
    endloop
  endfacet
  facet normal -0.93033 -0.366723 -2.76124e-18
    outer loop
      vertex 32.7955 126.889 9.4
      vertex 32.7616 126.975 10
      vertex 32.7616 126.975 9.4
    endloop
  endfacet
  facet normal -0.93033 -0.366723 -2.76124e-18
    outer loop
      vertex 32.7616 126.975 10
      vertex 32.7955 126.889 9.4
      vertex 32.7955 126.889 10
    endloop
  endfacet
  facet normal -0.882948 -0.46947 -1.01185e-18
    outer loop
      vertex 32.7616 126.975 9.4
      vertex 32.718 127.057 10
      vertex 32.718 127.057 9.4
    endloop
  endfacet
  facet normal -0.882948 -0.46947 -1.01185e-18
    outer loop
      vertex 32.718 127.057 10
      vertex 32.7616 126.975 9.4
      vertex 32.7616 126.975 10
    endloop
  endfacet
  facet normal -0.819232 -0.573462 1.05593e-18
    outer loop
      vertex 32.718 127.057 9.4
      vertex 32.6648 127.133 10
      vertex 32.6648 127.133 9.4
    endloop
  endfacet
  facet normal -0.819232 -0.573462 1.05593e-18
    outer loop
      vertex 32.6648 127.133 10
      vertex 32.718 127.057 9.4
      vertex 32.718 127.057 10
    endloop
  endfacet
  facet normal -0.743294 -0.668965 6.44951e-18
    outer loop
      vertex 32.6648 127.133 9.4
      vertex 32.6018 127.203 10
      vertex 32.6018 127.203 9.4
    endloop
  endfacet
  facet normal -0.743294 -0.668965 6.44951e-18
    outer loop
      vertex 32.6018 127.203 10
      vertex 32.6648 127.133 9.4
      vertex 32.6648 127.133 10
    endloop
  endfacet
  facet normal -0.66488 -0.746951 0
    outer loop
      vertex 32.5299 127.267 9.4
      vertex 32.6018 127.203 10
      vertex 32.5299 127.267 10
    endloop
  endfacet
  facet normal -0.66488 -0.746951 -0
    outer loop
      vertex 32.6018 127.203 10
      vertex 32.5299 127.267 9.4
      vertex 32.6018 127.203 9.4
    endloop
  endfacet
  facet normal -0.579314 -0.815105 0
    outer loop
      vertex 32.4497 127.324 9.4
      vertex 32.5299 127.267 10
      vertex 32.4497 127.324 10
    endloop
  endfacet
  facet normal -0.579314 -0.815105 -0
    outer loop
      vertex 32.5299 127.267 10
      vertex 32.4497 127.324 9.4
      vertex 32.5299 127.267 9.4
    endloop
  endfacet
  facet normal -0.47718 -0.878806 0
    outer loop
      vertex 32.3613 127.372 9.4
      vertex 32.4497 127.324 10
      vertex 32.3613 127.372 10
    endloop
  endfacet
  facet normal -0.47718 -0.878806 -0
    outer loop
      vertex 32.4497 127.324 10
      vertex 32.3613 127.372 9.4
      vertex 32.4497 127.324 9.4
    endloop
  endfacet
  facet normal -0.398379 -0.917221 0
    outer loop
      vertex 32.2646 127.414 9.4
      vertex 32.3613 127.372 10
      vertex 32.2646 127.414 10
    endloop
  endfacet
  facet normal -0.398379 -0.917221 -0
    outer loop
      vertex 32.3613 127.372 10
      vertex 32.2646 127.414 9.4
      vertex 32.3613 127.372 9.4
    endloop
  endfacet
  facet normal -0.300087 -0.953912 0
    outer loop
      vertex 32.1597 127.447 9.4
      vertex 32.2646 127.414 10
      vertex 32.1597 127.447 10
    endloop
  endfacet
  facet normal -0.300087 -0.953912 -0
    outer loop
      vertex 32.2646 127.414 10
      vertex 32.1597 127.447 9.4
      vertex 32.2646 127.414 9.4
    endloop
  endfacet
  facet normal -0.223853 -0.974623 0
    outer loop
      vertex 32.0465 127.473 9.4
      vertex 32.1597 127.447 10
      vertex 32.0465 127.473 10
    endloop
  endfacet
  facet normal -0.223853 -0.974623 -0
    outer loop
      vertex 32.1597 127.447 10
      vertex 32.0465 127.473 9.4
      vertex 32.1597 127.447 9.4
    endloop
  endfacet
  facet normal -0.154625 -0.987973 0
    outer loop
      vertex 31.9251 127.492 9.4
      vertex 32.0465 127.473 10
      vertex 31.9251 127.492 10
    endloop
  endfacet
  facet normal -0.154625 -0.987973 -0
    outer loop
      vertex 32.0465 127.473 10
      vertex 31.9251 127.492 9.4
      vertex 32.0465 127.473 9.4
    endloop
  endfacet
  facet normal -1 0 0
    outer loop
      vertex 31.9251 127.492 9.4
      vertex 31.9251 127.503 10
      vertex 31.9251 127.503 9.4
    endloop
  endfacet
  facet normal -1 -0 0
    outer loop
      vertex 31.9251 127.503 10
      vertex 31.9251 127.492 9.4
      vertex 31.9251 127.492 10
    endloop
  endfacet
  facet normal -0.22297 0.974825 0
    outer loop
      vertex 32.0344 127.528 9.4
      vertex 31.9251 127.503 10
      vertex 32.0344 127.528 10
    endloop
  endfacet
  facet normal -0.22297 0.974825 0
    outer loop
      vertex 31.9251 127.503 10
      vertex 32.0344 127.528 9.4
      vertex 31.9251 127.503 9.4
    endloop
  endfacet
  facet normal -0.291311 0.956628 0
    outer loop
      vertex 32.1362 127.559 9.4
      vertex 32.0344 127.528 10
      vertex 32.1362 127.559 10
    endloop
  endfacet
  facet normal -0.291311 0.956628 0
    outer loop
      vertex 32.0344 127.528 10
      vertex 32.1362 127.559 9.4
      vertex 32.0344 127.528 9.4
    endloop
  endfacet
  facet normal -0.365591 0.930776 0
    outer loop
      vertex 32.2304 127.596 9.4
      vertex 32.1362 127.559 10
      vertex 32.2304 127.596 10
    endloop
  endfacet
  facet normal -0.365591 0.930776 0
    outer loop
      vertex 32.1362 127.559 10
      vertex 32.2304 127.596 9.4
      vertex 32.1362 127.559 9.4
    endloop
  endfacet
  facet normal -0.452969 0.891526 0
    outer loop
      vertex 32.317 127.64 9.4
      vertex 32.2304 127.596 10
      vertex 32.317 127.64 10
    endloop
  endfacet
  facet normal -0.452969 0.891526 0
    outer loop
      vertex 32.2304 127.596 10
      vertex 32.317 127.64 9.4
      vertex 32.2304 127.596 9.4
    endloop
  endfacet
  facet normal -0.534798 0.84498 0
    outer loop
      vertex 32.396 127.69 9.4
      vertex 32.317 127.64 10
      vertex 32.396 127.69 10
    endloop
  endfacet
  facet normal -0.534798 0.84498 0
    outer loop
      vertex 32.317 127.64 10
      vertex 32.396 127.69 9.4
      vertex 32.317 127.64 9.4
    endloop
  endfacet
  facet normal -0.623894 0.781509 0
    outer loop
      vertex 32.4674 127.747 9.4
      vertex 32.396 127.69 10
      vertex 32.4674 127.747 10
    endloop
  endfacet
  facet normal -0.623894 0.781509 0
    outer loop
      vertex 32.396 127.69 10
      vertex 32.4674 127.747 9.4
      vertex 32.396 127.69 9.4
    endloop
  endfacet
  facet normal -0.696356 0.717696 0
    outer loop
      vertex 32.5313 127.809 9.4
      vertex 32.4674 127.747 10
      vertex 32.5313 127.809 10
    endloop
  endfacet
  facet normal -0.696356 0.717696 0
    outer loop
      vertex 32.4674 127.747 10
      vertex 32.5313 127.809 9.4
      vertex 32.4674 127.747 9.4
    endloop
  endfacet
  facet normal -0.778111 0.628127 2.1574e-18
    outer loop
      vertex 32.5313 127.809 9.4
      vertex 32.587 127.878 10
      vertex 32.587 127.878 9.4
    endloop
  endfacet
  facet normal -0.778111 0.628127 2.1574e-18
    outer loop
      vertex 32.587 127.878 10
      vertex 32.5313 127.809 9.4
      vertex 32.5313 127.809 10
    endloop
  endfacet
  facet normal -0.839755 0.542965 -1.21903e-18
    outer loop
      vertex 32.587 127.878 9.4
      vertex 32.6342 127.951 10
      vertex 32.6342 127.951 9.4
    endloop
  endfacet
  facet normal -0.839755 0.542965 -1.21903e-18
    outer loop
      vertex 32.6342 127.951 10
      vertex 32.587 127.878 9.4
      vertex 32.587 127.878 10
    endloop
  endfacet
  facet normal -0.898035 0.439924 -1.69136e-18
    outer loop
      vertex 32.6342 127.951 9.4
      vertex 32.6729 128.03 10
      vertex 32.6729 128.03 9.4
    endloop
  endfacet
  facet normal -0.898035 0.439924 -1.69136e-18
    outer loop
      vertex 32.6729 128.03 10
      vertex 32.6342 127.951 9.4
      vertex 32.6342 127.951 10
    endloop
  endfacet
  facet normal -0.941742 0.336336 1.30434e-18
    outer loop
      vertex 32.6729 128.03 9.4
      vertex 32.7029 128.114 10
      vertex 32.7029 128.114 9.4
    endloop
  endfacet
  facet normal -0.941742 0.336336 1.30434e-18
    outer loop
      vertex 32.7029 128.114 10
      vertex 32.6729 128.03 9.4
      vertex 32.6729 128.03 10
    endloop
  endfacet
  facet normal -0.972876 0.231328 2.84779e-19
    outer loop
      vertex 32.7029 128.114 9.4
      vertex 32.7243 128.204 10
      vertex 32.7243 128.204 9.4
    endloop
  endfacet
  facet normal -0.972876 0.231328 2.84779e-19
    outer loop
      vertex 32.7243 128.204 10
      vertex 32.7029 128.114 9.4
      vertex 32.7029 128.114 10
    endloop
  endfacet
  facet normal -0.990714 0.13596 -6.26161e-19
    outer loop
      vertex 32.7243 128.204 9.4
      vertex 32.7372 128.298 10
      vertex 32.7372 128.298 9.4
    endloop
  endfacet
  facet normal -0.990714 0.13596 -6.26161e-19
    outer loop
      vertex 32.7372 128.298 10
      vertex 32.7243 128.204 9.4
      vertex 32.7243 128.204 10
    endloop
  endfacet
  facet normal -0.999077 0.0429603 -2.59679e-19
    outer loop
      vertex 32.7372 128.298 9.4
      vertex 32.7415 128.398 10
      vertex 32.7415 128.398 9.4
    endloop
  endfacet
  facet normal -0.999077 0.0429603 -2.59679e-19
    outer loop
      vertex 32.7415 128.398 10
      vertex 32.7372 128.298 9.4
      vertex 32.7372 128.298 10
    endloop
  endfacet
  facet normal -0.998637 -0.0522015 4.76189e-19
    outer loop
      vertex 32.7415 128.398 9.4
      vertex 32.7346 128.53 10
      vertex 32.7346 128.53 9.4
    endloop
  endfacet
  facet normal -0.998637 -0.0522015 4.76189e-19
    outer loop
      vertex 32.7346 128.53 10
      vertex 32.7415 128.398 9.4
      vertex 32.7415 128.398 10
    endloop
  endfacet
  facet normal -0.986351 -0.164657 -2.13884e-18
    outer loop
      vertex 32.7346 128.53 9.4
      vertex 32.7139 128.654 10
      vertex 32.7139 128.654 9.4
    endloop
  endfacet
  facet normal -0.986351 -0.164657 -2.13884e-18
    outer loop
      vertex 32.7139 128.654 10
      vertex 32.7346 128.53 9.4
      vertex 32.7346 128.53 10
    endloop
  endfacet
  facet normal -0.958055 -0.286583 4.45425e-18
    outer loop
      vertex 32.7139 128.654 9.4
      vertex 32.6795 128.769 10
      vertex 32.6795 128.769 9.4
    endloop
  endfacet
  facet normal -0.958055 -0.286583 4.45425e-18
    outer loop
      vertex 32.6795 128.769 10
      vertex 32.7139 128.654 9.4
      vertex 32.7139 128.654 10
    endloop
  endfacet
  facet normal -0.911443 -0.411427 3.16055e-18
    outer loop
      vertex 32.6795 128.769 9.4
      vertex 32.6312 128.876 10
      vertex 32.6312 128.876 9.4
    endloop
  endfacet
  facet normal -0.911443 -0.411427 3.16055e-18
    outer loop
      vertex 32.6312 128.876 10
      vertex 32.6795 128.769 9.4
      vertex 32.6795 128.769 10
    endloop
  endfacet
  facet normal -0.845079 -0.534642 5.81126e-18
    outer loop
      vertex 32.6312 128.876 9.4
      vertex 32.5692 128.974 10
      vertex 32.5692 128.974 9.4
    endloop
  endfacet
  facet normal -0.845079 -0.534642 5.81126e-18
    outer loop
      vertex 32.5692 128.974 10
      vertex 32.6312 128.876 9.4
      vertex 32.6312 128.876 10
    endloop
  endfacet
  facet normal -0.764867 -0.644188 5.18782e-18
    outer loop
      vertex 32.5692 128.974 9.4
      vertex 32.4934 129.064 10
      vertex 32.4934 129.064 9.4
    endloop
  endfacet
  facet normal -0.764867 -0.644188 5.18782e-18
    outer loop
      vertex 32.4934 129.064 10
      vertex 32.5692 128.974 9.4
      vertex 32.5692 128.974 10
    endloop
  endfacet
  facet normal -0.67061 -0.74181 0
    outer loop
      vertex 32.4038 129.145 9.4
      vertex 32.4934 129.064 10
      vertex 32.4038 129.145 10
    endloop
  endfacet
  facet normal -0.67061 -0.74181 -0
    outer loop
      vertex 32.4934 129.064 10
      vertex 32.4038 129.145 9.4
      vertex 32.4934 129.064 9.4
    endloop
  endfacet
  facet normal -0.577439 -0.816434 0
    outer loop
      vertex 32.302 129.217 9.4
      vertex 32.4038 129.145 10
      vertex 32.302 129.217 10
    endloop
  endfacet
  facet normal -0.577439 -0.816434 -0
    outer loop
      vertex 32.4038 129.145 10
      vertex 32.302 129.217 9.4
      vertex 32.4038 129.145 9.4
    endloop
  endfacet
  facet normal -0.470588 -0.882353 0
    outer loop
      vertex 32.1895 129.277 9.4
      vertex 32.302 129.217 10
      vertex 32.1895 129.277 10
    endloop
  endfacet
  facet normal -0.470588 -0.882353 -0
    outer loop
      vertex 32.302 129.217 10
      vertex 32.1895 129.277 9.4
      vertex 32.302 129.217 9.4
    endloop
  endfacet
  facet normal -0.376054 -0.926598 0
    outer loop
      vertex 32.0663 129.327 9.4
      vertex 32.1895 129.277 10
      vertex 32.0663 129.327 10
    endloop
  endfacet
  facet normal -0.376054 -0.926598 -0
    outer loop
      vertex 32.1895 129.277 10
      vertex 32.0663 129.327 9.4
      vertex 32.1895 129.277 9.4
    endloop
  endfacet
  facet normal -0.279642 -0.960104 0
    outer loop
      vertex 31.9324 129.366 9.4
      vertex 32.0663 129.327 10
      vertex 31.9324 129.366 10
    endloop
  endfacet
  facet normal -0.279642 -0.960104 -0
    outer loop
      vertex 32.0663 129.327 10
      vertex 31.9324 129.366 9.4
      vertex 32.0663 129.327 9.4
    endloop
  endfacet
  facet normal -0.18355 -0.98301 0
    outer loop
      vertex 31.7878 129.393 9.4
      vertex 31.9324 129.366 10
      vertex 31.7878 129.393 10
    endloop
  endfacet
  facet normal -0.18355 -0.98301 -0
    outer loop
      vertex 31.9324 129.366 10
      vertex 31.7878 129.393 9.4
      vertex 31.9324 129.366 9.4
    endloop
  endfacet
  facet normal -0.108885 -0.994054 0
    outer loop
      vertex 31.6326 129.41 9.4
      vertex 31.7878 129.393 10
      vertex 31.6326 129.41 10
    endloop
  endfacet
  facet normal -0.108885 -0.994054 -0
    outer loop
      vertex 31.7878 129.393 10
      vertex 31.6326 129.41 9.4
      vertex 31.7878 129.393 9.4
    endloop
  endfacet
  facet normal -0.0301068 -0.999547 0
    outer loop
      vertex 31.4666 129.415 9.4
      vertex 31.6326 129.41 10
      vertex 31.4666 129.415 10
    endloop
  endfacet
  facet normal -0.0301068 -0.999547 -0
    outer loop
      vertex 31.6326 129.41 10
      vertex 31.4666 129.415 9.4
      vertex 31.6326 129.41 9.4
    endloop
  endfacet
  facet normal 0.0382373 -0.999269 0
    outer loop
      vertex 31.3098 129.409 9.4
      vertex 31.4666 129.415 10
      vertex 31.3098 129.409 10
    endloop
  endfacet
  facet normal 0.0382373 -0.999269 0
    outer loop
      vertex 31.4666 129.415 10
      vertex 31.3098 129.409 9.4
      vertex 31.4666 129.415 9.4
    endloop
  endfacet
  facet normal 0.114038 -0.993476 0
    outer loop
      vertex 31.1617 129.392 9.4
      vertex 31.3098 129.409 10
      vertex 31.1617 129.392 10
    endloop
  endfacet
  facet normal 0.114038 -0.993476 0
    outer loop
      vertex 31.3098 129.409 10
      vertex 31.1617 129.392 9.4
      vertex 31.3098 129.409 9.4
    endloop
  endfacet
  facet normal 0.197063 -0.980391 0
    outer loop
      vertex 31.0224 129.364 9.4
      vertex 31.1617 129.392 10
      vertex 31.0224 129.364 10
    endloop
  endfacet
  facet normal 0.197063 -0.980391 0
    outer loop
      vertex 31.1617 129.392 10
      vertex 31.0224 129.364 9.4
      vertex 31.1617 129.392 9.4
    endloop
  endfacet
  facet normal 0.292851 -0.956158 0
    outer loop
      vertex 30.8918 129.324 9.4
      vertex 31.0224 129.364 10
      vertex 30.8918 129.324 10
    endloop
  endfacet
  facet normal 0.292851 -0.956158 0
    outer loop
      vertex 31.0224 129.364 10
      vertex 30.8918 129.324 9.4
      vertex 31.0224 129.364 9.4
    endloop
  endfacet
  facet normal 0.385958 -0.922516 0
    outer loop
      vertex 30.7699 129.273 9.4
      vertex 30.8918 129.324 10
      vertex 30.7699 129.273 10
    endloop
  endfacet
  facet normal 0.385958 -0.922516 0
    outer loop
      vertex 30.8918 129.324 10
      vertex 30.7699 129.273 9.4
      vertex 30.8918 129.324 9.4
    endloop
  endfacet
  facet normal 0.486955 -0.873427 0
    outer loop
      vertex 30.6569 129.21 9.4
      vertex 30.7699 129.273 10
      vertex 30.6569 129.21 10
    endloop
  endfacet
  facet normal 0.486955 -0.873427 0
    outer loop
      vertex 30.7699 129.273 10
      vertex 30.6569 129.21 9.4
      vertex 30.7699 129.273 9.4
    endloop
  endfacet
  facet normal 0.578277 -0.81584 0
    outer loop
      vertex 30.5525 129.136 9.4
      vertex 30.6569 129.21 10
      vertex 30.5525 129.136 10
    endloop
  endfacet
  facet normal 0.578277 -0.81584 0
    outer loop
      vertex 30.6569 129.21 10
      vertex 30.5525 129.136 9.4
      vertex 30.6569 129.21 9.4
    endloop
  endfacet
  facet normal 0.666331 -0.745656 0
    outer loop
      vertex 30.4585 129.052 9.4
      vertex 30.5525 129.136 10
      vertex 30.4585 129.052 10
    endloop
  endfacet
  facet normal 0.666331 -0.745656 0
    outer loop
      vertex 30.5525 129.136 10
      vertex 30.4585 129.052 9.4
      vertex 30.5525 129.136 9.4
    endloop
  endfacet
  facet normal 0.749273 -0.662261 -1.38748e-18
    outer loop
      vertex 30.3763 128.959 10
      vertex 30.4585 129.052 9.4
      vertex 30.4585 129.052 10
    endloop
  endfacet
  facet normal 0.749273 -0.662261 -1.38748e-18
    outer loop
      vertex 30.4585 129.052 9.4
      vertex 30.3763 128.959 10
      vertex 30.3763 128.959 9.4
    endloop
  endfacet
  facet normal 0.823005 -0.568035 3.42854e-18
    outer loop
      vertex 30.3059 128.857 10
      vertex 30.3763 128.959 9.4
      vertex 30.3763 128.959 10
    endloop
  endfacet
  facet normal 0.823005 -0.568035 3.42854e-18
    outer loop
      vertex 30.3763 128.959 9.4
      vertex 30.3059 128.857 10
      vertex 30.3059 128.857 9.4
    endloop
  endfacet
  facet normal 0.884659 -0.466239 -2.47312e-18
    outer loop
      vertex 30.2474 128.746 10
      vertex 30.3059 128.857 9.4
      vertex 30.3059 128.857 10
    endloop
  endfacet
  facet normal 0.884659 -0.466239 -2.47312e-18
    outer loop
      vertex 30.3059 128.857 9.4
      vertex 30.2474 128.746 10
      vertex 30.2474 128.746 9.4
    endloop
  endfacet
  facet normal 0.930885 -0.365314 -1.74289e-18
    outer loop
      vertex 30.2007 128.627 10
      vertex 30.2474 128.746 9.4
      vertex 30.2474 128.746 10
    endloop
  endfacet
  facet normal 0.930885 -0.365314 -1.74289e-18
    outer loop
      vertex 30.2474 128.746 9.4
      vertex 30.2007 128.627 10
      vertex 30.2007 128.627 9.4
    endloop
  endfacet
  facet normal 0.964972 -0.262352 -3.78706e-18
    outer loop
      vertex 30.1659 128.499 10
      vertex 30.2007 128.627 9.4
      vertex 30.2007 128.627 10
    endloop
  endfacet
  facet normal 0.964972 -0.262352 -3.78706e-18
    outer loop
      vertex 30.2007 128.627 9.4
      vertex 30.1659 128.499 10
      vertex 30.1659 128.499 9.4
    endloop
  endfacet
  facet normal 0.985999 -0.16675 -2.48315e-18
    outer loop
      vertex 30.1429 128.363 10
      vertex 30.1659 128.499 9.4
      vertex 30.1659 128.499 10
    endloop
  endfacet
  facet normal 0.985999 -0.16675 -2.48315e-18
    outer loop
      vertex 30.1659 128.499 9.4
      vertex 30.1429 128.363 10
      vertex 30.1429 128.363 9.4
    endloop
  endfacet
  facet normal 0.071963 0.997407 -0
    outer loop
      vertex 30.9052 128.308 9.4
      vertex 30.1429 128.363 10
      vertex 30.9052 128.308 10
    endloop
  endfacet
  facet normal 0.071963 0.997407 0
    outer loop
      vertex 30.1429 128.363 10
      vertex 30.9052 128.308 9.4
      vertex 30.1429 128.363 9.4
    endloop
  endfacet
  facet normal -0.991424 0.130688 5.46807e-19
    outer loop
      vertex 30.9052 128.308 9.4
      vertex 30.9139 128.374 10
      vertex 30.9139 128.374 9.4
    endloop
  endfacet
  facet normal -0.991424 0.130688 5.46807e-19
    outer loop
      vertex 30.9139 128.374 10
      vertex 30.9052 128.308 9.4
      vertex 30.9052 128.308 10
    endloop
  endfacet
  facet normal -0.976446 0.215763 -1.1751e-18
    outer loop
      vertex 30.9139 128.374 9.4
      vertex 30.9276 128.436 10
      vertex 30.9276 128.436 9.4
    endloop
  endfacet
  facet normal -0.976446 0.215763 -1.1751e-18
    outer loop
      vertex 30.9276 128.436 10
      vertex 30.9139 128.374 9.4
      vertex 30.9139 128.374 10
    endloop
  endfacet
  facet normal -0.949678 0.313227 1.67918e-18
    outer loop
      vertex 30.9276 128.436 9.4
      vertex 30.9464 128.493 10
      vertex 30.9464 128.493 9.4
    endloop
  endfacet
  facet normal -0.949678 0.313227 1.67918e-18
    outer loop
      vertex 30.9464 128.493 10
      vertex 30.9276 128.436 9.4
      vertex 30.9276 128.436 10
    endloop
  endfacet
  facet normal -0.912243 0.409649 -3.09348e-18
    outer loop
      vertex 30.9464 128.493 9.4
      vertex 30.9702 128.546 10
      vertex 30.9702 128.546 9.4
    endloop
  endfacet
  facet normal -0.912243 0.409649 -3.09348e-18
    outer loop
      vertex 30.9702 128.546 10
      vertex 30.9464 128.493 9.4
      vertex 30.9464 128.493 10
    endloop
  endfacet
  facet normal -0.856705 0.515808 -2.27843e-18
    outer loop
      vertex 30.9702 128.546 9.4
      vertex 30.9991 128.594 10
      vertex 30.9991 128.594 9.4
    endloop
  endfacet
  facet normal -0.856705 0.515808 -2.27843e-18
    outer loop
      vertex 30.9991 128.594 10
      vertex 30.9702 128.546 9.4
      vertex 30.9702 128.546 10
    endloop
  endfacet
  facet normal -0.792155 0.61032 -2.4621e-18
    outer loop
      vertex 30.9991 128.594 9.4
      vertex 31.033 128.638 10
      vertex 31.033 128.638 9.4
    endloop
  endfacet
  facet normal -0.792155 0.61032 -2.4621e-18
    outer loop
      vertex 31.033 128.638 10
      vertex 30.9991 128.594 9.4
      vertex 30.9991 128.594 10
    endloop
  endfacet
  facet normal -0.708014 0.706198 -1.79743e-18
    outer loop
      vertex 31.033 128.638 9.4
      vertex 31.0719 128.677 10
      vertex 31.0719 128.677 9.4
    endloop
  endfacet
  facet normal -0.708014 0.706198 -1.79743e-18
    outer loop
      vertex 31.0719 128.677 10
      vertex 31.033 128.638 9.4
      vertex 31.033 128.638 10
    endloop
  endfacet
  facet normal -0.627752 0.778413 0
    outer loop
      vertex 31.1153 128.712 9.4
      vertex 31.0719 128.677 10
      vertex 31.1153 128.712 10
    endloop
  endfacet
  facet normal -0.627752 0.778413 0
    outer loop
      vertex 31.0719 128.677 10
      vertex 31.1153 128.712 9.4
      vertex 31.0719 128.677 9.4
    endloop
  endfacet
  facet normal -0.525107 0.851036 0
    outer loop
      vertex 31.1623 128.741 9.4
      vertex 31.1153 128.712 10
      vertex 31.1623 128.741 10
    endloop
  endfacet
  facet normal -0.525107 0.851036 0
    outer loop
      vertex 31.1153 128.712 10
      vertex 31.1623 128.741 9.4
      vertex 31.1153 128.712 9.4
    endloop
  endfacet
  facet normal -0.427856 0.903847 0
    outer loop
      vertex 31.213 128.765 9.4
      vertex 31.1623 128.741 10
      vertex 31.213 128.765 10
    endloop
  endfacet
  facet normal -0.427856 0.903847 0
    outer loop
      vertex 31.1623 128.741 10
      vertex 31.213 128.765 9.4
      vertex 31.1623 128.741 9.4
    endloop
  endfacet
  facet normal -0.329193 0.944263 0
    outer loop
      vertex 31.2675 128.784 9.4
      vertex 31.213 128.765 10
      vertex 31.2675 128.784 10
    endloop
  endfacet
  facet normal -0.329193 0.944263 0
    outer loop
      vertex 31.213 128.765 10
      vertex 31.2675 128.784 9.4
      vertex 31.213 128.765 9.4
    endloop
  endfacet
  facet normal -0.218353 0.97587 0
    outer loop
      vertex 31.3256 128.797 9.4
      vertex 31.2675 128.784 10
      vertex 31.3256 128.797 10
    endloop
  endfacet
  facet normal -0.218353 0.97587 0
    outer loop
      vertex 31.2675 128.784 10
      vertex 31.3256 128.797 9.4
      vertex 31.2675 128.784 9.4
    endloop
  endfacet
  facet normal -0.128175 0.991752 0
    outer loop
      vertex 31.3875 128.805 9.4
      vertex 31.3256 128.797 10
      vertex 31.3875 128.805 10
    endloop
  endfacet
  facet normal -0.128175 0.991752 0
    outer loop
      vertex 31.3256 128.797 10
      vertex 31.3875 128.805 9.4
      vertex 31.3256 128.797 9.4
    endloop
  endfacet
  facet normal -0.045684 0.998956 0
    outer loop
      vertex 31.4531 128.808 9.4
      vertex 31.3875 128.805 10
      vertex 31.4531 128.808 10
    endloop
  endfacet
  facet normal -0.045684 0.998956 0
    outer loop
      vertex 31.3875 128.805 10
      vertex 31.4531 128.808 9.4
      vertex 31.3875 128.805 9.4
    endloop
  endfacet
  facet normal 0.0430635 0.999072 -0
    outer loop
      vertex 31.5227 128.805 9.4
      vertex 31.4531 128.808 10
      vertex 31.5227 128.805 10
    endloop
  endfacet
  facet normal 0.0430635 0.999072 0
    outer loop
      vertex 31.4531 128.808 10
      vertex 31.5227 128.805 9.4
      vertex 31.4531 128.808 9.4
    endloop
  endfacet
  facet normal 0.122713 0.992442 -0
    outer loop
      vertex 31.5874 128.797 9.4
      vertex 31.5227 128.805 10
      vertex 31.5874 128.797 10
    endloop
  endfacet
  facet normal 0.122713 0.992442 0
    outer loop
      vertex 31.5227 128.805 10
      vertex 31.5874 128.797 9.4
      vertex 31.5227 128.805 9.4
    endloop
  endfacet
  facet normal 0.228312 0.973588 -0
    outer loop
      vertex 31.6471 128.783 9.4
      vertex 31.5874 128.797 10
      vertex 31.6471 128.783 10
    endloop
  endfacet
  facet normal 0.228312 0.973588 0
    outer loop
      vertex 31.5874 128.797 10
      vertex 31.6471 128.783 9.4
      vertex 31.5874 128.797 9.4
    endloop
  endfacet
  facet normal 0.327051 0.945007 -0
    outer loop
      vertex 31.702 128.764 9.4
      vertex 31.6471 128.783 10
      vertex 31.702 128.764 10
    endloop
  endfacet
  facet normal 0.327051 0.945007 0
    outer loop
      vertex 31.6471 128.783 10
      vertex 31.702 128.764 9.4
      vertex 31.6471 128.783 9.4
    endloop
  endfacet
  facet normal 0.44793 0.894069 -0
    outer loop
      vertex 31.7519 128.739 9.4
      vertex 31.702 128.764 10
      vertex 31.7519 128.739 10
    endloop
  endfacet
  facet normal 0.44793 0.894069 0
    outer loop
      vertex 31.702 128.764 10
      vertex 31.7519 128.739 9.4
      vertex 31.702 128.764 9.4
    endloop
  endfacet
  facet normal 0.555555 0.83148 -0
    outer loop
      vertex 31.7968 128.709 9.4
      vertex 31.7519 128.739 10
      vertex 31.7968 128.709 10
    endloop
  endfacet
  facet normal 0.555555 0.83148 0
    outer loop
      vertex 31.7519 128.739 10
      vertex 31.7968 128.709 9.4
      vertex 31.7519 128.739 9.4
    endloop
  endfacet
  facet normal 0.668042 0.744124 -0
    outer loop
      vertex 31.8369 128.673 9.4
      vertex 31.7968 128.709 10
      vertex 31.8369 128.673 10
    endloop
  endfacet
  facet normal 0.668042 0.744124 0
    outer loop
      vertex 31.7968 128.709 10
      vertex 31.8369 128.673 9.4
      vertex 31.7968 128.709 9.4
    endloop
  endfacet
  facet normal 0.753509 0.657437 7.86893e-19
    outer loop
      vertex 31.8718 128.633 10
      vertex 31.8369 128.673 9.4
      vertex 31.8369 128.673 10
    endloop
  endfacet
  facet normal 0.753509 0.657437 7.86893e-19
    outer loop
      vertex 31.8369 128.673 9.4
      vertex 31.8718 128.633 10
      vertex 31.8718 128.633 9.4
    endloop
  endfacet
  facet normal 0.836314 0.54825 -1.54104e-18
    outer loop
      vertex 31.9013 128.588 10
      vertex 31.8718 128.633 9.4
      vertex 31.8718 128.633 10
    endloop
  endfacet
  facet normal 0.836314 0.54825 -1.54104e-18
    outer loop
      vertex 31.8718 128.633 9.4
      vertex 31.9013 128.588 10
      vertex 31.9013 128.588 9.4
    endloop
  endfacet
  facet normal 0.896612 0.442817 2.25743e-18
    outer loop
      vertex 31.9255 128.539 10
      vertex 31.9013 128.588 9.4
      vertex 31.9013 128.588 10
    endloop
  endfacet
  facet normal 0.896612 0.442817 2.25743e-18
    outer loop
      vertex 31.9013 128.588 9.4
      vertex 31.9255 128.539 10
      vertex 31.9255 128.539 9.4
    endloop
  endfacet
  facet normal 0.940425 0.34 -2.24478e-18
    outer loop
      vertex 31.9443 128.487 10
      vertex 31.9255 128.539 9.4
      vertex 31.9255 128.539 10
    endloop
  endfacet
  facet normal 0.940425 0.34 -2.24478e-18
    outer loop
      vertex 31.9255 128.539 9.4
      vertex 31.9443 128.487 10
      vertex 31.9443 128.487 9.4
    endloop
  endfacet
  facet normal 0.973462 0.228849 4.60903e-19
    outer loop
      vertex 31.9577 128.43 10
      vertex 31.9443 128.487 9.4
      vertex 31.9443 128.487 10
    endloop
  endfacet
  facet normal 0.973462 0.228849 4.60903e-19
    outer loop
      vertex 31.9443 128.487 9.4
      vertex 31.9577 128.43 10
      vertex 31.9577 128.43 9.4
    endloop
  endfacet
  facet normal 0.991574 0.129544 -6.71692e-19
    outer loop
      vertex 31.9658 128.368 10
      vertex 31.9577 128.43 9.4
      vertex 31.9577 128.43 10
    endloop
  endfacet
  facet normal 0.991574 0.129544 -6.71692e-19
    outer loop
      vertex 31.9577 128.43 9.4
      vertex 31.9658 128.368 10
      vertex 31.9658 128.368 9.4
    endloop
  endfacet
  facet normal 0.999138 0.0415027 1.75278e-19
    outer loop
      vertex 31.9685 128.303 10
      vertex 31.9658 128.368 9.4
      vertex 31.9658 128.368 10
    endloop
  endfacet
  facet normal 0.999138 0.0415027 1.75278e-19
    outer loop
      vertex 31.9658 128.368 9.4
      vertex 31.9685 128.303 10
      vertex 31.9685 128.303 9.4
    endloop
  endfacet
  facet normal 0.998788 -0.0492156 1.98381e-19
    outer loop
      vertex 31.9651 128.234 10
      vertex 31.9685 128.303 9.4
      vertex 31.9685 128.303 10
    endloop
  endfacet
  facet normal 0.998788 -0.0492156 1.98381e-19
    outer loop
      vertex 31.9685 128.303 9.4
      vertex 31.9651 128.234 10
      vertex 31.9651 128.234 9.4
    endloop
  endfacet
  facet normal 0.987775 -0.155883 8.1467e-19
    outer loop
      vertex 31.955 128.17 10
      vertex 31.9651 128.234 9.4
      vertex 31.9651 128.234 10
    endloop
  endfacet
  facet normal 0.987775 -0.155883 8.1467e-19
    outer loop
      vertex 31.9651 128.234 9.4
      vertex 31.955 128.17 10
      vertex 31.955 128.17 9.4
    endloop
  endfacet
  facet normal 0.962546 -0.271117 2.85565e-18
    outer loop
      vertex 31.9381 128.11 10
      vertex 31.955 128.17 9.4
      vertex 31.955 128.17 10
    endloop
  endfacet
  facet normal 0.962546 -0.271117 2.85565e-18
    outer loop
      vertex 31.955 128.17 9.4
      vertex 31.9381 128.11 10
      vertex 31.9381 128.11 9.4
    endloop
  endfacet
  facet normal 0.918366 -0.395732 -2.54936e-18
    outer loop
      vertex 31.9144 128.055 10
      vertex 31.9381 128.11 9.4
      vertex 31.9381 128.11 10
    endloop
  endfacet
  facet normal 0.918366 -0.395732 -2.54936e-18
    outer loop
      vertex 31.9381 128.11 9.4
      vertex 31.9144 128.055 10
      vertex 31.9144 128.055 9.4
    endloop
  endfacet
  facet normal 0.854462 -0.519513 -2.25105e-18
    outer loop
      vertex 31.884 128.005 10
      vertex 31.9144 128.055 9.4
      vertex 31.9144 128.055 10
    endloop
  endfacet
  facet normal 0.854462 -0.519513 -2.25105e-18
    outer loop
      vertex 31.9144 128.055 9.4
      vertex 31.884 128.005 10
      vertex 31.884 128.005 9.4
    endloop
  endfacet
  facet normal 0.771584 -0.636128 -2.09002e-19
    outer loop
      vertex 31.8469 127.96 10
      vertex 31.884 128.005 9.4
      vertex 31.884 128.005 10
    endloop
  endfacet
  facet normal 0.771584 -0.636128 -2.09002e-19
    outer loop
      vertex 31.884 128.005 9.4
      vertex 31.8469 127.96 10
      vertex 31.8469 127.96 9.4
    endloop
  endfacet
  facet normal 0.682555 -0.730834 0
    outer loop
      vertex 31.803 127.919 9.4
      vertex 31.8469 127.96 10
      vertex 31.803 127.919 10
    endloop
  endfacet
  facet normal 0.682555 -0.730834 0
    outer loop
      vertex 31.8469 127.96 10
      vertex 31.803 127.919 9.4
      vertex 31.8469 127.96 9.4
    endloop
  endfacet
  facet normal 0.568872 -0.822426 0
    outer loop
      vertex 31.7524 127.884 9.4
      vertex 31.803 127.919 10
      vertex 31.7524 127.884 10
    endloop
  endfacet
  facet normal 0.568872 -0.822426 0
    outer loop
      vertex 31.803 127.919 10
      vertex 31.7524 127.884 9.4
      vertex 31.803 127.919 9.4
    endloop
  endfacet
  facet normal 0.475838 -0.879533 0
    outer loop
      vertex 31.6951 127.853 9.4
      vertex 31.7524 127.884 10
      vertex 31.6951 127.853 10
    endloop
  endfacet
  facet normal 0.475838 -0.879533 0
    outer loop
      vertex 31.7524 127.884 10
      vertex 31.6951 127.853 9.4
      vertex 31.7524 127.884 9.4
    endloop
  endfacet
  facet normal 0.352088 -0.935967 0
    outer loop
      vertex 31.6313 127.829 9.4
      vertex 31.6951 127.853 10
      vertex 31.6313 127.829 10
    endloop
  endfacet
  facet normal 0.352088 -0.935967 0
    outer loop
      vertex 31.6951 127.853 10
      vertex 31.6313 127.829 9.4
      vertex 31.6951 127.853 9.4
    endloop
  endfacet
  facet normal 0.259875 -0.965642 0
    outer loop
      vertex 31.5607 127.81 9.4
      vertex 31.6313 127.829 10
      vertex 31.5607 127.81 10
    endloop
  endfacet
  facet normal 0.259875 -0.965642 0
    outer loop
      vertex 31.6313 127.829 10
      vertex 31.5607 127.81 9.4
      vertex 31.6313 127.829 9.4
    endloop
  endfacet
  facet normal 0.178661 -0.983911 0
    outer loop
      vertex 31.4836 127.796 9.4
      vertex 31.5607 127.81 10
      vertex 31.4836 127.796 10
    endloop
  endfacet
  facet normal 0.178661 -0.983911 0
    outer loop
      vertex 31.5607 127.81 10
      vertex 31.4836 127.796 9.4
      vertex 31.5607 127.81 9.4
    endloop
  endfacet
  facet normal 0.0949211 -0.995485 0
    outer loop
      vertex 31.3997 127.788 9.4
      vertex 31.4836 127.796 10
      vertex 31.3997 127.788 10
    endloop
  endfacet
  facet normal 0.0949211 -0.995485 0
    outer loop
      vertex 31.4836 127.796 10
      vertex 31.3997 127.788 9.4
      vertex 31.4836 127.796 9.4
    endloop
  endfacet
  facet normal 0.0331676 -0.99945 0
    outer loop
      vertex 31.3093 127.785 9.4
      vertex 31.3997 127.788 10
      vertex 31.3093 127.785 10
    endloop
  endfacet
  facet normal 0.0331676 -0.99945 0
    outer loop
      vertex 31.3997 127.788 10
      vertex 31.3093 127.785 9.4
      vertex 31.3997 127.788 9.4
    endloop
  endfacet
  facet normal 0 -1 0
    outer loop
      vertex 31.0597 127.785 9.4
      vertex 31.3093 127.785 10
      vertex 31.0597 127.785 10
    endloop
  endfacet
  facet normal 0 -1 -0
    outer loop
      vertex 31.3093 127.785 10
      vertex 31.0597 127.785 9.4
      vertex 31.3093 127.785 9.4
    endloop
  endfacet
  facet normal 1 -0 0
    outer loop
      vertex 31.0597 127.169 10
      vertex 31.0597 127.785 9.4
      vertex 31.0597 127.785 10
    endloop
  endfacet
  facet normal 1 0 0
    outer loop
      vertex 31.0597 127.785 9.4
      vertex 31.0597 127.169 10
      vertex 31.0597 127.169 9.4
    endloop
  endfacet
  facet normal 0 1 -0
    outer loop
      vertex 31.3256 127.169 9.4
      vertex 31.0597 127.169 10
      vertex 31.3256 127.169 10
    endloop
  endfacet
  facet normal 0 1 0
    outer loop
      vertex 31.0597 127.169 10
      vertex 31.3256 127.169 9.4
      vertex 31.0597 127.169 9.4
    endloop
  endfacet
  facet normal 0.0299267 0.999552 -0
    outer loop
      vertex 31.4258 127.166 9.4
      vertex 31.3256 127.169 10
      vertex 31.4258 127.166 10
    endloop
  endfacet
  facet normal 0.0299267 0.999552 0
    outer loop
      vertex 31.3256 127.169 10
      vertex 31.4258 127.166 9.4
      vertex 31.3256 127.169 9.4
    endloop
  endfacet
  facet normal 0.0857966 0.996313 -0
    outer loop
      vertex 31.5187 127.158 9.4
      vertex 31.4258 127.166 10
      vertex 31.5187 127.158 10
    endloop
  endfacet
  facet normal 0.0857966 0.996313 0
    outer loop
      vertex 31.4258 127.166 10
      vertex 31.5187 127.158 9.4
      vertex 31.4258 127.166 9.4
    endloop
  endfacet
  facet normal 0.161591 0.986858 -0
    outer loop
      vertex 31.6042 127.144 9.4
      vertex 31.5187 127.158 10
      vertex 31.6042 127.144 10
    endloop
  endfacet
  facet normal 0.161591 0.986858 0
    outer loop
      vertex 31.5187 127.158 10
      vertex 31.6042 127.144 9.4
      vertex 31.5187 127.158 9.4
    endloop
  endfacet
  facet normal 0.235813 0.971798 -0
    outer loop
      vertex 31.6825 127.125 9.4
      vertex 31.6042 127.144 10
      vertex 31.6825 127.125 10
    endloop
  endfacet
  facet normal 0.235813 0.971798 0
    outer loop
      vertex 31.6042 127.144 10
      vertex 31.6825 127.125 9.4
      vertex 31.6042 127.144 9.4
    endloop
  endfacet
  facet normal 0.332125 0.943235 -0
    outer loop
      vertex 31.7535 127.1 9.4
      vertex 31.6825 127.125 10
      vertex 31.7535 127.1 10
    endloop
  endfacet
  facet normal 0.332125 0.943235 0
    outer loop
      vertex 31.6825 127.125 10
      vertex 31.7535 127.1 9.4
      vertex 31.6825 127.125 9.4
    endloop
  endfacet
  facet normal 0.426071 0.90469 -0
    outer loop
      vertex 31.8172 127.07 9.4
      vertex 31.7535 127.1 10
      vertex 31.8172 127.07 10
    endloop
  endfacet
  facet normal 0.426071 0.90469 0
    outer loop
      vertex 31.7535 127.1 10
      vertex 31.8172 127.07 9.4
      vertex 31.7535 127.1 9.4
    endloop
  endfacet
  facet normal 0.538714 0.842489 -0
    outer loop
      vertex 31.8735 127.034 9.4
      vertex 31.8172 127.07 10
      vertex 31.8735 127.034 10
    endloop
  endfacet
  facet normal 0.538714 0.842489 0
    outer loop
      vertex 31.8172 127.07 10
      vertex 31.8735 127.034 9.4
      vertex 31.8172 127.07 9.4
    endloop
  endfacet
  facet normal 0.651558 0.758599 -0
    outer loop
      vertex 31.9224 126.992 9.4
      vertex 31.8735 127.034 10
      vertex 31.9224 126.992 10
    endloop
  endfacet
  facet normal 0.651558 0.758599 0
    outer loop
      vertex 31.8735 127.034 10
      vertex 31.9224 126.992 9.4
      vertex 31.8735 127.034 9.4
    endloop
  endfacet
  facet normal 0.743294 0.668965 -2.09542e-18
    outer loop
      vertex 31.9638 126.946 10
      vertex 31.9224 126.992 9.4
      vertex 31.9224 126.992 10
    endloop
  endfacet
  facet normal 0.743294 0.668965 -2.09542e-18
    outer loop
      vertex 31.9224 126.992 9.4
      vertex 31.9638 126.946 10
      vertex 31.9638 126.946 9.4
    endloop
  endfacet
  facet normal 0.832803 0.553569 6.42233e-19
    outer loop
      vertex 31.9977 126.895 10
      vertex 31.9638 126.946 9.4
      vertex 31.9638 126.946 10
    endloop
  endfacet
  facet normal 0.832803 0.553569 6.42233e-19
    outer loop
      vertex 31.9638 126.946 9.4
      vertex 31.9977 126.895 10
      vertex 31.9977 126.895 9.4
    endloop
  endfacet
  facet normal 0.901523 0.432731 2.12197e-18
    outer loop
      vertex 32.0241 126.84 10
      vertex 31.9977 126.895 9.4
      vertex 31.9977 126.895 10
    endloop
  endfacet
  facet normal 0.901523 0.432731 2.12197e-18
    outer loop
      vertex 31.9977 126.895 9.4
      vertex 32.0241 126.84 10
      vertex 32.0241 126.84 9.4
    endloop
  endfacet
  facet normal 0.955643 0.294526 1.14316e-18
    outer loop
      vertex 32.0429 126.779 10
      vertex 32.0241 126.84 9.4
      vertex 32.0241 126.84 10
    endloop
  endfacet
  facet normal 0.955643 0.294526 1.14316e-18
    outer loop
      vertex 32.0241 126.84 9.4
      vertex 32.0429 126.779 10
      vertex 32.0429 126.779 9.4
    endloop
  endfacet
  facet normal 0.985658 0.168757 7.66424e-19
    outer loop
      vertex 32.0542 126.713 10
      vertex 32.0429 126.779 9.4
      vertex 32.0429 126.779 10
    endloop
  endfacet
  facet normal 0.985658 0.168757 7.66424e-19
    outer loop
      vertex 32.0429 126.779 9.4
      vertex 32.0542 126.713 10
      vertex 32.0542 126.713 9.4
    endloop
  endfacet
  facet normal 0.998606 0.0527835 9.98138e-21
    outer loop
      vertex 32.0579 126.643 10
      vertex 32.0542 126.713 9.4
      vertex 32.0542 126.713 10
    endloop
  endfacet
  facet normal 0.998606 0.0527835 9.98138e-21
    outer loop
      vertex 32.0542 126.713 9.4
      vertex 32.0579 126.643 10
      vertex 32.0579 126.643 9.4
    endloop
  endfacet
  facet normal 0.999191 -0.0402272 1.46859e-19
    outer loop
      vertex 32.0548 126.566 10
      vertex 32.0579 126.643 9.4
      vertex 32.0579 126.643 10
    endloop
  endfacet
  facet normal 0.999191 -0.0402272 1.46859e-19
    outer loop
      vertex 32.0579 126.643 9.4
      vertex 32.0548 126.566 10
      vertex 32.0548 126.566 9.4
    endloop
  endfacet
  facet normal 0.99153 -0.129876 -1.3027e-19
    outer loop
      vertex 32.0455 126.495 10
      vertex 32.0548 126.566 9.4
      vertex 32.0548 126.566 10
    endloop
  endfacet
  facet normal 0.99153 -0.129876 -1.3027e-19
    outer loop
      vertex 32.0548 126.566 9.4
      vertex 32.0455 126.495 10
      vertex 32.0455 126.495 9.4
    endloop
  endfacet
  facet normal 0.972726 -0.231958 -4.82859e-19
    outer loop
      vertex 32.03 126.43 10
      vertex 32.0455 126.495 9.4
      vertex 32.0455 126.495 10
    endloop
  endfacet
  facet normal 0.972726 -0.231958 -4.82859e-19
    outer loop
      vertex 32.0455 126.495 9.4
      vertex 32.03 126.43 10
      vertex 32.03 126.43 9.4
    endloop
  endfacet
  facet normal 0.938533 -0.345189 -7.58233e-19
    outer loop
      vertex 32.0083 126.371 10
      vertex 32.03 126.43 9.4
      vertex 32.03 126.43 10
    endloop
  endfacet
  facet normal 0.938533 -0.345189 -7.58233e-19
    outer loop
      vertex 32.03 126.43 9.4
      vertex 32.0083 126.371 10
      vertex 32.0083 126.371 9.4
    endloop
  endfacet
  facet normal 0.888426 -0.45902 2.19661e-18
    outer loop
      vertex 31.9804 126.317 10
      vertex 32.0083 126.371 9.4
      vertex 32.0083 126.371 10
    endloop
  endfacet
  facet normal 0.888426 -0.45902 2.19661e-18
    outer loop
      vertex 32.0083 126.371 9.4
      vertex 31.9804 126.317 10
      vertex 31.9804 126.317 9.4
    endloop
  endfacet
  facet normal 0.809406 -0.58725 9.35187e-19
    outer loop
      vertex 31.9463 126.27 10
      vertex 31.9804 126.317 9.4
      vertex 31.9804 126.317 10
    endloop
  endfacet
  facet normal 0.809406 -0.58725 9.35187e-19
    outer loop
      vertex 31.9804 126.317 9.4
      vertex 31.9463 126.27 10
      vertex 31.9463 126.27 9.4
    endloop
  endfacet
  facet normal 0.721559 -0.692353 7.65487e-19
    outer loop
      vertex 31.906 126.228 10
      vertex 31.9463 126.27 9.4
      vertex 31.9463 126.27 10
    endloop
  endfacet
  facet normal 0.721559 -0.692353 7.65487e-19
    outer loop
      vertex 31.9463 126.27 9.4
      vertex 31.906 126.228 10
      vertex 31.906 126.228 9.4
    endloop
  endfacet
  facet normal 0.61714 -0.786853 0
    outer loop
      vertex 31.8601 126.192 9.4
      vertex 31.906 126.228 10
      vertex 31.8601 126.192 10
    endloop
  endfacet
  facet normal 0.61714 -0.786853 0
    outer loop
      vertex 31.906 126.228 10
      vertex 31.8601 126.192 9.4
      vertex 31.906 126.228 9.4
    endloop
  endfacet
  facet normal 0.508501 -0.861061 0
    outer loop
      vertex 31.8093 126.162 9.4
      vertex 31.8601 126.192 10
      vertex 31.8093 126.162 10
    endloop
  endfacet
  facet normal 0.508501 -0.861061 0
    outer loop
      vertex 31.8601 126.192 10
      vertex 31.8093 126.162 9.4
      vertex 31.8601 126.192 9.4
    endloop
  endfacet
  facet normal 0.408259 -0.912866 0
    outer loop
      vertex 31.7534 126.137 9.4
      vertex 31.8093 126.162 10
      vertex 31.7534 126.137 10
    endloop
  endfacet
  facet normal 0.408259 -0.912866 0
    outer loop
      vertex 31.8093 126.162 10
      vertex 31.7534 126.137 9.4
      vertex 31.8093 126.162 9.4
    endloop
  endfacet
  facet normal 0.312476 -0.949926 0
    outer loop
      vertex 31.6926 126.117 9.4
      vertex 31.7534 126.137 10
      vertex 31.6926 126.117 10
    endloop
  endfacet
  facet normal 0.312476 -0.949926 0
    outer loop
      vertex 31.7534 126.137 10
      vertex 31.6926 126.117 9.4
      vertex 31.7534 126.137 9.4
    endloop
  endfacet
  facet normal 0.208108 -0.978106 0
    outer loop
      vertex 31.6268 126.103 9.4
      vertex 31.6926 126.117 10
      vertex 31.6268 126.103 10
    endloop
  endfacet
  facet normal 0.208108 -0.978106 0
    outer loop
      vertex 31.6926 126.117 10
      vertex 31.6268 126.103 9.4
      vertex 31.6926 126.117 9.4
    endloop
  endfacet
  facet normal 0.11228 -0.993677 0
    outer loop
      vertex 31.556 126.095 9.4
      vertex 31.6268 126.103 10
      vertex 31.556 126.095 10
    endloop
  endfacet
  facet normal 0.11228 -0.993677 0
    outer loop
      vertex 31.6268 126.103 10
      vertex 31.556 126.095 9.4
      vertex 31.6268 126.103 9.4
    endloop
  endfacet
  facet normal 0.0395469 -0.999218 0
    outer loop
      vertex 31.4802 126.092 9.4
      vertex 31.556 126.095 10
      vertex 31.4802 126.092 10
    endloop
  endfacet
  facet normal 0.0395469 -0.999218 0
    outer loop
      vertex 31.556 126.095 10
      vertex 31.4802 126.092 9.4
      vertex 31.556 126.095 9.4
    endloop
  endfacet
  facet normal -0.0806534 -0.996742 0
    outer loop
      vertex 31.3319 126.104 9.4
      vertex 31.4802 126.092 10
      vertex 31.3319 126.104 10
    endloop
  endfacet
  facet normal -0.0806534 -0.996742 -0
    outer loop
      vertex 31.4802 126.092 10
      vertex 31.3319 126.104 9.4
      vertex 31.4802 126.092 9.4
    endloop
  endfacet
  facet normal -0.248375 -0.968664 0
    outer loop
      vertex 31.2032 126.137 9.4
      vertex 31.3319 126.104 10
      vertex 31.2032 126.137 10
    endloop
  endfacet
  facet normal -0.248375 -0.968664 -0
    outer loop
      vertex 31.3319 126.104 10
      vertex 31.2032 126.137 9.4
      vertex 31.3319 126.104 9.4
    endloop
  endfacet
  facet normal -0.456648 -0.889648 0
    outer loop
      vertex 31.0941 126.193 9.4
      vertex 31.2032 126.137 10
      vertex 31.0941 126.193 10
    endloop
  endfacet
  facet normal -0.456648 -0.889648 -0
    outer loop
      vertex 31.2032 126.137 10
      vertex 31.0941 126.193 9.4
      vertex 31.2032 126.137 9.4
    endloop
  endfacet
  facet normal -0.66176 -0.749716 0
    outer loop
      vertex 31.0046 126.272 9.4
      vertex 31.0941 126.193 10
      vertex 31.0046 126.272 10
    endloop
  endfacet
  facet normal -0.66176 -0.749716 -0
    outer loop
      vertex 31.0941 126.193 10
      vertex 31.0046 126.272 9.4
      vertex 31.0941 126.193 9.4
    endloop
  endfacet
  facet normal -0.82228 -0.569083 1.12352e-18
    outer loop
      vertex 31.0046 126.272 9.4
      vertex 30.9347 126.373 10
      vertex 30.9347 126.373 9.4
    endloop
  endfacet
  facet normal -0.82228 -0.569083 1.12352e-18
    outer loop
      vertex 30.9347 126.373 10
      vertex 31.0046 126.272 9.4
      vertex 31.0046 126.272 10
    endloop
  endfacet
  facet normal -0.926662 -0.375896 3.44303e-18
    outer loop
      vertex 30.9347 126.373 9.4
      vertex 30.8844 126.497 10
      vertex 30.8844 126.497 9.4
    endloop
  endfacet
  facet normal -0.926662 -0.375896 3.44303e-18
    outer loop
      vertex 30.8844 126.497 10
      vertex 30.9347 126.373 9.4
      vertex 30.9347 126.373 10
    endloop
  endfacet
  facet normal -0.978464 -0.206416 -2.58793e-18
    outer loop
      vertex 30.8844 126.497 9.4
      vertex 30.8536 126.643 10
      vertex 30.8536 126.643 9.4
    endloop
  endfacet
  facet normal -0.978464 -0.206416 -2.58793e-18
    outer loop
      vertex 30.8536 126.643 10
      vertex 30.8844 126.497 9.4
      vertex 30.8844 126.497 10
    endloop
  endfacet
  facet normal 0.0873167 -0.996181 0
    outer loop
      vertex 30.0778 126.575 9.4
      vertex 30.8536 126.643 10
      vertex 30.0778 126.575 10
    endloop
  endfacet
  facet normal 0.0873167 -0.996181 0
    outer loop
      vertex 30.8536 126.643 10
      vertex 30.0778 126.575 9.4
      vertex 30.8536 126.643 9.4
    endloop
  endfacet
  facet normal 0.986933 0.161132 8.47565e-19
    outer loop
      vertex 30.1018 126.428 10
      vertex 30.0778 126.575 9.4
      vertex 30.0778 126.575 10
    endloop
  endfacet
  facet normal 0.986933 0.161132 8.47565e-19
    outer loop
      vertex 30.0778 126.575 9.4
      vertex 30.1018 126.428 10
      vertex 30.1018 126.428 9.4
    endloop
  endfacet
  facet normal 0.967102 0.25439 -1.8319e-18
    outer loop
      vertex 30.1381 126.29 10
      vertex 30.1018 126.428 9.4
      vertex 30.1018 126.428 10
    endloop
  endfacet
  facet normal 0.967102 0.25439 -1.8319e-18
    outer loop
      vertex 30.1018 126.428 9.4
      vertex 30.1381 126.29 10
      vertex 30.1381 126.29 9.4
    endloop
  endfacet
  facet normal 0.934196 0.35676 -4.88434e-18
    outer loop
      vertex 30.1866 126.163 10
      vertex 30.1381 126.29 9.4
      vertex 30.1381 126.29 10
    endloop
  endfacet
  facet normal 0.934196 0.35676 -4.88434e-18
    outer loop
      vertex 30.1381 126.29 9.4
      vertex 30.1866 126.163 10
      vertex 30.1866 126.163 9.4
    endloop
  endfacet
  facet normal 0.887031 0.461711 -5.64507e-19
    outer loop
      vertex 30.2475 126.046 10
      vertex 30.1866 126.163 9.4
      vertex 30.1866 126.163 10
    endloop
  endfacet
  facet normal 0.887031 0.461711 -5.64507e-19
    outer loop
      vertex 30.1866 126.163 9.4
      vertex 30.2475 126.046 10
      vertex 30.2475 126.046 9.4
    endloop
  endfacet
  facet normal 0.823225 0.567715 -4.36691e-18
    outer loop
      vertex 30.3206 125.94 10
      vertex 30.2475 126.046 9.4
      vertex 30.2475 126.046 10
    endloop
  endfacet
  facet normal 0.823225 0.567715 -4.36691e-18
    outer loop
      vertex 30.2475 126.046 9.4
      vertex 30.3206 125.94 10
      vertex 30.3206 125.94 9.4
    endloop
  endfacet
  facet normal 0.75056 0.660802 8.84775e-18
    outer loop
      vertex 30.406 125.843 10
      vertex 30.3206 125.94 9.4
      vertex 30.3206 125.94 10
    endloop
  endfacet
  facet normal 0.75056 0.660802 8.84775e-18
    outer loop
      vertex 30.3206 125.94 9.4
      vertex 30.406 125.843 10
      vertex 30.406 125.843 9.4
    endloop
  endfacet
  facet normal 0.660732 0.750622 -0
    outer loop
      vertex 30.5037 125.757 9.4
      vertex 30.406 125.843 10
      vertex 30.5037 125.757 10
    endloop
  endfacet
  facet normal 0.660732 0.750622 0
    outer loop
      vertex 30.406 125.843 10
      vertex 30.5037 125.757 9.4
      vertex 30.406 125.843 9.4
    endloop
  endfacet
  facet normal 0.56685 0.823821 -0
    outer loop
      vertex 30.6127 125.682 9.4
      vertex 30.5037 125.757 10
      vertex 30.6127 125.682 10
    endloop
  endfacet
  facet normal 0.56685 0.823821 0
    outer loop
      vertex 30.5037 125.757 10
      vertex 30.6127 125.682 9.4
      vertex 30.5037 125.757 9.4
    endloop
  endfacet
  facet normal 0.472734 0.881205 -0
    outer loop
      vertex 30.732 125.618 9.4
      vertex 30.6127 125.682 10
      vertex 30.732 125.618 10
    endloop
  endfacet
  facet normal 0.472734 0.881205 0
    outer loop
      vertex 30.6127 125.682 10
      vertex 30.732 125.618 9.4
      vertex 30.6127 125.682 9.4
    endloop
  endfacet
  facet normal 0.372378 0.928081 -0
    outer loop
      vertex 30.8616 125.566 9.4
      vertex 30.732 125.618 10
      vertex 30.8616 125.566 10
    endloop
  endfacet
  facet normal 0.372378 0.928081 0
    outer loop
      vertex 30.732 125.618 10
      vertex 30.8616 125.566 9.4
      vertex 30.732 125.618 9.4
    endloop
  endfacet
  facet normal 0.274903 0.961472 -0
    outer loop
      vertex 31.0015 125.526 9.4
      vertex 30.8616 125.566 10
      vertex 31.0015 125.526 10
    endloop
  endfacet
  facet normal 0.274903 0.961472 0
    outer loop
      vertex 30.8616 125.566 10
      vertex 31.0015 125.526 9.4
      vertex 30.8616 125.566 9.4
    endloop
  endfacet
  facet normal 0.189575 0.981866 -0
    outer loop
      vertex 31.1517 125.497 9.4
      vertex 31.0015 125.526 10
      vertex 31.1517 125.497 10
    endloop
  endfacet
  facet normal 0.189575 0.981866 0
    outer loop
      vertex 31.0015 125.526 10
      vertex 31.1517 125.497 9.4
      vertex 31.0015 125.526 9.4
    endloop
  endfacet
  facet normal 0.105395 0.99443 -0
    outer loop
      vertex 31.3121 125.48 9.4
      vertex 31.1517 125.497 10
      vertex 31.3121 125.48 10
    endloop
  endfacet
  facet normal 0.105395 0.99443 0
    outer loop
      vertex 31.1517 125.497 10
      vertex 31.3121 125.48 9.4
      vertex 31.1517 125.497 9.4
    endloop
  endfacet
  facet normal 0.0351072 0.999384 -0
    outer loop
      vertex 31.4829 125.474 9.4
      vertex 31.3121 125.48 10
      vertex 31.4829 125.474 10
    endloop
  endfacet
  facet normal 0.0351072 0.999384 0
    outer loop
      vertex 31.3121 125.48 10
      vertex 31.4829 125.474 9.4
      vertex 31.3121 125.48 9.4
    endloop
  endfacet
  facet normal -0.0333333 0.999444 0
    outer loop
      vertex 31.6628 125.48 9.4
      vertex 31.4829 125.474 10
      vertex 31.6628 125.48 10
    endloop
  endfacet
  facet normal -0.0333333 0.999444 0
    outer loop
      vertex 31.4829 125.474 10
      vertex 31.6628 125.48 9.4
      vertex 31.4829 125.474 9.4
    endloop
  endfacet
  facet normal 0 1 -0
    outer loop
      vertex 28.1427 126.987 9.4
      vertex 27.2041 126.987 10
      vertex 28.1427 126.987 10
    endloop
  endfacet
  facet normal 0 1 0
    outer loop
      vertex 27.2041 126.987 10
      vertex 28.1427 126.987 9.4
      vertex 27.2041 126.987 9.4
    endloop
  endfacet
  facet normal 0.853209 0.521569 -1.03505e-16
    outer loop
      vertex 29.0297 125.536 10
      vertex 28.1427 126.987 9.4
      vertex 28.1427 126.987 10
    endloop
  endfacet
  facet normal 0.853209 0.521569 -1.03505e-16
    outer loop
      vertex 28.1427 126.987 9.4
      vertex 29.0297 125.536 10
      vertex 29.0297 125.536 9.4
    endloop
  endfacet
  facet normal 0 1 -0
    outer loop
      vertex 29.9302 125.536 9.4
      vertex 29.0297 125.536 10
      vertex 29.9302 125.536 10
    endloop
  endfacet
  facet normal 0 1 0
    outer loop
      vertex 29.0297 125.536 10
      vertex 29.9302 125.536 9.4
      vertex 29.0297 125.536 9.4
    endloop
  endfacet
  facet normal -0.840923 -0.541154 2.93175e-17
    outer loop
      vertex 29.9302 125.536 9.4
      vertex 28.8967 127.142 10
      vertex 28.8967 127.142 9.4
    endloop
  endfacet
  facet normal -0.840923 -0.541154 2.93175e-17
    outer loop
      vertex 28.8967 127.142 10
      vertex 29.9302 125.536 9.4
      vertex 29.9302 125.536 10
    endloop
  endfacet
  facet normal -0.268567 0.963261 0
    outer loop
      vertex 29.0043 127.172 9.4
      vertex 28.8967 127.142 10
      vertex 29.0043 127.172 10
    endloop
  endfacet
  facet normal -0.268567 0.963261 0
    outer loop
      vertex 28.8967 127.142 10
      vertex 29.0043 127.172 9.4
      vertex 28.8967 127.142 9.4
    endloop
  endfacet
  facet normal -0.360217 0.932869 0
    outer loop
      vertex 29.1053 127.211 9.4
      vertex 29.0043 127.172 10
      vertex 29.1053 127.211 10
    endloop
  endfacet
  facet normal -0.360217 0.932869 0
    outer loop
      vertex 29.0043 127.172 10
      vertex 29.1053 127.211 9.4
      vertex 29.0043 127.172 9.4
    endloop
  endfacet
  facet normal -0.445318 0.895373 0
    outer loop
      vertex 29.1998 127.258 9.4
      vertex 29.1053 127.211 10
      vertex 29.1998 127.258 10
    endloop
  endfacet
  facet normal -0.445318 0.895373 0
    outer loop
      vertex 29.1053 127.211 10
      vertex 29.1998 127.258 9.4
      vertex 29.1053 127.211 9.4
    endloop
  endfacet
  facet normal -0.529999 0.847998 0
    outer loop
      vertex 29.2878 127.313 9.4
      vertex 29.1998 127.258 10
      vertex 29.2878 127.313 10
    endloop
  endfacet
  facet normal -0.529999 0.847998 0
    outer loop
      vertex 29.1998 127.258 10
      vertex 29.2878 127.313 9.4
      vertex 29.1998 127.258 9.4
    endloop
  endfacet
  facet normal -0.612056 0.790815 0
    outer loop
      vertex 29.3692 127.376 9.4
      vertex 29.2878 127.313 10
      vertex 29.3692 127.376 10
    endloop
  endfacet
  facet normal -0.612056 0.790815 0
    outer loop
      vertex 29.2878 127.313 10
      vertex 29.3692 127.376 9.4
      vertex 29.2878 127.313 9.4
    endloop
  endfacet
  facet normal -0.68796 0.725749 0
    outer loop
      vertex 29.4441 127.447 9.4
      vertex 29.3692 127.376 10
      vertex 29.4441 127.447 10
    endloop
  endfacet
  facet normal -0.68796 0.725749 0
    outer loop
      vertex 29.3692 127.376 10
      vertex 29.4441 127.447 9.4
      vertex 29.3692 127.376 9.4
    endloop
  endfacet
  facet normal -0.756005 0.654566 3.21621e-18
    outer loop
      vertex 29.4441 127.447 9.4
      vertex 29.5125 127.526 10
      vertex 29.5125 127.526 9.4
    endloop
  endfacet
  facet normal -0.756005 0.654566 3.21621e-18
    outer loop
      vertex 29.5125 127.526 10
      vertex 29.4441 127.447 9.4
      vertex 29.4441 127.447 10
    endloop
  endfacet
  facet normal -0.815157 0.579241 1.72129e-19
    outer loop
      vertex 29.5125 127.526 9.4
      vertex 29.5729 127.611 10
      vertex 29.5729 127.611 9.4
    endloop
  endfacet
  facet normal -0.815157 0.579241 1.72129e-19
    outer loop
      vertex 29.5729 127.611 10
      vertex 29.5125 127.526 9.4
      vertex 29.5125 127.526 10
    endloop
  endfacet
  facet normal -0.869192 0.494474 -1.8737e-18
    outer loop
      vertex 29.5729 127.611 9.4
      vertex 29.6241 127.701 10
      vertex 29.6241 127.701 9.4
    endloop
  endfacet
  facet normal -0.869192 0.494474 -1.8737e-18
    outer loop
      vertex 29.6241 127.701 10
      vertex 29.5729 127.611 9.4
      vertex 29.5729 127.611 10
    endloop
  endfacet
  facet normal -0.915315 0.402739 -3.02098e-18
    outer loop
      vertex 29.6241 127.701 9.4
      vertex 29.6659 127.796 10
      vertex 29.6659 127.796 9.4
    endloop
  endfacet
  facet normal -0.915315 0.402739 -3.02098e-18
    outer loop
      vertex 29.6659 127.796 10
      vertex 29.6241 127.701 9.4
      vertex 29.6241 127.701 10
    endloop
  endfacet
  facet normal -0.949828 0.312772 -5.98361e-19
    outer loop
      vertex 29.6659 127.796 9.4
      vertex 29.6985 127.895 10
      vertex 29.6985 127.895 9.4
    endloop
  endfacet
  facet normal -0.949828 0.312772 -5.98361e-19
    outer loop
      vertex 29.6985 127.895 10
      vertex 29.6659 127.796 9.4
      vertex 29.6659 127.796 10
    endloop
  endfacet
  facet normal -0.975559 0.219738 2.22016e-18
    outer loop
      vertex 29.6985 127.895 9.4
      vertex 29.7217 127.998 10
      vertex 29.7217 127.998 9.4
    endloop
  endfacet
  facet normal -0.975559 0.219738 2.22016e-18
    outer loop
      vertex 29.7217 127.998 10
      vertex 29.6985 127.895 9.4
      vertex 29.6985 127.895 10
    endloop
  endfacet
  facet normal -0.991703 0.128554 4.55144e-19
    outer loop
      vertex 29.7217 127.998 9.4
      vertex 29.7357 128.106 10
      vertex 29.7357 128.106 9.4
    endloop
  endfacet
  facet normal -0.991703 0.128554 4.55144e-19
    outer loop
      vertex 29.7357 128.106 10
      vertex 29.7217 127.998 9.4
      vertex 29.7217 127.998 10
    endloop
  endfacet
  facet normal -0.999172 0.0406743 3.51771e-21
    outer loop
      vertex 29.7357 128.106 9.4
      vertex 29.7403 128.219 10
      vertex 29.7403 128.219 9.4
    endloop
  endfacet
  facet normal -0.999172 0.0406743 3.51771e-21
    outer loop
      vertex 29.7403 128.219 10
      vertex 29.7357 128.106 9.4
      vertex 29.7357 128.106 10
    endloop
  endfacet
  facet normal -0.998785 -0.0492821 -8.29832e-19
    outer loop
      vertex 29.7403 128.219 9.4
      vertex 29.7328 128.371 10
      vertex 29.7328 128.371 9.4
    endloop
  endfacet
  facet normal -0.998785 -0.0492821 -8.29832e-19
    outer loop
      vertex 29.7328 128.371 10
      vertex 29.7403 128.219 9.4
      vertex 29.7403 128.219 10
    endloop
  endfacet
  facet normal -0.987354 -0.158533 1.88866e-18
    outer loop
      vertex 29.7328 128.371 9.4
      vertex 29.71 128.513 10
      vertex 29.71 128.513 9.4
    endloop
  endfacet
  facet normal -0.987354 -0.158533 1.88866e-18
    outer loop
      vertex 29.71 128.513 10
      vertex 29.7328 128.371 9.4
      vertex 29.7328 128.371 10
    endloop
  endfacet
  facet normal -0.960605 -0.277916 -3.38426e-18
    outer loop
      vertex 29.71 128.513 9.4
      vertex 29.6721 128.644 10
      vertex 29.6721 128.644 9.4
    endloop
  endfacet
  facet normal -0.960605 -0.277916 -3.38426e-18
    outer loop
      vertex 29.6721 128.644 10
      vertex 29.71 128.513 9.4
      vertex 29.71 128.513 10
    endloop
  endfacet
  facet normal -0.915705 -0.401851 3.18462e-18
    outer loop
      vertex 29.6721 128.644 9.4
      vertex 29.619 128.765 10
      vertex 29.619 128.765 9.4
    endloop
  endfacet
  facet normal -0.915705 -0.401851 3.18462e-18
    outer loop
      vertex 29.619 128.765 10
      vertex 29.6721 128.644 9.4
      vertex 29.6721 128.644 10
    endloop
  endfacet
  facet normal -0.849557 -0.527497 5.06754e-18
    outer loop
      vertex 29.619 128.765 9.4
      vertex 29.5507 128.875 10
      vertex 29.5507 128.875 9.4
    endloop
  endfacet
  facet normal -0.849557 -0.527497 5.06754e-18
    outer loop
      vertex 29.5507 128.875 10
      vertex 29.619 128.765 9.4
      vertex 29.619 128.765 10
    endloop
  endfacet
  facet normal -0.767969 -0.640487 -2.55075e-18
    outer loop
      vertex 29.5507 128.875 9.4
      vertex 29.4673 128.975 10
      vertex 29.4673 128.975 9.4
    endloop
  endfacet
  facet normal -0.767969 -0.640487 -2.55075e-18
    outer loop
      vertex 29.4673 128.975 10
      vertex 29.5507 128.875 9.4
      vertex 29.5507 128.875 10
    endloop
  endfacet
  facet normal -0.670045 -0.74232 0
    outer loop
      vertex 29.3687 129.064 9.4
      vertex 29.4673 128.975 10
      vertex 29.3687 129.064 10
    endloop
  endfacet
  facet normal -0.670045 -0.74232 -0
    outer loop
      vertex 29.4673 128.975 10
      vertex 29.3687 129.064 9.4
      vertex 29.4673 128.975 9.4
    endloop
  endfacet
  facet normal -0.56978 -0.821798 0
    outer loop
      vertex 29.2562 129.142 9.4
      vertex 29.3687 129.064 10
      vertex 29.2562 129.142 10
    endloop
  endfacet
  facet normal -0.56978 -0.821798 -0
    outer loop
      vertex 29.3687 129.064 10
      vertex 29.2562 129.142 9.4
      vertex 29.3687 129.064 9.4
    endloop
  endfacet
  facet normal -0.466037 -0.884765 0
    outer loop
      vertex 29.1309 129.208 9.4
      vertex 29.2562 129.142 10
      vertex 29.1309 129.208 10
    endloop
  endfacet
  facet normal -0.466037 -0.884765 -0
    outer loop
      vertex 29.2562 129.142 10
      vertex 29.1309 129.208 9.4
      vertex 29.2562 129.142 9.4
    endloop
  endfacet
  facet normal -0.364399 -0.931243 0
    outer loop
      vertex 28.9929 129.262 9.4
      vertex 29.1309 129.208 10
      vertex 28.9929 129.262 10
    endloop
  endfacet
  facet normal -0.364399 -0.931243 -0
    outer loop
      vertex 29.1309 129.208 10
      vertex 28.9929 129.262 9.4
      vertex 29.1309 129.208 9.4
    endloop
  endfacet
  facet normal -0.268468 -0.963289 0
    outer loop
      vertex 28.8422 129.304 9.4
      vertex 28.9929 129.262 10
      vertex 28.8422 129.304 10
    endloop
  endfacet
  facet normal -0.268468 -0.963289 -0
    outer loop
      vertex 28.9929 129.262 10
      vertex 28.8422 129.304 9.4
      vertex 28.9929 129.262 9.4
    endloop
  endfacet
  facet normal -0.180473 -0.98358 0
    outer loop
      vertex 28.6787 129.334 9.4
      vertex 28.8422 129.304 10
      vertex 28.6787 129.334 10
    endloop
  endfacet
  facet normal -0.180473 -0.98358 -0
    outer loop
      vertex 28.8422 129.304 10
      vertex 28.6787 129.334 9.4
      vertex 28.8422 129.304 9.4
    endloop
  endfacet
  facet normal -0.101628 -0.994822 0
    outer loop
      vertex 28.5025 129.352 9.4
      vertex 28.6787 129.334 10
      vertex 28.5025 129.352 10
    endloop
  endfacet
  facet normal -0.101628 -0.994822 -0
    outer loop
      vertex 28.6787 129.334 10
      vertex 28.5025 129.352 9.4
      vertex 28.6787 129.334 9.4
    endloop
  endfacet
  facet normal -0.0317468 -0.999496 0
    outer loop
      vertex 28.3136 129.358 9.4
      vertex 28.5025 129.352 10
      vertex 28.3136 129.358 10
    endloop
  endfacet
  facet normal -0.0317468 -0.999496 -0
    outer loop
      vertex 28.5025 129.352 10
      vertex 28.3136 129.358 9.4
      vertex 28.5025 129.352 9.4
    endloop
  endfacet
  facet normal 0 -1 0
    outer loop
      vertex 26.4039 129.358 9.4
      vertex 28.3136 129.358 10
      vertex 26.4039 129.358 10
    endloop
  endfacet
  facet normal 0 -1 -0
    outer loop
      vertex 28.3136 129.358 10
      vertex 26.4039 129.358 9.4
      vertex 28.3136 129.358 9.4
    endloop
  endfacet
  facet normal 1 -0 0
    outer loop
      vertex 26.4039 125.536 10
      vertex 26.4039 129.358 9.4
      vertex 26.4039 129.358 10
    endloop
  endfacet
  facet normal 1 0 0
    outer loop
      vertex 26.4039 129.358 9.4
      vertex 26.4039 125.536 10
      vertex 26.4039 125.536 9.4
    endloop
  endfacet
  facet normal 0 1 -0
    outer loop
      vertex 27.2041 125.536 9.4
      vertex 26.4039 125.536 10
      vertex 27.2041 125.536 10
    endloop
  endfacet
  facet normal 0 1 0
    outer loop
      vertex 26.4039 125.536 10
      vertex 27.2041 125.536 9.4
      vertex 26.4039 125.536 9.4
    endloop
  endfacet
  facet normal -1 0 0
    outer loop
      vertex 27.2041 125.536 9.4
      vertex 27.2041 126.987 10
      vertex 27.2041 126.987 9.4
    endloop
  endfacet
  facet normal -1 -0 0
    outer loop
      vertex 27.2041 126.987 10
      vertex 27.2041 125.536 9.4
      vertex 27.2041 125.536 10
    endloop
  endfacet
  facet normal -1 0 0
    outer loop
      vertex 27.2041 127.609 9.4
      vertex 27.2041 128.737 10
      vertex 27.2041 128.737 9.4
    endloop
  endfacet
  facet normal -1 -0 0
    outer loop
      vertex 27.2041 128.737 10
      vertex 27.2041 127.609 9.4
      vertex 27.2041 127.609 10
    endloop
  endfacet
  facet normal 0 1 -0
    outer loop
      vertex 28.2295 128.737 9.4
      vertex 27.2041 128.737 10
      vertex 28.2295 128.737 10
    endloop
  endfacet
  facet normal 0 1 0
    outer loop
      vertex 27.2041 128.737 10
      vertex 28.2295 128.737 9.4
      vertex 27.2041 128.737 9.4
    endloop
  endfacet
  facet normal 0.0586907 0.998276 -0
    outer loop
      vertex 28.4166 128.726 9.4
      vertex 28.2295 128.737 10
      vertex 28.4166 128.726 10
    endloop
  endfacet
  facet normal 0.0586907 0.998276 0
    outer loop
      vertex 28.2295 128.737 10
      vertex 28.4166 128.726 9.4
      vertex 28.2295 128.737 9.4
    endloop
  endfacet
  facet normal 0.209993 0.977703 -0
    outer loop
      vertex 28.5749 128.692 9.4
      vertex 28.4166 128.726 10
      vertex 28.5749 128.692 10
    endloop
  endfacet
  facet normal 0.209993 0.977703 0
    outer loop
      vertex 28.4166 128.726 10
      vertex 28.5749 128.692 9.4
      vertex 28.4166 128.726 9.4
    endloop
  endfacet
  facet normal 0.396911 0.917857 -0
    outer loop
      vertex 28.7044 128.636 9.4
      vertex 28.5749 128.692 10
      vertex 28.7044 128.636 10
    endloop
  endfacet
  facet normal 0.396911 0.917857 0
    outer loop
      vertex 28.5749 128.692 10
      vertex 28.7044 128.636 9.4
      vertex 28.5749 128.692 9.4
    endloop
  endfacet
  facet normal 0.616856 0.787076 -0
    outer loop
      vertex 28.8052 128.557 9.4
      vertex 28.7044 128.636 10
      vertex 28.8052 128.557 10
    endloop
  endfacet
  facet normal 0.616856 0.787076 0
    outer loop
      vertex 28.7044 128.636 10
      vertex 28.8052 128.557 9.4
      vertex 28.7044 128.636 9.4
    endloop
  endfacet
  facet normal 0.814659 0.57994 2.05935e-18
    outer loop
      vertex 28.8771 128.456 10
      vertex 28.8052 128.557 9.4
      vertex 28.8052 128.557 10
    endloop
  endfacet
  facet normal 0.814659 0.57994 2.05935e-18
    outer loop
      vertex 28.8052 128.557 9.4
      vertex 28.8771 128.456 10
      vertex 28.8771 128.456 9.4
    endloop
  endfacet
  facet normal 0.944332 0.328993 3.44626e-18
    outer loop
      vertex 28.9203 128.332 10
      vertex 28.8771 128.456 9.4
      vertex 28.8771 128.456 10
    endloop
  endfacet
  facet normal 0.944332 0.328993 3.44626e-18
    outer loop
      vertex 28.8771 128.456 9.4
      vertex 28.9203 128.332 10
      vertex 28.9203 128.332 9.4
    endloop
  endfacet
  facet normal 0.995171 0.0981539 8.82313e-19
    outer loop
      vertex 28.9347 128.186 10
      vertex 28.9203 128.332 9.4
      vertex 28.9203 128.332 10
    endloop
  endfacet
  facet normal 0.995171 0.0981539 8.82313e-19
    outer loop
      vertex 28.9203 128.332 9.4
      vertex 28.9347 128.186 10
      vertex 28.9347 128.186 9.4
    endloop
  endfacet
  facet normal 0.998913 -0.0466159 4.8712e-19
    outer loop
      vertex 28.9312 128.111 10
      vertex 28.9347 128.186 9.4
      vertex 28.9347 128.186 10
    endloop
  endfacet
  facet normal 0.998913 -0.0466159 4.8712e-19
    outer loop
      vertex 28.9347 128.186 9.4
      vertex 28.9312 128.111 10
      vertex 28.9312 128.111 9.4
    endloop
  endfacet
  facet normal 0.988834 -0.149021 -1.11674e-18
    outer loop
      vertex 28.9205 128.04 10
      vertex 28.9312 128.111 9.4
      vertex 28.9312 128.111 10
    endloop
  endfacet
  facet normal 0.988834 -0.149021 -1.11674e-18
    outer loop
      vertex 28.9312 128.111 9.4
      vertex 28.9205 128.04 10
      vertex 28.9205 128.04 9.4
    endloop
  endfacet
  facet normal 0.96587 -0.259029 7.7507e-19
    outer loop
      vertex 28.9028 127.974 10
      vertex 28.9205 128.04 9.4
      vertex 28.9205 128.04 10
    endloop
  endfacet
  facet normal 0.96587 -0.259029 7.7507e-19
    outer loop
      vertex 28.9205 128.04 9.4
      vertex 28.9028 127.974 10
      vertex 28.9028 127.974 9.4
    endloop
  endfacet
  facet normal 0.926367 -0.376621 -4.32324e-19
    outer loop
      vertex 28.878 127.913 10
      vertex 28.9028 127.974 9.4
      vertex 28.9028 127.974 10
    endloop
  endfacet
  facet normal 0.926367 -0.376621 -4.32324e-19
    outer loop
      vertex 28.9028 127.974 9.4
      vertex 28.878 127.913 10
      vertex 28.878 127.913 9.4
    endloop
  endfacet
  facet normal 0.868911 -0.494969 -2.18755e-18
    outer loop
      vertex 28.8461 127.857 10
      vertex 28.878 127.913 9.4
      vertex 28.878 127.913 10
    endloop
  endfacet
  facet normal 0.868911 -0.494969 -2.18755e-18
    outer loop
      vertex 28.878 127.913 9.4
      vertex 28.8461 127.857 10
      vertex 28.8461 127.857 9.4
    endloop
  endfacet
  facet normal 0.79511 -0.606466 2.29688e-18
    outer loop
      vertex 28.8072 127.806 10
      vertex 28.8461 127.857 9.4
      vertex 28.8461 127.857 10
    endloop
  endfacet
  facet normal 0.79511 -0.606466 2.29688e-18
    outer loop
      vertex 28.8461 127.857 9.4
      vertex 28.8072 127.806 10
      vertex 28.8072 127.806 9.4
    endloop
  endfacet
  facet normal 0.706339 -0.707874 0
    outer loop
      vertex 28.7611 127.76 9.4
      vertex 28.8072 127.806 10
      vertex 28.7611 127.76 10
    endloop
  endfacet
  facet normal 0.706339 -0.707874 0
    outer loop
      vertex 28.8072 127.806 10
      vertex 28.7611 127.76 9.4
      vertex 28.8072 127.806 9.4
    endloop
  endfacet
  facet normal 0.603132 -0.797642 0
    outer loop
      vertex 28.7082 127.72 9.4
      vertex 28.7611 127.76 10
      vertex 28.7082 127.72 10
    endloop
  endfacet
  facet normal 0.603132 -0.797642 0
    outer loop
      vertex 28.7611 127.76 10
      vertex 28.7082 127.72 9.4
      vertex 28.7611 127.76 9.4
    endloop
  endfacet
  facet normal 0.495511 -0.868602 0
    outer loop
      vertex 28.6486 127.686 9.4
      vertex 28.7082 127.72 10
      vertex 28.6486 127.686 10
    endloop
  endfacet
  facet normal 0.495511 -0.868602 0
    outer loop
      vertex 28.7082 127.72 10
      vertex 28.6486 127.686 9.4
      vertex 28.7082 127.72 9.4
    endloop
  endfacet
  facet normal 0.389549 -0.921006 0
    outer loop
      vertex 28.5824 127.658 9.4
      vertex 28.6486 127.686 10
      vertex 28.5824 127.658 10
    endloop
  endfacet
  facet normal 0.389549 -0.921006 0
    outer loop
      vertex 28.6486 127.686 10
      vertex 28.5824 127.658 9.4
      vertex 28.6486 127.686 9.4
    endloop
  endfacet
  facet normal 0.289277 -0.957245 0
    outer loop
      vertex 28.5096 127.636 9.4
      vertex 28.5824 127.658 10
      vertex 28.5096 127.636 10
    endloop
  endfacet
  facet normal 0.289277 -0.957245 0
    outer loop
      vertex 28.5824 127.658 10
      vertex 28.5096 127.636 9.4
      vertex 28.5824 127.658 9.4
    endloop
  endfacet
  facet normal 0.185408 -0.982662 0
    outer loop
      vertex 28.4301 127.621 9.4
      vertex 28.5096 127.636 10
      vertex 28.4301 127.621 10
    endloop
  endfacet
  facet normal 0.185408 -0.982662 0
    outer loop
      vertex 28.5096 127.636 10
      vertex 28.4301 127.621 9.4
      vertex 28.5096 127.636 9.4
    endloop
  endfacet
  facet normal 0.103963 -0.994581 0
    outer loop
      vertex 28.344 127.612 9.4
      vertex 28.4301 127.621 10
      vertex 28.344 127.612 10
    endloop
  endfacet
  facet normal 0.103963 -0.994581 0
    outer loop
      vertex 28.4301 127.621 10
      vertex 28.344 127.612 9.4
      vertex 28.4301 127.621 9.4
    endloop
  endfacet
  facet normal 0.0323107 -0.999478 0
    outer loop
      vertex 28.2512 127.609 9.4
      vertex 28.344 127.612 10
      vertex 28.2512 127.609 10
    endloop
  endfacet
  facet normal 0.0323107 -0.999478 0
    outer loop
      vertex 28.344 127.612 10
      vertex 28.2512 127.609 9.4
      vertex 28.344 127.612 9.4
    endloop
  endfacet
  facet normal 0 -1 0
    outer loop
      vertex 27.2041 127.609 9.4
      vertex 28.2512 127.609 10
      vertex 27.2041 127.609 10
    endloop
  endfacet
  facet normal 0 -1 -0
    outer loop
      vertex 28.2512 127.609 10
      vertex 27.2041 127.609 9.4
      vertex 28.2512 127.609 9.4
    endloop
  endfacet
  facet normal 0 0 -1
    outer loop
      vertex 1.5 138.2 0
      vertex 9.02501 141.8 0
      vertex 37.5 138.2 0
    endloop
  endfacet
  facet normal -0 0 -1
    outer loop
      vertex 9.02501 141.8 0
      vertex 1.5 138.2 0
      vertex 3.77501 141.8 0
    endloop
  endfacet
  facet normal 0 0 -1
    outer loop
      vertex 1.5 145.4 0
      vertex 3.77501 141.8 0
      vertex 1.5 138.2 0
    endloop
  endfacet
  facet normal 0 0 -1
    outer loop
      vertex 3.77501 141.8 0
      vertex 1.5 145.4 0
      vertex 3.77501 145.4 0
    endloop
  endfacet
  facet normal 0 0 -1
    outer loop
      vertex 37.5 138.2 0
      vertex 51.5 138.2 0
      vertex 51.5 137.8 0
    endloop
  endfacet
  facet normal 0 0 -1
    outer loop
      vertex 50.5 145.4 0
      vertex 38.5 145.4 0
      vertex 50.5 150.4 0
    endloop
  endfacet
  facet normal 0 0 -1
    outer loop
      vertex 51.5 138.2 0
      vertex 37.5 138.2 0
      vertex 50.5 145.4 0
    endloop
  endfacet
  facet normal 0 0 -1
    outer loop
      vertex 37.5 138.2 0
      vertex 51.5 137.8 0
      vertex 37.5 137.8 0
    endloop
  endfacet
  facet normal -0 0 -1
    outer loop
      vertex 50.5 145.4 0
      vertex 37.5 138.2 0
      vertex 38.5 145.4 0
    endloop
  endfacet
  facet normal 0 0 -1
    outer loop
      vertex 9.02501 145.4 0
      vertex 37.5 138.2 0
      vertex 9.02501 141.8 0
    endloop
  endfacet
  facet normal 0 0 -1
    outer loop
      vertex 37.5 138.2 0
      vertex 9.02501 145.4 0
      vertex 38.5 145.4 0
    endloop
  endfacet
  facet normal 0 0 -1
    outer loop
      vertex 127.5 138.2 0
      vertex 107.5 139.8 0
      vertex 121.5 139.8 0
    endloop
  endfacet
  facet normal 0 0 -1
    outer loop
      vertex 107.5 139.8 0
      vertex 92.125 141.8 0
      vertex 107.5 145.4 0
    endloop
  endfacet
  facet normal 0 0 -1
    outer loop
      vertex 107.5 139.8 0
      vertex 86.875 141.8 0
      vertex 92.125 141.8 0
    endloop
  endfacet
  facet normal 0 0 -1
    outer loop
      vertex 51.5 138.2 0
      vertex 107.5 139.8 0
      vertex 127.5 138.2 0
    endloop
  endfacet
  facet normal 0 0 -1
    outer loop
      vertex 51.5 138.2 0
      vertex 86.875 141.8 0
      vertex 107.5 139.8 0
    endloop
  endfacet
  facet normal 0 0 -1
    outer loop
      vertex 51.5 138.2 0
      vertex 86.875 145.4 0
      vertex 86.875 141.8 0
    endloop
  endfacet
  facet normal -0 0 -1
    outer loop
      vertex 86.875 145.4 0
      vertex 51.5 138.2 0
      vertex 50.5 145.4 0
    endloop
  endfacet
  facet normal 0 0 -1
    outer loop
      vertex 127.5 138.2 0
      vertex 141.5 138.2 0
      vertex 141.5 137.8 0
    endloop
  endfacet
  facet normal 0 0 -1
    outer loop
      vertex 140.5 145.4 0
      vertex 128.5 145.4 0
      vertex 140.5 150.4 0
    endloop
  endfacet
  facet normal 0 0 -1
    outer loop
      vertex 141.5 138.2 0
      vertex 127.5 138.2 0
      vertex 140.5 145.4 0
    endloop
  endfacet
  facet normal 0 0 -1
    outer loop
      vertex 127.5 138.2 0
      vertex 141.5 137.8 0
      vertex 127.5 137.8 0
    endloop
  endfacet
  facet normal -0 0 -1
    outer loop
      vertex 140.5 145.4 0
      vertex 127.5 138.2 0
      vertex 128.5 145.4 0
    endloop
  endfacet
  facet normal 0 0 -1
    outer loop
      vertex 121.5 139.8 0
      vertex 128.5 145.4 0
      vertex 127.5 138.2 0
    endloop
  endfacet
  facet normal -0 0 -1
    outer loop
      vertex 128.5 145.4 0
      vertex 121.5 139.8 0
      vertex 121.5 145.4 0
    endloop
  endfacet
  facet normal 0 0 -1
    outer loop
      vertex 177.5 138.2 0
      vertex 175.225 141.8 0
      vertex 177.5 145.4 0
    endloop
  endfacet
  facet normal 0 0 -1
    outer loop
      vertex 177.5 138.2 0
      vertex 169.975 141.8 0
      vertex 175.225 141.8 0
    endloop
  endfacet
  facet normal 0 0 -1
    outer loop
      vertex 141.5 138.2 0
      vertex 169.975 141.8 0
      vertex 177.5 138.2 0
    endloop
  endfacet
  facet normal 0 0 -1
    outer loop
      vertex 141.5 138.2 0
      vertex 169.975 145.4 0
      vertex 169.975 141.8 0
    endloop
  endfacet
  facet normal -0 0 -1
    outer loop
      vertex 169.975 145.4 0
      vertex 141.5 138.2 0
      vertex 140.5 145.4 0
    endloop
  endfacet
  facet normal -0 0 -1
    outer loop
      vertex 177.5 145.4 0
      vertex 175.225 141.8 0
      vertex 175.225 145.4 0
    endloop
  endfacet
  facet normal -0 0 -1
    outer loop
      vertex 140.5 150.4 0
      vertex 128.5 145.4 0
      vertex 128.5 150.4 0
    endloop
  endfacet
  facet normal -0 0 -1
    outer loop
      vertex 107.5 145.4 0
      vertex 92.125 141.8 0
      vertex 92.125 145.4 0
    endloop
  endfacet
  facet normal -0 0 -1
    outer loop
      vertex 50.5 150.4 0
      vertex 38.5 145.4 0
      vertex 38.5 150.4 0
    endloop
  endfacet
  facet normal 0 0 1
    outer loop
      vertex 3.77501 145.4 10
      vertex 1.5 145.4 10
      vertex 3.77501 141.8 10
    endloop
  endfacet
  facet normal 0 0 1
    outer loop
      vertex 50.5 150.4 10
      vertex 38.5 150.4 10
      vertex 50.5 145.4 10
    endloop
  endfacet
  facet normal 0 0 1
    outer loop
      vertex 92.125 141.8 10
      vertex 107.5 145.4 10
      vertex 92.125 145.4 10
    endloop
  endfacet
  facet normal 0 0 1
    outer loop
      vertex 140.5 150.4 10
      vertex 128.5 150.4 10
      vertex 140.5 145.4 10
    endloop
  endfacet
  facet normal 0 0 1
    outer loop
      vertex 169.975 145.4 10
      vertex 141.5 138.2 10
      vertex 169.975 141.8 10
    endloop
  endfacet
  facet normal -0 0 1
    outer loop
      vertex 140.5 145.4 10
      vertex 141.5 138.2 10
      vertex 169.975 145.4 10
    endloop
  endfacet
  facet normal 0 0 1
    outer loop
      vertex 127.5 138.2 10
      vertex 141.5 138.2 10
      vertex 140.5 145.4 10
    endloop
  endfacet
  facet normal 0 0 1
    outer loop
      vertex 128.5 145.4 10
      vertex 140.5 145.4 10
      vertex 128.5 150.4 10
    endloop
  endfacet
  facet normal 0 0 1
    outer loop
      vertex 127.5 138.2 10
      vertex 140.5 145.4 10
      vertex 128.5 145.4 10
    endloop
  endfacet
  facet normal 0 0 1
    outer loop
      vertex 141.5 138.2 10
      vertex 127.5 138.2 10
      vertex 141.5 137.8 10
    endloop
  endfacet
  facet normal 0 0 1
    outer loop
      vertex 141.5 137.8 10
      vertex 127.5 138.2 10
      vertex 127.5 137.8 10
    endloop
  endfacet
  facet normal 0 0 1
    outer loop
      vertex 175.225 141.8 10
      vertex 177.5 145.4 10
      vertex 175.225 145.4 10
    endloop
  endfacet
  facet normal 0 0 1
    outer loop
      vertex 177.5 145.4 10
      vertex 175.225 141.8 10
      vertex 177.5 138.2 10
    endloop
  endfacet
  facet normal -0 0 1
    outer loop
      vertex 169.975 141.8 10
      vertex 177.5 138.2 10
      vertex 175.225 141.8 10
    endloop
  endfacet
  facet normal 0 0 1
    outer loop
      vertex 177.5 138.2 10
      vertex 169.975 141.8 10
      vertex 141.5 138.2 10
    endloop
  endfacet
  facet normal 0 0 1
    outer loop
      vertex 121.5 139.8 10
      vertex 128.5 145.4 10
      vertex 121.5 145.4 10
    endloop
  endfacet
  facet normal 0 0 1
    outer loop
      vertex 128.5 145.4 10
      vertex 121.5 139.8 10
      vertex 127.5 138.2 10
    endloop
  endfacet
  facet normal -0 0 1
    outer loop
      vertex 107.5 139.8 10
      vertex 127.5 138.2 10
      vertex 121.5 139.8 10
    endloop
  endfacet
  facet normal 0 0 1
    outer loop
      vertex 107.5 145.4 10
      vertex 92.125 141.8 10
      vertex 107.5 139.8 10
    endloop
  endfacet
  facet normal -0 0 1
    outer loop
      vertex 86.875 141.8 10
      vertex 107.5 139.8 10
      vertex 92.125 141.8 10
    endloop
  endfacet
  facet normal 0 0 1
    outer loop
      vertex 107.5 139.8 10
      vertex 51.5 138.2 10
      vertex 127.5 138.2 10
    endloop
  endfacet
  facet normal 0 0 1
    outer loop
      vertex 51.5 138.2 10
      vertex 107.5 139.8 10
      vertex 86.875 141.8 10
    endloop
  endfacet
  facet normal 0 0 1
    outer loop
      vertex 86.875 145.4 10
      vertex 51.5 138.2 10
      vertex 86.875 141.8 10
    endloop
  endfacet
  facet normal -0 0 1
    outer loop
      vertex 50.5 145.4 10
      vertex 51.5 138.2 10
      vertex 86.875 145.4 10
    endloop
  endfacet
  facet normal 0 0 1
    outer loop
      vertex 37.5 138.2 10
      vertex 51.5 138.2 10
      vertex 50.5 145.4 10
    endloop
  endfacet
  facet normal 0 0 1
    outer loop
      vertex 38.5 145.4 10
      vertex 50.5 145.4 10
      vertex 38.5 150.4 10
    endloop
  endfacet
  facet normal 0 0 1
    outer loop
      vertex 37.5 138.2 10
      vertex 50.5 145.4 10
      vertex 38.5 145.4 10
    endloop
  endfacet
  facet normal 0 0 1
    outer loop
      vertex 51.5 138.2 10
      vertex 37.5 138.2 10
      vertex 51.5 137.8 10
    endloop
  endfacet
  facet normal 0 0 1
    outer loop
      vertex 51.5 137.8 10
      vertex 37.5 138.2 10
      vertex 37.5 137.8 10
    endloop
  endfacet
  facet normal -0 0 1
    outer loop
      vertex 29.6985 141.992 10
      vertex 30.0344 140.985 10
      vertex 29.7217 142.096 10
    endloop
  endfacet
  facet normal -0 0 1
    outer loop
      vertex 29.6659 141.893 10
      vertex 30.0344 140.985 10
      vertex 29.6985 141.992 10
    endloop
  endfacet
  facet normal -0 0 1
    outer loop
      vertex 29.6241 141.799 10
      vertex 30.0344 140.985 10
      vertex 29.6659 141.893 10
    endloop
  endfacet
  facet normal -0 0 1
    outer loop
      vertex 29.5729 141.709 10
      vertex 30.0344 140.985 10
      vertex 29.6241 141.799 10
    endloop
  endfacet
  facet normal -0 0 1
    outer loop
      vertex 29.5125 141.623 10
      vertex 30.0344 140.985 10
      vertex 29.5729 141.709 10
    endloop
  endfacet
  facet normal -0 0 1
    outer loop
      vertex 29.4441 141.544 10
      vertex 30.0344 140.985 10
      vertex 29.5125 141.623 10
    endloop
  endfacet
  facet normal -0 0 1
    outer loop
      vertex 29.3692 141.473 10
      vertex 30.0344 140.985 10
      vertex 29.4441 141.544 10
    endloop
  endfacet
  facet normal -0 0 1
    outer loop
      vertex 29.2878 141.41 10
      vertex 30.0344 140.985 10
      vertex 29.3692 141.473 10
    endloop
  endfacet
  facet normal -0 0 1
    outer loop
      vertex 29.1998 141.355 10
      vertex 30.0344 140.985 10
      vertex 29.2878 141.41 10
    endloop
  endfacet
  facet normal -0 0 1
    outer loop
      vertex 29.1053 141.309 10
      vertex 30.0344 140.985 10
      vertex 29.1998 141.355 10
    endloop
  endfacet
  facet normal 0 0 1
    outer loop
      vertex 30.0344 140.985 10
      vertex 29.1053 141.309 10
      vertex 30.0344 140.412 10
    endloop
  endfacet
  facet normal -0 0 1
    outer loop
      vertex 29.0043 141.27 10
      vertex 30.0344 140.412 10
      vertex 29.1053 141.309 10
    endloop
  endfacet
  facet normal -0 0 1
    outer loop
      vertex 28.8967 141.24 10
      vertex 30.0344 140.412 10
      vertex 29.0043 141.27 10
    endloop
  endfacet
  facet normal 0 0 1
    outer loop
      vertex 30.0344 140.412 10
      vertex 28.8967 141.24 10
      vertex 29.9302 139.634 10
    endloop
  endfacet
  facet normal 0 0 1
    outer loop
      vertex 31.7731 140.412 10
      vertex 30.0344 140.412 10
      vertex 31.7731 139.634 10
    endloop
  endfacet
  facet normal 0 0 1
    outer loop
      vertex 38.5 145.4 10
      vertex 33.0101 140.979 10
      vertex 37.5 138.2 10
    endloop
  endfacet
  facet normal 0 0 1
    outer loop
      vertex 38.5 145.4 10
      vertex 32.5001 143.456 10
      vertex 33.0101 140.979 10
    endloop
  endfacet
  facet normal 0 0 1
    outer loop
      vertex 38.5 145.4 10
      vertex 31.6484 143.456 10
      vertex 32.5001 143.456 10
    endloop
  endfacet
  facet normal 0 0 1
    outer loop
      vertex 29.7217 142.096 10
      vertex 31.6484 143.456 10
      vertex 29.7357 142.204 10
    endloop
  endfacet
  facet normal 0 0 1
    outer loop
      vertex 31.6484 143.456 10
      vertex 29.7217 142.096 10
      vertex 30.0344 140.985 10
    endloop
  endfacet
  facet normal 0 0 1
    outer loop
      vertex 29.7357 142.204 10
      vertex 31.6484 143.456 10
      vertex 29.7403 142.316 10
    endloop
  endfacet
  facet normal 0 0 1
    outer loop
      vertex 31.6484 143.456 10
      vertex 29.7328 142.469 10
      vertex 29.7403 142.316 10
    endloop
  endfacet
  facet normal 0 0 1
    outer loop
      vertex 31.6484 143.456 10
      vertex 29.71 142.61 10
      vertex 29.7328 142.469 10
    endloop
  endfacet
  facet normal 0 0 1
    outer loop
      vertex 31.6484 143.456 10
      vertex 29.6721 142.741 10
      vertex 29.71 142.61 10
    endloop
  endfacet
  facet normal 0 0 1
    outer loop
      vertex 31.6484 143.456 10
      vertex 29.619 142.862 10
      vertex 29.6721 142.741 10
    endloop
  endfacet
  facet normal 0 0 1
    outer loop
      vertex 31.6484 143.456 10
      vertex 29.5507 142.972 10
      vertex 29.619 142.862 10
    endloop
  endfacet
  facet normal 0 0 1
    outer loop
      vertex 28.5025 143.45 10
      vertex 31.6484 143.456 10
      vertex 38.5 145.4 10
    endloop
  endfacet
  facet normal 0 0 1
    outer loop
      vertex 31.6484 143.456 10
      vertex 29.4673 143.072 10
      vertex 29.5507 142.972 10
    endloop
  endfacet
  facet normal 0 0 1
    outer loop
      vertex 31.6484 143.456 10
      vertex 29.3687 143.161 10
      vertex 29.4673 143.072 10
    endloop
  endfacet
  facet normal 0 0 1
    outer loop
      vertex 31.6484 143.456 10
      vertex 29.2562 143.239 10
      vertex 29.3687 143.161 10
    endloop
  endfacet
  facet normal 0 0 1
    outer loop
      vertex 31.6484 143.456 10
      vertex 29.1309 143.305 10
      vertex 29.2562 143.239 10
    endloop
  endfacet
  facet normal 0 0 1
    outer loop
      vertex 31.6484 143.456 10
      vertex 28.9929 143.36 10
      vertex 29.1309 143.305 10
    endloop
  endfacet
  facet normal 0 0 1
    outer loop
      vertex 31.6484 143.456 10
      vertex 28.8422 143.402 10
      vertex 28.9929 143.36 10
    endloop
  endfacet
  facet normal 0 0 1
    outer loop
      vertex 31.6484 143.456 10
      vertex 28.6787 143.432 10
      vertex 28.8422 143.402 10
    endloop
  endfacet
  facet normal 0 0 1
    outer loop
      vertex 31.6484 143.456 10
      vertex 28.5025 143.45 10
      vertex 28.6787 143.432 10
    endloop
  endfacet
  facet normal 0 0 1
    outer loop
      vertex 38.5 145.4 10
      vertex 28.3136 143.456 10
      vertex 28.5025 143.45 10
    endloop
  endfacet
  facet normal 0 0 1
    outer loop
      vertex 38.5 145.4 10
      vertex 26.4039 143.456 10
      vertex 28.3136 143.456 10
    endloop
  endfacet
  facet normal 0 0 1
    outer loop
      vertex 9.02501 141.8 10
      vertex 26.4039 143.456 10
      vertex 9.02501 145.4 10
    endloop
  endfacet
  facet normal -0 0 1
    outer loop
      vertex 9.02501 145.4 10
      vertex 26.4039 143.456 10
      vertex 38.5 145.4 10
    endloop
  endfacet
  facet normal -0 0 1
    outer loop
      vertex 33.0101 140.412 10
      vertex 37.5 138.2 10
      vertex 33.0101 140.979 10
    endloop
  endfacet
  facet normal 0 0 1
    outer loop
      vertex 32.5001 139.634 10
      vertex 33.0101 140.412 10
      vertex 32.5001 140.412 10
    endloop
  endfacet
  facet normal 0 0 1
    outer loop
      vertex 33.0101 140.412 10
      vertex 32.5001 139.634 10
      vertex 37.5 138.2 10
    endloop
  endfacet
  facet normal -0 0 1
    outer loop
      vertex 31.7731 139.634 10
      vertex 37.5 138.2 10
      vertex 32.5001 139.634 10
    endloop
  endfacet
  facet normal 0 0 1
    outer loop
      vertex 29.9302 139.634 10
      vertex 31.7731 139.634 10
      vertex 30.0344 140.412 10
    endloop
  endfacet
  facet normal -0 0 1
    outer loop
      vertex 29.9302 139.634 10
      vertex 37.5 138.2 10
      vertex 31.7731 139.634 10
    endloop
  endfacet
  facet normal -0 0 1
    outer loop
      vertex 29.0297 139.634 10
      vertex 37.5 138.2 10
      vertex 29.9302 139.634 10
    endloop
  endfacet
  facet normal 0 0 1
    outer loop
      vertex 27.2041 139.634 10
      vertex 28.1427 141.085 10
      vertex 27.2041 141.085 10
    endloop
  endfacet
  facet normal 0 0 1
    outer loop
      vertex 28.1427 141.085 10
      vertex 27.2041 139.634 10
      vertex 29.0297 139.634 10
    endloop
  endfacet
  facet normal -0 0 1
    outer loop
      vertex 27.2041 139.634 10
      vertex 37.5 138.2 10
      vertex 29.0297 139.634 10
    endloop
  endfacet
  facet normal -0 0 1
    outer loop
      vertex 26.4039 139.634 10
      vertex 37.5 138.2 10
      vertex 27.2041 139.634 10
    endloop
  endfacet
  facet normal 0 0 1
    outer loop
      vertex 26.4039 143.456 10
      vertex 9.02501 141.8 10
      vertex 26.4039 139.634 10
    endloop
  endfacet
  facet normal 0 0 1
    outer loop
      vertex 1.5 138.2 10
      vertex 26.4039 139.634 10
      vertex 9.02501 141.8 10
    endloop
  endfacet
  facet normal 0 0 1
    outer loop
      vertex 1.5 138.2 10
      vertex 9.02501 141.8 10
      vertex 3.77501 141.8 10
    endloop
  endfacet
  facet normal 0 0 1
    outer loop
      vertex 26.4039 139.634 10
      vertex 1.5 138.2 10
      vertex 37.5 138.2 10
    endloop
  endfacet
  facet normal 0 0 1
    outer loop
      vertex 1.5 138.2 10
      vertex 3.77501 141.8 10
      vertex 1.5 145.4 10
    endloop
  endfacet
  facet normal 0 0 1
    outer loop
      vertex 33.0101 140.979 10
      vertex 32.5001 143.456 10
      vertex 32.5001 140.979 10
    endloop
  endfacet
  facet normal 0 0 1
    outer loop
      vertex 28.5096 141.734 10
      vertex 28.9312 142.208 10
      vertex 28.9347 142.284 10
    endloop
  endfacet
  facet normal 0 0 1
    outer loop
      vertex 28.5749 142.79 10
      vertex 28.9347 142.284 10
      vertex 28.9203 142.43 10
    endloop
  endfacet
  facet normal 0 0 1
    outer loop
      vertex 28.5096 141.734 10
      vertex 28.9347 142.284 10
      vertex 28.5749 142.79 10
    endloop
  endfacet
  facet normal 0 0 1
    outer loop
      vertex 28.9312 142.208 10
      vertex 28.5824 141.756 10
      vertex 28.9205 142.137 10
    endloop
  endfacet
  facet normal 0 0 1
    outer loop
      vertex 28.7044 142.733 10
      vertex 28.9203 142.43 10
      vertex 28.8771 142.554 10
    endloop
  endfacet
  facet normal 0 -0 1
    outer loop
      vertex 28.6486 141.784 10
      vertex 28.9205 142.137 10
      vertex 28.5824 141.756 10
    endloop
  endfacet
  facet normal 0 0 1
    outer loop
      vertex 28.9205 142.137 10
      vertex 28.6486 141.784 10
      vertex 28.9028 142.071 10
    endloop
  endfacet
  facet normal 0 0 1
    outer loop
      vertex 28.7044 142.733 10
      vertex 28.8771 142.554 10
      vertex 28.8052 142.655 10
    endloop
  endfacet
  facet normal 0 0 1
    outer loop
      vertex 28.9203 142.43 10
      vertex 28.7044 142.733 10
      vertex 28.5749 142.79 10
    endloop
  endfacet
  facet normal 0 0 1
    outer loop
      vertex 28.878 142.011 10
      vertex 28.6486 141.784 10
      vertex 28.8461 141.955 10
    endloop
  endfacet
  facet normal 0 0 1
    outer loop
      vertex 28.8461 141.955 10
      vertex 28.6486 141.784 10
      vertex 28.8072 141.904 10
    endloop
  endfacet
  facet normal 0 0 1
    outer loop
      vertex 28.8072 141.904 10
      vertex 28.7082 141.818 10
      vertex 28.7611 141.858 10
    endloop
  endfacet
  facet normal 0 0 1
    outer loop
      vertex 28.8072 141.904 10
      vertex 28.6486 141.784 10
      vertex 28.7082 141.818 10
    endloop
  endfacet
  facet normal 0 0 1
    outer loop
      vertex 28.9028 142.071 10
      vertex 28.6486 141.784 10
      vertex 28.878 142.011 10
    endloop
  endfacet
  facet normal 0 0 1
    outer loop
      vertex 28.9312 142.208 10
      vertex 28.5096 141.734 10
      vertex 28.5824 141.756 10
    endloop
  endfacet
  facet normal 0 0 1
    outer loop
      vertex 28.4166 142.823 10
      vertex 28.5096 141.734 10
      vertex 28.5749 142.79 10
    endloop
  endfacet
  facet normal 0 0 1
    outer loop
      vertex 28.5096 141.734 10
      vertex 28.4166 142.823 10
      vertex 28.4301 141.719 10
    endloop
  endfacet
  facet normal 0 0 1
    outer loop
      vertex 28.4166 142.823 10
      vertex 28.344 141.709 10
      vertex 28.4301 141.719 10
    endloop
  endfacet
  facet normal 0 0 1
    outer loop
      vertex 28.2295 142.835 10
      vertex 28.344 141.709 10
      vertex 28.4166 142.823 10
    endloop
  endfacet
  facet normal 0 0 1
    outer loop
      vertex 28.344 141.709 10
      vertex 28.2295 142.835 10
      vertex 28.2512 141.706 10
    endloop
  endfacet
  facet normal 0 0 1
    outer loop
      vertex 27.2041 141.706 10
      vertex 28.2295 142.835 10
      vertex 27.2041 142.835 10
    endloop
  endfacet
  facet normal 0 0 1
    outer loop
      vertex 28.2295 142.835 10
      vertex 27.2041 141.706 10
      vertex 28.2512 141.706 10
    endloop
  endfacet
  facet normal 0 0 1
    outer loop
      vertex 31.7751 142.721 10
      vertex 31.7959 142.75 10
      vertex 31.7975 142.767 10
    endloop
  endfacet
  facet normal 0 0 1
    outer loop
      vertex 31.7751 142.721 10
      vertex 31.7941 142.729 10
      vertex 31.7959 142.75 10
    endloop
  endfacet
  facet normal -0 0 1
    outer loop
      vertex 31.7751 142.721 10
      vertex 31.7922 142.702 10
      vertex 31.7941 142.729 10
    endloop
  endfacet
  facet normal 0 0 1
    outer loop
      vertex 31.7479 142.669 10
      vertex 31.7922 142.702 10
      vertex 31.7751 142.721 10
    endloop
  endfacet
  facet normal 0 0 1
    outer loop
      vertex 31.7922 142.702 10
      vertex 31.7479 142.669 10
      vertex 31.79 142.671 10
    endloop
  endfacet
  facet normal 0 0 1
    outer loop
      vertex 31.79 142.671 10
      vertex 31.7479 142.669 10
      vertex 31.7877 142.635 10
    endloop
  endfacet
  facet normal 0 0 1
    outer loop
      vertex 31.7162 142.612 10
      vertex 31.7877 142.635 10
      vertex 31.7479 142.669 10
    endloop
  endfacet
  facet normal 0 0 1
    outer loop
      vertex 31.7877 142.635 10
      vertex 31.7162 142.612 10
      vertex 31.7853 142.593 10
    endloop
  endfacet
  facet normal 0 0 1
    outer loop
      vertex 31.7853 142.593 10
      vertex 31.7162 142.612 10
      vertex 31.7826 142.547 10
    endloop
  endfacet
  facet normal -0 0 1
    outer loop
      vertex 31.6797 142.549 10
      vertex 31.7826 142.547 10
      vertex 31.7162 142.612 10
    endloop
  endfacet
  facet normal 0 0 1
    outer loop
      vertex 31.7826 142.547 10
      vertex 31.6797 142.549 10
      vertex 31.7801 142.499 10
    endloop
  endfacet
  facet normal 0 0 1
    outer loop
      vertex 31.6387 142.48 10
      vertex 31.7801 142.499 10
      vertex 31.6797 142.549 10
    endloop
  endfacet
  facet normal 0 0 1
    outer loop
      vertex 31.7801 142.499 10
      vertex 31.6387 142.48 10
      vertex 31.778 142.451 10
    endloop
  endfacet
  facet normal 0 0 1
    outer loop
      vertex 31.778 142.451 10
      vertex 31.6387 142.48 10
      vertex 31.7762 142.405 10
    endloop
  endfacet
  facet normal -0 0 1
    outer loop
      vertex 31.593 142.407 10
      vertex 31.7762 142.405 10
      vertex 31.6387 142.48 10
    endloop
  endfacet
  facet normal 0 0 1
    outer loop
      vertex 31.7762 142.405 10
      vertex 31.593 142.407 10
      vertex 31.7749 142.36 10
    endloop
  endfacet
  facet normal 0 0 1
    outer loop
      vertex 31.7749 142.36 10
      vertex 31.593 142.407 10
      vertex 31.7739 142.315 10
    endloop
  endfacet
  facet normal -0 0 1
    outer loop
      vertex 31.5426 142.327 10
      vertex 31.7739 142.315 10
      vertex 31.593 142.407 10
    endloop
  endfacet
  facet normal 0 0 1
    outer loop
      vertex 31.7739 142.315 10
      vertex 31.5426 142.327 10
      vertex 31.7733 142.272 10
    endloop
  endfacet
  facet normal 0 0 1
    outer loop
      vertex 31.7733 142.272 10
      vertex 31.5426 142.327 10
      vertex 31.7731 142.23 10
    endloop
  endfacet
  facet normal 0 0 1
    outer loop
      vertex 31.7731 142.23 10
      vertex 31.5426 142.327 10
      vertex 31.7731 140.979 10
    endloop
  endfacet
  facet normal 0 0 1
    outer loop
      vertex 31.7731 140.979 10
      vertex 31.5426 142.327 10
      vertex 30.6556 140.979 10
    endloop
  endfacet
  facet normal 1 -0 0
    outer loop
      vertex 107.5 139.8 10
      vertex 107.5 145.4 0
      vertex 107.5 145.4 10
    endloop
  endfacet
  facet normal 1 0 0
    outer loop
      vertex 107.5 145.4 0
      vertex 107.5 139.8 10
      vertex 107.5 139.8 0
    endloop
  endfacet
  facet normal 0 1 -0
    outer loop
      vertex 107.5 145.4 0
      vertex 92.125 145.4 10
      vertex 107.5 145.4 10
    endloop
  endfacet
  facet normal 0 1 0
    outer loop
      vertex 92.125 145.4 10
      vertex 107.5 145.4 0
      vertex 92.125 145.4 0
    endloop
  endfacet
  facet normal -1 0 0
    outer loop
      vertex 92.125 141.8 0
      vertex 92.125 145.4 10
      vertex 92.125 145.4 0
    endloop
  endfacet
  facet normal -1 -0 0
    outer loop
      vertex 92.125 145.4 10
      vertex 92.125 141.8 0
      vertex 92.125 141.8 10
    endloop
  endfacet
  facet normal 0 1 -0
    outer loop
      vertex 92.125 141.8 0
      vertex 86.875 141.8 10
      vertex 92.125 141.8 10
    endloop
  endfacet
  facet normal 0 1 0
    outer loop
      vertex 86.875 141.8 10
      vertex 92.125 141.8 0
      vertex 86.875 141.8 0
    endloop
  endfacet
  facet normal 1 -0 0
    outer loop
      vertex 86.875 141.8 10
      vertex 86.875 145.4 0
      vertex 86.875 145.4 10
    endloop
  endfacet
  facet normal 1 0 0
    outer loop
      vertex 86.875 145.4 0
      vertex 86.875 141.8 10
      vertex 86.875 141.8 0
    endloop
  endfacet
  facet normal 0 1 -0
    outer loop
      vertex 86.875 145.4 0
      vertex 50.5 145.4 10
      vertex 86.875 145.4 10
    endloop
  endfacet
  facet normal 0 1 0
    outer loop
      vertex 50.5 145.4 10
      vertex 86.875 145.4 0
      vertex 50.5 145.4 0
    endloop
  endfacet
  facet normal 1 -0 0
    outer loop
      vertex 50.5 145.4 10
      vertex 50.5 150.4 0
      vertex 50.5 150.4 10
    endloop
  endfacet
  facet normal 1 0 0
    outer loop
      vertex 50.5 150.4 0
      vertex 50.5 145.4 10
      vertex 50.5 145.4 0
    endloop
  endfacet
  facet normal 0 1 -0
    outer loop
      vertex 50.5 150.4 0
      vertex 38.5 150.4 10
      vertex 50.5 150.4 10
    endloop
  endfacet
  facet normal 0 1 0
    outer loop
      vertex 38.5 150.4 10
      vertex 50.5 150.4 0
      vertex 38.5 150.4 0
    endloop
  endfacet
  facet normal -1 0 0
    outer loop
      vertex 38.5 145.4 0
      vertex 38.5 150.4 10
      vertex 38.5 150.4 0
    endloop
  endfacet
  facet normal -1 -0 0
    outer loop
      vertex 38.5 150.4 10
      vertex 38.5 145.4 0
      vertex 38.5 145.4 10
    endloop
  endfacet
  facet normal 0 1 -0
    outer loop
      vertex 38.5 145.4 0
      vertex 9.02501 145.4 10
      vertex 38.5 145.4 10
    endloop
  endfacet
  facet normal 0 1 0
    outer loop
      vertex 9.02501 145.4 10
      vertex 38.5 145.4 0
      vertex 9.02501 145.4 0
    endloop
  endfacet
  facet normal -1 0 0
    outer loop
      vertex 9.02501 141.8 0
      vertex 9.02501 145.4 10
      vertex 9.02501 145.4 0
    endloop
  endfacet
  facet normal -1 -0 0
    outer loop
      vertex 9.02501 145.4 10
      vertex 9.02501 141.8 0
      vertex 9.02501 141.8 10
    endloop
  endfacet
  facet normal 0 1 -0
    outer loop
      vertex 9.02501 141.8 0
      vertex 3.77501 141.8 10
      vertex 9.02501 141.8 10
    endloop
  endfacet
  facet normal 0 1 0
    outer loop
      vertex 3.77501 141.8 10
      vertex 9.02501 141.8 0
      vertex 3.77501 141.8 0
    endloop
  endfacet
  facet normal 1 -0 0
    outer loop
      vertex 3.77501 141.8 10
      vertex 3.77501 145.4 0
      vertex 3.77501 145.4 10
    endloop
  endfacet
  facet normal 1 0 0
    outer loop
      vertex 3.77501 145.4 0
      vertex 3.77501 141.8 10
      vertex 3.77501 141.8 0
    endloop
  endfacet
  facet normal 0 1 -0
    outer loop
      vertex 3.77501 145.4 0
      vertex 1.5 145.4 10
      vertex 3.77501 145.4 10
    endloop
  endfacet
  facet normal 0 1 0
    outer loop
      vertex 1.5 145.4 10
      vertex 3.77501 145.4 0
      vertex 1.5 145.4 0
    endloop
  endfacet
  facet normal -1 0 0
    outer loop
      vertex 1.5 138.2 0
      vertex 1.5 145.4 10
      vertex 1.5 145.4 0
    endloop
  endfacet
  facet normal -1 -0 0
    outer loop
      vertex 1.5 145.4 10
      vertex 1.5 138.2 0
      vertex 1.5 138.2 10
    endloop
  endfacet
  facet normal 0 -1 0
    outer loop
      vertex 1.5 138.2 0
      vertex 37.5 138.2 10
      vertex 1.5 138.2 10
    endloop
  endfacet
  facet normal 0 -1 -0
    outer loop
      vertex 37.5 138.2 10
      vertex 1.5 138.2 0
      vertex 37.5 138.2 0
    endloop
  endfacet
  facet normal -1 0 0
    outer loop
      vertex 37.5 137.8 0
      vertex 37.5 138.2 10
      vertex 37.5 138.2 0
    endloop
  endfacet
  facet normal -1 -0 0
    outer loop
      vertex 37.5 138.2 10
      vertex 37.5 137.8 0
      vertex 37.5 137.8 10
    endloop
  endfacet
  facet normal 0 -1 0
    outer loop
      vertex 37.5 137.8 0
      vertex 51.5 137.8 10
      vertex 37.5 137.8 10
    endloop
  endfacet
  facet normal 0 -1 -0
    outer loop
      vertex 51.5 137.8 10
      vertex 37.5 137.8 0
      vertex 51.5 137.8 0
    endloop
  endfacet
  facet normal 1 -0 0
    outer loop
      vertex 51.5 137.8 10
      vertex 51.5 138.2 0
      vertex 51.5 138.2 10
    endloop
  endfacet
  facet normal 1 0 0
    outer loop
      vertex 51.5 138.2 0
      vertex 51.5 137.8 10
      vertex 51.5 137.8 0
    endloop
  endfacet
  facet normal 0 -1 0
    outer loop
      vertex 51.5 138.2 0
      vertex 127.5 138.2 10
      vertex 51.5 138.2 10
    endloop
  endfacet
  facet normal 0 -1 -0
    outer loop
      vertex 127.5 138.2 10
      vertex 51.5 138.2 0
      vertex 127.5 138.2 0
    endloop
  endfacet
  facet normal -1 0 0
    outer loop
      vertex 127.5 137.8 0
      vertex 127.5 138.2 10
      vertex 127.5 138.2 0
    endloop
  endfacet
  facet normal -1 -0 0
    outer loop
      vertex 127.5 138.2 10
      vertex 127.5 137.8 0
      vertex 127.5 137.8 10
    endloop
  endfacet
  facet normal 0 -1 0
    outer loop
      vertex 127.5 137.8 0
      vertex 141.5 137.8 10
      vertex 127.5 137.8 10
    endloop
  endfacet
  facet normal 0 -1 -0
    outer loop
      vertex 141.5 137.8 10
      vertex 127.5 137.8 0
      vertex 141.5 137.8 0
    endloop
  endfacet
  facet normal 1 -0 0
    outer loop
      vertex 141.5 137.8 10
      vertex 141.5 138.2 0
      vertex 141.5 138.2 10
    endloop
  endfacet
  facet normal 1 0 0
    outer loop
      vertex 141.5 138.2 0
      vertex 141.5 137.8 10
      vertex 141.5 137.8 0
    endloop
  endfacet
  facet normal 0 -1 0
    outer loop
      vertex 141.5 138.2 0
      vertex 177.5 138.2 10
      vertex 141.5 138.2 10
    endloop
  endfacet
  facet normal 0 -1 -0
    outer loop
      vertex 177.5 138.2 10
      vertex 141.5 138.2 0
      vertex 177.5 138.2 0
    endloop
  endfacet
  facet normal 1 -0 0
    outer loop
      vertex 177.5 138.2 10
      vertex 177.5 145.4 0
      vertex 177.5 145.4 10
    endloop
  endfacet
  facet normal 1 0 0
    outer loop
      vertex 177.5 145.4 0
      vertex 177.5 138.2 10
      vertex 177.5 138.2 0
    endloop
  endfacet
  facet normal 0 1 -0
    outer loop
      vertex 177.5 145.4 0
      vertex 175.225 145.4 10
      vertex 177.5 145.4 10
    endloop
  endfacet
  facet normal 0 1 0
    outer loop
      vertex 175.225 145.4 10
      vertex 177.5 145.4 0
      vertex 175.225 145.4 0
    endloop
  endfacet
  facet normal -1 0 0
    outer loop
      vertex 175.225 141.8 0
      vertex 175.225 145.4 10
      vertex 175.225 145.4 0
    endloop
  endfacet
  facet normal -1 -0 0
    outer loop
      vertex 175.225 145.4 10
      vertex 175.225 141.8 0
      vertex 175.225 141.8 10
    endloop
  endfacet
  facet normal 0 1 -0
    outer loop
      vertex 175.225 141.8 0
      vertex 169.975 141.8 10
      vertex 175.225 141.8 10
    endloop
  endfacet
  facet normal 0 1 0
    outer loop
      vertex 169.975 141.8 10
      vertex 175.225 141.8 0
      vertex 169.975 141.8 0
    endloop
  endfacet
  facet normal 1 -0 0
    outer loop
      vertex 169.975 141.8 10
      vertex 169.975 145.4 0
      vertex 169.975 145.4 10
    endloop
  endfacet
  facet normal 1 0 0
    outer loop
      vertex 169.975 145.4 0
      vertex 169.975 141.8 10
      vertex 169.975 141.8 0
    endloop
  endfacet
  facet normal 0 1 -0
    outer loop
      vertex 169.975 145.4 0
      vertex 140.5 145.4 10
      vertex 169.975 145.4 10
    endloop
  endfacet
  facet normal 0 1 0
    outer loop
      vertex 140.5 145.4 10
      vertex 169.975 145.4 0
      vertex 140.5 145.4 0
    endloop
  endfacet
  facet normal 1 -0 0
    outer loop
      vertex 140.5 145.4 10
      vertex 140.5 150.4 0
      vertex 140.5 150.4 10
    endloop
  endfacet
  facet normal 1 0 0
    outer loop
      vertex 140.5 150.4 0
      vertex 140.5 145.4 10
      vertex 140.5 145.4 0
    endloop
  endfacet
  facet normal 0 1 -0
    outer loop
      vertex 140.5 150.4 0
      vertex 128.5 150.4 10
      vertex 140.5 150.4 10
    endloop
  endfacet
  facet normal 0 1 0
    outer loop
      vertex 128.5 150.4 10
      vertex 140.5 150.4 0
      vertex 128.5 150.4 0
    endloop
  endfacet
  facet normal -1 0 0
    outer loop
      vertex 128.5 145.4 0
      vertex 128.5 150.4 10
      vertex 128.5 150.4 0
    endloop
  endfacet
  facet normal -1 -0 0
    outer loop
      vertex 128.5 150.4 10
      vertex 128.5 145.4 0
      vertex 128.5 145.4 10
    endloop
  endfacet
  facet normal 0 1 -0
    outer loop
      vertex 128.5 145.4 0
      vertex 121.5 145.4 10
      vertex 128.5 145.4 10
    endloop
  endfacet
  facet normal 0 1 0
    outer loop
      vertex 121.5 145.4 10
      vertex 128.5 145.4 0
      vertex 121.5 145.4 0
    endloop
  endfacet
  facet normal -1 0 0
    outer loop
      vertex 121.5 139.8 0
      vertex 121.5 145.4 10
      vertex 121.5 145.4 0
    endloop
  endfacet
  facet normal -1 -0 0
    outer loop
      vertex 121.5 145.4 10
      vertex 121.5 139.8 0
      vertex 121.5 139.8 10
    endloop
  endfacet
  facet normal 0 1 -0
    outer loop
      vertex 121.5 139.8 0
      vertex 107.5 139.8 10
      vertex 121.5 139.8 10
    endloop
  endfacet
  facet normal 0 1 0
    outer loop
      vertex 107.5 139.8 10
      vertex 121.5 139.8 0
      vertex 107.5 139.8 0
    endloop
  endfacet
  facet normal 0 0 1
    outer loop
      vertex 29.7328 142.469 9.4
      vertex 28.9203 142.43 9.4
      vertex 28.9347 142.284 9.4
    endloop
  endfacet
  facet normal 0 0 1
    outer loop
      vertex 29.1309 143.305 9.4
      vertex 28.8771 142.554 9.4
      vertex 28.9203 142.43 9.4
    endloop
  endfacet
  facet normal 0 0 1
    outer loop
      vertex 28.7044 142.733 9.4
      vertex 28.9929 143.36 9.4
      vertex 28.8422 143.402 9.4
    endloop
  endfacet
  facet normal 0 0 1
    outer loop
      vertex 29.1309 143.305 9.4
      vertex 28.8052 142.655 9.4
      vertex 28.8771 142.554 9.4
    endloop
  endfacet
  facet normal 0 0 1
    outer loop
      vertex 29.1309 143.305 9.4
      vertex 28.7044 142.733 9.4
      vertex 28.8052 142.655 9.4
    endloop
  endfacet
  facet normal 0 0 1
    outer loop
      vertex 28.5749 142.79 9.4
      vertex 28.8422 143.402 9.4
      vertex 28.6787 143.432 9.4
    endloop
  endfacet
  facet normal 0 0 1
    outer loop
      vertex 28.8422 143.402 9.4
      vertex 28.5749 142.79 9.4
      vertex 28.7044 142.733 9.4
    endloop
  endfacet
  facet normal 0 0 1
    outer loop
      vertex 28.4166 142.823 9.4
      vertex 28.6787 143.432 9.4
      vertex 28.5025 143.45 9.4
    endloop
  endfacet
  facet normal 0 0 1
    outer loop
      vertex 28.6787 143.432 9.4
      vertex 28.4166 142.823 9.4
      vertex 28.5749 142.79 9.4
    endloop
  endfacet
  facet normal 0 0 1
    outer loop
      vertex 28.3136 143.456 9.4
      vertex 28.4166 142.823 9.4
      vertex 28.5025 143.45 9.4
    endloop
  endfacet
  facet normal 0 0 1
    outer loop
      vertex 28.3136 143.456 9.4
      vertex 28.2295 142.835 9.4
      vertex 28.4166 142.823 9.4
    endloop
  endfacet
  facet normal 0 0 1
    outer loop
      vertex 28.3136 143.456 9.4
      vertex 27.2041 142.835 9.4
      vertex 28.2295 142.835 9.4
    endloop
  endfacet
  facet normal 0 0 1
    outer loop
      vertex 26.4039 143.456 9.4
      vertex 27.2041 141.706 9.4
      vertex 27.2041 142.835 9.4
    endloop
  endfacet
  facet normal 0 0 1
    outer loop
      vertex 26.4039 139.634 9.4
      vertex 27.2041 141.706 9.4
      vertex 26.4039 143.456 9.4
    endloop
  endfacet
  facet normal -0 0 1
    outer loop
      vertex 26.4039 143.456 9.4
      vertex 27.2041 142.835 9.4
      vertex 28.3136 143.456 9.4
    endloop
  endfacet
  facet normal 0 0 1
    outer loop
      vertex 27.2041 141.706 9.4
      vertex 26.4039 139.634 9.4
      vertex 27.2041 141.085 9.4
    endloop
  endfacet
  facet normal 0 0 1
    outer loop
      vertex 27.2041 141.085 9.4
      vertex 26.4039 139.634 9.4
      vertex 27.2041 139.634 9.4
    endloop
  endfacet
  facet normal 0 0 1
    outer loop
      vertex 28.9347 142.284 9.4
      vertex 29.7403 142.316 9.4
      vertex 29.7328 142.469 9.4
    endloop
  endfacet
  facet normal 0 0 1
    outer loop
      vertex 29.7403 142.316 9.4
      vertex 28.9347 142.284 9.4
      vertex 29.7357 142.204 9.4
    endloop
  endfacet
  facet normal 0 0 1
    outer loop
      vertex 28.9203 142.43 9.4
      vertex 29.7328 142.469 9.4
      vertex 29.71 142.61 9.4
    endloop
  endfacet
  facet normal -0 0 1
    outer loop
      vertex 28.9312 142.208 9.4
      vertex 29.7357 142.204 9.4
      vertex 28.9347 142.284 9.4
    endloop
  endfacet
  facet normal 0 0 1
    outer loop
      vertex 28.9203 142.43 9.4
      vertex 29.71 142.61 9.4
      vertex 29.6721 142.741 9.4
    endloop
  endfacet
  facet normal 0 0 1
    outer loop
      vertex 29.7357 142.204 9.4
      vertex 28.9312 142.208 9.4
      vertex 29.7217 142.096 9.4
    endloop
  endfacet
  facet normal 0 0 1
    outer loop
      vertex 29.7217 142.096 9.4
      vertex 28.9312 142.208 9.4
      vertex 29.6985 141.992 9.4
    endloop
  endfacet
  facet normal 0 0 1
    outer loop
      vertex 28.9203 142.43 9.4
      vertex 29.6721 142.741 9.4
      vertex 29.619 142.862 9.4
    endloop
  endfacet
  facet normal -0 0 1
    outer loop
      vertex 28.9205 142.137 9.4
      vertex 29.6985 141.992 9.4
      vertex 28.9312 142.208 9.4
    endloop
  endfacet
  facet normal 0 0 1
    outer loop
      vertex 28.9203 142.43 9.4
      vertex 29.619 142.862 9.4
      vertex 29.5507 142.972 9.4
    endloop
  endfacet
  facet normal 0 0 1
    outer loop
      vertex 29.6985 141.992 9.4
      vertex 28.9205 142.137 9.4
      vertex 29.6659 141.893 9.4
    endloop
  endfacet
  facet normal 0 0 1
    outer loop
      vertex 28.9203 142.43 9.4
      vertex 29.5507 142.972 9.4
      vertex 29.4673 143.072 9.4
    endloop
  endfacet
  facet normal 0 0 1
    outer loop
      vertex 29.6659 141.893 9.4
      vertex 28.9205 142.137 9.4
      vertex 29.6241 141.799 9.4
    endloop
  endfacet
  facet normal -0 0 1
    outer loop
      vertex 28.9028 142.071 9.4
      vertex 29.6241 141.799 9.4
      vertex 28.9205 142.137 9.4
    endloop
  endfacet
  facet normal 0 0 1
    outer loop
      vertex 28.9203 142.43 9.4
      vertex 29.4673 143.072 9.4
      vertex 29.3687 143.161 9.4
    endloop
  endfacet
  facet normal 0 0 1
    outer loop
      vertex 29.6241 141.799 9.4
      vertex 28.9028 142.071 9.4
      vertex 29.5729 141.709 9.4
    endloop
  endfacet
  facet normal 0 0 1
    outer loop
      vertex 28.9203 142.43 9.4
      vertex 29.3687 143.161 9.4
      vertex 29.2562 143.239 9.4
    endloop
  endfacet
  facet normal -0 0 1
    outer loop
      vertex 28.878 142.011 9.4
      vertex 29.5729 141.709 9.4
      vertex 28.9028 142.071 9.4
    endloop
  endfacet
  facet normal 0 0 1
    outer loop
      vertex 28.9203 142.43 9.4
      vertex 29.2562 143.239 9.4
      vertex 29.1309 143.305 9.4
    endloop
  endfacet
  facet normal 0 0 1
    outer loop
      vertex 29.5729 141.709 9.4
      vertex 28.878 142.011 9.4
      vertex 29.5125 141.623 9.4
    endloop
  endfacet
  facet normal 0 0 1
    outer loop
      vertex 29.5125 141.623 9.4
      vertex 28.878 142.011 9.4
      vertex 29.4441 141.544 9.4
    endloop
  endfacet
  facet normal 0 0 1
    outer loop
      vertex 28.7044 142.733 9.4
      vertex 29.1309 143.305 9.4
      vertex 28.9929 143.36 9.4
    endloop
  endfacet
  facet normal -0 0 1
    outer loop
      vertex 28.8461 141.955 9.4
      vertex 29.4441 141.544 9.4
      vertex 28.878 142.011 9.4
    endloop
  endfacet
  facet normal 0 0 1
    outer loop
      vertex 29.4441 141.544 9.4
      vertex 28.8461 141.955 9.4
      vertex 29.3692 141.473 9.4
    endloop
  endfacet
  facet normal 0 0 1
    outer loop
      vertex 29.3692 141.473 9.4
      vertex 28.8461 141.955 9.4
      vertex 29.2878 141.41 9.4
    endloop
  endfacet
  facet normal -0 0 1
    outer loop
      vertex 28.8072 141.904 9.4
      vertex 29.2878 141.41 9.4
      vertex 28.8461 141.955 9.4
    endloop
  endfacet
  facet normal 0 0 1
    outer loop
      vertex 29.2878 141.41 9.4
      vertex 28.8072 141.904 9.4
      vertex 29.1998 141.355 9.4
    endloop
  endfacet
  facet normal -0 0 1
    outer loop
      vertex 28.7611 141.858 9.4
      vertex 29.1998 141.355 9.4
      vertex 28.8072 141.904 9.4
    endloop
  endfacet
  facet normal 0 0 1
    outer loop
      vertex 28.8967 141.24 9.4
      vertex 29.0297 139.634 9.4
      vertex 29.9302 139.634 9.4
    endloop
  endfacet
  facet normal 0 0 1
    outer loop
      vertex 29.1998 141.355 9.4
      vertex 28.7611 141.858 9.4
      vertex 29.1053 141.309 9.4
    endloop
  endfacet
  facet normal 0 0 1
    outer loop
      vertex 29.1053 141.309 9.4
      vertex 28.7611 141.858 9.4
      vertex 29.0043 141.27 9.4
    endloop
  endfacet
  facet normal -0 0 1
    outer loop
      vertex 28.7082 141.818 9.4
      vertex 29.0043 141.27 9.4
      vertex 28.7611 141.858 9.4
    endloop
  endfacet
  facet normal 0 0 1
    outer loop
      vertex 29.0043 141.27 9.4
      vertex 28.7082 141.818 9.4
      vertex 28.8967 141.24 9.4
    endloop
  endfacet
  facet normal -0 0 1
    outer loop
      vertex 28.6486 141.784 9.4
      vertex 28.8967 141.24 9.4
      vertex 28.7082 141.818 9.4
    endloop
  endfacet
  facet normal -0 0 1
    outer loop
      vertex 28.5824 141.756 9.4
      vertex 28.8967 141.24 9.4
      vertex 28.6486 141.784 9.4
    endloop
  endfacet
  facet normal -0 0 1
    outer loop
      vertex 28.5096 141.734 9.4
      vertex 28.8967 141.24 9.4
      vertex 28.5824 141.756 9.4
    endloop
  endfacet
  facet normal -0 0 1
    outer loop
      vertex 28.4301 141.719 9.4
      vertex 28.8967 141.24 9.4
      vertex 28.5096 141.734 9.4
    endloop
  endfacet
  facet normal 0 0 1
    outer loop
      vertex 28.8967 141.24 9.4
      vertex 28.4301 141.719 9.4
      vertex 28.1427 141.085 9.4
    endloop
  endfacet
  facet normal 0 0 1
    outer loop
      vertex 28.1427 141.085 9.4
      vertex 28.4301 141.719 9.4
      vertex 28.344 141.709 9.4
    endloop
  endfacet
  facet normal 0 0 1
    outer loop
      vertex 28.1427 141.085 9.4
      vertex 28.344 141.709 9.4
      vertex 28.2512 141.706 9.4
    endloop
  endfacet
  facet normal 0 0 1
    outer loop
      vertex 28.8967 141.24 9.4
      vertex 28.1427 141.085 9.4
      vertex 29.0297 139.634 9.4
    endloop
  endfacet
  facet normal -0 0 1
    outer loop
      vertex 27.2041 141.706 9.4
      vertex 28.1427 141.085 9.4
      vertex 28.2512 141.706 9.4
    endloop
  endfacet
  facet normal 0 0 1
    outer loop
      vertex 28.1427 141.085 9.4
      vertex 27.2041 141.706 9.4
      vertex 27.2041 141.085 9.4
    endloop
  endfacet
  facet normal -0 0 1
    outer loop
      vertex 30.6556 140.979 9.4
      vertex 31.7731 140.412 9.4
      vertex 31.7731 140.979 9.4
    endloop
  endfacet
  facet normal 0 0 1
    outer loop
      vertex 30.0344 140.412 9.4
      vertex 30.6556 140.979 9.4
      vertex 30.0344 140.985 9.4
    endloop
  endfacet
  facet normal 0 0 1
    outer loop
      vertex 30.6556 140.979 9.4
      vertex 30.0344 140.412 9.4
      vertex 31.7731 140.412 9.4
    endloop
  endfacet
  facet normal -0 0 1
    outer loop
      vertex 31.7731 142.23 9.4
      vertex 32.5001 140.979 9.4
      vertex 32.5001 143.456 9.4
    endloop
  endfacet
  facet normal 0 0 1
    outer loop
      vertex 31.7731 140.979 9.4
      vertex 32.5001 140.979 9.4
      vertex 31.7731 142.23 9.4
    endloop
  endfacet
  facet normal 0 0 1
    outer loop
      vertex 31.7941 142.729 9.4
      vertex 32.5001 143.456 9.4
      vertex 31.7975 142.767 9.4
    endloop
  endfacet
  facet normal 0 0 1
    outer loop
      vertex 31.6484 143.456 9.4
      vertex 31.7751 142.721 9.4
      vertex 31.7975 142.767 9.4
    endloop
  endfacet
  facet normal 0 0 1
    outer loop
      vertex 31.7751 142.721 9.4
      vertex 31.6484 143.456 9.4
      vertex 31.7479 142.669 9.4
    endloop
  endfacet
  facet normal 0 0 1
    outer loop
      vertex 31.7479 142.669 9.4
      vertex 31.6484 143.456 9.4
      vertex 31.7162 142.612 9.4
    endloop
  endfacet
  facet normal -0 0 1
    outer loop
      vertex 31.6484 143.456 9.4
      vertex 31.7975 142.767 9.4
      vertex 32.5001 143.456 9.4
    endloop
  endfacet
  facet normal 0 0 1
    outer loop
      vertex 31.7162 142.612 9.4
      vertex 31.6484 143.456 9.4
      vertex 31.6797 142.549 9.4
    endloop
  endfacet
  facet normal 0 0 1
    outer loop
      vertex 31.6484 143.456 9.4
      vertex 31.6387 142.48 9.4
      vertex 31.6797 142.549 9.4
    endloop
  endfacet
  facet normal 0 0 1
    outer loop
      vertex 31.6484 143.456 9.4
      vertex 31.593 142.407 9.4
      vertex 31.6387 142.48 9.4
    endloop
  endfacet
  facet normal 0 0 1
    outer loop
      vertex 31.6484 143.456 9.4
      vertex 31.5426 142.327 9.4
      vertex 31.593 142.407 9.4
    endloop
  endfacet
  facet normal 0 0 1
    outer loop
      vertex 30.0344 140.985 9.4
      vertex 31.5426 142.327 9.4
      vertex 31.6484 143.456 9.4
    endloop
  endfacet
  facet normal 0 0 1
    outer loop
      vertex 31.5426 142.327 9.4
      vertex 30.0344 140.985 9.4
      vertex 30.6556 140.979 9.4
    endloop
  endfacet
  facet normal -0 0 1
    outer loop
      vertex 32.5001 140.979 9.4
      vertex 33.0101 140.412 9.4
      vertex 33.0101 140.979 9.4
    endloop
  endfacet
  facet normal 0 0 1
    outer loop
      vertex 33.0101 140.412 9.4
      vertex 32.5001 140.979 9.4
      vertex 32.5001 140.412 9.4
    endloop
  endfacet
  facet normal 0 0 1
    outer loop
      vertex 31.7941 142.729 9.4
      vertex 31.7975 142.767 9.4
      vertex 31.7959 142.75 9.4
    endloop
  endfacet
  facet normal 0 0 1
    outer loop
      vertex 31.7922 142.702 9.4
      vertex 32.5001 143.456 9.4
      vertex 31.7941 142.729 9.4
    endloop
  endfacet
  facet normal 0 0 1
    outer loop
      vertex 31.79 142.671 9.4
      vertex 32.5001 143.456 9.4
      vertex 31.7922 142.702 9.4
    endloop
  endfacet
  facet normal 0 0 1
    outer loop
      vertex 31.7877 142.635 9.4
      vertex 32.5001 143.456 9.4
      vertex 31.79 142.671 9.4
    endloop
  endfacet
  facet normal 0 0 1
    outer loop
      vertex 31.7853 142.593 9.4
      vertex 32.5001 143.456 9.4
      vertex 31.7877 142.635 9.4
    endloop
  endfacet
  facet normal 0 0 1
    outer loop
      vertex 31.7826 142.547 9.4
      vertex 32.5001 143.456 9.4
      vertex 31.7853 142.593 9.4
    endloop
  endfacet
  facet normal 0 0 1
    outer loop
      vertex 31.7801 142.499 9.4
      vertex 32.5001 143.456 9.4
      vertex 31.7826 142.547 9.4
    endloop
  endfacet
  facet normal 0 0 1
    outer loop
      vertex 31.778 142.451 9.4
      vertex 32.5001 143.456 9.4
      vertex 31.7801 142.499 9.4
    endloop
  endfacet
  facet normal 0 0 1
    outer loop
      vertex 31.7762 142.405 9.4
      vertex 32.5001 143.456 9.4
      vertex 31.778 142.451 9.4
    endloop
  endfacet
  facet normal 0 0 1
    outer loop
      vertex 31.7749 142.36 9.4
      vertex 32.5001 143.456 9.4
      vertex 31.7762 142.405 9.4
    endloop
  endfacet
  facet normal 0 0 1
    outer loop
      vertex 31.7739 142.315 9.4
      vertex 32.5001 143.456 9.4
      vertex 31.7749 142.36 9.4
    endloop
  endfacet
  facet normal 0 0 1
    outer loop
      vertex 31.7733 142.272 9.4
      vertex 32.5001 143.456 9.4
      vertex 31.7739 142.315 9.4
    endloop
  endfacet
  facet normal 0 0 1
    outer loop
      vertex 31.7731 142.23 9.4
      vertex 32.5001 143.456 9.4
      vertex 31.7733 142.272 9.4
    endloop
  endfacet
  facet normal 0 0 1
    outer loop
      vertex 32.5001 140.979 9.4
      vertex 31.7731 140.979 9.4
      vertex 32.5001 140.412 9.4
    endloop
  endfacet
  facet normal 0 0 1
    outer loop
      vertex 31.7731 140.412 9.4
      vertex 32.5001 140.412 9.4
      vertex 31.7731 140.979 9.4
    endloop
  endfacet
  facet normal 0 0 1
    outer loop
      vertex 32.5001 140.412 9.4
      vertex 31.7731 140.412 9.4
      vertex 32.5001 139.634 9.4
    endloop
  endfacet
  facet normal 0 0 1
    outer loop
      vertex 32.5001 139.634 9.4
      vertex 31.7731 140.412 9.4
      vertex 31.7731 139.634 9.4
    endloop
  endfacet
  facet normal 0 1 -0
    outer loop
      vertex 28.1427 141.085 9.4
      vertex 27.2041 141.085 10
      vertex 28.1427 141.085 10
    endloop
  endfacet
  facet normal 0 1 0
    outer loop
      vertex 27.2041 141.085 10
      vertex 28.1427 141.085 9.4
      vertex 27.2041 141.085 9.4
    endloop
  endfacet
  facet normal 0.853209 0.521569 -2.53471e-18
    outer loop
      vertex 29.0297 139.634 10
      vertex 28.1427 141.085 9.4
      vertex 28.1427 141.085 10
    endloop
  endfacet
  facet normal 0.853209 0.521569 -2.53471e-18
    outer loop
      vertex 28.1427 141.085 9.4
      vertex 29.0297 139.634 10
      vertex 29.0297 139.634 9.4
    endloop
  endfacet
  facet normal 0 1 -0
    outer loop
      vertex 29.9302 139.634 9.4
      vertex 29.0297 139.634 10
      vertex 29.9302 139.634 10
    endloop
  endfacet
  facet normal 0 1 0
    outer loop
      vertex 29.0297 139.634 10
      vertex 29.9302 139.634 9.4
      vertex 29.0297 139.634 9.4
    endloop
  endfacet
  facet normal -0.840923 -0.541154 -2.64899e-17
    outer loop
      vertex 29.9302 139.634 9.4
      vertex 28.8967 141.24 10
      vertex 28.8967 141.24 9.4
    endloop
  endfacet
  facet normal -0.840923 -0.541154 -2.64899e-17
    outer loop
      vertex 28.8967 141.24 10
      vertex 29.9302 139.634 9.4
      vertex 29.9302 139.634 10
    endloop
  endfacet
  facet normal -0.268567 0.963261 0
    outer loop
      vertex 29.0043 141.27 9.4
      vertex 28.8967 141.24 10
      vertex 29.0043 141.27 10
    endloop
  endfacet
  facet normal -0.268567 0.963261 0
    outer loop
      vertex 28.8967 141.24 10
      vertex 29.0043 141.27 9.4
      vertex 28.8967 141.24 9.4
    endloop
  endfacet
  facet normal -0.360217 0.932869 0
    outer loop
      vertex 29.1053 141.309 9.4
      vertex 29.0043 141.27 10
      vertex 29.1053 141.309 10
    endloop
  endfacet
  facet normal -0.360217 0.932869 0
    outer loop
      vertex 29.0043 141.27 10
      vertex 29.1053 141.309 9.4
      vertex 29.0043 141.27 9.4
    endloop
  endfacet
  facet normal -0.437674 0.899134 0
    outer loop
      vertex 29.1998 141.355 9.4
      vertex 29.1053 141.309 10
      vertex 29.1998 141.355 10
    endloop
  endfacet
  facet normal -0.437674 0.899134 0
    outer loop
      vertex 29.1053 141.309 10
      vertex 29.1998 141.355 9.4
      vertex 29.1053 141.309 9.4
    endloop
  endfacet
  facet normal -0.529999 0.847998 0
    outer loop
      vertex 29.2878 141.41 9.4
      vertex 29.1998 141.355 10
      vertex 29.2878 141.41 10
    endloop
  endfacet
  facet normal -0.529999 0.847998 0
    outer loop
      vertex 29.1998 141.355 10
      vertex 29.2878 141.41 9.4
      vertex 29.1998 141.355 9.4
    endloop
  endfacet
  facet normal -0.612056 0.790815 0
    outer loop
      vertex 29.3692 141.473 9.4
      vertex 29.2878 141.41 10
      vertex 29.3692 141.473 10
    endloop
  endfacet
  facet normal -0.612056 0.790815 0
    outer loop
      vertex 29.2878 141.41 10
      vertex 29.3692 141.473 9.4
      vertex 29.2878 141.41 9.4
    endloop
  endfacet
  facet normal -0.68796 0.725749 0
    outer loop
      vertex 29.4441 141.544 9.4
      vertex 29.3692 141.473 10
      vertex 29.4441 141.544 10
    endloop
  endfacet
  facet normal -0.68796 0.725749 0
    outer loop
      vertex 29.3692 141.473 10
      vertex 29.4441 141.544 9.4
      vertex 29.3692 141.473 9.4
    endloop
  endfacet
  facet normal -0.756005 0.654566 -5.99168e-18
    outer loop
      vertex 29.4441 141.544 9.4
      vertex 29.5125 141.623 10
      vertex 29.5125 141.623 9.4
    endloop
  endfacet
  facet normal -0.756005 0.654566 -5.99168e-18
    outer loop
      vertex 29.5125 141.623 10
      vertex 29.4441 141.544 9.4
      vertex 29.4441 141.544 10
    endloop
  endfacet
  facet normal -0.818337 0.574739 -5.22901e-18
    outer loop
      vertex 29.5125 141.623 9.4
      vertex 29.5729 141.709 10
      vertex 29.5729 141.709 9.4
    endloop
  endfacet
  facet normal -0.818337 0.574739 -5.22901e-18
    outer loop
      vertex 29.5729 141.709 10
      vertex 29.5125 141.623 9.4
      vertex 29.5125 141.623 10
    endloop
  endfacet
  facet normal -0.869192 0.494474 -3.8171e-18
    outer loop
      vertex 29.5729 141.709 9.4
      vertex 29.6241 141.799 10
      vertex 29.6241 141.799 9.4
    endloop
  endfacet
  facet normal -0.869192 0.494474 -3.8171e-18
    outer loop
      vertex 29.6241 141.799 10
      vertex 29.5729 141.709 9.4
      vertex 29.5729 141.709 10
    endloop
  endfacet
  facet normal -0.913731 0.406319 3.45541e-18
    outer loop
      vertex 29.6241 141.799 9.4
      vertex 29.6659 141.893 10
      vertex 29.6659 141.893 9.4
    endloop
  endfacet
  facet normal -0.913731 0.406319 3.45541e-18
    outer loop
      vertex 29.6659 141.893 10
      vertex 29.6241 141.799 9.4
      vertex 29.6241 141.799 10
    endloop
  endfacet
  facet normal -0.949828 0.312772 -5.98361e-19
    outer loop
      vertex 29.6659 141.893 9.4
      vertex 29.6985 141.992 10
      vertex 29.6985 141.992 9.4
    endloop
  endfacet
  facet normal -0.949828 0.312772 -5.98361e-19
    outer loop
      vertex 29.6985 141.992 10
      vertex 29.6659 141.893 9.4
      vertex 29.6659 141.893 10
    endloop
  endfacet
  facet normal -0.97601 0.217725 -2.29672e-18
    outer loop
      vertex 29.6985 141.992 9.4
      vertex 29.7217 142.096 10
      vertex 29.7217 142.096 9.4
    endloop
  endfacet
  facet normal -0.97601 0.217725 -2.29672e-18
    outer loop
      vertex 29.7217 142.096 10
      vertex 29.6985 141.992 9.4
      vertex 29.6985 141.992 10
    endloop
  endfacet
  facet normal -0.991703 0.128554 -1.19085e-18
    outer loop
      vertex 29.7217 142.096 9.4
      vertex 29.7357 142.204 10
      vertex 29.7357 142.204 9.4
    endloop
  endfacet
  facet normal -0.991703 0.128554 -1.19085e-18
    outer loop
      vertex 29.7357 142.204 10
      vertex 29.7217 142.096 9.4
      vertex 29.7217 142.096 10
    endloop
  endfacet
  facet normal -0.999158 0.0410368 4.08142e-20
    outer loop
      vertex 29.7357 142.204 9.4
      vertex 29.7403 142.316 10
      vertex 29.7403 142.316 9.4
    endloop
  endfacet
  facet normal -0.999158 0.0410368 4.08142e-20
    outer loop
      vertex 29.7403 142.316 10
      vertex 29.7357 142.204 9.4
      vertex 29.7357 142.204 10
    endloop
  endfacet
  facet normal -0.998801 -0.0489608 -4.25045e-19
    outer loop
      vertex 29.7403 142.316 9.4
      vertex 29.7328 142.469 10
      vertex 29.7328 142.469 9.4
    endloop
  endfacet
  facet normal -0.998801 -0.0489608 -4.25045e-19
    outer loop
      vertex 29.7328 142.469 10
      vertex 29.7403 142.316 9.4
      vertex 29.7403 142.316 10
    endloop
  endfacet
  facet normal -0.987177 -0.159629 -1.21407e-18
    outer loop
      vertex 29.7328 142.469 9.4
      vertex 29.71 142.61 10
      vertex 29.71 142.61 9.4
    endloop
  endfacet
  facet normal -0.987177 -0.159629 -1.21407e-18
    outer loop
      vertex 29.71 142.61 10
      vertex 29.7328 142.469 9.4
      vertex 29.7328 142.469 10
    endloop
  endfacet
  facet normal -0.960605 -0.277916 -3.38426e-18
    outer loop
      vertex 29.71 142.61 9.4
      vertex 29.6721 142.741 10
      vertex 29.6721 142.741 9.4
    endloop
  endfacet
  facet normal -0.960605 -0.277916 -3.38426e-18
    outer loop
      vertex 29.6721 142.741 10
      vertex 29.71 142.61 9.4
      vertex 29.71 142.61 10
    endloop
  endfacet
  facet normal -0.915705 -0.401851 3.18462e-18
    outer loop
      vertex 29.6721 142.741 9.4
      vertex 29.619 142.862 10
      vertex 29.619 142.862 9.4
    endloop
  endfacet
  facet normal -0.915705 -0.401851 3.18462e-18
    outer loop
      vertex 29.619 142.862 10
      vertex 29.6721 142.741 9.4
      vertex 29.6721 142.741 10
    endloop
  endfacet
  facet normal -0.849557 -0.527497 5.06754e-18
    outer loop
      vertex 29.619 142.862 9.4
      vertex 29.5507 142.972 10
      vertex 29.5507 142.972 9.4
    endloop
  endfacet
  facet normal -0.849557 -0.527497 5.06754e-18
    outer loop
      vertex 29.5507 142.972 10
      vertex 29.619 142.862 9.4
      vertex 29.619 142.862 10
    endloop
  endfacet
  facet normal -0.767969 -0.640487 -2.55075e-18
    outer loop
      vertex 29.5507 142.972 9.4
      vertex 29.4673 143.072 10
      vertex 29.4673 143.072 9.4
    endloop
  endfacet
  facet normal -0.767969 -0.640487 -2.55075e-18
    outer loop
      vertex 29.4673 143.072 10
      vertex 29.5507 142.972 9.4
      vertex 29.5507 142.972 10
    endloop
  endfacet
  facet normal -0.670045 -0.74232 0
    outer loop
      vertex 29.3687 143.161 9.4
      vertex 29.4673 143.072 10
      vertex 29.3687 143.161 10
    endloop
  endfacet
  facet normal -0.670045 -0.74232 -0
    outer loop
      vertex 29.4673 143.072 10
      vertex 29.3687 143.161 9.4
      vertex 29.4673 143.072 9.4
    endloop
  endfacet
  facet normal -0.56978 -0.821798 0
    outer loop
      vertex 29.2562 143.239 9.4
      vertex 29.3687 143.161 10
      vertex 29.2562 143.239 10
    endloop
  endfacet
  facet normal -0.56978 -0.821798 -0
    outer loop
      vertex 29.3687 143.161 10
      vertex 29.2562 143.239 9.4
      vertex 29.3687 143.161 9.4
    endloop
  endfacet
  facet normal -0.466037 -0.884765 0
    outer loop
      vertex 29.1309 143.305 9.4
      vertex 29.2562 143.239 10
      vertex 29.1309 143.305 10
    endloop
  endfacet
  facet normal -0.466037 -0.884765 -0
    outer loop
      vertex 29.2562 143.239 10
      vertex 29.1309 143.305 9.4
      vertex 29.2562 143.239 9.4
    endloop
  endfacet
  facet normal -0.37023 -0.92894 0
    outer loop
      vertex 28.9929 143.36 9.4
      vertex 29.1309 143.305 10
      vertex 28.9929 143.36 10
    endloop
  endfacet
  facet normal -0.37023 -0.92894 -0
    outer loop
      vertex 29.1309 143.305 10
      vertex 28.9929 143.36 9.4
      vertex 29.1309 143.305 9.4
    endloop
  endfacet
  facet normal -0.268468 -0.963289 0
    outer loop
      vertex 28.8422 143.402 9.4
      vertex 28.9929 143.36 10
      vertex 28.8422 143.402 10
    endloop
  endfacet
  facet normal -0.268468 -0.963289 -0
    outer loop
      vertex 28.9929 143.36 10
      vertex 28.8422 143.402 9.4
      vertex 28.9929 143.36 9.4
    endloop
  endfacet
  facet normal -0.180473 -0.98358 0
    outer loop
      vertex 28.6787 143.432 9.4
      vertex 28.8422 143.402 10
      vertex 28.6787 143.432 10
    endloop
  endfacet
  facet normal -0.180473 -0.98358 -0
    outer loop
      vertex 28.8422 143.402 10
      vertex 28.6787 143.432 9.4
      vertex 28.8422 143.402 9.4
    endloop
  endfacet
  facet normal -0.101628 -0.994822 0
    outer loop
      vertex 28.5025 143.45 9.4
      vertex 28.6787 143.432 10
      vertex 28.5025 143.45 10
    endloop
  endfacet
  facet normal -0.101628 -0.994822 -0
    outer loop
      vertex 28.6787 143.432 10
      vertex 28.5025 143.45 9.4
      vertex 28.6787 143.432 9.4
    endloop
  endfacet
  facet normal -0.0317468 -0.999496 0
    outer loop
      vertex 28.3136 143.456 9.4
      vertex 28.5025 143.45 10
      vertex 28.3136 143.456 10
    endloop
  endfacet
  facet normal -0.0317468 -0.999496 -0
    outer loop
      vertex 28.5025 143.45 10
      vertex 28.3136 143.456 9.4
      vertex 28.5025 143.45 9.4
    endloop
  endfacet
  facet normal 0 -1 0
    outer loop
      vertex 26.4039 143.456 9.4
      vertex 28.3136 143.456 10
      vertex 26.4039 143.456 10
    endloop
  endfacet
  facet normal 0 -1 -0
    outer loop
      vertex 28.3136 143.456 10
      vertex 26.4039 143.456 9.4
      vertex 28.3136 143.456 9.4
    endloop
  endfacet
  facet normal 1 -0 0
    outer loop
      vertex 26.4039 139.634 10
      vertex 26.4039 143.456 9.4
      vertex 26.4039 143.456 10
    endloop
  endfacet
  facet normal 1 0 0
    outer loop
      vertex 26.4039 143.456 9.4
      vertex 26.4039 139.634 10
      vertex 26.4039 139.634 9.4
    endloop
  endfacet
  facet normal 0 1 -0
    outer loop
      vertex 27.2041 139.634 9.4
      vertex 26.4039 139.634 10
      vertex 27.2041 139.634 10
    endloop
  endfacet
  facet normal 0 1 0
    outer loop
      vertex 26.4039 139.634 10
      vertex 27.2041 139.634 9.4
      vertex 26.4039 139.634 9.4
    endloop
  endfacet
  facet normal -1 0 0
    outer loop
      vertex 27.2041 139.634 9.4
      vertex 27.2041 141.085 10
      vertex 27.2041 141.085 9.4
    endloop
  endfacet
  facet normal -1 -0 0
    outer loop
      vertex 27.2041 141.085 10
      vertex 27.2041 139.634 9.4
      vertex 27.2041 139.634 10
    endloop
  endfacet
  facet normal -1 0 0
    outer loop
      vertex 27.2041 141.706 9.4
      vertex 27.2041 142.835 10
      vertex 27.2041 142.835 9.4
    endloop
  endfacet
  facet normal -1 -0 0
    outer loop
      vertex 27.2041 142.835 10
      vertex 27.2041 141.706 9.4
      vertex 27.2041 141.706 10
    endloop
  endfacet
  facet normal 0 1 -0
    outer loop
      vertex 28.2295 142.835 9.4
      vertex 27.2041 142.835 10
      vertex 28.2295 142.835 10
    endloop
  endfacet
  facet normal 0 1 0
    outer loop
      vertex 27.2041 142.835 10
      vertex 28.2295 142.835 9.4
      vertex 27.2041 142.835 9.4
    endloop
  endfacet
  facet normal 0.0640053 0.99795 -0
    outer loop
      vertex 28.4166 142.823 9.4
      vertex 28.2295 142.835 10
      vertex 28.4166 142.823 10
    endloop
  endfacet
  facet normal 0.0640053 0.99795 0
    outer loop
      vertex 28.2295 142.835 10
      vertex 28.4166 142.823 9.4
      vertex 28.2295 142.835 9.4
    endloop
  endfacet
  facet normal 0.204078 0.978955 -0
    outer loop
      vertex 28.5749 142.79 9.4
      vertex 28.4166 142.823 10
      vertex 28.5749 142.79 10
    endloop
  endfacet
  facet normal 0.204078 0.978955 0
    outer loop
      vertex 28.4166 142.823 10
      vertex 28.5749 142.79 9.4
      vertex 28.4166 142.823 9.4
    endloop
  endfacet
  facet normal 0.402857 0.915263 -0
    outer loop
      vertex 28.7044 142.733 9.4
      vertex 28.5749 142.79 10
      vertex 28.7044 142.733 10
    endloop
  endfacet
  facet normal 0.402857 0.915263 0
    outer loop
      vertex 28.5749 142.79 10
      vertex 28.7044 142.733 9.4
      vertex 28.5749 142.79 9.4
    endloop
  endfacet
  facet normal 0.611983 0.790871 -0
    outer loop
      vertex 28.8052 142.655 9.4
      vertex 28.7044 142.733 10
      vertex 28.8052 142.655 10
    endloop
  endfacet
  facet normal 0.611983 0.790871 0
    outer loop
      vertex 28.7044 142.733 10
      vertex 28.8052 142.655 9.4
      vertex 28.7044 142.733 9.4
    endloop
  endfacet
  facet normal 0.814659 0.57994 2.05935e-18
    outer loop
      vertex 28.8771 142.554 10
      vertex 28.8052 142.655 9.4
      vertex 28.8052 142.655 10
    endloop
  endfacet
  facet normal 0.814659 0.57994 2.05935e-18
    outer loop
      vertex 28.8052 142.655 9.4
      vertex 28.8771 142.554 10
      vertex 28.8771 142.554 9.4
    endloop
  endfacet
  facet normal 0.944332 0.328993 3.44626e-18
    outer loop
      vertex 28.9203 142.43 10
      vertex 28.8771 142.554 9.4
      vertex 28.8771 142.554 10
    endloop
  endfacet
  facet normal 0.944332 0.328993 3.44626e-18
    outer loop
      vertex 28.8771 142.554 9.4
      vertex 28.9203 142.43 10
      vertex 28.9203 142.43 9.4
    endloop
  endfacet
  facet normal 0.995171 0.0981539 2.2697e-18
    outer loop
      vertex 28.9347 142.284 10
      vertex 28.9203 142.43 9.4
      vertex 28.9203 142.43 10
    endloop
  endfacet
  facet normal 0.995171 0.0981539 2.2697e-18
    outer loop
      vertex 28.9203 142.43 9.4
      vertex 28.9347 142.284 10
      vertex 28.9347 142.284 9.4
    endloop
  endfacet
  facet normal 0.998941 -0.0460039 -3.44221e-19
    outer loop
      vertex 28.9312 142.208 10
      vertex 28.9347 142.284 9.4
      vertex 28.9347 142.284 10
    endloop
  endfacet
  facet normal 0.998941 -0.0460039 -3.44221e-19
    outer loop
      vertex 28.9347 142.284 9.4
      vertex 28.9312 142.208 10
      vertex 28.9312 142.208 9.4
    endloop
  endfacet
  facet normal 0.988834 -0.149021 -1.11674e-18
    outer loop
      vertex 28.9205 142.137 10
      vertex 28.9312 142.208 9.4
      vertex 28.9312 142.208 10
    endloop
  endfacet
  facet normal 0.988834 -0.149021 -1.11674e-18
    outer loop
      vertex 28.9312 142.208 9.4
      vertex 28.9205 142.137 10
      vertex 28.9205 142.137 9.4
    endloop
  endfacet
  facet normal 0.96587 -0.259029 7.07373e-19
    outer loop
      vertex 28.9028 142.071 10
      vertex 28.9205 142.137 9.4
      vertex 28.9205 142.137 10
    endloop
  endfacet
  facet normal 0.96587 -0.259029 7.07373e-19
    outer loop
      vertex 28.9205 142.137 9.4
      vertex 28.9028 142.071 10
      vertex 28.9028 142.071 9.4
    endloop
  endfacet
  facet normal 0.924167 -0.381989 3.81199e-20
    outer loop
      vertex 28.878 142.011 10
      vertex 28.9028 142.071 9.4
      vertex 28.9028 142.071 10
    endloop
  endfacet
  facet normal 0.924167 -0.381989 3.81199e-20
    outer loop
      vertex 28.9028 142.071 9.4
      vertex 28.878 142.011 10
      vertex 28.878 142.011 9.4
    endloop
  endfacet
  facet normal 0.868911 -0.494969 6.44559e-20
    outer loop
      vertex 28.8461 141.955 10
      vertex 28.878 142.011 9.4
      vertex 28.878 142.011 10
    endloop
  endfacet
  facet normal 0.868911 -0.494969 6.44559e-20
    outer loop
      vertex 28.878 142.011 9.4
      vertex 28.8461 141.955 10
      vertex 28.8461 141.955 9.4
    endloop
  endfacet
  facet normal 0.79511 -0.606466 -1.36321e-18
    outer loop
      vertex 28.8072 141.904 10
      vertex 28.8461 141.955 9.4
      vertex 28.8461 141.955 10
    endloop
  endfacet
  facet normal 0.79511 -0.606466 -1.36321e-18
    outer loop
      vertex 28.8461 141.955 9.4
      vertex 28.8072 141.904 10
      vertex 28.8072 141.904 9.4
    endloop
  endfacet
  facet normal 0.706339 -0.707874 0
    outer loop
      vertex 28.7611 141.858 9.4
      vertex 28.8072 141.904 10
      vertex 28.7611 141.858 10
    endloop
  endfacet
  facet normal 0.706339 -0.707874 0
    outer loop
      vertex 28.8072 141.904 10
      vertex 28.7611 141.858 9.4
      vertex 28.8072 141.904 9.4
    endloop
  endfacet
  facet normal 0.603132 -0.797642 0
    outer loop
      vertex 28.7082 141.818 9.4
      vertex 28.7611 141.858 10
      vertex 28.7082 141.818 10
    endloop
  endfacet
  facet normal 0.603132 -0.797642 0
    outer loop
      vertex 28.7611 141.858 10
      vertex 28.7082 141.818 9.4
      vertex 28.7611 141.858 9.4
    endloop
  endfacet
  facet normal 0.495511 -0.868602 0
    outer loop
      vertex 28.6486 141.784 9.4
      vertex 28.7082 141.818 10
      vertex 28.6486 141.784 10
    endloop
  endfacet
  facet normal 0.495511 -0.868602 0
    outer loop
      vertex 28.7082 141.818 10
      vertex 28.6486 141.784 9.4
      vertex 28.7082 141.818 9.4
    endloop
  endfacet
  facet normal 0.389549 -0.921006 0
    outer loop
      vertex 28.5824 141.756 9.4
      vertex 28.6486 141.784 10
      vertex 28.5824 141.756 10
    endloop
  endfacet
  facet normal 0.389549 -0.921006 0
    outer loop
      vertex 28.6486 141.784 10
      vertex 28.5824 141.756 9.4
      vertex 28.6486 141.784 9.4
    endloop
  endfacet
  facet normal 0.289277 -0.957245 0
    outer loop
      vertex 28.5096 141.734 9.4
      vertex 28.5824 141.756 10
      vertex 28.5096 141.734 10
    endloop
  endfacet
  facet normal 0.289277 -0.957245 0
    outer loop
      vertex 28.5824 141.756 10
      vertex 28.5096 141.734 9.4
      vertex 28.5824 141.756 9.4
    endloop
  endfacet
  facet normal 0.185408 -0.982662 0
    outer loop
      vertex 28.4301 141.719 9.4
      vertex 28.5096 141.734 10
      vertex 28.4301 141.719 10
    endloop
  endfacet
  facet normal 0.185408 -0.982662 0
    outer loop
      vertex 28.5096 141.734 10
      vertex 28.4301 141.719 9.4
      vertex 28.5096 141.734 9.4
    endloop
  endfacet
  facet normal 0.115368 -0.993323 0
    outer loop
      vertex 28.344 141.709 9.4
      vertex 28.4301 141.719 10
      vertex 28.344 141.709 10
    endloop
  endfacet
  facet normal 0.115368 -0.993323 0
    outer loop
      vertex 28.4301 141.719 10
      vertex 28.344 141.709 9.4
      vertex 28.4301 141.719 9.4
    endloop
  endfacet
  facet normal 0.0323107 -0.999478 0
    outer loop
      vertex 28.2512 141.706 9.4
      vertex 28.344 141.709 10
      vertex 28.2512 141.706 10
    endloop
  endfacet
  facet normal 0.0323107 -0.999478 0
    outer loop
      vertex 28.344 141.709 10
      vertex 28.2512 141.706 9.4
      vertex 28.344 141.709 9.4
    endloop
  endfacet
  facet normal 0 -1 0
    outer loop
      vertex 27.2041 141.706 9.4
      vertex 28.2512 141.706 10
      vertex 27.2041 141.706 10
    endloop
  endfacet
  facet normal 0 -1 -0
    outer loop
      vertex 28.2512 141.706 10
      vertex 27.2041 141.706 9.4
      vertex 28.2512 141.706 9.4
    endloop
  endfacet
  facet normal 0 1 -0
    outer loop
      vertex 33.0101 140.412 9.4
      vertex 32.5001 140.412 10
      vertex 33.0101 140.412 10
    endloop
  endfacet
  facet normal 0 1 0
    outer loop
      vertex 32.5001 140.412 10
      vertex 33.0101 140.412 9.4
      vertex 32.5001 140.412 9.4
    endloop
  endfacet
  facet normal -1 0 0
    outer loop
      vertex 33.0101 140.412 9.4
      vertex 33.0101 140.979 10
      vertex 33.0101 140.979 9.4
    endloop
  endfacet
  facet normal -1 -0 0
    outer loop
      vertex 33.0101 140.979 10
      vertex 33.0101 140.412 9.4
      vertex 33.0101 140.412 10
    endloop
  endfacet
  facet normal 0 -1 0
    outer loop
      vertex 32.5001 140.979 9.4
      vertex 33.0101 140.979 10
      vertex 32.5001 140.979 10
    endloop
  endfacet
  facet normal 0 -1 -0
    outer loop
      vertex 33.0101 140.979 10
      vertex 32.5001 140.979 9.4
      vertex 33.0101 140.979 9.4
    endloop
  endfacet
  facet normal -1 0 0
    outer loop
      vertex 32.5001 140.979 9.4
      vertex 32.5001 143.456 10
      vertex 32.5001 143.456 9.4
    endloop
  endfacet
  facet normal -1 -0 0
    outer loop
      vertex 32.5001 143.456 10
      vertex 32.5001 140.979 9.4
      vertex 32.5001 140.979 10
    endloop
  endfacet
  facet normal 0 -1 0
    outer loop
      vertex 31.6484 143.456 9.4
      vertex 32.5001 143.456 10
      vertex 31.6484 143.456 10
    endloop
  endfacet
  facet normal 0 -1 -0
    outer loop
      vertex 32.5001 143.456 10
      vertex 31.6484 143.456 9.4
      vertex 32.5001 143.456 9.4
    endloop
  endfacet
  facet normal 0.837226 -0.546857 9.77752e-17
    outer loop
      vertex 30.0344 140.985 10
      vertex 31.6484 143.456 9.4
      vertex 31.6484 143.456 10
    endloop
  endfacet
  facet normal 0.837226 -0.546857 9.77752e-17
    outer loop
      vertex 31.6484 143.456 9.4
      vertex 30.0344 140.985 10
      vertex 30.0344 140.985 9.4
    endloop
  endfacet
  facet normal 1 -0 0
    outer loop
      vertex 30.0344 140.412 10
      vertex 30.0344 140.985 9.4
      vertex 30.0344 140.985 10
    endloop
  endfacet
  facet normal 1 0 0
    outer loop
      vertex 30.0344 140.985 9.4
      vertex 30.0344 140.412 10
      vertex 30.0344 140.412 9.4
    endloop
  endfacet
  facet normal 0 1 -0
    outer loop
      vertex 31.7731 140.412 9.4
      vertex 30.0344 140.412 10
      vertex 31.7731 140.412 10
    endloop
  endfacet
  facet normal 0 1 0
    outer loop
      vertex 30.0344 140.412 10
      vertex 31.7731 140.412 9.4
      vertex 30.0344 140.412 9.4
    endloop
  endfacet
  facet normal 1 -0 0
    outer loop
      vertex 31.7731 139.634 10
      vertex 31.7731 140.412 9.4
      vertex 31.7731 140.412 10
    endloop
  endfacet
  facet normal 1 0 0
    outer loop
      vertex 31.7731 140.412 9.4
      vertex 31.7731 139.634 10
      vertex 31.7731 139.634 9.4
    endloop
  endfacet
  facet normal 0 1 -0
    outer loop
      vertex 32.5001 139.634 9.4
      vertex 31.7731 139.634 10
      vertex 32.5001 139.634 10
    endloop
  endfacet
  facet normal 0 1 0
    outer loop
      vertex 31.7731 139.634 10
      vertex 32.5001 139.634 9.4
      vertex 31.7731 139.634 9.4
    endloop
  endfacet
  facet normal -1 0 0
    outer loop
      vertex 32.5001 139.634 9.4
      vertex 32.5001 140.412 10
      vertex 32.5001 140.412 9.4
    endloop
  endfacet
  facet normal -1 -0 0
    outer loop
      vertex 32.5001 140.412 10
      vertex 32.5001 139.634 9.4
      vertex 32.5001 139.634 10
    endloop
  endfacet
  facet normal -0.835372 0.549685 1.85086e-17
    outer loop
      vertex 30.6556 140.979 9.4
      vertex 31.5426 142.327 10
      vertex 31.5426 142.327 9.4
    endloop
  endfacet
  facet normal -0.835372 0.549685 1.85086e-17
    outer loop
      vertex 31.5426 142.327 10
      vertex 30.6556 140.979 9.4
      vertex 30.6556 140.979 10
    endloop
  endfacet
  facet normal -0.846092 0.533038 3.41199e-18
    outer loop
      vertex 31.5426 142.327 9.4
      vertex 31.593 142.407 10
      vertex 31.593 142.407 9.4
    endloop
  endfacet
  facet normal -0.846092 0.533038 3.41199e-18
    outer loop
      vertex 31.593 142.407 10
      vertex 31.5426 142.327 9.4
      vertex 31.5426 142.327 10
    endloop
  endfacet
  facet normal -0.847607 0.530625 -4.06588e-18
    outer loop
      vertex 31.593 142.407 9.4
      vertex 31.6387 142.48 10
      vertex 31.6387 142.48 9.4
    endloop
  endfacet
  facet normal -0.847607 0.530625 -4.06588e-18
    outer loop
      vertex 31.6387 142.48 10
      vertex 31.593 142.407 9.4
      vertex 31.593 142.407 10
    endloop
  endfacet
  facet normal -0.859684 0.510827 -3.00972e-18
    outer loop
      vertex 31.6387 142.48 9.4
      vertex 31.6797 142.549 10
      vertex 31.6797 142.549 9.4
    endloop
  endfacet
  facet normal -0.859684 0.510827 -3.00972e-18
    outer loop
      vertex 31.6797 142.549 10
      vertex 31.6387 142.48 9.4
      vertex 31.6387 142.48 10
    endloop
  endfacet
  facet normal -0.86527 0.501307 4.5046e-19
    outer loop
      vertex 31.6797 142.549 9.4
      vertex 31.7162 142.612 10
      vertex 31.7162 142.612 9.4
    endloop
  endfacet
  facet normal -0.86527 0.501307 4.5046e-19
    outer loop
      vertex 31.7162 142.612 10
      vertex 31.6797 142.549 9.4
      vertex 31.6797 142.549 10
    endloop
  endfacet
  facet normal -0.87394 0.486033 -1.47469e-18
    outer loop
      vertex 31.7162 142.612 9.4
      vertex 31.7479 142.669 10
      vertex 31.7479 142.669 9.4
    endloop
  endfacet
  facet normal -0.87394 0.486033 -1.47469e-18
    outer loop
      vertex 31.7479 142.669 10
      vertex 31.7162 142.612 9.4
      vertex 31.7162 142.612 10
    endloop
  endfacet
  facet normal -0.886098 0.463498 -7.99468e-19
    outer loop
      vertex 31.7479 142.669 9.4
      vertex 31.7751 142.721 10
      vertex 31.7751 142.721 9.4
    endloop
  endfacet
  facet normal -0.886098 0.463498 -7.99468e-19
    outer loop
      vertex 31.7751 142.721 10
      vertex 31.7479 142.669 9.4
      vertex 31.7479 142.669 10
    endloop
  endfacet
  facet normal -0.899069 0.437807 1.55765e-18
    outer loop
      vertex 31.7751 142.721 9.4
      vertex 31.7975 142.767 10
      vertex 31.7975 142.767 9.4
    endloop
  endfacet
  facet normal -0.899069 0.437807 1.55765e-18
    outer loop
      vertex 31.7975 142.767 10
      vertex 31.7751 142.721 9.4
      vertex 31.7751 142.721 10
    endloop
  endfacet
  facet normal 0.9956 -0.0937035 -1.03456e-20
    outer loop
      vertex 31.7959 142.75 10
      vertex 31.7975 142.767 9.4
      vertex 31.7975 142.767 10
    endloop
  endfacet
  facet normal 0.9956 -0.0937035 -1.03456e-20
    outer loop
      vertex 31.7975 142.767 9.4
      vertex 31.7959 142.75 10
      vertex 31.7959 142.75 9.4
    endloop
  endfacet
  facet normal 0.996347 -0.0854011 1.66817e-19
    outer loop
      vertex 31.7941 142.729 10
      vertex 31.7959 142.75 9.4
      vertex 31.7959 142.75 10
    endloop
  endfacet
  facet normal 0.996347 -0.0854011 1.66817e-19
    outer loop
      vertex 31.7959 142.75 9.4
      vertex 31.7941 142.729 10
      vertex 31.7941 142.729 9.4
    endloop
  endfacet
  facet normal 0.997533 -0.0701968 1.99946e-19
    outer loop
      vertex 31.7922 142.702 10
      vertex 31.7941 142.729 9.4
      vertex 31.7941 142.729 10
    endloop
  endfacet
  facet normal 0.997533 -0.0701968 1.99946e-19
    outer loop
      vertex 31.7941 142.729 9.4
      vertex 31.7922 142.702 10
      vertex 31.7922 142.702 9.4
    endloop
  endfacet
  facet normal 0.997491 -0.0707897 1.11023e-19
    outer loop
      vertex 31.79 142.671 10
      vertex 31.7922 142.702 9.4
      vertex 31.7922 142.702 10
    endloop
  endfacet
  facet normal 0.997491 -0.0707897 1.11023e-19
    outer loop
      vertex 31.7922 142.702 9.4
      vertex 31.79 142.671 10
      vertex 31.79 142.671 9.4
    endloop
  endfacet
  facet normal 0.997965 -0.0637589 2.38929e-19
    outer loop
      vertex 31.7877 142.635 10
      vertex 31.79 142.671 9.4
      vertex 31.79 142.671 10
    endloop
  endfacet
  facet normal 0.997965 -0.0637589 2.38929e-19
    outer loop
      vertex 31.79 142.671 9.4
      vertex 31.7877 142.635 10
      vertex 31.7877 142.635 9.4
    endloop
  endfacet
  facet normal 0.998371 -0.0570498 -2.94079e-20
    outer loop
      vertex 31.7853 142.593 10
      vertex 31.7877 142.635 9.4
      vertex 31.7877 142.635 10
    endloop
  endfacet
  facet normal 0.998371 -0.0570498 -2.94079e-20
    outer loop
      vertex 31.7877 142.635 9.4
      vertex 31.7853 142.593 10
      vertex 31.7853 142.593 9.4
    endloop
  endfacet
  facet normal 0.998282 -0.0585948 5.27303e-20
    outer loop
      vertex 31.7826 142.547 10
      vertex 31.7853 142.593 9.4
      vertex 31.7853 142.593 10
    endloop
  endfacet
  facet normal 0.998282 -0.0585948 5.27303e-20
    outer loop
      vertex 31.7853 142.593 9.4
      vertex 31.7826 142.547 10
      vertex 31.7826 142.547 9.4
    endloop
  endfacet
  facet normal 0.998646 -0.0520128 1.20454e-19
    outer loop
      vertex 31.7801 142.499 10
      vertex 31.7826 142.547 9.4
      vertex 31.7826 142.547 10
    endloop
  endfacet
  facet normal 0.998646 -0.0520128 1.20454e-19
    outer loop
      vertex 31.7826 142.547 9.4
      vertex 31.7801 142.499 10
      vertex 31.7801 142.499 9.4
    endloop
  endfacet
  facet normal 0.999044 -0.0437082 -1.53623e-19
    outer loop
      vertex 31.778 142.451 10
      vertex 31.7801 142.499 9.4
      vertex 31.7801 142.499 10
    endloop
  endfacet
  facet normal 0.999044 -0.0437082 -1.53623e-19
    outer loop
      vertex 31.7801 142.499 9.4
      vertex 31.778 142.451 10
      vertex 31.778 142.451 9.4
    endloop
  endfacet
  facet normal 0.999235 -0.0391005 -2.30422e-19
    outer loop
      vertex 31.7762 142.405 10
      vertex 31.778 142.451 9.4
      vertex 31.778 142.451 10
    endloop
  endfacet
  facet normal 0.999235 -0.0391005 -2.30422e-19
    outer loop
      vertex 31.778 142.451 9.4
      vertex 31.7762 142.405 10
      vertex 31.7762 142.405 9.4
    endloop
  endfacet
  facet normal 0.999583 -0.0288768 -2.55604e-20
    outer loop
      vertex 31.7749 142.36 10
      vertex 31.7762 142.405 9.4
      vertex 31.7762 142.405 10
    endloop
  endfacet
  facet normal 0.999583 -0.0288768 -2.55604e-20
    outer loop
      vertex 31.7762 142.405 9.4
      vertex 31.7749 142.36 10
      vertex 31.7749 142.36 9.4
    endloop
  endfacet
  facet normal 0.999753 -0.0222167 1.02934e-19
    outer loop
      vertex 31.7739 142.315 10
      vertex 31.7749 142.36 9.4
      vertex 31.7749 142.36 10
    endloop
  endfacet
  facet normal 0.999753 -0.0222167 1.02934e-19
    outer loop
      vertex 31.7749 142.36 9.4
      vertex 31.7739 142.315 10
      vertex 31.7739 142.315 9.4
    endloop
  endfacet
  facet normal 0.999903 -0.0139521 2.1655e-20
    outer loop
      vertex 31.7733 142.272 10
      vertex 31.7739 142.315 9.4
      vertex 31.7739 142.315 10
    endloop
  endfacet
  facet normal 0.999903 -0.0139521 2.1655e-20
    outer loop
      vertex 31.7739 142.315 9.4
      vertex 31.7733 142.272 10
      vertex 31.7733 142.272 9.4
    endloop
  endfacet
  facet normal 0.999989 -0.00476185 1.56511e-20
    outer loop
      vertex 31.7731 142.23 10
      vertex 31.7733 142.272 9.4
      vertex 31.7733 142.272 10
    endloop
  endfacet
  facet normal 0.999989 -0.00476185 1.56511e-20
    outer loop
      vertex 31.7733 142.272 9.4
      vertex 31.7731 142.23 10
      vertex 31.7731 142.23 9.4
    endloop
  endfacet
  facet normal 1 -0 0
    outer loop
      vertex 31.7731 140.979 10
      vertex 31.7731 142.23 9.4
      vertex 31.7731 142.23 10
    endloop
  endfacet
  facet normal 1 0 0
    outer loop
      vertex 31.7731 142.23 9.4
      vertex 31.7731 140.979 10
      vertex 31.7731 140.979 9.4
    endloop
  endfacet
  facet normal 0 -1 0
    outer loop
      vertex 30.6556 140.979 9.4
      vertex 31.7731 140.979 10
      vertex 30.6556 140.979 10
    endloop
  endfacet
  facet normal 0 -1 -0
    outer loop
      vertex 31.7731 140.979 10
      vertex 30.6556 140.979 9.4
      vertex 31.7731 140.979 9.4
    endloop
  endfacet
  facet normal 0 0 -1
    outer loop
      vertex 46.6 151.9 0
      vertex 32.6 151.9 0
      vertex 46.6 152.3 0
    endloop
  endfacet
  facet normal 0 0 -1
    outer loop
      vertex 91.6 151.9 0
      vertex 77.6 151.9 0
      vertex 91.6 152.3 0
    endloop
  endfacet
  facet normal 0 0 -1
    outer loop
      vertex 136.6 151.9 0
      vertex 122.6 151.9 0
      vertex 136.6 152.3 0
    endloop
  endfacet
  facet normal 0 0 -1
    outer loop
      vertex 176.7 152.3 0
      vertex 167.7 154.411 0
      vertex 176.7 155.4 0
    endloop
  endfacet
  facet normal 0 0 -1
    outer loop
      vertex 167.7 154.411 0
      vertex 165.075 155.4 0
      vertex 167.7 155.4 0
    endloop
  endfacet
  facet normal 0 0 -1
    outer loop
      vertex 136.6 152.3 0
      vertex 167.7 154.411 0
      vertex 176.7 152.3 0
    endloop
  endfacet
  facet normal 0 0 -1
    outer loop
      vertex 136.6 152.3 0
      vertex 165.075 155.4 0
      vertex 167.7 154.411 0
    endloop
  endfacet
  facet normal 0 0 -1
    outer loop
      vertex 136.6 152.3 0
      vertex 165.075 160.3 0
      vertex 165.075 155.4 0
    endloop
  endfacet
  facet normal 0 0 -1
    outer loop
      vertex 122.6 152.3 0
      vertex 136.6 152.3 0
      vertex 122.6 151.9 0
    endloop
  endfacet
  facet normal 0 0 -1
    outer loop
      vertex 136.6 152.3 0
      vertex 122.6 152.3 0
      vertex 165.075 160.3 0
    endloop
  endfacet
  facet normal 0 0 -1
    outer loop
      vertex 91.6 152.3 0
      vertex 165.075 160.3 0
      vertex 122.6 152.3 0
    endloop
  endfacet
  facet normal 0 0 -1
    outer loop
      vertex 77.6 152.3 0
      vertex 91.6 152.3 0
      vertex 77.6 151.9 0
    endloop
  endfacet
  facet normal 0 0 -1
    outer loop
      vertex 91.6 152.3 0
      vertex 77.6 152.3 0
      vertex 165.075 160.3 0
    endloop
  endfacet
  facet normal 0 0 -1
    outer loop
      vertex 4.12501 160.3 0
      vertex 77.6 152.3 0
      vertex 46.6 152.3 0
    endloop
  endfacet
  facet normal 0 0 -1
    outer loop
      vertex 32.6 152.3 0
      vertex 46.6 152.3 0
      vertex 32.6 151.9 0
    endloop
  endfacet
  facet normal 0 0 -1
    outer loop
      vertex 4.12501 160.3 0
      vertex 46.6 152.3 0
      vertex 32.6 152.3 0
    endloop
  endfacet
  facet normal 0 0 -1
    outer loop
      vertex 10.65 155.567 0
      vertex 32.6 152.3 0
      vertex 10.65 152.3 0
    endloop
  endfacet
  facet normal 0 0 -1
    outer loop
      vertex 4.12501 160.3 0
      vertex 32.6 152.3 0
      vertex 10.65 155.567 0
    endloop
  endfacet
  facet normal 0 0 -1
    outer loop
      vertex 4.12501 160.3 0
      vertex 10.65 155.567 0
      vertex 4.12501 155.4 0
    endloop
  endfacet
  facet normal 0 0 -1
    outer loop
      vertex 77.6 152.3 0
      vertex 4.12501 160.3 0
      vertex 165.075 160.3 0
    endloop
  endfacet
  facet normal 0 0 -1
    outer loop
      vertex 1.6 154.573 0
      vertex 4.12501 155.4 0
      vertex 10.65 155.567 0
    endloop
  endfacet
  facet normal -0 0 -1
    outer loop
      vertex 4.12501 155.4 0
      vertex 1.6 154.573 0
      vertex 1.6 155.4 0
    endloop
  endfacet
  facet normal 0 0 1
    outer loop
      vertex 167.7 155.4 10
      vertex 165.075 155.4 10
      vertex 167.7 154.411 10
    endloop
  endfacet
  facet normal -0 0 1
    outer loop
      vertex 167.7 154.411 10
      vertex 176.7 152.3 10
      vertex 176.7 155.4 10
    endloop
  endfacet
  facet normal 0 0 1
    outer loop
      vertex 167.7 154.411 10
      vertex 136.6 152.3 10
      vertex 176.7 152.3 10
    endloop
  endfacet
  facet normal 0 0 1
    outer loop
      vertex 136.6 152.3 10
      vertex 167.7 154.411 10
      vertex 165.075 155.4 10
    endloop
  endfacet
  facet normal 0 0 1
    outer loop
      vertex 165.075 160.3 10
      vertex 136.6 152.3 10
      vertex 165.075 155.4 10
    endloop
  endfacet
  facet normal 0 0 1
    outer loop
      vertex 136.6 152.3 10
      vertex 122.6 152.3 10
      vertex 136.6 151.9 10
    endloop
  endfacet
  facet normal 0 0 1
    outer loop
      vertex 165.075 160.3 10
      vertex 122.6 152.3 10
      vertex 136.6 152.3 10
    endloop
  endfacet
  facet normal -0 0 1
    outer loop
      vertex 89.0635 157.974 10
      vertex 122.6 152.3 10
      vertex 165.075 160.3 10
    endloop
  endfacet
  facet normal -0 0 1
    outer loop
      vertex 89.8999 155.119 10
      vertex 91.6 152.3 10
      vertex 89.9685 155.271 10
    endloop
  endfacet
  facet normal 0 0 1
    outer loop
      vertex 122.6 152.3 10
      vertex 89.9197 157.048 10
      vertex 91.6 152.3 10
    endloop
  endfacet
  facet normal 0 0 1
    outer loop
      vertex 91.6 152.3 10
      vertex 89.9197 157.048 10
      vertex 89.9685 155.271 10
    endloop
  endfacet
  facet normal 0 0 1
    outer loop
      vertex 122.6 152.3 10
      vertex 89.8657 157.192 10
      vertex 89.9197 157.048 10
    endloop
  endfacet
  facet normal 0 0 1
    outer loop
      vertex 122.6 152.3 10
      vertex 89.8015 157.327 10
      vertex 89.8657 157.192 10
    endloop
  endfacet
  facet normal 0 0 1
    outer loop
      vertex 122.6 152.3 10
      vertex 89.7269 157.45 10
      vertex 89.8015 157.327 10
    endloop
  endfacet
  facet normal 0 0 1
    outer loop
      vertex 122.6 152.3 10
      vertex 89.642 157.564 10
      vertex 89.7269 157.45 10
    endloop
  endfacet
  facet normal 0 0 1
    outer loop
      vertex 122.6 152.3 10
      vertex 89.5469 157.667 10
      vertex 89.642 157.564 10
    endloop
  endfacet
  facet normal 0 0 1
    outer loop
      vertex 122.6 152.3 10
      vertex 89.4414 157.759 10
      vertex 89.5469 157.667 10
    endloop
  endfacet
  facet normal 0 0 1
    outer loop
      vertex 122.6 152.3 10
      vertex 89.3256 157.841 10
      vertex 89.4414 157.759 10
    endloop
  endfacet
  facet normal 0 0 1
    outer loop
      vertex 122.6 152.3 10
      vertex 89.1997 157.913 10
      vertex 89.3256 157.841 10
    endloop
  endfacet
  facet normal 0 0 1
    outer loop
      vertex 122.6 152.3 10
      vertex 89.0635 157.974 10
      vertex 89.1997 157.913 10
    endloop
  endfacet
  facet normal 0 0 1
    outer loop
      vertex 165.075 160.3 10
      vertex 88.9171 158.023 10
      vertex 89.0635 157.974 10
    endloop
  endfacet
  facet normal 0 0 1
    outer loop
      vertex 165.075 160.3 10
      vertex 88.7606 158.062 10
      vertex 88.9171 158.023 10
    endloop
  endfacet
  facet normal 0 0 1
    outer loop
      vertex 165.075 160.3 10
      vertex 88.5938 158.089 10
      vertex 88.7606 158.062 10
    endloop
  endfacet
  facet normal 0 0 1
    outer loop
      vertex 165.075 160.3 10
      vertex 88.4169 158.106 10
      vertex 88.5938 158.089 10
    endloop
  endfacet
  facet normal 0 0 1
    outer loop
      vertex 165.075 160.3 10
      vertex 88.2298 158.111 10
      vertex 88.4169 158.106 10
    endloop
  endfacet
  facet normal 0 0 1
    outer loop
      vertex 85.1501 154.799 10
      vertex 86.3365 156.161 10
      vertex 86.3464 156.421 10
    endloop
  endfacet
  facet normal 0 0 1
    outer loop
      vertex 85.1501 158.054 10
      vertex 86.3464 156.421 10
      vertex 86.3761 156.663 10
    endloop
  endfacet
  facet normal 0 0 1
    outer loop
      vertex 86.3464 156.421 10
      vertex 85.1501 158.054 10
      vertex 85.1501 154.799 10
    endloop
  endfacet
  facet normal 0 0 1
    outer loop
      vertex 86.4257 156.888 10
      vertex 85.1501 158.054 10
      vertex 86.3761 156.663 10
    endloop
  endfacet
  facet normal 0 0 1
    outer loop
      vertex 86.495 157.094 10
      vertex 85.1501 158.054 10
      vertex 86.4257 156.888 10
    endloop
  endfacet
  facet normal 0 0 1
    outer loop
      vertex 86.5842 157.283 10
      vertex 85.1501 158.054 10
      vertex 86.495 157.094 10
    endloop
  endfacet
  facet normal 0 0 1
    outer loop
      vertex 86.6932 157.454 10
      vertex 85.1501 158.054 10
      vertex 86.5842 157.283 10
    endloop
  endfacet
  facet normal 0 0 1
    outer loop
      vertex 86.822 157.607 10
      vertex 85.1501 158.054 10
      vertex 86.6932 157.454 10
    endloop
  endfacet
  facet normal 0 0 1
    outer loop
      vertex 86.9696 157.741 10
      vertex 85.1501 158.054 10
      vertex 86.822 157.607 10
    endloop
  endfacet
  facet normal 0 0 1
    outer loop
      vertex 87.1351 157.854 10
      vertex 85.1501 158.054 10
      vertex 86.9696 157.741 10
    endloop
  endfacet
  facet normal 0 0 1
    outer loop
      vertex 87.3184 157.947 10
      vertex 85.1501 158.054 10
      vertex 87.1351 157.854 10
    endloop
  endfacet
  facet normal 0 0 1
    outer loop
      vertex 87.5195 158.019 10
      vertex 85.1501 158.054 10
      vertex 87.3184 157.947 10
    endloop
  endfacet
  facet normal 0 0 1
    outer loop
      vertex 87.7385 158.07 10
      vertex 85.1501 158.054 10
      vertex 87.5195 158.019 10
    endloop
  endfacet
  facet normal 0 0 1
    outer loop
      vertex 87.9752 158.101 10
      vertex 85.1501 158.054 10
      vertex 87.7385 158.07 10
    endloop
  endfacet
  facet normal 0 0 1
    outer loop
      vertex 88.2298 158.111 10
      vertex 85.1501 158.054 10
      vertex 87.9752 158.101 10
    endloop
  endfacet
  facet normal 0 0 1
    outer loop
      vertex 81.4546 158.054 10
      vertex 88.2298 158.111 10
      vertex 165.075 160.3 10
    endloop
  endfacet
  facet normal 0 0 1
    outer loop
      vertex 88.2298 158.111 10
      vertex 84.4286 158.054 10
      vertex 85.1501 158.054 10
    endloop
  endfacet
  facet normal -0 0 1
    outer loop
      vertex 82.8738 157.067 10
      vertex 83.4711 156.834 10
      vertex 83.4711 157.433 10
    endloop
  endfacet
  facet normal 0 0 1
    outer loop
      vertex 83.4413 154.799 10
      vertex 83.0712 154.233 10
      vertex 83.4413 154.233 10
    endloop
  endfacet
  facet normal 0 0 1
    outer loop
      vertex 82.8069 156.492 10
      vertex 83.4711 156.834 10
      vertex 82.8395 156.591 10
    endloop
  endfacet
  facet normal 0 0 1
    outer loop
      vertex 83.4711 156.834 10
      vertex 82.8813 156.915 10
      vertex 82.8767 156.803 10
    endloop
  endfacet
  facet normal 0 0 1
    outer loop
      vertex 83.4711 156.834 10
      vertex 82.8738 157.067 10
      vertex 82.8813 156.915 10
    endloop
  endfacet
  facet normal -0 0 1
    outer loop
      vertex 82.5097 157.76 10
      vertex 83.4711 157.433 10
      vertex 84.4286 158.054 10
    endloop
  endfacet
  facet normal 0 0 1
    outer loop
      vertex 83.4711 157.433 10
      vertex 82.851 157.209 10
      vertex 82.8738 157.067 10
    endloop
  endfacet
  facet normal 0 0 1
    outer loop
      vertex 83.4711 157.433 10
      vertex 82.8131 157.34 10
      vertex 82.851 157.209 10
    endloop
  endfacet
  facet normal 0 0 1
    outer loop
      vertex 83.4711 157.433 10
      vertex 82.76 157.461 10
      vertex 82.8131 157.34 10
    endloop
  endfacet
  facet normal 0 0 1
    outer loop
      vertex 83.4711 157.433 10
      vertex 82.6917 157.571 10
      vertex 82.76 157.461 10
    endloop
  endfacet
  facet normal 0 0 1
    outer loop
      vertex 83.4711 157.433 10
      vertex 82.6083 157.671 10
      vertex 82.6917 157.571 10
    endloop
  endfacet
  facet normal 0 0 1
    outer loop
      vertex 83.4711 157.433 10
      vertex 82.5097 157.76 10
      vertex 82.6083 157.671 10
    endloop
  endfacet
  facet normal 0 0 1
    outer loop
      vertex 84.4286 158.054 10
      vertex 82.3972 157.838 10
      vertex 82.5097 157.76 10
    endloop
  endfacet
  facet normal 0 0 1
    outer loop
      vertex 84.4286 158.054 10
      vertex 82.2719 157.904 10
      vertex 82.3972 157.838 10
    endloop
  endfacet
  facet normal 0 0 1
    outer loop
      vertex 84.4286 158.054 10
      vertex 82.1339 157.958 10
      vertex 82.2719 157.904 10
    endloop
  endfacet
  facet normal 0 0 1
    outer loop
      vertex 84.4286 158.054 10
      vertex 81.9832 158 10
      vertex 82.1339 157.958 10
    endloop
  endfacet
  facet normal 0 0 1
    outer loop
      vertex 88.2298 158.111 10
      vertex 81.4546 158.054 10
      vertex 84.4286 158.054 10
    endloop
  endfacet
  facet normal 0 0 1
    outer loop
      vertex 84.4286 158.054 10
      vertex 81.8197 158.03 10
      vertex 81.9832 158 10
    endloop
  endfacet
  facet normal 0 0 1
    outer loop
      vertex 84.4286 158.054 10
      vertex 81.6435 158.048 10
      vertex 81.8197 158.03 10
    endloop
  endfacet
  facet normal 0 0 1
    outer loop
      vertex 84.4286 158.054 10
      vertex 81.4546 158.054 10
      vertex 81.6435 158.048 10
    endloop
  endfacet
  facet normal 0 0 1
    outer loop
      vertex 165.075 160.3 10
      vertex 79.5449 158.054 10
      vertex 81.4546 158.054 10
    endloop
  endfacet
  facet normal 0 0 1
    outer loop
      vertex 79.5449 158.054 10
      vertex 77.6 152.3 10
      vertex 79.5449 154.233 10
    endloop
  endfacet
  facet normal 0 0 1
    outer loop
      vertex 79.5449 158.054 10
      vertex 46.6 152.3 10
      vertex 77.6 152.3 10
    endloop
  endfacet
  facet normal 0 0 1
    outer loop
      vertex 46.6 152.3 10
      vertex 32.6 152.3 10
      vertex 46.6 151.9 10
    endloop
  endfacet
  facet normal 0 0 1
    outer loop
      vertex 4.12501 160.3 10
      vertex 46.6 152.3 10
      vertex 79.5449 158.054 10
    endloop
  endfacet
  facet normal 0 0 1
    outer loop
      vertex 46.6 152.3 10
      vertex 4.12501 160.3 10
      vertex 32.6 152.3 10
    endloop
  endfacet
  facet normal -0 0 1
    outer loop
      vertex 4.12501 160.3 10
      vertex 79.5449 158.054 10
      vertex 165.075 160.3 10
    endloop
  endfacet
  facet normal 0 0 1
    outer loop
      vertex 32.6 152.3 10
      vertex 4.12501 160.3 10
      vertex 10.65 155.567 10
    endloop
  endfacet
  facet normal 0 0 1
    outer loop
      vertex 4.12501 155.4 10
      vertex 10.65 155.567 10
      vertex 4.12501 160.3 10
    endloop
  endfacet
  facet normal -0 0 1
    outer loop
      vertex 4.12501 155.4 10
      vertex 1.6 154.573 10
      vertex 10.65 155.567 10
    endloop
  endfacet
  facet normal 0 0 1
    outer loop
      vertex 1.6 154.573 10
      vertex 4.12501 155.4 10
      vertex 1.6 155.4 10
    endloop
  endfacet
  facet normal 0 0 1
    outer loop
      vertex 136.6 151.9 10
      vertex 122.6 152.3 10
      vertex 122.6 151.9 10
    endloop
  endfacet
  facet normal -0 0 1
    outer loop
      vertex 89.8227 154.978 10
      vertex 91.6 152.3 10
      vertex 89.8999 155.119 10
    endloop
  endfacet
  facet normal -0 0 1
    outer loop
      vertex 89.7369 154.849 10
      vertex 91.6 152.3 10
      vertex 89.8227 154.978 10
    endloop
  endfacet
  facet normal -0 0 1
    outer loop
      vertex 89.6426 154.732 10
      vertex 91.6 152.3 10
      vertex 89.7369 154.849 10
    endloop
  endfacet
  facet normal -0 0 1
    outer loop
      vertex 89.5397 154.626 10
      vertex 91.6 152.3 10
      vertex 89.6426 154.732 10
    endloop
  endfacet
  facet normal -0 0 1
    outer loop
      vertex 89.4281 154.531 10
      vertex 91.6 152.3 10
      vertex 89.5397 154.626 10
    endloop
  endfacet
  facet normal -0 0 1
    outer loop
      vertex 89.308 154.448 10
      vertex 91.6 152.3 10
      vertex 89.4281 154.531 10
    endloop
  endfacet
  facet normal -0 0 1
    outer loop
      vertex 89.1801 154.377 10
      vertex 91.6 152.3 10
      vertex 89.308 154.448 10
    endloop
  endfacet
  facet normal -0 0 1
    outer loop
      vertex 89.0452 154.316 10
      vertex 91.6 152.3 10
      vertex 89.1801 154.377 10
    endloop
  endfacet
  facet normal -0 0 1
    outer loop
      vertex 88.9032 154.266 10
      vertex 91.6 152.3 10
      vertex 89.0452 154.316 10
    endloop
  endfacet
  facet normal 0 0 1
    outer loop
      vertex 91.6 152.3 10
      vertex 88.9032 154.266 10
      vertex 91.6 151.9 10
    endloop
  endfacet
  facet normal -0 0 1
    outer loop
      vertex 88.7542 154.228 10
      vertex 91.6 151.9 10
      vertex 88.9032 154.266 10
    endloop
  endfacet
  facet normal -0 0 1
    outer loop
      vertex 88.5982 154.2 10
      vertex 91.6 151.9 10
      vertex 88.7542 154.228 10
    endloop
  endfacet
  facet normal -0 0 1
    outer loop
      vertex 88.4352 154.184 10
      vertex 91.6 151.9 10
      vertex 88.5982 154.2 10
    endloop
  endfacet
  facet normal -0 0 1
    outer loop
      vertex 88.2651 154.178 10
      vertex 91.6 151.9 10
      vertex 88.4352 154.184 10
    endloop
  endfacet
  facet normal 0 0 1
    outer loop
      vertex 88.0101 154.189 10
      vertex 91.6 151.9 10
      vertex 88.2651 154.178 10
    endloop
  endfacet
  facet normal 0 0 1
    outer loop
      vertex 87.7723 154.221 10
      vertex 91.6 151.9 10
      vertex 88.0101 154.189 10
    endloop
  endfacet
  facet normal -0 0 1
    outer loop
      vertex 86.0263 154.233 10
      vertex 87.7723 154.221 10
      vertex 87.5516 154.274 10
    endloop
  endfacet
  facet normal 0 0 1
    outer loop
      vertex 86.0263 154.233 10
      vertex 87.5516 154.274 10
      vertex 87.3479 154.349 10
    endloop
  endfacet
  facet normal 0 0 1
    outer loop
      vertex 86.0263 154.233 10
      vertex 87.3479 154.349 10
      vertex 87.1614 154.445 10
    endloop
  endfacet
  facet normal 0 0 1
    outer loop
      vertex 86.0263 154.799 10
      vertex 86.3467 155.901 10
      vertex 86.3365 156.161 10
    endloop
  endfacet
  facet normal 0 0 1
    outer loop
      vertex 86.0263 154.799 10
      vertex 86.3776 155.659 10
      vertex 86.3467 155.901 10
    endloop
  endfacet
  facet normal 0 0 1
    outer loop
      vertex 86.0263 154.799 10
      vertex 86.4289 155.433 10
      vertex 86.3776 155.659 10
    endloop
  endfacet
  facet normal 0 0 1
    outer loop
      vertex 86.0263 154.799 10
      vertex 86.5008 155.224 10
      vertex 86.4289 155.433 10
    endloop
  endfacet
  facet normal 0 0 1
    outer loop
      vertex 86.0263 154.799 10
      vertex 86.5932 155.033 10
      vertex 86.5008 155.224 10
    endloop
  endfacet
  facet normal 0 0 1
    outer loop
      vertex 86.0263 154.799 10
      vertex 86.7062 154.858 10
      vertex 86.5932 155.033 10
    endloop
  endfacet
  facet normal 0 0 1
    outer loop
      vertex 86.0263 154.233 10
      vertex 86.7062 154.858 10
      vertex 86.0263 154.799 10
    endloop
  endfacet
  facet normal 0 0 1
    outer loop
      vertex 86.7062 154.858 10
      vertex 86.0263 154.233 10
      vertex 86.8396 154.7 10
    endloop
  endfacet
  facet normal 0 0 1
    outer loop
      vertex 86.8396 154.7 10
      vertex 86.0263 154.233 10
      vertex 86.992 154.562 10
    endloop
  endfacet
  facet normal 0 0 1
    outer loop
      vertex 86.992 154.562 10
      vertex 86.0263 154.233 10
      vertex 87.1614 154.445 10
    endloop
  endfacet
  facet normal 0 0 1
    outer loop
      vertex 87.7723 154.221 10
      vertex 86.0263 154.233 10
      vertex 91.6 151.9 10
    endloop
  endfacet
  facet normal -0 0 1
    outer loop
      vertex 83.4413 154.233 10
      vertex 91.6 151.9 10
      vertex 86.0263 154.233 10
    endloop
  endfacet
  facet normal 0 0 1
    outer loop
      vertex 77.6 151.9 10
      vertex 83.4413 154.233 10
      vertex 83.0712 154.233 10
    endloop
  endfacet
  facet normal 0 0 1
    outer loop
      vertex 77.6 151.9 10
      vertex 83.0712 154.233 10
      vertex 82.1707 154.233 10
    endloop
  endfacet
  facet normal 0 0 1
    outer loop
      vertex 80.3451 154.233 10
      vertex 81.2837 155.684 10
      vertex 80.3451 155.684 10
    endloop
  endfacet
  facet normal 0 0 1
    outer loop
      vertex 81.2837 155.684 10
      vertex 80.3451 154.233 10
      vertex 82.1707 154.233 10
    endloop
  endfacet
  facet normal 0 0 1
    outer loop
      vertex 77.6 151.9 10
      vertex 82.1707 154.233 10
      vertex 80.3451 154.233 10
    endloop
  endfacet
  facet normal 0 0 1
    outer loop
      vertex 77.6 151.9 10
      vertex 80.3451 154.233 10
      vertex 79.5449 154.233 10
    endloop
  endfacet
  facet normal 0 0 1
    outer loop
      vertex 77.6 151.9 10
      vertex 79.5449 154.233 10
      vertex 77.6 152.3 10
    endloop
  endfacet
  facet normal 0 0 1
    outer loop
      vertex 83.4413 154.233 10
      vertex 77.6 151.9 10
      vertex 91.6 151.9 10
    endloop
  endfacet
  facet normal 0 0 1
    outer loop
      vertex 89.9197 157.048 10
      vertex 89.2714 155.535 10
      vertex 89.9685 155.271 10
    endloop
  endfacet
  facet normal -0 0 1
    outer loop
      vertex 89.2144 156.855 10
      vertex 89.2714 155.535 10
      vertex 89.9197 157.048 10
    endloop
  endfacet
  facet normal 0 0 1
    outer loop
      vertex 88.8632 157.313 10
      vertex 89.2144 156.855 10
      vertex 89.1854 156.935 10
    endloop
  endfacet
  facet normal 0 0 1
    outer loop
      vertex 89.2144 156.855 10
      vertex 87.1421 156.161 10
      vertex 89.2714 155.535 10
    endloop
  endfacet
  facet normal 0 0 1
    outer loop
      vertex 88.8632 157.313 10
      vertex 89.1854 156.935 10
      vertex 89.1493 157.01 10
    endloop
  endfacet
  facet normal 0 0 1
    outer loop
      vertex 88.8632 157.313 10
      vertex 89.1493 157.01 10
      vertex 89.1061 157.08 10
    endloop
  endfacet
  facet normal -0 -0 1
    outer loop
      vertex 87.148 155.979 10
      vertex 89.2714 155.535 10
      vertex 87.1421 156.161 10
    endloop
  endfacet
  facet normal 0 0 1
    outer loop
      vertex 88.8632 157.313 10
      vertex 89.1061 157.08 10
      vertex 89.0559 157.146 10
    endloop
  endfacet
  facet normal 0 0 1
    outer loop
      vertex 88.8632 157.313 10
      vertex 89.0559 157.146 10
      vertex 88.9987 157.206 10
    endloop
  endfacet
  facet normal -0 -0 1
    outer loop
      vertex 87.1657 155.81 10
      vertex 89.2714 155.535 10
      vertex 87.148 155.979 10
    endloop
  endfacet
  facet normal 0 0 1
    outer loop
      vertex 88.8632 157.313 10
      vertex 88.9987 157.206 10
      vertex 88.9345 157.262 10
    endloop
  endfacet
  facet normal 0 0 1
    outer loop
      vertex 89.2144 156.855 10
      vertex 88.8632 157.313 10
      vertex 88.7865 157.358 10
    endloop
  endfacet
  facet normal -0 -0 1
    outer loop
      vertex 87.1952 155.653 10
      vertex 89.2714 155.535 10
      vertex 87.1657 155.81 10
    endloop
  endfacet
  facet normal 0 0 1
    outer loop
      vertex 89.2144 156.855 10
      vertex 88.7865 157.358 10
      vertex 88.706 157.396 10
    endloop
  endfacet
  facet normal 0 0 1
    outer loop
      vertex 89.2144 156.855 10
      vertex 88.706 157.396 10
      vertex 88.6217 157.427 10
    endloop
  endfacet
  facet normal 0 0 1
    outer loop
      vertex 89.2714 155.535 10
      vertex 87.1952 155.653 10
      vertex 89.1818 155.342 10
    endloop
  endfacet
  facet normal 0 0 1
    outer loop
      vertex 89.2144 156.855 10
      vertex 88.6217 157.427 10
      vertex 88.5335 157.451 10
    endloop
  endfacet
  facet normal 0 0 1
    outer loop
      vertex 89.2144 156.855 10
      vertex 88.5335 157.451 10
      vertex 88.4415 157.468 10
    endloop
  endfacet
  facet normal 0 -0 1
    outer loop
      vertex 88.2651 154.808 10
      vertex 89.1818 155.342 10
      vertex 87.1952 155.653 10
    endloop
  endfacet
  facet normal 0 0 1
    outer loop
      vertex 89.2144 156.855 10
      vertex 88.4415 157.468 10
      vertex 88.3457 157.479 10
    endloop
  endfacet
  facet normal 0 0 1
    outer loop
      vertex 89.2144 156.855 10
      vertex 88.3457 157.479 10
      vertex 88.2461 157.482 10
    endloop
  endfacet
  facet normal 0 0 1
    outer loop
      vertex 89.1818 155.342 10
      vertex 88.2651 154.808 10
      vertex 89.0741 155.178 10
    endloop
  endfacet
  facet normal 0 0 1
    outer loop
      vertex 89.2144 156.855 10
      vertex 88.2461 157.482 10
      vertex 87.1937 156.659 10
    endloop
  endfacet
  facet normal 0 0 1
    outer loop
      vertex 88.9484 155.045 10
      vertex 88.463 154.822 10
      vertex 88.8046 154.941 10
    endloop
  endfacet
  facet normal 0 0 1
    outer loop
      vertex 87.1937 156.659 10
      vertex 88.2461 157.482 10
      vertex 88.0964 157.475 10
    endloop
  endfacet
  facet normal 0 0 1
    outer loop
      vertex 88.8046 154.941 10
      vertex 88.463 154.822 10
      vertex 88.6428 154.867 10
    endloop
  endfacet
  facet normal 0 0 1
    outer loop
      vertex 87.2338 156.8 10
      vertex 88.0964 157.475 10
      vertex 87.9575 157.455 10
    endloop
  endfacet
  facet normal 0 0 1
    outer loop
      vertex 89.0741 155.178 10
      vertex 88.463 154.822 10
      vertex 88.9484 155.045 10
    endloop
  endfacet
  facet normal 0 0 1
    outer loop
      vertex 87.2853 156.928 10
      vertex 87.9575 157.455 10
      vertex 87.8292 157.42 10
    endloop
  endfacet
  facet normal 0 -0 1
    outer loop
      vertex 88.463 154.822 10
      vertex 89.0741 155.178 10
      vertex 88.2651 154.808 10
    endloop
  endfacet
  facet normal 0 0 1
    outer loop
      vertex 87.2853 156.928 10
      vertex 87.8292 157.42 10
      vertex 87.7116 157.372 10
    endloop
  endfacet
  facet normal 0 0 1
    outer loop
      vertex 88.2651 154.808 10
      vertex 87.1952 155.653 10
      vertex 88.1145 154.815 10
    endloop
  endfacet
  facet normal 0 0 1
    outer loop
      vertex 87.2853 156.928 10
      vertex 87.7116 157.372 10
      vertex 87.6046 157.31 10
    endloop
  endfacet
  facet normal -0 -0 1
    outer loop
      vertex 87.2365 155.51 10
      vertex 88.1145 154.815 10
      vertex 87.1952 155.653 10
    endloop
  endfacet
  facet normal 0 0 1
    outer loop
      vertex 87.2853 156.928 10
      vertex 87.6046 157.31 10
      vertex 87.5084 157.235 10
    endloop
  endfacet
  facet normal 0 0 1
    outer loop
      vertex 88.1145 154.815 10
      vertex 87.2365 155.51 10
      vertex 87.9745 154.836 10
    endloop
  endfacet
  facet normal 0 0 1
    outer loop
      vertex 87.2853 156.928 10
      vertex 87.5084 157.235 10
      vertex 87.4228 157.146 10
    endloop
  endfacet
  facet normal -0 -0 1
    outer loop
      vertex 87.2895 155.379 10
      vertex 87.9745 154.836 10
      vertex 87.2365 155.51 10
    endloop
  endfacet
  facet normal 0 0 1
    outer loop
      vertex 87.2853 156.928 10
      vertex 87.4228 157.146 10
      vertex 87.3484 157.043 10
    endloop
  endfacet
  facet normal 0 0 1
    outer loop
      vertex 87.9745 154.836 10
      vertex 87.2895 155.379 10
      vertex 87.8448 154.871 10
    endloop
  endfacet
  facet normal 0 0 1
    outer loop
      vertex 87.9575 157.455 10
      vertex 87.2853 156.928 10
      vertex 87.2338 156.8 10
    endloop
  endfacet
  facet normal -0 -0 1
    outer loop
      vertex 87.3544 155.26 10
      vertex 87.8448 154.871 10
      vertex 87.2895 155.379 10
    endloop
  endfacet
  facet normal 0 0 1
    outer loop
      vertex 88.0964 157.475 10
      vertex 87.2338 156.8 10
      vertex 87.1937 156.659 10
    endloop
  endfacet
  facet normal 0 0 1
    outer loop
      vertex 87.7257 154.921 10
      vertex 87.3544 155.26 10
      vertex 87.617 154.985 10
    endloop
  endfacet
  facet normal 0 0 1
    outer loop
      vertex 89.2144 156.855 10
      vertex 87.1937 156.659 10
      vertex 87.165 156.506 10
    endloop
  endfacet
  facet normal 0 0 1
    outer loop
      vertex 87.5188 155.063 10
      vertex 87.3544 155.26 10
      vertex 87.431 155.155 10
    endloop
  endfacet
  facet normal 0 0 1
    outer loop
      vertex 89.2144 156.855 10
      vertex 87.165 156.506 10
      vertex 87.1479 156.34 10
    endloop
  endfacet
  facet normal 0 0 1
    outer loop
      vertex 87.617 154.985 10
      vertex 87.3544 155.26 10
      vertex 87.5188 155.063 10
    endloop
  endfacet
  facet normal 0 0 1
    outer loop
      vertex 89.2144 156.855 10
      vertex 87.1479 156.34 10
      vertex 87.1421 156.161 10
    endloop
  endfacet
  facet normal 0 0 1
    outer loop
      vertex 87.8448 154.871 10
      vertex 87.3544 155.26 10
      vertex 87.7257 154.921 10
    endloop
  endfacet
  facet normal 0 0 1
    outer loop
      vertex 86.3365 156.161 10
      vertex 85.1501 154.799 10
      vertex 86.0263 154.799 10
    endloop
  endfacet
  facet normal -0 0 1
    outer loop
      vertex 83.4711 156.834 10
      vertex 84.3879 154.799 10
      vertex 84.3879 157.406 10
    endloop
  endfacet
  facet normal 0 0 1
    outer loop
      vertex 84.3879 154.799 10
      vertex 83.4711 156.834 10
      vertex 83.4413 154.799 10
    endloop
  endfacet
  facet normal 0 0 1
    outer loop
      vertex 83.4711 156.834 10
      vertex 82.8767 156.803 10
      vertex 82.8627 156.695 10
    endloop
  endfacet
  facet normal 0 0 1
    outer loop
      vertex 83.4711 156.834 10
      vertex 82.8627 156.695 10
      vertex 82.8395 156.591 10
    endloop
  endfacet
  facet normal 0 0 1
    outer loop
      vertex 82.7651 156.398 10
      vertex 83.4711 156.834 10
      vertex 82.8069 156.492 10
    endloop
  endfacet
  facet normal 0 0 1
    outer loop
      vertex 82.7139 156.308 10
      vertex 83.4711 156.834 10
      vertex 82.7651 156.398 10
    endloop
  endfacet
  facet normal 0 0 1
    outer loop
      vertex 83.4711 156.834 10
      vertex 82.7139 156.308 10
      vertex 83.4413 154.799 10
    endloop
  endfacet
  facet normal -0 0 1
    outer loop
      vertex 82.6535 156.222 10
      vertex 83.4413 154.799 10
      vertex 82.7139 156.308 10
    endloop
  endfacet
  facet normal -0 0 1
    outer loop
      vertex 82.5851 156.143 10
      vertex 83.4413 154.799 10
      vertex 82.6535 156.222 10
    endloop
  endfacet
  facet normal -0 0 1
    outer loop
      vertex 82.5102 156.072 10
      vertex 83.4413 154.799 10
      vertex 82.5851 156.143 10
    endloop
  endfacet
  facet normal -0 0 1
    outer loop
      vertex 82.4288 156.009 10
      vertex 83.4413 154.799 10
      vertex 82.5102 156.072 10
    endloop
  endfacet
  facet normal -0 0 1
    outer loop
      vertex 82.3408 155.954 10
      vertex 83.4413 154.799 10
      vertex 82.4288 156.009 10
    endloop
  endfacet
  facet normal -0 0 1
    outer loop
      vertex 82.2463 155.907 10
      vertex 83.4413 154.799 10
      vertex 82.3408 155.954 10
    endloop
  endfacet
  facet normal -0 0 1
    outer loop
      vertex 82.1453 155.869 10
      vertex 83.4413 154.799 10
      vertex 82.2463 155.907 10
    endloop
  endfacet
  facet normal 0 0 1
    outer loop
      vertex 83.4413 154.799 10
      vertex 82.1453 155.869 10
      vertex 83.0712 154.233 10
    endloop
  endfacet
  facet normal 0 0 1
    outer loop
      vertex 83.0712 154.233 10
      vertex 82.1453 155.869 10
      vertex 82.0377 155.838 10
    endloop
  endfacet
  facet normal 0 0 1
    outer loop
      vertex 46.6 151.9 10
      vertex 32.6 152.3 10
      vertex 32.6 151.9 10
    endloop
  endfacet
  facet normal 0 0 1
    outer loop
      vertex 32.6 152.3 10
      vertex 10.65 155.567 10
      vertex 10.65 152.3 10
    endloop
  endfacet
  facet normal 0 0 1
    outer loop
      vertex 81.6506 156.333 10
      vertex 82.0722 156.807 10
      vertex 82.0757 156.883 10
    endloop
  endfacet
  facet normal 0 0 1
    outer loop
      vertex 81.7159 157.388 10
      vertex 82.0757 156.883 10
      vertex 82.0613 157.029 10
    endloop
  endfacet
  facet normal 0 0 1
    outer loop
      vertex 81.6506 156.333 10
      vertex 82.0757 156.883 10
      vertex 81.7159 157.388 10
    endloop
  endfacet
  facet normal 0 0 1
    outer loop
      vertex 82.0722 156.807 10
      vertex 81.7234 156.354 10
      vertex 82.0615 156.736 10
    endloop
  endfacet
  facet normal 0 0 1
    outer loop
      vertex 81.8454 157.332 10
      vertex 82.0613 157.029 10
      vertex 82.0181 157.152 10
    endloop
  endfacet
  facet normal 0 -0 1
    outer loop
      vertex 81.7896 156.382 10
      vertex 82.0615 156.736 10
      vertex 81.7234 156.354 10
    endloop
  endfacet
  facet normal 0 0 1
    outer loop
      vertex 82.0615 156.736 10
      vertex 81.7896 156.382 10
      vertex 82.0438 156.67 10
    endloop
  endfacet
  facet normal 0 0 1
    outer loop
      vertex 81.8454 157.332 10
      vertex 82.0181 157.152 10
      vertex 81.9462 157.253 10
    endloop
  endfacet
  facet normal 0 0 1
    outer loop
      vertex 82.0613 157.029 10
      vertex 81.8454 157.332 10
      vertex 81.7159 157.388 10
    endloop
  endfacet
  facet normal 0 0 1
    outer loop
      vertex 82.019 156.609 10
      vertex 81.7896 156.382 10
      vertex 81.9871 156.554 10
    endloop
  endfacet
  facet normal 0 0 1
    outer loop
      vertex 81.9871 156.554 10
      vertex 81.7896 156.382 10
      vertex 81.9482 156.503 10
    endloop
  endfacet
  facet normal 0 0 1
    outer loop
      vertex 81.9482 156.503 10
      vertex 81.8492 156.416 10
      vertex 81.9021 156.457 10
    endloop
  endfacet
  facet normal 0 0 1
    outer loop
      vertex 81.9482 156.503 10
      vertex 81.7896 156.382 10
      vertex 81.8492 156.416 10
    endloop
  endfacet
  facet normal 0 0 1
    outer loop
      vertex 82.0438 156.67 10
      vertex 81.7896 156.382 10
      vertex 82.019 156.609 10
    endloop
  endfacet
  facet normal 0 0 1
    outer loop
      vertex 82.0722 156.807 10
      vertex 81.6506 156.333 10
      vertex 81.7234 156.354 10
    endloop
  endfacet
  facet normal 0 0 1
    outer loop
      vertex 81.5576 157.422 10
      vertex 81.6506 156.333 10
      vertex 81.7159 157.388 10
    endloop
  endfacet
  facet normal 0 0 1
    outer loop
      vertex 81.6506 156.333 10
      vertex 81.5576 157.422 10
      vertex 81.5711 156.317 10
    endloop
  endfacet
  facet normal 0 0 1
    outer loop
      vertex 81.5576 157.422 10
      vertex 81.485 156.308 10
      vertex 81.5711 156.317 10
    endloop
  endfacet
  facet normal 0 0 1
    outer loop
      vertex 81.3705 157.433 10
      vertex 81.485 156.308 10
      vertex 81.5576 157.422 10
    endloop
  endfacet
  facet normal 0 0 1
    outer loop
      vertex 81.485 156.308 10
      vertex 81.3705 157.433 10
      vertex 81.3922 156.305 10
    endloop
  endfacet
  facet normal 0 0 1
    outer loop
      vertex 80.3451 156.305 10
      vertex 81.3705 157.433 10
      vertex 80.3451 157.433 10
    endloop
  endfacet
  facet normal 0 0 1
    outer loop
      vertex 81.3705 157.433 10
      vertex 80.3451 156.305 10
      vertex 81.3922 156.305 10
    endloop
  endfacet
  facet normal 0 -1 0
    outer loop
      vertex 46.6 152.3 0
      vertex 77.6 152.3 10
      vertex 46.6 152.3 10
    endloop
  endfacet
  facet normal 0 -1 -0
    outer loop
      vertex 77.6 152.3 10
      vertex 46.6 152.3 0
      vertex 77.6 152.3 0
    endloop
  endfacet
  facet normal -1 0 0
    outer loop
      vertex 77.6 151.9 0
      vertex 77.6 152.3 10
      vertex 77.6 152.3 0
    endloop
  endfacet
  facet normal -1 -0 0
    outer loop
      vertex 77.6 152.3 10
      vertex 77.6 151.9 0
      vertex 77.6 151.9 10
    endloop
  endfacet
  facet normal 0 -1 0
    outer loop
      vertex 77.6 151.9 0
      vertex 91.6 151.9 10
      vertex 77.6 151.9 10
    endloop
  endfacet
  facet normal 0 -1 -0
    outer loop
      vertex 91.6 151.9 10
      vertex 77.6 151.9 0
      vertex 91.6 151.9 0
    endloop
  endfacet
  facet normal 1 -0 0
    outer loop
      vertex 91.6 151.9 10
      vertex 91.6 152.3 0
      vertex 91.6 152.3 10
    endloop
  endfacet
  facet normal 1 0 0
    outer loop
      vertex 91.6 152.3 0
      vertex 91.6 151.9 10
      vertex 91.6 151.9 0
    endloop
  endfacet
  facet normal 0 -1 0
    outer loop
      vertex 91.6 152.3 0
      vertex 122.6 152.3 10
      vertex 91.6 152.3 10
    endloop
  endfacet
  facet normal 0 -1 -0
    outer loop
      vertex 122.6 152.3 10
      vertex 91.6 152.3 0
      vertex 122.6 152.3 0
    endloop
  endfacet
  facet normal -1 0 0
    outer loop
      vertex 122.6 151.9 0
      vertex 122.6 152.3 10
      vertex 122.6 152.3 0
    endloop
  endfacet
  facet normal -1 -0 0
    outer loop
      vertex 122.6 152.3 10
      vertex 122.6 151.9 0
      vertex 122.6 151.9 10
    endloop
  endfacet
  facet normal 0 -1 0
    outer loop
      vertex 122.6 151.9 0
      vertex 136.6 151.9 10
      vertex 122.6 151.9 10
    endloop
  endfacet
  facet normal 0 -1 -0
    outer loop
      vertex 136.6 151.9 10
      vertex 122.6 151.9 0
      vertex 136.6 151.9 0
    endloop
  endfacet
  facet normal 1 -0 0
    outer loop
      vertex 136.6 151.9 10
      vertex 136.6 152.3 0
      vertex 136.6 152.3 10
    endloop
  endfacet
  facet normal 1 0 0
    outer loop
      vertex 136.6 152.3 0
      vertex 136.6 151.9 10
      vertex 136.6 151.9 0
    endloop
  endfacet
  facet normal 0 -1 0
    outer loop
      vertex 136.6 152.3 0
      vertex 176.7 152.3 10
      vertex 136.6 152.3 10
    endloop
  endfacet
  facet normal 0 -1 -0
    outer loop
      vertex 176.7 152.3 10
      vertex 136.6 152.3 0
      vertex 176.7 152.3 0
    endloop
  endfacet
  facet normal 1 -0 0
    outer loop
      vertex 176.7 152.3 10
      vertex 176.7 155.4 0
      vertex 176.7 155.4 10
    endloop
  endfacet
  facet normal 1 0 0
    outer loop
      vertex 176.7 155.4 0
      vertex 176.7 152.3 10
      vertex 176.7 152.3 0
    endloop
  endfacet
  facet normal -0.109231 0.994016 0
    outer loop
      vertex 176.7 155.4 0
      vertex 167.7 154.411 10
      vertex 176.7 155.4 10
    endloop
  endfacet
  facet normal -0.109231 0.994016 0
    outer loop
      vertex 167.7 154.411 10
      vertex 176.7 155.4 0
      vertex 167.7 154.411 0
    endloop
  endfacet
  facet normal 1 -0 0
    outer loop
      vertex 167.7 154.411 10
      vertex 167.7 155.4 0
      vertex 167.7 155.4 10
    endloop
  endfacet
  facet normal 1 0 0
    outer loop
      vertex 167.7 155.4 0
      vertex 167.7 154.411 10
      vertex 167.7 154.411 0
    endloop
  endfacet
  facet normal 0 1 -0
    outer loop
      vertex 167.7 155.4 0
      vertex 165.075 155.4 10
      vertex 167.7 155.4 10
    endloop
  endfacet
  facet normal 0 1 0
    outer loop
      vertex 165.075 155.4 10
      vertex 167.7 155.4 0
      vertex 165.075 155.4 0
    endloop
  endfacet
  facet normal 1 -0 0
    outer loop
      vertex 165.075 155.4 10
      vertex 165.075 160.3 0
      vertex 165.075 160.3 10
    endloop
  endfacet
  facet normal 1 0 0
    outer loop
      vertex 165.075 160.3 0
      vertex 165.075 155.4 10
      vertex 165.075 155.4 0
    endloop
  endfacet
  facet normal 0 1 -0
    outer loop
      vertex 165.075 160.3 0
      vertex 4.12501 160.3 10
      vertex 165.075 160.3 10
    endloop
  endfacet
  facet normal 0 1 0
    outer loop
      vertex 4.12501 160.3 10
      vertex 165.075 160.3 0
      vertex 4.12501 160.3 0
    endloop
  endfacet
  facet normal -1 0 0
    outer loop
      vertex 4.12501 155.4 0
      vertex 4.12501 160.3 10
      vertex 4.12501 160.3 0
    endloop
  endfacet
  facet normal -1 -0 0
    outer loop
      vertex 4.12501 160.3 10
      vertex 4.12501 155.4 0
      vertex 4.12501 155.4 10
    endloop
  endfacet
  facet normal 0 1 -0
    outer loop
      vertex 4.12501 155.4 0
      vertex 1.6 155.4 10
      vertex 4.12501 155.4 10
    endloop
  endfacet
  facet normal 0 1 0
    outer loop
      vertex 1.6 155.4 10
      vertex 4.12501 155.4 0
      vertex 1.6 155.4 0
    endloop
  endfacet
  facet normal -1 0 0
    outer loop
      vertex 1.6 154.573 0
      vertex 1.6 155.4 10
      vertex 1.6 155.4 0
    endloop
  endfacet
  facet normal -1 -0 0
    outer loop
      vertex 1.6 155.4 10
      vertex 1.6 154.573 0
      vertex 1.6 154.573 10
    endloop
  endfacet
  facet normal 0.109178 -0.994022 0
    outer loop
      vertex 1.6 154.573 0
      vertex 10.65 155.567 10
      vertex 1.6 154.573 10
    endloop
  endfacet
  facet normal 0.109178 -0.994022 0
    outer loop
      vertex 10.65 155.567 10
      vertex 1.6 154.573 0
      vertex 10.65 155.567 0
    endloop
  endfacet
  facet normal -1 0 0
    outer loop
      vertex 10.65 152.3 0
      vertex 10.65 155.567 10
      vertex 10.65 155.567 0
    endloop
  endfacet
  facet normal -1 -0 0
    outer loop
      vertex 10.65 155.567 10
      vertex 10.65 152.3 0
      vertex 10.65 152.3 10
    endloop
  endfacet
  facet normal 0 -1 0
    outer loop
      vertex 10.65 152.3 0
      vertex 32.6 152.3 10
      vertex 10.65 152.3 10
    endloop
  endfacet
  facet normal 0 -1 -0
    outer loop
      vertex 32.6 152.3 10
      vertex 10.65 152.3 0
      vertex 32.6 152.3 0
    endloop
  endfacet
  facet normal -1 0 0
    outer loop
      vertex 32.6 151.9 0
      vertex 32.6 152.3 10
      vertex 32.6 152.3 0
    endloop
  endfacet
  facet normal -1 -0 0
    outer loop
      vertex 32.6 152.3 10
      vertex 32.6 151.9 0
      vertex 32.6 151.9 10
    endloop
  endfacet
  facet normal 0 -1 0
    outer loop
      vertex 32.6 151.9 0
      vertex 46.6 151.9 10
      vertex 32.6 151.9 10
    endloop
  endfacet
  facet normal 0 -1 -0
    outer loop
      vertex 46.6 151.9 10
      vertex 32.6 151.9 0
      vertex 46.6 151.9 0
    endloop
  endfacet
  facet normal 1 -0 0
    outer loop
      vertex 46.6 151.9 10
      vertex 46.6 152.3 0
      vertex 46.6 152.3 10
    endloop
  endfacet
  facet normal 1 0 0
    outer loop
      vertex 46.6 152.3 0
      vertex 46.6 151.9 10
      vertex 46.6 151.9 0
    endloop
  endfacet
  facet normal 0 0 1
    outer loop
      vertex 89.1854 156.935 9.4
      vertex 89.8657 157.192 9.4
      vertex 89.8015 157.327 9.4
    endloop
  endfacet
  facet normal 0 0 1
    outer loop
      vertex 89.1493 157.01 9.4
      vertex 89.8015 157.327 9.4
      vertex 89.7269 157.45 9.4
    endloop
  endfacet
  facet normal 0 0 1
    outer loop
      vertex 89.1061 157.08 9.4
      vertex 89.7269 157.45 9.4
      vertex 89.642 157.564 9.4
    endloop
  endfacet
  facet normal 0 0 1
    outer loop
      vertex 89.0559 157.146 9.4
      vertex 89.642 157.564 9.4
      vertex 89.5469 157.667 9.4
    endloop
  endfacet
  facet normal 0 0 1
    outer loop
      vertex 88.9987 157.206 9.4
      vertex 89.5469 157.667 9.4
      vertex 89.4414 157.759 9.4
    endloop
  endfacet
  facet normal 0 0 1
    outer loop
      vertex 88.9345 157.262 9.4
      vertex 89.4414 157.759 9.4
      vertex 89.3256 157.841 9.4
    endloop
  endfacet
  facet normal 0 0 1
    outer loop
      vertex 89.7269 157.45 9.4
      vertex 89.1061 157.08 9.4
      vertex 89.1493 157.01 9.4
    endloop
  endfacet
  facet normal 0 0 1
    outer loop
      vertex 88.8632 157.313 9.4
      vertex 89.3256 157.841 9.4
      vertex 89.1997 157.913 9.4
    endloop
  endfacet
  facet normal 0 0 1
    outer loop
      vertex 89.8657 157.192 9.4
      vertex 89.2144 156.855 9.4
      vertex 89.9197 157.048 9.4
    endloop
  endfacet
  facet normal 0 -0 1
    outer loop
      vertex 89.2144 156.855 9.4
      vertex 89.8657 157.192 9.4
      vertex 89.1854 156.935 9.4
    endloop
  endfacet
  facet normal 0 0 1
    outer loop
      vertex 89.8015 157.327 9.4
      vertex 89.1493 157.01 9.4
      vertex 89.1854 156.935 9.4
    endloop
  endfacet
  facet normal 0 0 1
    outer loop
      vertex 88.7865 157.358 9.4
      vertex 89.1997 157.913 9.4
      vertex 89.0635 157.974 9.4
    endloop
  endfacet
  facet normal 0 0 1
    outer loop
      vertex 89.642 157.564 9.4
      vertex 89.0559 157.146 9.4
      vertex 89.1061 157.08 9.4
    endloop
  endfacet
  facet normal 0 0 1
    outer loop
      vertex 89.5469 157.667 9.4
      vertex 88.9987 157.206 9.4
      vertex 89.0559 157.146 9.4
    endloop
  endfacet
  facet normal 0 0 1
    outer loop
      vertex 89.4414 157.759 9.4
      vertex 88.9345 157.262 9.4
      vertex 88.9987 157.206 9.4
    endloop
  endfacet
  facet normal 0 0 1
    outer loop
      vertex 88.706 157.396 9.4
      vertex 89.0635 157.974 9.4
      vertex 88.9171 158.023 9.4
    endloop
  endfacet
  facet normal 0 0 1
    outer loop
      vertex 89.3256 157.841 9.4
      vertex 88.8632 157.313 9.4
      vertex 88.9345 157.262 9.4
    endloop
  endfacet
  facet normal 0 0 1
    outer loop
      vertex 89.1997 157.913 9.4
      vertex 88.7865 157.358 9.4
      vertex 88.8632 157.313 9.4
    endloop
  endfacet
  facet normal 0 0 1
    outer loop
      vertex 88.6217 157.427 9.4
      vertex 88.9171 158.023 9.4
      vertex 88.7606 158.062 9.4
    endloop
  endfacet
  facet normal 0 0 1
    outer loop
      vertex 89.0635 157.974 9.4
      vertex 88.706 157.396 9.4
      vertex 88.7865 157.358 9.4
    endloop
  endfacet
  facet normal 0 0 1
    outer loop
      vertex 88.9171 158.023 9.4
      vertex 88.6217 157.427 9.4
      vertex 88.706 157.396 9.4
    endloop
  endfacet
  facet normal 0 0 1
    outer loop
      vertex 88.5335 157.451 9.4
      vertex 88.7606 158.062 9.4
      vertex 88.5938 158.089 9.4
    endloop
  endfacet
  facet normal 0 0 1
    outer loop
      vertex 88.7606 158.062 9.4
      vertex 88.5335 157.451 9.4
      vertex 88.6217 157.427 9.4
    endloop
  endfacet
  facet normal 0 0 1
    outer loop
      vertex 88.5938 158.089 9.4
      vertex 88.4415 157.468 9.4
      vertex 88.5335 157.451 9.4
    endloop
  endfacet
  facet normal 0 0 1
    outer loop
      vertex 88.4169 158.106 9.4
      vertex 88.4415 157.468 9.4
      vertex 88.5938 158.089 9.4
    endloop
  endfacet
  facet normal 0 0 1
    outer loop
      vertex 88.4169 158.106 9.4
      vertex 88.3457 157.479 9.4
      vertex 88.4415 157.468 9.4
    endloop
  endfacet
  facet normal 0 0 1
    outer loop
      vertex 88.2298 158.111 9.4
      vertex 88.3457 157.479 9.4
      vertex 88.4169 158.106 9.4
    endloop
  endfacet
  facet normal 0 0 1
    outer loop
      vertex 88.3457 157.479 9.4
      vertex 88.2298 158.111 9.4
      vertex 88.2461 157.482 9.4
    endloop
  endfacet
  facet normal 0 0 1
    outer loop
      vertex 88.2298 158.111 9.4
      vertex 88.0964 157.475 9.4
      vertex 88.2461 157.482 9.4
    endloop
  endfacet
  facet normal -0 0 1
    outer loop
      vertex 87.9752 158.101 9.4
      vertex 88.0964 157.475 9.4
      vertex 88.2298 158.111 9.4
    endloop
  endfacet
  facet normal 0 0 1
    outer loop
      vertex 87.9752 158.101 9.4
      vertex 87.9575 157.455 9.4
      vertex 88.0964 157.475 9.4
    endloop
  endfacet
  facet normal -0 0 1
    outer loop
      vertex 87.7385 158.07 9.4
      vertex 87.9575 157.455 9.4
      vertex 87.9752 158.101 9.4
    endloop
  endfacet
  facet normal 0 0 1
    outer loop
      vertex 87.9575 157.455 9.4
      vertex 87.7385 158.07 9.4
      vertex 87.8292 157.42 9.4
    endloop
  endfacet
  facet normal -0 0 1
    outer loop
      vertex 87.5195 158.019 9.4
      vertex 87.8292 157.42 9.4
      vertex 87.7385 158.07 9.4
    endloop
  endfacet
  facet normal 0 0 1
    outer loop
      vertex 87.8292 157.42 9.4
      vertex 87.5195 158.019 9.4
      vertex 87.7116 157.372 9.4
    endloop
  endfacet
  facet normal -0 0 1
    outer loop
      vertex 87.3184 157.947 9.4
      vertex 87.7116 157.372 9.4
      vertex 87.5195 158.019 9.4
    endloop
  endfacet
  facet normal 0 0 1
    outer loop
      vertex 87.7116 157.372 9.4
      vertex 87.3184 157.947 9.4
      vertex 87.6046 157.31 9.4
    endloop
  endfacet
  facet normal -0 0 1
    outer loop
      vertex 87.1351 157.854 9.4
      vertex 87.6046 157.31 9.4
      vertex 87.3184 157.947 9.4
    endloop
  endfacet
  facet normal 0 0 1
    outer loop
      vertex 87.6046 157.31 9.4
      vertex 87.1351 157.854 9.4
      vertex 87.5084 157.235 9.4
    endloop
  endfacet
  facet normal -0 0 1
    outer loop
      vertex 86.9696 157.741 9.4
      vertex 87.5084 157.235 9.4
      vertex 87.1351 157.854 9.4
    endloop
  endfacet
  facet normal 0 0 1
    outer loop
      vertex 87.5084 157.235 9.4
      vertex 86.9696 157.741 9.4
      vertex 87.4228 157.146 9.4
    endloop
  endfacet
  facet normal -0 0 1
    outer loop
      vertex 86.822 157.607 9.4
      vertex 87.4228 157.146 9.4
      vertex 86.9696 157.741 9.4
    endloop
  endfacet
  facet normal 0 0 1
    outer loop
      vertex 87.4228 157.146 9.4
      vertex 86.822 157.607 9.4
      vertex 87.3484 157.043 9.4
    endloop
  endfacet
  facet normal -0 0 1
    outer loop
      vertex 86.6932 157.454 9.4
      vertex 87.3484 157.043 9.4
      vertex 86.822 157.607 9.4
    endloop
  endfacet
  facet normal -0 0 1
    outer loop
      vertex 86.495 157.094 9.4
      vertex 87.2853 156.928 9.4
      vertex 86.5842 157.283 9.4
    endloop
  endfacet
  facet normal -0 0 1
    outer loop
      vertex 86.5842 157.283 9.4
      vertex 87.2853 156.928 9.4
      vertex 86.6932 157.454 9.4
    endloop
  endfacet
  facet normal 0 0 1
    outer loop
      vertex 87.3484 157.043 9.4
      vertex 86.6932 157.454 9.4
      vertex 87.2853 156.928 9.4
    endloop
  endfacet
  facet normal 0 0 1
    outer loop
      vertex 89.2714 155.535 9.4
      vertex 89.8999 155.119 9.4
      vertex 89.9685 155.271 9.4
    endloop
  endfacet
  facet normal -0 0 1
    outer loop
      vertex 89.1818 155.342 9.4
      vertex 89.8999 155.119 9.4
      vertex 89.2714 155.535 9.4
    endloop
  endfacet
  facet normal 0 0 1
    outer loop
      vertex 89.8227 154.978 9.4
      vertex 89.1818 155.342 9.4
      vertex 89.7369 154.849 9.4
    endloop
  endfacet
  facet normal -0 0 1
    outer loop
      vertex 89.0741 155.178 9.4
      vertex 89.7369 154.849 9.4
      vertex 89.1818 155.342 9.4
    endloop
  endfacet
  facet normal 0 0 1
    outer loop
      vertex 89.7369 154.849 9.4
      vertex 89.0741 155.178 9.4
      vertex 89.6426 154.732 9.4
    endloop
  endfacet
  facet normal 0 0 1
    outer loop
      vertex 89.6426 154.732 9.4
      vertex 89.0741 155.178 9.4
      vertex 89.5397 154.626 9.4
    endloop
  endfacet
  facet normal 0 0 1
    outer loop
      vertex 89.8999 155.119 9.4
      vertex 89.1818 155.342 9.4
      vertex 89.8227 154.978 9.4
    endloop
  endfacet
  facet normal -0 0 1
    outer loop
      vertex 88.9484 155.045 9.4
      vertex 89.5397 154.626 9.4
      vertex 89.0741 155.178 9.4
    endloop
  endfacet
  facet normal 0 0 1
    outer loop
      vertex 89.5397 154.626 9.4
      vertex 88.9484 155.045 9.4
      vertex 89.4281 154.531 9.4
    endloop
  endfacet
  facet normal 0 0 1
    outer loop
      vertex 89.4281 154.531 9.4
      vertex 88.9484 155.045 9.4
      vertex 89.308 154.448 9.4
    endloop
  endfacet
  facet normal 0 0 1
    outer loop
      vertex 89.308 154.448 9.4
      vertex 88.9484 155.045 9.4
      vertex 89.1801 154.377 9.4
    endloop
  endfacet
  facet normal -0 0 1
    outer loop
      vertex 88.8046 154.941 9.4
      vertex 89.1801 154.377 9.4
      vertex 88.9484 155.045 9.4
    endloop
  endfacet
  facet normal 0 0 1
    outer loop
      vertex 89.1801 154.377 9.4
      vertex 88.8046 154.941 9.4
      vertex 89.0452 154.316 9.4
    endloop
  endfacet
  facet normal 0 0 1
    outer loop
      vertex 89.0452 154.316 9.4
      vertex 88.8046 154.941 9.4
      vertex 88.9032 154.266 9.4
    endloop
  endfacet
  facet normal -0 0 1
    outer loop
      vertex 88.6428 154.867 9.4
      vertex 88.9032 154.266 9.4
      vertex 88.8046 154.941 9.4
    endloop
  endfacet
  facet normal 0 0 1
    outer loop
      vertex 88.9032 154.266 9.4
      vertex 88.6428 154.867 9.4
      vertex 88.7542 154.228 9.4
    endloop
  endfacet
  facet normal -0 0 1
    outer loop
      vertex 88.463 154.822 9.4
      vertex 88.7542 154.228 9.4
      vertex 88.6428 154.867 9.4
    endloop
  endfacet
  facet normal 0 0 1
    outer loop
      vertex 88.7542 154.228 9.4
      vertex 88.463 154.822 9.4
      vertex 88.5982 154.2 9.4
    endloop
  endfacet
  facet normal 0 0 1
    outer loop
      vertex 88.463 154.822 9.4
      vertex 88.4352 154.184 9.4
      vertex 88.5982 154.2 9.4
    endloop
  endfacet
  facet normal -0 0 1
    outer loop
      vertex 88.2651 154.808 9.4
      vertex 88.4352 154.184 9.4
      vertex 88.463 154.822 9.4
    endloop
  endfacet
  facet normal 0 0 1
    outer loop
      vertex 88.2651 154.808 9.4
      vertex 88.2651 154.178 9.4
      vertex 88.4352 154.184 9.4
    endloop
  endfacet
  facet normal 0 0 1
    outer loop
      vertex 88.1145 154.815 9.4
      vertex 88.2651 154.178 9.4
      vertex 88.2651 154.808 9.4
    endloop
  endfacet
  facet normal 0 0 1
    outer loop
      vertex 88.1145 154.815 9.4
      vertex 88.0101 154.189 9.4
      vertex 88.2651 154.178 9.4
    endloop
  endfacet
  facet normal 0 0 1
    outer loop
      vertex 87.9745 154.836 9.4
      vertex 88.0101 154.189 9.4
      vertex 88.1145 154.815 9.4
    endloop
  endfacet
  facet normal 0 0 1
    outer loop
      vertex 87.7723 154.221 9.4
      vertex 87.9745 154.836 9.4
      vertex 87.8448 154.871 9.4
    endloop
  endfacet
  facet normal 0 0 1
    outer loop
      vertex 87.9745 154.836 9.4
      vertex 87.7723 154.221 9.4
      vertex 88.0101 154.189 9.4
    endloop
  endfacet
  facet normal 0 0 1
    outer loop
      vertex 87.5516 154.274 9.4
      vertex 87.8448 154.871 9.4
      vertex 87.7257 154.921 9.4
    endloop
  endfacet
  facet normal 0 0 1
    outer loop
      vertex 87.3479 154.349 9.4
      vertex 87.7257 154.921 9.4
      vertex 87.617 154.985 9.4
    endloop
  endfacet
  facet normal 0 0 1
    outer loop
      vertex 87.8448 154.871 9.4
      vertex 87.5516 154.274 9.4
      vertex 87.7723 154.221 9.4
    endloop
  endfacet
  facet normal 0 0 1
    outer loop
      vertex 87.1614 154.445 9.4
      vertex 87.617 154.985 9.4
      vertex 87.5188 155.063 9.4
    endloop
  endfacet
  facet normal 0 0 1
    outer loop
      vertex 86.992 154.562 9.4
      vertex 87.5188 155.063 9.4
      vertex 87.431 155.155 9.4
    endloop
  endfacet
  facet normal 0 0 1
    outer loop
      vertex 86.8396 154.7 9.4
      vertex 87.431 155.155 9.4
      vertex 87.3544 155.26 9.4
    endloop
  endfacet
  facet normal 0 0 1
    outer loop
      vertex 87.7257 154.921 9.4
      vertex 87.3479 154.349 9.4
      vertex 87.5516 154.274 9.4
    endloop
  endfacet
  facet normal 0 0 1
    outer loop
      vertex 86.7062 154.858 9.4
      vertex 87.3544 155.26 9.4
      vertex 87.2895 155.379 9.4
    endloop
  endfacet
  facet normal 0 0 1
    outer loop
      vertex 86.5932 155.033 9.4
      vertex 87.2895 155.379 9.4
      vertex 87.2365 155.51 9.4
    endloop
  endfacet
  facet normal 0 0 1
    outer loop
      vertex 86.4289 155.433 9.4
      vertex 87.2365 155.51 9.4
      vertex 87.1952 155.653 9.4
    endloop
  endfacet
  facet normal -0 0 1
    outer loop
      vertex 86.3776 155.659 9.4
      vertex 87.1952 155.653 9.4
      vertex 87.1657 155.81 9.4
    endloop
  endfacet
  facet normal 0 0 1
    outer loop
      vertex 87.617 154.985 9.4
      vertex 87.1614 154.445 9.4
      vertex 87.3479 154.349 9.4
    endloop
  endfacet
  facet normal -0 0 1
    outer loop
      vertex 86.3467 155.901 9.4
      vertex 87.1657 155.81 9.4
      vertex 87.148 155.979 9.4
    endloop
  endfacet
  facet normal -0 0 1
    outer loop
      vertex 86.3365 156.161 9.4
      vertex 87.148 155.979 9.4
      vertex 87.1421 156.161 9.4
    endloop
  endfacet
  facet normal 0 0 1
    outer loop
      vertex 87.5188 155.063 9.4
      vertex 86.992 154.562 9.4
      vertex 87.1614 154.445 9.4
    endloop
  endfacet
  facet normal 0 0 1
    outer loop
      vertex 87.2853 156.928 9.4
      vertex 86.495 157.094 9.4
      vertex 87.2338 156.8 9.4
    endloop
  endfacet
  facet normal -0 0 1
    outer loop
      vertex 86.4257 156.888 9.4
      vertex 87.2338 156.8 9.4
      vertex 86.495 157.094 9.4
    endloop
  endfacet
  facet normal 0 0 1
    outer loop
      vertex 87.148 155.979 9.4
      vertex 86.3365 156.161 9.4
      vertex 86.3467 155.901 9.4
    endloop
  endfacet
  facet normal 0 0 1
    outer loop
      vertex 87.2338 156.8 9.4
      vertex 86.4257 156.888 9.4
      vertex 87.1937 156.659 9.4
    endloop
  endfacet
  facet normal 0 0 1
    outer loop
      vertex 87.1657 155.81 9.4
      vertex 86.3467 155.901 9.4
      vertex 86.3776 155.659 9.4
    endloop
  endfacet
  facet normal -0 0 1
    outer loop
      vertex 86.3761 156.663 9.4
      vertex 87.1937 156.659 9.4
      vertex 86.4257 156.888 9.4
    endloop
  endfacet
  facet normal 0 0 1
    outer loop
      vertex 87.1952 155.653 9.4
      vertex 86.3776 155.659 9.4
      vertex 86.4289 155.433 9.4
    endloop
  endfacet
  facet normal 0 0 1
    outer loop
      vertex 87.1937 156.659 9.4
      vertex 86.3761 156.663 9.4
      vertex 87.165 156.506 9.4
    endloop
  endfacet
  facet normal 0 0 1
    outer loop
      vertex 87.2365 155.51 9.4
      vertex 86.4289 155.433 9.4
      vertex 86.5008 155.224 9.4
    endloop
  endfacet
  facet normal 0 0 1
    outer loop
      vertex 86.3464 156.421 9.4
      vertex 87.165 156.506 9.4
      vertex 86.3761 156.663 9.4
    endloop
  endfacet
  facet normal 0 0 1
    outer loop
      vertex 87.2365 155.51 9.4
      vertex 86.5008 155.224 9.4
      vertex 86.5932 155.033 9.4
    endloop
  endfacet
  facet normal 0 0 1
    outer loop
      vertex 87.165 156.506 9.4
      vertex 86.3464 156.421 9.4
      vertex 87.1479 156.34 9.4
    endloop
  endfacet
  facet normal 0 0 1
    outer loop
      vertex 87.2895 155.379 9.4
      vertex 86.5932 155.033 9.4
      vertex 86.7062 154.858 9.4
    endloop
  endfacet
  facet normal 0 0 1
    outer loop
      vertex 86.3365 156.161 9.4
      vertex 87.1479 156.34 9.4
      vertex 86.3464 156.421 9.4
    endloop
  endfacet
  facet normal 0 0 1
    outer loop
      vertex 87.3544 155.26 9.4
      vertex 86.7062 154.858 9.4
      vertex 86.8396 154.7 9.4
    endloop
  endfacet
  facet normal 0 0 1
    outer loop
      vertex 87.1479 156.34 9.4
      vertex 86.3365 156.161 9.4
      vertex 87.1421 156.161 9.4
    endloop
  endfacet
  facet normal 0 0 1
    outer loop
      vertex 87.431 155.155 9.4
      vertex 86.8396 154.7 9.4
      vertex 86.992 154.562 9.4
    endloop
  endfacet
  facet normal 0 0 1
    outer loop
      vertex 82.8738 157.067 9.4
      vertex 82.0613 157.029 9.4
      vertex 82.0757 156.883 9.4
    endloop
  endfacet
  facet normal 0 0 1
    outer loop
      vertex 82.2719 157.904 9.4
      vertex 82.0181 157.152 9.4
      vertex 82.0613 157.029 9.4
    endloop
  endfacet
  facet normal 0 0 1
    outer loop
      vertex 81.8454 157.332 9.4
      vertex 82.1339 157.958 9.4
      vertex 81.9832 158 9.4
    endloop
  endfacet
  facet normal 0 0 1
    outer loop
      vertex 82.2719 157.904 9.4
      vertex 81.9462 157.253 9.4
      vertex 82.0181 157.152 9.4
    endloop
  endfacet
  facet normal 0 0 1
    outer loop
      vertex 82.2719 157.904 9.4
      vertex 81.8454 157.332 9.4
      vertex 81.9462 157.253 9.4
    endloop
  endfacet
  facet normal 0 0 1
    outer loop
      vertex 81.7159 157.388 9.4
      vertex 81.9832 158 9.4
      vertex 81.8197 158.03 9.4
    endloop
  endfacet
  facet normal 0 0 1
    outer loop
      vertex 81.9832 158 9.4
      vertex 81.7159 157.388 9.4
      vertex 81.8454 157.332 9.4
    endloop
  endfacet
  facet normal 0 0 1
    outer loop
      vertex 81.5576 157.422 9.4
      vertex 81.8197 158.03 9.4
      vertex 81.6435 158.048 9.4
    endloop
  endfacet
  facet normal 0 0 1
    outer loop
      vertex 81.8197 158.03 9.4
      vertex 81.5576 157.422 9.4
      vertex 81.7159 157.388 9.4
    endloop
  endfacet
  facet normal 0 0 1
    outer loop
      vertex 81.4546 158.054 9.4
      vertex 81.5576 157.422 9.4
      vertex 81.6435 158.048 9.4
    endloop
  endfacet
  facet normal 0 0 1
    outer loop
      vertex 81.4546 158.054 9.4
      vertex 81.3705 157.433 9.4
      vertex 81.5576 157.422 9.4
    endloop
  endfacet
  facet normal 0 0 1
    outer loop
      vertex 81.4546 158.054 9.4
      vertex 80.3451 157.433 9.4
      vertex 81.3705 157.433 9.4
    endloop
  endfacet
  facet normal 0 0 1
    outer loop
      vertex 79.5449 158.054 9.4
      vertex 80.3451 156.305 9.4
      vertex 80.3451 157.433 9.4
    endloop
  endfacet
  facet normal 0 0 1
    outer loop
      vertex 79.5449 154.233 9.4
      vertex 80.3451 156.305 9.4
      vertex 79.5449 158.054 9.4
    endloop
  endfacet
  facet normal -0 0 1
    outer loop
      vertex 79.5449 158.054 9.4
      vertex 80.3451 157.433 9.4
      vertex 81.4546 158.054 9.4
    endloop
  endfacet
  facet normal 0 0 1
    outer loop
      vertex 80.3451 156.305 9.4
      vertex 79.5449 154.233 9.4
      vertex 80.3451 155.684 9.4
    endloop
  endfacet
  facet normal 0 0 1
    outer loop
      vertex 80.3451 155.684 9.4
      vertex 79.5449 154.233 9.4
      vertex 80.3451 154.233 9.4
    endloop
  endfacet
  facet normal 0 0 1
    outer loop
      vertex 82.0757 156.883 9.4
      vertex 82.8813 156.915 9.4
      vertex 82.8738 157.067 9.4
    endloop
  endfacet
  facet normal 0 0 1
    outer loop
      vertex 82.8813 156.915 9.4
      vertex 82.0757 156.883 9.4
      vertex 82.8767 156.803 9.4
    endloop
  endfacet
  facet normal 0 0 1
    outer loop
      vertex 82.0613 157.029 9.4
      vertex 82.8738 157.067 9.4
      vertex 82.851 157.209 9.4
    endloop
  endfacet
  facet normal -0 0 1
    outer loop
      vertex 82.0722 156.807 9.4
      vertex 82.8767 156.803 9.4
      vertex 82.0757 156.883 9.4
    endloop
  endfacet
  facet normal 0 0 1
    outer loop
      vertex 82.0613 157.029 9.4
      vertex 82.851 157.209 9.4
      vertex 82.8131 157.34 9.4
    endloop
  endfacet
  facet normal 0 0 1
    outer loop
      vertex 82.8767 156.803 9.4
      vertex 82.0722 156.807 9.4
      vertex 82.8627 156.695 9.4
    endloop
  endfacet
  facet normal 0 0 1
    outer loop
      vertex 82.8627 156.695 9.4
      vertex 82.0722 156.807 9.4
      vertex 82.8395 156.591 9.4
    endloop
  endfacet
  facet normal 0 0 1
    outer loop
      vertex 82.0613 157.029 9.4
      vertex 82.8131 157.34 9.4
      vertex 82.76 157.461 9.4
    endloop
  endfacet
  facet normal -0 0 1
    outer loop
      vertex 82.0615 156.736 9.4
      vertex 82.8395 156.591 9.4
      vertex 82.0722 156.807 9.4
    endloop
  endfacet
  facet normal 0 0 1
    outer loop
      vertex 82.0613 157.029 9.4
      vertex 82.76 157.461 9.4
      vertex 82.6917 157.571 9.4
    endloop
  endfacet
  facet normal 0 0 1
    outer loop
      vertex 82.8395 156.591 9.4
      vertex 82.0615 156.736 9.4
      vertex 82.8069 156.492 9.4
    endloop
  endfacet
  facet normal 0 0 1
    outer loop
      vertex 82.0613 157.029 9.4
      vertex 82.6917 157.571 9.4
      vertex 82.6083 157.671 9.4
    endloop
  endfacet
  facet normal 0 0 1
    outer loop
      vertex 82.8069 156.492 9.4
      vertex 82.0615 156.736 9.4
      vertex 82.7651 156.398 9.4
    endloop
  endfacet
  facet normal -0 0 1
    outer loop
      vertex 82.0438 156.67 9.4
      vertex 82.7651 156.398 9.4
      vertex 82.0615 156.736 9.4
    endloop
  endfacet
  facet normal 0 0 1
    outer loop
      vertex 82.0613 157.029 9.4
      vertex 82.6083 157.671 9.4
      vertex 82.5097 157.76 9.4
    endloop
  endfacet
  facet normal 0 0 1
    outer loop
      vertex 82.7651 156.398 9.4
      vertex 82.0438 156.67 9.4
      vertex 82.7139 156.308 9.4
    endloop
  endfacet
  facet normal 0 0 1
    outer loop
      vertex 82.0613 157.029 9.4
      vertex 82.5097 157.76 9.4
      vertex 82.3972 157.838 9.4
    endloop
  endfacet
  facet normal -0 0 1
    outer loop
      vertex 82.019 156.609 9.4
      vertex 82.7139 156.308 9.4
      vertex 82.0438 156.67 9.4
    endloop
  endfacet
  facet normal 0 0 1
    outer loop
      vertex 82.0613 157.029 9.4
      vertex 82.3972 157.838 9.4
      vertex 82.2719 157.904 9.4
    endloop
  endfacet
  facet normal 0 0 1
    outer loop
      vertex 82.7139 156.308 9.4
      vertex 82.019 156.609 9.4
      vertex 82.6535 156.222 9.4
    endloop
  endfacet
  facet normal 0 0 1
    outer loop
      vertex 82.6535 156.222 9.4
      vertex 82.019 156.609 9.4
      vertex 82.5851 156.143 9.4
    endloop
  endfacet
  facet normal 0 0 1
    outer loop
      vertex 81.8454 157.332 9.4
      vertex 82.2719 157.904 9.4
      vertex 82.1339 157.958 9.4
    endloop
  endfacet
  facet normal -0 0 1
    outer loop
      vertex 81.9871 156.554 9.4
      vertex 82.5851 156.143 9.4
      vertex 82.019 156.609 9.4
    endloop
  endfacet
  facet normal 0 0 1
    outer loop
      vertex 82.5851 156.143 9.4
      vertex 81.9871 156.554 9.4
      vertex 82.5102 156.072 9.4
    endloop
  endfacet
  facet normal 0 0 1
    outer loop
      vertex 82.5102 156.072 9.4
      vertex 81.9871 156.554 9.4
      vertex 82.4288 156.009 9.4
    endloop
  endfacet
  facet normal -0 0 1
    outer loop
      vertex 81.9482 156.503 9.4
      vertex 82.4288 156.009 9.4
      vertex 81.9871 156.554 9.4
    endloop
  endfacet
  facet normal 0 0 1
    outer loop
      vertex 82.4288 156.009 9.4
      vertex 81.9482 156.503 9.4
      vertex 82.3408 155.954 9.4
    endloop
  endfacet
  facet normal -0 0 1
    outer loop
      vertex 81.9021 156.457 9.4
      vertex 82.3408 155.954 9.4
      vertex 81.9482 156.503 9.4
    endloop
  endfacet
  facet normal 0 0 1
    outer loop
      vertex 82.0377 155.838 9.4
      vertex 82.1707 154.233 9.4
      vertex 83.0712 154.233 9.4
    endloop
  endfacet
  facet normal 0 0 1
    outer loop
      vertex 82.3408 155.954 9.4
      vertex 81.9021 156.457 9.4
      vertex 82.2463 155.907 9.4
    endloop
  endfacet
  facet normal 0 0 1
    outer loop
      vertex 82.2463 155.907 9.4
      vertex 81.9021 156.457 9.4
      vertex 82.1453 155.869 9.4
    endloop
  endfacet
  facet normal -0 0 1
    outer loop
      vertex 81.8492 156.416 9.4
      vertex 82.1453 155.869 9.4
      vertex 81.9021 156.457 9.4
    endloop
  endfacet
  facet normal 0 0 1
    outer loop
      vertex 82.1453 155.869 9.4
      vertex 81.8492 156.416 9.4
      vertex 82.0377 155.838 9.4
    endloop
  endfacet
  facet normal -0 0 1
    outer loop
      vertex 81.7896 156.382 9.4
      vertex 82.0377 155.838 9.4
      vertex 81.8492 156.416 9.4
    endloop
  endfacet
  facet normal -0 0 1
    outer loop
      vertex 81.7234 156.354 9.4
      vertex 82.0377 155.838 9.4
      vertex 81.7896 156.382 9.4
    endloop
  endfacet
  facet normal -0 0 1
    outer loop
      vertex 81.6506 156.333 9.4
      vertex 82.0377 155.838 9.4
      vertex 81.7234 156.354 9.4
    endloop
  endfacet
  facet normal -0 0 1
    outer loop
      vertex 81.5711 156.317 9.4
      vertex 82.0377 155.838 9.4
      vertex 81.6506 156.333 9.4
    endloop
  endfacet
  facet normal 0 0 1
    outer loop
      vertex 82.0377 155.838 9.4
      vertex 81.5711 156.317 9.4
      vertex 81.2837 155.684 9.4
    endloop
  endfacet
  facet normal 0 0 1
    outer loop
      vertex 81.2837 155.684 9.4
      vertex 81.5711 156.317 9.4
      vertex 81.485 156.308 9.4
    endloop
  endfacet
  facet normal 0 0 1
    outer loop
      vertex 81.2837 155.684 9.4
      vertex 81.485 156.308 9.4
      vertex 81.3922 156.305 9.4
    endloop
  endfacet
  facet normal 0 0 1
    outer loop
      vertex 82.0377 155.838 9.4
      vertex 81.2837 155.684 9.4
      vertex 82.1707 154.233 9.4
    endloop
  endfacet
  facet normal -0 0 1
    outer loop
      vertex 80.3451 156.305 9.4
      vertex 81.2837 155.684 9.4
      vertex 81.3922 156.305 9.4
    endloop
  endfacet
  facet normal 0 0 1
    outer loop
      vertex 81.2837 155.684 9.4
      vertex 80.3451 156.305 9.4
      vertex 80.3451 155.684 9.4
    endloop
  endfacet
  facet normal 0 0 1
    outer loop
      vertex 84.3879 157.406 9.4
      vertex 85.1501 158.054 9.4
      vertex 84.4286 158.054 9.4
    endloop
  endfacet
  facet normal -0 0 1
    outer loop
      vertex 85.1501 154.799 9.4
      vertex 86.0263 154.233 9.4
      vertex 86.0263 154.799 9.4
    endloop
  endfacet
  facet normal 0 0 1
    outer loop
      vertex 85.1501 158.054 9.4
      vertex 84.3879 157.406 9.4
      vertex 85.1501 154.799 9.4
    endloop
  endfacet
  facet normal 0 0 1
    outer loop
      vertex 84.3879 154.799 9.4
      vertex 85.1501 154.799 9.4
      vertex 84.3879 157.406 9.4
    endloop
  endfacet
  facet normal -0 0 1
    outer loop
      vertex 84.3879 154.799 9.4
      vertex 86.0263 154.233 9.4
      vertex 85.1501 154.799 9.4
    endloop
  endfacet
  facet normal 0 0 1
    outer loop
      vertex 83.4413 154.233 9.4
      vertex 84.3879 154.799 9.4
      vertex 83.4413 154.799 9.4
    endloop
  endfacet
  facet normal 0 0 1
    outer loop
      vertex 84.3879 154.799 9.4
      vertex 83.4413 154.233 9.4
      vertex 86.0263 154.233 9.4
    endloop
  endfacet
  facet normal -0 0 1
    outer loop
      vertex 83.4711 157.433 9.4
      vertex 84.3879 157.406 9.4
      vertex 84.4286 158.054 9.4
    endloop
  endfacet
  facet normal 0 0 1
    outer loop
      vertex 84.3879 157.406 9.4
      vertex 83.4711 157.433 9.4
      vertex 83.4711 156.834 9.4
    endloop
  endfacet
  facet normal -0.09769 0.995217 0
    outer loop
      vertex 88.5982 154.2 9.4
      vertex 88.4352 154.184 10
      vertex 88.5982 154.2 10
    endloop
  endfacet
  facet normal -0.09769 0.995217 0
    outer loop
      vertex 88.4352 154.184 10
      vertex 88.5982 154.2 9.4
      vertex 88.4352 154.184 9.4
    endloop
  endfacet
  facet normal -0.176664 0.984271 0
    outer loop
      vertex 88.7542 154.228 9.4
      vertex 88.5982 154.2 10
      vertex 88.7542 154.228 10
    endloop
  endfacet
  facet normal -0.176664 0.984271 0
    outer loop
      vertex 88.5982 154.2 10
      vertex 88.7542 154.228 9.4
      vertex 88.5982 154.2 9.4
    endloop
  endfacet
  facet normal -0.247123 0.968984 0
    outer loop
      vertex 88.9032 154.266 9.4
      vertex 88.7542 154.228 10
      vertex 88.9032 154.266 10
    endloop
  endfacet
  facet normal -0.247123 0.968984 0
    outer loop
      vertex 88.7542 154.228 10
      vertex 88.9032 154.266 9.4
      vertex 88.7542 154.228 9.4
    endloop
  endfacet
  facet normal -0.332125 0.943235 0
    outer loop
      vertex 89.0452 154.316 9.4
      vertex 88.9032 154.266 10
      vertex 89.0452 154.316 10
    endloop
  endfacet
  facet normal -0.332125 0.943235 0
    outer loop
      vertex 88.9032 154.266 10
      vertex 89.0452 154.316 9.4
      vertex 88.9032 154.266 9.4
    endloop
  endfacet
  facet normal -0.412021 0.911174 0
    outer loop
      vertex 89.1801 154.377 9.4
      vertex 89.0452 154.316 10
      vertex 89.1801 154.377 10
    endloop
  endfacet
  facet normal -0.412021 0.911174 0
    outer loop
      vertex 89.0452 154.316 10
      vertex 89.1801 154.377 9.4
      vertex 89.0452 154.316 9.4
    endloop
  endfacet
  facet normal -0.485353 0.874318 0
    outer loop
      vertex 89.308 154.448 9.4
      vertex 89.1801 154.377 10
      vertex 89.308 154.448 10
    endloop
  endfacet
  facet normal -0.485353 0.874318 0
    outer loop
      vertex 89.1801 154.377 10
      vertex 89.308 154.448 9.4
      vertex 89.1801 154.377 9.4
    endloop
  endfacet
  facet normal -0.568533 0.82266 0
    outer loop
      vertex 89.4281 154.531 9.4
      vertex 89.308 154.448 10
      vertex 89.4281 154.531 10
    endloop
  endfacet
  facet normal -0.568533 0.82266 0
    outer loop
      vertex 89.308 154.448 10
      vertex 89.4281 154.531 9.4
      vertex 89.308 154.448 9.4
    endloop
  endfacet
  facet normal -0.648203 0.761468 0
    outer loop
      vertex 89.5397 154.626 9.4
      vertex 89.4281 154.531 10
      vertex 89.5397 154.626 10
    endloop
  endfacet
  facet normal -0.648203 0.761468 0
    outer loop
      vertex 89.4281 154.531 10
      vertex 89.5397 154.626 9.4
      vertex 89.4281 154.531 9.4
    endloop
  endfacet
  facet normal -0.717521 0.696537 -4.52889e-18
    outer loop
      vertex 89.5397 154.626 9.4
      vertex 89.6426 154.732 10
      vertex 89.6426 154.732 9.4
    endloop
  endfacet
  facet normal -0.717521 0.696537 -4.52889e-18
    outer loop
      vertex 89.6426 154.732 10
      vertex 89.5397 154.626 9.4
      vertex 89.5397 154.626 10
    endloop
  endfacet
  facet normal -0.778591 0.627531 3.31209e-18
    outer loop
      vertex 89.6426 154.732 9.4
      vertex 89.7369 154.849 10
      vertex 89.7369 154.849 9.4
    endloop
  endfacet
  facet normal -0.778591 0.627531 3.31209e-18
    outer loop
      vertex 89.7369 154.849 10
      vertex 89.6426 154.732 9.4
      vertex 89.6426 154.732 10
    endloop
  endfacet
  facet normal -0.832646 0.553806 -2.12522e-18
    outer loop
      vertex 89.7369 154.849 9.4
      vertex 89.8227 154.978 10
      vertex 89.8227 154.978 9.4
    endloop
  endfacet
  facet normal -0.832646 0.553806 -2.12522e-18
    outer loop
      vertex 89.8227 154.978 10
      vertex 89.7369 154.849 9.4
      vertex 89.7369 154.849 10
    endloop
  endfacet
  facet normal -0.877134 0.480246 -8.62551e-18
    outer loop
      vertex 89.8227 154.978 9.4
      vertex 89.8999 155.119 10
      vertex 89.8999 155.119 9.4
    endloop
  endfacet
  facet normal -0.877134 0.480246 -8.62551e-18
    outer loop
      vertex 89.8999 155.119 10
      vertex 89.8227 154.978 9.4
      vertex 89.8227 154.978 10
    endloop
  endfacet
  facet normal -0.911472 0.411362 -5.50063e-18
    outer loop
      vertex 89.8999 155.119 9.4
      vertex 89.9685 155.271 10
      vertex 89.9685 155.271 9.4
    endloop
  endfacet
  facet normal -0.911472 0.411362 -5.50063e-18
    outer loop
      vertex 89.9685 155.271 10
      vertex 89.8999 155.119 9.4
      vertex 89.8999 155.119 10
    endloop
  endfacet
  facet normal -0.354165 -0.935183 0
    outer loop
      vertex 89.2714 155.535 9.4
      vertex 89.9685 155.271 10
      vertex 89.2714 155.535 10
    endloop
  endfacet
  facet normal -0.354165 -0.935183 -0
    outer loop
      vertex 89.9685 155.271 10
      vertex 89.2714 155.535 9.4
      vertex 89.9685 155.271 9.4
    endloop
  endfacet
  facet normal 0.907022 -0.421084 -9.61569e-18
    outer loop
      vertex 89.1818 155.342 10
      vertex 89.2714 155.535 9.4
      vertex 89.2714 155.535 10
    endloop
  endfacet
  facet normal 0.907022 -0.421084 -9.61569e-18
    outer loop
      vertex 89.2714 155.535 9.4
      vertex 89.1818 155.342 10
      vertex 89.1818 155.342 9.4
    endloop
  endfacet
  facet normal 0.835873 -0.548924 -2.54409e-18
    outer loop
      vertex 89.0741 155.178 10
      vertex 89.1818 155.342 9.4
      vertex 89.1818 155.342 10
    endloop
  endfacet
  facet normal 0.835873 -0.548924 -2.54409e-18
    outer loop
      vertex 89.1818 155.342 9.4
      vertex 89.0741 155.178 10
      vertex 89.0741 155.178 9.4
    endloop
  endfacet
  facet normal 0.726771 -0.68688 -1.24926e-17
    outer loop
      vertex 88.9484 155.045 10
      vertex 89.0741 155.178 9.4
      vertex 89.0741 155.178 10
    endloop
  endfacet
  facet normal 0.726771 -0.68688 -1.24926e-17
    outer loop
      vertex 89.0741 155.178 9.4
      vertex 88.9484 155.045 10
      vertex 88.9484 155.045 9.4
    endloop
  endfacet
  facet normal 0.586025 -0.810293 0
    outer loop
      vertex 88.8046 154.941 9.4
      vertex 88.9484 155.045 10
      vertex 88.8046 154.941 10
    endloop
  endfacet
  facet normal 0.586025 -0.810293 0
    outer loop
      vertex 88.9484 155.045 10
      vertex 88.8046 154.941 9.4
      vertex 88.9484 155.045 9.4
    endloop
  endfacet
  facet normal 0.415919 -0.909402 0
    outer loop
      vertex 88.6428 154.867 9.4
      vertex 88.8046 154.941 10
      vertex 88.6428 154.867 10
    endloop
  endfacet
  facet normal 0.415919 -0.909402 0
    outer loop
      vertex 88.8046 154.941 10
      vertex 88.6428 154.867 9.4
      vertex 88.8046 154.941 9.4
    endloop
  endfacet
  facet normal 0.24279 -0.970079 0
    outer loop
      vertex 88.463 154.822 9.4
      vertex 88.6428 154.867 10
      vertex 88.463 154.822 10
    endloop
  endfacet
  facet normal 0.24279 -0.970079 0
    outer loop
      vertex 88.6428 154.867 10
      vertex 88.463 154.822 9.4
      vertex 88.6428 154.867 9.4
    endloop
  endfacet
  facet normal 0.0705664 -0.997507 0
    outer loop
      vertex 88.2651 154.808 9.4
      vertex 88.463 154.822 10
      vertex 88.2651 154.808 10
    endloop
  endfacet
  facet normal 0.0705664 -0.997507 0
    outer loop
      vertex 88.463 154.822 10
      vertex 88.2651 154.808 9.4
      vertex 88.463 154.822 9.4
    endloop
  endfacet
  facet normal -0.0464306 -0.998922 0
    outer loop
      vertex 88.1145 154.815 9.4
      vertex 88.2651 154.808 10
      vertex 88.1145 154.815 10
    endloop
  endfacet
  facet normal -0.0464306 -0.998922 -0
    outer loop
      vertex 88.2651 154.808 10
      vertex 88.1145 154.815 9.4
      vertex 88.2651 154.808 9.4
    endloop
  endfacet
  facet normal -0.14834 -0.988936 0
    outer loop
      vertex 87.9745 154.836 9.4
      vertex 88.1145 154.815 10
      vertex 87.9745 154.836 10
    endloop
  endfacet
  facet normal -0.14834 -0.988936 -0
    outer loop
      vertex 88.1145 154.815 10
      vertex 87.9745 154.836 9.4
      vertex 88.1145 154.815 9.4
    endloop
  endfacet
  facet normal -0.260534 -0.965465 0
    outer loop
      vertex 87.8448 154.871 9.4
      vertex 87.9745 154.836 10
      vertex 87.8448 154.871 10
    endloop
  endfacet
  facet normal -0.260534 -0.965465 -0
    outer loop
      vertex 87.9745 154.836 10
      vertex 87.8448 154.871 9.4
      vertex 87.9745 154.836 9.4
    endloop
  endfacet
  facet normal -0.387088 -0.922043 0
    outer loop
      vertex 87.7257 154.921 9.4
      vertex 87.8448 154.871 10
      vertex 87.7257 154.921 10
    endloop
  endfacet
  facet normal -0.387088 -0.922043 -0
    outer loop
      vertex 87.8448 154.871 10
      vertex 87.7257 154.921 9.4
      vertex 87.8448 154.871 9.4
    endloop
  endfacet
  facet normal -0.507367 -0.86173 0
    outer loop
      vertex 87.617 154.985 9.4
      vertex 87.7257 154.921 10
      vertex 87.617 154.985 10
    endloop
  endfacet
  facet normal -0.507367 -0.86173 -0
    outer loop
      vertex 87.7257 154.921 10
      vertex 87.617 154.985 9.4
      vertex 87.7257 154.921 9.4
    endloop
  endfacet
  facet normal -0.621968 -0.783042 0
    outer loop
      vertex 87.5188 155.063 9.4
      vertex 87.617 154.985 10
      vertex 87.5188 155.063 10
    endloop
  endfacet
  facet normal -0.621968 -0.783042 -0
    outer loop
      vertex 87.617 154.985 10
      vertex 87.5188 155.063 9.4
      vertex 87.617 154.985 9.4
    endloop
  endfacet
  facet normal -0.723427 -0.690401 -1.1343e-17
    outer loop
      vertex 87.5188 155.063 9.4
      vertex 87.431 155.155 10
      vertex 87.431 155.155 9.4
    endloop
  endfacet
  facet normal -0.723427 -0.690401 -1.1343e-17
    outer loop
      vertex 87.431 155.155 10
      vertex 87.5188 155.063 9.4
      vertex 87.5188 155.063 10
    endloop
  endfacet
  facet normal -0.80787 -0.589361 8.1235e-18
    outer loop
      vertex 87.431 155.155 9.4
      vertex 87.3544 155.26 10
      vertex 87.3544 155.26 9.4
    endloop
  endfacet
  facet normal -0.80787 -0.589361 8.1235e-18
    outer loop
      vertex 87.3544 155.26 10
      vertex 87.431 155.155 9.4
      vertex 87.431 155.155 10
    endloop
  endfacet
  facet normal -0.877924 -0.4788 -4.97898e-18
    outer loop
      vertex 87.3544 155.26 9.4
      vertex 87.2895 155.379 10
      vertex 87.2895 155.379 9.4
    endloop
  endfacet
  facet normal -0.877924 -0.4788 -4.97898e-18
    outer loop
      vertex 87.2895 155.379 10
      vertex 87.3544 155.26 9.4
      vertex 87.3544 155.26 10
    endloop
  endfacet
  facet normal -0.927005 -0.375048 -3.65844e-18
    outer loop
      vertex 87.2895 155.379 9.4
      vertex 87.2365 155.51 10
      vertex 87.2365 155.51 9.4
    endloop
  endfacet
  facet normal -0.927005 -0.375048 -3.65844e-18
    outer loop
      vertex 87.2365 155.51 10
      vertex 87.2895 155.379 9.4
      vertex 87.2895 155.379 10
    endloop
  endfacet
  facet normal -0.960734 -0.277471 -1.31737e-18
    outer loop
      vertex 87.2365 155.51 9.4
      vertex 87.1952 155.653 10
      vertex 87.1952 155.653 9.4
    endloop
  endfacet
  facet normal -0.960734 -0.277471 -1.31737e-18
    outer loop
      vertex 87.1952 155.653 10
      vertex 87.2365 155.51 9.4
      vertex 87.2365 155.51 10
    endloop
  endfacet
  facet normal -0.982801 -0.184666 1.17047e-18
    outer loop
      vertex 87.1952 155.653 9.4
      vertex 87.1657 155.81 10
      vertex 87.1657 155.81 9.4
    endloop
  endfacet
  facet normal -0.982801 -0.184666 1.17047e-18
    outer loop
      vertex 87.1657 155.81 10
      vertex 87.1952 155.653 9.4
      vertex 87.1952 155.653 10
    endloop
  endfacet
  facet normal -0.99456 -0.104164 -6.59243e-19
    outer loop
      vertex 87.1657 155.81 9.4
      vertex 87.148 155.979 10
      vertex 87.148 155.979 9.4
    endloop
  endfacet
  facet normal -0.99456 -0.104164 -6.59243e-19
    outer loop
      vertex 87.148 155.979 10
      vertex 87.1657 155.81 9.4
      vertex 87.1657 155.81 10
    endloop
  endfacet
  facet normal -0.999475 -0.0324006 3.84462e-19
    outer loop
      vertex 87.148 155.979 9.4
      vertex 87.1421 156.161 10
      vertex 87.1421 156.161 9.4
    endloop
  endfacet
  facet normal -0.999475 -0.0324006 3.84462e-19
    outer loop
      vertex 87.1421 156.161 10
      vertex 87.148 155.979 9.4
      vertex 87.148 155.979 10
    endloop
  endfacet
  facet normal -0.999475 0.0323852 -4.04259e-19
    outer loop
      vertex 87.1421 156.161 9.4
      vertex 87.1479 156.34 10
      vertex 87.1479 156.34 9.4
    endloop
  endfacet
  facet normal -0.999475 0.0323852 -4.04259e-19
    outer loop
      vertex 87.1479 156.34 10
      vertex 87.1421 156.161 9.4
      vertex 87.1421 156.161 10
    endloop
  endfacet
  facet normal -0.994736 0.10247 9.9383e-19
    outer loop
      vertex 87.1479 156.34 9.4
      vertex 87.165 156.506 10
      vertex 87.165 156.506 9.4
    endloop
  endfacet
  facet normal -0.994736 0.10247 9.9383e-19
    outer loop
      vertex 87.165 156.506 10
      vertex 87.1479 156.34 9.4
      vertex 87.1479 156.34 10
    endloop
  endfacet
  facet normal -0.982858 0.184366 -2.99685e-18
    outer loop
      vertex 87.165 156.506 9.4
      vertex 87.1937 156.659 10
      vertex 87.1937 156.659 9.4
    endloop
  endfacet
  facet normal -0.982858 0.184366 -2.99685e-18
    outer loop
      vertex 87.1937 156.659 10
      vertex 87.165 156.506 9.4
      vertex 87.165 156.506 10
    endloop
  endfacet
  facet normal -0.961858 0.27355 4.79068e-18
    outer loop
      vertex 87.1937 156.659 9.4
      vertex 87.2338 156.8 10
      vertex 87.2338 156.8 9.4
    endloop
  endfacet
  facet normal -0.961858 0.27355 4.79068e-18
    outer loop
      vertex 87.2338 156.8 10
      vertex 87.1937 156.659 9.4
      vertex 87.1937 156.659 10
    endloop
  endfacet
  facet normal -0.927725 0.373264 -2.36574e-18
    outer loop
      vertex 87.2338 156.8 9.4
      vertex 87.2853 156.928 10
      vertex 87.2853 156.928 9.4
    endloop
  endfacet
  facet normal -0.927725 0.373264 -2.36574e-18
    outer loop
      vertex 87.2853 156.928 10
      vertex 87.2338 156.8 9.4
      vertex 87.2338 156.8 10
    endloop
  endfacet
  facet normal -0.876698 0.481041 2.77117e-18
    outer loop
      vertex 87.2853 156.928 9.4
      vertex 87.3484 157.043 10
      vertex 87.3484 157.043 9.4
    endloop
  endfacet
  facet normal -0.876698 0.481041 2.77117e-18
    outer loop
      vertex 87.3484 157.043 10
      vertex 87.2853 156.928 9.4
      vertex 87.2853 156.928 10
    endloop
  endfacet
  facet normal -0.810638 0.585548 -3.06826e-18
    outer loop
      vertex 87.3484 157.043 9.4
      vertex 87.4228 157.146 10
      vertex 87.4228 157.146 9.4
    endloop
  endfacet
  facet normal -0.810638 0.585548 -3.06826e-18
    outer loop
      vertex 87.4228 157.146 10
      vertex 87.3484 157.043 9.4
      vertex 87.3484 157.043 10
    endloop
  endfacet
  facet normal -0.72074 0.693206 3.64832e-18
    outer loop
      vertex 87.4228 157.146 9.4
      vertex 87.5084 157.235 10
      vertex 87.5084 157.235 9.4
    endloop
  endfacet
  facet normal -0.72074 0.693206 3.64832e-18
    outer loop
      vertex 87.5084 157.235 10
      vertex 87.4228 157.146 9.4
      vertex 87.4228 157.146 10
    endloop
  endfacet
  facet normal -0.614848 0.788645 0
    outer loop
      vertex 87.6046 157.31 9.4
      vertex 87.5084 157.235 10
      vertex 87.6046 157.31 10
    endloop
  endfacet
  facet normal -0.614848 0.788645 0
    outer loop
      vertex 87.5084 157.235 10
      vertex 87.6046 157.31 9.4
      vertex 87.5084 157.235 9.4
    endloop
  endfacet
  facet normal -0.501355 0.865242 0
    outer loop
      vertex 87.7116 157.372 9.4
      vertex 87.6046 157.31 10
      vertex 87.7116 157.372 10
    endloop
  endfacet
  facet normal -0.501355 0.865242 0
    outer loop
      vertex 87.6046 157.31 10
      vertex 87.7116 157.372 9.4
      vertex 87.6046 157.31 9.4
    endloop
  endfacet
  facet normal -0.377897 0.925848 0
    outer loop
      vertex 87.8292 157.42 9.4
      vertex 87.7116 157.372 10
      vertex 87.8292 157.42 10
    endloop
  endfacet
  facet normal -0.377897 0.925848 0
    outer loop
      vertex 87.7116 157.372 10
      vertex 87.8292 157.42 9.4
      vertex 87.7116 157.372 9.4
    endloop
  endfacet
  facet normal -0.263181 0.964746 0
    outer loop
      vertex 87.9575 157.455 9.4
      vertex 87.8292 157.42 10
      vertex 87.9575 157.455 10
    endloop
  endfacet
  facet normal -0.263181 0.964746 0
    outer loop
      vertex 87.8292 157.42 10
      vertex 87.9575 157.455 9.4
      vertex 87.8292 157.42 9.4
    endloop
  endfacet
  facet normal -0.142519 0.989792 0
    outer loop
      vertex 88.0964 157.475 9.4
      vertex 87.9575 157.455 10
      vertex 88.0964 157.475 10
    endloop
  endfacet
  facet normal -0.142519 0.989792 0
    outer loop
      vertex 87.9575 157.455 10
      vertex 88.0964 157.475 9.4
      vertex 87.9575 157.455 9.4
    endloop
  endfacet
  facet normal -0.0467091 0.998909 0
    outer loop
      vertex 88.2461 157.482 9.4
      vertex 88.0964 157.475 10
      vertex 88.2461 157.482 10
    endloop
  endfacet
  facet normal -0.0467091 0.998909 0
    outer loop
      vertex 88.0964 157.475 10
      vertex 88.2461 157.482 9.4
      vertex 88.0964 157.475 9.4
    endloop
  endfacet
  facet normal 0.0301068 0.999547 -0
    outer loop
      vertex 88.3457 157.479 9.4
      vertex 88.2461 157.482 10
      vertex 88.3457 157.479 10
    endloop
  endfacet
  facet normal 0.0301068 0.999547 0
    outer loop
      vertex 88.2461 157.482 10
      vertex 88.3457 157.479 9.4
      vertex 88.2461 157.482 9.4
    endloop
  endfacet
  facet normal 0.114073 0.993472 -0
    outer loop
      vertex 88.4415 157.468 9.4
      vertex 88.3457 157.479 10
      vertex 88.4415 157.468 10
    endloop
  endfacet
  facet normal 0.114073 0.993472 0
    outer loop
      vertex 88.3457 157.479 10
      vertex 88.4415 157.468 9.4
      vertex 88.3457 157.479 9.4
    endloop
  endfacet
  facet normal 0.181706 0.983353 -0
    outer loop
      vertex 88.5335 157.451 9.4
      vertex 88.4415 157.468 10
      vertex 88.5335 157.451 10
    endloop
  endfacet
  facet normal 0.181706 0.983353 0
    outer loop
      vertex 88.4415 157.468 10
      vertex 88.5335 157.451 9.4
      vertex 88.4415 157.468 9.4
    endloop
  endfacet
  facet normal 0.262562 0.964915 -0
    outer loop
      vertex 88.6217 157.427 9.4
      vertex 88.5335 157.451 10
      vertex 88.6217 157.427 10
    endloop
  endfacet
  facet normal 0.262562 0.964915 0
    outer loop
      vertex 88.5335 157.451 10
      vertex 88.6217 157.427 9.4
      vertex 88.5335 157.451 9.4
    endloop
  endfacet
  facet normal 0.345138 0.938552 -0
    outer loop
      vertex 88.706 157.396 9.4
      vertex 88.6217 157.427 10
      vertex 88.706 157.396 10
    endloop
  endfacet
  facet normal 0.345138 0.938552 0
    outer loop
      vertex 88.6217 157.427 10
      vertex 88.706 157.396 9.4
      vertex 88.6217 157.427 9.4
    endloop
  endfacet
  facet normal 0.426879 0.904309 -0
    outer loop
      vertex 88.7865 157.358 9.4
      vertex 88.706 157.396 10
      vertex 88.7865 157.358 10
    endloop
  endfacet
  facet normal 0.426879 0.904309 0
    outer loop
      vertex 88.706 157.396 10
      vertex 88.7865 157.358 9.4
      vertex 88.706 157.396 9.4
    endloop
  endfacet
  facet normal 0.506037 0.862512 -0
    outer loop
      vertex 88.8632 157.313 9.4
      vertex 88.7865 157.358 10
      vertex 88.8632 157.313 10
    endloop
  endfacet
  facet normal 0.506037 0.862512 0
    outer loop
      vertex 88.7865 157.358 10
      vertex 88.8632 157.313 9.4
      vertex 88.7865 157.358 9.4
    endloop
  endfacet
  facet normal 0.581778 0.813348 -0
    outer loop
      vertex 88.9345 157.262 9.4
      vertex 88.8632 157.313 10
      vertex 88.9345 157.262 10
    endloop
  endfacet
  facet normal 0.581778 0.813348 0
    outer loop
      vertex 88.8632 157.313 10
      vertex 88.9345 157.262 9.4
      vertex 88.8632 157.313 9.4
    endloop
  endfacet
  facet normal 0.65734 0.753594 -0
    outer loop
      vertex 88.9987 157.206 9.4
      vertex 88.9345 157.262 10
      vertex 88.9987 157.206 10
    endloop
  endfacet
  facet normal 0.65734 0.753594 0
    outer loop
      vertex 88.9345 157.262 10
      vertex 88.9987 157.206 9.4
      vertex 88.9345 157.262 9.4
    endloop
  endfacet
  facet normal 0.723794 0.690017 1.28404e-18
    outer loop
      vertex 89.0559 157.146 10
      vertex 88.9987 157.206 9.4
      vertex 88.9987 157.206 10
    endloop
  endfacet
  facet normal 0.723794 0.690017 1.28404e-18
    outer loop
      vertex 88.9987 157.206 9.4
      vertex 89.0559 157.146 10
      vertex 89.0559 157.146 9.4
    endloop
  endfacet
  facet normal 0.79593 0.605389 -2.41132e-18
    outer loop
      vertex 89.1061 157.08 10
      vertex 89.0559 157.146 9.4
      vertex 89.0559 157.146 10
    endloop
  endfacet
  facet normal 0.79593 0.605389 -2.41132e-18
    outer loop
      vertex 89.0559 157.146 9.4
      vertex 89.1061 157.08 10
      vertex 89.1061 157.08 9.4
    endloop
  endfacet
  facet normal 0.85099 0.525182 2.82987e-18
    outer loop
      vertex 89.1493 157.01 10
      vertex 89.1061 157.08 9.4
      vertex 89.1061 157.08 10
    endloop
  endfacet
  facet normal 0.85099 0.525182 2.82987e-18
    outer loop
      vertex 89.1061 157.08 9.4
      vertex 89.1493 157.01 10
      vertex 89.1493 157.01 9.4
    endloop
  endfacet
  facet normal 0.901054 0.433707 -5.22416e-19
    outer loop
      vertex 89.1854 156.935 10
      vertex 89.1493 157.01 9.4
      vertex 89.1493 157.01 10
    endloop
  endfacet
  facet normal 0.901054 0.433707 -5.22416e-19
    outer loop
      vertex 89.1493 157.01 9.4
      vertex 89.1854 156.935 10
      vertex 89.1854 156.935 9.4
    endloop
  endfacet
  facet normal 0.940136 0.340799 -1.01386e-18
    outer loop
      vertex 89.2144 156.855 10
      vertex 89.1854 156.935 9.4
      vertex 89.1854 156.935 10
    endloop
  endfacet
  facet normal 0.940136 0.340799 -1.01386e-18
    outer loop
      vertex 89.1854 156.935 9.4
      vertex 89.2144 156.855 10
      vertex 89.2144 156.855 9.4
    endloop
  endfacet
  facet normal -0.263939 0.964539 0
    outer loop
      vertex 89.9197 157.048 9.4
      vertex 89.2144 156.855 10
      vertex 89.9197 157.048 10
    endloop
  endfacet
  facet normal -0.263939 0.964539 0
    outer loop
      vertex 89.2144 156.855 10
      vertex 89.9197 157.048 9.4
      vertex 89.2144 156.855 9.4
    endloop
  endfacet
  facet normal -0.936329 -0.351123 4.11121e-18
    outer loop
      vertex 89.9197 157.048 9.4
      vertex 89.8657 157.192 10
      vertex 89.8657 157.192 9.4
    endloop
  endfacet
  facet normal -0.936329 -0.351123 4.11121e-18
    outer loop
      vertex 89.8657 157.192 10
      vertex 89.9197 157.048 9.4
      vertex 89.9197 157.048 10
    endloop
  endfacet
  facet normal -0.903083 -0.429466 1.40986e-18
    outer loop
      vertex 89.8657 157.192 9.4
      vertex 89.8015 157.327 10
      vertex 89.8015 157.327 9.4
    endloop
  endfacet
  facet normal -0.903083 -0.429466 1.40986e-18
    outer loop
      vertex 89.8015 157.327 10
      vertex 89.8657 157.192 9.4
      vertex 89.8657 157.192 10
    endloop
  endfacet
  facet normal -0.85503 -0.518579 -3.80275e-18
    outer loop
      vertex 89.8015 157.327 9.4
      vertex 89.7269 157.45 10
      vertex 89.7269 157.45 9.4
    endloop
  endfacet
  facet normal -0.85503 -0.518579 -3.80275e-18
    outer loop
      vertex 89.7269 157.45 10
      vertex 89.8015 157.327 9.4
      vertex 89.8015 157.327 10
    endloop
  endfacet
  facet normal -0.802022 -0.597295 3.57497e-18
    outer loop
      vertex 89.7269 157.45 9.4
      vertex 89.642 157.564 10
      vertex 89.642 157.564 9.4
    endloop
  endfacet
  facet normal -0.802022 -0.597295 3.57497e-18
    outer loop
      vertex 89.642 157.564 10
      vertex 89.7269 157.45 9.4
      vertex 89.7269 157.45 10
    endloop
  endfacet
  facet normal -0.734721 -0.678369 -7.50686e-18
    outer loop
      vertex 89.642 157.564 9.4
      vertex 89.5469 157.667 10
      vertex 89.5469 157.667 9.4
    endloop
  endfacet
  facet normal -0.734721 -0.678369 -7.50686e-18
    outer loop
      vertex 89.5469 157.667 10
      vertex 89.642 157.564 9.4
      vertex 89.642 157.564 10
    endloop
  endfacet
  facet normal -0.657239 -0.753682 0
    outer loop
      vertex 89.4414 157.759 9.4
      vertex 89.5469 157.667 10
      vertex 89.4414 157.759 10
    endloop
  endfacet
  facet normal -0.657239 -0.753682 -0
    outer loop
      vertex 89.5469 157.667 10
      vertex 89.4414 157.759 9.4
      vertex 89.5469 157.667 9.4
    endloop
  endfacet
  facet normal -0.5779 -0.816108 0
    outer loop
      vertex 89.3256 157.841 9.4
      vertex 89.4414 157.759 10
      vertex 89.3256 157.841 10
    endloop
  endfacet
  facet normal -0.5779 -0.816108 -0
    outer loop
      vertex 89.4414 157.759 10
      vertex 89.3256 157.841 9.4
      vertex 89.4414 157.759 9.4
    endloop
  endfacet
  facet normal -0.496436 -0.868073 0
    outer loop
      vertex 89.1997 157.913 9.4
      vertex 89.3256 157.841 10
      vertex 89.1997 157.913 10
    endloop
  endfacet
  facet normal -0.496436 -0.868073 -0
    outer loop
      vertex 89.3256 157.841 10
      vertex 89.1997 157.913 9.4
      vertex 89.3256 157.841 9.4
    endloop
  endfacet
  facet normal -0.408748 -0.912647 0
    outer loop
      vertex 89.0635 157.974 9.4
      vertex 89.1997 157.913 10
      vertex 89.0635 157.974 10
    endloop
  endfacet
  facet normal -0.408748 -0.912647 -0
    outer loop
      vertex 89.1997 157.913 10
      vertex 89.0635 157.974 9.4
      vertex 89.1997 157.913 9.4
    endloop
  endfacet
  facet normal -0.317393 -0.948294 0
    outer loop
      vertex 88.9171 158.023 9.4
      vertex 89.0635 157.974 10
      vertex 88.9171 158.023 10
    endloop
  endfacet
  facet normal -0.317393 -0.948294 -0
    outer loop
      vertex 89.0635 157.974 10
      vertex 88.9171 158.023 9.4
      vertex 89.0635 157.974 9.4
    endloop
  endfacet
  facet normal -0.241806 -0.970325 0
    outer loop
      vertex 88.7606 158.062 9.4
      vertex 88.9171 158.023 10
      vertex 88.7606 158.062 10
    endloop
  endfacet
  facet normal -0.241806 -0.970325 -0
    outer loop
      vertex 88.9171 158.023 10
      vertex 88.7606 158.062 9.4
      vertex 88.9171 158.023 9.4
    endloop
  endfacet
  facet normal -0.159791 -0.987151 0
    outer loop
      vertex 88.5938 158.089 9.4
      vertex 88.7606 158.062 10
      vertex 88.5938 158.089 10
    endloop
  endfacet
  facet normal -0.159791 -0.987151 -0
    outer loop
      vertex 88.7606 158.062 10
      vertex 88.5938 158.089 9.4
      vertex 88.7606 158.062 9.4
    endloop
  endfacet
  facet normal -0.0956588 -0.995414 0
    outer loop
      vertex 88.4169 158.106 9.4
      vertex 88.5938 158.089 10
      vertex 88.4169 158.106 10
    endloop
  endfacet
  facet normal -0.0956588 -0.995414 -0
    outer loop
      vertex 88.5938 158.089 10
      vertex 88.4169 158.106 9.4
      vertex 88.5938 158.089 9.4
    endloop
  endfacet
  facet normal -0.0267141 -0.999643 0
    outer loop
      vertex 88.2298 158.111 9.4
      vertex 88.4169 158.106 10
      vertex 88.2298 158.111 10
    endloop
  endfacet
  facet normal -0.0267141 -0.999643 -0
    outer loop
      vertex 88.4169 158.106 10
      vertex 88.2298 158.111 9.4
      vertex 88.4169 158.106 9.4
    endloop
  endfacet
  facet normal 0.039247 -0.99923 0
    outer loop
      vertex 87.9752 158.101 9.4
      vertex 88.2298 158.111 10
      vertex 87.9752 158.101 10
    endloop
  endfacet
  facet normal 0.039247 -0.99923 0
    outer loop
      vertex 88.2298 158.111 10
      vertex 87.9752 158.101 9.4
      vertex 88.2298 158.111 9.4
    endloop
  endfacet
  facet normal 0.129859 -0.991533 0
    outer loop
      vertex 87.7385 158.07 9.4
      vertex 87.9752 158.101 10
      vertex 87.7385 158.07 10
    endloop
  endfacet
  facet normal 0.129859 -0.991533 0
    outer loop
      vertex 87.9752 158.101 10
      vertex 87.7385 158.07 9.4
      vertex 87.9752 158.101 9.4
    endloop
  endfacet
  facet normal 0.226808 -0.97394 0
    outer loop
      vertex 87.5195 158.019 9.4
      vertex 87.7385 158.07 10
      vertex 87.5195 158.019 10
    endloop
  endfacet
  facet normal 0.226808 -0.97394 0
    outer loop
      vertex 87.7385 158.07 10
      vertex 87.5195 158.019 9.4
      vertex 87.7385 158.07 9.4
    endloop
  endfacet
  facet normal 0.337078 -0.941477 0
    outer loop
      vertex 87.3184 157.947 9.4
      vertex 87.5195 158.019 10
      vertex 87.3184 157.947 10
    endloop
  endfacet
  facet normal 0.337078 -0.941477 0
    outer loop
      vertex 87.5195 158.019 10
      vertex 87.3184 157.947 9.4
      vertex 87.5195 158.019 9.4
    endloop
  endfacet
  facet normal 0.45246 -0.891785 0
    outer loop
      vertex 87.1351 157.854 9.4
      vertex 87.3184 157.947 10
      vertex 87.1351 157.854 10
    endloop
  endfacet
  facet normal 0.45246 -0.891785 0
    outer loop
      vertex 87.3184 157.947 10
      vertex 87.1351 157.854 9.4
      vertex 87.3184 157.947 9.4
    endloop
  endfacet
  facet normal 0.563879 -0.825858 0
    outer loop
      vertex 86.9696 157.741 9.4
      vertex 87.1351 157.854 10
      vertex 86.9696 157.741 10
    endloop
  endfacet
  facet normal 0.563879 -0.825858 0
    outer loop
      vertex 87.1351 157.854 10
      vertex 86.9696 157.741 9.4
      vertex 87.1351 157.854 9.4
    endloop
  endfacet
  facet normal 0.672173 -0.740394 0
    outer loop
      vertex 86.822 157.607 9.4
      vertex 86.9696 157.741 10
      vertex 86.822 157.607 10
    endloop
  endfacet
  facet normal 0.672173 -0.740394 0
    outer loop
      vertex 86.9696 157.741 10
      vertex 86.822 157.607 9.4
      vertex 86.9696 157.741 9.4
    endloop
  endfacet
  facet normal 0.765015 -0.644013 -6.19776e-18
    outer loop
      vertex 86.6932 157.454 10
      vertex 86.822 157.607 9.4
      vertex 86.822 157.607 10
    endloop
  endfacet
  facet normal 0.765015 -0.644013 -6.19776e-18
    outer loop
      vertex 86.822 157.607 9.4
      vertex 86.6932 157.454 10
      vertex 86.6932 157.454 9.4
    endloop
  endfacet
  facet normal 0.843255 -0.537514 8.77073e-18
    outer loop
      vertex 86.5842 157.283 10
      vertex 86.6932 157.454 9.4
      vertex 86.6932 157.454 10
    endloop
  endfacet
  facet normal 0.843255 -0.537514 8.77073e-18
    outer loop
      vertex 86.6932 157.454 9.4
      vertex 86.5842 157.283 10
      vertex 86.5842 157.283 9.4
    endloop
  endfacet
  facet normal 0.904341 -0.426811 -1.44281e-18
    outer loop
      vertex 86.495 157.094 10
      vertex 86.5842 157.283 9.4
      vertex 86.5842 157.283 10
    endloop
  endfacet
  facet normal 0.904341 -0.426811 -1.44281e-18
    outer loop
      vertex 86.5842 157.283 9.4
      vertex 86.495 157.094 10
      vertex 86.495 157.094 9.4
    endloop
  endfacet
  facet normal 0.947805 -0.318849 -6.08174e-18
    outer loop
      vertex 86.4257 156.888 10
      vertex 86.495 157.094 9.4
      vertex 86.495 157.094 10
    endloop
  endfacet
  facet normal 0.947805 -0.318849 -6.08174e-18
    outer loop
      vertex 86.495 157.094 9.4
      vertex 86.4257 156.888 10
      vertex 86.4257 156.888 9.4
    endloop
  endfacet
  facet normal 0.976553 -0.215276 8.87431e-19
    outer loop
      vertex 86.3761 156.663 10
      vertex 86.4257 156.888 9.4
      vertex 86.4257 156.888 10
    endloop
  endfacet
  facet normal 0.976553 -0.215276 8.87431e-19
    outer loop
      vertex 86.4257 156.888 9.4
      vertex 86.3761 156.663 10
      vertex 86.3761 156.663 9.4
    endloop
  endfacet
  facet normal 0.992553 -0.121813 -2.75716e-19
    outer loop
      vertex 86.3464 156.421 10
      vertex 86.3761 156.663 9.4
      vertex 86.3761 156.663 10
    endloop
  endfacet
  facet normal 0.992553 -0.121813 -2.75716e-19
    outer loop
      vertex 86.3761 156.663 9.4
      vertex 86.3464 156.421 10
      vertex 86.3464 156.421 9.4
    endloop
  endfacet
  facet normal 0.999276 -0.0380494 -1.38357e-18
    outer loop
      vertex 86.3365 156.161 10
      vertex 86.3464 156.421 9.4
      vertex 86.3464 156.421 10
    endloop
  endfacet
  facet normal 0.999276 -0.0380494 -1.38357e-18
    outer loop
      vertex 86.3464 156.421 9.4
      vertex 86.3365 156.161 10
      vertex 86.3365 156.161 9.4
    endloop
  endfacet
  facet normal 0.999231 0.0392006 -6.95845e-19
    outer loop
      vertex 86.3467 155.901 10
      vertex 86.3365 156.161 9.4
      vertex 86.3365 156.161 10
    endloop
  endfacet
  facet normal 0.999231 0.0392006 -6.95845e-19
    outer loop
      vertex 86.3365 156.161 9.4
      vertex 86.3467 155.901 10
      vertex 86.3467 155.901 9.4
    endloop
  endfacet
  facet normal 0.991946 0.126658 1.53785e-18
    outer loop
      vertex 86.3776 155.659 10
      vertex 86.3467 155.901 9.4
      vertex 86.3467 155.901 10
    endloop
  endfacet
  facet normal 0.991946 0.126658 1.53785e-18
    outer loop
      vertex 86.3467 155.901 9.4
      vertex 86.3776 155.659 10
      vertex 86.3776 155.659 9.4
    endloop
  endfacet
  facet normal 0.975192 0.22136 -2.39563e-18
    outer loop
      vertex 86.4289 155.433 10
      vertex 86.3776 155.659 9.4
      vertex 86.3776 155.659 10
    endloop
  endfacet
  facet normal 0.975192 0.22136 -2.39563e-18
    outer loop
      vertex 86.3776 155.659 9.4
      vertex 86.4289 155.433 10
      vertex 86.4289 155.433 9.4
    endloop
  endfacet
  facet normal 0.945608 0.325307 2.4975e-18
    outer loop
      vertex 86.5008 155.224 10
      vertex 86.4289 155.433 9.4
      vertex 86.4289 155.433 10
    endloop
  endfacet
  facet normal 0.945608 0.325307 2.4975e-18
    outer loop
      vertex 86.4289 155.433 9.4
      vertex 86.5008 155.224 10
      vertex 86.5008 155.224 9.4
    endloop
  endfacet
  facet normal 0.900195 0.435487 3.6e-19
    outer loop
      vertex 86.5932 155.033 10
      vertex 86.5008 155.224 9.4
      vertex 86.5008 155.224 10
    endloop
  endfacet
  facet normal 0.900195 0.435487 3.6e-19
    outer loop
      vertex 86.5008 155.224 9.4
      vertex 86.5932 155.033 10
      vertex 86.5932 155.033 9.4
    endloop
  endfacet
  facet normal 0.840085 0.542455 -1.06148e-17
    outer loop
      vertex 86.7062 154.858 10
      vertex 86.5932 155.033 9.4
      vertex 86.5932 155.033 10
    endloop
  endfacet
  facet normal 0.840085 0.542455 -1.06148e-17
    outer loop
      vertex 86.5932 155.033 9.4
      vertex 86.7062 154.858 10
      vertex 86.7062 154.858 9.4
    endloop
  endfacet
  facet normal 0.764083 0.645118 -1.62645e-18
    outer loop
      vertex 86.8396 154.7 10
      vertex 86.7062 154.858 9.4
      vertex 86.7062 154.858 10
    endloop
  endfacet
  facet normal 0.764083 0.645118 -1.62645e-18
    outer loop
      vertex 86.7062 154.858 9.4
      vertex 86.8396 154.7 10
      vertex 86.8396 154.7 9.4
    endloop
  endfacet
  facet normal 0.671219 0.741259 -0
    outer loop
      vertex 86.992 154.562 9.4
      vertex 86.8396 154.7 10
      vertex 86.992 154.562 10
    endloop
  endfacet
  facet normal 0.671219 0.741259 0
    outer loop
      vertex 86.8396 154.7 10
      vertex 86.992 154.562 9.4
      vertex 86.8396 154.7 9.4
    endloop
  endfacet
  facet normal 0.5683 0.822821 -0
    outer loop
      vertex 87.1614 154.445 9.4
      vertex 86.992 154.562 10
      vertex 87.1614 154.445 10
    endloop
  endfacet
  facet normal 0.5683 0.822821 0
    outer loop
      vertex 86.992 154.562 10
      vertex 87.1614 154.445 9.4
      vertex 86.992 154.562 9.4
    endloop
  endfacet
  facet normal 0.457671 0.889122 -0
    outer loop
      vertex 87.3479 154.349 9.4
      vertex 87.1614 154.445 10
      vertex 87.3479 154.349 10
    endloop
  endfacet
  facet normal 0.457671 0.889122 0
    outer loop
      vertex 87.1614 154.445 10
      vertex 87.3479 154.349 9.4
      vertex 87.1614 154.445 9.4
    endloop
  endfacet
  facet normal 0.345513 0.938414 -0
    outer loop
      vertex 87.5516 154.274 9.4
      vertex 87.3479 154.349 10
      vertex 87.5516 154.274 10
    endloop
  endfacet
  facet normal 0.345513 0.938414 0
    outer loop
      vertex 87.3479 154.349 10
      vertex 87.5516 154.274 9.4
      vertex 87.3479 154.349 9.4
    endloop
  endfacet
  facet normal 0.233506 0.972355 -0
    outer loop
      vertex 87.7723 154.221 9.4
      vertex 87.5516 154.274 10
      vertex 87.7723 154.221 10
    endloop
  endfacet
  facet normal 0.233506 0.972355 0
    outer loop
      vertex 87.5516 154.274 10
      vertex 87.7723 154.221 9.4
      vertex 87.5516 154.274 9.4
    endloop
  endfacet
  facet normal 0.133365 0.991067 -0
    outer loop
      vertex 88.0101 154.189 9.4
      vertex 87.7723 154.221 10
      vertex 88.0101 154.189 10
    endloop
  endfacet
  facet normal 0.133365 0.991067 0
    outer loop
      vertex 87.7723 154.221 10
      vertex 88.0101 154.189 9.4
      vertex 87.7723 154.221 9.4
    endloop
  endfacet
  facet normal 0.0430972 0.999071 -0
    outer loop
      vertex 88.2651 154.178 9.4
      vertex 88.0101 154.189 10
      vertex 88.2651 154.178 10
    endloop
  endfacet
  facet normal 0.0430972 0.999071 0
    outer loop
      vertex 88.0101 154.189 10
      vertex 88.2651 154.178 9.4
      vertex 88.0101 154.189 9.4
    endloop
  endfacet
  facet normal -0.0352514 0.999378 0
    outer loop
      vertex 88.4352 154.184 9.4
      vertex 88.2651 154.178 10
      vertex 88.4352 154.184 10
    endloop
  endfacet
  facet normal -0.0352514 0.999378 0
    outer loop
      vertex 88.2651 154.178 10
      vertex 88.4352 154.184 9.4
      vertex 88.2651 154.178 9.4
    endloop
  endfacet
  facet normal 0 1 -0
    outer loop
      vertex 81.2837 155.684 9.4
      vertex 80.3451 155.684 10
      vertex 81.2837 155.684 10
    endloop
  endfacet
  facet normal 0 1 0
    outer loop
      vertex 80.3451 155.684 10
      vertex 81.2837 155.684 9.4
      vertex 80.3451 155.684 9.4
    endloop
  endfacet
  facet normal 0.853209 0.521569 6.71002e-17
    outer loop
      vertex 82.1707 154.233 10
      vertex 81.2837 155.684 9.4
      vertex 81.2837 155.684 10
    endloop
  endfacet
  facet normal 0.853209 0.521569 6.71002e-17
    outer loop
      vertex 81.2837 155.684 9.4
      vertex 82.1707 154.233 10
      vertex 82.1707 154.233 9.4
    endloop
  endfacet
  facet normal 0 1 -0
    outer loop
      vertex 83.0712 154.233 9.4
      vertex 82.1707 154.233 10
      vertex 83.0712 154.233 10
    endloop
  endfacet
  facet normal 0 1 0
    outer loop
      vertex 82.1707 154.233 10
      vertex 83.0712 154.233 9.4
      vertex 82.1707 154.233 9.4
    endloop
  endfacet
  facet normal -0.84077 -0.541393 2.00995e-17
    outer loop
      vertex 83.0712 154.233 9.4
      vertex 82.0377 155.838 10
      vertex 82.0377 155.838 9.4
    endloop
  endfacet
  facet normal -0.84077 -0.541393 2.00995e-17
    outer loop
      vertex 82.0377 155.838 10
      vertex 83.0712 154.233 9.4
      vertex 83.0712 154.233 10
    endloop
  endfacet
  facet normal -0.276844 0.960915 0
    outer loop
      vertex 82.1453 155.869 9.4
      vertex 82.0377 155.838 10
      vertex 82.1453 155.869 10
    endloop
  endfacet
  facet normal -0.276844 0.960915 0
    outer loop
      vertex 82.0377 155.838 10
      vertex 82.1453 155.869 9.4
      vertex 82.0377 155.838 9.4
    endloop
  endfacet
  facet normal -0.352139 0.935948 0
    outer loop
      vertex 82.2463 155.907 9.4
      vertex 82.1453 155.869 10
      vertex 82.2463 155.907 10
    endloop
  endfacet
  facet normal -0.352139 0.935948 0
    outer loop
      vertex 82.1453 155.869 10
      vertex 82.2463 155.907 9.4
      vertex 82.1453 155.869 9.4
    endloop
  endfacet
  facet normal -0.445318 0.895373 0
    outer loop
      vertex 82.3408 155.954 9.4
      vertex 82.2463 155.907 10
      vertex 82.3408 155.954 10
    endloop
  endfacet
  facet normal -0.445318 0.895373 0
    outer loop
      vertex 82.2463 155.907 10
      vertex 82.3408 155.954 9.4
      vertex 82.2463 155.907 9.4
    endloop
  endfacet
  facet normal -0.529999 0.847998 0
    outer loop
      vertex 82.4288 156.009 9.4
      vertex 82.3408 155.954 10
      vertex 82.4288 156.009 10
    endloop
  endfacet
  facet normal -0.529999 0.847998 0
    outer loop
      vertex 82.3408 155.954 10
      vertex 82.4288 156.009 9.4
      vertex 82.3408 155.954 9.4
    endloop
  endfacet
  facet normal -0.612056 0.790815 0
    outer loop
      vertex 82.5102 156.072 9.4
      vertex 82.4288 156.009 10
      vertex 82.5102 156.072 10
    endloop
  endfacet
  facet normal -0.612056 0.790815 0
    outer loop
      vertex 82.4288 156.009 10
      vertex 82.5102 156.072 9.4
      vertex 82.4288 156.009 9.4
    endloop
  endfacet
  facet normal -0.68796 0.725749 0
    outer loop
      vertex 82.5851 156.143 9.4
      vertex 82.5102 156.072 10
      vertex 82.5851 156.143 10
    endloop
  endfacet
  facet normal -0.68796 0.725749 0
    outer loop
      vertex 82.5102 156.072 10
      vertex 82.5851 156.143 9.4
      vertex 82.5102 156.072 9.4
    endloop
  endfacet
  facet normal -0.756005 0.654566 4.34506e-18
    outer loop
      vertex 82.5851 156.143 9.4
      vertex 82.6535 156.222 10
      vertex 82.6535 156.222 9.4
    endloop
  endfacet
  facet normal -0.756005 0.654566 4.34506e-18
    outer loop
      vertex 82.6535 156.222 10
      vertex 82.5851 156.143 9.4
      vertex 82.5851 156.143 10
    endloop
  endfacet
  facet normal -0.818337 0.574739 5.95162e-18
    outer loop
      vertex 82.6535 156.222 9.4
      vertex 82.7139 156.308 10
      vertex 82.7139 156.308 9.4
    endloop
  endfacet
  facet normal -0.818337 0.574739 5.95162e-18
    outer loop
      vertex 82.7139 156.308 10
      vertex 82.6535 156.222 9.4
      vertex 82.6535 156.222 10
    endloop
  endfacet
  facet normal -0.869192 0.494474 -4.934e-18
    outer loop
      vertex 82.7139 156.308 9.4
      vertex 82.7651 156.398 10
      vertex 82.7651 156.398 9.4
    endloop
  endfacet
  facet normal -0.869192 0.494474 -4.934e-18
    outer loop
      vertex 82.7651 156.398 10
      vertex 82.7139 156.308 9.4
      vertex 82.7139 156.308 10
    endloop
  endfacet
  facet normal -0.913731 0.406319 2.78091e-18
    outer loop
      vertex 82.7651 156.398 9.4
      vertex 82.8069 156.492 10
      vertex 82.8069 156.492 9.4
    endloop
  endfacet
  facet normal -0.913731 0.406319 2.78091e-18
    outer loop
      vertex 82.8069 156.492 10
      vertex 82.7651 156.398 9.4
      vertex 82.7651 156.398 10
    endloop
  endfacet
  facet normal -0.949828 0.312772 2.7414e-18
    outer loop
      vertex 82.8069 156.492 9.4
      vertex 82.8395 156.591 10
      vertex 82.8395 156.591 9.4
    endloop
  endfacet
  facet normal -0.949828 0.312772 2.7414e-18
    outer loop
      vertex 82.8395 156.591 10
      vertex 82.8069 156.492 9.4
      vertex 82.8069 156.492 10
    endloop
  endfacet
  facet normal -0.97601 0.217725 1.31741e-18
    outer loop
      vertex 82.8395 156.591 9.4
      vertex 82.8627 156.695 10
      vertex 82.8627 156.695 9.4
    endloop
  endfacet
  facet normal -0.97601 0.217725 1.31741e-18
    outer loop
      vertex 82.8627 156.695 10
      vertex 82.8395 156.591 9.4
      vertex 82.8395 156.591 10
    endloop
  endfacet
  facet normal -0.991703 0.128554 -1.00501e-18
    outer loop
      vertex 82.8627 156.695 9.4
      vertex 82.8767 156.803 10
      vertex 82.8767 156.803 9.4
    endloop
  endfacet
  facet normal -0.991703 0.128554 -1.00501e-18
    outer loop
      vertex 82.8767 156.803 10
      vertex 82.8627 156.695 9.4
      vertex 82.8627 156.695 10
    endloop
  endfacet
  facet normal -0.999158 0.0410368 1.50216e-20
    outer loop
      vertex 82.8767 156.803 9.4
      vertex 82.8813 156.915 10
      vertex 82.8813 156.915 9.4
    endloop
  endfacet
  facet normal -0.999158 0.0410368 1.50216e-20
    outer loop
      vertex 82.8813 156.915 10
      vertex 82.8767 156.803 9.4
      vertex 82.8767 156.803 10
    endloop
  endfacet
  facet normal -0.998785 -0.0492821 9.17982e-19
    outer loop
      vertex 82.8813 156.915 9.4
      vertex 82.8738 157.067 10
      vertex 82.8738 157.067 9.4
    endloop
  endfacet
  facet normal -0.998785 -0.0492821 9.17982e-19
    outer loop
      vertex 82.8738 157.067 10
      vertex 82.8813 156.915 9.4
      vertex 82.8813 156.915 10
    endloop
  endfacet
  facet normal -0.987354 -0.158533 5.61858e-19
    outer loop
      vertex 82.8738 157.067 9.4
      vertex 82.851 157.209 10
      vertex 82.851 157.209 9.4
    endloop
  endfacet
  facet normal -0.987354 -0.158533 5.61858e-19
    outer loop
      vertex 82.851 157.209 10
      vertex 82.8738 157.067 9.4
      vertex 82.8738 157.067 10
    endloop
  endfacet
  facet normal -0.960605 -0.277916 -1.773e-18
    outer loop
      vertex 82.851 157.209 9.4
      vertex 82.8131 157.34 10
      vertex 82.8131 157.34 9.4
    endloop
  endfacet
  facet normal -0.960605 -0.277916 -1.773e-18
    outer loop
      vertex 82.8131 157.34 10
      vertex 82.851 157.209 9.4
      vertex 82.851 157.209 10
    endloop
  endfacet
  facet normal -0.915705 -0.401851 3.39467e-18
    outer loop
      vertex 82.8131 157.34 9.4
      vertex 82.76 157.461 10
      vertex 82.76 157.461 9.4
    endloop
  endfacet
  facet normal -0.915705 -0.401851 3.39467e-18
    outer loop
      vertex 82.76 157.461 10
      vertex 82.8131 157.34 9.4
      vertex 82.8131 157.34 10
    endloop
  endfacet
  facet normal -0.849557 -0.527497 4.33513e-18
    outer loop
      vertex 82.76 157.461 9.4
      vertex 82.6917 157.571 10
      vertex 82.6917 157.571 9.4
    endloop
  endfacet
  facet normal -0.849557 -0.527497 4.33513e-18
    outer loop
      vertex 82.6917 157.571 10
      vertex 82.76 157.461 9.4
      vertex 82.76 157.461 10
    endloop
  endfacet
  facet normal -0.767969 -0.640487 -2.55075e-18
    outer loop
      vertex 82.6917 157.571 9.4
      vertex 82.6083 157.671 10
      vertex 82.6083 157.671 9.4
    endloop
  endfacet
  facet normal -0.767969 -0.640487 -2.55075e-18
    outer loop
      vertex 82.6083 157.671 10
      vertex 82.6917 157.571 9.4
      vertex 82.6917 157.571 10
    endloop
  endfacet
  facet normal -0.670045 -0.74232 0
    outer loop
      vertex 82.5097 157.76 9.4
      vertex 82.6083 157.671 10
      vertex 82.5097 157.76 10
    endloop
  endfacet
  facet normal -0.670045 -0.74232 -0
    outer loop
      vertex 82.6083 157.671 10
      vertex 82.5097 157.76 9.4
      vertex 82.6083 157.671 9.4
    endloop
  endfacet
  facet normal -0.56978 -0.821798 0
    outer loop
      vertex 82.3972 157.838 9.4
      vertex 82.5097 157.76 10
      vertex 82.3972 157.838 10
    endloop
  endfacet
  facet normal -0.56978 -0.821798 -0
    outer loop
      vertex 82.5097 157.76 10
      vertex 82.3972 157.838 9.4
      vertex 82.5097 157.76 9.4
    endloop
  endfacet
  facet normal -0.466037 -0.884765 0
    outer loop
      vertex 82.2719 157.904 9.4
      vertex 82.3972 157.838 10
      vertex 82.2719 157.904 10
    endloop
  endfacet
  facet normal -0.466037 -0.884765 -0
    outer loop
      vertex 82.3972 157.838 10
      vertex 82.2719 157.904 9.4
      vertex 82.3972 157.838 9.4
    endloop
  endfacet
  facet normal -0.364399 -0.931243 0
    outer loop
      vertex 82.1339 157.958 9.4
      vertex 82.2719 157.904 10
      vertex 82.1339 157.958 10
    endloop
  endfacet
  facet normal -0.364399 -0.931243 -0
    outer loop
      vertex 82.2719 157.904 10
      vertex 82.1339 157.958 9.4
      vertex 82.2719 157.904 9.4
    endloop
  endfacet
  facet normal -0.268468 -0.963289 0
    outer loop
      vertex 81.9832 158 9.4
      vertex 82.1339 157.958 10
      vertex 81.9832 158 10
    endloop
  endfacet
  facet normal -0.268468 -0.963289 -0
    outer loop
      vertex 82.1339 157.958 10
      vertex 81.9832 158 9.4
      vertex 82.1339 157.958 9.4
    endloop
  endfacet
  facet normal -0.180473 -0.98358 0
    outer loop
      vertex 81.8197 158.03 9.4
      vertex 81.9832 158 10
      vertex 81.8197 158.03 10
    endloop
  endfacet
  facet normal -0.180473 -0.98358 -0
    outer loop
      vertex 81.9832 158 10
      vertex 81.8197 158.03 9.4
      vertex 81.9832 158 9.4
    endloop
  endfacet
  facet normal -0.101628 -0.994822 0
    outer loop
      vertex 81.6435 158.048 9.4
      vertex 81.8197 158.03 10
      vertex 81.6435 158.048 10
    endloop
  endfacet
  facet normal -0.101628 -0.994822 -0
    outer loop
      vertex 81.8197 158.03 10
      vertex 81.6435 158.048 9.4
      vertex 81.8197 158.03 9.4
    endloop
  endfacet
  facet normal -0.0317468 -0.999496 0
    outer loop
      vertex 81.4546 158.054 9.4
      vertex 81.6435 158.048 10
      vertex 81.4546 158.054 10
    endloop
  endfacet
  facet normal -0.0317468 -0.999496 -0
    outer loop
      vertex 81.6435 158.048 10
      vertex 81.4546 158.054 9.4
      vertex 81.6435 158.048 9.4
    endloop
  endfacet
  facet normal 0 -1 0
    outer loop
      vertex 79.5449 158.054 9.4
      vertex 81.4546 158.054 10
      vertex 79.5449 158.054 10
    endloop
  endfacet
  facet normal 0 -1 -0
    outer loop
      vertex 81.4546 158.054 10
      vertex 79.5449 158.054 9.4
      vertex 81.4546 158.054 9.4
    endloop
  endfacet
  facet normal 1 -0 0
    outer loop
      vertex 79.5449 154.233 10
      vertex 79.5449 158.054 9.4
      vertex 79.5449 158.054 10
    endloop
  endfacet
  facet normal 1 0 0
    outer loop
      vertex 79.5449 158.054 9.4
      vertex 79.5449 154.233 10
      vertex 79.5449 154.233 9.4
    endloop
  endfacet
  facet normal 0 1 -0
    outer loop
      vertex 80.3451 154.233 9.4
      vertex 79.5449 154.233 10
      vertex 80.3451 154.233 10
    endloop
  endfacet
  facet normal 0 1 0
    outer loop
      vertex 79.5449 154.233 10
      vertex 80.3451 154.233 9.4
      vertex 79.5449 154.233 9.4
    endloop
  endfacet
  facet normal -1 0 0
    outer loop
      vertex 80.3451 154.233 9.4
      vertex 80.3451 155.684 10
      vertex 80.3451 155.684 9.4
    endloop
  endfacet
  facet normal -1 -0 0
    outer loop
      vertex 80.3451 155.684 10
      vertex 80.3451 154.233 9.4
      vertex 80.3451 154.233 10
    endloop
  endfacet
  facet normal -1 0 0
    outer loop
      vertex 80.3451 156.305 9.4
      vertex 80.3451 157.433 10
      vertex 80.3451 157.433 9.4
    endloop
  endfacet
  facet normal -1 -0 0
    outer loop
      vertex 80.3451 157.433 10
      vertex 80.3451 156.305 9.4
      vertex 80.3451 156.305 10
    endloop
  endfacet
  facet normal 0 1 -0
    outer loop
      vertex 81.3705 157.433 9.4
      vertex 80.3451 157.433 10
      vertex 81.3705 157.433 10
    endloop
  endfacet
  facet normal 0 1 0
    outer loop
      vertex 80.3451 157.433 10
      vertex 81.3705 157.433 9.4
      vertex 80.3451 157.433 9.4
    endloop
  endfacet
  facet normal 0.0586907 0.998276 -0
    outer loop
      vertex 81.5576 157.422 9.4
      vertex 81.3705 157.433 10
      vertex 81.5576 157.422 10
    endloop
  endfacet
  facet normal 0.0586907 0.998276 0
    outer loop
      vertex 81.3705 157.433 10
      vertex 81.5576 157.422 9.4
      vertex 81.3705 157.433 9.4
    endloop
  endfacet
  facet normal 0.209993 0.977703 -0
    outer loop
      vertex 81.7159 157.388 9.4
      vertex 81.5576 157.422 10
      vertex 81.7159 157.388 10
    endloop
  endfacet
  facet normal 0.209993 0.977703 0
    outer loop
      vertex 81.5576 157.422 10
      vertex 81.7159 157.388 9.4
      vertex 81.5576 157.422 9.4
    endloop
  endfacet
  facet normal 0.396911 0.917857 -0
    outer loop
      vertex 81.8454 157.332 9.4
      vertex 81.7159 157.388 10
      vertex 81.8454 157.332 10
    endloop
  endfacet
  facet normal 0.396911 0.917857 0
    outer loop
      vertex 81.7159 157.388 10
      vertex 81.8454 157.332 9.4
      vertex 81.7159 157.388 9.4
    endloop
  endfacet
  facet normal 0.616856 0.787076 -0
    outer loop
      vertex 81.9462 157.253 9.4
      vertex 81.8454 157.332 10
      vertex 81.9462 157.253 10
    endloop
  endfacet
  facet normal 0.616856 0.787076 0
    outer loop
      vertex 81.8454 157.332 10
      vertex 81.9462 157.253 9.4
      vertex 81.8454 157.332 9.4
    endloop
  endfacet
  facet normal 0.814659 0.57994 2.05935e-18
    outer loop
      vertex 82.0181 157.152 10
      vertex 81.9462 157.253 9.4
      vertex 81.9462 157.253 10
    endloop
  endfacet
  facet normal 0.814659 0.57994 2.05935e-18
    outer loop
      vertex 81.9462 157.253 9.4
      vertex 82.0181 157.152 10
      vertex 82.0181 157.152 9.4
    endloop
  endfacet
  facet normal 0.943499 0.331375 4.81336e-18
    outer loop
      vertex 82.0613 157.029 10
      vertex 82.0181 157.152 9.4
      vertex 82.0181 157.152 10
    endloop
  endfacet
  facet normal 0.943499 0.331375 4.81336e-18
    outer loop
      vertex 82.0181 157.152 9.4
      vertex 82.0613 157.029 10
      vertex 82.0613 157.029 9.4
    endloop
  endfacet
  facet normal 0.995171 0.0981539 1.03997e-18
    outer loop
      vertex 82.0757 156.883 10
      vertex 82.0613 157.029 9.4
      vertex 82.0613 157.029 10
    endloop
  endfacet
  facet normal 0.995171 0.0981539 1.03997e-18
    outer loop
      vertex 82.0613 157.029 9.4
      vertex 82.0757 156.883 10
      vertex 82.0757 156.883 9.4
    endloop
  endfacet
  facet normal 0.998941 -0.0460039 5.39323e-19
    outer loop
      vertex 82.0722 156.807 10
      vertex 82.0757 156.883 9.4
      vertex 82.0757 156.883 10
    endloop
  endfacet
  facet normal 0.998941 -0.0460039 5.39323e-19
    outer loop
      vertex 82.0757 156.883 9.4
      vertex 82.0722 156.807 10
      vertex 82.0722 156.807 9.4
    endloop
  endfacet
  facet normal 0.988834 -0.149021 -1.11674e-18
    outer loop
      vertex 82.0615 156.736 10
      vertex 82.0722 156.807 9.4
      vertex 82.0722 156.807 10
    endloop
  endfacet
  facet normal 0.988834 -0.149021 -1.11674e-18
    outer loop
      vertex 82.0722 156.807 9.4
      vertex 82.0615 156.736 10
      vertex 82.0615 156.736 9.4
    endloop
  endfacet
  facet normal 0.96587 -0.259029 5.38129e-19
    outer loop
      vertex 82.0438 156.67 10
      vertex 82.0615 156.736 9.4
      vertex 82.0615 156.736 10
    endloop
  endfacet
  facet normal 0.96587 -0.259029 5.38129e-19
    outer loop
      vertex 82.0615 156.736 9.4
      vertex 82.0438 156.67 10
      vertex 82.0438 156.67 9.4
    endloop
  endfacet
  facet normal 0.926367 -0.376621 1.84205e-18
    outer loop
      vertex 82.019 156.609 10
      vertex 82.0438 156.67 9.4
      vertex 82.0438 156.67 10
    endloop
  endfacet
  facet normal 0.926367 -0.376621 1.84205e-18
    outer loop
      vertex 82.0438 156.67 9.4
      vertex 82.019 156.609 10
      vertex 82.019 156.609 9.4
    endloop
  endfacet
  facet normal 0.865031 -0.501718 7.23193e-19
    outer loop
      vertex 81.9871 156.554 10
      vertex 82.019 156.609 9.4
      vertex 82.019 156.609 10
    endloop
  endfacet
  facet normal 0.865031 -0.501718 7.23193e-19
    outer loop
      vertex 82.019 156.609 9.4
      vertex 81.9871 156.554 10
      vertex 81.9871 156.554 9.4
    endloop
  endfacet
  facet normal 0.79511 -0.606466 -1.36321e-18
    outer loop
      vertex 81.9482 156.503 10
      vertex 81.9871 156.554 9.4
      vertex 81.9871 156.554 10
    endloop
  endfacet
  facet normal 0.79511 -0.606466 -1.36321e-18
    outer loop
      vertex 81.9871 156.554 9.4
      vertex 81.9482 156.503 10
      vertex 81.9482 156.503 9.4
    endloop
  endfacet
  facet normal 0.706339 -0.707874 0
    outer loop
      vertex 81.9021 156.457 9.4
      vertex 81.9482 156.503 10
      vertex 81.9021 156.457 10
    endloop
  endfacet
  facet normal 0.706339 -0.707874 0
    outer loop
      vertex 81.9482 156.503 10
      vertex 81.9021 156.457 9.4
      vertex 81.9482 156.503 9.4
    endloop
  endfacet
  facet normal 0.612595 -0.790397 0
    outer loop
      vertex 81.8492 156.416 9.4
      vertex 81.9021 156.457 10
      vertex 81.8492 156.416 10
    endloop
  endfacet
  facet normal 0.612595 -0.790397 0
    outer loop
      vertex 81.9021 156.457 10
      vertex 81.8492 156.416 9.4
      vertex 81.9021 156.457 9.4
    endloop
  endfacet
  facet normal 0.495511 -0.868602 0
    outer loop
      vertex 81.7896 156.382 9.4
      vertex 81.8492 156.416 10
      vertex 81.7896 156.382 10
    endloop
  endfacet
  facet normal 0.495511 -0.868602 0
    outer loop
      vertex 81.8492 156.416 10
      vertex 81.7896 156.382 9.4
      vertex 81.8492 156.416 9.4
    endloop
  endfacet
  facet normal 0.389549 -0.921006 0
    outer loop
      vertex 81.7234 156.354 9.4
      vertex 81.7896 156.382 10
      vertex 81.7234 156.354 10
    endloop
  endfacet
  facet normal 0.389549 -0.921006 0
    outer loop
      vertex 81.7896 156.382 10
      vertex 81.7234 156.354 9.4
      vertex 81.7896 156.382 9.4
    endloop
  endfacet
  facet normal 0.277161 -0.960824 0
    outer loop
      vertex 81.6506 156.333 9.4
      vertex 81.7234 156.354 10
      vertex 81.6506 156.333 10
    endloop
  endfacet
  facet normal 0.277161 -0.960824 0
    outer loop
      vertex 81.7234 156.354 10
      vertex 81.6506 156.333 9.4
      vertex 81.7234 156.354 9.4
    endloop
  endfacet
  facet normal 0.197302 -0.980343 0
    outer loop
      vertex 81.5711 156.317 9.4
      vertex 81.6506 156.333 10
      vertex 81.5711 156.317 10
    endloop
  endfacet
  facet normal 0.197302 -0.980343 0
    outer loop
      vertex 81.6506 156.333 10
      vertex 81.5711 156.317 9.4
      vertex 81.6506 156.333 9.4
    endloop
  endfacet
  facet normal 0.103963 -0.994581 0
    outer loop
      vertex 81.485 156.308 9.4
      vertex 81.5711 156.317 10
      vertex 81.485 156.308 10
    endloop
  endfacet
  facet normal 0.103963 -0.994581 0
    outer loop
      vertex 81.5711 156.317 10
      vertex 81.485 156.308 9.4
      vertex 81.5711 156.317 9.4
    endloop
  endfacet
  facet normal 0.0323107 -0.999478 0
    outer loop
      vertex 81.3922 156.305 9.4
      vertex 81.485 156.308 10
      vertex 81.3922 156.305 10
    endloop
  endfacet
  facet normal 0.0323107 -0.999478 0
    outer loop
      vertex 81.485 156.308 10
      vertex 81.3922 156.305 9.4
      vertex 81.485 156.308 9.4
    endloop
  endfacet
  facet normal 0 -1 0
    outer loop
      vertex 80.3451 156.305 9.4
      vertex 81.3922 156.305 10
      vertex 80.3451 156.305 10
    endloop
  endfacet
  facet normal 0 -1 -0
    outer loop
      vertex 81.3922 156.305 10
      vertex 80.3451 156.305 9.4
      vertex 81.3922 156.305 9.4
    endloop
  endfacet
  facet normal 0 -1 0
    outer loop
      vertex 85.1501 154.799 9.4
      vertex 86.0263 154.799 10
      vertex 85.1501 154.799 10
    endloop
  endfacet
  facet normal 0 -1 -0
    outer loop
      vertex 86.0263 154.799 10
      vertex 85.1501 154.799 9.4
      vertex 86.0263 154.799 9.4
    endloop
  endfacet
  facet normal -1 0 0
    outer loop
      vertex 85.1501 154.799 9.4
      vertex 85.1501 158.054 10
      vertex 85.1501 158.054 9.4
    endloop
  endfacet
  facet normal -1 -0 0
    outer loop
      vertex 85.1501 158.054 10
      vertex 85.1501 154.799 9.4
      vertex 85.1501 154.799 10
    endloop
  endfacet
  facet normal 0 -1 0
    outer loop
      vertex 84.4286 158.054 9.4
      vertex 85.1501 158.054 10
      vertex 84.4286 158.054 10
    endloop
  endfacet
  facet normal 0 -1 -0
    outer loop
      vertex 85.1501 158.054 10
      vertex 84.4286 158.054 9.4
      vertex 85.1501 158.054 9.4
    endloop
  endfacet
  facet normal 0.544141 -0.838994 0
    outer loop
      vertex 83.4711 157.433 9.4
      vertex 84.4286 158.054 10
      vertex 83.4711 157.433 10
    endloop
  endfacet
  facet normal 0.544141 -0.838994 0
    outer loop
      vertex 84.4286 158.054 10
      vertex 83.4711 157.433 9.4
      vertex 84.4286 158.054 9.4
    endloop
  endfacet
  facet normal 1 -0 0
    outer loop
      vertex 83.4711 156.834 10
      vertex 83.4711 157.433 9.4
      vertex 83.4711 157.433 10
    endloop
  endfacet
  facet normal 1 0 0
    outer loop
      vertex 83.4711 157.433 9.4
      vertex 83.4711 156.834 10
      vertex 83.4711 156.834 9.4
    endloop
  endfacet
  facet normal -0.529333 0.848414 0
    outer loop
      vertex 84.3879 157.406 9.4
      vertex 83.4711 156.834 10
      vertex 84.3879 157.406 10
    endloop
  endfacet
  facet normal -0.529333 0.848414 0
    outer loop
      vertex 83.4711 156.834 10
      vertex 84.3879 157.406 9.4
      vertex 83.4711 156.834 9.4
    endloop
  endfacet
  facet normal 1 -0 0
    outer loop
      vertex 84.3879 154.799 10
      vertex 84.3879 157.406 9.4
      vertex 84.3879 157.406 10
    endloop
  endfacet
  facet normal 1 0 0
    outer loop
      vertex 84.3879 157.406 9.4
      vertex 84.3879 154.799 10
      vertex 84.3879 154.799 9.4
    endloop
  endfacet
  facet normal 0 -1 0
    outer loop
      vertex 83.4413 154.799 9.4
      vertex 84.3879 154.799 10
      vertex 83.4413 154.799 10
    endloop
  endfacet
  facet normal 0 -1 -0
    outer loop
      vertex 84.3879 154.799 10
      vertex 83.4413 154.799 9.4
      vertex 84.3879 154.799 9.4
    endloop
  endfacet
  facet normal 1 -0 0
    outer loop
      vertex 83.4413 154.233 10
      vertex 83.4413 154.799 9.4
      vertex 83.4413 154.799 10
    endloop
  endfacet
  facet normal 1 0 0
    outer loop
      vertex 83.4413 154.799 9.4
      vertex 83.4413 154.233 10
      vertex 83.4413 154.233 9.4
    endloop
  endfacet
  facet normal 0 1 -0
    outer loop
      vertex 86.0263 154.233 9.4
      vertex 83.4413 154.233 10
      vertex 86.0263 154.233 10
    endloop
  endfacet
  facet normal 0 1 0
    outer loop
      vertex 83.4413 154.233 10
      vertex 86.0263 154.233 9.4
      vertex 83.4413 154.233 9.4
    endloop
  endfacet
  facet normal -1 0 0
    outer loop
      vertex 86.0263 154.233 9.4
      vertex 86.0263 154.799 10
      vertex 86.0263 154.799 9.4
    endloop
  endfacet
  facet normal -1 -0 0
    outer loop
      vertex 86.0263 154.799 10
      vertex 86.0263 154.233 9.4
      vertex 86.0263 154.233 10
    endloop
  endfacet
endsolid OpenSCAD_Model
