solid OpenSCAD_Model
  facet normal 0 -1 0
    outer loop
      vertex 66.125 166.79999999701977 0
      vertex 62.875 166.79999999701977 3
      vertex 62.875 166.79999999701977 0
    endloop
  endfacet
  facet normal 0 -1 0
    outer loop
      vertex 66.125 166.79999999701977 0
      vertex 66.125 166.79999999701977 3
      vertex 62.875 166.79999999701977 3
    endloop
  endfacet
  facet normal -1 0 0
    outer loop
      vertex 66.125 162.19999999552965 0
      vertex 66.125 166.79999999701977 3
      vertex 66.125 166.79999999701977 0
    endloop
  endfacet
  facet normal -1 0 0
    outer loop
      vertex 66.125 162.19999999552965 0
      vertex 66.125 162.19999999552965 3
      vertex 66.125 166.79999999701977 3
    endloop
  endfacet
  facet normal 0 -1 0
    outer loop
      vertex 79.5 162.19999999552965 0
      vertex 66.125 162.19999999552965 3
      vertex 66.125 162.19999999552965 0
    endloop
  endfacet
  facet normal 0 -1 0
    outer loop
      vertex 79.5 162.19999999552965 0
      vertex 79.5 162.19999999552965 3
      vertex 66.125 162.19999999552965 3
    endloop
  endfacet
  facet normal 1 0 0
    outer loop
      vertex 79.5 171.79999999701977 0
      vertex 79.5 162.19999999552965 3
      vertex 79.5 162.19999999552965 0
    endloop
  endfacet
  facet normal 1 0 0
    outer loop
      vertex 79.5 171.79999999701977 0
      vertex 79.5 171.79999999701977 3
      vertex 79.5 162.19999999552965 3
    endloop
  endfacet
  facet normal 0 1 0
    outer loop
      vertex 1.5 171.79999999701977 0
      vertex 79.5 171.79999999701977 3
      vertex 79.5 171.79999999701977 0
    endloop
  endfacet
  facet normal 0 1 0
    outer loop
      vertex 1.5 171.79999999701977 0
      vertex 1.5 171.79999999701977 3
      vertex 79.5 171.79999999701977 3
    endloop
  endfacet
  facet normal -1 0 0
    outer loop
      vertex 1.5 166.79999999701977 0
      vertex 1.5 171.79999999701977 3
      vertex 1.5 171.79999999701977 0
    endloop
  endfacet
  facet normal -1 0 0
    outer loop
      vertex 1.5 166.79999999701977 0
      vertex 1.5 166.79999999701977 3
      vertex 1.5 171.79999999701977 3
    endloop
  endfacet
  facet normal 0 -1 0
    outer loop
      vertex 4.625 166.79999999701977 0
      vertex 1.5 166.79999999701977 3
      vertex 1.5 166.79999999701977 0
    endloop
  endfacet
  facet normal 0 -1 0
    outer loop
      vertex 4.625 166.79999999701977 0
      vertex 4.625 166.79999999701977 3
      vertex 1.5 166.79999999701977 3
    endloop
  endfacet
  facet normal -1 0 0
    outer loop
      vertex 4.625 162.19999999552965 0
      vertex 4.625 166.79999999701977 3
      vertex 4.625 166.79999999701977 0
    endloop
  endfacet
  facet normal -1 0 0
    outer loop
      vertex 4.625 162.19999999552965 0
      vertex 4.625 162.19999999552965 3
      vertex 4.625 166.79999999701977 3
    endloop
  endfacet
  facet normal 0 -1 0
    outer loop
      vertex 62.875 162.19999999552965 0
      vertex 4.625 162.19999999552965 3
      vertex 4.625 162.19999999552965 0
    endloop
  endfacet
  facet normal 0 -1 0
    outer loop
      vertex 62.875 162.19999999552965 0
      vertex 62.875 162.19999999552965 3
      vertex 4.625 162.19999999552965 3
    endloop
  endfacet
  facet normal 1 0 0
    outer loop
      vertex 62.875 166.79999999701977 0
      vertex 62.875 162.19999999552965 3
      vertex 62.875 162.19999999552965 0
    endloop
  endfacet
  facet normal 1 0 0
    outer loop
      vertex 62.875 166.79999999701977 0
      vertex 62.875 166.79999999701977 3
      vertex 62.875 162.19999999552965 3
    endloop
  endfacet
  facet normal 0 -1 0
    outer loop
      vertex 145.625 166.79999999701977 0
      vertex 142.375 166.79999999701977 3
      vertex 142.375 166.79999999701977 0
    endloop
  endfacet
  facet normal 0 -1 0
    outer loop
      vertex 145.625 166.79999999701977 0
      vertex 145.625 166.79999999701977 3
      vertex 142.375 166.79999999701977 3
    endloop
  endfacet
  facet normal -1 0 0
    outer loop
      vertex 145.625 162.19999999552965 0
      vertex 145.625 166.79999999701977 3
      vertex 145.625 166.79999999701977 0
    endloop
  endfacet
  facet normal -1 0 0
    outer loop
      vertex 145.625 162.19999999552965 0
      vertex 145.625 162.19999999552965 3
      vertex 145.625 166.79999999701977 3
    endloop
  endfacet
  facet normal 0 -1 0
    outer loop
      vertex 159 162.19999999552965 0
      vertex 145.625 162.19999999552965 3
      vertex 145.625 162.19999999552965 0
    endloop
  endfacet
  facet normal 0 -1 0
    outer loop
      vertex 159 162.19999999552965 0
      vertex 159 162.19999999552965 3
      vertex 145.625 162.19999999552965 3
    endloop
  endfacet
  facet normal 1 0 0
    outer loop
      vertex 159 171.79999999701977 0
      vertex 159 162.19999999552965 3
      vertex 159 162.19999999552965 0
    endloop
  endfacet
  facet normal 1 0 0
    outer loop
      vertex 159 171.79999999701977 0
      vertex 159 171.79999999701977 3
      vertex 159 162.19999999552965 3
    endloop
  endfacet
  facet normal 0 1 0
    outer loop
      vertex 81 171.79999999701977 0
      vertex 159 171.79999999701977 3
      vertex 159 171.79999999701977 0
    endloop
  endfacet
  facet normal 0 1 0
    outer loop
      vertex 81 171.79999999701977 0
      vertex 81 171.79999999701977 3
      vertex 159 171.79999999701977 3
    endloop
  endfacet
  facet normal -1 0 0
    outer loop
      vertex 81 166.79999999701977 0
      vertex 81 171.79999999701977 3
      vertex 81 171.79999999701977 0
    endloop
  endfacet
  facet normal -1 0 0
    outer loop
      vertex 81 166.79999999701977 0
      vertex 81 166.79999999701977 3
      vertex 81 171.79999999701977 3
    endloop
  endfacet
  facet normal 0 -1 0
    outer loop
      vertex 84.125 166.79999999701977 0
      vertex 81 166.79999999701977 3
      vertex 81 166.79999999701977 0
    endloop
  endfacet
  facet normal 0 -1 0
    outer loop
      vertex 84.125 166.79999999701977 0
      vertex 84.125 166.79999999701977 3
      vertex 81 166.79999999701977 3
    endloop
  endfacet
  facet normal -1 0 0
    outer loop
      vertex 84.125 162.19999999552965 0
      vertex 84.125 166.79999999701977 3
      vertex 84.125 166.79999999701977 0
    endloop
  endfacet
  facet normal -1 0 0
    outer loop
      vertex 84.125 162.19999999552965 0
      vertex 84.125 162.19999999552965 3
      vertex 84.125 166.79999999701977 3
    endloop
  endfacet
  facet normal 0 -1 0
    outer loop
      vertex 142.375 162.19999999552965 0
      vertex 84.125 162.19999999552965 3
      vertex 84.125 162.19999999552965 0
    endloop
  endfacet
  facet normal 0 -1 0
    outer loop
      vertex 142.375 162.19999999552965 0
      vertex 142.375 162.19999999552965 3
      vertex 84.125 162.19999999552965 3
    endloop
  endfacet
  facet normal 1 0 0
    outer loop
      vertex 142.375 166.79999999701977 0
      vertex 142.375 162.19999999552965 3
      vertex 142.375 162.19999999552965 0
    endloop
  endfacet
  facet normal 1 0 0
    outer loop
      vertex 142.375 166.79999999701977 0
      vertex 142.375 166.79999999701977 3
      vertex 142.375 162.19999999552965 3
    endloop
  endfacet
  facet normal 0 -1 0
    outer loop
      vertex 149.39999999850988 151.10000000149012 0
      vertex 78.39999999850988 151.10000000149012 3
      vertex 78.39999999850988 151.10000000149012 0
    endloop
  endfacet
  facet normal 0 -1 0
    outer loop
      vertex 149.39999999850988 151.10000000149012 0
      vertex 149.39999999850988 151.10000000149012 3
      vertex 78.39999999850988 151.10000000149012 3
    endloop
  endfacet
  facet normal -1 0 0
    outer loop
      vertex 149.39999999850988 150.70000000298023 0
      vertex 149.39999999850988 151.10000000149012 3
      vertex 149.39999999850988 151.10000000149012 0
    endloop
  endfacet
  facet normal -1 0 0
    outer loop
      vertex 149.39999999850988 150.70000000298023 0
      vertex 149.39999999850988 150.70000000298023 3
      vertex 149.39999999850988 151.10000000149012 3
    endloop
  endfacet
  facet normal 0 -1 0
    outer loop
      vertex 163.39999999850988 150.70000000298023 0
      vertex 149.39999999850988 150.70000000298023 3
      vertex 149.39999999850988 150.70000000298023 0
    endloop
  endfacet
  facet normal 0 -1 0
    outer loop
      vertex 163.39999999850988 150.70000000298023 0
      vertex 163.39999999850988 150.70000000298023 3
      vertex 149.39999999850988 150.70000000298023 3
    endloop
  endfacet
  facet normal 1 0 0
    outer loop
      vertex 163.39999999850988 151.10000000149012 0
      vertex 163.39999999850988 150.70000000298023 3
      vertex 163.39999999850988 150.70000000298023 0
    endloop
  endfacet
  facet normal 1 0 0
    outer loop
      vertex 163.39999999850988 151.10000000149012 0
      vertex 163.39999999850988 151.10000000149012 3
      vertex 163.39999999850988 150.70000000298023 3
    endloop
  endfacet
  facet normal 0 -1 0
    outer loop
      vertex 171.89999999850988 151.10000000149012 0
      vertex 163.39999999850988 151.10000000149012 3
      vertex 163.39999999850988 151.10000000149012 0
    endloop
  endfacet
  facet normal 0 -1 0
    outer loop
      vertex 171.89999999850988 151.10000000149012 0
      vertex 171.89999999850988 151.10000000149012 3
      vertex 163.39999999850988 151.10000000149012 3
    endloop
  endfacet
  facet normal 1 0 0
    outer loop
      vertex 171.89999999850988 160.70000000298023 0
      vertex 171.89999999850988 151.10000000149012 3
      vertex 171.89999999850988 151.10000000149012 0
    endloop
  endfacet
  facet normal 1 0 0
    outer loop
      vertex 171.89999999850988 160.70000000298023 0
      vertex 171.89999999850988 160.70000000298023 3
      vertex 171.89999999850988 151.10000000149012 3
    endloop
  endfacet
  facet normal 0 1 0
    outer loop
      vertex 169.77499999850988 160.70000000298023 0
      vertex 171.89999999850988 160.70000000298023 3
      vertex 171.89999999850988 160.70000000298023 0
    endloop
  endfacet
  facet normal 0 1 0
    outer loop
      vertex 169.77499999850988 160.70000000298023 0
      vertex 169.77499999850988 160.70000000298023 3
      vertex 171.89999999850988 160.70000000298023 3
    endloop
  endfacet
  facet normal -1 0 0
    outer loop
      vertex 169.77499999850988 155.70000000298023 0
      vertex 169.77499999850988 160.70000000298023 3
      vertex 169.77499999850988 160.70000000298023 0
    endloop
  endfacet
  facet normal -1 0 0
    outer loop
      vertex 169.77499999850988 155.70000000298023 0
      vertex 169.77499999850988 155.70000000298023 3
      vertex 169.77499999850988 160.70000000298023 3
    endloop
  endfacet
  facet normal 0 1 0
    outer loop
      vertex 166.52499999850988 155.70000000298023 0
      vertex 169.77499999850988 155.70000000298023 3
      vertex 169.77499999850988 155.70000000298023 0
    endloop
  endfacet
  facet normal 0 1 0
    outer loop
      vertex 166.52499999850988 155.70000000298023 0
      vertex 166.52499999850988 155.70000000298023 3
      vertex 169.77499999850988 155.70000000298023 3
    endloop
  endfacet
  facet normal 1 0 0
    outer loop
      vertex 166.52499999850988 160.70000000298023 0
      vertex 166.52499999850988 155.70000000298023 3
      vertex 166.52499999850988 155.70000000298023 0
    endloop
  endfacet
  facet normal 1 0 0
    outer loop
      vertex 166.52499999850988 160.70000000298023 0
      vertex 166.52499999850988 160.70000000298023 3
      vertex 166.52499999850988 155.70000000298023 3
    endloop
  endfacet
  facet normal 0 1 0
    outer loop
      vertex 111.125 160.70000000298023 0
      vertex 166.52499999850988 160.70000000298023 3
      vertex 166.52499999850988 160.70000000298023 0
    endloop
  endfacet
  facet normal 0 1 0
    outer loop
      vertex 111.125 160.70000000298023 0
      vertex 111.125 160.70000000298023 3
      vertex 166.52499999850988 160.70000000298023 3
    endloop
  endfacet
  facet normal -1 0 0
    outer loop
      vertex 111.125 155.70000000298023 0
      vertex 111.125 160.70000000298023 3
      vertex 111.125 160.70000000298023 0
    endloop
  endfacet
  facet normal -1 0 0
    outer loop
      vertex 111.125 155.70000000298023 0
      vertex 111.125 155.70000000298023 3
      vertex 111.125 160.70000000298023 3
    endloop
  endfacet
  facet normal 0 1 0
    outer loop
      vertex 107.875 155.70000000298023 0
      vertex 111.125 155.70000000298023 3
      vertex 111.125 155.70000000298023 0
    endloop
  endfacet
  facet normal 0 1 0
    outer loop
      vertex 107.875 155.70000000298023 0
      vertex 107.875 155.70000000298023 3
      vertex 111.125 155.70000000298023 3
    endloop
  endfacet
  facet normal 1 0 0
    outer loop
      vertex 107.875 160.70000000298023 0
      vertex 107.875 155.70000000298023 3
      vertex 107.875 155.70000000298023 0
    endloop
  endfacet
  facet normal 1 0 0
    outer loop
      vertex 107.875 160.70000000298023 0
      vertex 107.875 160.70000000298023 3
      vertex 107.875 155.70000000298023 3
    endloop
  endfacet
  facet normal 0 1 0
    outer loop
      vertex 28.024999998509884 160.70000000298023 0
      vertex 107.875 160.70000000298023 3
      vertex 107.875 160.70000000298023 0
    endloop
  endfacet
  facet normal 0 1 0
    outer loop
      vertex 28.024999998509884 160.70000000298023 0
      vertex 28.024999998509884 160.70000000298023 3
      vertex 107.875 160.70000000298023 3
    endloop
  endfacet
  facet normal -1 0 0
    outer loop
      vertex 28.024999998509884 155.70000000298023 0
      vertex 28.024999998509884 160.70000000298023 3
      vertex 28.024999998509884 160.70000000298023 0
    endloop
  endfacet
  facet normal -1 0 0
    outer loop
      vertex 28.024999998509884 155.70000000298023 0
      vertex 28.024999998509884 155.70000000298023 3
      vertex 28.024999998509884 160.70000000298023 3
    endloop
  endfacet
  facet normal 0 1 0
    outer loop
      vertex 24.774999998509884 155.70000000298023 0
      vertex 28.024999998509884 155.70000000298023 3
      vertex 28.024999998509884 155.70000000298023 0
    endloop
  endfacet
  facet normal 0 1 0
    outer loop
      vertex 24.774999998509884 155.70000000298023 0
      vertex 24.774999998509884 155.70000000298023 3
      vertex 28.024999998509884 155.70000000298023 3
    endloop
  endfacet
  facet normal 1 0 0
    outer loop
      vertex 24.774999998509884 160.70000000298023 0
      vertex 24.774999998509884 155.70000000298023 3
      vertex 24.774999998509884 155.70000000298023 0
    endloop
  endfacet
  facet normal 1 0 0
    outer loop
      vertex 24.774999998509884 160.70000000298023 0
      vertex 24.774999998509884 160.70000000298023 3
      vertex 24.774999998509884 155.70000000298023 3
    endloop
  endfacet
  facet normal 0 1 0
    outer loop
      vertex 1.5 160.70000000298023 0
      vertex 24.774999998509884 160.70000000298023 3
      vertex 24.774999998509884 160.70000000298023 0
    endloop
  endfacet
  facet normal 0 1 0
    outer loop
      vertex 1.5 160.70000000298023 0
      vertex 1.5 160.70000000298023 3
      vertex 24.774999998509884 160.70000000298023 3
    endloop
  endfacet
  facet normal -1 0 0
    outer loop
      vertex 1.5 158.40364883840084 0
      vertex 1.5 160.70000000298023 3
      vertex 1.5 160.70000000298023 0
    endloop
  endfacet
  facet normal -1 0 0
    outer loop
      vertex 1.5 158.40364883840084 0
      vertex 1.5 158.40364883840084 3
      vertex 1.5 160.70000000298023 3
    endloop
  endfacet
  facet normal 0.23878812245666795 -0.9710716928083216 2.969989400684852e-17
    outer loop
      vertex 7.549999997019768 159.89135376363993 0
      vertex 1.5 158.40364883840084 3
      vertex 1.5 158.40364883840084 0
    endloop
  endfacet
  facet normal 0.23878812245666795 -0.9710716928083216 0
    outer loop
      vertex 7.549999997019768 159.89135376363993 0
      vertex 7.549999997019768 159.89135376363993 3
      vertex 1.5 158.40364883840084 3
    endloop
  endfacet
  facet normal -1 0 0
    outer loop
      vertex 7.549999997019768 151.50864624232054 0
      vertex 7.549999997019768 159.89135376363993 3
      vertex 7.549999997019768 159.89135376363993 0
    endloop
  endfacet
  facet normal -1 0 0
    outer loop
      vertex 7.549999997019768 151.50864624232054 0
      vertex 7.549999997019768 151.50864624232054 3
      vertex 7.549999997019768 159.89135376363993 3
    endloop
  endfacet
  facet normal 0.2387881213289808 0.9710716930856218 -1.187995760613186e-17
    outer loop
      vertex 1.5 152.99635116010904 0
      vertex 7.549999997019768 151.50864624232054 3
      vertex 7.549999997019768 151.50864624232054 0
    endloop
  endfacet
  facet normal 0.2387881213289808 0.9710716930856218 0
    outer loop
      vertex 1.5 152.99635116010904 0
      vertex 1.5 152.99635116010904 3
      vertex 7.549999997019768 151.50864624232054 3
    endloop
  endfacet
  facet normal -1 0 0
    outer loop
      vertex 1.5 151.10000000149012 0
      vertex 1.5 152.99635116010904 3
      vertex 1.5 152.99635116010904 0
    endloop
  endfacet
  facet normal -1 0 0
    outer loop
      vertex 1.5 151.10000000149012 0
      vertex 1.5 151.10000000149012 3
      vertex 1.5 152.99635116010904 3
    endloop
  endfacet
  facet normal 0 -1 0
    outer loop
      vertex 44.399999998509884 151.10000000149012 0
      vertex 1.5 151.10000000149012 3
      vertex 1.5 151.10000000149012 0
    endloop
  endfacet
  facet normal 0 -1 0
    outer loop
      vertex 44.399999998509884 151.10000000149012 0
      vertex 44.399999998509884 151.10000000149012 3
      vertex 1.5 151.10000000149012 3
    endloop
  endfacet
  facet normal 1 0 0
    outer loop
      vertex 44.399999998509884 157.20000000298023 0
      vertex 44.399999998509884 151.10000000149012 3
      vertex 44.399999998509884 151.10000000149012 0
    endloop
  endfacet
  facet normal 1 0 0
    outer loop
      vertex 44.399999998509884 157.20000000298023 0
      vertex 44.399999998509884 157.20000000298023 3
      vertex 44.399999998509884 151.10000000149012 3
    endloop
  endfacet
  facet normal 0 -1 0
    outer loop
      vertex 58.399999998509884 157.20000000298023 0
      vertex 44.399999998509884 157.20000000298023 3
      vertex 44.399999998509884 157.20000000298023 0
    endloop
  endfacet
  facet normal 0 -1 0
    outer loop
      vertex 58.399999998509884 157.20000000298023 0
      vertex 58.399999998509884 157.20000000298023 3
      vertex 44.399999998509884 157.20000000298023 3
    endloop
  endfacet
  facet normal -1 0 0
    outer loop
      vertex 58.399999998509884 151.10000000149012 0
      vertex 58.399999998509884 157.20000000298023 3
      vertex 58.399999998509884 157.20000000298023 0
    endloop
  endfacet
  facet normal -1 0 0
    outer loop
      vertex 58.399999998509884 151.10000000149012 0
      vertex 58.399999998509884 151.10000000149012 3
      vertex 58.399999998509884 157.20000000298023 3
    endloop
  endfacet
  facet normal 0 -1 0
    outer loop
      vertex 64.39999999850988 151.10000000149012 0
      vertex 58.399999998509884 151.10000000149012 3
      vertex 58.399999998509884 151.10000000149012 0
    endloop
  endfacet
  facet normal 0 -1 0
    outer loop
      vertex 64.39999999850988 151.10000000149012 0
      vertex 64.39999999850988 151.10000000149012 3
      vertex 58.399999998509884 151.10000000149012 3
    endloop
  endfacet
  facet normal -1 0 0
    outer loop
      vertex 64.39999999850988 150.70000000298023 0
      vertex 64.39999999850988 151.10000000149012 3
      vertex 64.39999999850988 151.10000000149012 0
    endloop
  endfacet
  facet normal -1 0 0
    outer loop
      vertex 64.39999999850988 150.70000000298023 0
      vertex 64.39999999850988 150.70000000298023 3
      vertex 64.39999999850988 151.10000000149012 3
    endloop
  endfacet
  facet normal 0 -1 0
    outer loop
      vertex 78.39999999850988 150.70000000298023 0
      vertex 64.39999999850988 150.70000000298023 3
      vertex 64.39999999850988 150.70000000298023 0
    endloop
  endfacet
  facet normal 0 -1 0
    outer loop
      vertex 78.39999999850988 150.70000000298023 0
      vertex 78.39999999850988 150.70000000298023 3
      vertex 64.39999999850988 150.70000000298023 3
    endloop
  endfacet
  facet normal 1 0 0
    outer loop
      vertex 78.39999999850988 151.10000000149012 0
      vertex 78.39999999850988 150.70000000298023 3
      vertex 78.39999999850988 150.70000000298023 0
    endloop
  endfacet
  facet normal 1 0 0
    outer loop
      vertex 78.39999999850988 151.10000000149012 0
      vertex 78.39999999850988 151.10000000149012 3
      vertex 78.39999999850988 150.70000000298023 3
    endloop
  endfacet
  facet normal 0 -1 0
    outer loop
      vertex 95 139.60000000149012 0
      vertex 24 139.60000000149012 3
      vertex 24 139.60000000149012 0
    endloop
  endfacet
  facet normal 0 -1 0
    outer loop
      vertex 95 139.60000000149012 0
      vertex 95 139.60000000149012 3
      vertex 24 139.60000000149012 3
    endloop
  endfacet
  facet normal -1 0 0
    outer loop
      vertex 95 139.20000000298023 0
      vertex 95 139.60000000149012 3
      vertex 95 139.60000000149012 0
    endloop
  endfacet
  facet normal -1 0 0
    outer loop
      vertex 95 139.20000000298023 0
      vertex 95 139.20000000298023 3
      vertex 95 139.60000000149012 3
    endloop
  endfacet
  facet normal 0 -1 0
    outer loop
      vertex 109 139.20000000298023 0
      vertex 95 139.20000000298023 3
      vertex 95 139.20000000298023 0
    endloop
  endfacet
  facet normal 0 -1 0
    outer loop
      vertex 109 139.20000000298023 0
      vertex 109 139.20000000298023 3
      vertex 95 139.20000000298023 3
    endloop
  endfacet
  facet normal 1 0 0
    outer loop
      vertex 109 139.60000000149012 0
      vertex 109 139.20000000298023 3
      vertex 109 139.20000000298023 0
    endloop
  endfacet
  facet normal 1 0 0
    outer loop
      vertex 109 139.60000000149012 0
      vertex 109 139.60000000149012 3
      vertex 109 139.20000000298023 3
    endloop
  endfacet
  facet normal 0 -1 0
    outer loop
      vertex 122 139.60000000149012 0
      vertex 109 139.60000000149012 3
      vertex 109 139.60000000149012 0
    endloop
  endfacet
  facet normal 0 -1 0
    outer loop
      vertex 122 139.60000000149012 0
      vertex 122 139.60000000149012 3
      vertex 109 139.60000000149012 3
    endloop
  endfacet
  facet normal 1 0 0
    outer loop
      vertex 122 141.67540983855724 0
      vertex 122 139.60000000149012 3
      vertex 122 139.60000000149012 0
    endloop
  endfacet
  facet normal 1 0 0
    outer loop
      vertex 122 141.67540983855724 0
      vertex 122 141.67540983855724 3
      vertex 122 139.60000000149012 3
    endloop
  endfacet
  facet normal -0.23878812118047119 -0.9710716931221405 0
    outer loop
      vertex 128 140.20000000298023 0
      vertex 122 141.67540983855724 3
      vertex 122 141.67540983855724 0
    endloop
  endfacet
  facet normal -0.23878812118047119 -0.9710716931221405 0
    outer loop
      vertex 128 140.20000000298023 0
      vertex 128 140.20000000298023 3
      vertex 122 141.67540983855724 3
    endloop
  endfacet
  facet normal 1 0 0
    outer loop
      vertex 128 148.20000000298023 0
      vertex 128 140.20000000298023 3
      vertex 128 140.20000000298023 0
    endloop
  endfacet
  facet normal 1 0 0
    outer loop
      vertex 128 148.20000000298023 0
      vertex 128 148.20000000298023 3
      vertex 128 140.20000000298023 3
    endloop
  endfacet
  facet normal -0.2387881223175557 0.9710716928425295 0
    outer loop
      vertex 122 146.72459015995264 0
      vertex 128 148.20000000298023 3
      vertex 128 148.20000000298023 0
    endloop
  endfacet
  facet normal -0.2387881223175557 0.9710716928425295 0
    outer loop
      vertex 122 146.72459015995264 0
      vertex 122 146.72459015995264 3
      vertex 128 148.20000000298023 3
    endloop
  endfacet
  facet normal 1 0 0
    outer loop
      vertex 122 149.20000000298023 0
      vertex 122 146.72459015995264 3
      vertex 122 146.72459015995264 0
    endloop
  endfacet
  facet normal 1 0 0
    outer loop
      vertex 122 149.20000000298023 0
      vertex 122 149.20000000298023 3
      vertex 122 146.72459015995264 3
    endloop
  endfacet
  facet normal 0 1 0
    outer loop
      vertex 65.52499999850988 149.20000000298023 0
      vertex 122 149.20000000298023 3
      vertex 122 149.20000000298023 0
    endloop
  endfacet
  facet normal 0 1 0
    outer loop
      vertex 65.52499999850988 149.20000000298023 0
      vertex 65.52499999850988 149.20000000298023 3
      vertex 122 149.20000000298023 3
    endloop
  endfacet
  facet normal -1 0 0
    outer loop
      vertex 65.52499999850988 144.20000000298023 0
      vertex 65.52499999850988 149.20000000298023 3
      vertex 65.52499999850988 149.20000000298023 0
    endloop
  endfacet
  facet normal -1 0 0
    outer loop
      vertex 65.52499999850988 144.20000000298023 0
      vertex 65.52499999850988 144.20000000298023 3
      vertex 65.52499999850988 149.20000000298023 3
    endloop
  endfacet
  facet normal 0 1 0
    outer loop
      vertex 62.274999998509884 144.20000000298023 0
      vertex 65.52499999850988 144.20000000298023 3
      vertex 65.52499999850988 144.20000000298023 0
    endloop
  endfacet
  facet normal 0 1 0
    outer loop
      vertex 62.274999998509884 144.20000000298023 0
      vertex 62.274999998509884 144.20000000298023 3
      vertex 65.52499999850988 144.20000000298023 3
    endloop
  endfacet
  facet normal 1 0 0
    outer loop
      vertex 62.274999998509884 149.20000000298023 0
      vertex 62.274999998509884 144.20000000298023 3
      vertex 62.274999998509884 144.20000000298023 0
    endloop
  endfacet
  facet normal 1 0 0
    outer loop
      vertex 62.274999998509884 149.20000000298023 0
      vertex 62.274999998509884 149.20000000298023 3
      vertex 62.274999998509884 144.20000000298023 3
    endloop
  endfacet
  facet normal 0 1 0
    outer loop
      vertex 6.875 149.20000000298023 0
      vertex 62.274999998509884 149.20000000298023 3
      vertex 62.274999998509884 149.20000000298023 0
    endloop
  endfacet
  facet normal 0 1 0
    outer loop
      vertex 6.875 149.20000000298023 0
      vertex 6.875 149.20000000298023 3
      vertex 62.274999998509884 149.20000000298023 3
    endloop
  endfacet
  facet normal -1 0 0
    outer loop
      vertex 6.875 144.20000000298023 0
      vertex 6.875 149.20000000298023 3
      vertex 6.875 149.20000000298023 0
    endloop
  endfacet
  facet normal -1 0 0
    outer loop
      vertex 6.875 144.20000000298023 0
      vertex 6.875 144.20000000298023 3
      vertex 6.875 149.20000000298023 3
    endloop
  endfacet
  facet normal 0 1 0
    outer loop
      vertex 3.625 144.20000000298023 0
      vertex 6.875 144.20000000298023 3
      vertex 6.875 144.20000000298023 0
    endloop
  endfacet
  facet normal 0 1 0
    outer loop
      vertex 3.625 144.20000000298023 0
      vertex 3.625 144.20000000298023 3
      vertex 6.875 144.20000000298023 3
    endloop
  endfacet
  facet normal 1 0 0
    outer loop
      vertex 3.625 149.20000000298023 0
      vertex 3.625 144.20000000298023 3
      vertex 3.625 144.20000000298023 0
    endloop
  endfacet
  facet normal 1 0 0
    outer loop
      vertex 3.625 149.20000000298023 0
      vertex 3.625 149.20000000298023 3
      vertex 3.625 144.20000000298023 3
    endloop
  endfacet
  facet normal 0 1 0
    outer loop
      vertex 1.5 149.20000000298023 0
      vertex 3.625 149.20000000298023 3
      vertex 3.625 149.20000000298023 0
    endloop
  endfacet
  facet normal 0 1 0
    outer loop
      vertex 1.5 149.20000000298023 0
      vertex 1.5 149.20000000298023 3
      vertex 3.625 149.20000000298023 3
    endloop
  endfacet
  facet normal -1 0 0
    outer loop
      vertex 1.5 139.60000000149012 0
      vertex 1.5 149.20000000298023 3
      vertex 1.5 149.20000000298023 0
    endloop
  endfacet
  facet normal -1 0 0
    outer loop
      vertex 1.5 139.60000000149012 0
      vertex 1.5 139.60000000149012 3
      vertex 1.5 149.20000000298023 3
    endloop
  endfacet
  facet normal 0 -1 0
    outer loop
      vertex 10 139.60000000149012 0
      vertex 1.5 139.60000000149012 3
      vertex 1.5 139.60000000149012 0
    endloop
  endfacet
  facet normal 0 -1 0
    outer loop
      vertex 10 139.60000000149012 0
      vertex 10 139.60000000149012 3
      vertex 1.5 139.60000000149012 3
    endloop
  endfacet
  facet normal -1 0 0
    outer loop
      vertex 10 139.20000000298023 0
      vertex 10 139.60000000149012 3
      vertex 10 139.60000000149012 0
    endloop
  endfacet
  facet normal -1 0 0
    outer loop
      vertex 10 139.20000000298023 0
      vertex 10 139.20000000298023 3
      vertex 10 139.60000000149012 3
    endloop
  endfacet
  facet normal 0 -1 0
    outer loop
      vertex 24 139.20000000298023 0
      vertex 10 139.20000000298023 3
      vertex 10 139.20000000298023 0
    endloop
  endfacet
  facet normal 0 -1 0
    outer loop
      vertex 24 139.20000000298023 0
      vertex 24 139.20000000298023 3
      vertex 10 139.20000000298023 3
    endloop
  endfacet
  facet normal 1 0 0
    outer loop
      vertex 24 139.60000000149012 0
      vertex 24 139.20000000298023 3
      vertex 24 139.20000000298023 0
    endloop
  endfacet
  facet normal 1 0 0
    outer loop
      vertex 24 139.60000000149012 0
      vertex 24 139.60000000149012 3
      vertex 24 139.20000000298023 3
    endloop
  endfacet
  facet normal 0 -1 0
    outer loop
      vertex 58.399999998509884 134.20000000298023 0
      vertex 44.399999998509884 134.20000000298023 3
      vertex 44.399999998509884 134.20000000298023 0
    endloop
  endfacet
  facet normal 0 -1 0
    outer loop
      vertex 58.399999998509884 134.20000000298023 0
      vertex 58.399999998509884 134.20000000298023 3
      vertex 44.399999998509884 134.20000000298023 3
    endloop
  endfacet
  facet normal -1 0 0
    outer loop
      vertex 58.399999998509884 128.10000000149012 0
      vertex 58.399999998509884 134.20000000298023 3
      vertex 58.399999998509884 134.20000000298023 0
    endloop
  endfacet
  facet normal -1 0 0
    outer loop
      vertex 58.399999998509884 128.10000000149012 0
      vertex 58.399999998509884 128.10000000149012 3
      vertex 58.399999998509884 134.20000000298023 3
    endloop
  endfacet
  facet normal 0 -1 0
    outer loop
      vertex 171.89999999850988 128.10000000149012 0
      vertex 58.399999998509884 128.10000000149012 3
      vertex 58.399999998509884 128.10000000149012 0
    endloop
  endfacet
  facet normal 0 -1 0
    outer loop
      vertex 171.89999999850988 128.10000000149012 0
      vertex 171.89999999850988 128.10000000149012 3
      vertex 58.399999998509884 128.10000000149012 3
    endloop
  endfacet
  facet normal 1 0 0
    outer loop
      vertex 171.89999999850988 137.70000000298023 0
      vertex 171.89999999850988 128.10000000149012 3
      vertex 171.89999999850988 128.10000000149012 0
    endloop
  endfacet
  facet normal 1 0 0
    outer loop
      vertex 171.89999999850988 137.70000000298023 0
      vertex 171.89999999850988 137.70000000298023 3
      vertex 171.89999999850988 128.10000000149012 3
    endloop
  endfacet
  facet normal 0 1 0
    outer loop
      vertex 169.77499999850988 137.70000000298023 0
      vertex 171.89999999850988 137.70000000298023 3
      vertex 171.89999999850988 137.70000000298023 0
    endloop
  endfacet
  facet normal 0 1 0
    outer loop
      vertex 169.77499999850988 137.70000000298023 0
      vertex 169.77499999850988 137.70000000298023 3
      vertex 171.89999999850988 137.70000000298023 3
    endloop
  endfacet
  facet normal -1 0 0
    outer loop
      vertex 169.77499999850988 132.70000000298023 0
      vertex 169.77499999850988 137.70000000298023 3
      vertex 169.77499999850988 137.70000000298023 0
    endloop
  endfacet
  facet normal -1 0 0
    outer loop
      vertex 169.77499999850988 132.70000000298023 0
      vertex 169.77499999850988 132.70000000298023 3
      vertex 169.77499999850988 137.70000000298023 3
    endloop
  endfacet
  facet normal 0 1 0
    outer loop
      vertex 166.52499999850988 132.70000000298023 0
      vertex 169.77499999850988 132.70000000298023 3
      vertex 169.77499999850988 132.70000000298023 0
    endloop
  endfacet
  facet normal 0 1 0
    outer loop
      vertex 166.52499999850988 132.70000000298023 0
      vertex 166.52499999850988 132.70000000298023 3
      vertex 169.77499999850988 132.70000000298023 3
    endloop
  endfacet
  facet normal 1 0 0
    outer loop
      vertex 166.52499999850988 137.70000000298023 0
      vertex 166.52499999850988 132.70000000298023 3
      vertex 166.52499999850988 132.70000000298023 0
    endloop
  endfacet
  facet normal 1 0 0
    outer loop
      vertex 166.52499999850988 137.70000000298023 0
      vertex 166.52499999850988 137.70000000298023 3
      vertex 166.52499999850988 132.70000000298023 3
    endloop
  endfacet
  facet normal 0 1 0
    outer loop
      vertex 111.125 137.70000000298023 0
      vertex 166.52499999850988 137.70000000298023 3
      vertex 166.52499999850988 137.70000000298023 0
    endloop
  endfacet
  facet normal 0 1 0
    outer loop
      vertex 111.125 137.70000000298023 0
      vertex 111.125 137.70000000298023 3
      vertex 166.52499999850988 137.70000000298023 3
    endloop
  endfacet
  facet normal -1 0 0
    outer loop
      vertex 111.125 132.70000000298023 0
      vertex 111.125 137.70000000298023 3
      vertex 111.125 137.70000000298023 0
    endloop
  endfacet
  facet normal -1 0 0
    outer loop
      vertex 111.125 132.70000000298023 0
      vertex 111.125 132.70000000298023 3
      vertex 111.125 137.70000000298023 3
    endloop
  endfacet
  facet normal 0 1 0
    outer loop
      vertex 107.875 132.70000000298023 0
      vertex 111.125 132.70000000298023 3
      vertex 111.125 132.70000000298023 0
    endloop
  endfacet
  facet normal 0 1 0
    outer loop
      vertex 107.875 132.70000000298023 0
      vertex 107.875 132.70000000298023 3
      vertex 111.125 132.70000000298023 3
    endloop
  endfacet
  facet normal 1 0 0
    outer loop
      vertex 107.875 137.70000000298023 0
      vertex 107.875 132.70000000298023 3
      vertex 107.875 132.70000000298023 0
    endloop
  endfacet
  facet normal 1 0 0
    outer loop
      vertex 107.875 137.70000000298023 0
      vertex 107.875 137.70000000298023 3
      vertex 107.875 132.70000000298023 3
    endloop
  endfacet
  facet normal 0 1 0
    outer loop
      vertex 28.024999998509884 137.70000000298023 0
      vertex 107.875 137.70000000298023 3
      vertex 107.875 137.70000000298023 0
    endloop
  endfacet
  facet normal 0 1 0
    outer loop
      vertex 28.024999998509884 137.70000000298023 0
      vertex 28.024999998509884 137.70000000298023 3
      vertex 107.875 137.70000000298023 3
    endloop
  endfacet
  facet normal -1 0 0
    outer loop
      vertex 28.024999998509884 132.70000000298023 0
      vertex 28.024999998509884 137.70000000298023 3
      vertex 28.024999998509884 137.70000000298023 0
    endloop
  endfacet
  facet normal -1 0 0
    outer loop
      vertex 28.024999998509884 132.70000000298023 0
      vertex 28.024999998509884 132.70000000298023 3
      vertex 28.024999998509884 137.70000000298023 3
    endloop
  endfacet
  facet normal 0 1 0
    outer loop
      vertex 24.774999998509884 132.70000000298023 0
      vertex 28.024999998509884 132.70000000298023 3
      vertex 28.024999998509884 132.70000000298023 0
    endloop
  endfacet
  facet normal 0 1 0
    outer loop
      vertex 24.774999998509884 132.70000000298023 0
      vertex 24.774999998509884 132.70000000298023 3
      vertex 28.024999998509884 132.70000000298023 3
    endloop
  endfacet
  facet normal 1 0 0
    outer loop
      vertex 24.774999998509884 137.70000000298023 0
      vertex 24.774999998509884 132.70000000298023 3
      vertex 24.774999998509884 132.70000000298023 0
    endloop
  endfacet
  facet normal 1 0 0
    outer loop
      vertex 24.774999998509884 137.70000000298023 0
      vertex 24.774999998509884 137.70000000298023 3
      vertex 24.774999998509884 132.70000000298023 3
    endloop
  endfacet
  facet normal 0 1 0
    outer loop
      vertex 1.5 137.70000000298023 0
      vertex 24.774999998509884 137.70000000298023 3
      vertex 24.774999998509884 137.70000000298023 0
    endloop
  endfacet
  facet normal 0 1 0
    outer loop
      vertex 1.5 137.70000000298023 0
      vertex 1.5 137.70000000298023 3
      vertex 24.774999998509884 137.70000000298023 3
    endloop
  endfacet
  facet normal -1 0 0
    outer loop
      vertex 1.5 135.40364883840084 0
      vertex 1.5 137.70000000298023 3
      vertex 1.5 137.70000000298023 0
    endloop
  endfacet
  facet normal -1 0 0
    outer loop
      vertex 1.5 135.40364883840084 0
      vertex 1.5 135.40364883840084 3
      vertex 1.5 137.70000000298023 3
    endloop
  endfacet
  facet normal 0.23878812245666795 -0.9710716928083216 2.969989400684852e-17
    outer loop
      vertex 7.549999997019768 136.89135376363993 0
      vertex 1.5 135.40364883840084 3
      vertex 1.5 135.40364883840084 0
    endloop
  endfacet
  facet normal 0.23878812245666795 -0.9710716928083216 0
    outer loop
      vertex 7.549999997019768 136.89135376363993 0
      vertex 7.549999997019768 136.89135376363993 3
      vertex 1.5 135.40364883840084 3
    endloop
  endfacet
  facet normal -1 0 0
    outer loop
      vertex 7.549999997019768 128.50864624232054 0
      vertex 7.549999997019768 136.89135376363993 3
      vertex 7.549999997019768 136.89135376363993 0
    endloop
  endfacet
  facet normal -1 0 0
    outer loop
      vertex 7.549999997019768 128.50864624232054 0
      vertex 7.549999997019768 128.50864624232054 3
      vertex 7.549999997019768 136.89135376363993 3
    endloop
  endfacet
  facet normal 0.2387881213289808 0.9710716930856218 -1.187995760613186e-17
    outer loop
      vertex 1.5 129.99635116010904 0
      vertex 7.549999997019768 128.50864624232054 3
      vertex 7.549999997019768 128.50864624232054 0
    endloop
  endfacet
  facet normal 0.2387881213289808 0.9710716930856218 0
    outer loop
      vertex 1.5 129.99635116010904 0
      vertex 1.5 129.99635116010904 3
      vertex 7.549999997019768 128.50864624232054 3
    endloop
  endfacet
  facet normal -1 0 0
    outer loop
      vertex 1.5 128.10000000149012 0
      vertex 1.5 129.99635116010904 3
      vertex 1.5 129.99635116010904 0
    endloop
  endfacet
  facet normal -1 0 0
    outer loop
      vertex 1.5 128.10000000149012 0
      vertex 1.5 128.10000000149012 3
      vertex 1.5 129.99635116010904 3
    endloop
  endfacet
  facet normal 0 -1 0
    outer loop
      vertex 44.399999998509884 128.10000000149012 0
      vertex 1.5 128.10000000149012 3
      vertex 1.5 128.10000000149012 0
    endloop
  endfacet
  facet normal 0 -1 0
    outer loop
      vertex 44.399999998509884 128.10000000149012 0
      vertex 44.399999998509884 128.10000000149012 3
      vertex 1.5 128.10000000149012 3
    endloop
  endfacet
  facet normal 1 0 0
    outer loop
      vertex 44.399999998509884 134.20000000298023 0
      vertex 44.399999998509884 128.10000000149012 3
      vertex 44.399999998509884 128.10000000149012 0
    endloop
  endfacet
  facet normal 1 0 0
    outer loop
      vertex 44.399999998509884 134.20000000298023 0
      vertex 44.399999998509884 134.20000000298023 3
      vertex 44.399999998509884 128.10000000149012 3
    endloop
  endfacet
  facet normal -0.23878812118047119 -0.9710716931221405 0
    outer loop
      vertex 128 117.60000000149012 0
      vertex 122 119.07540983706713 3
      vertex 122 119.07540983706713 0
    endloop
  endfacet
  facet normal -0.23878812118047119 -0.9710716931221405 0
    outer loop
      vertex 128 117.60000000149012 0
      vertex 128 117.60000000149012 3
      vertex 122 119.07540983706713 3
    endloop
  endfacet
  facet normal 1 0 0
    outer loop
      vertex 128 125.60000000149012 0
      vertex 128 117.60000000149012 3
      vertex 128 117.60000000149012 0
    endloop
  endfacet
  facet normal 1 0 0
    outer loop
      vertex 128 125.60000000149012 0
      vertex 128 125.60000000149012 3
      vertex 128 117.60000000149012 3
    endloop
  endfacet
  facet normal -0.2387881223175557 0.9710716928425295 0
    outer loop
      vertex 122 124.12459015846252 0
      vertex 128 125.60000000149012 3
      vertex 128 125.60000000149012 0
    endloop
  endfacet
  facet normal -0.2387881223175557 0.9710716928425295 0
    outer loop
      vertex 122 124.12459015846252 0
      vertex 122 124.12459015846252 3
      vertex 128 125.60000000149012 3
    endloop
  endfacet
  facet normal 1 0 0
    outer loop
      vertex 122 126.60000000149012 0
      vertex 122 124.12459015846252 3
      vertex 122 124.12459015846252 0
    endloop
  endfacet
  facet normal 1 0 0
    outer loop
      vertex 122 126.60000000149012 0
      vertex 122 126.60000000149012 3
      vertex 122 124.12459015846252 3
    endloop
  endfacet
  facet normal 0 1 0
    outer loop
      vertex 65.52499999850988 126.60000000149012 0
      vertex 122 126.60000000149012 3
      vertex 122 126.60000000149012 0
    endloop
  endfacet
  facet normal 0 1 0
    outer loop
      vertex 65.52499999850988 126.60000000149012 0
      vertex 65.52499999850988 126.60000000149012 3
      vertex 122 126.60000000149012 3
    endloop
  endfacet
  facet normal -1 0 0
    outer loop
      vertex 65.52499999850988 121.60000000149012 0
      vertex 65.52499999850988 126.60000000149012 3
      vertex 65.52499999850988 126.60000000149012 0
    endloop
  endfacet
  facet normal -1 0 0
    outer loop
      vertex 65.52499999850988 121.60000000149012 0
      vertex 65.52499999850988 121.60000000149012 3
      vertex 65.52499999850988 126.60000000149012 3
    endloop
  endfacet
  facet normal 0 1 0
    outer loop
      vertex 62.274999998509884 121.60000000149012 0
      vertex 65.52499999850988 121.60000000149012 3
      vertex 65.52499999850988 121.60000000149012 0
    endloop
  endfacet
  facet normal 0 1 0
    outer loop
      vertex 62.274999998509884 121.60000000149012 0
      vertex 62.274999998509884 121.60000000149012 3
      vertex 65.52499999850988 121.60000000149012 3
    endloop
  endfacet
  facet normal 1 0 0
    outer loop
      vertex 62.274999998509884 126.60000000149012 0
      vertex 62.274999998509884 121.60000000149012 3
      vertex 62.274999998509884 121.60000000149012 0
    endloop
  endfacet
  facet normal 1 0 0
    outer loop
      vertex 62.274999998509884 126.60000000149012 0
      vertex 62.274999998509884 126.60000000149012 3
      vertex 62.274999998509884 121.60000000149012 3
    endloop
  endfacet
  facet normal 0 1 0
    outer loop
      vertex 6.875 126.60000000149012 0
      vertex 62.274999998509884 126.60000000149012 3
      vertex 62.274999998509884 126.60000000149012 0
    endloop
  endfacet
  facet normal 0 1 0
    outer loop
      vertex 6.875 126.60000000149012 0
      vertex 6.875 126.60000000149012 3
      vertex 62.274999998509884 126.60000000149012 3
    endloop
  endfacet
  facet normal -1 0 0
    outer loop
      vertex 6.875 121.60000000149012 0
      vertex 6.875 126.60000000149012 3
      vertex 6.875 126.60000000149012 0
    endloop
  endfacet
  facet normal -1 0 0
    outer loop
      vertex 6.875 121.60000000149012 0
      vertex 6.875 121.60000000149012 3
      vertex 6.875 126.60000000149012 3
    endloop
  endfacet
  facet normal 0 1 0
    outer loop
      vertex 3.625 121.60000000149012 0
      vertex 6.875 121.60000000149012 3
      vertex 6.875 121.60000000149012 0
    endloop
  endfacet
  facet normal 0 1 0
    outer loop
      vertex 3.625 121.60000000149012 0
      vertex 3.625 121.60000000149012 3
      vertex 6.875 121.60000000149012 3
    endloop
  endfacet
  facet normal 1 0 0
    outer loop
      vertex 3.625 126.60000000149012 0
      vertex 3.625 121.60000000149012 3
      vertex 3.625 121.60000000149012 0
    endloop
  endfacet
  facet normal 1 0 0
    outer loop
      vertex 3.625 126.60000000149012 0
      vertex 3.625 126.60000000149012 3
      vertex 3.625 121.60000000149012 3
    endloop
  endfacet
  facet normal 0 1 0
    outer loop
      vertex 1.5 126.60000000149012 0
      vertex 3.625 126.60000000149012 3
      vertex 3.625 126.60000000149012 0
    endloop
  endfacet
  facet normal 0 1 0
    outer loop
      vertex 1.5 126.60000000149012 0
      vertex 1.5 126.60000000149012 3
      vertex 3.625 126.60000000149012 3
    endloop
  endfacet
  facet normal -1 0 0
    outer loop
      vertex 1.5 117 0
      vertex 1.5 126.60000000149012 3
      vertex 1.5 126.60000000149012 0
    endloop
  endfacet
  facet normal -1 0 0
    outer loop
      vertex 1.5 117 0
      vertex 1.5 117 3
      vertex 1.5 126.60000000149012 3
    endloop
  endfacet
  facet normal 0 -1 0
    outer loop
      vertex 122 117 0
      vertex 1.5 117 3
      vertex 1.5 117 0
    endloop
  endfacet
  facet normal 0 -1 0
    outer loop
      vertex 122 117 0
      vertex 122 117 3
      vertex 1.5 117 3
    endloop
  endfacet
  facet normal 1 0 0
    outer loop
      vertex 122 119.07540983706713 0
      vertex 122 117 3
      vertex 122 117 0
    endloop
  endfacet
  facet normal 1 0 0
    outer loop
      vertex 122 119.07540983706713 0
      vertex 122 119.07540983706713 3
      vertex 122 117 3
    endloop
  endfacet
  facet normal 0 1 0
    outer loop
      vertex 129.77499999850988 115.5 0
      vertex 131.89999999850988 115.5 3
      vertex 131.89999999850988 115.5 0
    endloop
  endfacet
  facet normal 0 1 0
    outer loop
      vertex 129.77499999850988 115.5 0
      vertex 129.77499999850988 115.5 3
      vertex 131.89999999850988 115.5 3
    endloop
  endfacet
  facet normal -1 0 0
    outer loop
      vertex 129.77499999850988 108.60000000149012 0
      vertex 129.77499999850988 115.5 3
      vertex 129.77499999850988 115.5 0
    endloop
  endfacet
  facet normal -1 0 0
    outer loop
      vertex 129.77499999850988 108.60000000149012 0
      vertex 129.77499999850988 108.60000000149012 3
      vertex 129.77499999850988 115.5 3
    endloop
  endfacet
  facet normal 0 1 0
    outer loop
      vertex 126.52499999850988 108.60000000149012 0
      vertex 129.77499999850988 108.60000000149012 3
      vertex 129.77499999850988 108.60000000149012 0
    endloop
  endfacet
  facet normal 0 1 0
    outer loop
      vertex 126.52499999850988 108.60000000149012 0
      vertex 126.52499999850988 108.60000000149012 3
      vertex 129.77499999850988 108.60000000149012 3
    endloop
  endfacet
  facet normal 1 0 0
    outer loop
      vertex 126.52499999850988 115.5 0
      vertex 126.52499999850988 108.60000000149012 3
      vertex 126.52499999850988 108.60000000149012 0
    endloop
  endfacet
  facet normal 1 0 0
    outer loop
      vertex 126.52499999850988 115.5 0
      vertex 126.52499999850988 115.5 3
      vertex 126.52499999850988 108.60000000149012 3
    endloop
  endfacet
  facet normal 0 1 0
    outer loop
      vertex 71.125 115.5 0
      vertex 126.52499999850988 115.5 3
      vertex 126.52499999850988 115.5 0
    endloop
  endfacet
  facet normal 0 1 0
    outer loop
      vertex 71.125 115.5 0
      vertex 71.125 115.5 3
      vertex 126.52499999850988 115.5 3
    endloop
  endfacet
  facet normal -1 0 0
    outer loop
      vertex 71.125 108.60000000149012 0
      vertex 71.125 115.5 3
      vertex 71.125 115.5 0
    endloop
  endfacet
  facet normal -1 0 0
    outer loop
      vertex 71.125 108.60000000149012 0
      vertex 71.125 108.60000000149012 3
      vertex 71.125 115.5 3
    endloop
  endfacet
  facet normal 0 1 0
    outer loop
      vertex 67.875 108.60000000149012 0
      vertex 71.125 108.60000000149012 3
      vertex 71.125 108.60000000149012 0
    endloop
  endfacet
  facet normal 0 1 0
    outer loop
      vertex 67.875 108.60000000149012 0
      vertex 67.875 108.60000000149012 3
      vertex 71.125 108.60000000149012 3
    endloop
  endfacet
  facet normal 1 0 0
    outer loop
      vertex 67.875 115.5 0
      vertex 67.875 108.60000000149012 3
      vertex 67.875 108.60000000149012 0
    endloop
  endfacet
  facet normal 1 0 0
    outer loop
      vertex 67.875 115.5 0
      vertex 67.875 115.5 3
      vertex 67.875 108.60000000149012 3
    endloop
  endfacet
  facet normal 0 1 0
    outer loop
      vertex 67.19999999552965 115.5 0
      vertex 67.875 115.5 3
      vertex 67.875 115.5 0
    endloop
  endfacet
  facet normal 0 1 0
    outer loop
      vertex 67.19999999552965 115.5 0
      vertex 67.19999999552965 115.5 3
      vertex 67.875 115.5 3
    endloop
  endfacet
  facet normal -1 0 0
    outer loop
      vertex 67.19999999552965 113.60000000149012 0
      vertex 67.19999999552965 115.5 3
      vertex 67.19999999552965 115.5 0
    endloop
  endfacet
  facet normal -1 0 0
    outer loop
      vertex 67.19999999552965 113.60000000149012 0
      vertex 67.19999999552965 113.60000000149012 3
      vertex 67.19999999552965 115.5 3
    endloop
  endfacet
  facet normal 0 1 0
    outer loop
      vertex 33.024999998509884 113.60000000149012 0
      vertex 67.19999999552965 113.60000000149012 3
      vertex 67.19999999552965 113.60000000149012 0
    endloop
  endfacet
  facet normal 0 1 0
    outer loop
      vertex 33.024999998509884 113.60000000149012 0
      vertex 33.024999998509884 113.60000000149012 3
      vertex 67.19999999552965 113.60000000149012 3
    endloop
  endfacet
  facet normal -1 0 0
    outer loop
      vertex 33.024999998509884 108.60000000149012 0
      vertex 33.024999998509884 113.60000000149012 3
      vertex 33.024999998509884 113.60000000149012 0
    endloop
  endfacet
  facet normal -1 0 0
    outer loop
      vertex 33.024999998509884 108.60000000149012 0
      vertex 33.024999998509884 108.60000000149012 3
      vertex 33.024999998509884 113.60000000149012 3
    endloop
  endfacet
  facet normal 0 1 0
    outer loop
      vertex 29.774999998509884 108.60000000149012 0
      vertex 33.024999998509884 108.60000000149012 3
      vertex 33.024999998509884 108.60000000149012 0
    endloop
  endfacet
  facet normal 0 1 0
    outer loop
      vertex 29.774999998509884 108.60000000149012 0
      vertex 29.774999998509884 108.60000000149012 3
      vertex 33.024999998509884 108.60000000149012 3
    endloop
  endfacet
  facet normal 1 0 0
    outer loop
      vertex 29.774999998509884 113.60000000149012 0
      vertex 29.774999998509884 108.60000000149012 3
      vertex 29.774999998509884 108.60000000149012 0
    endloop
  endfacet
  facet normal 1 0 0
    outer loop
      vertex 29.774999998509884 113.60000000149012 0
      vertex 29.774999998509884 113.60000000149012 3
      vertex 29.774999998509884 108.60000000149012 3
    endloop
  endfacet
  facet normal 0 1 0
    outer loop
      vertex 1.5 113.60000000149012 0
      vertex 29.774999998509884 113.60000000149012 3
      vertex 29.774999998509884 113.60000000149012 0
    endloop
  endfacet
  facet normal 0 1 0
    outer loop
      vertex 1.5 113.60000000149012 0
      vertex 1.5 113.60000000149012 3
      vertex 29.774999998509884 113.60000000149012 3
    endloop
  endfacet
  facet normal -1 0 0
    outer loop
      vertex 1.5 111.30364883691072 0
      vertex 1.5 113.60000000149012 3
      vertex 1.5 113.60000000149012 0
    endloop
  endfacet
  facet normal -1 0 0
    outer loop
      vertex 1.5 111.30364883691072 0
      vertex 1.5 111.30364883691072 3
      vertex 1.5 113.60000000149012 3
    endloop
  endfacet
  facet normal 0.23878812245666795 -0.9710716928083216 2.969989400684852e-17
    outer loop
      vertex 7.549999997019768 112.79135376214981 0
      vertex 1.5 111.30364883691072 3
      vertex 1.5 111.30364883691072 0
    endloop
  endfacet
  facet normal 0.23878812245666795 -0.9710716928083216 0
    outer loop
      vertex 7.549999997019768 112.79135376214981 0
      vertex 7.549999997019768 112.79135376214981 3
      vertex 1.5 111.30364883691072 3
    endloop
  endfacet
  facet normal -1 0 0
    outer loop
      vertex 7.549999997019768 104.40864624083042 0
      vertex 7.549999997019768 112.79135376214981 3
      vertex 7.549999997019768 112.79135376214981 0
    endloop
  endfacet
  facet normal -1 0 0
    outer loop
      vertex 7.549999997019768 104.40864624083042 0
      vertex 7.549999997019768 104.40864624083042 3
      vertex 7.549999997019768 112.79135376214981 3
    endloop
  endfacet
  facet normal 0.2387881213289808 0.9710716930856218 -1.187995760613186e-17
    outer loop
      vertex 1.5 105.89635115861893 0
      vertex 7.549999997019768 104.40864624083042 3
      vertex 7.549999997019768 104.40864624083042 0
    endloop
  endfacet
  facet normal 0.2387881213289808 0.9710716930856218 0
    outer loop
      vertex 1.5 105.89635115861893 0
      vertex 1.5 105.89635115861893 3
      vertex 7.549999997019768 104.40864624083042 3
    endloop
  endfacet
  facet normal -1 0 0
    outer loop
      vertex 1.5 104 0
      vertex 1.5 105.89635115861893 3
      vertex 1.5 105.89635115861893 0
    endloop
  endfacet
  facet normal -1 0 0
    outer loop
      vertex 1.5 104 0
      vertex 1.5 104 3
      vertex 1.5 105.89635115861893 3
    endloop
  endfacet
  facet normal 0 -1 0
    outer loop
      vertex 131.89999999850988 104 0
      vertex 1.5 104 3
      vertex 1.5 104 0
    endloop
  endfacet
  facet normal 0 -1 0
    outer loop
      vertex 131.89999999850988 104 0
      vertex 131.89999999850988 104 3
      vertex 1.5 104 3
    endloop
  endfacet
  facet normal 1 0 0
    outer loop
      vertex 131.89999999850988 115.5 0
      vertex 131.89999999850988 104 3
      vertex 131.89999999850988 104 0
    endloop
  endfacet
  facet normal 1 0 0
    outer loop
      vertex 131.89999999850988 115.5 0
      vertex 131.89999999850988 115.5 3
      vertex 131.89999999850988 104 3
    endloop
  endfacet
  facet normal -0.23878812118047119 -0.9710716931221405 0
    outer loop
      vertex 168 91.60000000149012 0
      vertex 162 93.07540983706713 3
      vertex 162 93.07540983706713 0
    endloop
  endfacet
  facet normal -0.23878812118047119 -0.9710716931221405 0
    outer loop
      vertex 168 91.60000000149012 0
      vertex 168 91.60000000149012 3
      vertex 162 93.07540983706713 3
    endloop
  endfacet
  facet normal 1 0 0
    outer loop
      vertex 168 99.60000000149012 0
      vertex 168 91.60000000149012 3
      vertex 168 91.60000000149012 0
    endloop
  endfacet
  facet normal 1 0 0
    outer loop
      vertex 168 99.60000000149012 0
      vertex 168 99.60000000149012 3
      vertex 168 91.60000000149012 3
    endloop
  endfacet
  facet normal -0.2387881223175557 0.9710716928425295 0
    outer loop
      vertex 162 98.12459015846252 0
      vertex 168 99.60000000149012 3
      vertex 168 99.60000000149012 0
    endloop
  endfacet
  facet normal -0.2387881223175557 0.9710716928425295 0
    outer loop
      vertex 162 98.12459015846252 0
      vertex 162 98.12459015846252 3
      vertex 168 99.60000000149012 3
    endloop
  endfacet
  facet normal 1 0 0
    outer loop
      vertex 162 100.60000000149012 0
      vertex 162 98.12459015846252 3
      vertex 162 98.12459015846252 0
    endloop
  endfacet
  facet normal 1 0 0
    outer loop
      vertex 162 100.60000000149012 0
      vertex 162 100.60000000149012 3
      vertex 162 98.12459015846252 3
    endloop
  endfacet
  facet normal 0 1 0
    outer loop
      vertex 148.625 100.60000000149012 0
      vertex 162 100.60000000149012 3
      vertex 162 100.60000000149012 0
    endloop
  endfacet
  facet normal 0 1 0
    outer loop
      vertex 148.625 100.60000000149012 0
      vertex 148.625 100.60000000149012 3
      vertex 162 100.60000000149012 3
    endloop
  endfacet
  facet normal -1 0 0
    outer loop
      vertex 148.625 95.60000000149012 0
      vertex 148.625 100.60000000149012 3
      vertex 148.625 100.60000000149012 0
    endloop
  endfacet
  facet normal -1 0 0
    outer loop
      vertex 148.625 95.60000000149012 0
      vertex 148.625 95.60000000149012 3
      vertex 148.625 100.60000000149012 3
    endloop
  endfacet
  facet normal 0 1 0
    outer loop
      vertex 145.375 95.60000000149012 0
      vertex 148.625 95.60000000149012 3
      vertex 148.625 95.60000000149012 0
    endloop
  endfacet
  facet normal 0 1 0
    outer loop
      vertex 145.375 95.60000000149012 0
      vertex 145.375 95.60000000149012 3
      vertex 148.625 95.60000000149012 3
    endloop
  endfacet
  facet normal 1 0 0
    outer loop
      vertex 145.375 100.60000000149012 0
      vertex 145.375 95.60000000149012 3
      vertex 145.375 95.60000000149012 0
    endloop
  endfacet
  facet normal 1 0 0
    outer loop
      vertex 145.375 100.60000000149012 0
      vertex 145.375 100.60000000149012 3
      vertex 145.375 95.60000000149012 3
    endloop
  endfacet
  facet normal 0 1 0
    outer loop
      vertex 103.625 100.60000000149012 0
      vertex 145.375 100.60000000149012 3
      vertex 145.375 100.60000000149012 0
    endloop
  endfacet
  facet normal 0 1 0
    outer loop
      vertex 103.625 100.60000000149012 0
      vertex 103.625 100.60000000149012 3
      vertex 145.375 100.60000000149012 3
    endloop
  endfacet
  facet normal -1 0 0
    outer loop
      vertex 103.625 95.60000000149012 0
      vertex 103.625 100.60000000149012 3
      vertex 103.625 100.60000000149012 0
    endloop
  endfacet
  facet normal -1 0 0
    outer loop
      vertex 103.625 95.60000000149012 0
      vertex 103.625 95.60000000149012 3
      vertex 103.625 100.60000000149012 3
    endloop
  endfacet
  facet normal 0 1 0
    outer loop
      vertex 100.375 95.60000000149012 0
      vertex 103.625 95.60000000149012 3
      vertex 103.625 95.60000000149012 0
    endloop
  endfacet
  facet normal 0 1 0
    outer loop
      vertex 100.375 95.60000000149012 0
      vertex 100.375 95.60000000149012 3
      vertex 103.625 95.60000000149012 3
    endloop
  endfacet
  facet normal 1 0 0
    outer loop
      vertex 100.375 100.60000000149012 0
      vertex 100.375 95.60000000149012 3
      vertex 100.375 95.60000000149012 0
    endloop
  endfacet
  facet normal 1 0 0
    outer loop
      vertex 100.375 100.60000000149012 0
      vertex 100.375 100.60000000149012 3
      vertex 100.375 95.60000000149012 3
    endloop
  endfacet
  facet normal 0 1 0
    outer loop
      vertex 66.20000000298023 100.60000000149012 0
      vertex 100.375 100.60000000149012 3
      vertex 100.375 100.60000000149012 0
    endloop
  endfacet
  facet normal 0 1 0
    outer loop
      vertex 66.20000000298023 100.60000000149012 0
      vertex 66.20000000298023 100.60000000149012 3
      vertex 100.375 100.60000000149012 3
    endloop
  endfacet
  facet normal 1 0 0
    outer loop
      vertex 66.20000000298023 102.5 0
      vertex 66.20000000298023 100.60000000149012 3
      vertex 66.20000000298023 100.60000000149012 0
    endloop
  endfacet
  facet normal 1 0 0
    outer loop
      vertex 66.20000000298023 102.5 0
      vertex 66.20000000298023 102.5 3
      vertex 66.20000000298023 100.60000000149012 3
    endloop
  endfacet
  facet normal 0 1 0
    outer loop
      vertex 65.52499999850988 102.5 0
      vertex 66.20000000298023 102.5 3
      vertex 66.20000000298023 102.5 0
    endloop
  endfacet
  facet normal 0 1 0
    outer loop
      vertex 65.52499999850988 102.5 0
      vertex 65.52499999850988 102.5 3
      vertex 66.20000000298023 102.5 3
    endloop
  endfacet
  facet normal -1 0 0
    outer loop
      vertex 65.52499999850988 95.60000000149012 0
      vertex 65.52499999850988 102.5 3
      vertex 65.52499999850988 102.5 0
    endloop
  endfacet
  facet normal -1 0 0
    outer loop
      vertex 65.52499999850988 95.60000000149012 0
      vertex 65.52499999850988 95.60000000149012 3
      vertex 65.52499999850988 102.5 3
    endloop
  endfacet
  facet normal 0 1 0
    outer loop
      vertex 62.274999998509884 95.60000000149012 0
      vertex 65.52499999850988 95.60000000149012 3
      vertex 65.52499999850988 95.60000000149012 0
    endloop
  endfacet
  facet normal 0 1 0
    outer loop
      vertex 62.274999998509884 95.60000000149012 0
      vertex 62.274999998509884 95.60000000149012 3
      vertex 65.52499999850988 95.60000000149012 3
    endloop
  endfacet
  facet normal 1 0 0
    outer loop
      vertex 62.274999998509884 102.5 0
      vertex 62.274999998509884 95.60000000149012 3
      vertex 62.274999998509884 95.60000000149012 0
    endloop
  endfacet
  facet normal 1 0 0
    outer loop
      vertex 62.274999998509884 102.5 0
      vertex 62.274999998509884 102.5 3
      vertex 62.274999998509884 95.60000000149012 3
    endloop
  endfacet
  facet normal 0 1 0
    outer loop
      vertex 6.875 102.5 0
      vertex 62.274999998509884 102.5 3
      vertex 62.274999998509884 102.5 0
    endloop
  endfacet
  facet normal 0 1 0
    outer loop
      vertex 6.875 102.5 0
      vertex 6.875 102.5 3
      vertex 62.274999998509884 102.5 3
    endloop
  endfacet
  facet normal -1 0 0
    outer loop
      vertex 6.875 95.60000000149012 0
      vertex 6.875 102.5 3
      vertex 6.875 102.5 0
    endloop
  endfacet
  facet normal -1 0 0
    outer loop
      vertex 6.875 95.60000000149012 0
      vertex 6.875 95.60000000149012 3
      vertex 6.875 102.5 3
    endloop
  endfacet
  facet normal 0 1 0
    outer loop
      vertex 3.625 95.60000000149012 0
      vertex 6.875 95.60000000149012 3
      vertex 6.875 95.60000000149012 0
    endloop
  endfacet
  facet normal 0 1 0
    outer loop
      vertex 3.625 95.60000000149012 0
      vertex 3.625 95.60000000149012 3
      vertex 6.875 95.60000000149012 3
    endloop
  endfacet
  facet normal 1 0 0
    outer loop
      vertex 3.625 102.5 0
      vertex 3.625 95.60000000149012 3
      vertex 3.625 95.60000000149012 0
    endloop
  endfacet
  facet normal 1 0 0
    outer loop
      vertex 3.625 102.5 0
      vertex 3.625 102.5 3
      vertex 3.625 95.60000000149012 3
    endloop
  endfacet
  facet normal 0 1 0
    outer loop
      vertex 1.5 102.5 0
      vertex 3.625 102.5 3
      vertex 3.625 102.5 0
    endloop
  endfacet
  facet normal 0 1 0
    outer loop
      vertex 1.5 102.5 0
      vertex 1.5 102.5 3
      vertex 3.625 102.5 3
    endloop
  endfacet
  facet normal -1 0 0
    outer loop
      vertex 1.5 91 0
      vertex 1.5 102.5 3
      vertex 1.5 102.5 0
    endloop
  endfacet
  facet normal -1 0 0
    outer loop
      vertex 1.5 91 0
      vertex 1.5 91 3
      vertex 1.5 102.5 3
    endloop
  endfacet
  facet normal 0 -1 0
    outer loop
      vertex 162 91 0
      vertex 1.5 91 3
      vertex 1.5 91 0
    endloop
  endfacet
  facet normal 0 -1 0
    outer loop
      vertex 162 91 0
      vertex 162 91 3
      vertex 1.5 91 3
    endloop
  endfacet
  facet normal 1 0 0
    outer loop
      vertex 162 93.07540983706713 0
      vertex 162 91 3
      vertex 162 91 0
    endloop
  endfacet
  facet normal 1 0 0
    outer loop
      vertex 162 93.07540983706713 0
      vertex 162 93.07540983706713 3
      vertex 162 91 3
    endloop
  endfacet
  facet normal 0 -1 0
    outer loop
      vertex 109.39999999850988 76.89999999850988 0
      vertex 38.399999998509884 76.89999999850988 3
      vertex 38.399999998509884 76.89999999850988 0
    endloop
  endfacet
  facet normal 0 -1 0
    outer loop
      vertex 109.39999999850988 76.89999999850988 0
      vertex 109.39999999850988 76.89999999850988 3
      vertex 38.399999998509884 76.89999999850988 3
    endloop
  endfacet
  facet normal -1 0 0
    outer loop
      vertex 109.39999999850988 76.5 0
      vertex 109.39999999850988 76.89999999850988 3
      vertex 109.39999999850988 76.89999999850988 0
    endloop
  endfacet
  facet normal -1 0 0
    outer loop
      vertex 109.39999999850988 76.5 0
      vertex 109.39999999850988 76.5 3
      vertex 109.39999999850988 76.89999999850988 3
    endloop
  endfacet
  facet normal 0 -1 0
    outer loop
      vertex 123.39999999850988 76.5 0
      vertex 109.39999999850988 76.5 3
      vertex 109.39999999850988 76.5 0
    endloop
  endfacet
  facet normal 0 -1 0
    outer loop
      vertex 123.39999999850988 76.5 0
      vertex 123.39999999850988 76.5 3
      vertex 109.39999999850988 76.5 3
    endloop
  endfacet
  facet normal 1 0 0
    outer loop
      vertex 123.39999999850988 76.89999999850988 0
      vertex 123.39999999850988 76.5 3
      vertex 123.39999999850988 76.5 0
    endloop
  endfacet
  facet normal 1 0 0
    outer loop
      vertex 123.39999999850988 76.89999999850988 0
      vertex 123.39999999850988 76.89999999850988 3
      vertex 123.39999999850988 76.5 3
    endloop
  endfacet
  facet normal 0 -1 0
    outer loop
      vertex 131.89999999850988 76.89999999850988 0
      vertex 123.39999999850988 76.89999999850988 3
      vertex 123.39999999850988 76.89999999850988 0
    endloop
  endfacet
  facet normal 0 -1 0
    outer loop
      vertex 131.89999999850988 76.89999999850988 0
      vertex 131.89999999850988 76.89999999850988 3
      vertex 123.39999999850988 76.89999999850988 3
    endloop
  endfacet
  facet normal 1 0 0
    outer loop
      vertex 131.89999999850988 88.39999999850988 0
      vertex 131.89999999850988 76.89999999850988 3
      vertex 131.89999999850988 76.89999999850988 0
    endloop
  endfacet
  facet normal 1 0 0
    outer loop
      vertex 131.89999999850988 88.39999999850988 0
      vertex 131.89999999850988 88.39999999850988 3
      vertex 131.89999999850988 76.89999999850988 3
    endloop
  endfacet
  facet normal 0 1 0
    outer loop
      vertex 129.77499999850988 88.39999999850988 0
      vertex 131.89999999850988 88.39999999850988 3
      vertex 131.89999999850988 88.39999999850988 0
    endloop
  endfacet
  facet normal 0 1 0
    outer loop
      vertex 129.77499999850988 88.39999999850988 0
      vertex 129.77499999850988 88.39999999850988 3
      vertex 131.89999999850988 88.39999999850988 3
    endloop
  endfacet
  facet normal -1 0 0
    outer loop
      vertex 129.77499999850988 81.5 0
      vertex 129.77499999850988 88.39999999850988 3
      vertex 129.77499999850988 88.39999999850988 0
    endloop
  endfacet
  facet normal -1 0 0
    outer loop
      vertex 129.77499999850988 81.5 0
      vertex 129.77499999850988 81.5 3
      vertex 129.77499999850988 88.39999999850988 3
    endloop
  endfacet
  facet normal 0 1 0
    outer loop
      vertex 126.52499999850988 81.5 0
      vertex 129.77499999850988 81.5 3
      vertex 129.77499999850988 81.5 0
    endloop
  endfacet
  facet normal 0 1 0
    outer loop
      vertex 126.52499999850988 81.5 0
      vertex 126.52499999850988 81.5 3
      vertex 129.77499999850988 81.5 3
    endloop
  endfacet
  facet normal 1 0 0
    outer loop
      vertex 126.52499999850988 88.39999999850988 0
      vertex 126.52499999850988 81.5 3
      vertex 126.52499999850988 81.5 0
    endloop
  endfacet
  facet normal 1 0 0
    outer loop
      vertex 126.52499999850988 88.39999999850988 0
      vertex 126.52499999850988 88.39999999850988 3
      vertex 126.52499999850988 81.5 3
    endloop
  endfacet
  facet normal 0 1 0
    outer loop
      vertex 71.125 88.39999999850988 0
      vertex 126.52499999850988 88.39999999850988 3
      vertex 126.52499999850988 88.39999999850988 0
    endloop
  endfacet
  facet normal 0 1 0
    outer loop
      vertex 71.125 88.39999999850988 0
      vertex 71.125 88.39999999850988 3
      vertex 126.52499999850988 88.39999999850988 3
    endloop
  endfacet
  facet normal -1 0 0
    outer loop
      vertex 71.125 81.5 0
      vertex 71.125 88.39999999850988 3
      vertex 71.125 88.39999999850988 0
    endloop
  endfacet
  facet normal -1 0 0
    outer loop
      vertex 71.125 81.5 0
      vertex 71.125 81.5 3
      vertex 71.125 88.39999999850988 3
    endloop
  endfacet
  facet normal 0 1 0
    outer loop
      vertex 67.875 81.5 0
      vertex 71.125 81.5 3
      vertex 71.125 81.5 0
    endloop
  endfacet
  facet normal 0 1 0
    outer loop
      vertex 67.875 81.5 0
      vertex 67.875 81.5 3
      vertex 71.125 81.5 3
    endloop
  endfacet
  facet normal 1 0 0
    outer loop
      vertex 67.875 88.39999999850988 0
      vertex 67.875 81.5 3
      vertex 67.875 81.5 0
    endloop
  endfacet
  facet normal 1 0 0
    outer loop
      vertex 67.875 88.39999999850988 0
      vertex 67.875 88.39999999850988 3
      vertex 67.875 81.5 3
    endloop
  endfacet
  facet normal 0 1 0
    outer loop
      vertex 67.19999999552965 88.39999999850988 0
      vertex 67.875 88.39999999850988 3
      vertex 67.875 88.39999999850988 0
    endloop
  endfacet
  facet normal 0 1 0
    outer loop
      vertex 67.19999999552965 88.39999999850988 0
      vertex 67.19999999552965 88.39999999850988 3
      vertex 67.875 88.39999999850988 3
    endloop
  endfacet
  facet normal 1 0 0
    outer loop
      vertex 67.19999999552965 89.5 0
      vertex 67.19999999552965 88.39999999850988 3
      vertex 67.19999999552965 88.39999999850988 0
    endloop
  endfacet
  facet normal 1 0 0
    outer loop
      vertex 67.19999999552965 89.5 0
      vertex 67.19999999552965 89.5 3
      vertex 67.19999999552965 88.39999999850988 3
    endloop
  endfacet
  facet normal 0 1 0
    outer loop
      vertex 33.024999998509884 89.5 0
      vertex 67.19999999552965 89.5 3
      vertex 67.19999999552965 89.5 0
    endloop
  endfacet
  facet normal 0 1 0
    outer loop
      vertex 33.024999998509884 89.5 0
      vertex 33.024999998509884 89.5 3
      vertex 67.19999999552965 89.5 3
    endloop
  endfacet
  facet normal -1 0 0
    outer loop
      vertex 33.024999998509884 81.5 0
      vertex 33.024999998509884 89.5 3
      vertex 33.024999998509884 89.5 0
    endloop
  endfacet
  facet normal -1 0 0
    outer loop
      vertex 33.024999998509884 81.5 0
      vertex 33.024999998509884 81.5 3
      vertex 33.024999998509884 89.5 3
    endloop
  endfacet
  facet normal 0 1 0
    outer loop
      vertex 29.774999998509884 81.5 0
      vertex 33.024999998509884 81.5 3
      vertex 33.024999998509884 81.5 0
    endloop
  endfacet
  facet normal 0 1 0
    outer loop
      vertex 29.774999998509884 81.5 0
      vertex 29.774999998509884 81.5 3
      vertex 33.024999998509884 81.5 3
    endloop
  endfacet
  facet normal 1 0 0
    outer loop
      vertex 29.774999998509884 89.5 0
      vertex 29.774999998509884 81.5 3
      vertex 29.774999998509884 81.5 0
    endloop
  endfacet
  facet normal 1 0 0
    outer loop
      vertex 29.774999998509884 89.5 0
      vertex 29.774999998509884 89.5 3
      vertex 29.774999998509884 81.5 3
    endloop
  endfacet
  facet normal 0 1 0
    outer loop
      vertex 1.5 89.5 0
      vertex 29.774999998509884 89.5 3
      vertex 29.774999998509884 89.5 0
    endloop
  endfacet
  facet normal 0 1 0
    outer loop
      vertex 1.5 89.5 0
      vertex 1.5 89.5 3
      vertex 29.774999998509884 89.5 3
    endloop
  endfacet
  facet normal -1 0 0
    outer loop
      vertex 1.5 84.20364883542061 0
      vertex 1.5 89.5 3
      vertex 1.5 89.5 0
    endloop
  endfacet
  facet normal -1 0 0
    outer loop
      vertex 1.5 84.20364883542061 0
      vertex 1.5 84.20364883542061 3
      vertex 1.5 89.5 3
    endloop
  endfacet
  facet normal 0.23878812245666795 -0.9710716928083216 2.969989400684852e-17
    outer loop
      vertex 7.549999997019768 85.6913537606597 0
      vertex 1.5 84.20364883542061 3
      vertex 1.5 84.20364883542061 0
    endloop
  endfacet
  facet normal 0.23878812245666795 -0.9710716928083216 0
    outer loop
      vertex 7.549999997019768 85.6913537606597 0
      vertex 7.549999997019768 85.6913537606597 3
      vertex 1.5 84.20364883542061 3
    endloop
  endfacet
  facet normal -1 0 0
    outer loop
      vertex 7.549999997019768 77.3086462393403 0
      vertex 7.549999997019768 85.6913537606597 3
      vertex 7.549999997019768 85.6913537606597 0
    endloop
  endfacet
  facet normal -1 0 0
    outer loop
      vertex 7.549999997019768 77.3086462393403 0
      vertex 7.549999997019768 77.3086462393403 3
      vertex 7.549999997019768 85.6913537606597 3
    endloop
  endfacet
  facet normal 0.2387881213289808 0.9710716930856218 -1.187995760613186e-17
    outer loop
      vertex 1.5 78.79635115712881 0
      vertex 7.549999997019768 77.3086462393403 3
      vertex 7.549999997019768 77.3086462393403 0
    endloop
  endfacet
  facet normal 0.2387881213289808 0.9710716930856218 0
    outer loop
      vertex 1.5 78.79635115712881 0
      vertex 1.5 78.79635115712881 3
      vertex 7.549999997019768 77.3086462393403 3
    endloop
  endfacet
  facet normal -1 0 0
    outer loop
      vertex 1.5 76.89999999850988 0
      vertex 1.5 78.79635115712881 3
      vertex 1.5 78.79635115712881 0
    endloop
  endfacet
  facet normal -1 0 0
    outer loop
      vertex 1.5 76.89999999850988 0
      vertex 1.5 76.89999999850988 3
      vertex 1.5 78.79635115712881 3
    endloop
  endfacet
  facet normal 0 -1 0
    outer loop
      vertex 24.399999998509884 76.89999999850988 0
      vertex 1.5 76.89999999850988 3
      vertex 1.5 76.89999999850988 0
    endloop
  endfacet
  facet normal 0 -1 0
    outer loop
      vertex 24.399999998509884 76.89999999850988 0
      vertex 24.399999998509884 76.89999999850988 3
      vertex 1.5 76.89999999850988 3
    endloop
  endfacet
  facet normal -1 0 0
    outer loop
      vertex 24.399999998509884 76.5 0
      vertex 24.399999998509884 76.89999999850988 3
      vertex 24.399999998509884 76.89999999850988 0
    endloop
  endfacet
  facet normal -1 0 0
    outer loop
      vertex 24.399999998509884 76.5 0
      vertex 24.399999998509884 76.5 3
      vertex 24.399999998509884 76.89999999850988 3
    endloop
  endfacet
  facet normal 0 -1 0
    outer loop
      vertex 38.399999998509884 76.5 0
      vertex 24.399999998509884 76.5 3
      vertex 24.399999998509884 76.5 0
    endloop
  endfacet
  facet normal 0 -1 0
    outer loop
      vertex 38.399999998509884 76.5 0
      vertex 38.399999998509884 76.5 3
      vertex 24.399999998509884 76.5 3
    endloop
  endfacet
  facet normal 1 0 0
    outer loop
      vertex 38.399999998509884 76.89999999850988 0
      vertex 38.399999998509884 76.5 3
      vertex 38.399999998509884 76.5 0
    endloop
  endfacet
  facet normal 1 0 0
    outer loop
      vertex 38.399999998509884 76.89999999850988 0
      vertex 38.399999998509884 76.89999999850988 3
      vertex 38.399999998509884 76.5 3
    endloop
  endfacet
  facet normal 0 -1 0
    outer loop
      vertex 95 62.399999998509884 0
      vertex 24 62.399999998509884 3
      vertex 24 62.399999998509884 0
    endloop
  endfacet
  facet normal 0 -1 0
    outer loop
      vertex 95 62.399999998509884 0
      vertex 95 62.399999998509884 3
      vertex 24 62.399999998509884 3
    endloop
  endfacet
  facet normal -1 0 0
    outer loop
      vertex 95 62 0
      vertex 95 62.399999998509884 3
      vertex 95 62.399999998509884 0
    endloop
  endfacet
  facet normal -1 0 0
    outer loop
      vertex 95 62 0
      vertex 95 62 3
      vertex 95 62.399999998509884 3
    endloop
  endfacet
  facet normal 0 -1 0
    outer loop
      vertex 109 62 0
      vertex 95 62 3
      vertex 95 62 0
    endloop
  endfacet
  facet normal 0 -1 0
    outer loop
      vertex 109 62 0
      vertex 109 62 3
      vertex 95 62 3
    endloop
  endfacet
  facet normal 1 0 0
    outer loop
      vertex 109 62.399999998509884 0
      vertex 109 62 3
      vertex 109 62 0
    endloop
  endfacet
  facet normal 1 0 0
    outer loop
      vertex 109 62.399999998509884 0
      vertex 109 62.399999998509884 3
      vertex 109 62 3
    endloop
  endfacet
  facet normal 0 -1 0
    outer loop
      vertex 162 62.399999998509884 0
      vertex 109 62.399999998509884 3
      vertex 109 62.399999998509884 0
    endloop
  endfacet
  facet normal 0 -1 0
    outer loop
      vertex 162 62.399999998509884 0
      vertex 162 62.399999998509884 3
      vertex 109 62.399999998509884 3
    endloop
  endfacet
  facet normal 1 0 0
    outer loop
      vertex 162 64.47540983557701 0
      vertex 162 62.399999998509884 3
      vertex 162 62.399999998509884 0
    endloop
  endfacet
  facet normal 1 0 0
    outer loop
      vertex 162 64.47540983557701 0
      vertex 162 64.47540983557701 3
      vertex 162 62.399999998509884 3
    endloop
  endfacet
  facet normal -0.23878812118047119 -0.9710716931221405 0
    outer loop
      vertex 168 63 0
      vertex 162 64.47540983557701 3
      vertex 162 64.47540983557701 0
    endloop
  endfacet
  facet normal -0.23878812118047119 -0.9710716931221405 0
    outer loop
      vertex 168 63 0
      vertex 168 63 3
      vertex 162 64.47540983557701 3
    endloop
  endfacet
  facet normal 1 0 0
    outer loop
      vertex 168 71 0
      vertex 168 63 3
      vertex 168 63 0
    endloop
  endfacet
  facet normal 1 0 0
    outer loop
      vertex 168 71 0
      vertex 168 71 3
      vertex 168 63 3
    endloop
  endfacet
  facet normal -0.2387881223175557 0.9710716928425295 0
    outer loop
      vertex 162 69.52459015697241 0
      vertex 168 71 3
      vertex 168 71 0
    endloop
  endfacet
  facet normal -0.2387881223175557 0.9710716928425295 0
    outer loop
      vertex 162 69.52459015697241 0
      vertex 162 69.52459015697241 3
      vertex 168 71 3
    endloop
  endfacet
  facet normal 1 0 0
    outer loop
      vertex 162 75 0
      vertex 162 69.52459015697241 3
      vertex 162 69.52459015697241 0
    endloop
  endfacet
  facet normal 1 0 0
    outer loop
      vertex 162 75 0
      vertex 162 75 3
      vertex 162 69.52459015697241 3
    endloop
  endfacet
  facet normal 0 1 0
    outer loop
      vertex 148.625 75 0
      vertex 162 75 3
      vertex 162 75 0
    endloop
  endfacet
  facet normal 0 1 0
    outer loop
      vertex 148.625 75 0
      vertex 148.625 75 3
      vertex 162 75 3
    endloop
  endfacet
  facet normal -1 0 0
    outer loop
      vertex 148.625 67 0
      vertex 148.625 75 3
      vertex 148.625 75 0
    endloop
  endfacet
  facet normal -1 0 0
    outer loop
      vertex 148.625 67 0
      vertex 148.625 67 3
      vertex 148.625 75 3
    endloop
  endfacet
  facet normal 0 1 0
    outer loop
      vertex 145.375 67 0
      vertex 148.625 67 3
      vertex 148.625 67 0
    endloop
  endfacet
  facet normal 0 1 0
    outer loop
      vertex 145.375 67 0
      vertex 145.375 67 3
      vertex 148.625 67 3
    endloop
  endfacet
  facet normal 1 0 0
    outer loop
      vertex 145.375 75 0
      vertex 145.375 67 3
      vertex 145.375 67 0
    endloop
  endfacet
  facet normal 1 0 0
    outer loop
      vertex 145.375 75 0
      vertex 145.375 75 3
      vertex 145.375 67 3
    endloop
  endfacet
  facet normal 0 1 0
    outer loop
      vertex 103.625 75 0
      vertex 145.375 75 3
      vertex 145.375 75 0
    endloop
  endfacet
  facet normal 0 1 0
    outer loop
      vertex 103.625 75 0
      vertex 103.625 75 3
      vertex 145.375 75 3
    endloop
  endfacet
  facet normal -1 0 0
    outer loop
      vertex 103.625 67 0
      vertex 103.625 75 3
      vertex 103.625 75 0
    endloop
  endfacet
  facet normal -1 0 0
    outer loop
      vertex 103.625 67 0
      vertex 103.625 67 3
      vertex 103.625 75 3
    endloop
  endfacet
  facet normal 0 1 0
    outer loop
      vertex 100.375 67 0
      vertex 103.625 67 3
      vertex 103.625 67 0
    endloop
  endfacet
  facet normal 0 1 0
    outer loop
      vertex 100.375 67 0
      vertex 100.375 67 3
      vertex 103.625 67 3
    endloop
  endfacet
  facet normal 1 0 0
    outer loop
      vertex 100.375 75 0
      vertex 100.375 67 3
      vertex 100.375 67 0
    endloop
  endfacet
  facet normal 1 0 0
    outer loop
      vertex 100.375 75 0
      vertex 100.375 75 3
      vertex 100.375 67 3
    endloop
  endfacet
  facet normal 0 1 0
    outer loop
      vertex 66.20000000298023 75 0
      vertex 100.375 75 3
      vertex 100.375 75 0
    endloop
  endfacet
  facet normal 0 1 0
    outer loop
      vertex 66.20000000298023 75 0
      vertex 66.20000000298023 75 3
      vertex 100.375 75 3
    endloop
  endfacet
  facet normal -1 0 0
    outer loop
      vertex 66.20000000298023 73.89999999850988 0
      vertex 66.20000000298023 75 3
      vertex 66.20000000298023 75 0
    endloop
  endfacet
  facet normal -1 0 0
    outer loop
      vertex 66.20000000298023 73.89999999850988 0
      vertex 66.20000000298023 73.89999999850988 3
      vertex 66.20000000298023 75 3
    endloop
  endfacet
  facet normal 0 1 0
    outer loop
      vertex 65.52499999850988 73.89999999850988 0
      vertex 66.20000000298023 73.89999999850988 3
      vertex 66.20000000298023 73.89999999850988 0
    endloop
  endfacet
  facet normal 0 1 0
    outer loop
      vertex 65.52499999850988 73.89999999850988 0
      vertex 65.52499999850988 73.89999999850988 3
      vertex 66.20000000298023 73.89999999850988 3
    endloop
  endfacet
  facet normal -1 0 0
    outer loop
      vertex 65.52499999850988 67 0
      vertex 65.52499999850988 73.89999999850988 3
      vertex 65.52499999850988 73.89999999850988 0
    endloop
  endfacet
  facet normal -1 0 0
    outer loop
      vertex 65.52499999850988 67 0
      vertex 65.52499999850988 67 3
      vertex 65.52499999850988 73.89999999850988 3
    endloop
  endfacet
  facet normal 0 1 0
    outer loop
      vertex 62.274999998509884 67 0
      vertex 65.52499999850988 67 3
      vertex 65.52499999850988 67 0
    endloop
  endfacet
  facet normal 0 1 0
    outer loop
      vertex 62.274999998509884 67 0
      vertex 62.274999998509884 67 3
      vertex 65.52499999850988 67 3
    endloop
  endfacet
  facet normal 1 0 0
    outer loop
      vertex 62.274999998509884 73.89999999850988 0
      vertex 62.274999998509884 67 3
      vertex 62.274999998509884 67 0
    endloop
  endfacet
  facet normal 1 0 0
    outer loop
      vertex 62.274999998509884 73.89999999850988 0
      vertex 62.274999998509884 73.89999999850988 3
      vertex 62.274999998509884 67 3
    endloop
  endfacet
  facet normal 0 1 0
    outer loop
      vertex 6.875 73.89999999850988 0
      vertex 62.274999998509884 73.89999999850988 3
      vertex 62.274999998509884 73.89999999850988 0
    endloop
  endfacet
  facet normal 0 1 0
    outer loop
      vertex 6.875 73.89999999850988 0
      vertex 6.875 73.89999999850988 3
      vertex 62.274999998509884 73.89999999850988 3
    endloop
  endfacet
  facet normal -1 0 0
    outer loop
      vertex 6.875 67 0
      vertex 6.875 73.89999999850988 3
      vertex 6.875 73.89999999850988 0
    endloop
  endfacet
  facet normal -1 0 0
    outer loop
      vertex 6.875 67 0
      vertex 6.875 67 3
      vertex 6.875 73.89999999850988 3
    endloop
  endfacet
  facet normal 0 1 0
    outer loop
      vertex 3.625 67 0
      vertex 6.875 67 3
      vertex 6.875 67 0
    endloop
  endfacet
  facet normal 0 1 0
    outer loop
      vertex 3.625 67 0
      vertex 3.625 67 3
      vertex 6.875 67 3
    endloop
  endfacet
  facet normal 1 0 0
    outer loop
      vertex 3.625 73.89999999850988 0
      vertex 3.625 67 3
      vertex 3.625 67 0
    endloop
  endfacet
  facet normal 1 0 0
    outer loop
      vertex 3.625 73.89999999850988 0
      vertex 3.625 73.89999999850988 3
      vertex 3.625 67 3
    endloop
  endfacet
  facet normal 0 1 0
    outer loop
      vertex 1.5 73.89999999850988 0
      vertex 3.625 73.89999999850988 3
      vertex 3.625 73.89999999850988 0
    endloop
  endfacet
  facet normal 0 1 0
    outer loop
      vertex 1.5 73.89999999850988 0
      vertex 1.5 73.89999999850988 3
      vertex 3.625 73.89999999850988 3
    endloop
  endfacet
  facet normal -1 0 0
    outer loop
      vertex 1.5 62.399999998509884 0
      vertex 1.5 73.89999999850988 3
      vertex 1.5 73.89999999850988 0
    endloop
  endfacet
  facet normal -1 0 0
    outer loop
      vertex 1.5 62.399999998509884 0
      vertex 1.5 62.399999998509884 3
      vertex 1.5 73.89999999850988 3
    endloop
  endfacet
  facet normal 0 -1 0
    outer loop
      vertex 10 62.399999998509884 0
      vertex 1.5 62.399999998509884 3
      vertex 1.5 62.399999998509884 0
    endloop
  endfacet
  facet normal 0 -1 0
    outer loop
      vertex 10 62.399999998509884 0
      vertex 10 62.399999998509884 3
      vertex 1.5 62.399999998509884 3
    endloop
  endfacet
  facet normal -1 0 0
    outer loop
      vertex 10 62 0
      vertex 10 62.399999998509884 3
      vertex 10 62.399999998509884 0
    endloop
  endfacet
  facet normal -1 0 0
    outer loop
      vertex 10 62 0
      vertex 10 62 3
      vertex 10 62.399999998509884 3
    endloop
  endfacet
  facet normal 0 -1 0
    outer loop
      vertex 24 62 0
      vertex 10 62 3
      vertex 10 62 0
    endloop
  endfacet
  facet normal 0 -1 0
    outer loop
      vertex 24 62 0
      vertex 24 62 3
      vertex 10 62 3
    endloop
  endfacet
  facet normal 1 0 0
    outer loop
      vertex 24 62.399999998509884 0
      vertex 24 62 3
      vertex 24 62 0
    endloop
  endfacet
  facet normal 1 0 0
    outer loop
      vertex 24 62.399999998509884 0
      vertex 24 62.399999998509884 3
      vertex 24 62 3
    endloop
  endfacet
  facet normal 0.19509032585814412 -0.9807852796390061 0
    outer loop
      vertex 79.77645713835955 1.6022225245833397 0
      vertex 79.39157857745886 1.5256654173135757 3
      vertex 79.39157857745886 1.5256654173135757 0
    endloop
  endfacet
  facet normal 0.19509032585814412 -0.9807852796390061 0
    outer loop
      vertex 79.77645713835955 1.6022225245833397 0
      vertex 79.77645713835955 1.6022225245833397 3
      vertex 79.39157857745886 1.5256654173135757 3
    endloop
  endfacet
  facet normal 0.3214394637077385 -0.9469301300366789 0
    outer loop
      vertex 80.14805030077696 1.7283614054322243 0
      vertex 79.77645713835955 1.6022225245833397 3
      vertex 79.77645713835955 1.6022225245833397 0
    endloop
  endfacet
  facet normal 0.3214394637077385 -0.9469301300366789 0
    outer loop
      vertex 80.14805030077696 1.7283614054322243 0
      vertex 80.14805030077696 1.7283614054322243 3
      vertex 79.77645713835955 1.6022225245833397 3
    endloop
  endfacet
  facet normal 0.4422886918115197 -0.8968727407473451 0
    outer loop
      vertex 80.5 1.9019237905740738 0
      vertex 80.14805030077696 1.7283614054322243 3
      vertex 80.14805030077696 1.7283614054322243 0
    endloop
  endfacet
  facet normal 0.4422886918115197 -0.8968727407473451 0
    outer loop
      vertex 80.5 1.9019237905740738 0
      vertex 80.5 1.9019237905740738 3
      vertex 80.14805030077696 1.7283614054322243 3
    endloop
  endfacet
  facet normal 0.5555702203832522 -0.8314696207458843 0
    outer loop
      vertex 80.82628428936005 2.119939975440502 0
      vertex 80.5 1.9019237905740738 3
      vertex 80.5 1.9019237905740738 0
    endloop
  endfacet
  facet normal 0.5555702203832522 -0.8314696207458843 0
    outer loop
      vertex 80.82628428936005 2.119939975440502 0
      vertex 80.82628428936005 2.119939975440502 3
      vertex 80.5 1.9019237905740738 3
    endloop
  endfacet
  facet normal 0.6593458207943228 -0.7518398024852507 0
    outer loop
      vertex 81.1213203445077 2.3786796554923058 0
      vertex 80.82628428936005 2.119939975440502 3
      vertex 80.82628428936005 2.119939975440502 0
    endloop
  endfacet
  facet normal 0.6593458207943228 -0.7518398024852507 0
    outer loop
      vertex 81.1213203445077 2.3786796554923058 0
      vertex 81.1213203445077 2.3786796554923058 3
      vertex 80.82628428936005 2.119939975440502 3
    endloop
  endfacet
  facet normal 0.7518398024852507 -0.6593458207943228 0
    outer loop
      vertex 81.3800600245595 2.6737157106399536 0
      vertex 81.1213203445077 2.3786796554923058 3
      vertex 81.1213203445077 2.3786796554923058 0
    endloop
  endfacet
  facet normal 0.7518398024852507 -0.6593458207943228 0
    outer loop
      vertex 81.3800600245595 2.6737157106399536 0
      vertex 81.3800600245595 2.6737157106399536 3
      vertex 81.1213203445077 2.3786796554923058 3
    endloop
  endfacet
  facet normal 0.8314696207458843 -0.5555702203832522 0
    outer loop
      vertex 81.59807620942593 3 0
      vertex 81.3800600245595 2.6737157106399536 3
      vertex 81.3800600245595 2.6737157106399536 0
    endloop
  endfacet
  facet normal 0.8314696207458843 -0.5555702203832522 0
    outer loop
      vertex 81.59807620942593 3 0
      vertex 81.59807620942593 3 3
      vertex 81.3800600245595 2.6737157106399536 3
    endloop
  endfacet
  facet normal 0.8968727407473451 -0.4422886918115197 0
    outer loop
      vertex 81.77163859456778 3.3519496992230415 0
      vertex 81.59807620942593 3 3
      vertex 81.59807620942593 3 0
    endloop
  endfacet
  facet normal 0.8968727407473451 -0.4422886918115197 0
    outer loop
      vertex 81.77163859456778 3.3519496992230415 0
      vertex 81.77163859456778 3.3519496992230415 3
      vertex 81.59807620942593 3 3
    endloop
  endfacet
  facet normal 0.9469301300366789 -0.3214394637077385 0
    outer loop
      vertex 81.89777747541666 3.7235428616404533 0
      vertex 81.77163859456778 3.3519496992230415 3
      vertex 81.77163859456778 3.3519496992230415 0
    endloop
  endfacet
  facet normal 0.9469301300366789 -0.3214394637077385 0
    outer loop
      vertex 81.89777747541666 3.7235428616404533 0
      vertex 81.89777747541666 3.7235428616404533 3
      vertex 81.77163859456778 3.3519496992230415 3
    endloop
  endfacet
  facet normal 0.9807852796390061 -0.19509032585814412 0
    outer loop
      vertex 81.97433458268642 4.1084214225411415 0
      vertex 81.89777747541666 3.7235428616404533 3
      vertex 81.89777747541666 3.7235428616404533 0
    endloop
  endfacet
  facet normal 0.9807852796390061 -0.19509032585814412 0
    outer loop
      vertex 81.97433458268642 4.1084214225411415 0
      vertex 81.97433458268642 4.1084214225411415 3
      vertex 81.89777747541666 3.7235428616404533 3
    endloop
  endfacet
  facet normal 0.9978589230086541 -0.06540313273849395 0
    outer loop
      vertex 82 4.5 0
      vertex 81.97433458268642 4.1084214225411415 3
      vertex 81.97433458268642 4.1084214225411415 0
    endloop
  endfacet
  facet normal 0.9978589230086541 -0.06540313273849395 0
    outer loop
      vertex 82 4.5 0
      vertex 82 4.5 3
      vertex 81.97433458268642 4.1084214225411415 3
    endloop
  endfacet
  facet normal 1 0 0
    outer loop
      vertex 82 57.5 0
      vertex 82 4.5 3
      vertex 82 4.5 0
    endloop
  endfacet
  facet normal 1 0 0
    outer loop
      vertex 82 57.5 0
      vertex 82 57.5 3
      vertex 82 4.5 3
    endloop
  endfacet
  facet normal 0.9978589230086541 0.06540313273849395 0
    outer loop
      vertex 81.97433458268642 57.89157857745886 0
      vertex 82 57.5 3
      vertex 82 57.5 0
    endloop
  endfacet
  facet normal 0.9978589230086541 0.06540313273849395 0
    outer loop
      vertex 81.97433458268642 57.89157857745886 0
      vertex 81.97433458268642 57.89157857745886 3
      vertex 82 57.5 3
    endloop
  endfacet
  facet normal 0.9807852796390061 0.19509032585814412 0
    outer loop
      vertex 81.89777747541666 58.27645713835955 0
      vertex 81.97433458268642 57.89157857745886 3
      vertex 81.97433458268642 57.89157857745886 0
    endloop
  endfacet
  facet normal 0.9807852796390061 0.19509032585814412 0
    outer loop
      vertex 81.89777747541666 58.27645713835955 0
      vertex 81.89777747541666 58.27645713835955 3
      vertex 81.97433458268642 57.89157857745886 3
    endloop
  endfacet
  facet normal 0.9469301300366789 0.3214394637077385 0
    outer loop
      vertex 81.77163859456778 58.64805030077696 0
      vertex 81.89777747541666 58.27645713835955 3
      vertex 81.89777747541666 58.27645713835955 0
    endloop
  endfacet
  facet normal 0.9469301300366789 0.3214394637077385 0
    outer loop
      vertex 81.77163859456778 58.64805030077696 0
      vertex 81.77163859456778 58.64805030077696 3
      vertex 81.89777747541666 58.27645713835955 3
    endloop
  endfacet
  facet normal 0.8968727407473451 0.4422886918115197 0
    outer loop
      vertex 81.59807620942593 59 0
      vertex 81.77163859456778 58.64805030077696 3
      vertex 81.77163859456778 58.64805030077696 0
    endloop
  endfacet
  facet normal 0.8968727407473451 0.4422886918115197 0
    outer loop
      vertex 81.59807620942593 59 0
      vertex 81.59807620942593 59 3
      vertex 81.77163859456778 58.64805030077696 3
    endloop
  endfacet
  facet normal 0.8314696207458843 0.5555702203832522 0
    outer loop
      vertex 81.3800600245595 59.326284289360046 0
      vertex 81.59807620942593 59 3
      vertex 81.59807620942593 59 0
    endloop
  endfacet
  facet normal 0.8314696207458843 0.5555702203832522 0
    outer loop
      vertex 81.3800600245595 59.326284289360046 0
      vertex 81.3800600245595 59.326284289360046 3
      vertex 81.59807620942593 59 3
    endloop
  endfacet
  facet normal 0.7518398024852507 0.6593458207943228 0
    outer loop
      vertex 81.1213203445077 59.621320344507694 0
      vertex 81.3800600245595 59.326284289360046 3
      vertex 81.3800600245595 59.326284289360046 0
    endloop
  endfacet
  facet normal 0.7518398024852507 0.6593458207943228 0
    outer loop
      vertex 81.1213203445077 59.621320344507694 0
      vertex 81.1213203445077 59.621320344507694 3
      vertex 81.3800600245595 59.326284289360046 3
    endloop
  endfacet
  facet normal 0.6593458207943228 0.7518398024852507 0
    outer loop
      vertex 80.82628428936005 59.8800600245595 0
      vertex 81.1213203445077 59.621320344507694 3
      vertex 81.1213203445077 59.621320344507694 0
    endloop
  endfacet
  facet normal 0.6593458207943228 0.7518398024852507 0
    outer loop
      vertex 80.82628428936005 59.8800600245595 0
      vertex 80.82628428936005 59.8800600245595 3
      vertex 81.1213203445077 59.621320344507694 3
    endloop
  endfacet
  facet normal 0.5555702203832522 0.8314696207458843 0
    outer loop
      vertex 80.5 60.098076209425926 0
      vertex 80.82628428936005 59.8800600245595 3
      vertex 80.82628428936005 59.8800600245595 0
    endloop
  endfacet
  facet normal 0.5555702203832522 0.8314696207458843 0
    outer loop
      vertex 80.5 60.098076209425926 0
      vertex 80.5 60.098076209425926 3
      vertex 80.82628428936005 59.8800600245595 3
    endloop
  endfacet
  facet normal 0.4422886918115197 0.8968727407473451 0
    outer loop
      vertex 80.14805030077696 60.271638594567776 0
      vertex 80.5 60.098076209425926 3
      vertex 80.5 60.098076209425926 0
    endloop
  endfacet
  facet normal 0.4422886918115197 0.8968727407473451 0
    outer loop
      vertex 80.14805030077696 60.271638594567776 0
      vertex 80.14805030077696 60.271638594567776 3
      vertex 80.5 60.098076209425926 3
    endloop
  endfacet
  facet normal 0.3214394637077385 0.9469301300366789 0
    outer loop
      vertex 79.77645713835955 60.39777747541666 0
      vertex 80.14805030077696 60.271638594567776 3
      vertex 80.14805030077696 60.271638594567776 0
    endloop
  endfacet
  facet normal 0.3214394637077385 0.9469301300366789 0
    outer loop
      vertex 79.77645713835955 60.39777747541666 0
      vertex 79.77645713835955 60.39777747541666 3
      vertex 80.14805030077696 60.271638594567776 3
    endloop
  endfacet
  facet normal 0.19509032585814412 0.9807852796390061 0
    outer loop
      vertex 79.39157857745886 60.474334582686424 0
      vertex 79.77645713835955 60.39777747541666 3
      vertex 79.77645713835955 60.39777747541666 0
    endloop
  endfacet
  facet normal 0.19509032585814412 0.9807852796390061 0
    outer loop
      vertex 79.39157857745886 60.474334582686424 0
      vertex 79.39157857745886 60.474334582686424 3
      vertex 79.77645713835955 60.39777747541666 3
    endloop
  endfacet
  facet normal 0.06540313273849395 0.9978589230086541 0
    outer loop
      vertex 79 60.5 0
      vertex 79.39157857745886 60.474334582686424 3
      vertex 79.39157857745886 60.474334582686424 0
    endloop
  endfacet
  facet normal 0.06540313273849395 0.9978589230086541 0
    outer loop
      vertex 79 60.5 0
      vertex 79 60.5 3
      vertex 79.39157857745886 60.474334582686424 3
    endloop
  endfacet
  facet normal 0 1 0
    outer loop
      vertex 4.5 60.5 0
      vertex 79 60.5 3
      vertex 79 60.5 0
    endloop
  endfacet
  facet normal 0 1 0
    outer loop
      vertex 4.5 60.5 0
      vertex 4.5 60.5 3
      vertex 79 60.5 3
    endloop
  endfacet
  facet normal -0.06540313273849395 0.9978589230086541 0
    outer loop
      vertex 4.1084214225411415 60.474334582686424 0
      vertex 4.5 60.5 3
      vertex 4.5 60.5 0
    endloop
  endfacet
  facet normal -0.06540313273849395 0.9978589230086541 0
    outer loop
      vertex 4.1084214225411415 60.474334582686424 0
      vertex 4.1084214225411415 60.474334582686424 3
      vertex 4.5 60.5 3
    endloop
  endfacet
  facet normal -0.19509032585814412 0.9807852796390061 0
    outer loop
      vertex 3.7235428616404533 60.39777747541666 0
      vertex 4.1084214225411415 60.474334582686424 3
      vertex 4.1084214225411415 60.474334582686424 0
    endloop
  endfacet
  facet normal -0.19509032585814412 0.9807852796390061 0
    outer loop
      vertex 3.7235428616404533 60.39777747541666 0
      vertex 3.7235428616404533 60.39777747541666 3
      vertex 4.1084214225411415 60.474334582686424 3
    endloop
  endfacet
  facet normal -0.3214394637077385 0.9469301300366789 0
    outer loop
      vertex 3.3519496992230415 60.271638594567776 0
      vertex 3.7235428616404533 60.39777747541666 3
      vertex 3.7235428616404533 60.39777747541666 0
    endloop
  endfacet
  facet normal -0.3214394637077385 0.9469301300366789 0
    outer loop
      vertex 3.3519496992230415 60.271638594567776 0
      vertex 3.3519496992230415 60.271638594567776 3
      vertex 3.7235428616404533 60.39777747541666 3
    endloop
  endfacet
  facet normal -0.4422886918115197 0.8968727407473451 0
    outer loop
      vertex 3 60.098076209425926 0
      vertex 3.3519496992230415 60.271638594567776 3
      vertex 3.3519496992230415 60.271638594567776 0
    endloop
  endfacet
  facet normal -0.4422886918115197 0.8968727407473451 0
    outer loop
      vertex 3 60.098076209425926 0
      vertex 3 60.098076209425926 3
      vertex 3.3519496992230415 60.271638594567776 3
    endloop
  endfacet
  facet normal -0.5555702203832522 0.8314696207458843 0
    outer loop
      vertex 2.6737157106399536 59.8800600245595 0
      vertex 3 60.098076209425926 3
      vertex 3 60.098076209425926 0
    endloop
  endfacet
  facet normal -0.5555702203832522 0.8314696207458843 0
    outer loop
      vertex 2.6737157106399536 59.8800600245595 0
      vertex 2.6737157106399536 59.8800600245595 3
      vertex 3 60.098076209425926 3
    endloop
  endfacet
  facet normal -0.6593458207943228 0.7518398024852507 0
    outer loop
      vertex 2.3786796554923058 59.621320344507694 0
      vertex 2.6737157106399536 59.8800600245595 3
      vertex 2.6737157106399536 59.8800600245595 0
    endloop
  endfacet
  facet normal -0.6593458207943228 0.7518398024852507 0
    outer loop
      vertex 2.3786796554923058 59.621320344507694 0
      vertex 2.3786796554923058 59.621320344507694 3
      vertex 2.6737157106399536 59.8800600245595 3
    endloop
  endfacet
  facet normal -0.7518398024852507 0.6593458207943228 0
    outer loop
      vertex 2.119939975440502 59.326284289360046 0
      vertex 2.3786796554923058 59.621320344507694 3
      vertex 2.3786796554923058 59.621320344507694 0
    endloop
  endfacet
  facet normal -0.7518398024852507 0.6593458207943228 0
    outer loop
      vertex 2.119939975440502 59.326284289360046 0
      vertex 2.119939975440502 59.326284289360046 3
      vertex 2.3786796554923058 59.621320344507694 3
    endloop
  endfacet
  facet normal -0.8314696207458843 0.5555702203832522 0
    outer loop
      vertex 1.9019237905740738 59 0
      vertex 2.119939975440502 59.326284289360046 3
      vertex 2.119939975440502 59.326284289360046 0
    endloop
  endfacet
  facet normal -0.8314696207458843 0.5555702203832522 0
    outer loop
      vertex 1.9019237905740738 59 0
      vertex 1.9019237905740738 59 3
      vertex 2.119939975440502 59.326284289360046 3
    endloop
  endfacet
  facet normal -0.8968727407473451 0.4422886918115197 0
    outer loop
      vertex 1.7283614054322243 58.64805030077696 0
      vertex 1.9019237905740738 59 3
      vertex 1.9019237905740738 59 0
    endloop
  endfacet
  facet normal -0.8968727407473451 0.4422886918115197 0
    outer loop
      vertex 1.7283614054322243 58.64805030077696 0
      vertex 1.7283614054322243 58.64805030077696 3
      vertex 1.9019237905740738 59 3
    endloop
  endfacet
  facet normal -0.9469301300366789 0.3214394637077385 0
    outer loop
      vertex 1.6022225245833397 58.27645713835955 0
      vertex 1.7283614054322243 58.64805030077696 3
      vertex 1.7283614054322243 58.64805030077696 0
    endloop
  endfacet
  facet normal -0.9469301300366789 0.3214394637077385 0
    outer loop
      vertex 1.6022225245833397 58.27645713835955 0
      vertex 1.6022225245833397 58.27645713835955 3
      vertex 1.7283614054322243 58.64805030077696 3
    endloop
  endfacet
  facet normal -0.9807852796390061 0.19509032585814412 0
    outer loop
      vertex 1.5256654173135757 57.89157857745886 0
      vertex 1.6022225245833397 58.27645713835955 3
      vertex 1.6022225245833397 58.27645713835955 0
    endloop
  endfacet
  facet normal -0.9807852796390061 0.19509032585814412 0
    outer loop
      vertex 1.5256654173135757 57.89157857745886 0
      vertex 1.5256654173135757 57.89157857745886 3
      vertex 1.6022225245833397 58.27645713835955 3
    endloop
  endfacet
  facet normal -0.9978589230086541 0.06540313273849395 0
    outer loop
      vertex 1.5 57.5 0
      vertex 1.5256654173135757 57.89157857745886 3
      vertex 1.5256654173135757 57.89157857745886 0
    endloop
  endfacet
  facet normal -0.9978589230086541 0.06540313273849395 0
    outer loop
      vertex 1.5 57.5 0
      vertex 1.5 57.5 3
      vertex 1.5256654173135757 57.89157857745886 3
    endloop
  endfacet
  facet normal -1 0 0
    outer loop
      vertex 1.5 4.5 0
      vertex 1.5 57.5 3
      vertex 1.5 57.5 0
    endloop
  endfacet
  facet normal -1 0 0
    outer loop
      vertex 1.5 4.5 0
      vertex 1.5 4.5 3
      vertex 1.5 57.5 3
    endloop
  endfacet
  facet normal -0.9978589230086541 -0.06540313273849395 0
    outer loop
      vertex 1.5256654173135757 4.1084214225411415 0
      vertex 1.5 4.5 3
      vertex 1.5 4.5 0
    endloop
  endfacet
  facet normal -0.9978589230086541 -0.06540313273849395 0
    outer loop
      vertex 1.5256654173135757 4.1084214225411415 0
      vertex 1.5256654173135757 4.1084214225411415 3
      vertex 1.5 4.5 3
    endloop
  endfacet
  facet normal -0.9807852796390061 -0.19509032585814412 0
    outer loop
      vertex 1.6022225245833397 3.7235428616404533 0
      vertex 1.5256654173135757 4.1084214225411415 3
      vertex 1.5256654173135757 4.1084214225411415 0
    endloop
  endfacet
  facet normal -0.9807852796390061 -0.19509032585814412 0
    outer loop
      vertex 1.6022225245833397 3.7235428616404533 0
      vertex 1.6022225245833397 3.7235428616404533 3
      vertex 1.5256654173135757 4.1084214225411415 3
    endloop
  endfacet
  facet normal -0.9469301300366789 -0.3214394637077385 0
    outer loop
      vertex 1.7283614054322243 3.3519496992230415 0
      vertex 1.6022225245833397 3.7235428616404533 3
      vertex 1.6022225245833397 3.7235428616404533 0
    endloop
  endfacet
  facet normal -0.9469301300366789 -0.3214394637077385 0
    outer loop
      vertex 1.7283614054322243 3.3519496992230415 0
      vertex 1.7283614054322243 3.3519496992230415 3
      vertex 1.6022225245833397 3.7235428616404533 3
    endloop
  endfacet
  facet normal -0.8968727407473451 -0.4422886918115197 0
    outer loop
      vertex 1.9019237905740738 3 0
      vertex 1.7283614054322243 3.3519496992230415 3
      vertex 1.7283614054322243 3.3519496992230415 0
    endloop
  endfacet
  facet normal -0.8968727407473451 -0.4422886918115197 0
    outer loop
      vertex 1.9019237905740738 3 0
      vertex 1.9019237905740738 3 3
      vertex 1.7283614054322243 3.3519496992230415 3
    endloop
  endfacet
  facet normal -0.8314696207458843 -0.5555702203832522 0
    outer loop
      vertex 2.119939975440502 2.6737157106399536 0
      vertex 1.9019237905740738 3 3
      vertex 1.9019237905740738 3 0
    endloop
  endfacet
  facet normal -0.8314696207458843 -0.5555702203832522 0
    outer loop
      vertex 2.119939975440502 2.6737157106399536 0
      vertex 2.119939975440502 2.6737157106399536 3
      vertex 1.9019237905740738 3 3
    endloop
  endfacet
  facet normal -0.7518398024852507 -0.6593458207943228 0
    outer loop
      vertex 2.3786796554923058 2.3786796554923058 0
      vertex 2.119939975440502 2.6737157106399536 3
      vertex 2.119939975440502 2.6737157106399536 0
    endloop
  endfacet
  facet normal -0.7518398024852507 -0.6593458207943228 0
    outer loop
      vertex 2.3786796554923058 2.3786796554923058 0
      vertex 2.3786796554923058 2.3786796554923058 3
      vertex 2.119939975440502 2.6737157106399536 3
    endloop
  endfacet
  facet normal -0.6593458207943228 -0.7518398024852507 0
    outer loop
      vertex 2.6737157106399536 2.119939975440502 0
      vertex 2.3786796554923058 2.3786796554923058 3
      vertex 2.3786796554923058 2.3786796554923058 0
    endloop
  endfacet
  facet normal -0.6593458207943228 -0.7518398024852507 0
    outer loop
      vertex 2.6737157106399536 2.119939975440502 0
      vertex 2.6737157106399536 2.119939975440502 3
      vertex 2.3786796554923058 2.3786796554923058 3
    endloop
  endfacet
  facet normal -0.5555702203832522 -0.8314696207458843 0
    outer loop
      vertex 3 1.9019237905740738 0
      vertex 2.6737157106399536 2.119939975440502 3
      vertex 2.6737157106399536 2.119939975440502 0
    endloop
  endfacet
  facet normal -0.5555702203832522 -0.8314696207458843 0
    outer loop
      vertex 3 1.9019237905740738 0
      vertex 3 1.9019237905740738 3
      vertex 2.6737157106399536 2.119939975440502 3
    endloop
  endfacet
  facet normal -0.4422886918115197 -0.8968727407473451 0
    outer loop
      vertex 3.3519496992230415 1.7283614054322243 0
      vertex 3 1.9019237905740738 3
      vertex 3 1.9019237905740738 0
    endloop
  endfacet
  facet normal -0.4422886918115197 -0.8968727407473451 0
    outer loop
      vertex 3.3519496992230415 1.7283614054322243 0
      vertex 3.3519496992230415 1.7283614054322243 3
      vertex 3 1.9019237905740738 3
    endloop
  endfacet
  facet normal -0.3214394637077385 -0.9469301300366789 0
    outer loop
      vertex 3.7235428616404533 1.6022225245833397 0
      vertex 3.3519496992230415 1.7283614054322243 3
      vertex 3.3519496992230415 1.7283614054322243 0
    endloop
  endfacet
  facet normal -0.3214394637077385 -0.9469301300366789 0
    outer loop
      vertex 3.7235428616404533 1.6022225245833397 0
      vertex 3.7235428616404533 1.6022225245833397 3
      vertex 3.3519496992230415 1.7283614054322243 3
    endloop
  endfacet
  facet normal -0.19509032585814412 -0.9807852796390061 0
    outer loop
      vertex 4.1084214225411415 1.5256654173135757 0
      vertex 3.7235428616404533 1.6022225245833397 3
      vertex 3.7235428616404533 1.6022225245833397 0
    endloop
  endfacet
  facet normal -0.19509032585814412 -0.9807852796390061 0
    outer loop
      vertex 4.1084214225411415 1.5256654173135757 0
      vertex 4.1084214225411415 1.5256654173135757 3
      vertex 3.7235428616404533 1.6022225245833397 3
    endloop
  endfacet
  facet normal -0.06540313273849395 -0.9978589230086541 0
    outer loop
      vertex 4.5 1.5 0
      vertex 4.1084214225411415 1.5256654173135757 3
      vertex 4.1084214225411415 1.5256654173135757 0
    endloop
  endfacet
  facet normal -0.06540313273849395 -0.9978589230086541 0
    outer loop
      vertex 4.5 1.5 0
      vertex 4.5 1.5 3
      vertex 4.1084214225411415 1.5256654173135757 3
    endloop
  endfacet
  facet normal 0 -1 0
    outer loop
      vertex 79 1.5 0
      vertex 4.5 1.5 3
      vertex 4.5 1.5 0
    endloop
  endfacet
  facet normal 0 -1 0
    outer loop
      vertex 79 1.5 0
      vertex 79 1.5 3
      vertex 4.5 1.5 3
    endloop
  endfacet
  facet normal 0.06540313273849395 -0.9978589230086541 0
    outer loop
      vertex 79.39157857745886 1.5256654173135757 0
      vertex 79 1.5 3
      vertex 79 1.5 0
    endloop
  endfacet
  facet normal 0.06540313273849395 -0.9978589230086541 0
    outer loop
      vertex 79.39157857745886 1.5256654173135757 0
      vertex 79.39157857745886 1.5256654173135757 3
      vertex 79 1.5 3
    endloop
  endfacet
  facet normal 0 -1 0
    outer loop
      vertex 39.70000000298023 58.95000000298023 0
      vertex 39.70000000298023 58.95000000298023 3
      vertex 27.299999997019768 58.95000000298023 0
    endloop
  endfacet
  facet normal 0 -1 0
    outer loop
      vertex 27.299999997019768 58.95000000298023 3
      vertex 27.299999997019768 58.95000000298023 0
      vertex 39.70000000298023 58.95000000298023 3
    endloop
  endfacet
  facet normal -1 0 0
    outer loop
      vertex 39.70000000298023 55.54999999701977 0
      vertex 39.70000000298023 55.54999999701977 3
      vertex 39.70000000298023 58.95000000298023 0
    endloop
  endfacet
  facet normal -1 0 0
    outer loop
      vertex 39.70000000298023 58.95000000298023 3
      vertex 39.70000000298023 58.95000000298023 0
      vertex 39.70000000298023 55.54999999701977 3
    endloop
  endfacet
  facet normal 0 1 0
    outer loop
      vertex 27.299999997019768 55.54999999701977 0
      vertex 27.299999997019768 55.54999999701977 3
      vertex 39.70000000298023 55.54999999701977 0
    endloop
  endfacet
  facet normal 0 1 0
    outer loop
      vertex 39.70000000298023 55.54999999701977 3
      vertex 39.70000000298023 55.54999999701977 0
      vertex 27.299999997019768 55.54999999701977 3
    endloop
  endfacet
  facet normal 1 0 0
    outer loop
      vertex 27.299999997019768 58.95000000298023 0
      vertex 27.299999997019768 58.95000000298023 3
      vertex 27.299999997019768 55.54999999701977 0
    endloop
  endfacet
  facet normal 1 0 0
    outer loop
      vertex 27.299999997019768 55.54999999701977 3
      vertex 27.299999997019768 55.54999999701977 0
      vertex 27.299999997019768 58.95000000298023 3
    endloop
  endfacet
  facet normal 0 -1 0
    outer loop
      vertex 74.70000000298023 58.95000000298023 0
      vertex 74.70000000298023 58.95000000298023 3
      vertex 62.29999999701977 58.95000000298023 0
    endloop
  endfacet
  facet normal 0 -1 0
    outer loop
      vertex 62.29999999701977 58.95000000298023 3
      vertex 62.29999999701977 58.95000000298023 0
      vertex 74.70000000298023 58.95000000298023 3
    endloop
  endfacet
  facet normal -1 0 0
    outer loop
      vertex 74.70000000298023 55.54999999701977 0
      vertex 74.70000000298023 55.54999999701977 3
      vertex 74.70000000298023 58.95000000298023 0
    endloop
  endfacet
  facet normal -1 0 0
    outer loop
      vertex 74.70000000298023 58.95000000298023 3
      vertex 74.70000000298023 58.95000000298023 0
      vertex 74.70000000298023 55.54999999701977 3
    endloop
  endfacet
  facet normal 0 1 0
    outer loop
      vertex 62.29999999701977 55.54999999701977 0
      vertex 62.29999999701977 55.54999999701977 3
      vertex 74.70000000298023 55.54999999701977 0
    endloop
  endfacet
  facet normal 0 1 0
    outer loop
      vertex 74.70000000298023 55.54999999701977 3
      vertex 74.70000000298023 55.54999999701977 0
      vertex 62.29999999701977 55.54999999701977 3
    endloop
  endfacet
  facet normal 1 0 0
    outer loop
      vertex 62.29999999701977 58.95000000298023 0
      vertex 62.29999999701977 58.95000000298023 3
      vertex 62.29999999701977 55.54999999701977 0
    endloop
  endfacet
  facet normal 1 0 0
    outer loop
      vertex 62.29999999701977 55.54999999701977 3
      vertex 62.29999999701977 55.54999999701977 0
      vertex 62.29999999701977 58.95000000298023 3
    endloop
  endfacet
  facet normal 0.19509032585814412 -0.9807852796390061 0
    outer loop
      vertex 162.27645713835955 1.6022225245833397 0
      vertex 161.89157857745886 1.5256654173135757 3
      vertex 161.89157857745886 1.5256654173135757 0
    endloop
  endfacet
  facet normal 0.19509032585814412 -0.9807852796390061 0
    outer loop
      vertex 162.27645713835955 1.6022225245833397 0
      vertex 162.27645713835955 1.6022225245833397 3
      vertex 161.89157857745886 1.5256654173135757 3
    endloop
  endfacet
  facet normal 0.3214394637077385 -0.9469301300366789 0
    outer loop
      vertex 162.64805030077696 1.7283614054322243 0
      vertex 162.27645713835955 1.6022225245833397 3
      vertex 162.27645713835955 1.6022225245833397 0
    endloop
  endfacet
  facet normal 0.3214394637077385 -0.9469301300366789 0
    outer loop
      vertex 162.64805030077696 1.7283614054322243 0
      vertex 162.64805030077696 1.7283614054322243 3
      vertex 162.27645713835955 1.6022225245833397 3
    endloop
  endfacet
  facet normal 0.4422886918115197 -0.8968727407473451 0
    outer loop
      vertex 163 1.9019237905740738 0
      vertex 162.64805030077696 1.7283614054322243 3
      vertex 162.64805030077696 1.7283614054322243 0
    endloop
  endfacet
  facet normal 0.4422886918115197 -0.8968727407473451 0
    outer loop
      vertex 163 1.9019237905740738 0
      vertex 163 1.9019237905740738 3
      vertex 162.64805030077696 1.7283614054322243 3
    endloop
  endfacet
  facet normal 0.5555702203832522 -0.8314696207458843 0
    outer loop
      vertex 163.32628428936005 2.119939975440502 0
      vertex 163 1.9019237905740738 3
      vertex 163 1.9019237905740738 0
    endloop
  endfacet
  facet normal 0.5555702203832522 -0.8314696207458843 0
    outer loop
      vertex 163.32628428936005 2.119939975440502 0
      vertex 163.32628428936005 2.119939975440502 3
      vertex 163 1.9019237905740738 3
    endloop
  endfacet
  facet normal 0.6593458207943228 -0.7518398024852507 0
    outer loop
      vertex 163.6213203445077 2.3786796554923058 0
      vertex 163.32628428936005 2.119939975440502 3
      vertex 163.32628428936005 2.119939975440502 0
    endloop
  endfacet
  facet normal 0.6593458207943228 -0.7518398024852507 0
    outer loop
      vertex 163.6213203445077 2.3786796554923058 0
      vertex 163.6213203445077 2.3786796554923058 3
      vertex 163.32628428936005 2.119939975440502 3
    endloop
  endfacet
  facet normal 0.7518398024852507 -0.6593458207943228 0
    outer loop
      vertex 163.8800600245595 2.6737157106399536 0
      vertex 163.6213203445077 2.3786796554923058 3
      vertex 163.6213203445077 2.3786796554923058 0
    endloop
  endfacet
  facet normal 0.7518398024852507 -0.6593458207943228 0
    outer loop
      vertex 163.8800600245595 2.6737157106399536 0
      vertex 163.8800600245595 2.6737157106399536 3
      vertex 163.6213203445077 2.3786796554923058 3
    endloop
  endfacet
  facet normal 0.8314696207458843 -0.5555702203832522 0
    outer loop
      vertex 164.09807620942593 3 0
      vertex 163.8800600245595 2.6737157106399536 3
      vertex 163.8800600245595 2.6737157106399536 0
    endloop
  endfacet
  facet normal 0.8314696207458843 -0.5555702203832522 0
    outer loop
      vertex 164.09807620942593 3 0
      vertex 164.09807620942593 3 3
      vertex 163.8800600245595 2.6737157106399536 3
    endloop
  endfacet
  facet normal 0.8968727407473451 -0.4422886918115197 0
    outer loop
      vertex 164.27163859456778 3.3519496992230415 0
      vertex 164.09807620942593 3 3
      vertex 164.09807620942593 3 0
    endloop
  endfacet
  facet normal 0.8968727407473451 -0.4422886918115197 0
    outer loop
      vertex 164.27163859456778 3.3519496992230415 0
      vertex 164.27163859456778 3.3519496992230415 3
      vertex 164.09807620942593 3 3
    endloop
  endfacet
  facet normal 0.9469301300366789 -0.3214394637077385 0
    outer loop
      vertex 164.39777747541666 3.7235428616404533 0
      vertex 164.27163859456778 3.3519496992230415 3
      vertex 164.27163859456778 3.3519496992230415 0
    endloop
  endfacet
  facet normal 0.9469301300366789 -0.3214394637077385 0
    outer loop
      vertex 164.39777747541666 3.7235428616404533 0
      vertex 164.39777747541666 3.7235428616404533 3
      vertex 164.27163859456778 3.3519496992230415 3
    endloop
  endfacet
  facet normal 0.9807852796390061 -0.19509032585814412 0
    outer loop
      vertex 164.47433458268642 4.1084214225411415 0
      vertex 164.39777747541666 3.7235428616404533 3
      vertex 164.39777747541666 3.7235428616404533 0
    endloop
  endfacet
  facet normal 0.9807852796390061 -0.19509032585814412 0
    outer loop
      vertex 164.47433458268642 4.1084214225411415 0
      vertex 164.47433458268642 4.1084214225411415 3
      vertex 164.39777747541666 3.7235428616404533 3
    endloop
  endfacet
  facet normal 0.9978589230086541 -0.06540313273849395 0
    outer loop
      vertex 164.5 4.5 0
      vertex 164.47433458268642 4.1084214225411415 3
      vertex 164.47433458268642 4.1084214225411415 0
    endloop
  endfacet
  facet normal 0.9978589230086541 -0.06540313273849395 0
    outer loop
      vertex 164.5 4.5 0
      vertex 164.5 4.5 3
      vertex 164.47433458268642 4.1084214225411415 3
    endloop
  endfacet
  facet normal 1 0 0
    outer loop
      vertex 164.5 57.5 0
      vertex 164.5 4.5 3
      vertex 164.5 4.5 0
    endloop
  endfacet
  facet normal 1 0 0
    outer loop
      vertex 164.5 57.5 0
      vertex 164.5 57.5 3
      vertex 164.5 4.5 3
    endloop
  endfacet
  facet normal 0.9978589230086541 0.06540313273849395 0
    outer loop
      vertex 164.47433458268642 57.89157857745886 0
      vertex 164.5 57.5 3
      vertex 164.5 57.5 0
    endloop
  endfacet
  facet normal 0.9978589230086541 0.06540313273849395 0
    outer loop
      vertex 164.47433458268642 57.89157857745886 0
      vertex 164.47433458268642 57.89157857745886 3
      vertex 164.5 57.5 3
    endloop
  endfacet
  facet normal 0.9807852796390061 0.19509032585814412 0
    outer loop
      vertex 164.39777747541666 58.27645713835955 0
      vertex 164.47433458268642 57.89157857745886 3
      vertex 164.47433458268642 57.89157857745886 0
    endloop
  endfacet
  facet normal 0.9807852796390061 0.19509032585814412 0
    outer loop
      vertex 164.39777747541666 58.27645713835955 0
      vertex 164.39777747541666 58.27645713835955 3
      vertex 164.47433458268642 57.89157857745886 3
    endloop
  endfacet
  facet normal 0.9469301300366789 0.3214394637077385 0
    outer loop
      vertex 164.27163859456778 58.64805030077696 0
      vertex 164.39777747541666 58.27645713835955 3
      vertex 164.39777747541666 58.27645713835955 0
    endloop
  endfacet
  facet normal 0.9469301300366789 0.3214394637077385 0
    outer loop
      vertex 164.27163859456778 58.64805030077696 0
      vertex 164.27163859456778 58.64805030077696 3
      vertex 164.39777747541666 58.27645713835955 3
    endloop
  endfacet
  facet normal 0.8968727407473451 0.4422886918115197 0
    outer loop
      vertex 164.09807620942593 59 0
      vertex 164.27163859456778 58.64805030077696 3
      vertex 164.27163859456778 58.64805030077696 0
    endloop
  endfacet
  facet normal 0.8968727407473451 0.4422886918115197 0
    outer loop
      vertex 164.09807620942593 59 0
      vertex 164.09807620942593 59 3
      vertex 164.27163859456778 58.64805030077696 3
    endloop
  endfacet
  facet normal 0.8314696207458843 0.5555702203832522 0
    outer loop
      vertex 163.8800600245595 59.326284289360046 0
      vertex 164.09807620942593 59 3
      vertex 164.09807620942593 59 0
    endloop
  endfacet
  facet normal 0.8314696207458843 0.5555702203832522 0
    outer loop
      vertex 163.8800600245595 59.326284289360046 0
      vertex 163.8800600245595 59.326284289360046 3
      vertex 164.09807620942593 59 3
    endloop
  endfacet
  facet normal 0.7518398024852507 0.6593458207943228 0
    outer loop
      vertex 163.6213203445077 59.621320344507694 0
      vertex 163.8800600245595 59.326284289360046 3
      vertex 163.8800600245595 59.326284289360046 0
    endloop
  endfacet
  facet normal 0.7518398024852507 0.6593458207943228 0
    outer loop
      vertex 163.6213203445077 59.621320344507694 0
      vertex 163.6213203445077 59.621320344507694 3
      vertex 163.8800600245595 59.326284289360046 3
    endloop
  endfacet
  facet normal 0.6593458207943228 0.7518398024852507 0
    outer loop
      vertex 163.32628428936005 59.8800600245595 0
      vertex 163.6213203445077 59.621320344507694 3
      vertex 163.6213203445077 59.621320344507694 0
    endloop
  endfacet
  facet normal 0.6593458207943228 0.7518398024852507 0
    outer loop
      vertex 163.32628428936005 59.8800600245595 0
      vertex 163.32628428936005 59.8800600245595 3
      vertex 163.6213203445077 59.621320344507694 3
    endloop
  endfacet
  facet normal 0.5555702203832522 0.8314696207458843 0
    outer loop
      vertex 163 60.098076209425926 0
      vertex 163.32628428936005 59.8800600245595 3
      vertex 163.32628428936005 59.8800600245595 0
    endloop
  endfacet
  facet normal 0.5555702203832522 0.8314696207458843 0
    outer loop
      vertex 163 60.098076209425926 0
      vertex 163 60.098076209425926 3
      vertex 163.32628428936005 59.8800600245595 3
    endloop
  endfacet
  facet normal 0.4422886918115197 0.8968727407473451 0
    outer loop
      vertex 162.64805030077696 60.271638594567776 0
      vertex 163 60.098076209425926 3
      vertex 163 60.098076209425926 0
    endloop
  endfacet
  facet normal 0.4422886918115197 0.8968727407473451 0
    outer loop
      vertex 162.64805030077696 60.271638594567776 0
      vertex 162.64805030077696 60.271638594567776 3
      vertex 163 60.098076209425926 3
    endloop
  endfacet
  facet normal 0.3214394637077385 0.9469301300366789 0
    outer loop
      vertex 162.27645713835955 60.39777747541666 0
      vertex 162.64805030077696 60.271638594567776 3
      vertex 162.64805030077696 60.271638594567776 0
    endloop
  endfacet
  facet normal 0.3214394637077385 0.9469301300366789 0
    outer loop
      vertex 162.27645713835955 60.39777747541666 0
      vertex 162.27645713835955 60.39777747541666 3
      vertex 162.64805030077696 60.271638594567776 3
    endloop
  endfacet
  facet normal 0.19509032585814412 0.9807852796390061 0
    outer loop
      vertex 161.89157857745886 60.474334582686424 0
      vertex 162.27645713835955 60.39777747541666 3
      vertex 162.27645713835955 60.39777747541666 0
    endloop
  endfacet
  facet normal 0.19509032585814412 0.9807852796390061 0
    outer loop
      vertex 161.89157857745886 60.474334582686424 0
      vertex 161.89157857745886 60.474334582686424 3
      vertex 162.27645713835955 60.39777747541666 3
    endloop
  endfacet
  facet normal 0.06540313273849395 0.9978589230086541 0
    outer loop
      vertex 161.5 60.5 0
      vertex 161.89157857745886 60.474334582686424 3
      vertex 161.89157857745886 60.474334582686424 0
    endloop
  endfacet
  facet normal 0.06540313273849395 0.9978589230086541 0
    outer loop
      vertex 161.5 60.5 0
      vertex 161.5 60.5 3
      vertex 161.89157857745886 60.474334582686424 3
    endloop
  endfacet
  facet normal 0 1 0
    outer loop
      vertex 87 60.5 0
      vertex 161.5 60.5 3
      vertex 161.5 60.5 0
    endloop
  endfacet
  facet normal 0 1 0
    outer loop
      vertex 87 60.5 0
      vertex 87 60.5 3
      vertex 161.5 60.5 3
    endloop
  endfacet
  facet normal -0.06540313273849395 0.9978589230086541 0
    outer loop
      vertex 86.60842142254114 60.474334582686424 0
      vertex 87 60.5 3
      vertex 87 60.5 0
    endloop
  endfacet
  facet normal -0.06540313273849395 0.9978589230086541 0
    outer loop
      vertex 86.60842142254114 60.474334582686424 0
      vertex 86.60842142254114 60.474334582686424 3
      vertex 87 60.5 3
    endloop
  endfacet
  facet normal -0.19509032585814412 0.9807852796390061 0
    outer loop
      vertex 86.22354286164045 60.39777747541666 0
      vertex 86.60842142254114 60.474334582686424 3
      vertex 86.60842142254114 60.474334582686424 0
    endloop
  endfacet
  facet normal -0.19509032585814412 0.9807852796390061 0
    outer loop
      vertex 86.22354286164045 60.39777747541666 0
      vertex 86.22354286164045 60.39777747541666 3
      vertex 86.60842142254114 60.474334582686424 3
    endloop
  endfacet
  facet normal -0.3214394637077385 0.9469301300366789 0
    outer loop
      vertex 85.85194969922304 60.271638594567776 0
      vertex 86.22354286164045 60.39777747541666 3
      vertex 86.22354286164045 60.39777747541666 0
    endloop
  endfacet
  facet normal -0.3214394637077385 0.9469301300366789 0
    outer loop
      vertex 85.85194969922304 60.271638594567776 0
      vertex 85.85194969922304 60.271638594567776 3
      vertex 86.22354286164045 60.39777747541666 3
    endloop
  endfacet
  facet normal -0.4422886918115197 0.8968727407473451 0
    outer loop
      vertex 85.5 60.098076209425926 0
      vertex 85.85194969922304 60.271638594567776 3
      vertex 85.85194969922304 60.271638594567776 0
    endloop
  endfacet
  facet normal -0.4422886918115197 0.8968727407473451 0
    outer loop
      vertex 85.5 60.098076209425926 0
      vertex 85.5 60.098076209425926 3
      vertex 85.85194969922304 60.271638594567776 3
    endloop
  endfacet
  facet normal -0.5555702203832522 0.8314696207458843 0
    outer loop
      vertex 85.17371571063995 59.8800600245595 0
      vertex 85.5 60.098076209425926 3
      vertex 85.5 60.098076209425926 0
    endloop
  endfacet
  facet normal -0.5555702203832522 0.8314696207458843 0
    outer loop
      vertex 85.17371571063995 59.8800600245595 0
      vertex 85.17371571063995 59.8800600245595 3
      vertex 85.5 60.098076209425926 3
    endloop
  endfacet
  facet normal -0.6593458207943228 0.7518398024852507 0
    outer loop
      vertex 84.8786796554923 59.621320344507694 0
      vertex 85.17371571063995 59.8800600245595 3
      vertex 85.17371571063995 59.8800600245595 0
    endloop
  endfacet
  facet normal -0.6593458207943228 0.7518398024852507 0
    outer loop
      vertex 84.8786796554923 59.621320344507694 0
      vertex 84.8786796554923 59.621320344507694 3
      vertex 85.17371571063995 59.8800600245595 3
    endloop
  endfacet
  facet normal -0.7518398024852507 0.6593458207943228 0
    outer loop
      vertex 84.6199399754405 59.326284289360046 0
      vertex 84.8786796554923 59.621320344507694 3
      vertex 84.8786796554923 59.621320344507694 0
    endloop
  endfacet
  facet normal -0.7518398024852507 0.6593458207943228 0
    outer loop
      vertex 84.6199399754405 59.326284289360046 0
      vertex 84.6199399754405 59.326284289360046 3
      vertex 84.8786796554923 59.621320344507694 3
    endloop
  endfacet
  facet normal -0.8314696207458843 0.5555702203832522 0
    outer loop
      vertex 84.40192379057407 59 0
      vertex 84.6199399754405 59.326284289360046 3
      vertex 84.6199399754405 59.326284289360046 0
    endloop
  endfacet
  facet normal -0.8314696207458843 0.5555702203832522 0
    outer loop
      vertex 84.40192379057407 59 0
      vertex 84.40192379057407 59 3
      vertex 84.6199399754405 59.326284289360046 3
    endloop
  endfacet
  facet normal -0.8968727407473451 0.4422886918115197 0
    outer loop
      vertex 84.22836140543222 58.64805030077696 0
      vertex 84.40192379057407 59 3
      vertex 84.40192379057407 59 0
    endloop
  endfacet
  facet normal -0.8968727407473451 0.4422886918115197 0
    outer loop
      vertex 84.22836140543222 58.64805030077696 0
      vertex 84.22836140543222 58.64805030077696 3
      vertex 84.40192379057407 59 3
    endloop
  endfacet
  facet normal -0.9469301300366789 0.3214394637077385 0
    outer loop
      vertex 84.10222252458334 58.27645713835955 0
      vertex 84.22836140543222 58.64805030077696 3
      vertex 84.22836140543222 58.64805030077696 0
    endloop
  endfacet
  facet normal -0.9469301300366789 0.3214394637077385 0
    outer loop
      vertex 84.10222252458334 58.27645713835955 0
      vertex 84.10222252458334 58.27645713835955 3
      vertex 84.22836140543222 58.64805030077696 3
    endloop
  endfacet
  facet normal -0.9807852796390061 0.19509032585814412 0
    outer loop
      vertex 84.02566541731358 57.89157857745886 0
      vertex 84.10222252458334 58.27645713835955 3
      vertex 84.10222252458334 58.27645713835955 0
    endloop
  endfacet
  facet normal -0.9807852796390061 0.19509032585814412 0
    outer loop
      vertex 84.02566541731358 57.89157857745886 0
      vertex 84.02566541731358 57.89157857745886 3
      vertex 84.10222252458334 58.27645713835955 3
    endloop
  endfacet
  facet normal -0.9978589230086541 0.06540313273849395 0
    outer loop
      vertex 84 57.5 0
      vertex 84.02566541731358 57.89157857745886 3
      vertex 84.02566541731358 57.89157857745886 0
    endloop
  endfacet
  facet normal -0.9978589230086541 0.06540313273849395 0
    outer loop
      vertex 84 57.5 0
      vertex 84 57.5 3
      vertex 84.02566541731358 57.89157857745886 3
    endloop
  endfacet
  facet normal -1 0 0
    outer loop
      vertex 84 4.5 0
      vertex 84 57.5 3
      vertex 84 57.5 0
    endloop
  endfacet
  facet normal -1 0 0
    outer loop
      vertex 84 4.5 0
      vertex 84 4.5 3
      vertex 84 57.5 3
    endloop
  endfacet
  facet normal -0.9978589230086541 -0.06540313273849395 0
    outer loop
      vertex 84.02566541731358 4.1084214225411415 0
      vertex 84 4.5 3
      vertex 84 4.5 0
    endloop
  endfacet
  facet normal -0.9978589230086541 -0.06540313273849395 0
    outer loop
      vertex 84.02566541731358 4.1084214225411415 0
      vertex 84.02566541731358 4.1084214225411415 3
      vertex 84 4.5 3
    endloop
  endfacet
  facet normal -0.9807852796390061 -0.19509032585814412 0
    outer loop
      vertex 84.10222252458334 3.7235428616404533 0
      vertex 84.02566541731358 4.1084214225411415 3
      vertex 84.02566541731358 4.1084214225411415 0
    endloop
  endfacet
  facet normal -0.9807852796390061 -0.19509032585814412 0
    outer loop
      vertex 84.10222252458334 3.7235428616404533 0
      vertex 84.10222252458334 3.7235428616404533 3
      vertex 84.02566541731358 4.1084214225411415 3
    endloop
  endfacet
  facet normal -0.9469301300366789 -0.3214394637077385 0
    outer loop
      vertex 84.22836140543222 3.3519496992230415 0
      vertex 84.10222252458334 3.7235428616404533 3
      vertex 84.10222252458334 3.7235428616404533 0
    endloop
  endfacet
  facet normal -0.9469301300366789 -0.3214394637077385 0
    outer loop
      vertex 84.22836140543222 3.3519496992230415 0
      vertex 84.22836140543222 3.3519496992230415 3
      vertex 84.10222252458334 3.7235428616404533 3
    endloop
  endfacet
  facet normal -0.8968727407473451 -0.4422886918115197 0
    outer loop
      vertex 84.40192379057407 3 0
      vertex 84.22836140543222 3.3519496992230415 3
      vertex 84.22836140543222 3.3519496992230415 0
    endloop
  endfacet
  facet normal -0.8968727407473451 -0.4422886918115197 0
    outer loop
      vertex 84.40192379057407 3 0
      vertex 84.40192379057407 3 3
      vertex 84.22836140543222 3.3519496992230415 3
    endloop
  endfacet
  facet normal -0.8314696207458843 -0.5555702203832522 0
    outer loop
      vertex 84.6199399754405 2.6737157106399536 0
      vertex 84.40192379057407 3 3
      vertex 84.40192379057407 3 0
    endloop
  endfacet
  facet normal -0.8314696207458843 -0.5555702203832522 0
    outer loop
      vertex 84.6199399754405 2.6737157106399536 0
      vertex 84.6199399754405 2.6737157106399536 3
      vertex 84.40192379057407 3 3
    endloop
  endfacet
  facet normal -0.7518398024852507 -0.6593458207943228 0
    outer loop
      vertex 84.8786796554923 2.3786796554923058 0
      vertex 84.6199399754405 2.6737157106399536 3
      vertex 84.6199399754405 2.6737157106399536 0
    endloop
  endfacet
  facet normal -0.7518398024852507 -0.6593458207943228 0
    outer loop
      vertex 84.8786796554923 2.3786796554923058 0
      vertex 84.8786796554923 2.3786796554923058 3
      vertex 84.6199399754405 2.6737157106399536 3
    endloop
  endfacet
  facet normal -0.6593458207943228 -0.7518398024852507 0
    outer loop
      vertex 85.17371571063995 2.119939975440502 0
      vertex 84.8786796554923 2.3786796554923058 3
      vertex 84.8786796554923 2.3786796554923058 0
    endloop
  endfacet
  facet normal -0.6593458207943228 -0.7518398024852507 0
    outer loop
      vertex 85.17371571063995 2.119939975440502 0
      vertex 85.17371571063995 2.119939975440502 3
      vertex 84.8786796554923 2.3786796554923058 3
    endloop
  endfacet
  facet normal -0.5555702203832522 -0.8314696207458843 0
    outer loop
      vertex 85.5 1.9019237905740738 0
      vertex 85.17371571063995 2.119939975440502 3
      vertex 85.17371571063995 2.119939975440502 0
    endloop
  endfacet
  facet normal -0.5555702203832522 -0.8314696207458843 0
    outer loop
      vertex 85.5 1.9019237905740738 0
      vertex 85.5 1.9019237905740738 3
      vertex 85.17371571063995 2.119939975440502 3
    endloop
  endfacet
  facet normal -0.4422886918115197 -0.8968727407473451 0
    outer loop
      vertex 85.85194969922304 1.7283614054322243 0
      vertex 85.5 1.9019237905740738 3
      vertex 85.5 1.9019237905740738 0
    endloop
  endfacet
  facet normal -0.4422886918115197 -0.8968727407473451 0
    outer loop
      vertex 85.85194969922304 1.7283614054322243 0
      vertex 85.85194969922304 1.7283614054322243 3
      vertex 85.5 1.9019237905740738 3
    endloop
  endfacet
  facet normal -0.3214394637077385 -0.9469301300366789 0
    outer loop
      vertex 86.22354286164045 1.6022225245833397 0
      vertex 85.85194969922304 1.7283614054322243 3
      vertex 85.85194969922304 1.7283614054322243 0
    endloop
  endfacet
  facet normal -0.3214394637077385 -0.9469301300366789 0
    outer loop
      vertex 86.22354286164045 1.6022225245833397 0
      vertex 86.22354286164045 1.6022225245833397 3
      vertex 85.85194969922304 1.7283614054322243 3
    endloop
  endfacet
  facet normal -0.19509032585814412 -0.9807852796390061 0
    outer loop
      vertex 86.60842142254114 1.5256654173135757 0
      vertex 86.22354286164045 1.6022225245833397 3
      vertex 86.22354286164045 1.6022225245833397 0
    endloop
  endfacet
  facet normal -0.19509032585814412 -0.9807852796390061 0
    outer loop
      vertex 86.60842142254114 1.5256654173135757 0
      vertex 86.60842142254114 1.5256654173135757 3
      vertex 86.22354286164045 1.6022225245833397 3
    endloop
  endfacet
  facet normal -0.06540313273849395 -0.9978589230086541 0
    outer loop
      vertex 87 1.5 0
      vertex 86.60842142254114 1.5256654173135757 3
      vertex 86.60842142254114 1.5256654173135757 0
    endloop
  endfacet
  facet normal -0.06540313273849395 -0.9978589230086541 0
    outer loop
      vertex 87 1.5 0
      vertex 87 1.5 3
      vertex 86.60842142254114 1.5256654173135757 3
    endloop
  endfacet
  facet normal 0 -1 0
    outer loop
      vertex 161.5 1.5 0
      vertex 87 1.5 3
      vertex 87 1.5 0
    endloop
  endfacet
  facet normal 0 -1 0
    outer loop
      vertex 161.5 1.5 0
      vertex 161.5 1.5 3
      vertex 87 1.5 3
    endloop
  endfacet
  facet normal 0.06540313273849395 -0.9978589230086541 0
    outer loop
      vertex 161.89157857745886 1.5256654173135757 0
      vertex 161.5 1.5 3
      vertex 161.5 1.5 0
    endloop
  endfacet
  facet normal 0.06540313273849395 -0.9978589230086541 0
    outer loop
      vertex 161.89157857745886 1.5256654173135757 0
      vertex 161.89157857745886 1.5256654173135757 3
      vertex 161.5 1.5 3
    endloop
  endfacet
  facet normal 0 -1 0
    outer loop
      vertex 122.20000000298023 6.450000002980232 0
      vertex 122.20000000298023 6.450000002980232 3
      vertex 109.79999999701977 6.450000002980232 0
    endloop
  endfacet
  facet normal 0 -1 0
    outer loop
      vertex 109.79999999701977 6.450000002980232 3
      vertex 109.79999999701977 6.450000002980232 0
      vertex 122.20000000298023 6.450000002980232 3
    endloop
  endfacet
  facet normal -1 0 0
    outer loop
      vertex 122.20000000298023 3.0499999970197678 0
      vertex 122.20000000298023 3.0499999970197678 3
      vertex 122.20000000298023 6.450000002980232 0
    endloop
  endfacet
  facet normal -1 0 0
    outer loop
      vertex 122.20000000298023 6.450000002980232 3
      vertex 122.20000000298023 6.450000002980232 0
      vertex 122.20000000298023 3.0499999970197678 3
    endloop
  endfacet
  facet normal 0 1 0
    outer loop
      vertex 109.79999999701977 3.0499999970197678 0
      vertex 109.79999999701977 3.0499999970197678 3
      vertex 122.20000000298023 3.0499999970197678 0
    endloop
  endfacet
  facet normal 0 1 0
    outer loop
      vertex 122.20000000298023 3.0499999970197678 3
      vertex 122.20000000298023 3.0499999970197678 0
      vertex 109.79999999701977 3.0499999970197678 3
    endloop
  endfacet
  facet normal 1 0 0
    outer loop
      vertex 109.79999999701977 6.450000002980232 0
      vertex 109.79999999701977 6.450000002980232 3
      vertex 109.79999999701977 3.0499999970197678 0
    endloop
  endfacet
  facet normal 1 0 0
    outer loop
      vertex 109.79999999701977 3.0499999970197678 3
      vertex 109.79999999701977 3.0499999970197678 0
      vertex 109.79999999701977 6.450000002980232 3
    endloop
  endfacet
  facet normal 0 -1 0
    outer loop
      vertex 157.20000000298023 6.450000002980232 0
      vertex 157.20000000298023 6.450000002980232 3
      vertex 144.79999999701977 6.450000002980232 0
    endloop
  endfacet
  facet normal 0 -1 0
    outer loop
      vertex 144.79999999701977 6.450000002980232 3
      vertex 144.79999999701977 6.450000002980232 0
      vertex 157.20000000298023 6.450000002980232 3
    endloop
  endfacet
  facet normal -1 0 0
    outer loop
      vertex 157.20000000298023 3.0499999970197678 0
      vertex 157.20000000298023 3.0499999970197678 3
      vertex 157.20000000298023 6.450000002980232 0
    endloop
  endfacet
  facet normal -1 0 0
    outer loop
      vertex 157.20000000298023 6.450000002980232 3
      vertex 157.20000000298023 6.450000002980232 0
      vertex 157.20000000298023 3.0499999970197678 3
    endloop
  endfacet
  facet normal 0 1 0
    outer loop
      vertex 144.79999999701977 3.0499999970197678 0
      vertex 144.79999999701977 3.0499999970197678 3
      vertex 157.20000000298023 3.0499999970197678 0
    endloop
  endfacet
  facet normal 0 1 0
    outer loop
      vertex 157.20000000298023 3.0499999970197678 3
      vertex 157.20000000298023 3.0499999970197678 0
      vertex 144.79999999701977 3.0499999970197678 3
    endloop
  endfacet
  facet normal 1 0 0
    outer loop
      vertex 144.79999999701977 6.450000002980232 0
      vertex 144.79999999701977 6.450000002980232 3
      vertex 144.79999999701977 3.0499999970197678 0
    endloop
  endfacet
  facet normal 1 0 0
    outer loop
      vertex 144.79999999701977 3.0499999970197678 3
      vertex 144.79999999701977 3.0499999970197678 0
      vertex 144.79999999701977 6.450000002980232 3
    endloop
  endfacet
  facet normal 0 0 1
    outer loop
      vertex 1.5 171.79999999701977 3
      vertex 1.5 166.79999999701977 3
      vertex 4.625 166.79999999701977 3
    endloop
  endfacet
  facet normal 0 0 1
    outer loop
      vertex 4.625 166.79999999701977 3
      vertex 4.625 162.19999999552965 3
      vertex 62.875 162.19999999552965 3
    endloop
  endfacet
  facet normal 0 0 1
    outer loop
      vertex 4.625 166.79999999701977 3
      vertex 62.875 162.19999999552965 3
      vertex 62.875 166.79999999701977 3
    endloop
  endfacet
  facet normal 0 0 1
    outer loop
      vertex 66.125 166.79999999701977 3
      vertex 66.125 162.19999999552965 3
      vertex 79.5 162.19999999552965 3
    endloop
  endfacet
  facet normal 0 0 1
    outer loop
      vertex 66.125 166.79999999701977 3
      vertex 79.5 162.19999999552965 3
      vertex 79.5 171.79999999701977 3
    endloop
  endfacet
  facet normal 0 0 1
    outer loop
      vertex 66.125 166.79999999701977 3
      vertex 79.5 171.79999999701977 3
      vertex 1.5 171.79999999701977 3
    endloop
  endfacet
  facet normal 0 0 1
    outer loop
      vertex 62.875 166.79999999701977 3
      vertex 66.125 166.79999999701977 3
      vertex 1.5 171.79999999701977 3
    endloop
  endfacet
  facet normal 0 0 1
    outer loop
      vertex 4.625 166.79999999701977 3
      vertex 62.875 166.79999999701977 3
      vertex 1.5 171.79999999701977 3
    endloop
  endfacet
  facet normal 0 0 1
    outer loop
      vertex 81 171.79999999701977 3
      vertex 81 166.79999999701977 3
      vertex 84.125 166.79999999701977 3
    endloop
  endfacet
  facet normal 0 0 1
    outer loop
      vertex 84.125 166.79999999701977 3
      vertex 84.125 162.19999999552965 3
      vertex 142.375 162.19999999552965 3
    endloop
  endfacet
  facet normal 0 0 1
    outer loop
      vertex 84.125 166.79999999701977 3
      vertex 142.375 162.19999999552965 3
      vertex 142.375 166.79999999701977 3
    endloop
  endfacet
  facet normal 0 0 1
    outer loop
      vertex 145.625 166.79999999701977 3
      vertex 145.625 162.19999999552965 3
      vertex 159 162.19999999552965 3
    endloop
  endfacet
  facet normal 0 0 1
    outer loop
      vertex 145.625 166.79999999701977 3
      vertex 159 162.19999999552965 3
      vertex 159 171.79999999701977 3
    endloop
  endfacet
  facet normal 0 0 1
    outer loop
      vertex 145.625 166.79999999701977 3
      vertex 159 171.79999999701977 3
      vertex 81 171.79999999701977 3
    endloop
  endfacet
  facet normal 0 0 1
    outer loop
      vertex 142.375 166.79999999701977 3
      vertex 145.625 166.79999999701977 3
      vertex 81 171.79999999701977 3
    endloop
  endfacet
  facet normal 0 0 1
    outer loop
      vertex 84.125 166.79999999701977 3
      vertex 142.375 166.79999999701977 3
      vertex 81 171.79999999701977 3
    endloop
  endfacet
  facet normal 0 0 1
    outer loop
      vertex 1.5 160.70000000298023 3
      vertex 1.5 158.40364883840084 3
      vertex 7.549999997019768 159.89135376363993 3
    endloop
  endfacet
  facet normal 0 0 1
    outer loop
      vertex 24.774999998509884 160.70000000298023 3
      vertex 1.5 160.70000000298023 3
      vertex 7.549999997019768 159.89135376363993 3
    endloop
  endfacet
  facet normal 0 0 1
    outer loop
      vertex 7.549999997019768 151.50864624232054 3
      vertex 1.5 152.99635116010904 3
      vertex 1.5 151.10000000149012 3
    endloop
  endfacet
  facet normal 0 0 1
    outer loop
      vertex 24.774999998509884 155.70000000298023 3
      vertex 24.774999998509884 160.70000000298023 3
      vertex 7.549999997019768 159.89135376363993 3
    endloop
  endfacet
  facet normal 0 0 1
    outer loop
      vertex 24.774999998509884 155.70000000298023 3
      vertex 7.549999997019768 159.89135376363993 3
      vertex 7.549999997019768 151.50864624232054 3
    endloop
  endfacet
  facet normal 0 0 1
    outer loop
      vertex 171.89999999850988 160.70000000298023 3
      vertex 169.77499999850988 160.70000000298023 3
      vertex 169.77499999850988 155.70000000298023 3
    endloop
  endfacet
  facet normal 0 0 1
    outer loop
      vertex 171.89999999850988 151.10000000149012 3
      vertex 171.89999999850988 160.70000000298023 3
      vertex 169.77499999850988 155.70000000298023 3
    endloop
  endfacet
  facet normal 0 0 1
    outer loop
      vertex 58.399999998509884 157.20000000298023 3
      vertex 58.399999998509884 151.10000000149012 3
      vertex 64.39999999850988 151.10000000149012 3
    endloop
  endfacet
  facet normal 0 0 1
    outer loop
      vertex 64.39999999850988 151.10000000149012 3
      vertex 64.39999999850988 150.70000000298023 3
      vertex 78.39999999850988 150.70000000298023 3
    endloop
  endfacet
  facet normal 0 0 1
    outer loop
      vertex 64.39999999850988 151.10000000149012 3
      vertex 78.39999999850988 150.70000000298023 3
      vertex 78.39999999850988 151.10000000149012 3
    endloop
  endfacet
  facet normal 0 0 1
    outer loop
      vertex 149.39999999850988 151.10000000149012 3
      vertex 149.39999999850988 150.70000000298023 3
      vertex 163.39999999850988 150.70000000298023 3
    endloop
  endfacet
  facet normal 0 0 1
    outer loop
      vertex 149.39999999850988 151.10000000149012 3
      vertex 163.39999999850988 150.70000000298023 3
      vertex 163.39999999850988 151.10000000149012 3
    endloop
  endfacet
  facet normal 0 0 1
    outer loop
      vertex 171.89999999850988 151.10000000149012 3
      vertex 169.77499999850988 155.70000000298023 3
      vertex 166.52499999850988 155.70000000298023 3
    endloop
  endfacet
  facet normal 0 0 1
    outer loop
      vertex 163.39999999850988 151.10000000149012 3
      vertex 171.89999999850988 151.10000000149012 3
      vertex 166.52499999850988 155.70000000298023 3
    endloop
  endfacet
  facet normal 0 0 1
    outer loop
      vertex 149.39999999850988 151.10000000149012 3
      vertex 163.39999999850988 151.10000000149012 3
      vertex 166.52499999850988 155.70000000298023 3
    endloop
  endfacet
  facet normal 0 0 1
    outer loop
      vertex 149.39999999850988 151.10000000149012 3
      vertex 166.52499999850988 155.70000000298023 3
      vertex 166.52499999850988 160.70000000298023 3
    endloop
  endfacet
  facet normal 0 0 1
    outer loop
      vertex 149.39999999850988 151.10000000149012 3
      vertex 166.52499999850988 160.70000000298023 3
      vertex 111.125 160.70000000298023 3
    endloop
  endfacet
  facet normal 0 0 1
    outer loop
      vertex 149.39999999850988 151.10000000149012 3
      vertex 111.125 160.70000000298023 3
      vertex 111.125 155.70000000298023 3
    endloop
  endfacet
  facet normal 0 0 1
    outer loop
      vertex 78.39999999850988 151.10000000149012 3
      vertex 149.39999999850988 151.10000000149012 3
      vertex 111.125 155.70000000298023 3
    endloop
  endfacet
  facet normal 0 0 1
    outer loop
      vertex 78.39999999850988 151.10000000149012 3
      vertex 111.125 155.70000000298023 3
      vertex 107.875 155.70000000298023 3
    endloop
  endfacet
  facet normal 0 0 1
    outer loop
      vertex 78.39999999850988 151.10000000149012 3
      vertex 107.875 155.70000000298023 3
      vertex 107.875 160.70000000298023 3
    endloop
  endfacet
  facet normal 0 0 1
    outer loop
      vertex 58.399999998509884 157.20000000298023 3
      vertex 64.39999999850988 151.10000000149012 3
      vertex 78.39999999850988 151.10000000149012 3
    endloop
  endfacet
  facet normal 0 0 1
    outer loop
      vertex 58.399999998509884 157.20000000298023 3
      vertex 78.39999999850988 151.10000000149012 3
      vertex 107.875 160.70000000298023 3
    endloop
  endfacet
  facet normal 0 0 1
    outer loop
      vertex 7.549999997019768 151.50864624232054 3
      vertex 1.5 151.10000000149012 3
      vertex 44.399999998509884 151.10000000149012 3
    endloop
  endfacet
  facet normal 0 0 1
    outer loop
      vertex 24.774999998509884 155.70000000298023 3
      vertex 7.549999997019768 151.50864624232054 3
      vertex 44.399999998509884 151.10000000149012 3
    endloop
  endfacet
  facet normal 0 0 1
    outer loop
      vertex 28.024999998509884 155.70000000298023 3
      vertex 24.774999998509884 155.70000000298023 3
      vertex 44.399999998509884 151.10000000149012 3
    endloop
  endfacet
  facet normal 0 0 1
    outer loop
      vertex 28.024999998509884 155.70000000298023 3
      vertex 44.399999998509884 151.10000000149012 3
      vertex 44.399999998509884 157.20000000298023 3
    endloop
  endfacet
  facet normal 0 0 1
    outer loop
      vertex 28.024999998509884 160.70000000298023 3
      vertex 28.024999998509884 155.70000000298023 3
      vertex 44.399999998509884 157.20000000298023 3
    endloop
  endfacet
  facet normal 0 0 1
    outer loop
      vertex 107.875 160.70000000298023 3
      vertex 28.024999998509884 160.70000000298023 3
      vertex 44.399999998509884 157.20000000298023 3
    endloop
  endfacet
  facet normal 0 0 1
    outer loop
      vertex 58.399999998509884 157.20000000298023 3
      vertex 107.875 160.70000000298023 3
      vertex 44.399999998509884 157.20000000298023 3
    endloop
  endfacet
  facet normal 0 0 1
    outer loop
      vertex 3.625 144.20000000298023 3
      vertex 3.625 149.20000000298023 3
      vertex 1.5 149.20000000298023 3
    endloop
  endfacet
  facet normal 0 0 1
    outer loop
      vertex 3.625 144.20000000298023 3
      vertex 1.5 149.20000000298023 3
      vertex 1.5 139.60000000149012 3
    endloop
  endfacet
  facet normal 0 0 1
    outer loop
      vertex 10 139.60000000149012 3
      vertex 10 139.20000000298023 3
      vertex 24 139.20000000298023 3
    endloop
  endfacet
  facet normal 0 0 1
    outer loop
      vertex 10 139.60000000149012 3
      vertex 24 139.20000000298023 3
      vertex 24 139.60000000149012 3
    endloop
  endfacet
  facet normal 0 0 1
    outer loop
      vertex 95 139.60000000149012 3
      vertex 95 139.20000000298023 3
      vertex 109 139.20000000298023 3
    endloop
  endfacet
  facet normal 0 0 1
    outer loop
      vertex 95 139.60000000149012 3
      vertex 109 139.20000000298023 3
      vertex 109 139.60000000149012 3
    endloop
  endfacet
  facet normal 0 0 1
    outer loop
      vertex 109 139.60000000149012 3
      vertex 122 139.60000000149012 3
      vertex 122 141.67540983855724 3
    endloop
  endfacet
  facet normal 0 0 1
    outer loop
      vertex 128 140.20000000298023 3
      vertex 128 148.20000000298023 3
      vertex 122 146.72459015995264 3
    endloop
  endfacet
  facet normal 0 0 1
    outer loop
      vertex 122 141.67540983855724 3
      vertex 128 140.20000000298023 3
      vertex 122 146.72459015995264 3
    endloop
  endfacet
  facet normal 0 0 1
    outer loop
      vertex 109 139.60000000149012 3
      vertex 122 141.67540983855724 3
      vertex 122 146.72459015995264 3
    endloop
  endfacet
  facet normal 0 0 1
    outer loop
      vertex 6.875 144.20000000298023 3
      vertex 3.625 144.20000000298023 3
      vertex 1.5 139.60000000149012 3
    endloop
  endfacet
  facet normal 0 0 1
    outer loop
      vertex 6.875 144.20000000298023 3
      vertex 1.5 139.60000000149012 3
      vertex 10 139.60000000149012 3
    endloop
  endfacet
  facet normal 0 0 1
    outer loop
      vertex 109 139.60000000149012 3
      vertex 122 146.72459015995264 3
      vertex 122 149.20000000298023 3
    endloop
  endfacet
  facet normal 0 0 1
    outer loop
      vertex 6.875 144.20000000298023 3
      vertex 10 139.60000000149012 3
      vertex 24 139.60000000149012 3
    endloop
  endfacet
  facet normal 0 0 1
    outer loop
      vertex 6.875 149.20000000298023 3
      vertex 6.875 144.20000000298023 3
      vertex 24 139.60000000149012 3
    endloop
  endfacet
  facet normal 0 0 1
    outer loop
      vertex 62.274999998509884 149.20000000298023 3
      vertex 6.875 149.20000000298023 3
      vertex 24 139.60000000149012 3
    endloop
  endfacet
  facet normal 0 0 1
    outer loop
      vertex 62.274999998509884 144.20000000298023 3
      vertex 62.274999998509884 149.20000000298023 3
      vertex 24 139.60000000149012 3
    endloop
  endfacet
  facet normal 0 0 1
    outer loop
      vertex 62.274999998509884 144.20000000298023 3
      vertex 24 139.60000000149012 3
      vertex 95 139.60000000149012 3
    endloop
  endfacet
  facet normal 0 0 1
    outer loop
      vertex 65.52499999850988 144.20000000298023 3
      vertex 62.274999998509884 144.20000000298023 3
      vertex 95 139.60000000149012 3
    endloop
  endfacet
  facet normal 0 0 1
    outer loop
      vertex 65.52499999850988 149.20000000298023 3
      vertex 65.52499999850988 144.20000000298023 3
      vertex 95 139.60000000149012 3
    endloop
  endfacet
  facet normal 0 0 1
    outer loop
      vertex 95 139.60000000149012 3
      vertex 109 139.60000000149012 3
      vertex 122 149.20000000298023 3
    endloop
  endfacet
  facet normal 0 0 1
    outer loop
      vertex 95 139.60000000149012 3
      vertex 122 149.20000000298023 3
      vertex 65.52499999850988 149.20000000298023 3
    endloop
  endfacet
  facet normal 0 0 1
    outer loop
      vertex 1.5 137.70000000298023 3
      vertex 1.5 135.40364883840084 3
      vertex 7.549999997019768 136.89135376363993 3
    endloop
  endfacet
  facet normal 0 0 1
    outer loop
      vertex 24.774999998509884 137.70000000298023 3
      vertex 1.5 137.70000000298023 3
      vertex 7.549999997019768 136.89135376363993 3
    endloop
  endfacet
  facet normal 0 0 1
    outer loop
      vertex 7.549999997019768 128.50864624232054 3
      vertex 1.5 129.99635116010904 3
      vertex 1.5 128.10000000149012 3
    endloop
  endfacet
  facet normal 0 0 1
    outer loop
      vertex 24.774999998509884 132.70000000298023 3
      vertex 24.774999998509884 137.70000000298023 3
      vertex 7.549999997019768 136.89135376363993 3
    endloop
  endfacet
  facet normal 0 0 1
    outer loop
      vertex 24.774999998509884 132.70000000298023 3
      vertex 7.549999997019768 136.89135376363993 3
      vertex 7.549999997019768 128.50864624232054 3
    endloop
  endfacet
  facet normal 0 0 1
    outer loop
      vertex 171.89999999850988 137.70000000298023 3
      vertex 169.77499999850988 137.70000000298023 3
      vertex 169.77499999850988 132.70000000298023 3
    endloop
  endfacet
  facet normal 0 0 1
    outer loop
      vertex 171.89999999850988 128.10000000149012 3
      vertex 171.89999999850988 137.70000000298023 3
      vertex 169.77499999850988 132.70000000298023 3
    endloop
  endfacet
  facet normal 0 0 1
    outer loop
      vertex 166.52499999850988 132.70000000298023 3
      vertex 166.52499999850988 137.70000000298023 3
      vertex 111.125 137.70000000298023 3
    endloop
  endfacet
  facet normal 0 0 1
    outer loop
      vertex 166.52499999850988 132.70000000298023 3
      vertex 111.125 137.70000000298023 3
      vertex 111.125 132.70000000298023 3
    endloop
  endfacet
  facet normal 0 0 1
    outer loop
      vertex 171.89999999850988 128.10000000149012 3
      vertex 169.77499999850988 132.70000000298023 3
      vertex 166.52499999850988 132.70000000298023 3
    endloop
  endfacet
  facet normal 0 0 1
    outer loop
      vertex 171.89999999850988 128.10000000149012 3
      vertex 166.52499999850988 132.70000000298023 3
      vertex 111.125 132.70000000298023 3
    endloop
  endfacet
  facet normal 0 0 1
    outer loop
      vertex 58.399999998509884 128.10000000149012 3
      vertex 171.89999999850988 128.10000000149012 3
      vertex 111.125 132.70000000298023 3
    endloop
  endfacet
  facet normal 0 0 1
    outer loop
      vertex 58.399999998509884 128.10000000149012 3
      vertex 111.125 132.70000000298023 3
      vertex 107.875 132.70000000298023 3
    endloop
  endfacet
  facet normal 0 0 1
    outer loop
      vertex 58.399999998509884 134.20000000298023 3
      vertex 58.399999998509884 128.10000000149012 3
      vertex 107.875 132.70000000298023 3
    endloop
  endfacet
  facet normal 0 0 1
    outer loop
      vertex 58.399999998509884 134.20000000298023 3
      vertex 107.875 132.70000000298023 3
      vertex 107.875 137.70000000298023 3
    endloop
  endfacet
  facet normal 0 0 1
    outer loop
      vertex 7.549999997019768 128.50864624232054 3
      vertex 1.5 128.10000000149012 3
      vertex 44.399999998509884 128.10000000149012 3
    endloop
  endfacet
  facet normal 0 0 1
    outer loop
      vertex 24.774999998509884 132.70000000298023 3
      vertex 7.549999997019768 128.50864624232054 3
      vertex 44.399999998509884 128.10000000149012 3
    endloop
  endfacet
  facet normal 0 0 1
    outer loop
      vertex 28.024999998509884 132.70000000298023 3
      vertex 24.774999998509884 132.70000000298023 3
      vertex 44.399999998509884 128.10000000149012 3
    endloop
  endfacet
  facet normal 0 0 1
    outer loop
      vertex 28.024999998509884 132.70000000298023 3
      vertex 44.399999998509884 128.10000000149012 3
      vertex 44.399999998509884 134.20000000298023 3
    endloop
  endfacet
  facet normal 0 0 1
    outer loop
      vertex 28.024999998509884 137.70000000298023 3
      vertex 28.024999998509884 132.70000000298023 3
      vertex 44.399999998509884 134.20000000298023 3
    endloop
  endfacet
  facet normal 0 0 1
    outer loop
      vertex 107.875 137.70000000298023 3
      vertex 28.024999998509884 137.70000000298023 3
      vertex 44.399999998509884 134.20000000298023 3
    endloop
  endfacet
  facet normal 0 0 1
    outer loop
      vertex 58.399999998509884 134.20000000298023 3
      vertex 107.875 137.70000000298023 3
      vertex 44.399999998509884 134.20000000298023 3
    endloop
  endfacet
  facet normal 0 0 1
    outer loop
      vertex 122 124.12459015846252 3
      vertex 122 126.60000000149012 3
      vertex 65.52499999850988 126.60000000149012 3
    endloop
  endfacet
  facet normal 0 0 1
    outer loop
      vertex 122 124.12459015846252 3
      vertex 65.52499999850988 126.60000000149012 3
      vertex 65.52499999850988 121.60000000149012 3
    endloop
  endfacet
  facet normal 0 0 1
    outer loop
      vertex 62.274999998509884 121.60000000149012 3
      vertex 62.274999998509884 126.60000000149012 3
      vertex 6.875 126.60000000149012 3
    endloop
  endfacet
  facet normal 0 0 1
    outer loop
      vertex 62.274999998509884 121.60000000149012 3
      vertex 6.875 126.60000000149012 3
      vertex 6.875 121.60000000149012 3
    endloop
  endfacet
  facet normal 0 0 1
    outer loop
      vertex 3.625 121.60000000149012 3
      vertex 3.625 126.60000000149012 3
      vertex 1.5 126.60000000149012 3
    endloop
  endfacet
  facet normal 0 0 1
    outer loop
      vertex 3.625 121.60000000149012 3
      vertex 1.5 126.60000000149012 3
      vertex 1.5 117 3
    endloop
  endfacet
  facet normal 0 0 1
    outer loop
      vertex 128 117.60000000149012 3
      vertex 128 125.60000000149012 3
      vertex 122 124.12459015846252 3
    endloop
  endfacet
  facet normal 0 0 1
    outer loop
      vertex 122 119.07540983706713 3
      vertex 128 117.60000000149012 3
      vertex 122 124.12459015846252 3
    endloop
  endfacet
  facet normal 0 0 1
    outer loop
      vertex 122 119.07540983706713 3
      vertex 122 124.12459015846252 3
      vertex 65.52499999850988 121.60000000149012 3
    endloop
  endfacet
  facet normal 0 0 1
    outer loop
      vertex 122 117 3
      vertex 122 119.07540983706713 3
      vertex 65.52499999850988 121.60000000149012 3
    endloop
  endfacet
  facet normal 0 0 1
    outer loop
      vertex 1.5 117 3
      vertex 122 117 3
      vertex 65.52499999850988 121.60000000149012 3
    endloop
  endfacet
  facet normal 0 0 1
    outer loop
      vertex 1.5 117 3
      vertex 65.52499999850988 121.60000000149012 3
      vertex 62.274999998509884 121.60000000149012 3
    endloop
  endfacet
  facet normal 0 0 1
    outer loop
      vertex 6.875 121.60000000149012 3
      vertex 3.625 121.60000000149012 3
      vertex 1.5 117 3
    endloop
  endfacet
  facet normal 0 0 1
    outer loop
      vertex 6.875 121.60000000149012 3
      vertex 1.5 117 3
      vertex 62.274999998509884 121.60000000149012 3
    endloop
  endfacet
  facet normal 0 0 1
    outer loop
      vertex 1.5 113.60000000149012 3
      vertex 1.5 111.30364883691072 3
      vertex 7.549999997019768 112.79135376214981 3
    endloop
  endfacet
  facet normal 0 0 1
    outer loop
      vertex 7.549999997019768 104.40864624083042 3
      vertex 1.5 105.89635115861893 3
      vertex 1.5 104 3
    endloop
  endfacet
  facet normal 0 0 1
    outer loop
      vertex 29.774999998509884 113.60000000149012 3
      vertex 1.5 113.60000000149012 3
      vertex 7.549999997019768 112.79135376214981 3
    endloop
  endfacet
  facet normal 0 0 1
    outer loop
      vertex 29.774999998509884 108.60000000149012 3
      vertex 29.774999998509884 113.60000000149012 3
      vertex 7.549999997019768 112.79135376214981 3
    endloop
  endfacet
  facet normal 0 0 1
    outer loop
      vertex 29.774999998509884 108.60000000149012 3
      vertex 7.549999997019768 112.79135376214981 3
      vertex 7.549999997019768 104.40864624083042 3
    endloop
  endfacet
  facet normal 0 0 1
    outer loop
      vertex 131.89999999850988 115.5 3
      vertex 129.77499999850988 115.5 3
      vertex 129.77499999850988 108.60000000149012 3
    endloop
  endfacet
  facet normal 0 0 1
    outer loop
      vertex 131.89999999850988 104 3
      vertex 131.89999999850988 115.5 3
      vertex 129.77499999850988 108.60000000149012 3
    endloop
  endfacet
  facet normal 0 0 1
    outer loop
      vertex 126.52499999850988 108.60000000149012 3
      vertex 126.52499999850988 115.5 3
      vertex 71.125 115.5 3
    endloop
  endfacet
  facet normal 0 0 1
    outer loop
      vertex 126.52499999850988 108.60000000149012 3
      vertex 71.125 115.5 3
      vertex 71.125 108.60000000149012 3
    endloop
  endfacet
  facet normal 0 0 1
    outer loop
      vertex 67.875 115.5 3
      vertex 67.19999999552965 115.5 3
      vertex 67.19999999552965 113.60000000149012 3
    endloop
  endfacet
  facet normal 0 0 1
    outer loop
      vertex 67.875 108.60000000149012 3
      vertex 67.875 115.5 3
      vertex 67.19999999552965 113.60000000149012 3
    endloop
  endfacet
  facet normal 0 0 1
    outer loop
      vertex 67.19999999552965 113.60000000149012 3
      vertex 33.024999998509884 113.60000000149012 3
      vertex 33.024999998509884 108.60000000149012 3
    endloop
  endfacet
  facet normal 0 0 1
    outer loop
      vertex 67.875 108.60000000149012 3
      vertex 67.19999999552965 113.60000000149012 3
      vertex 33.024999998509884 108.60000000149012 3
    endloop
  endfacet
  facet normal 0 0 1
    outer loop
      vertex 131.89999999850988 104 3
      vertex 129.77499999850988 108.60000000149012 3
      vertex 126.52499999850988 108.60000000149012 3
    endloop
  endfacet
  facet normal 0 0 1
    outer loop
      vertex 131.89999999850988 104 3
      vertex 126.52499999850988 108.60000000149012 3
      vertex 71.125 108.60000000149012 3
    endloop
  endfacet
  facet normal 0 0 1
    outer loop
      vertex 33.024999998509884 108.60000000149012 3
      vertex 29.774999998509884 108.60000000149012 3
      vertex 7.549999997019768 104.40864624083042 3
    endloop
  endfacet
  facet normal 0 0 1
    outer loop
      vertex 67.875 108.60000000149012 3
      vertex 33.024999998509884 108.60000000149012 3
      vertex 7.549999997019768 104.40864624083042 3
    endloop
  endfacet
  facet normal 0 0 1
    outer loop
      vertex 1.5 104 3
      vertex 131.89999999850988 104 3
      vertex 71.125 108.60000000149012 3
    endloop
  endfacet
  facet normal 0 0 1
    outer loop
      vertex 7.549999997019768 104.40864624083042 3
      vertex 1.5 104 3
      vertex 71.125 108.60000000149012 3
    endloop
  endfacet
  facet normal 0 0 1
    outer loop
      vertex 67.875 108.60000000149012 3
      vertex 7.549999997019768 104.40864624083042 3
      vertex 71.125 108.60000000149012 3
    endloop
  endfacet
  facet normal 0 0 1
    outer loop
      vertex 162 98.12459015846252 3
      vertex 162 100.60000000149012 3
      vertex 148.625 100.60000000149012 3
    endloop
  endfacet
  facet normal 0 0 1
    outer loop
      vertex 162 98.12459015846252 3
      vertex 148.625 100.60000000149012 3
      vertex 148.625 95.60000000149012 3
    endloop
  endfacet
  facet normal 0 0 1
    outer loop
      vertex 145.375 95.60000000149012 3
      vertex 145.375 100.60000000149012 3
      vertex 103.625 100.60000000149012 3
    endloop
  endfacet
  facet normal 0 0 1
    outer loop
      vertex 145.375 95.60000000149012 3
      vertex 103.625 100.60000000149012 3
      vertex 103.625 95.60000000149012 3
    endloop
  endfacet
  facet normal 0 0 1
    outer loop
      vertex 100.375 95.60000000149012 3
      vertex 100.375 100.60000000149012 3
      vertex 66.20000000298023 100.60000000149012 3
    endloop
  endfacet
  facet normal 0 0 1
    outer loop
      vertex 66.20000000298023 100.60000000149012 3
      vertex 66.20000000298023 102.5 3
      vertex 65.52499999850988 102.5 3
    endloop
  endfacet
  facet normal 0 0 1
    outer loop
      vertex 66.20000000298023 100.60000000149012 3
      vertex 65.52499999850988 102.5 3
      vertex 65.52499999850988 95.60000000149012 3
    endloop
  endfacet
  facet normal 0 0 1
    outer loop
      vertex 100.375 95.60000000149012 3
      vertex 66.20000000298023 100.60000000149012 3
      vertex 65.52499999850988 95.60000000149012 3
    endloop
  endfacet
  facet normal 0 0 1
    outer loop
      vertex 62.274999998509884 95.60000000149012 3
      vertex 62.274999998509884 102.5 3
      vertex 6.875 102.5 3
    endloop
  endfacet
  facet normal 0 0 1
    outer loop
      vertex 62.274999998509884 95.60000000149012 3
      vertex 6.875 102.5 3
      vertex 6.875 95.60000000149012 3
    endloop
  endfacet
  facet normal 0 0 1
    outer loop
      vertex 3.625 95.60000000149012 3
      vertex 3.625 102.5 3
      vertex 1.5 102.5 3
    endloop
  endfacet
  facet normal 0 0 1
    outer loop
      vertex 3.625 95.60000000149012 3
      vertex 1.5 102.5 3
      vertex 1.5 91 3
    endloop
  endfacet
  facet normal 0 0 1
    outer loop
      vertex 168 91.60000000149012 3
      vertex 168 99.60000000149012 3
      vertex 162 98.12459015846252 3
    endloop
  endfacet
  facet normal 0 0 1
    outer loop
      vertex 162 93.07540983706713 3
      vertex 168 91.60000000149012 3
      vertex 162 98.12459015846252 3
    endloop
  endfacet
  facet normal 0 0 1
    outer loop
      vertex 162 93.07540983706713 3
      vertex 162 98.12459015846252 3
      vertex 148.625 95.60000000149012 3
    endloop
  endfacet
  facet normal 0 0 1
    outer loop
      vertex 162 91 3
      vertex 162 93.07540983706713 3
      vertex 148.625 95.60000000149012 3
    endloop
  endfacet
  facet normal 0 0 1
    outer loop
      vertex 6.875 95.60000000149012 3
      vertex 3.625 95.60000000149012 3
      vertex 1.5 91 3
    endloop
  endfacet
  facet normal 0 0 1
    outer loop
      vertex 62.274999998509884 95.60000000149012 3
      vertex 6.875 95.60000000149012 3
      vertex 1.5 91 3
    endloop
  endfacet
  facet normal 0 0 1
    outer loop
      vertex 162 91 3
      vertex 148.625 95.60000000149012 3
      vertex 145.375 95.60000000149012 3
    endloop
  endfacet
  facet normal 0 0 1
    outer loop
      vertex 162 91 3
      vertex 145.375 95.60000000149012 3
      vertex 103.625 95.60000000149012 3
    endloop
  endfacet
  facet normal 0 0 1
    outer loop
      vertex 1.5 91 3
      vertex 162 91 3
      vertex 103.625 95.60000000149012 3
    endloop
  endfacet
  facet normal 0 0 1
    outer loop
      vertex 1.5 91 3
      vertex 103.625 95.60000000149012 3
      vertex 100.375 95.60000000149012 3
    endloop
  endfacet
  facet normal 0 0 1
    outer loop
      vertex 1.5 91 3
      vertex 100.375 95.60000000149012 3
      vertex 65.52499999850988 95.60000000149012 3
    endloop
  endfacet
  facet normal 0 0 1
    outer loop
      vertex 62.274999998509884 95.60000000149012 3
      vertex 1.5 91 3
      vertex 65.52499999850988 95.60000000149012 3
    endloop
  endfacet
  facet normal 0 0 1
    outer loop
      vertex 1.5 89.5 3
      vertex 1.5 84.20364883542061 3
      vertex 7.549999997019768 85.6913537606597 3
    endloop
  endfacet
  facet normal 0 0 1
    outer loop
      vertex 7.549999997019768 77.3086462393403 3
      vertex 1.5 78.79635115712881 3
      vertex 1.5 76.89999999850988 3
    endloop
  endfacet
  facet normal 0 0 1
    outer loop
      vertex 29.774999998509884 89.5 3
      vertex 1.5 89.5 3
      vertex 7.549999997019768 85.6913537606597 3
    endloop
  endfacet
  facet normal 0 0 1
    outer loop
      vertex 7.549999997019768 77.3086462393403 3
      vertex 1.5 76.89999999850988 3
      vertex 24.399999998509884 76.89999999850988 3
    endloop
  endfacet
  facet normal 0 0 1
    outer loop
      vertex 131.89999999850988 88.39999999850988 3
      vertex 129.77499999850988 88.39999999850988 3
      vertex 129.77499999850988 81.5 3
    endloop
  endfacet
  facet normal 0 0 1
    outer loop
      vertex 131.89999999850988 76.89999999850988 3
      vertex 131.89999999850988 88.39999999850988 3
      vertex 129.77499999850988 81.5 3
    endloop
  endfacet
  facet normal 0 0 1
    outer loop
      vertex 67.875 81.5 3
      vertex 67.875 88.39999999850988 3
      vertex 67.19999999552965 88.39999999850988 3
    endloop
  endfacet
  facet normal 0 0 1
    outer loop
      vertex 109.39999999850988 76.89999999850988 3
      vertex 109.39999999850988 76.5 3
      vertex 123.39999999850988 76.5 3
    endloop
  endfacet
  facet normal 0 0 1
    outer loop
      vertex 109.39999999850988 76.89999999850988 3
      vertex 123.39999999850988 76.5 3
      vertex 123.39999999850988 76.89999999850988 3
    endloop
  endfacet
  facet normal 0 0 1
    outer loop
      vertex 7.549999997019768 85.6913537606597 3
      vertex 7.549999997019768 77.3086462393403 3
      vertex 24.399999998509884 76.89999999850988 3
    endloop
  endfacet
  facet normal 0 0 1
    outer loop
      vertex 67.19999999552965 88.39999999850988 3
      vertex 67.19999999552965 89.5 3
      vertex 33.024999998509884 89.5 3
    endloop
  endfacet
  facet normal 0 0 1
    outer loop
      vertex 67.875 81.5 3
      vertex 67.19999999552965 88.39999999850988 3
      vertex 33.024999998509884 89.5 3
    endloop
  endfacet
  facet normal 0 0 1
    outer loop
      vertex 29.774999998509884 81.5 3
      vertex 29.774999998509884 89.5 3
      vertex 7.549999997019768 85.6913537606597 3
    endloop
  endfacet
  facet normal 0 0 1
    outer loop
      vertex 29.774999998509884 81.5 3
      vertex 7.549999997019768 85.6913537606597 3
      vertex 24.399999998509884 76.89999999850988 3
    endloop
  endfacet
  facet normal 0 0 1
    outer loop
      vertex 131.89999999850988 76.89999999850988 3
      vertex 129.77499999850988 81.5 3
      vertex 126.52499999850988 81.5 3
    endloop
  endfacet
  facet normal 0 0 1
    outer loop
      vertex 123.39999999850988 76.89999999850988 3
      vertex 131.89999999850988 76.89999999850988 3
      vertex 126.52499999850988 81.5 3
    endloop
  endfacet
  facet normal 0 0 1
    outer loop
      vertex 67.875 81.5 3
      vertex 33.024999998509884 89.5 3
      vertex 33.024999998509884 81.5 3
    endloop
  endfacet
  facet normal 0 0 1
    outer loop
      vertex 24.399999998509884 76.89999999850988 3
      vertex 24.399999998509884 76.5 3
      vertex 38.399999998509884 76.5 3
    endloop
  endfacet
  facet normal 0 0 1
    outer loop
      vertex 24.399999998509884 76.89999999850988 3
      vertex 38.399999998509884 76.5 3
      vertex 38.399999998509884 76.89999999850988 3
    endloop
  endfacet
  facet normal 0 0 1
    outer loop
      vertex 109.39999999850988 76.89999999850988 3
      vertex 123.39999999850988 76.89999999850988 3
      vertex 126.52499999850988 81.5 3
    endloop
  endfacet
  facet normal 0 0 1
    outer loop
      vertex 109.39999999850988 76.89999999850988 3
      vertex 126.52499999850988 81.5 3
      vertex 126.52499999850988 88.39999999850988 3
    endloop
  endfacet
  facet normal 0 0 1
    outer loop
      vertex 109.39999999850988 76.89999999850988 3
      vertex 126.52499999850988 88.39999999850988 3
      vertex 71.125 88.39999999850988 3
    endloop
  endfacet
  facet normal 0 0 1
    outer loop
      vertex 109.39999999850988 76.89999999850988 3
      vertex 71.125 88.39999999850988 3
      vertex 71.125 81.5 3
    endloop
  endfacet
  facet normal 0 0 1
    outer loop
      vertex 38.399999998509884 76.89999999850988 3
      vertex 109.39999999850988 76.89999999850988 3
      vertex 71.125 81.5 3
    endloop
  endfacet
  facet normal 0 0 1
    outer loop
      vertex 38.399999998509884 76.89999999850988 3
      vertex 71.125 81.5 3
      vertex 67.875 81.5 3
    endloop
  endfacet
  facet normal 0 0 1
    outer loop
      vertex 38.399999998509884 76.89999999850988 3
      vertex 67.875 81.5 3
      vertex 33.024999998509884 81.5 3
    endloop
  endfacet
  facet normal 0 0 1
    outer loop
      vertex 29.774999998509884 81.5 3
      vertex 24.399999998509884 76.89999999850988 3
      vertex 38.399999998509884 76.89999999850988 3
    endloop
  endfacet
  facet normal 0 0 1
    outer loop
      vertex 29.774999998509884 81.5 3
      vertex 38.399999998509884 76.89999999850988 3
      vertex 33.024999998509884 81.5 3
    endloop
  endfacet
  facet normal 0 0 1
    outer loop
      vertex 162 69.52459015697241 3
      vertex 162 75 3
      vertex 148.625 75 3
    endloop
  endfacet
  facet normal 0 0 1
    outer loop
      vertex 162 69.52459015697241 3
      vertex 148.625 75 3
      vertex 148.625 67 3
    endloop
  endfacet
  facet normal 0 0 1
    outer loop
      vertex 66.20000000298023 73.89999999850988 3
      vertex 65.52499999850988 73.89999999850988 3
      vertex 65.52499999850988 67 3
    endloop
  endfacet
  facet normal 0 0 1
    outer loop
      vertex 3.625 67 3
      vertex 3.625 73.89999999850988 3
      vertex 1.5 73.89999999850988 3
    endloop
  endfacet
  facet normal 0 0 1
    outer loop
      vertex 3.625 67 3
      vertex 1.5 73.89999999850988 3
      vertex 1.5 62.399999998509884 3
    endloop
  endfacet
  facet normal 0 0 1
    outer loop
      vertex 10 62.399999998509884 3
      vertex 10 62 3
      vertex 24 62 3
    endloop
  endfacet
  facet normal 0 0 1
    outer loop
      vertex 10 62.399999998509884 3
      vertex 24 62 3
      vertex 24 62.399999998509884 3
    endloop
  endfacet
  facet normal 0 0 1
    outer loop
      vertex 100.375 75 3
      vertex 66.20000000298023 75 3
      vertex 66.20000000298023 73.89999999850988 3
    endloop
  endfacet
  facet normal 0 0 1
    outer loop
      vertex 145.375 67 3
      vertex 145.375 75 3
      vertex 103.625 75 3
    endloop
  endfacet
  facet normal 0 0 1
    outer loop
      vertex 100.375 75 3
      vertex 66.20000000298023 73.89999999850988 3
      vertex 65.52499999850988 67 3
    endloop
  endfacet
  facet normal 0 0 1
    outer loop
      vertex 168 63 3
      vertex 168 71 3
      vertex 162 69.52459015697241 3
    endloop
  endfacet
  facet normal 0 0 1
    outer loop
      vertex 162 64.47540983557701 3
      vertex 168 63 3
      vertex 162 69.52459015697241 3
    endloop
  endfacet
  facet normal 0 0 1
    outer loop
      vertex 162 64.47540983557701 3
      vertex 162 69.52459015697241 3
      vertex 148.625 67 3
    endloop
  endfacet
  facet normal 0 0 1
    outer loop
      vertex 162 62.399999998509884 3
      vertex 162 64.47540983557701 3
      vertex 148.625 67 3
    endloop
  endfacet
  facet normal 0 0 1
    outer loop
      vertex 109 62.399999998509884 3
      vertex 162 62.399999998509884 3
      vertex 148.625 67 3
    endloop
  endfacet
  facet normal 0 0 1
    outer loop
      vertex 109 62.399999998509884 3
      vertex 148.625 67 3
      vertex 145.375 67 3
    endloop
  endfacet
  facet normal 0 0 1
    outer loop
      vertex 145.375 67 3
      vertex 103.625 75 3
      vertex 103.625 67 3
    endloop
  endfacet
  facet normal 0 0 1
    outer loop
      vertex 109 62.399999998509884 3
      vertex 145.375 67 3
      vertex 103.625 67 3
    endloop
  endfacet
  facet normal 0 0 1
    outer loop
      vertex 6.875 67 3
      vertex 3.625 67 3
      vertex 1.5 62.399999998509884 3
    endloop
  endfacet
  facet normal 0 0 1
    outer loop
      vertex 6.875 67 3
      vertex 1.5 62.399999998509884 3
      vertex 10 62.399999998509884 3
    endloop
  endfacet
  facet normal 0 0 1
    outer loop
      vertex 100.375 67 3
      vertex 100.375 75 3
      vertex 65.52499999850988 67 3
    endloop
  endfacet
  facet normal 0 0 1
    outer loop
      vertex 95 62.399999998509884 3
      vertex 95 62 3
      vertex 109 62 3
    endloop
  endfacet
  facet normal 0 0 1
    outer loop
      vertex 95 62.399999998509884 3
      vertex 109 62 3
      vertex 109 62.399999998509884 3
    endloop
  endfacet
  facet normal 0 0 1
    outer loop
      vertex 6.875 67 3
      vertex 10 62.399999998509884 3
      vertex 24 62.399999998509884 3
    endloop
  endfacet
  facet normal 0 0 1
    outer loop
      vertex 6.875 73.89999999850988 3
      vertex 6.875 67 3
      vertex 24 62.399999998509884 3
    endloop
  endfacet
  facet normal 0 0 1
    outer loop
      vertex 62.274999998509884 73.89999999850988 3
      vertex 6.875 73.89999999850988 3
      vertex 24 62.399999998509884 3
    endloop
  endfacet
  facet normal 0 0 1
    outer loop
      vertex 62.274999998509884 67 3
      vertex 62.274999998509884 73.89999999850988 3
      vertex 24 62.399999998509884 3
    endloop
  endfacet
  facet normal 0 0 1
    outer loop
      vertex 62.274999998509884 67 3
      vertex 24 62.399999998509884 3
      vertex 95 62.399999998509884 3
    endloop
  endfacet
  facet normal 0 0 1
    outer loop
      vertex 65.52499999850988 67 3
      vertex 62.274999998509884 67 3
      vertex 95 62.399999998509884 3
    endloop
  endfacet
  facet normal 0 0 1
    outer loop
      vertex 100.375 67 3
      vertex 65.52499999850988 67 3
      vertex 95 62.399999998509884 3
    endloop
  endfacet
  facet normal 0 0 1
    outer loop
      vertex 95 62.399999998509884 3
      vertex 109 62.399999998509884 3
      vertex 103.625 67 3
    endloop
  endfacet
  facet normal 0 0 1
    outer loop
      vertex 100.375 67 3
      vertex 95 62.399999998509884 3
      vertex 103.625 67 3
    endloop
  endfacet
  facet normal 0 0 1
    outer loop
      vertex 62.29999999701977 55.54999999701977 3
      vertex 62.29999999701977 58.95000000298023 3
      vertex 39.70000000298023 58.95000000298023 3
    endloop
  endfacet
  facet normal 0 0 1
    outer loop
      vertex 62.29999999701977 55.54999999701977 3
      vertex 39.70000000298023 58.95000000298023 3
      vertex 39.70000000298023 55.54999999701977 3
    endloop
  endfacet
  facet normal 0 0 1
    outer loop
      vertex 81.59807620942593 59 3
      vertex 74.70000000298023 58.95000000298023 3
      vertex 74.70000000298023 55.54999999701977 3
    endloop
  endfacet
  facet normal 0 0 1
    outer loop
      vertex 81.77163859456778 58.64805030077696 3
      vertex 81.59807620942593 59 3
      vertex 74.70000000298023 55.54999999701977 3
    endloop
  endfacet
  facet normal 0 0 1
    outer loop
      vertex 81.89777747541666 58.27645713835955 3
      vertex 81.77163859456778 58.64805030077696 3
      vertex 74.70000000298023 55.54999999701977 3
    endloop
  endfacet
  facet normal 0 0 1
    outer loop
      vertex 81.97433458268642 57.89157857745886 3
      vertex 81.89777747541666 58.27645713835955 3
      vertex 74.70000000298023 55.54999999701977 3
    endloop
  endfacet
  facet normal 0 0 1
    outer loop
      vertex 82 57.5 3
      vertex 81.97433458268642 57.89157857745886 3
      vertex 74.70000000298023 55.54999999701977 3
    endloop
  endfacet
  facet normal 0 0 1
    outer loop
      vertex 82 4.5 3
      vertex 82 57.5 3
      vertex 74.70000000298023 55.54999999701977 3
    endloop
  endfacet
  facet normal 0 0 1
    outer loop
      vertex 82 4.5 3
      vertex 74.70000000298023 55.54999999701977 3
      vertex 62.29999999701977 55.54999999701977 3
    endloop
  endfacet
  facet normal 0 0 1
    outer loop
      vertex 82 4.5 3
      vertex 62.29999999701977 55.54999999701977 3
      vertex 39.70000000298023 55.54999999701977 3
    endloop
  endfacet
  facet normal 0 0 1
    outer loop
      vertex 82 4.5 3
      vertex 39.70000000298023 55.54999999701977 3
      vertex 27.299999997019768 55.54999999701977 3
    endloop
  endfacet
  facet normal 0 0 1
    outer loop
      vertex 81.97433458268642 4.1084214225411415 3
      vertex 82 4.5 3
      vertex 27.299999997019768 55.54999999701977 3
    endloop
  endfacet
  facet normal 0 0 1
    outer loop
      vertex 81.89777747541666 3.7235428616404533 3
      vertex 81.97433458268642 4.1084214225411415 3
      vertex 27.299999997019768 55.54999999701977 3
    endloop
  endfacet
  facet normal 0 0 1
    outer loop
      vertex 81.77163859456778 3.3519496992230415 3
      vertex 81.89777747541666 3.7235428616404533 3
      vertex 27.299999997019768 55.54999999701977 3
    endloop
  endfacet
  facet normal 0 0 1
    outer loop
      vertex 81.59807620942593 3 3
      vertex 81.77163859456778 3.3519496992230415 3
      vertex 27.299999997019768 55.54999999701977 3
    endloop
  endfacet
  facet normal 0 0 1
    outer loop
      vertex 81.3800600245595 2.6737157106399536 3
      vertex 81.59807620942593 3 3
      vertex 27.299999997019768 55.54999999701977 3
    endloop
  endfacet
  facet normal 0 0 1
    outer loop
      vertex 81.1213203445077 2.3786796554923058 3
      vertex 81.3800600245595 2.6737157106399536 3
      vertex 27.299999997019768 55.54999999701977 3
    endloop
  endfacet
  facet normal 0 0 1
    outer loop
      vertex 80.82628428936005 2.119939975440502 3
      vertex 81.1213203445077 2.3786796554923058 3
      vertex 27.299999997019768 55.54999999701977 3
    endloop
  endfacet
  facet normal 0 0 1
    outer loop
      vertex 80.5 1.9019237905740738 3
      vertex 80.82628428936005 2.119939975440502 3
      vertex 27.299999997019768 55.54999999701977 3
    endloop
  endfacet
  facet normal 0 0 1
    outer loop
      vertex 80.14805030077696 1.7283614054322243 3
      vertex 80.5 1.9019237905740738 3
      vertex 27.299999997019768 55.54999999701977 3
    endloop
  endfacet
  facet normal 0 0 1
    outer loop
      vertex 79.77645713835955 1.6022225245833397 3
      vertex 80.14805030077696 1.7283614054322243 3
      vertex 27.299999997019768 55.54999999701977 3
    endloop
  endfacet
  facet normal 0 0 1
    outer loop
      vertex 79.39157857745886 1.5256654173135757 3
      vertex 79.77645713835955 1.6022225245833397 3
      vertex 27.299999997019768 55.54999999701977 3
    endloop
  endfacet
  facet normal 0 0 1
    outer loop
      vertex 79 1.5 3
      vertex 79.39157857745886 1.5256654173135757 3
      vertex 27.299999997019768 55.54999999701977 3
    endloop
  endfacet
  facet normal 0 0 1
    outer loop
      vertex 4.5 1.5 3
      vertex 79 1.5 3
      vertex 27.299999997019768 55.54999999701977 3
    endloop
  endfacet
  facet normal 0 0 1
    outer loop
      vertex 4.1084214225411415 1.5256654173135757 3
      vertex 4.5 1.5 3
      vertex 27.299999997019768 55.54999999701977 3
    endloop
  endfacet
  facet normal 0 0 1
    outer loop
      vertex 3.7235428616404533 1.6022225245833397 3
      vertex 4.1084214225411415 1.5256654173135757 3
      vertex 27.299999997019768 55.54999999701977 3
    endloop
  endfacet
  facet normal 0 0 1
    outer loop
      vertex 3.3519496992230415 1.7283614054322243 3
      vertex 3.7235428616404533 1.6022225245833397 3
      vertex 27.299999997019768 55.54999999701977 3
    endloop
  endfacet
  facet normal 0 0 1
    outer loop
      vertex 3 1.9019237905740738 3
      vertex 3.3519496992230415 1.7283614054322243 3
      vertex 27.299999997019768 55.54999999701977 3
    endloop
  endfacet
  facet normal 0 0 1
    outer loop
      vertex 2.6737157106399536 2.119939975440502 3
      vertex 3 1.9019237905740738 3
      vertex 27.299999997019768 55.54999999701977 3
    endloop
  endfacet
  facet normal 0 0 1
    outer loop
      vertex 2.3786796554923058 2.3786796554923058 3
      vertex 2.6737157106399536 2.119939975440502 3
      vertex 27.299999997019768 55.54999999701977 3
    endloop
  endfacet
  facet normal 0 0 1
    outer loop
      vertex 2.119939975440502 2.6737157106399536 3
      vertex 2.3786796554923058 2.3786796554923058 3
      vertex 27.299999997019768 55.54999999701977 3
    endloop
  endfacet
  facet normal 0 0 1
    outer loop
      vertex 1.9019237905740738 3 3
      vertex 2.119939975440502 2.6737157106399536 3
      vertex 27.299999997019768 55.54999999701977 3
    endloop
  endfacet
  facet normal 0 0 1
    outer loop
      vertex 1.7283614054322243 3.3519496992230415 3
      vertex 1.9019237905740738 3 3
      vertex 27.299999997019768 55.54999999701977 3
    endloop
  endfacet
  facet normal 0 0 1
    outer loop
      vertex 1.6022225245833397 3.7235428616404533 3
      vertex 1.7283614054322243 3.3519496992230415 3
      vertex 27.299999997019768 55.54999999701977 3
    endloop
  endfacet
  facet normal 0 0 1
    outer loop
      vertex 1.5256654173135757 4.1084214225411415 3
      vertex 1.6022225245833397 3.7235428616404533 3
      vertex 27.299999997019768 55.54999999701977 3
    endloop
  endfacet
  facet normal 0 0 1
    outer loop
      vertex 1.5 4.5 3
      vertex 1.5256654173135757 4.1084214225411415 3
      vertex 27.299999997019768 55.54999999701977 3
    endloop
  endfacet
  facet normal 0 0 1
    outer loop
      vertex 1.5 57.5 3
      vertex 1.5 4.5 3
      vertex 27.299999997019768 55.54999999701977 3
    endloop
  endfacet
  facet normal 0 0 1
    outer loop
      vertex 1.5256654173135757 57.89157857745886 3
      vertex 1.5 57.5 3
      vertex 27.299999997019768 55.54999999701977 3
    endloop
  endfacet
  facet normal 0 0 1
    outer loop
      vertex 1.6022225245833397 58.27645713835955 3
      vertex 1.5256654173135757 57.89157857745886 3
      vertex 27.299999997019768 55.54999999701977 3
    endloop
  endfacet
  facet normal 0 0 1
    outer loop
      vertex 1.7283614054322243 58.64805030077696 3
      vertex 1.6022225245833397 58.27645713835955 3
      vertex 27.299999997019768 55.54999999701977 3
    endloop
  endfacet
  facet normal 0 0 1
    outer loop
      vertex 1.9019237905740738 59 3
      vertex 1.7283614054322243 58.64805030077696 3
      vertex 27.299999997019768 55.54999999701977 3
    endloop
  endfacet
  facet normal 0 0 1
    outer loop
      vertex 2.119939975440502 59.326284289360046 3
      vertex 1.9019237905740738 59 3
      vertex 27.299999997019768 55.54999999701977 3
    endloop
  endfacet
  facet normal 0 0 1
    outer loop
      vertex 2.3786796554923058 59.621320344507694 3
      vertex 2.119939975440502 59.326284289360046 3
      vertex 27.299999997019768 55.54999999701977 3
    endloop
  endfacet
  facet normal 0 0 1
    outer loop
      vertex 2.6737157106399536 59.8800600245595 3
      vertex 2.3786796554923058 59.621320344507694 3
      vertex 27.299999997019768 55.54999999701977 3
    endloop
  endfacet
  facet normal 0 0 1
    outer loop
      vertex 3 60.098076209425926 3
      vertex 2.6737157106399536 59.8800600245595 3
      vertex 27.299999997019768 55.54999999701977 3
    endloop
  endfacet
  facet normal 0 0 1
    outer loop
      vertex 3.3519496992230415 60.271638594567776 3
      vertex 3 60.098076209425926 3
      vertex 27.299999997019768 55.54999999701977 3
    endloop
  endfacet
  facet normal 0 0 1
    outer loop
      vertex 3.7235428616404533 60.39777747541666 3
      vertex 3.3519496992230415 60.271638594567776 3
      vertex 27.299999997019768 55.54999999701977 3
    endloop
  endfacet
  facet normal 0 0 1
    outer loop
      vertex 4.1084214225411415 60.474334582686424 3
      vertex 3.7235428616404533 60.39777747541666 3
      vertex 27.299999997019768 55.54999999701977 3
    endloop
  endfacet
  facet normal 0 0 1
    outer loop
      vertex 4.5 60.5 3
      vertex 4.1084214225411415 60.474334582686424 3
      vertex 27.299999997019768 55.54999999701977 3
    endloop
  endfacet
  facet normal 0 0 1
    outer loop
      vertex 4.5 60.5 3
      vertex 27.299999997019768 55.54999999701977 3
      vertex 27.299999997019768 58.95000000298023 3
    endloop
  endfacet
  facet normal 0 0 1
    outer loop
      vertex 74.70000000298023 58.95000000298023 3
      vertex 81.59807620942593 59 3
      vertex 81.3800600245595 59.326284289360046 3
    endloop
  endfacet
  facet normal 0 0 1
    outer loop
      vertex 74.70000000298023 58.95000000298023 3
      vertex 81.3800600245595 59.326284289360046 3
      vertex 81.1213203445077 59.621320344507694 3
    endloop
  endfacet
  facet normal 0 0 1
    outer loop
      vertex 74.70000000298023 58.95000000298023 3
      vertex 81.1213203445077 59.621320344507694 3
      vertex 80.82628428936005 59.8800600245595 3
    endloop
  endfacet
  facet normal 0 0 1
    outer loop
      vertex 74.70000000298023 58.95000000298023 3
      vertex 80.82628428936005 59.8800600245595 3
      vertex 80.5 60.098076209425926 3
    endloop
  endfacet
  facet normal 0 0 1
    outer loop
      vertex 74.70000000298023 58.95000000298023 3
      vertex 80.5 60.098076209425926 3
      vertex 80.14805030077696 60.271638594567776 3
    endloop
  endfacet
  facet normal 0 0 1
    outer loop
      vertex 74.70000000298023 58.95000000298023 3
      vertex 80.14805030077696 60.271638594567776 3
      vertex 79.77645713835955 60.39777747541666 3
    endloop
  endfacet
  facet normal 0 0 1
    outer loop
      vertex 74.70000000298023 58.95000000298023 3
      vertex 79.77645713835955 60.39777747541666 3
      vertex 79.39157857745886 60.474334582686424 3
    endloop
  endfacet
  facet normal 0 0 1
    outer loop
      vertex 74.70000000298023 58.95000000298023 3
      vertex 79.39157857745886 60.474334582686424 3
      vertex 79 60.5 3
    endloop
  endfacet
  facet normal 0 0 1
    outer loop
      vertex 79 60.5 3
      vertex 4.5 60.5 3
      vertex 27.299999997019768 58.95000000298023 3
    endloop
  endfacet
  facet normal 0 0 1
    outer loop
      vertex 62.29999999701977 58.95000000298023 3
      vertex 74.70000000298023 58.95000000298023 3
      vertex 79 60.5 3
    endloop
  endfacet
  facet normal 0 0 1
    outer loop
      vertex 79 60.5 3
      vertex 27.299999997019768 58.95000000298023 3
      vertex 39.70000000298023 58.95000000298023 3
    endloop
  endfacet
  facet normal 0 0 1
    outer loop
      vertex 79 60.5 3
      vertex 39.70000000298023 58.95000000298023 3
      vertex 62.29999999701977 58.95000000298023 3
    endloop
  endfacet
  facet normal 0 0 1
    outer loop
      vertex 157.20000000298023 6.450000002980232 3
      vertex 164.5 4.5 3
      vertex 164.5 57.5 3
    endloop
  endfacet
  facet normal 0 0 1
    outer loop
      vertex 144.79999999701977 3.0499999970197678 3
      vertex 144.79999999701977 6.450000002980232 3
      vertex 122.20000000298023 6.450000002980232 3
    endloop
  endfacet
  facet normal 0 0 1
    outer loop
      vertex 144.79999999701977 3.0499999970197678 3
      vertex 122.20000000298023 6.450000002980232 3
      vertex 122.20000000298023 3.0499999970197678 3
    endloop
  endfacet
  facet normal 0 0 1
    outer loop
      vertex 144.79999999701977 6.450000002980232 3
      vertex 157.20000000298023 6.450000002980232 3
      vertex 164.5 57.5 3
    endloop
  endfacet
  facet normal 0 0 1
    outer loop
      vertex 164.47433458268642 4.1084214225411415 3
      vertex 164.5 4.5 3
      vertex 157.20000000298023 6.450000002980232 3
    endloop
  endfacet
  facet normal 0 0 1
    outer loop
      vertex 164.39777747541666 3.7235428616404533 3
      vertex 164.47433458268642 4.1084214225411415 3
      vertex 157.20000000298023 6.450000002980232 3
    endloop
  endfacet
  facet normal 0 0 1
    outer loop
      vertex 164.27163859456778 3.3519496992230415 3
      vertex 164.39777747541666 3.7235428616404533 3
      vertex 157.20000000298023 6.450000002980232 3
    endloop
  endfacet
  facet normal 0 0 1
    outer loop
      vertex 164.09807620942593 3 3
      vertex 164.27163859456778 3.3519496992230415 3
      vertex 157.20000000298023 6.450000002980232 3
    endloop
  endfacet
  facet normal 0 0 1
    outer loop
      vertex 163.8800600245595 2.6737157106399536 3
      vertex 164.09807620942593 3 3
      vertex 157.20000000298023 6.450000002980232 3
    endloop
  endfacet
  facet normal 0 0 1
    outer loop
      vertex 163.6213203445077 2.3786796554923058 3
      vertex 163.8800600245595 2.6737157106399536 3
      vertex 157.20000000298023 6.450000002980232 3
    endloop
  endfacet
  facet normal 0 0 1
    outer loop
      vertex 163.32628428936005 2.119939975440502 3
      vertex 163.6213203445077 2.3786796554923058 3
      vertex 157.20000000298023 6.450000002980232 3
    endloop
  endfacet
  facet normal 0 0 1
    outer loop
      vertex 163 1.9019237905740738 3
      vertex 163.32628428936005 2.119939975440502 3
      vertex 157.20000000298023 6.450000002980232 3
    endloop
  endfacet
  facet normal 0 0 1
    outer loop
      vertex 162.64805030077696 1.7283614054322243 3
      vertex 163 1.9019237905740738 3
      vertex 157.20000000298023 6.450000002980232 3
    endloop
  endfacet
  facet normal 0 0 1
    outer loop
      vertex 122.20000000298023 6.450000002980232 3
      vertex 144.79999999701977 6.450000002980232 3
      vertex 164.5 57.5 3
    endloop
  endfacet
  facet normal 0 0 1
    outer loop
      vertex 162.27645713835955 1.6022225245833397 3
      vertex 162.64805030077696 1.7283614054322243 3
      vertex 157.20000000298023 6.450000002980232 3
    endloop
  endfacet
  facet normal 0 0 1
    outer loop
      vertex 161.89157857745886 1.5256654173135757 3
      vertex 162.27645713835955 1.6022225245833397 3
      vertex 157.20000000298023 6.450000002980232 3
    endloop
  endfacet
  facet normal 0 0 1
    outer loop
      vertex 161.89157857745886 1.5256654173135757 3
      vertex 157.20000000298023 6.450000002980232 3
      vertex 157.20000000298023 3.0499999970197678 3
    endloop
  endfacet
  facet normal 0 0 1
    outer loop
      vertex 161.5 1.5 3
      vertex 161.89157857745886 1.5256654173135757 3
      vertex 157.20000000298023 3.0499999970197678 3
    endloop
  endfacet
  facet normal 0 0 1
    outer loop
      vertex 109.79999999701977 6.450000002980232 3
      vertex 122.20000000298023 6.450000002980232 3
      vertex 164.5 57.5 3
    endloop
  endfacet
  facet normal 0 0 1
    outer loop
      vertex 109.79999999701977 6.450000002980232 3
      vertex 164.5 57.5 3
      vertex 164.47433458268642 57.89157857745886 3
    endloop
  endfacet
  facet normal 0 0 1
    outer loop
      vertex 109.79999999701977 6.450000002980232 3
      vertex 164.47433458268642 57.89157857745886 3
      vertex 164.39777747541666 58.27645713835955 3
    endloop
  endfacet
  facet normal 0 0 1
    outer loop
      vertex 109.79999999701977 6.450000002980232 3
      vertex 164.39777747541666 58.27645713835955 3
      vertex 164.27163859456778 58.64805030077696 3
    endloop
  endfacet
  facet normal 0 0 1
    outer loop
      vertex 109.79999999701977 6.450000002980232 3
      vertex 164.27163859456778 58.64805030077696 3
      vertex 164.09807620942593 59 3
    endloop
  endfacet
  facet normal 0 0 1
    outer loop
      vertex 109.79999999701977 6.450000002980232 3
      vertex 164.09807620942593 59 3
      vertex 163.8800600245595 59.326284289360046 3
    endloop
  endfacet
  facet normal 0 0 1
    outer loop
      vertex 109.79999999701977 6.450000002980232 3
      vertex 163.8800600245595 59.326284289360046 3
      vertex 163.6213203445077 59.621320344507694 3
    endloop
  endfacet
  facet normal 0 0 1
    outer loop
      vertex 109.79999999701977 6.450000002980232 3
      vertex 163.6213203445077 59.621320344507694 3
      vertex 163.32628428936005 59.8800600245595 3
    endloop
  endfacet
  facet normal 0 0 1
    outer loop
      vertex 109.79999999701977 6.450000002980232 3
      vertex 163.32628428936005 59.8800600245595 3
      vertex 163 60.098076209425926 3
    endloop
  endfacet
  facet normal 0 0 1
    outer loop
      vertex 109.79999999701977 6.450000002980232 3
      vertex 163 60.098076209425926 3
      vertex 162.64805030077696 60.271638594567776 3
    endloop
  endfacet
  facet normal 0 0 1
    outer loop
      vertex 109.79999999701977 6.450000002980232 3
      vertex 162.64805030077696 60.271638594567776 3
      vertex 162.27645713835955 60.39777747541666 3
    endloop
  endfacet
  facet normal 0 0 1
    outer loop
      vertex 109.79999999701977 6.450000002980232 3
      vertex 162.27645713835955 60.39777747541666 3
      vertex 161.89157857745886 60.474334582686424 3
    endloop
  endfacet
  facet normal 0 0 1
    outer loop
      vertex 109.79999999701977 6.450000002980232 3
      vertex 161.89157857745886 60.474334582686424 3
      vertex 161.5 60.5 3
    endloop
  endfacet
  facet normal 0 0 1
    outer loop
      vertex 109.79999999701977 6.450000002980232 3
      vertex 161.5 60.5 3
      vertex 87 60.5 3
    endloop
  endfacet
  facet normal 0 0 1
    outer loop
      vertex 109.79999999701977 6.450000002980232 3
      vertex 87 60.5 3
      vertex 86.60842142254114 60.474334582686424 3
    endloop
  endfacet
  facet normal 0 0 1
    outer loop
      vertex 109.79999999701977 6.450000002980232 3
      vertex 86.60842142254114 60.474334582686424 3
      vertex 86.22354286164045 60.39777747541666 3
    endloop
  endfacet
  facet normal 0 0 1
    outer loop
      vertex 109.79999999701977 6.450000002980232 3
      vertex 86.22354286164045 60.39777747541666 3
      vertex 85.85194969922304 60.271638594567776 3
    endloop
  endfacet
  facet normal 0 0 1
    outer loop
      vertex 109.79999999701977 6.450000002980232 3
      vertex 85.85194969922304 60.271638594567776 3
      vertex 85.5 60.098076209425926 3
    endloop
  endfacet
  facet normal 0 0 1
    outer loop
      vertex 109.79999999701977 6.450000002980232 3
      vertex 85.5 60.098076209425926 3
      vertex 85.17371571063995 59.8800600245595 3
    endloop
  endfacet
  facet normal 0 0 1
    outer loop
      vertex 109.79999999701977 6.450000002980232 3
      vertex 85.17371571063995 59.8800600245595 3
      vertex 84.8786796554923 59.621320344507694 3
    endloop
  endfacet
  facet normal 0 0 1
    outer loop
      vertex 109.79999999701977 6.450000002980232 3
      vertex 84.8786796554923 59.621320344507694 3
      vertex 84.6199399754405 59.326284289360046 3
    endloop
  endfacet
  facet normal 0 0 1
    outer loop
      vertex 109.79999999701977 6.450000002980232 3
      vertex 84.6199399754405 59.326284289360046 3
      vertex 84.40192379057407 59 3
    endloop
  endfacet
  facet normal 0 0 1
    outer loop
      vertex 109.79999999701977 6.450000002980232 3
      vertex 84.40192379057407 59 3
      vertex 84.22836140543222 58.64805030077696 3
    endloop
  endfacet
  facet normal 0 0 1
    outer loop
      vertex 109.79999999701977 6.450000002980232 3
      vertex 84.22836140543222 58.64805030077696 3
      vertex 84.10222252458334 58.27645713835955 3
    endloop
  endfacet
  facet normal 0 0 1
    outer loop
      vertex 109.79999999701977 6.450000002980232 3
      vertex 84.10222252458334 58.27645713835955 3
      vertex 84.02566541731358 57.89157857745886 3
    endloop
  endfacet
  facet normal 0 0 1
    outer loop
      vertex 109.79999999701977 6.450000002980232 3
      vertex 84.02566541731358 57.89157857745886 3
      vertex 84 57.5 3
    endloop
  endfacet
  facet normal 0 0 1
    outer loop
      vertex 109.79999999701977 6.450000002980232 3
      vertex 84 57.5 3
      vertex 84 4.5 3
    endloop
  endfacet
  facet normal 0 0 1
    outer loop
      vertex 109.79999999701977 6.450000002980232 3
      vertex 84 4.5 3
      vertex 84.02566541731358 4.1084214225411415 3
    endloop
  endfacet
  facet normal 0 0 1
    outer loop
      vertex 109.79999999701977 6.450000002980232 3
      vertex 84.02566541731358 4.1084214225411415 3
      vertex 84.10222252458334 3.7235428616404533 3
    endloop
  endfacet
  facet normal 0 0 1
    outer loop
      vertex 109.79999999701977 6.450000002980232 3
      vertex 84.10222252458334 3.7235428616404533 3
      vertex 84.22836140543222 3.3519496992230415 3
    endloop
  endfacet
  facet normal 0 0 1
    outer loop
      vertex 109.79999999701977 6.450000002980232 3
      vertex 84.22836140543222 3.3519496992230415 3
      vertex 84.40192379057407 3 3
    endloop
  endfacet
  facet normal 0 0 1
    outer loop
      vertex 109.79999999701977 6.450000002980232 3
      vertex 84.40192379057407 3 3
      vertex 84.6199399754405 2.6737157106399536 3
    endloop
  endfacet
  facet normal 0 0 1
    outer loop
      vertex 109.79999999701977 6.450000002980232 3
      vertex 84.6199399754405 2.6737157106399536 3
      vertex 84.8786796554923 2.3786796554923058 3
    endloop
  endfacet
  facet normal 0 0 1
    outer loop
      vertex 109.79999999701977 6.450000002980232 3
      vertex 84.8786796554923 2.3786796554923058 3
      vertex 85.17371571063995 2.119939975440502 3
    endloop
  endfacet
  facet normal 0 0 1
    outer loop
      vertex 109.79999999701977 6.450000002980232 3
      vertex 85.17371571063995 2.119939975440502 3
      vertex 85.5 1.9019237905740738 3
    endloop
  endfacet
  facet normal 0 0 1
    outer loop
      vertex 109.79999999701977 6.450000002980232 3
      vertex 85.5 1.9019237905740738 3
      vertex 85.85194969922304 1.7283614054322243 3
    endloop
  endfacet
  facet normal 0 0 1
    outer loop
      vertex 109.79999999701977 6.450000002980232 3
      vertex 85.85194969922304 1.7283614054322243 3
      vertex 86.22354286164045 1.6022225245833397 3
    endloop
  endfacet
  facet normal 0 0 1
    outer loop
      vertex 109.79999999701977 6.450000002980232 3
      vertex 86.22354286164045 1.6022225245833397 3
      vertex 86.60842142254114 1.5256654173135757 3
    endloop
  endfacet
  facet normal 0 0 1
    outer loop
      vertex 109.79999999701977 6.450000002980232 3
      vertex 86.60842142254114 1.5256654173135757 3
      vertex 87 1.5 3
    endloop
  endfacet
  facet normal 0 0 1
    outer loop
      vertex 109.79999999701977 3.0499999970197678 3
      vertex 109.79999999701977 6.450000002980232 3
      vertex 87 1.5 3
    endloop
  endfacet
  facet normal 0 0 1
    outer loop
      vertex 109.79999999701977 3.0499999970197678 3
      vertex 87 1.5 3
      vertex 161.5 1.5 3
    endloop
  endfacet
  facet normal 0 0 1
    outer loop
      vertex 161.5 1.5 3
      vertex 157.20000000298023 3.0499999970197678 3
      vertex 144.79999999701977 3.0499999970197678 3
    endloop
  endfacet
  facet normal 0 0 1
    outer loop
      vertex 122.20000000298023 3.0499999970197678 3
      vertex 109.79999999701977 3.0499999970197678 3
      vertex 161.5 1.5 3
    endloop
  endfacet
  facet normal 0 0 1
    outer loop
      vertex 144.79999999701977 3.0499999970197678 3
      vertex 122.20000000298023 3.0499999970197678 3
      vertex 161.5 1.5 3
    endloop
  endfacet
  facet normal 0 0 -1
    outer loop
      vertex 4.625 166.79999999701977 0
      vertex 1.5 166.79999999701977 0
      vertex 1.5 171.79999999701977 0
    endloop
  endfacet
  facet normal 0 0 -1
    outer loop
      vertex 62.875 162.19999999552965 0
      vertex 4.625 162.19999999552965 0
      vertex 4.625 166.79999999701977 0
    endloop
  endfacet
  facet normal 0 0 -1
    outer loop
      vertex 62.875 166.79999999701977 0
      vertex 62.875 162.19999999552965 0
      vertex 4.625 166.79999999701977 0
    endloop
  endfacet
  facet normal 0 0 -1
    outer loop
      vertex 79.5 162.19999999552965 0
      vertex 66.125 162.19999999552965 0
      vertex 66.125 166.79999999701977 0
    endloop
  endfacet
  facet normal 0 0 -1
    outer loop
      vertex 79.5 171.79999999701977 0
      vertex 79.5 162.19999999552965 0
      vertex 66.125 166.79999999701977 0
    endloop
  endfacet
  facet normal 0 0 -1
    outer loop
      vertex 1.5 171.79999999701977 0
      vertex 79.5 171.79999999701977 0
      vertex 66.125 166.79999999701977 0
    endloop
  endfacet
  facet normal 0 0 -1
    outer loop
      vertex 1.5 171.79999999701977 0
      vertex 66.125 166.79999999701977 0
      vertex 62.875 166.79999999701977 0
    endloop
  endfacet
  facet normal 0 0 -1
    outer loop
      vertex 1.5 171.79999999701977 0
      vertex 62.875 166.79999999701977 0
      vertex 4.625 166.79999999701977 0
    endloop
  endfacet
  facet normal 0 0 -1
    outer loop
      vertex 84.125 166.79999999701977 0
      vertex 81 166.79999999701977 0
      vertex 81 171.79999999701977 0
    endloop
  endfacet
  facet normal 0 0 -1
    outer loop
      vertex 142.375 162.19999999552965 0
      vertex 84.125 162.19999999552965 0
      vertex 84.125 166.79999999701977 0
    endloop
  endfacet
  facet normal 0 0 -1
    outer loop
      vertex 142.375 166.79999999701977 0
      vertex 142.375 162.19999999552965 0
      vertex 84.125 166.79999999701977 0
    endloop
  endfacet
  facet normal 0 0 -1
    outer loop
      vertex 159 162.19999999552965 0
      vertex 145.625 162.19999999552965 0
      vertex 145.625 166.79999999701977 0
    endloop
  endfacet
  facet normal 0 0 -1
    outer loop
      vertex 159 171.79999999701977 0
      vertex 159 162.19999999552965 0
      vertex 145.625 166.79999999701977 0
    endloop
  endfacet
  facet normal 0 0 -1
    outer loop
      vertex 81 171.79999999701977 0
      vertex 159 171.79999999701977 0
      vertex 145.625 166.79999999701977 0
    endloop
  endfacet
  facet normal 0 0 -1
    outer loop
      vertex 81 171.79999999701977 0
      vertex 145.625 166.79999999701977 0
      vertex 142.375 166.79999999701977 0
    endloop
  endfacet
  facet normal 0 0 -1
    outer loop
      vertex 81 171.79999999701977 0
      vertex 142.375 166.79999999701977 0
      vertex 84.125 166.79999999701977 0
    endloop
  endfacet
  facet normal 0 0 -1
    outer loop
      vertex 7.549999997019768 159.89135376363993 0
      vertex 1.5 158.40364883840084 0
      vertex 1.5 160.70000000298023 0
    endloop
  endfacet
  facet normal 0 0 -1
    outer loop
      vertex 7.549999997019768 159.89135376363993 0
      vertex 1.5 160.70000000298023 0
      vertex 24.774999998509884 160.70000000298023 0
    endloop
  endfacet
  facet normal 0 0 -1
    outer loop
      vertex 1.5 151.10000000149012 0
      vertex 1.5 152.99635116010904 0
      vertex 7.549999997019768 151.50864624232054 0
    endloop
  endfacet
  facet normal 0 0 -1
    outer loop
      vertex 7.549999997019768 159.89135376363993 0
      vertex 24.774999998509884 160.70000000298023 0
      vertex 24.774999998509884 155.70000000298023 0
    endloop
  endfacet
  facet normal 0 0 -1
    outer loop
      vertex 7.549999997019768 151.50864624232054 0
      vertex 7.549999997019768 159.89135376363993 0
      vertex 24.774999998509884 155.70000000298023 0
    endloop
  endfacet
  facet normal 0 0 -1
    outer loop
      vertex 169.77499999850988 155.70000000298023 0
      vertex 169.77499999850988 160.70000000298023 0
      vertex 171.89999999850988 160.70000000298023 0
    endloop
  endfacet
  facet normal 0 0 -1
    outer loop
      vertex 169.77499999850988 155.70000000298023 0
      vertex 171.89999999850988 160.70000000298023 0
      vertex 171.89999999850988 151.10000000149012 0
    endloop
  endfacet
  facet normal 0 0 -1
    outer loop
      vertex 64.39999999850988 151.10000000149012 0
      vertex 58.399999998509884 151.10000000149012 0
      vertex 58.399999998509884 157.20000000298023 0
    endloop
  endfacet
  facet normal 0 0 -1
    outer loop
      vertex 78.39999999850988 150.70000000298023 0
      vertex 64.39999999850988 150.70000000298023 0
      vertex 64.39999999850988 151.10000000149012 0
    endloop
  endfacet
  facet normal 0 0 -1
    outer loop
      vertex 78.39999999850988 151.10000000149012 0
      vertex 78.39999999850988 150.70000000298023 0
      vertex 64.39999999850988 151.10000000149012 0
    endloop
  endfacet
  facet normal 0 0 -1
    outer loop
      vertex 163.39999999850988 150.70000000298023 0
      vertex 149.39999999850988 150.70000000298023 0
      vertex 149.39999999850988 151.10000000149012 0
    endloop
  endfacet
  facet normal 0 0 -1
    outer loop
      vertex 163.39999999850988 151.10000000149012 0
      vertex 163.39999999850988 150.70000000298023 0
      vertex 149.39999999850988 151.10000000149012 0
    endloop
  endfacet
  facet normal 0 0 -1
    outer loop
      vertex 166.52499999850988 155.70000000298023 0
      vertex 169.77499999850988 155.70000000298023 0
      vertex 171.89999999850988 151.10000000149012 0
    endloop
  endfacet
  facet normal 0 0 -1
    outer loop
      vertex 166.52499999850988 155.70000000298023 0
      vertex 171.89999999850988 151.10000000149012 0
      vertex 163.39999999850988 151.10000000149012 0
    endloop
  endfacet
  facet normal 0 0 -1
    outer loop
      vertex 166.52499999850988 155.70000000298023 0
      vertex 163.39999999850988 151.10000000149012 0
      vertex 149.39999999850988 151.10000000149012 0
    endloop
  endfacet
  facet normal 0 0 -1
    outer loop
      vertex 166.52499999850988 160.70000000298023 0
      vertex 166.52499999850988 155.70000000298023 0
      vertex 149.39999999850988 151.10000000149012 0
    endloop
  endfacet
  facet normal 0 0 -1
    outer loop
      vertex 111.125 160.70000000298023 0
      vertex 166.52499999850988 160.70000000298023 0
      vertex 149.39999999850988 151.10000000149012 0
    endloop
  endfacet
  facet normal 0 0 -1
    outer loop
      vertex 111.125 155.70000000298023 0
      vertex 111.125 160.70000000298023 0
      vertex 149.39999999850988 151.10000000149012 0
    endloop
  endfacet
  facet normal 0 0 -1
    outer loop
      vertex 111.125 155.70000000298023 0
      vertex 149.39999999850988 151.10000000149012 0
      vertex 78.39999999850988 151.10000000149012 0
    endloop
  endfacet
  facet normal 0 0 -1
    outer loop
      vertex 107.875 155.70000000298023 0
      vertex 111.125 155.70000000298023 0
      vertex 78.39999999850988 151.10000000149012 0
    endloop
  endfacet
  facet normal 0 0 -1
    outer loop
      vertex 107.875 160.70000000298023 0
      vertex 107.875 155.70000000298023 0
      vertex 78.39999999850988 151.10000000149012 0
    endloop
  endfacet
  facet normal 0 0 -1
    outer loop
      vertex 78.39999999850988 151.10000000149012 0
      vertex 64.39999999850988 151.10000000149012 0
      vertex 58.399999998509884 157.20000000298023 0
    endloop
  endfacet
  facet normal 0 0 -1
    outer loop
      vertex 107.875 160.70000000298023 0
      vertex 78.39999999850988 151.10000000149012 0
      vertex 58.399999998509884 157.20000000298023 0
    endloop
  endfacet
  facet normal 0 0 -1
    outer loop
      vertex 44.399999998509884 151.10000000149012 0
      vertex 1.5 151.10000000149012 0
      vertex 7.549999997019768 151.50864624232054 0
    endloop
  endfacet
  facet normal 0 0 -1
    outer loop
      vertex 44.399999998509884 151.10000000149012 0
      vertex 7.549999997019768 151.50864624232054 0
      vertex 24.774999998509884 155.70000000298023 0
    endloop
  endfacet
  facet normal 0 0 -1
    outer loop
      vertex 44.399999998509884 151.10000000149012 0
      vertex 24.774999998509884 155.70000000298023 0
      vertex 28.024999998509884 155.70000000298023 0
    endloop
  endfacet
  facet normal 0 0 -1
    outer loop
      vertex 44.399999998509884 157.20000000298023 0
      vertex 44.399999998509884 151.10000000149012 0
      vertex 28.024999998509884 155.70000000298023 0
    endloop
  endfacet
  facet normal 0 0 -1
    outer loop
      vertex 44.399999998509884 157.20000000298023 0
      vertex 28.024999998509884 155.70000000298023 0
      vertex 28.024999998509884 160.70000000298023 0
    endloop
  endfacet
  facet normal 0 0 -1
    outer loop
      vertex 44.399999998509884 157.20000000298023 0
      vertex 28.024999998509884 160.70000000298023 0
      vertex 107.875 160.70000000298023 0
    endloop
  endfacet
  facet normal 0 0 -1
    outer loop
      vertex 44.399999998509884 157.20000000298023 0
      vertex 107.875 160.70000000298023 0
      vertex 58.399999998509884 157.20000000298023 0
    endloop
  endfacet
  facet normal 0 0 -1
    outer loop
      vertex 1.5 149.20000000298023 0
      vertex 3.625 149.20000000298023 0
      vertex 3.625 144.20000000298023 0
    endloop
  endfacet
  facet normal 0 0 -1
    outer loop
      vertex 1.5 139.60000000149012 0
      vertex 1.5 149.20000000298023 0
      vertex 3.625 144.20000000298023 0
    endloop
  endfacet
  facet normal 0 0 -1
    outer loop
      vertex 24 139.20000000298023 0
      vertex 10 139.20000000298023 0
      vertex 10 139.60000000149012 0
    endloop
  endfacet
  facet normal 0 0 -1
    outer loop
      vertex 24 139.60000000149012 0
      vertex 24 139.20000000298023 0
      vertex 10 139.60000000149012 0
    endloop
  endfacet
  facet normal 0 0 -1
    outer loop
      vertex 109 139.20000000298023 0
      vertex 95 139.20000000298023 0
      vertex 95 139.60000000149012 0
    endloop
  endfacet
  facet normal 0 0 -1
    outer loop
      vertex 109 139.60000000149012 0
      vertex 109 139.20000000298023 0
      vertex 95 139.60000000149012 0
    endloop
  endfacet
  facet normal 0 0 -1
    outer loop
      vertex 122 141.67540983855724 0
      vertex 122 139.60000000149012 0
      vertex 109 139.60000000149012 0
    endloop
  endfacet
  facet normal 0 0 -1
    outer loop
      vertex 122 146.72459015995264 0
      vertex 128 148.20000000298023 0
      vertex 128 140.20000000298023 0
    endloop
  endfacet
  facet normal 0 0 -1
    outer loop
      vertex 122 146.72459015995264 0
      vertex 128 140.20000000298023 0
      vertex 122 141.67540983855724 0
    endloop
  endfacet
  facet normal 0 0 -1
    outer loop
      vertex 122 146.72459015995264 0
      vertex 122 141.67540983855724 0
      vertex 109 139.60000000149012 0
    endloop
  endfacet
  facet normal 0 0 -1
    outer loop
      vertex 1.5 139.60000000149012 0
      vertex 3.625 144.20000000298023 0
      vertex 6.875 144.20000000298023 0
    endloop
  endfacet
  facet normal 0 0 -1
    outer loop
      vertex 10 139.60000000149012 0
      vertex 1.5 139.60000000149012 0
      vertex 6.875 144.20000000298023 0
    endloop
  endfacet
  facet normal 0 0 -1
    outer loop
      vertex 122 149.20000000298023 0
      vertex 122 146.72459015995264 0
      vertex 109 139.60000000149012 0
    endloop
  endfacet
  facet normal 0 0 -1
    outer loop
      vertex 24 139.60000000149012 0
      vertex 10 139.60000000149012 0
      vertex 6.875 144.20000000298023 0
    endloop
  endfacet
  facet normal 0 0 -1
    outer loop
      vertex 24 139.60000000149012 0
      vertex 6.875 144.20000000298023 0
      vertex 6.875 149.20000000298023 0
    endloop
  endfacet
  facet normal 0 0 -1
    outer loop
      vertex 24 139.60000000149012 0
      vertex 6.875 149.20000000298023 0
      vertex 62.274999998509884 149.20000000298023 0
    endloop
  endfacet
  facet normal 0 0 -1
    outer loop
      vertex 24 139.60000000149012 0
      vertex 62.274999998509884 149.20000000298023 0
      vertex 62.274999998509884 144.20000000298023 0
    endloop
  endfacet
  facet normal 0 0 -1
    outer loop
      vertex 95 139.60000000149012 0
      vertex 24 139.60000000149012 0
      vertex 62.274999998509884 144.20000000298023 0
    endloop
  endfacet
  facet normal 0 0 -1
    outer loop
      vertex 95 139.60000000149012 0
      vertex 62.274999998509884 144.20000000298023 0
      vertex 65.52499999850988 144.20000000298023 0
    endloop
  endfacet
  facet normal 0 0 -1
    outer loop
      vertex 95 139.60000000149012 0
      vertex 65.52499999850988 144.20000000298023 0
      vertex 65.52499999850988 149.20000000298023 0
    endloop
  endfacet
  facet normal 0 0 -1
    outer loop
      vertex 122 149.20000000298023 0
      vertex 109 139.60000000149012 0
      vertex 95 139.60000000149012 0
    endloop
  endfacet
  facet normal 0 0 -1
    outer loop
      vertex 65.52499999850988 149.20000000298023 0
      vertex 122 149.20000000298023 0
      vertex 95 139.60000000149012 0
    endloop
  endfacet
  facet normal 0 0 -1
    outer loop
      vertex 7.549999997019768 136.89135376363993 0
      vertex 1.5 135.40364883840084 0
      vertex 1.5 137.70000000298023 0
    endloop
  endfacet
  facet normal 0 0 -1
    outer loop
      vertex 7.549999997019768 136.89135376363993 0
      vertex 1.5 137.70000000298023 0
      vertex 24.774999998509884 137.70000000298023 0
    endloop
  endfacet
  facet normal 0 0 -1
    outer loop
      vertex 1.5 128.10000000149012 0
      vertex 1.5 129.99635116010904 0
      vertex 7.549999997019768 128.50864624232054 0
    endloop
  endfacet
  facet normal 0 0 -1
    outer loop
      vertex 7.549999997019768 136.89135376363993 0
      vertex 24.774999998509884 137.70000000298023 0
      vertex 24.774999998509884 132.70000000298023 0
    endloop
  endfacet
  facet normal 0 0 -1
    outer loop
      vertex 7.549999997019768 128.50864624232054 0
      vertex 7.549999997019768 136.89135376363993 0
      vertex 24.774999998509884 132.70000000298023 0
    endloop
  endfacet
  facet normal 0 0 -1
    outer loop
      vertex 169.77499999850988 132.70000000298023 0
      vertex 169.77499999850988 137.70000000298023 0
      vertex 171.89999999850988 137.70000000298023 0
    endloop
  endfacet
  facet normal 0 0 -1
    outer loop
      vertex 169.77499999850988 132.70000000298023 0
      vertex 171.89999999850988 137.70000000298023 0
      vertex 171.89999999850988 128.10000000149012 0
    endloop
  endfacet
  facet normal 0 0 -1
    outer loop
      vertex 111.125 137.70000000298023 0
      vertex 166.52499999850988 137.70000000298023 0
      vertex 166.52499999850988 132.70000000298023 0
    endloop
  endfacet
  facet normal 0 0 -1
    outer loop
      vertex 111.125 132.70000000298023 0
      vertex 111.125 137.70000000298023 0
      vertex 166.52499999850988 132.70000000298023 0
    endloop
  endfacet
  facet normal 0 0 -1
    outer loop
      vertex 166.52499999850988 132.70000000298023 0
      vertex 169.77499999850988 132.70000000298023 0
      vertex 171.89999999850988 128.10000000149012 0
    endloop
  endfacet
  facet normal 0 0 -1
    outer loop
      vertex 111.125 132.70000000298023 0
      vertex 166.52499999850988 132.70000000298023 0
      vertex 171.89999999850988 128.10000000149012 0
    endloop
  endfacet
  facet normal 0 0 -1
    outer loop
      vertex 111.125 132.70000000298023 0
      vertex 171.89999999850988 128.10000000149012 0
      vertex 58.399999998509884 128.10000000149012 0
    endloop
  endfacet
  facet normal 0 0 -1
    outer loop
      vertex 107.875 132.70000000298023 0
      vertex 111.125 132.70000000298023 0
      vertex 58.399999998509884 128.10000000149012 0
    endloop
  endfacet
  facet normal 0 0 -1
    outer loop
      vertex 107.875 132.70000000298023 0
      vertex 58.399999998509884 128.10000000149012 0
      vertex 58.399999998509884 134.20000000298023 0
    endloop
  endfacet
  facet normal 0 0 -1
    outer loop
      vertex 107.875 137.70000000298023 0
      vertex 107.875 132.70000000298023 0
      vertex 58.399999998509884 134.20000000298023 0
    endloop
  endfacet
  facet normal 0 0 -1
    outer loop
      vertex 44.399999998509884 128.10000000149012 0
      vertex 1.5 128.10000000149012 0
      vertex 7.549999997019768 128.50864624232054 0
    endloop
  endfacet
  facet normal 0 0 -1
    outer loop
      vertex 44.399999998509884 128.10000000149012 0
      vertex 7.549999997019768 128.50864624232054 0
      vertex 24.774999998509884 132.70000000298023 0
    endloop
  endfacet
  facet normal 0 0 -1
    outer loop
      vertex 44.399999998509884 128.10000000149012 0
      vertex 24.774999998509884 132.70000000298023 0
      vertex 28.024999998509884 132.70000000298023 0
    endloop
  endfacet
  facet normal 0 0 -1
    outer loop
      vertex 44.399999998509884 134.20000000298023 0
      vertex 44.399999998509884 128.10000000149012 0
      vertex 28.024999998509884 132.70000000298023 0
    endloop
  endfacet
  facet normal 0 0 -1
    outer loop
      vertex 44.399999998509884 134.20000000298023 0
      vertex 28.024999998509884 132.70000000298023 0
      vertex 28.024999998509884 137.70000000298023 0
    endloop
  endfacet
  facet normal 0 0 -1
    outer loop
      vertex 44.399999998509884 134.20000000298023 0
      vertex 28.024999998509884 137.70000000298023 0
      vertex 107.875 137.70000000298023 0
    endloop
  endfacet
  facet normal 0 0 -1
    outer loop
      vertex 44.399999998509884 134.20000000298023 0
      vertex 107.875 137.70000000298023 0
      vertex 58.399999998509884 134.20000000298023 0
    endloop
  endfacet
  facet normal 0 0 -1
    outer loop
      vertex 65.52499999850988 126.60000000149012 0
      vertex 122 126.60000000149012 0
      vertex 122 124.12459015846252 0
    endloop
  endfacet
  facet normal 0 0 -1
    outer loop
      vertex 65.52499999850988 121.60000000149012 0
      vertex 65.52499999850988 126.60000000149012 0
      vertex 122 124.12459015846252 0
    endloop
  endfacet
  facet normal 0 0 -1
    outer loop
      vertex 6.875 126.60000000149012 0
      vertex 62.274999998509884 126.60000000149012 0
      vertex 62.274999998509884 121.60000000149012 0
    endloop
  endfacet
  facet normal 0 0 -1
    outer loop
      vertex 6.875 121.60000000149012 0
      vertex 6.875 126.60000000149012 0
      vertex 62.274999998509884 121.60000000149012 0
    endloop
  endfacet
  facet normal 0 0 -1
    outer loop
      vertex 1.5 126.60000000149012 0
      vertex 3.625 126.60000000149012 0
      vertex 3.625 121.60000000149012 0
    endloop
  endfacet
  facet normal 0 0 -1
    outer loop
      vertex 1.5 117 0
      vertex 1.5 126.60000000149012 0
      vertex 3.625 121.60000000149012 0
    endloop
  endfacet
  facet normal 0 0 -1
    outer loop
      vertex 122 124.12459015846252 0
      vertex 128 125.60000000149012 0
      vertex 128 117.60000000149012 0
    endloop
  endfacet
  facet normal 0 0 -1
    outer loop
      vertex 122 124.12459015846252 0
      vertex 128 117.60000000149012 0
      vertex 122 119.07540983706713 0
    endloop
  endfacet
  facet normal 0 0 -1
    outer loop
      vertex 65.52499999850988 121.60000000149012 0
      vertex 122 124.12459015846252 0
      vertex 122 119.07540983706713 0
    endloop
  endfacet
  facet normal 0 0 -1
    outer loop
      vertex 65.52499999850988 121.60000000149012 0
      vertex 122 119.07540983706713 0
      vertex 122 117 0
    endloop
  endfacet
  facet normal 0 0 -1
    outer loop
      vertex 65.52499999850988 121.60000000149012 0
      vertex 122 117 0
      vertex 1.5 117 0
    endloop
  endfacet
  facet normal 0 0 -1
    outer loop
      vertex 62.274999998509884 121.60000000149012 0
      vertex 65.52499999850988 121.60000000149012 0
      vertex 1.5 117 0
    endloop
  endfacet
  facet normal 0 0 -1
    outer loop
      vertex 1.5 117 0
      vertex 3.625 121.60000000149012 0
      vertex 6.875 121.60000000149012 0
    endloop
  endfacet
  facet normal 0 0 -1
    outer loop
      vertex 62.274999998509884 121.60000000149012 0
      vertex 1.5 117 0
      vertex 6.875 121.60000000149012 0
    endloop
  endfacet
  facet normal 0 0 -1
    outer loop
      vertex 7.549999997019768 112.79135376214981 0
      vertex 1.5 111.30364883691072 0
      vertex 1.5 113.60000000149012 0
    endloop
  endfacet
  facet normal 0 0 -1
    outer loop
      vertex 1.5 104 0
      vertex 1.5 105.89635115861893 0
      vertex 7.549999997019768 104.40864624083042 0
    endloop
  endfacet
  facet normal 0 0 -1
    outer loop
      vertex 7.549999997019768 112.79135376214981 0
      vertex 1.5 113.60000000149012 0
      vertex 29.774999998509884 113.60000000149012 0
    endloop
  endfacet
  facet normal 0 0 -1
    outer loop
      vertex 7.549999997019768 112.79135376214981 0
      vertex 29.774999998509884 113.60000000149012 0
      vertex 29.774999998509884 108.60000000149012 0
    endloop
  endfacet
  facet normal 0 0 -1
    outer loop
      vertex 7.549999997019768 104.40864624083042 0
      vertex 7.549999997019768 112.79135376214981 0
      vertex 29.774999998509884 108.60000000149012 0
    endloop
  endfacet
  facet normal 0 0 -1
    outer loop
      vertex 129.77499999850988 108.60000000149012 0
      vertex 129.77499999850988 115.5 0
      vertex 131.89999999850988 115.5 0
    endloop
  endfacet
  facet normal 0 0 -1
    outer loop
      vertex 129.77499999850988 108.60000000149012 0
      vertex 131.89999999850988 115.5 0
      vertex 131.89999999850988 104 0
    endloop
  endfacet
  facet normal 0 0 -1
    outer loop
      vertex 71.125 115.5 0
      vertex 126.52499999850988 115.5 0
      vertex 126.52499999850988 108.60000000149012 0
    endloop
  endfacet
  facet normal 0 0 -1
    outer loop
      vertex 71.125 108.60000000149012 0
      vertex 71.125 115.5 0
      vertex 126.52499999850988 108.60000000149012 0
    endloop
  endfacet
  facet normal 0 0 -1
    outer loop
      vertex 67.19999999552965 113.60000000149012 0
      vertex 67.19999999552965 115.5 0
      vertex 67.875 115.5 0
    endloop
  endfacet
  facet normal 0 0 -1
    outer loop
      vertex 67.19999999552965 113.60000000149012 0
      vertex 67.875 115.5 0
      vertex 67.875 108.60000000149012 0
    endloop
  endfacet
  facet normal 0 0 -1
    outer loop
      vertex 33.024999998509884 108.60000000149012 0
      vertex 33.024999998509884 113.60000000149012 0
      vertex 67.19999999552965 113.60000000149012 0
    endloop
  endfacet
  facet normal 0 0 -1
    outer loop
      vertex 33.024999998509884 108.60000000149012 0
      vertex 67.19999999552965 113.60000000149012 0
      vertex 67.875 108.60000000149012 0
    endloop
  endfacet
  facet normal 0 0 -1
    outer loop
      vertex 126.52499999850988 108.60000000149012 0
      vertex 129.77499999850988 108.60000000149012 0
      vertex 131.89999999850988 104 0
    endloop
  endfacet
  facet normal 0 0 -1
    outer loop
      vertex 71.125 108.60000000149012 0
      vertex 126.52499999850988 108.60000000149012 0
      vertex 131.89999999850988 104 0
    endloop
  endfacet
  facet normal 0 0 -1
    outer loop
      vertex 7.549999997019768 104.40864624083042 0
      vertex 29.774999998509884 108.60000000149012 0
      vertex 33.024999998509884 108.60000000149012 0
    endloop
  endfacet
  facet normal 0 0 -1
    outer loop
      vertex 7.549999997019768 104.40864624083042 0
      vertex 33.024999998509884 108.60000000149012 0
      vertex 67.875 108.60000000149012 0
    endloop
  endfacet
  facet normal 0 0 -1
    outer loop
      vertex 71.125 108.60000000149012 0
      vertex 131.89999999850988 104 0
      vertex 1.5 104 0
    endloop
  endfacet
  facet normal 0 0 -1
    outer loop
      vertex 71.125 108.60000000149012 0
      vertex 1.5 104 0
      vertex 7.549999997019768 104.40864624083042 0
    endloop
  endfacet
  facet normal 0 0 -1
    outer loop
      vertex 71.125 108.60000000149012 0
      vertex 7.549999997019768 104.40864624083042 0
      vertex 67.875 108.60000000149012 0
    endloop
  endfacet
  facet normal 0 0 -1
    outer loop
      vertex 148.625 100.60000000149012 0
      vertex 162 100.60000000149012 0
      vertex 162 98.12459015846252 0
    endloop
  endfacet
  facet normal 0 0 -1
    outer loop
      vertex 148.625 95.60000000149012 0
      vertex 148.625 100.60000000149012 0
      vertex 162 98.12459015846252 0
    endloop
  endfacet
  facet normal 0 0 -1
    outer loop
      vertex 103.625 100.60000000149012 0
      vertex 145.375 100.60000000149012 0
      vertex 145.375 95.60000000149012 0
    endloop
  endfacet
  facet normal 0 0 -1
    outer loop
      vertex 103.625 95.60000000149012 0
      vertex 103.625 100.60000000149012 0
      vertex 145.375 95.60000000149012 0
    endloop
  endfacet
  facet normal 0 0 -1
    outer loop
      vertex 66.20000000298023 100.60000000149012 0
      vertex 100.375 100.60000000149012 0
      vertex 100.375 95.60000000149012 0
    endloop
  endfacet
  facet normal 0 0 -1
    outer loop
      vertex 65.52499999850988 102.5 0
      vertex 66.20000000298023 102.5 0
      vertex 66.20000000298023 100.60000000149012 0
    endloop
  endfacet
  facet normal 0 0 -1
    outer loop
      vertex 65.52499999850988 95.60000000149012 0
      vertex 65.52499999850988 102.5 0
      vertex 66.20000000298023 100.60000000149012 0
    endloop
  endfacet
  facet normal 0 0 -1
    outer loop
      vertex 65.52499999850988 95.60000000149012 0
      vertex 66.20000000298023 100.60000000149012 0
      vertex 100.375 95.60000000149012 0
    endloop
  endfacet
  facet normal 0 0 -1
    outer loop
      vertex 6.875 102.5 0
      vertex 62.274999998509884 102.5 0
      vertex 62.274999998509884 95.60000000149012 0
    endloop
  endfacet
  facet normal 0 0 -1
    outer loop
      vertex 6.875 95.60000000149012 0
      vertex 6.875 102.5 0
      vertex 62.274999998509884 95.60000000149012 0
    endloop
  endfacet
  facet normal 0 0 -1
    outer loop
      vertex 1.5 102.5 0
      vertex 3.625 102.5 0
      vertex 3.625 95.60000000149012 0
    endloop
  endfacet
  facet normal 0 0 -1
    outer loop
      vertex 1.5 91 0
      vertex 1.5 102.5 0
      vertex 3.625 95.60000000149012 0
    endloop
  endfacet
  facet normal 0 0 -1
    outer loop
      vertex 162 98.12459015846252 0
      vertex 168 99.60000000149012 0
      vertex 168 91.60000000149012 0
    endloop
  endfacet
  facet normal 0 0 -1
    outer loop
      vertex 162 98.12459015846252 0
      vertex 168 91.60000000149012 0
      vertex 162 93.07540983706713 0
    endloop
  endfacet
  facet normal 0 0 -1
    outer loop
      vertex 148.625 95.60000000149012 0
      vertex 162 98.12459015846252 0
      vertex 162 93.07540983706713 0
    endloop
  endfacet
  facet normal 0 0 -1
    outer loop
      vertex 148.625 95.60000000149012 0
      vertex 162 93.07540983706713 0
      vertex 162 91 0
    endloop
  endfacet
  facet normal 0 0 -1
    outer loop
      vertex 1.5 91 0
      vertex 3.625 95.60000000149012 0
      vertex 6.875 95.60000000149012 0
    endloop
  endfacet
  facet normal 0 0 -1
    outer loop
      vertex 1.5 91 0
      vertex 6.875 95.60000000149012 0
      vertex 62.274999998509884 95.60000000149012 0
    endloop
  endfacet
  facet normal 0 0 -1
    outer loop
      vertex 145.375 95.60000000149012 0
      vertex 148.625 95.60000000149012 0
      vertex 162 91 0
    endloop
  endfacet
  facet normal 0 0 -1
    outer loop
      vertex 103.625 95.60000000149012 0
      vertex 145.375 95.60000000149012 0
      vertex 162 91 0
    endloop
  endfacet
  facet normal 0 0 -1
    outer loop
      vertex 103.625 95.60000000149012 0
      vertex 162 91 0
      vertex 1.5 91 0
    endloop
  endfacet
  facet normal 0 0 -1
    outer loop
      vertex 100.375 95.60000000149012 0
      vertex 103.625 95.60000000149012 0
      vertex 1.5 91 0
    endloop
  endfacet
  facet normal 0 0 -1
    outer loop
      vertex 65.52499999850988 95.60000000149012 0
      vertex 100.375 95.60000000149012 0
      vertex 1.5 91 0
    endloop
  endfacet
  facet normal 0 0 -1
    outer loop
      vertex 65.52499999850988 95.60000000149012 0
      vertex 1.5 91 0
      vertex 62.274999998509884 95.60000000149012 0
    endloop
  endfacet
  facet normal 0 0 -1
    outer loop
      vertex 7.549999997019768 85.6913537606597 0
      vertex 1.5 84.20364883542061 0
      vertex 1.5 89.5 0
    endloop
  endfacet
  facet normal 0 0 -1
    outer loop
      vertex 1.5 76.89999999850988 0
      vertex 1.5 78.79635115712881 0
      vertex 7.549999997019768 77.3086462393403 0
    endloop
  endfacet
  facet normal 0 0 -1
    outer loop
      vertex 7.549999997019768 85.6913537606597 0
      vertex 1.5 89.5 0
      vertex 29.774999998509884 89.5 0
    endloop
  endfacet
  facet normal 0 0 -1
    outer loop
      vertex 24.399999998509884 76.89999999850988 0
      vertex 1.5 76.89999999850988 0
      vertex 7.549999997019768 77.3086462393403 0
    endloop
  endfacet
  facet normal 0 0 -1
    outer loop
      vertex 129.77499999850988 81.5 0
      vertex 129.77499999850988 88.39999999850988 0
      vertex 131.89999999850988 88.39999999850988 0
    endloop
  endfacet
  facet normal 0 0 -1
    outer loop
      vertex 129.77499999850988 81.5 0
      vertex 131.89999999850988 88.39999999850988 0
      vertex 131.89999999850988 76.89999999850988 0
    endloop
  endfacet
  facet normal 0 0 -1
    outer loop
      vertex 67.19999999552965 88.39999999850988 0
      vertex 67.875 88.39999999850988 0
      vertex 67.875 81.5 0
    endloop
  endfacet
  facet normal 0 0 -1
    outer loop
      vertex 123.39999999850988 76.5 0
      vertex 109.39999999850988 76.5 0
      vertex 109.39999999850988 76.89999999850988 0
    endloop
  endfacet
  facet normal 0 0 -1
    outer loop
      vertex 123.39999999850988 76.89999999850988 0
      vertex 123.39999999850988 76.5 0
      vertex 109.39999999850988 76.89999999850988 0
    endloop
  endfacet
  facet normal 0 0 -1
    outer loop
      vertex 24.399999998509884 76.89999999850988 0
      vertex 7.549999997019768 77.3086462393403 0
      vertex 7.549999997019768 85.6913537606597 0
    endloop
  endfacet
  facet normal 0 0 -1
    outer loop
      vertex 33.024999998509884 89.5 0
      vertex 67.19999999552965 89.5 0
      vertex 67.19999999552965 88.39999999850988 0
    endloop
  endfacet
  facet normal 0 0 -1
    outer loop
      vertex 33.024999998509884 89.5 0
      vertex 67.19999999552965 88.39999999850988 0
      vertex 67.875 81.5 0
    endloop
  endfacet
  facet normal 0 0 -1
    outer loop
      vertex 7.549999997019768 85.6913537606597 0
      vertex 29.774999998509884 89.5 0
      vertex 29.774999998509884 81.5 0
    endloop
  endfacet
  facet normal 0 0 -1
    outer loop
      vertex 24.399999998509884 76.89999999850988 0
      vertex 7.549999997019768 85.6913537606597 0
      vertex 29.774999998509884 81.5 0
    endloop
  endfacet
  facet normal 0 0 -1
    outer loop
      vertex 126.52499999850988 81.5 0
      vertex 129.77499999850988 81.5 0
      vertex 131.89999999850988 76.89999999850988 0
    endloop
  endfacet
  facet normal 0 0 -1
    outer loop
      vertex 126.52499999850988 81.5 0
      vertex 131.89999999850988 76.89999999850988 0
      vertex 123.39999999850988 76.89999999850988 0
    endloop
  endfacet
  facet normal 0 0 -1
    outer loop
      vertex 33.024999998509884 81.5 0
      vertex 33.024999998509884 89.5 0
      vertex 67.875 81.5 0
    endloop
  endfacet
  facet normal 0 0 -1
    outer loop
      vertex 38.399999998509884 76.5 0
      vertex 24.399999998509884 76.5 0
      vertex 24.399999998509884 76.89999999850988 0
    endloop
  endfacet
  facet normal 0 0 -1
    outer loop
      vertex 38.399999998509884 76.89999999850988 0
      vertex 38.399999998509884 76.5 0
      vertex 24.399999998509884 76.89999999850988 0
    endloop
  endfacet
  facet normal 0 0 -1
    outer loop
      vertex 126.52499999850988 81.5 0
      vertex 123.39999999850988 76.89999999850988 0
      vertex 109.39999999850988 76.89999999850988 0
    endloop
  endfacet
  facet normal 0 0 -1
    outer loop
      vertex 126.52499999850988 88.39999999850988 0
      vertex 126.52499999850988 81.5 0
      vertex 109.39999999850988 76.89999999850988 0
    endloop
  endfacet
  facet normal 0 0 -1
    outer loop
      vertex 71.125 88.39999999850988 0
      vertex 126.52499999850988 88.39999999850988 0
      vertex 109.39999999850988 76.89999999850988 0
    endloop
  endfacet
  facet normal 0 0 -1
    outer loop
      vertex 71.125 81.5 0
      vertex 71.125 88.39999999850988 0
      vertex 109.39999999850988 76.89999999850988 0
    endloop
  endfacet
  facet normal 0 0 -1
    outer loop
      vertex 71.125 81.5 0
      vertex 109.39999999850988 76.89999999850988 0
      vertex 38.399999998509884 76.89999999850988 0
    endloop
  endfacet
  facet normal 0 0 -1
    outer loop
      vertex 67.875 81.5 0
      vertex 71.125 81.5 0
      vertex 38.399999998509884 76.89999999850988 0
    endloop
  endfacet
  facet normal 0 0 -1
    outer loop
      vertex 33.024999998509884 81.5 0
      vertex 67.875 81.5 0
      vertex 38.399999998509884 76.89999999850988 0
    endloop
  endfacet
  facet normal 0 0 -1
    outer loop
      vertex 38.399999998509884 76.89999999850988 0
      vertex 24.399999998509884 76.89999999850988 0
      vertex 29.774999998509884 81.5 0
    endloop
  endfacet
  facet normal 0 0 -1
    outer loop
      vertex 33.024999998509884 81.5 0
      vertex 38.399999998509884 76.89999999850988 0
      vertex 29.774999998509884 81.5 0
    endloop
  endfacet
  facet normal 0 0 -1
    outer loop
      vertex 148.625 75 0
      vertex 162 75 0
      vertex 162 69.52459015697241 0
    endloop
  endfacet
  facet normal 0 0 -1
    outer loop
      vertex 148.625 67 0
      vertex 148.625 75 0
      vertex 162 69.52459015697241 0
    endloop
  endfacet
  facet normal 0 0 -1
    outer loop
      vertex 65.52499999850988 67 0
      vertex 65.52499999850988 73.89999999850988 0
      vertex 66.20000000298023 73.89999999850988 0
    endloop
  endfacet
  facet normal 0 0 -1
    outer loop
      vertex 1.5 73.89999999850988 0
      vertex 3.625 73.89999999850988 0
      vertex 3.625 67 0
    endloop
  endfacet
  facet normal 0 0 -1
    outer loop
      vertex 1.5 62.399999998509884 0
      vertex 1.5 73.89999999850988 0
      vertex 3.625 67 0
    endloop
  endfacet
  facet normal 0 0 -1
    outer loop
      vertex 24 62 0
      vertex 10 62 0
      vertex 10 62.399999998509884 0
    endloop
  endfacet
  facet normal 0 0 -1
    outer loop
      vertex 24 62.399999998509884 0
      vertex 24 62 0
      vertex 10 62.399999998509884 0
    endloop
  endfacet
  facet normal 0 0 -1
    outer loop
      vertex 66.20000000298023 73.89999999850988 0
      vertex 66.20000000298023 75 0
      vertex 100.375 75 0
    endloop
  endfacet
  facet normal 0 0 -1
    outer loop
      vertex 103.625 75 0
      vertex 145.375 75 0
      vertex 145.375 67 0
    endloop
  endfacet
  facet normal 0 0 -1
    outer loop
      vertex 65.52499999850988 67 0
      vertex 66.20000000298023 73.89999999850988 0
      vertex 100.375 75 0
    endloop
  endfacet
  facet normal 0 0 -1
    outer loop
      vertex 162 69.52459015697241 0
      vertex 168 71 0
      vertex 168 63 0
    endloop
  endfacet
  facet normal 0 0 -1
    outer loop
      vertex 162 69.52459015697241 0
      vertex 168 63 0
      vertex 162 64.47540983557701 0
    endloop
  endfacet
  facet normal 0 0 -1
    outer loop
      vertex 148.625 67 0
      vertex 162 69.52459015697241 0
      vertex 162 64.47540983557701 0
    endloop
  endfacet
  facet normal 0 0 -1
    outer loop
      vertex 148.625 67 0
      vertex 162 64.47540983557701 0
      vertex 162 62.399999998509884 0
    endloop
  endfacet
  facet normal 0 0 -1
    outer loop
      vertex 148.625 67 0
      vertex 162 62.399999998509884 0
      vertex 109 62.399999998509884 0
    endloop
  endfacet
  facet normal 0 0 -1
    outer loop
      vertex 145.375 67 0
      vertex 148.625 67 0
      vertex 109 62.399999998509884 0
    endloop
  endfacet
  facet normal 0 0 -1
    outer loop
      vertex 103.625 67 0
      vertex 103.625 75 0
      vertex 145.375 67 0
    endloop
  endfacet
  facet normal 0 0 -1
    outer loop
      vertex 103.625 67 0
      vertex 145.375 67 0
      vertex 109 62.399999998509884 0
    endloop
  endfacet
  facet normal 0 0 -1
    outer loop
      vertex 1.5 62.399999998509884 0
      vertex 3.625 67 0
      vertex 6.875 67 0
    endloop
  endfacet
  facet normal 0 0 -1
    outer loop
      vertex 10 62.399999998509884 0
      vertex 1.5 62.399999998509884 0
      vertex 6.875 67 0
    endloop
  endfacet
  facet normal 0 0 -1
    outer loop
      vertex 65.52499999850988 67 0
      vertex 100.375 75 0
      vertex 100.375 67 0
    endloop
  endfacet
  facet normal 0 0 -1
    outer loop
      vertex 109 62 0
      vertex 95 62 0
      vertex 95 62.399999998509884 0
    endloop
  endfacet
  facet normal 0 0 -1
    outer loop
      vertex 109 62.399999998509884 0
      vertex 109 62 0
      vertex 95 62.399999998509884 0
    endloop
  endfacet
  facet normal 0 0 -1
    outer loop
      vertex 24 62.399999998509884 0
      vertex 10 62.399999998509884 0
      vertex 6.875 67 0
    endloop
  endfacet
  facet normal 0 0 -1
    outer loop
      vertex 24 62.399999998509884 0
      vertex 6.875 67 0
      vertex 6.875 73.89999999850988 0
    endloop
  endfacet
  facet normal 0 0 -1
    outer loop
      vertex 24 62.399999998509884 0
      vertex 6.875 73.89999999850988 0
      vertex 62.274999998509884 73.89999999850988 0
    endloop
  endfacet
  facet normal 0 0 -1
    outer loop
      vertex 24 62.399999998509884 0
      vertex 62.274999998509884 73.89999999850988 0
      vertex 62.274999998509884 67 0
    endloop
  endfacet
  facet normal 0 0 -1
    outer loop
      vertex 95 62.399999998509884 0
      vertex 24 62.399999998509884 0
      vertex 62.274999998509884 67 0
    endloop
  endfacet
  facet normal 0 0 -1
    outer loop
      vertex 95 62.399999998509884 0
      vertex 62.274999998509884 67 0
      vertex 65.52499999850988 67 0
    endloop
  endfacet
  facet normal 0 0 -1
    outer loop
      vertex 95 62.399999998509884 0
      vertex 65.52499999850988 67 0
      vertex 100.375 67 0
    endloop
  endfacet
  facet normal 0 0 -1
    outer loop
      vertex 103.625 67 0
      vertex 109 62.399999998509884 0
      vertex 95 62.399999998509884 0
    endloop
  endfacet
  facet normal 0 0 -1
    outer loop
      vertex 103.625 67 0
      vertex 95 62.399999998509884 0
      vertex 100.375 67 0
    endloop
  endfacet
  facet normal 0 0 -1
    outer loop
      vertex 39.70000000298023 58.95000000298023 0
      vertex 62.29999999701977 58.95000000298023 0
      vertex 62.29999999701977 55.54999999701977 0
    endloop
  endfacet
  facet normal 0 0 -1
    outer loop
      vertex 39.70000000298023 55.54999999701977 0
      vertex 39.70000000298023 58.95000000298023 0
      vertex 62.29999999701977 55.54999999701977 0
    endloop
  endfacet
  facet normal 0 0 -1
    outer loop
      vertex 74.70000000298023 55.54999999701977 0
      vertex 74.70000000298023 58.95000000298023 0
      vertex 81.59807620942593 59 0
    endloop
  endfacet
  facet normal 0 0 -1
    outer loop
      vertex 74.70000000298023 55.54999999701977 0
      vertex 81.59807620942593 59 0
      vertex 81.77163859456778 58.64805030077696 0
    endloop
  endfacet
  facet normal 0 0 -1
    outer loop
      vertex 74.70000000298023 55.54999999701977 0
      vertex 81.77163859456778 58.64805030077696 0
      vertex 81.89777747541666 58.27645713835955 0
    endloop
  endfacet
  facet normal 0 0 -1
    outer loop
      vertex 74.70000000298023 55.54999999701977 0
      vertex 81.89777747541666 58.27645713835955 0
      vertex 81.97433458268642 57.89157857745886 0
    endloop
  endfacet
  facet normal 0 0 -1
    outer loop
      vertex 74.70000000298023 55.54999999701977 0
      vertex 81.97433458268642 57.89157857745886 0
      vertex 82 57.5 0
    endloop
  endfacet
  facet normal 0 0 -1
    outer loop
      vertex 74.70000000298023 55.54999999701977 0
      vertex 82 57.5 0
      vertex 82 4.5 0
    endloop
  endfacet
  facet normal 0 0 -1
    outer loop
      vertex 62.29999999701977 55.54999999701977 0
      vertex 74.70000000298023 55.54999999701977 0
      vertex 82 4.5 0
    endloop
  endfacet
  facet normal 0 0 -1
    outer loop
      vertex 39.70000000298023 55.54999999701977 0
      vertex 62.29999999701977 55.54999999701977 0
      vertex 82 4.5 0
    endloop
  endfacet
  facet normal 0 0 -1
    outer loop
      vertex 27.299999997019768 55.54999999701977 0
      vertex 39.70000000298023 55.54999999701977 0
      vertex 82 4.5 0
    endloop
  endfacet
  facet normal 0 0 -1
    outer loop
      vertex 27.299999997019768 55.54999999701977 0
      vertex 82 4.5 0
      vertex 81.97433458268642 4.1084214225411415 0
    endloop
  endfacet
  facet normal 0 0 -1
    outer loop
      vertex 27.299999997019768 55.54999999701977 0
      vertex 81.97433458268642 4.1084214225411415 0
      vertex 81.89777747541666 3.7235428616404533 0
    endloop
  endfacet
  facet normal 0 0 -1
    outer loop
      vertex 27.299999997019768 55.54999999701977 0
      vertex 81.89777747541666 3.7235428616404533 0
      vertex 81.77163859456778 3.3519496992230415 0
    endloop
  endfacet
  facet normal 0 0 -1
    outer loop
      vertex 27.299999997019768 55.54999999701977 0
      vertex 81.77163859456778 3.3519496992230415 0
      vertex 81.59807620942593 3 0
    endloop
  endfacet
  facet normal 0 0 -1
    outer loop
      vertex 27.299999997019768 55.54999999701977 0
      vertex 81.59807620942593 3 0
      vertex 81.3800600245595 2.6737157106399536 0
    endloop
  endfacet
  facet normal 0 0 -1
    outer loop
      vertex 27.299999997019768 55.54999999701977 0
      vertex 81.3800600245595 2.6737157106399536 0
      vertex 81.1213203445077 2.3786796554923058 0
    endloop
  endfacet
  facet normal 0 0 -1
    outer loop
      vertex 27.299999997019768 55.54999999701977 0
      vertex 81.1213203445077 2.3786796554923058 0
      vertex 80.82628428936005 2.119939975440502 0
    endloop
  endfacet
  facet normal 0 0 -1
    outer loop
      vertex 27.299999997019768 55.54999999701977 0
      vertex 80.82628428936005 2.119939975440502 0
      vertex 80.5 1.9019237905740738 0
    endloop
  endfacet
  facet normal 0 0 -1
    outer loop
      vertex 27.299999997019768 55.54999999701977 0
      vertex 80.5 1.9019237905740738 0
      vertex 80.14805030077696 1.7283614054322243 0
    endloop
  endfacet
  facet normal 0 0 -1
    outer loop
      vertex 27.299999997019768 55.54999999701977 0
      vertex 80.14805030077696 1.7283614054322243 0
      vertex 79.77645713835955 1.6022225245833397 0
    endloop
  endfacet
  facet normal 0 0 -1
    outer loop
      vertex 27.299999997019768 55.54999999701977 0
      vertex 79.77645713835955 1.6022225245833397 0
      vertex 79.39157857745886 1.5256654173135757 0
    endloop
  endfacet
  facet normal 0 0 -1
    outer loop
      vertex 27.299999997019768 55.54999999701977 0
      vertex 79.39157857745886 1.5256654173135757 0
      vertex 79 1.5 0
    endloop
  endfacet
  facet normal 0 0 -1
    outer loop
      vertex 27.299999997019768 55.54999999701977 0
      vertex 79 1.5 0
      vertex 4.5 1.5 0
    endloop
  endfacet
  facet normal 0 0 -1
    outer loop
      vertex 27.299999997019768 55.54999999701977 0
      vertex 4.5 1.5 0
      vertex 4.1084214225411415 1.5256654173135757 0
    endloop
  endfacet
  facet normal 0 0 -1
    outer loop
      vertex 27.299999997019768 55.54999999701977 0
      vertex 4.1084214225411415 1.5256654173135757 0
      vertex 3.7235428616404533 1.6022225245833397 0
    endloop
  endfacet
  facet normal 0 0 -1
    outer loop
      vertex 27.299999997019768 55.54999999701977 0
      vertex 3.7235428616404533 1.6022225245833397 0
      vertex 3.3519496992230415 1.7283614054322243 0
    endloop
  endfacet
  facet normal 0 0 -1
    outer loop
      vertex 27.299999997019768 55.54999999701977 0
      vertex 3.3519496992230415 1.7283614054322243 0
      vertex 3 1.9019237905740738 0
    endloop
  endfacet
  facet normal 0 0 -1
    outer loop
      vertex 27.299999997019768 55.54999999701977 0
      vertex 3 1.9019237905740738 0
      vertex 2.6737157106399536 2.119939975440502 0
    endloop
  endfacet
  facet normal 0 0 -1
    outer loop
      vertex 27.299999997019768 55.54999999701977 0
      vertex 2.6737157106399536 2.119939975440502 0
      vertex 2.3786796554923058 2.3786796554923058 0
    endloop
  endfacet
  facet normal 0 0 -1
    outer loop
      vertex 27.299999997019768 55.54999999701977 0
      vertex 2.3786796554923058 2.3786796554923058 0
      vertex 2.119939975440502 2.6737157106399536 0
    endloop
  endfacet
  facet normal 0 0 -1
    outer loop
      vertex 27.299999997019768 55.54999999701977 0
      vertex 2.119939975440502 2.6737157106399536 0
      vertex 1.9019237905740738 3 0
    endloop
  endfacet
  facet normal 0 0 -1
    outer loop
      vertex 27.299999997019768 55.54999999701977 0
      vertex 1.9019237905740738 3 0
      vertex 1.7283614054322243 3.3519496992230415 0
    endloop
  endfacet
  facet normal 0 0 -1
    outer loop
      vertex 27.299999997019768 55.54999999701977 0
      vertex 1.7283614054322243 3.3519496992230415 0
      vertex 1.6022225245833397 3.7235428616404533 0
    endloop
  endfacet
  facet normal 0 0 -1
    outer loop
      vertex 27.299999997019768 55.54999999701977 0
      vertex 1.6022225245833397 3.7235428616404533 0
      vertex 1.5256654173135757 4.1084214225411415 0
    endloop
  endfacet
  facet normal 0 0 -1
    outer loop
      vertex 27.299999997019768 55.54999999701977 0
      vertex 1.5256654173135757 4.1084214225411415 0
      vertex 1.5 4.5 0
    endloop
  endfacet
  facet normal 0 0 -1
    outer loop
      vertex 27.299999997019768 55.54999999701977 0
      vertex 1.5 4.5 0
      vertex 1.5 57.5 0
    endloop
  endfacet
  facet normal 0 0 -1
    outer loop
      vertex 27.299999997019768 55.54999999701977 0
      vertex 1.5 57.5 0
      vertex 1.5256654173135757 57.89157857745886 0
    endloop
  endfacet
  facet normal 0 0 -1
    outer loop
      vertex 27.299999997019768 55.54999999701977 0
      vertex 1.5256654173135757 57.89157857745886 0
      vertex 1.6022225245833397 58.27645713835955 0
    endloop
  endfacet
  facet normal 0 0 -1
    outer loop
      vertex 27.299999997019768 55.54999999701977 0
      vertex 1.6022225245833397 58.27645713835955 0
      vertex 1.7283614054322243 58.64805030077696 0
    endloop
  endfacet
  facet normal 0 0 -1
    outer loop
      vertex 27.299999997019768 55.54999999701977 0
      vertex 1.7283614054322243 58.64805030077696 0
      vertex 1.9019237905740738 59 0
    endloop
  endfacet
  facet normal 0 0 -1
    outer loop
      vertex 27.299999997019768 55.54999999701977 0
      vertex 1.9019237905740738 59 0
      vertex 2.119939975440502 59.326284289360046 0
    endloop
  endfacet
  facet normal 0 0 -1
    outer loop
      vertex 27.299999997019768 55.54999999701977 0
      vertex 2.119939975440502 59.326284289360046 0
      vertex 2.3786796554923058 59.621320344507694 0
    endloop
  endfacet
  facet normal 0 0 -1
    outer loop
      vertex 27.299999997019768 55.54999999701977 0
      vertex 2.3786796554923058 59.621320344507694 0
      vertex 2.6737157106399536 59.8800600245595 0
    endloop
  endfacet
  facet normal 0 0 -1
    outer loop
      vertex 27.299999997019768 55.54999999701977 0
      vertex 2.6737157106399536 59.8800600245595 0
      vertex 3 60.098076209425926 0
    endloop
  endfacet
  facet normal 0 0 -1
    outer loop
      vertex 27.299999997019768 55.54999999701977 0
      vertex 3 60.098076209425926 0
      vertex 3.3519496992230415 60.271638594567776 0
    endloop
  endfacet
  facet normal 0 0 -1
    outer loop
      vertex 27.299999997019768 55.54999999701977 0
      vertex 3.3519496992230415 60.271638594567776 0
      vertex 3.7235428616404533 60.39777747541666 0
    endloop
  endfacet
  facet normal 0 0 -1
    outer loop
      vertex 27.299999997019768 55.54999999701977 0
      vertex 3.7235428616404533 60.39777747541666 0
      vertex 4.1084214225411415 60.474334582686424 0
    endloop
  endfacet
  facet normal 0 0 -1
    outer loop
      vertex 27.299999997019768 55.54999999701977 0
      vertex 4.1084214225411415 60.474334582686424 0
      vertex 4.5 60.5 0
    endloop
  endfacet
  facet normal 0 0 -1
    outer loop
      vertex 27.299999997019768 58.95000000298023 0
      vertex 27.299999997019768 55.54999999701977 0
      vertex 4.5 60.5 0
    endloop
  endfacet
  facet normal 0 0 -1
    outer loop
      vertex 81.3800600245595 59.326284289360046 0
      vertex 81.59807620942593 59 0
      vertex 74.70000000298023 58.95000000298023 0
    endloop
  endfacet
  facet normal 0 0 -1
    outer loop
      vertex 81.1213203445077 59.621320344507694 0
      vertex 81.3800600245595 59.326284289360046 0
      vertex 74.70000000298023 58.95000000298023 0
    endloop
  endfacet
  facet normal 0 0 -1
    outer loop
      vertex 80.82628428936005 59.8800600245595 0
      vertex 81.1213203445077 59.621320344507694 0
      vertex 74.70000000298023 58.95000000298023 0
    endloop
  endfacet
  facet normal 0 0 -1
    outer loop
      vertex 80.5 60.098076209425926 0
      vertex 80.82628428936005 59.8800600245595 0
      vertex 74.70000000298023 58.95000000298023 0
    endloop
  endfacet
  facet normal 0 0 -1
    outer loop
      vertex 80.14805030077696 60.271638594567776 0
      vertex 80.5 60.098076209425926 0
      vertex 74.70000000298023 58.95000000298023 0
    endloop
  endfacet
  facet normal 0 0 -1
    outer loop
      vertex 79.77645713835955 60.39777747541666 0
      vertex 80.14805030077696 60.271638594567776 0
      vertex 74.70000000298023 58.95000000298023 0
    endloop
  endfacet
  facet normal 0 0 -1
    outer loop
      vertex 79.39157857745886 60.474334582686424 0
      vertex 79.77645713835955 60.39777747541666 0
      vertex 74.70000000298023 58.95000000298023 0
    endloop
  endfacet
  facet normal 0 0 -1
    outer loop
      vertex 79 60.5 0
      vertex 79.39157857745886 60.474334582686424 0
      vertex 74.70000000298023 58.95000000298023 0
    endloop
  endfacet
  facet normal 0 0 -1
    outer loop
      vertex 27.299999997019768 58.95000000298023 0
      vertex 4.5 60.5 0
      vertex 79 60.5 0
    endloop
  endfacet
  facet normal 0 0 -1
    outer loop
      vertex 79 60.5 0
      vertex 74.70000000298023 58.95000000298023 0
      vertex 62.29999999701977 58.95000000298023 0
    endloop
  endfacet
  facet normal 0 0 -1
    outer loop
      vertex 39.70000000298023 58.95000000298023 0
      vertex 27.299999997019768 58.95000000298023 0
      vertex 79 60.5 0
    endloop
  endfacet
  facet normal 0 0 -1
    outer loop
      vertex 62.29999999701977 58.95000000298023 0
      vertex 39.70000000298023 58.95000000298023 0
      vertex 79 60.5 0
    endloop
  endfacet
  facet normal 0 0 -1
    outer loop
      vertex 164.5 57.5 0
      vertex 164.5 4.5 0
      vertex 157.20000000298023 6.450000002980232 0
    endloop
  endfacet
  facet normal 0 0 -1
    outer loop
      vertex 122.20000000298023 6.450000002980232 0
      vertex 144.79999999701977 6.450000002980232 0
      vertex 144.79999999701977 3.0499999970197678 0
    endloop
  endfacet
  facet normal 0 0 -1
    outer loop
      vertex 122.20000000298023 3.0499999970197678 0
      vertex 122.20000000298023 6.450000002980232 0
      vertex 144.79999999701977 3.0499999970197678 0
    endloop
  endfacet
  facet normal 0 0 -1
    outer loop
      vertex 164.5 57.5 0
      vertex 157.20000000298023 6.450000002980232 0
      vertex 144.79999999701977 6.450000002980232 0
    endloop
  endfacet
  facet normal 0 0 -1
    outer loop
      vertex 157.20000000298023 6.450000002980232 0
      vertex 164.5 4.5 0
      vertex 164.47433458268642 4.1084214225411415 0
    endloop
  endfacet
  facet normal 0 0 -1
    outer loop
      vertex 157.20000000298023 6.450000002980232 0
      vertex 164.47433458268642 4.1084214225411415 0
      vertex 164.39777747541666 3.7235428616404533 0
    endloop
  endfacet
  facet normal 0 0 -1
    outer loop
      vertex 157.20000000298023 6.450000002980232 0
      vertex 164.39777747541666 3.7235428616404533 0
      vertex 164.27163859456778 3.3519496992230415 0
    endloop
  endfacet
  facet normal 0 0 -1
    outer loop
      vertex 157.20000000298023 6.450000002980232 0
      vertex 164.27163859456778 3.3519496992230415 0
      vertex 164.09807620942593 3 0
    endloop
  endfacet
  facet normal 0 0 -1
    outer loop
      vertex 157.20000000298023 6.450000002980232 0
      vertex 164.09807620942593 3 0
      vertex 163.8800600245595 2.6737157106399536 0
    endloop
  endfacet
  facet normal 0 0 -1
    outer loop
      vertex 157.20000000298023 6.450000002980232 0
      vertex 163.8800600245595 2.6737157106399536 0
      vertex 163.6213203445077 2.3786796554923058 0
    endloop
  endfacet
  facet normal 0 0 -1
    outer loop
      vertex 157.20000000298023 6.450000002980232 0
      vertex 163.6213203445077 2.3786796554923058 0
      vertex 163.32628428936005 2.119939975440502 0
    endloop
  endfacet
  facet normal 0 0 -1
    outer loop
      vertex 157.20000000298023 6.450000002980232 0
      vertex 163.32628428936005 2.119939975440502 0
      vertex 163 1.9019237905740738 0
    endloop
  endfacet
  facet normal 0 0 -1
    outer loop
      vertex 157.20000000298023 6.450000002980232 0
      vertex 163 1.9019237905740738 0
      vertex 162.64805030077696 1.7283614054322243 0
    endloop
  endfacet
  facet normal 0 0 -1
    outer loop
      vertex 164.5 57.5 0
      vertex 144.79999999701977 6.450000002980232 0
      vertex 122.20000000298023 6.450000002980232 0
    endloop
  endfacet
  facet normal 0 0 -1
    outer loop
      vertex 157.20000000298023 6.450000002980232 0
      vertex 162.64805030077696 1.7283614054322243 0
      vertex 162.27645713835955 1.6022225245833397 0
    endloop
  endfacet
  facet normal 0 0 -1
    outer loop
      vertex 157.20000000298023 6.450000002980232 0
      vertex 162.27645713835955 1.6022225245833397 0
      vertex 161.89157857745886 1.5256654173135757 0
    endloop
  endfacet
  facet normal 0 0 -1
    outer loop
      vertex 157.20000000298023 3.0499999970197678 0
      vertex 157.20000000298023 6.450000002980232 0
      vertex 161.89157857745886 1.5256654173135757 0
    endloop
  endfacet
  facet normal 0 0 -1
    outer loop
      vertex 157.20000000298023 3.0499999970197678 0
      vertex 161.89157857745886 1.5256654173135757 0
      vertex 161.5 1.5 0
    endloop
  endfacet
  facet normal 0 0 -1
    outer loop
      vertex 164.5 57.5 0
      vertex 122.20000000298023 6.450000002980232 0
      vertex 109.79999999701977 6.450000002980232 0
    endloop
  endfacet
  facet normal 0 0 -1
    outer loop
      vertex 164.47433458268642 57.89157857745886 0
      vertex 164.5 57.5 0
      vertex 109.79999999701977 6.450000002980232 0
    endloop
  endfacet
  facet normal 0 0 -1
    outer loop
      vertex 164.39777747541666 58.27645713835955 0
      vertex 164.47433458268642 57.89157857745886 0
      vertex 109.79999999701977 6.450000002980232 0
    endloop
  endfacet
  facet normal 0 0 -1
    outer loop
      vertex 164.27163859456778 58.64805030077696 0
      vertex 164.39777747541666 58.27645713835955 0
      vertex 109.79999999701977 6.450000002980232 0
    endloop
  endfacet
  facet normal 0 0 -1
    outer loop
      vertex 164.09807620942593 59 0
      vertex 164.27163859456778 58.64805030077696 0
      vertex 109.79999999701977 6.450000002980232 0
    endloop
  endfacet
  facet normal 0 0 -1
    outer loop
      vertex 163.8800600245595 59.326284289360046 0
      vertex 164.09807620942593 59 0
      vertex 109.79999999701977 6.450000002980232 0
    endloop
  endfacet
  facet normal 0 0 -1
    outer loop
      vertex 163.6213203445077 59.621320344507694 0
      vertex 163.8800600245595 59.326284289360046 0
      vertex 109.79999999701977 6.450000002980232 0
    endloop
  endfacet
  facet normal 0 0 -1
    outer loop
      vertex 163.32628428936005 59.8800600245595 0
      vertex 163.6213203445077 59.621320344507694 0
      vertex 109.79999999701977 6.450000002980232 0
    endloop
  endfacet
  facet normal 0 0 -1
    outer loop
      vertex 163 60.098076209425926 0
      vertex 163.32628428936005 59.8800600245595 0
      vertex 109.79999999701977 6.450000002980232 0
    endloop
  endfacet
  facet normal 0 0 -1
    outer loop
      vertex 162.64805030077696 60.271638594567776 0
      vertex 163 60.098076209425926 0
      vertex 109.79999999701977 6.450000002980232 0
    endloop
  endfacet
  facet normal 0 0 -1
    outer loop
      vertex 162.27645713835955 60.39777747541666 0
      vertex 162.64805030077696 60.271638594567776 0
      vertex 109.79999999701977 6.450000002980232 0
    endloop
  endfacet
  facet normal 0 0 -1
    outer loop
      vertex 161.89157857745886 60.474334582686424 0
      vertex 162.27645713835955 60.39777747541666 0
      vertex 109.79999999701977 6.450000002980232 0
    endloop
  endfacet
  facet normal 0 0 -1
    outer loop
      vertex 161.5 60.5 0
      vertex 161.89157857745886 60.474334582686424 0
      vertex 109.79999999701977 6.450000002980232 0
    endloop
  endfacet
  facet normal 0 0 -1
    outer loop
      vertex 87 60.5 0
      vertex 161.5 60.5 0
      vertex 109.79999999701977 6.450000002980232 0
    endloop
  endfacet
  facet normal 0 0 -1
    outer loop
      vertex 86.60842142254114 60.474334582686424 0
      vertex 87 60.5 0
      vertex 109.79999999701977 6.450000002980232 0
    endloop
  endfacet
  facet normal 0 0 -1
    outer loop
      vertex 86.22354286164045 60.39777747541666 0
      vertex 86.60842142254114 60.474334582686424 0
      vertex 109.79999999701977 6.450000002980232 0
    endloop
  endfacet
  facet normal 0 0 -1
    outer loop
      vertex 85.85194969922304 60.271638594567776 0
      vertex 86.22354286164045 60.39777747541666 0
      vertex 109.79999999701977 6.450000002980232 0
    endloop
  endfacet
  facet normal 0 0 -1
    outer loop
      vertex 85.5 60.098076209425926 0
      vertex 85.85194969922304 60.271638594567776 0
      vertex 109.79999999701977 6.450000002980232 0
    endloop
  endfacet
  facet normal 0 0 -1
    outer loop
      vertex 85.17371571063995 59.8800600245595 0
      vertex 85.5 60.098076209425926 0
      vertex 109.79999999701977 6.450000002980232 0
    endloop
  endfacet
  facet normal 0 0 -1
    outer loop
      vertex 84.8786796554923 59.621320344507694 0
      vertex 85.17371571063995 59.8800600245595 0
      vertex 109.79999999701977 6.450000002980232 0
    endloop
  endfacet
  facet normal 0 0 -1
    outer loop
      vertex 84.6199399754405 59.326284289360046 0
      vertex 84.8786796554923 59.621320344507694 0
      vertex 109.79999999701977 6.450000002980232 0
    endloop
  endfacet
  facet normal 0 0 -1
    outer loop
      vertex 84.40192379057407 59 0
      vertex 84.6199399754405 59.326284289360046 0
      vertex 109.79999999701977 6.450000002980232 0
    endloop
  endfacet
  facet normal 0 0 -1
    outer loop
      vertex 84.22836140543222 58.64805030077696 0
      vertex 84.40192379057407 59 0
      vertex 109.79999999701977 6.450000002980232 0
    endloop
  endfacet
  facet normal 0 0 -1
    outer loop
      vertex 84.10222252458334 58.27645713835955 0
      vertex 84.22836140543222 58.64805030077696 0
      vertex 109.79999999701977 6.450000002980232 0
    endloop
  endfacet
  facet normal 0 0 -1
    outer loop
      vertex 84.02566541731358 57.89157857745886 0
      vertex 84.10222252458334 58.27645713835955 0
      vertex 109.79999999701977 6.450000002980232 0
    endloop
  endfacet
  facet normal 0 0 -1
    outer loop
      vertex 84 57.5 0
      vertex 84.02566541731358 57.89157857745886 0
      vertex 109.79999999701977 6.450000002980232 0
    endloop
  endfacet
  facet normal 0 0 -1
    outer loop
      vertex 84 4.5 0
      vertex 84 57.5 0
      vertex 109.79999999701977 6.450000002980232 0
    endloop
  endfacet
  facet normal 0 0 -1
    outer loop
      vertex 84.02566541731358 4.1084214225411415 0
      vertex 84 4.5 0
      vertex 109.79999999701977 6.450000002980232 0
    endloop
  endfacet
  facet normal 0 0 -1
    outer loop
      vertex 84.10222252458334 3.7235428616404533 0
      vertex 84.02566541731358 4.1084214225411415 0
      vertex 109.79999999701977 6.450000002980232 0
    endloop
  endfacet
  facet normal 0 0 -1
    outer loop
      vertex 84.22836140543222 3.3519496992230415 0
      vertex 84.10222252458334 3.7235428616404533 0
      vertex 109.79999999701977 6.450000002980232 0
    endloop
  endfacet
  facet normal 0 0 -1
    outer loop
      vertex 84.40192379057407 3 0
      vertex 84.22836140543222 3.3519496992230415 0
      vertex 109.79999999701977 6.450000002980232 0
    endloop
  endfacet
  facet normal 0 0 -1
    outer loop
      vertex 84.6199399754405 2.6737157106399536 0
      vertex 84.40192379057407 3 0
      vertex 109.79999999701977 6.450000002980232 0
    endloop
  endfacet
  facet normal 0 0 -1
    outer loop
      vertex 84.8786796554923 2.3786796554923058 0
      vertex 84.6199399754405 2.6737157106399536 0
      vertex 109.79999999701977 6.450000002980232 0
    endloop
  endfacet
  facet normal 0 0 -1
    outer loop
      vertex 85.17371571063995 2.119939975440502 0
      vertex 84.8786796554923 2.3786796554923058 0
      vertex 109.79999999701977 6.450000002980232 0
    endloop
  endfacet
  facet normal 0 0 -1
    outer loop
      vertex 85.5 1.9019237905740738 0
      vertex 85.17371571063995 2.119939975440502 0
      vertex 109.79999999701977 6.450000002980232 0
    endloop
  endfacet
  facet normal 0 0 -1
    outer loop
      vertex 85.85194969922304 1.7283614054322243 0
      vertex 85.5 1.9019237905740738 0
      vertex 109.79999999701977 6.450000002980232 0
    endloop
  endfacet
  facet normal 0 0 -1
    outer loop
      vertex 86.22354286164045 1.6022225245833397 0
      vertex 85.85194969922304 1.7283614054322243 0
      vertex 109.79999999701977 6.450000002980232 0
    endloop
  endfacet
  facet normal 0 0 -1
    outer loop
      vertex 86.60842142254114 1.5256654173135757 0
      vertex 86.22354286164045 1.6022225245833397 0
      vertex 109.79999999701977 6.450000002980232 0
    endloop
  endfacet
  facet normal 0 0 -1
    outer loop
      vertex 87 1.5 0
      vertex 86.60842142254114 1.5256654173135757 0
      vertex 109.79999999701977 6.450000002980232 0
    endloop
  endfacet
  facet normal 0 0 -1
    outer loop
      vertex 87 1.5 0
      vertex 109.79999999701977 6.450000002980232 0
      vertex 109.79999999701977 3.0499999970197678 0
    endloop
  endfacet
  facet normal 0 0 -1
    outer loop
      vertex 161.5 1.5 0
      vertex 87 1.5 0
      vertex 109.79999999701977 3.0499999970197678 0
    endloop
  endfacet
  facet normal 0 0 -1
    outer loop
      vertex 144.79999999701977 3.0499999970197678 0
      vertex 157.20000000298023 3.0499999970197678 0
      vertex 161.5 1.5 0
    endloop
  endfacet
  facet normal 0 0 -1
    outer loop
      vertex 161.5 1.5 0
      vertex 109.79999999701977 3.0499999970197678 0
      vertex 122.20000000298023 3.0499999970197678 0
    endloop
  endfacet
  facet normal 0 0 -1
    outer loop
      vertex 161.5 1.5 0
      vertex 122.20000000298023 3.0499999970197678 0
      vertex 144.79999999701977 3.0499999970197678 0
    endloop
  endfacet
endsolid OpenSCAD_Model
