solid OpenSCAD_Model
  facet normal 0 0 -1
    outer loop
      vertex 130.8 1.49999 0
      vertex 110.2 1.49999 0
      vertex 130.8 11.7 0
    endloop
  endfacet
  facet normal 0 0 -1
    outer loop
      vertex 149 11.7 0
      vertex 146.3 33.4 0
      vertex 149 33.4 0
    endloop
  endfacet
  facet normal 0 0 -1
    outer loop
      vertex 110.2 48.4 0
      vertex 146.3 45.8 0
      vertex 146.3 33.4 0
    endloop
  endfacet
  facet normal 0 0 -1
    outer loop
      vertex 146.3 45.8 0
      vertex 110.2 58.8 0
      vertex 146.3 73.4 0
    endloop
  endfacet
  facet normal 0 0 -1
    outer loop
      vertex 110.2 93.4 0
      vertex 146.3 73.4 0
      vertex 110.2 58.8 0
    endloop
  endfacet
  facet normal 0 0 -1
    outer loop
      vertex 130.8 11.7 0
      vertex 146.3 33.4 0
      vertex 149 11.7 0
    endloop
  endfacet
  facet normal 0 0 -1
    outer loop
      vertex 110.2 48.4 0
      vertex 146.3 33.4 0
      vertex 130.8 11.7 0
    endloop
  endfacet
  facet normal 0 0 -1
    outer loop
      vertex 110.2 11.7 0
      vertex 130.8 11.7 0
      vertex 110.2 1.49999 0
    endloop
  endfacet
  facet normal 0 0 -1
    outer loop
      vertex 110.2 48.4 0
      vertex 130.8 11.7 0
      vertex 110.2 11.7 0
    endloop
  endfacet
  facet normal 0 0 -1
    outer loop
      vertex 146.3 45.8 0
      vertex 110.2 48.4 0
      vertex 110.2 58.8 0
    endloop
  endfacet
  facet normal 0 0 -1
    outer loop
      vertex 146.3 73.4 0
      vertex 110.2 93.4 0
      vertex 146.3 85.8 0
    endloop
  endfacet
  facet normal 0 0 -1
    outer loop
      vertex 146.3 85.8 0
      vertex 110.2 93.4 0
      vertex 146 108.5 0
    endloop
  endfacet
  facet normal 0 0 -1
    outer loop
      vertex 110.2 103.8 0
      vertex 146 108.5 0
      vertex 110.2 93.4 0
    endloop
  endfacet
  facet normal 0 0 -1
    outer loop
      vertex 97.8 103.8 0
      vertex 146 108.5 0
      vertex 110.2 103.8 0
    endloop
  endfacet
  facet normal 0 0 -1
    outer loop
      vertex 97.8 58.8 0
      vertex 68.6 70.4 0
      vertex 97.8 93.4 0
    endloop
  endfacet
  facet normal 0 0 -1
    outer loop
      vertex 68.6 82.8 0
      vertex 97.8 93.4 0
      vertex 68.6 70.4 0
    endloop
  endfacet
  facet normal -0 0 -1
    outer loop
      vertex 97.8 93.4 0
      vertex 68.6 82.8 0
      vertex 97.8 103.8 0
    endloop
  endfacet
  facet normal 0 0 -1
    outer loop
      vertex 43.4888 97.5113 0
      vertex 68.6 82.8 0
      vertex 63.2 82.8 0
    endloop
  endfacet
  facet normal 0 0 -1
    outer loop
      vertex 43.4888 97.5113 0
      vertex 63.2 82.8 0
      vertex 43.4888 89.8675 0
    endloop
  endfacet
  facet normal 0 0 -1
    outer loop
      vertex 68.6 82.8 0
      vertex 43.4888 97.5113 0
      vertex 97.8 103.8 0
    endloop
  endfacet
  facet normal 0 0 -1
    outer loop
      vertex 4.5 108.5 0
      vertex 43.4888 97.5113 0
      vertex 40.722 97.5113 0
    endloop
  endfacet
  facet normal 0 0 -1
    outer loop
      vertex 4.5 108.5 0
      vertex 40.722 97.5113 0
      vertex 40.188 97.4915 0
    endloop
  endfacet
  facet normal 0 0 -1
    outer loop
      vertex 35.6528 97.5113 0
      vertex 36.675 93.7464 0
      vertex 35.6528 89.8675 0
    endloop
  endfacet
  facet normal 0 0 -1
    outer loop
      vertex 36.675 93.7464 0
      vertex 35.6528 97.5113 0
      vertex 36.6966 94.2484 0
    endloop
  endfacet
  facet normal 0 0 -1
    outer loop
      vertex 36.6966 94.2484 0
      vertex 35.6528 97.5113 0
      vertex 36.7614 94.716 0
    endloop
  endfacet
  facet normal 0 0 -1
    outer loop
      vertex 35.6528 97.5113 0
      vertex 36.8693 95.1492 0
      vertex 36.7614 94.716 0
    endloop
  endfacet
  facet normal 0 0 -1
    outer loop
      vertex 35.6528 97.5113 0
      vertex 37.0204 95.5479 0
      vertex 36.8693 95.1492 0
    endloop
  endfacet
  facet normal 0 0 -1
    outer loop
      vertex 35.6528 97.5113 0
      vertex 37.2147 95.9122 0
      vertex 37.0204 95.5479 0
    endloop
  endfacet
  facet normal 0 0 -1
    outer loop
      vertex 35.6528 97.5113 0
      vertex 37.4522 96.2421 0
      vertex 37.2147 95.9122 0
    endloop
  endfacet
  facet normal 0 0 -1
    outer loop
      vertex 35.6528 97.5113 0
      vertex 37.7329 96.5375 0
      vertex 37.4522 96.2421 0
    endloop
  endfacet
  facet normal 0 0 -1
    outer loop
      vertex 35.6528 97.5113 0
      vertex 38.053 96.7959 0
      vertex 37.7329 96.5375 0
    endloop
  endfacet
  facet normal 0 0 -1
    outer loop
      vertex 35.6528 97.5113 0
      vertex 38.4087 97.0145 0
      vertex 38.053 96.7959 0
    endloop
  endfacet
  facet normal 0 0 -1
    outer loop
      vertex 35.6528 97.5113 0
      vertex 38.8 97.1933 0
      vertex 38.4087 97.0145 0
    endloop
  endfacet
  facet normal 0 0 -1
    outer loop
      vertex 35.6528 97.5113 0
      vertex 39.2271 97.3325 0
      vertex 38.8 97.1933 0
    endloop
  endfacet
  facet normal 0 0 -1
    outer loop
      vertex 35.6528 97.5113 0
      vertex 39.6897 97.4318 0
      vertex 39.2271 97.3325 0
    endloop
  endfacet
  facet normal 0 0 -1
    outer loop
      vertex 35.6528 97.5113 0
      vertex 40.188 97.4915 0
      vertex 39.6897 97.4318 0
    endloop
  endfacet
  facet normal 0 0 -1
    outer loop
      vertex 4.5 108.5 0
      vertex 40.188 97.4915 0
      vertex 35.6528 97.5113 0
    endloop
  endfacet
  facet normal 0 0 -1
    outer loop
      vertex 4.5 108.5 0
      vertex 35.6528 97.5113 0
      vertex 34.0524 97.5113 0
    endloop
  endfacet
  facet normal -0 0 -1
    outer loop
      vertex 63.2 70.4 0
      vertex 8.95001 51.8 0
      vertex 35.6528 89.8675 0
    endloop
  endfacet
  facet normal 0 0 -1
    outer loop
      vertex 8.95001 73.4 0
      vertex 35.6528 89.8675 0
      vertex 8.95001 51.8 0
    endloop
  endfacet
  facet normal -0 0 -1
    outer loop
      vertex 35.6528 89.8675 0
      vertex 8.95001 73.4 0
      vertex 29.9511 89.8675 0
    endloop
  endfacet
  facet normal 0 0 -1
    outer loop
      vertex 8.95001 85.8 0
      vertex 29.9511 89.8675 0
      vertex 8.95001 73.4 0
    endloop
  endfacet
  facet normal 0 0 -1
    outer loop
      vertex 8.95001 91.4 0
      vertex 29.9511 89.8675 0
      vertex 8.95001 85.8 0
    endloop
  endfacet
  facet normal 0 0 -1
    outer loop
      vertex 29.9511 89.8675 0
      vertex 8.95001 91.4 0
      vertex 29.9511 91.1044 0
    endloop
  endfacet
  facet normal 0 0 -1
    outer loop
      vertex 8.95001 103.8 0
      vertex 29.9511 91.1044 0
      vertex 8.95001 91.4 0
    endloop
  endfacet
  facet normal 0 0 -1
    outer loop
      vertex 29.9511 91.1044 0
      vertex 8.95001 103.8 0
      vertex 34.0524 97.5113 0
    endloop
  endfacet
  facet normal 0 0 -1
    outer loop
      vertex 4.5 108.5 0
      vertex 34.0524 97.5113 0
      vertex 8.95001 103.8 0
    endloop
  endfacet
  facet normal 0 0 -1
    outer loop
      vertex 43.4888 97.5113 0
      vertex 4.5 108.5 0
      vertex 97.8 103.8 0
    endloop
  endfacet
  facet normal 0 0 -1
    outer loop
      vertex 97.8 103.8 0
      vertex 4.5 108.5 0
      vertex 146 108.5 0
    endloop
  endfacet
  facet normal 0 0 -1
    outer loop
      vertex 3.55 103.8 0
      vertex 4.5 108.5 0
      vertex 8.95001 103.8 0
    endloop
  endfacet
  facet normal 0 0 -1
    outer loop
      vertex 4.5 108.5 0
      vertex 3.55 103.8 0
      vertex 4.10843 108.474 0
    endloop
  endfacet
  facet normal 0 0 -1
    outer loop
      vertex 4.10843 108.474 0
      vertex 3.55 103.8 0
      vertex 3.72354 108.398 0
    endloop
  endfacet
  facet normal 0 0 -1
    outer loop
      vertex 3.55 103.8 0
      vertex 3.35194 108.272 0
      vertex 3.72354 108.398 0
    endloop
  endfacet
  facet normal 0 0 -1
    outer loop
      vertex 3.55 91.4 0
      vertex 3.35194 108.272 0
      vertex 3.55 103.8 0
    endloop
  endfacet
  facet normal 0 0 -1
    outer loop
      vertex 1.5 4.49999 0
      vertex 3.35194 1.72836 0
      vertex 3 1.90191 0
    endloop
  endfacet
  facet normal 0 0 -1
    outer loop
      vertex 3.55 85.8 0
      vertex 1.5 105.5 0
      vertex 3.55 91.4 0
    endloop
  endfacet
  facet normal 0 0 -1
    outer loop
      vertex 1.5 4.49999 0
      vertex 3 1.90191 0
      vertex 2.67372 2.11993 0
    endloop
  endfacet
  facet normal 0 0 -1
    outer loop
      vertex 3.55 91.4 0
      vertex 1.5 105.5 0
      vertex 3.35194 108.272 0
    endloop
  endfacet
  facet normal 0 0 -1
    outer loop
      vertex 1.5 4.49999 0
      vertex 2.67372 2.11993 0
      vertex 2.37868 2.37867 0
    endloop
  endfacet
  facet normal 0 0 -1
    outer loop
      vertex 3.35194 108.272 0
      vertex 1.5 105.5 0
      vertex 3 108.098 0
    endloop
  endfacet
  facet normal 0 0 -1
    outer loop
      vertex 1.5 4.49999 0
      vertex 2.37868 2.37867 0
      vertex 2.11993 2.67372 0
    endloop
  endfacet
  facet normal 0 0 -1
    outer loop
      vertex 3 108.098 0
      vertex 1.5 105.5 0
      vertex 2.67372 107.88 0
    endloop
  endfacet
  facet normal 0 0 -1
    outer loop
      vertex 1.5 4.49999 0
      vertex 2.11993 2.67372 0
      vertex 1.90192 2.99999 0
    endloop
  endfacet
  facet normal 0 0 -1
    outer loop
      vertex 2.67372 107.88 0
      vertex 1.5 105.5 0
      vertex 2.37868 107.621 0
    endloop
  endfacet
  facet normal 0 0 -1
    outer loop
      vertex 1.5 4.49999 0
      vertex 1.90192 2.99999 0
      vertex 1.72836 3.35194 0
    endloop
  endfacet
  facet normal 0 0 -1
    outer loop
      vertex 2.37868 107.621 0
      vertex 1.5 105.5 0
      vertex 2.11993 107.326 0
    endloop
  endfacet
  facet normal 0 0 -1
    outer loop
      vertex 1.5 4.49999 0
      vertex 1.72836 3.35194 0
      vertex 1.60222 3.72354 0
    endloop
  endfacet
  facet normal 0 0 -1
    outer loop
      vertex 2.11993 107.326 0
      vertex 1.5 105.5 0
      vertex 1.90192 107 0
    endloop
  endfacet
  facet normal 0 0 -1
    outer loop
      vertex 1.5 4.49999 0
      vertex 1.60222 3.72354 0
      vertex 1.52567 4.10842 0
    endloop
  endfacet
  facet normal 0 0 -1
    outer loop
      vertex 1.90192 107 0
      vertex 1.5 105.5 0
      vertex 1.72836 106.648 0
    endloop
  endfacet
  facet normal 0 0 -1
    outer loop
      vertex 1.72836 106.648 0
      vertex 1.5 105.5 0
      vertex 1.60222 106.276 0
    endloop
  endfacet
  facet normal 0 0 -1
    outer loop
      vertex 1.60222 106.276 0
      vertex 1.5 105.5 0
      vertex 1.52567 105.892 0
    endloop
  endfacet
  facet normal 0 0 -1
    outer loop
      vertex 146.3 45.8 0
      vertex 149 73.4 0
      vertex 149 45.8 0
    endloop
  endfacet
  facet normal -0 0 -1
    outer loop
      vertex 149 73.4 0
      vertex 146.3 45.8 0
      vertex 146.3 73.4 0
    endloop
  endfacet
  facet normal 0 0 -1
    outer loop
      vertex 146.3 85.8 0
      vertex 149 105.5 0
      vertex 149 85.8 0
    endloop
  endfacet
  facet normal 0 0 -1
    outer loop
      vertex 146 108.5 0
      vertex 149 105.5 0
      vertex 146.3 85.8 0
    endloop
  endfacet
  facet normal 0 0 -1
    outer loop
      vertex 149 105.5 0
      vertex 146 108.5 0
      vertex 148.974 105.892 0
    endloop
  endfacet
  facet normal 0 0 -1
    outer loop
      vertex 148.974 105.892 0
      vertex 146 108.5 0
      vertex 148.898 106.276 0
    endloop
  endfacet
  facet normal 0 0 -1
    outer loop
      vertex 148.898 106.276 0
      vertex 146 108.5 0
      vertex 148.772 106.648 0
    endloop
  endfacet
  facet normal 0 0 -1
    outer loop
      vertex 148.772 106.648 0
      vertex 146 108.5 0
      vertex 148.598 107 0
    endloop
  endfacet
  facet normal 0 0 -1
    outer loop
      vertex 148.598 107 0
      vertex 146 108.5 0
      vertex 148.38 107.326 0
    endloop
  endfacet
  facet normal 0 0 -1
    outer loop
      vertex 148.38 107.326 0
      vertex 146 108.5 0
      vertex 148.121 107.621 0
    endloop
  endfacet
  facet normal 0 0 -1
    outer loop
      vertex 148.121 107.621 0
      vertex 146 108.5 0
      vertex 147.826 107.88 0
    endloop
  endfacet
  facet normal 0 0 -1
    outer loop
      vertex 147.826 107.88 0
      vertex 146 108.5 0
      vertex 147.5 108.098 0
    endloop
  endfacet
  facet normal 0 0 -1
    outer loop
      vertex 147.5 108.098 0
      vertex 146 108.5 0
      vertex 147.148 108.272 0
    endloop
  endfacet
  facet normal 0 0 -1
    outer loop
      vertex 147.148 108.272 0
      vertex 146 108.5 0
      vertex 146.776 108.398 0
    endloop
  endfacet
  facet normal 0 0 -1
    outer loop
      vertex 146.776 108.398 0
      vertex 146 108.5 0
      vertex 146.392 108.474 0
    endloop
  endfacet
  facet normal 0 0 -1
    outer loop
      vertex 3.55 85.8 0
      vertex 8.95001 91.4 0
      vertex 8.95001 85.8 0
    endloop
  endfacet
  facet normal -0 0 -1
    outer loop
      vertex 8.95001 91.4 0
      vertex 3.55 85.8 0
      vertex 3.55 91.4 0
    endloop
  endfacet
  facet normal 0 0 -1
    outer loop
      vertex 3.55 51.8 0
      vertex 8.95001 73.4 0
      vertex 8.95001 51.8 0
    endloop
  endfacet
  facet normal -0 0 -1
    outer loop
      vertex 8.95001 73.4 0
      vertex 3.55 51.8 0
      vertex 3.55 73.4 0
    endloop
  endfacet
  facet normal 0 0 -1
    outer loop
      vertex 3.55 25.8 0
      vertex 8.95001 39.4 0
      vertex 8.95001 25.8 0
    endloop
  endfacet
  facet normal -0 0 -1
    outer loop
      vertex 8.95001 39.4 0
      vertex 3.55 25.8 0
      vertex 3.55 39.4 0
    endloop
  endfacet
  facet normal 0 0 -1
    outer loop
      vertex 34.0524 91.1044 0
      vertex 29.9511 91.1044 0
      vertex 34.0524 97.5113 0
    endloop
  endfacet
  facet normal 0 0 -1
    outer loop
      vertex 63.2 29.8 0
      vertex 68.6 70.4 0
      vertex 68.6 29.8 0
    endloop
  endfacet
  facet normal -0 0 -1
    outer loop
      vertex 68.6 70.4 0
      vertex 63.2 29.8 0
      vertex 63.2 70.4 0
    endloop
  endfacet
  facet normal 0 0 -1
    outer loop
      vertex 68.6 17.4 0
      vertex 97.8 11.7 0
      vertex 97.8 1.49999 0
    endloop
  endfacet
  facet normal 0 0 -1
    outer loop
      vertex 68.6 29.8 0
      vertex 97.8 11.7 0
      vertex 68.6 17.4 0
    endloop
  endfacet
  facet normal 0 0 -1
    outer loop
      vertex 97.8 11.7 0
      vertex 68.6 29.8 0
      vertex 97.8 48.4 0
    endloop
  endfacet
  facet normal 0 0 -1
    outer loop
      vertex 68.6 70.4 0
      vertex 97.8 48.4 0
      vertex 68.6 29.8 0
    endloop
  endfacet
  facet normal 0 0 -1
    outer loop
      vertex 97.8 48.4 0
      vertex 68.6 70.4 0
      vertex 97.8 58.8 0
    endloop
  endfacet
  facet normal 0 0 -1
    outer loop
      vertex 97.8 1.49999 0
      vertex 63.2 17.4 0
      vertex 68.6 17.4 0
    endloop
  endfacet
  facet normal 0 0 -1
    outer loop
      vertex 8.95001 25.8 0
      vertex 63.2 17.4 0
      vertex 8.95001 13.4 0
    endloop
  endfacet
  facet normal 0 0 -1
    outer loop
      vertex 63.2 17.4 0
      vertex 8.95001 25.8 0
      vertex 63.2 29.8 0
    endloop
  endfacet
  facet normal -0 -0 -1
    outer loop
      vertex 43.4888 89.8675 0
      vertex 63.2 70.4 0
      vertex 40.3966 89.8675 0
    endloop
  endfacet
  facet normal 0 0 -1
    outer loop
      vertex 63.2 70.4 0
      vertex 43.4888 89.8675 0
      vertex 63.2 82.8 0
    endloop
  endfacet
  facet normal 0 0 -1
    outer loop
      vertex 63.2 70.4 0
      vertex 40.0885 89.877 0
      vertex 40.3966 89.8675 0
    endloop
  endfacet
  facet normal 0 0 -1
    outer loop
      vertex 63.2 70.4 0
      vertex 35.6528 89.8675 0
      vertex 40.0885 89.877 0
    endloop
  endfacet
  facet normal -0 0 -1
    outer loop
      vertex 40.0885 89.877 0
      vertex 35.6528 89.8675 0
      vertex 39.7905 89.9056 0
    endloop
  endfacet
  facet normal -0 0 -1
    outer loop
      vertex 39.7905 89.9056 0
      vertex 35.6528 89.8675 0
      vertex 39.5026 89.9532 0
    endloop
  endfacet
  facet normal -0 0 -1
    outer loop
      vertex 39.5026 89.9532 0
      vertex 35.6528 89.8675 0
      vertex 39.2247 90.0199 0
    endloop
  endfacet
  facet normal -0 0 -1
    outer loop
      vertex 39.2247 90.0199 0
      vertex 35.6528 89.8675 0
      vertex 38.957 90.1056 0
    endloop
  endfacet
  facet normal -0 0 -1
    outer loop
      vertex 38.957 90.1056 0
      vertex 35.6528 89.8675 0
      vertex 38.6993 90.2103 0
    endloop
  endfacet
  facet normal -0 0 -1
    outer loop
      vertex 38.6993 90.2103 0
      vertex 35.6528 89.8675 0
      vertex 38.4517 90.3341 0
    endloop
  endfacet
  facet normal -0 0 -1
    outer loop
      vertex 38.4517 90.3341 0
      vertex 35.6528 89.8675 0
      vertex 38.217 90.4758 0
    endloop
  endfacet
  facet normal -0 0 -1
    outer loop
      vertex 38.217 90.4758 0
      vertex 35.6528 89.8675 0
      vertex 37.998 90.6345 0
    endloop
  endfacet
  facet normal -0 0 -1
    outer loop
      vertex 37.998 90.6345 0
      vertex 35.6528 89.8675 0
      vertex 37.7947 90.8102 0
    endloop
  endfacet
  facet normal -0 0 -1
    outer loop
      vertex 37.7947 90.8102 0
      vertex 35.6528 89.8675 0
      vertex 37.6071 91.0028 0
    endloop
  endfacet
  facet normal -0 0 -1
    outer loop
      vertex 37.6071 91.0028 0
      vertex 35.6528 89.8675 0
      vertex 37.4353 91.2123 0
    endloop
  endfacet
  facet normal -0 0 -1
    outer loop
      vertex 37.4353 91.2123 0
      vertex 35.6528 89.8675 0
      vertex 37.2792 91.4388 0
    endloop
  endfacet
  facet normal -0 0 -1
    outer loop
      vertex 37.2792 91.4388 0
      vertex 35.6528 89.8675 0
      vertex 37.1388 91.6822 0
    endloop
  endfacet
  facet normal -0 0 -1
    outer loop
      vertex 37.1388 91.6822 0
      vertex 35.6528 89.8675 0
      vertex 37.0158 91.9402 0
    endloop
  endfacet
  facet normal -0 0 -1
    outer loop
      vertex 36.6845 93.4146 0
      vertex 35.6528 89.8675 0
      vertex 36.675 93.7464 0
    endloop
  endfacet
  facet normal -0 0 -1
    outer loop
      vertex 36.7129 93.0952 0
      vertex 35.6528 89.8675 0
      vertex 36.6845 93.4146 0
    endloop
  endfacet
  facet normal -0 0 -1
    outer loop
      vertex 36.7602 92.788 0
      vertex 35.6528 89.8675 0
      vertex 36.7129 93.0952 0
    endloop
  endfacet
  facet normal -0 0 -1
    outer loop
      vertex 36.8265 92.4931 0
      vertex 35.6528 89.8675 0
      vertex 36.7602 92.788 0
    endloop
  endfacet
  facet normal -0 0 -1
    outer loop
      vertex 36.9117 92.2105 0
      vertex 35.6528 89.8675 0
      vertex 36.8265 92.4931 0
    endloop
  endfacet
  facet normal -0 0 -1
    outer loop
      vertex 37.0158 91.9402 0
      vertex 35.6528 89.8675 0
      vertex 36.9117 92.2105 0
    endloop
  endfacet
  facet normal 0 0 -1
    outer loop
      vertex 8.95001 39.4 0
      vertex 63.2 29.8 0
      vertex 8.95001 25.8 0
    endloop
  endfacet
  facet normal 0 0 -1
    outer loop
      vertex 8.95001 51.8 0
      vertex 63.2 29.8 0
      vertex 8.95001 39.4 0
    endloop
  endfacet
  facet normal 0 0 -1
    outer loop
      vertex 63.2 29.8 0
      vertex 8.95001 51.8 0
      vertex 63.2 70.4 0
    endloop
  endfacet
  facet normal 0 0 -1
    outer loop
      vertex 4.5 1.49999 0
      vertex 63.2 17.4 0
      vertex 97.8 1.49999 0
    endloop
  endfacet
  facet normal 0 0 -1
    outer loop
      vertex 63.2 17.4 0
      vertex 4.5 1.49999 0
      vertex 8.95001 13.4 0
    endloop
  endfacet
  facet normal 0 0 -1
    outer loop
      vertex 3.35194 1.72836 0
      vertex 4.5 1.49999 0
      vertex 4.10843 1.52566 0
    endloop
  endfacet
  facet normal 0 0 -1
    outer loop
      vertex 3.35194 1.72836 0
      vertex 4.10843 1.52566 0
      vertex 3.72354 1.60221 0
    endloop
  endfacet
  facet normal 0 0 -1
    outer loop
      vertex 1.5 4.49999 0
      vertex 8.95001 13.4 0
      vertex 4.5 1.49999 0
    endloop
  endfacet
  facet normal -0 0 -1
    outer loop
      vertex 8.95001 13.4 0
      vertex 1.5 4.49999 0
      vertex 3.55 13.4 0
    endloop
  endfacet
  facet normal -0 0 -1
    outer loop
      vertex 3.55 13.4 0
      vertex 1.5 4.49999 0
      vertex 3.55 25.8 0
    endloop
  endfacet
  facet normal -0 0 -1
    outer loop
      vertex 3.55 25.8 0
      vertex 1.5 4.49999 0
      vertex 3.55 39.4 0
    endloop
  endfacet
  facet normal -0 0 -1
    outer loop
      vertex 3.55 39.4 0
      vertex 1.5 4.49999 0
      vertex 3.55 51.8 0
    endloop
  endfacet
  facet normal 0 0 -1
    outer loop
      vertex 1.5 105.5 0
      vertex 3.55 51.8 0
      vertex 1.5 4.49999 0
    endloop
  endfacet
  facet normal 0 0 -1
    outer loop
      vertex 3.55 51.8 0
      vertex 1.5 105.5 0
      vertex 3.55 73.4 0
    endloop
  endfacet
  facet normal 0 0 -1
    outer loop
      vertex 3.55 73.4 0
      vertex 1.5 105.5 0
      vertex 3.55 85.8 0
    endloop
  endfacet
  facet normal 0 0 -1
    outer loop
      vertex 1.5 4.49999 0
      vertex 4.5 1.49999 0
      vertex 3.35194 1.72836 0
    endloop
  endfacet
  facet normal 0 0 -1
    outer loop
      vertex 97.8 58.8 0
      vertex 110.2 93.4 0
      vertex 110.2 58.8 0
    endloop
  endfacet
  facet normal -0 0 -1
    outer loop
      vertex 110.2 93.4 0
      vertex 97.8 58.8 0
      vertex 97.8 93.4 0
    endloop
  endfacet
  facet normal 0 0 -1
    outer loop
      vertex 97.8 11.7 0
      vertex 110.2 48.4 0
      vertex 110.2 11.7 0
    endloop
  endfacet
  facet normal -0 0 -1
    outer loop
      vertex 110.2 48.4 0
      vertex 97.8 11.7 0
      vertex 97.8 48.4 0
    endloop
  endfacet
  facet normal 0 0 -1
    outer loop
      vertex 41.8884 91.1044 0
      vertex 40.7546 96.2745 0
      vertex 41.8884 96.2745 0
    endloop
  endfacet
  facet normal 0 0 -1
    outer loop
      vertex 40.5322 91.1044 0
      vertex 40.7546 96.2745 0
      vertex 41.8884 91.1044 0
    endloop
  endfacet
  facet normal 0 0 -1
    outer loop
      vertex 38.2862 93.7464 0
      vertex 40.7546 96.2745 0
      vertex 40.5322 91.1044 0
    endloop
  endfacet
  facet normal 0 0 -1
    outer loop
      vertex 38.4846 92.5179 0
      vertex 40.5322 91.1044 0
      vertex 40.2463 91.1189 0
    endloop
  endfacet
  facet normal 0 -0 -1
    outer loop
      vertex 38.2993 94.0863 0
      vertex 40.7546 96.2745 0
      vertex 38.2862 93.7464 0
    endloop
  endfacet
  facet normal 0 0 -1
    outer loop
      vertex 38.5962 92.2628 0
      vertex 40.2463 91.1189 0
      vertex 39.9777 91.1624 0
    endloop
  endfacet
  facet normal 0 0 -1
    outer loop
      vertex 40.7546 96.2745 0
      vertex 38.2993 94.0863 0
      vertex 40.4263 96.2612 0
    endloop
  endfacet
  facet normal 0 0 -1
    outer loop
      vertex 38.8938 91.815 0
      vertex 39.9777 91.1624 0
      vertex 39.7264 91.2349 0
    endloop
  endfacet
  facet normal 0 -0 -1
    outer loop
      vertex 38.3384 94.4024 0
      vertex 40.4263 96.2612 0
      vertex 38.2993 94.0863 0
    endloop
  endfacet
  facet normal 0 0 -1
    outer loop
      vertex 38.8938 91.815 0
      vertex 39.7264 91.2349 0
      vertex 39.4923 91.3364 0
    endloop
  endfacet
  facet normal 0 0 -1
    outer loop
      vertex 40.4263 96.2612 0
      vertex 38.3384 94.4024 0
      vertex 40.1204 96.2215 0
    endloop
  endfacet
  facet normal 0 0 -1
    outer loop
      vertex 39.076 91.6265 0
      vertex 39.4923 91.3364 0
      vertex 39.2755 91.467 0
    endloop
  endfacet
  facet normal 0 -0 -1
    outer loop
      vertex 38.4038 94.6948 0
      vertex 40.1204 96.2215 0
      vertex 38.3384 94.4024 0
    endloop
  endfacet
  facet normal 0 0 -1
    outer loop
      vertex 38.8938 91.815 0
      vertex 39.4923 91.3364 0
      vertex 39.076 91.6265 0
    endloop
  endfacet
  facet normal 0 0 -1
    outer loop
      vertex 40.1204 96.2215 0
      vertex 38.4038 94.6948 0
      vertex 39.8369 96.1554 0
    endloop
  endfacet
  facet normal 0 0 -1
    outer loop
      vertex 39.9777 91.1624 0
      vertex 38.8938 91.815 0
      vertex 38.7326 92.0285 0
    endloop
  endfacet
  facet normal 0 0 -1
    outer loop
      vertex 39.8369 96.1554 0
      vertex 38.4038 94.6948 0
      vertex 39.5757 96.0628 0
    endloop
  endfacet
  facet normal 0 0 -1
    outer loop
      vertex 39.9777 91.1624 0
      vertex 38.7326 92.0285 0
      vertex 38.5962 92.2628 0
    endloop
  endfacet
  facet normal 0 0 -1
    outer loop
      vertex 39.5757 96.0628 0
      vertex 38.4038 94.6948 0
      vertex 39.3369 95.9437 0
    endloop
  endfacet
  facet normal 0 0 -1
    outer loop
      vertex 40.2463 91.1189 0
      vertex 38.5962 92.2628 0
      vertex 38.4846 92.5179 0
    endloop
  endfacet
  facet normal 0 0 -1
    outer loop
      vertex 39.3369 95.9437 0
      vertex 38.4038 94.6948 0
      vertex 39.1204 95.7981 0
    endloop
  endfacet
  facet normal 0 0 -1
    outer loop
      vertex 40.5322 91.1044 0
      vertex 38.4846 92.5179 0
      vertex 38.3978 92.7938 0
    endloop
  endfacet
  facet normal 0 0 -1
    outer loop
      vertex 39.1204 95.7981 0
      vertex 38.4038 94.6948 0
      vertex 38.9263 95.6261 0
    endloop
  endfacet
  facet normal 0 0 -1
    outer loop
      vertex 40.5322 91.1044 0
      vertex 38.3978 92.7938 0
      vertex 38.3358 93.0905 0
    endloop
  endfacet
  facet normal 0 0 -1
    outer loop
      vertex 38.6128 95.2081 0
      vertex 38.4038 94.6948 0
      vertex 38.4952 94.9633 0
    endloop
  endfacet
  facet normal 0 0 -1
    outer loop
      vertex 40.5322 91.1044 0
      vertex 38.3358 93.0905 0
      vertex 38.2986 93.408 0
    endloop
  endfacet
  facet normal 0 0 -1
    outer loop
      vertex 38.7565 95.429 0
      vertex 38.4038 94.6948 0
      vertex 38.6128 95.2081 0
    endloop
  endfacet
  facet normal 0 0 -1
    outer loop
      vertex 40.5322 91.1044 0
      vertex 38.2986 93.408 0
      vertex 38.2862 93.7464 0
    endloop
  endfacet
  facet normal 0 0 -1
    outer loop
      vertex 38.9263 95.6261 0
      vertex 38.4038 94.6948 0
      vertex 38.7565 95.429 0
    endloop
  endfacet
  facet normal 0 0 1
    outer loop
      vertex 146 108.5 5
      vertex 149 105.5 5
      vertex 148.974 105.892 5
    endloop
  endfacet
  facet normal 0 0 1
    outer loop
      vertex 146 108.5 5
      vertex 148.974 105.892 5
      vertex 148.898 106.276 5
    endloop
  endfacet
  facet normal 0 0 1
    outer loop
      vertex 146 108.5 5
      vertex 148.898 106.276 5
      vertex 148.772 106.648 5
    endloop
  endfacet
  facet normal 0 0 1
    outer loop
      vertex 146 108.5 5
      vertex 148.772 106.648 5
      vertex 148.598 107 5
    endloop
  endfacet
  facet normal 0 0 1
    outer loop
      vertex 146 108.5 5
      vertex 148.598 107 5
      vertex 148.38 107.326 5
    endloop
  endfacet
  facet normal 0 0 1
    outer loop
      vertex 146 108.5 5
      vertex 148.38 107.326 5
      vertex 148.121 107.621 5
    endloop
  endfacet
  facet normal 0 0 1
    outer loop
      vertex 146 108.5 5
      vertex 148.121 107.621 5
      vertex 147.826 107.88 5
    endloop
  endfacet
  facet normal 0 0 1
    outer loop
      vertex 146 108.5 5
      vertex 147.826 107.88 5
      vertex 147.5 108.098 5
    endloop
  endfacet
  facet normal 0 0 1
    outer loop
      vertex 146 108.5 5
      vertex 147.5 108.098 5
      vertex 147.148 108.272 5
    endloop
  endfacet
  facet normal 0 0 1
    outer loop
      vertex 146 108.5 5
      vertex 147.148 108.272 5
      vertex 146.776 108.398 5
    endloop
  endfacet
  facet normal 0 0 1
    outer loop
      vertex 146 108.5 5
      vertex 146.776 108.398 5
      vertex 146.392 108.474 5
    endloop
  endfacet
  facet normal 0 0 1
    outer loop
      vertex 149 105.5 5
      vertex 146.3 85.8 5
      vertex 149 85.8 5
    endloop
  endfacet
  facet normal 0 0 1
    outer loop
      vertex 110.2 93.4 5
      vertex 146.3 73.4 5
      vertex 146.3 85.8 5
    endloop
  endfacet
  facet normal 0 0 1
    outer loop
      vertex 146.3 73.4 5
      vertex 110.2 58.8 5
      vertex 146.3 45.8 5
    endloop
  endfacet
  facet normal -0 0 1
    outer loop
      vertex 110.2 93.4 5
      vertex 146.3 85.8 5
      vertex 146 108.5 5
    endloop
  endfacet
  facet normal 0 0 1
    outer loop
      vertex 149 105.5 5
      vertex 146 108.5 5
      vertex 146.3 85.8 5
    endloop
  endfacet
  facet normal -0 0 1
    outer loop
      vertex 146.3 73.4 5
      vertex 149 45.8 5
      vertex 149 73.4 5
    endloop
  endfacet
  facet normal 0 0 1
    outer loop
      vertex 149 45.8 5
      vertex 146.3 73.4 5
      vertex 146.3 45.8 5
    endloop
  endfacet
  facet normal -0 0 1
    outer loop
      vertex 146.3 33.4 5
      vertex 149 11.7 5
      vertex 149 33.4 5
    endloop
  endfacet
  facet normal 0 0 1
    outer loop
      vertex 146.3 33.4 5
      vertex 130.8 11.7 5
      vertex 149 11.7 5
    endloop
  endfacet
  facet normal -0 0 1
    outer loop
      vertex 110.2 48.4 5
      vertex 146.3 45.8 5
      vertex 110.2 58.8 5
    endloop
  endfacet
  facet normal 0 0 1
    outer loop
      vertex 146.3 73.4 5
      vertex 110.2 93.4 5
      vertex 110.2 58.8 5
    endloop
  endfacet
  facet normal 0 0 1
    outer loop
      vertex 110.2 93.4 5
      vertex 146 108.5 5
      vertex 110.2 103.8 5
    endloop
  endfacet
  facet normal 0 0 1
    outer loop
      vertex 146 108.5 5
      vertex 97.8 103.8 5
      vertex 110.2 103.8 5
    endloop
  endfacet
  facet normal 0 0 1
    outer loop
      vertex 68.6 82.8 5
      vertex 97.8 93.4 5
      vertex 97.8 103.8 5
    endloop
  endfacet
  facet normal 0 0 1
    outer loop
      vertex 68.6 70.4 5
      vertex 97.8 93.4 5
      vertex 68.6 82.8 5
    endloop
  endfacet
  facet normal 0 0 1
    outer loop
      vertex 97.8 58.8 5
      vertex 68.6 70.4 5
      vertex 97.8 48.4 5
    endloop
  endfacet
  facet normal 0 0 1
    outer loop
      vertex 68.6 29.8 5
      vertex 97.8 48.4 5
      vertex 68.6 70.4 5
    endloop
  endfacet
  facet normal 0 0 1
    outer loop
      vertex 97.8 93.4 5
      vertex 68.6 70.4 5
      vertex 97.8 58.8 5
    endloop
  endfacet
  facet normal 0 0 1
    outer loop
      vertex 97.8 103.8 5
      vertex 63.2 82.8 5
      vertex 68.6 82.8 5
    endloop
  endfacet
  facet normal -0 0 1
    outer loop
      vertex 8.95001 73.4 5
      vertex 63.2 70.4 5
      vertex 63.2 82.8 5
    endloop
  endfacet
  facet normal 0 0 1
    outer loop
      vertex 63.2 70.4 5
      vertex 8.95001 51.8 5
      vertex 63.2 29.8 5
    endloop
  endfacet
  facet normal -0 0 1
    outer loop
      vertex 8.95001 91.4 5
      vertex 63.2 82.8 5
      vertex 8.95001 103.8 5
    endloop
  endfacet
  facet normal 0 0 1
    outer loop
      vertex 97.8 103.8 5
      vertex 8.95001 103.8 5
      vertex 63.2 82.8 5
    endloop
  endfacet
  facet normal -0 0 1
    outer loop
      vertex 4.5 108.5 5
      vertex 97.8 103.8 5
      vertex 146 108.5 5
    endloop
  endfacet
  facet normal 0 0 1
    outer loop
      vertex 97.8 103.8 5
      vertex 4.5 108.5 5
      vertex 8.95001 103.8 5
    endloop
  endfacet
  facet normal 0 0 1
    outer loop
      vertex 3.55 103.8 5
      vertex 4.5 108.5 5
      vertex 4.10843 108.474 5
    endloop
  endfacet
  facet normal 0 0 1
    outer loop
      vertex 3.55 103.8 5
      vertex 4.10843 108.474 5
      vertex 3.72354 108.398 5
    endloop
  endfacet
  facet normal 0 0 1
    outer loop
      vertex 4.5 108.5 5
      vertex 3.55 103.8 5
      vertex 8.95001 103.8 5
    endloop
  endfacet
  facet normal 0 0 1
    outer loop
      vertex 1.5 105.5 5
      vertex 3.55 91.4 5
      vertex 3.55 103.8 5
    endloop
  endfacet
  facet normal 0 0 1
    outer loop
      vertex 3.55 91.4 5
      vertex 1.5 105.5 5
      vertex 3.55 85.8 5
    endloop
  endfacet
  facet normal 0 0 1
    outer loop
      vertex 3.55 85.8 5
      vertex 1.5 105.5 5
      vertex 3.55 73.4 5
    endloop
  endfacet
  facet normal 0 0 1
    outer loop
      vertex 3.55 73.4 5
      vertex 1.5 105.5 5
      vertex 3.55 51.8 5
    endloop
  endfacet
  facet normal 0 0 1
    outer loop
      vertex 1.5 4.49999 5
      vertex 3.55 51.8 5
      vertex 1.5 105.5 5
    endloop
  endfacet
  facet normal 0 0 1
    outer loop
      vertex 3.55 51.8 5
      vertex 1.5 4.49999 5
      vertex 3.55 39.4 5
    endloop
  endfacet
  facet normal -0 0 1
    outer loop
      vertex 3 108.098 5
      vertex 3.55 103.8 5
      vertex 3.35194 108.272 5
    endloop
  endfacet
  facet normal -0 0 1
    outer loop
      vertex 3.35194 108.272 5
      vertex 3.55 103.8 5
      vertex 3.72354 108.398 5
    endloop
  endfacet
  facet normal -0 0 1
    outer loop
      vertex 3.55 39.4 5
      vertex 8.95001 25.8 5
      vertex 8.95001 39.4 5
    endloop
  endfacet
  facet normal 0 0 1
    outer loop
      vertex 8.95001 25.8 5
      vertex 3.55 39.4 5
      vertex 3.55 25.8 5
    endloop
  endfacet
  facet normal -0 0 1
    outer loop
      vertex 3.55 73.4 5
      vertex 8.95001 51.8 5
      vertex 8.95001 73.4 5
    endloop
  endfacet
  facet normal 0 0 1
    outer loop
      vertex 8.95001 51.8 5
      vertex 3.55 73.4 5
      vertex 3.55 51.8 5
    endloop
  endfacet
  facet normal -0 0 1
    outer loop
      vertex 3.55 91.4 5
      vertex 8.95001 85.8 5
      vertex 8.95001 91.4 5
    endloop
  endfacet
  facet normal 0 0 1
    outer loop
      vertex 8.95001 85.8 5
      vertex 3.55 91.4 5
      vertex 3.55 85.8 5
    endloop
  endfacet
  facet normal -0 0 1
    outer loop
      vertex 63.2 70.4 5
      vertex 68.6 29.8 5
      vertex 68.6 70.4 5
    endloop
  endfacet
  facet normal 0 0 1
    outer loop
      vertex 68.6 29.8 5
      vertex 63.2 70.4 5
      vertex 63.2 29.8 5
    endloop
  endfacet
  facet normal -0 0 1
    outer loop
      vertex 97.8 48.4 5
      vertex 110.2 11.7 5
      vertex 110.2 48.4 5
    endloop
  endfacet
  facet normal 0 0 1
    outer loop
      vertex 110.2 11.7 5
      vertex 97.8 48.4 5
      vertex 97.8 11.7 5
    endloop
  endfacet
  facet normal -0 0 1
    outer loop
      vertex 97.8 93.4 5
      vertex 110.2 58.8 5
      vertex 110.2 93.4 5
    endloop
  endfacet
  facet normal 0 0 1
    outer loop
      vertex 110.2 58.8 5
      vertex 97.8 93.4 5
      vertex 97.8 58.8 5
    endloop
  endfacet
  facet normal 0 0 1
    outer loop
      vertex 146.3 45.8 5
      vertex 110.2 48.4 5
      vertex 146.3 33.4 5
    endloop
  endfacet
  facet normal 0 0 1
    outer loop
      vertex 146.3 33.4 5
      vertex 110.2 48.4 5
      vertex 130.8 11.7 5
    endloop
  endfacet
  facet normal 0 0 1
    outer loop
      vertex 110.2 11.7 5
      vertex 130.8 11.7 5
      vertex 110.2 48.4 5
    endloop
  endfacet
  facet normal 0 0 1
    outer loop
      vertex 130.8 11.7 5
      vertex 110.2 11.7 5
      vertex 130.8 1.49999 5
    endloop
  endfacet
  facet normal 0 0 1
    outer loop
      vertex 130.8 1.49999 5
      vertex 110.2 11.7 5
      vertex 110.2 1.49999 5
    endloop
  endfacet
  facet normal 0 0 1
    outer loop
      vertex 97.8 48.4 5
      vertex 68.6 29.8 5
      vertex 97.8 11.7 5
    endloop
  endfacet
  facet normal -0 0 1
    outer loop
      vertex 68.6 17.4 5
      vertex 97.8 11.7 5
      vertex 68.6 29.8 5
    endloop
  endfacet
  facet normal 0 0 1
    outer loop
      vertex 97.8 11.7 5
      vertex 68.6 17.4 5
      vertex 97.8 1.49999 5
    endloop
  endfacet
  facet normal -0 0 1
    outer loop
      vertex 63.2 17.4 5
      vertex 97.8 1.49999 5
      vertex 68.6 17.4 5
    endloop
  endfacet
  facet normal -0 0 1
    outer loop
      vertex 8.95001 85.8 5
      vertex 63.2 82.8 5
      vertex 8.95001 91.4 5
    endloop
  endfacet
  facet normal 0 0 1
    outer loop
      vertex 8.95001 73.4 5
      vertex 63.2 82.8 5
      vertex 8.95001 85.8 5
    endloop
  endfacet
  facet normal 0 0 1
    outer loop
      vertex 63.2 70.4 5
      vertex 8.95001 73.4 5
      vertex 8.95001 51.8 5
    endloop
  endfacet
  facet normal -0 0 1
    outer loop
      vertex 8.95001 39.4 5
      vertex 63.2 29.8 5
      vertex 8.95001 51.8 5
    endloop
  endfacet
  facet normal 0 0 1
    outer loop
      vertex 8.95001 25.8 5
      vertex 63.2 29.8 5
      vertex 8.95001 39.4 5
    endloop
  endfacet
  facet normal 0 0 1
    outer loop
      vertex 63.2 29.8 5
      vertex 8.95001 25.8 5
      vertex 63.2 17.4 5
    endloop
  endfacet
  facet normal 0 0 1
    outer loop
      vertex 8.95001 13.4 5
      vertex 63.2 17.4 5
      vertex 8.95001 25.8 5
    endloop
  endfacet
  facet normal 0 0 1
    outer loop
      vertex 4.5 1.49999 5
      vertex 63.2 17.4 5
      vertex 8.95001 13.4 5
    endloop
  endfacet
  facet normal 0 0 1
    outer loop
      vertex 63.2 17.4 5
      vertex 4.5 1.49999 5
      vertex 97.8 1.49999 5
    endloop
  endfacet
  facet normal -0 0 1
    outer loop
      vertex 1.5 4.49999 5
      vertex 4.5 1.49999 5
      vertex 8.95001 13.4 5
    endloop
  endfacet
  facet normal 0 0 1
    outer loop
      vertex 4.5 1.49999 5
      vertex 1.5 4.49999 5
      vertex 4.10843 1.52566 5
    endloop
  endfacet
  facet normal 0 0 1
    outer loop
      vertex 1.5 4.49999 5
      vertex 8.95001 13.4 5
      vertex 3.55 13.4 5
    endloop
  endfacet
  facet normal 0 0 1
    outer loop
      vertex 4.10843 1.52566 5
      vertex 1.5 4.49999 5
      vertex 3.72354 1.60221 5
    endloop
  endfacet
  facet normal 0 0 1
    outer loop
      vertex 3.55 39.4 5
      vertex 1.5 4.49999 5
      vertex 3.55 25.8 5
    endloop
  endfacet
  facet normal -0 0 1
    outer loop
      vertex 2.67372 107.88 5
      vertex 3.55 103.8 5
      vertex 3 108.098 5
    endloop
  endfacet
  facet normal 0 0 1
    outer loop
      vertex 3.55 25.8 5
      vertex 1.5 4.49999 5
      vertex 3.55 13.4 5
    endloop
  endfacet
  facet normal -0 0 1
    outer loop
      vertex 2.37868 107.621 5
      vertex 3.55 103.8 5
      vertex 2.67372 107.88 5
    endloop
  endfacet
  facet normal 0 0 1
    outer loop
      vertex 3.72354 1.60221 5
      vertex 1.5 4.49999 5
      vertex 3.35194 1.72836 5
    endloop
  endfacet
  facet normal -0 0 1
    outer loop
      vertex 2.11993 107.326 5
      vertex 3.55 103.8 5
      vertex 2.37868 107.621 5
    endloop
  endfacet
  facet normal 0 0 1
    outer loop
      vertex 3.35194 1.72836 5
      vertex 1.5 4.49999 5
      vertex 3 1.90191 5
    endloop
  endfacet
  facet normal -0 0 1
    outer loop
      vertex 1.90192 107 5
      vertex 3.55 103.8 5
      vertex 2.11993 107.326 5
    endloop
  endfacet
  facet normal 0 0 1
    outer loop
      vertex 3 1.90191 5
      vertex 1.5 4.49999 5
      vertex 2.67372 2.11993 5
    endloop
  endfacet
  facet normal -0 0 1
    outer loop
      vertex 1.72836 106.648 5
      vertex 3.55 103.8 5
      vertex 1.90192 107 5
    endloop
  endfacet
  facet normal 0 0 1
    outer loop
      vertex 2.67372 2.11993 5
      vertex 1.5 4.49999 5
      vertex 2.37868 2.37867 5
    endloop
  endfacet
  facet normal -0 0 1
    outer loop
      vertex 1.60222 106.276 5
      vertex 3.55 103.8 5
      vertex 1.72836 106.648 5
    endloop
  endfacet
  facet normal 0 0 1
    outer loop
      vertex 2.37868 2.37867 5
      vertex 1.5 4.49999 5
      vertex 2.11993 2.67372 5
    endloop
  endfacet
  facet normal -0 0 1
    outer loop
      vertex 1.52567 105.892 5
      vertex 3.55 103.8 5
      vertex 1.60222 106.276 5
    endloop
  endfacet
  facet normal 0 0 1
    outer loop
      vertex 2.11993 2.67372 5
      vertex 1.5 4.49999 5
      vertex 1.90192 2.99999 5
    endloop
  endfacet
  facet normal 0 0 1
    outer loop
      vertex 3.55 103.8 5
      vertex 1.52567 105.892 5
      vertex 1.5 105.5 5
    endloop
  endfacet
  facet normal 0 0 1
    outer loop
      vertex 1.90192 2.99999 5
      vertex 1.5 4.49999 5
      vertex 1.72836 3.35194 5
    endloop
  endfacet
  facet normal 0 0 1
    outer loop
      vertex 1.72836 3.35194 5
      vertex 1.5 4.49999 5
      vertex 1.60222 3.72354 5
    endloop
  endfacet
  facet normal 0 0 1
    outer loop
      vertex 1.60222 3.72354 5
      vertex 1.5 4.49999 5
      vertex 1.52567 4.10842 5
    endloop
  endfacet
  facet normal 0 -1 0
    outer loop
      vertex 97.8 11.7 0
      vertex 110.2 11.7 5
      vertex 97.8 11.7 5
    endloop
  endfacet
  facet normal 0 -1 -0
    outer loop
      vertex 110.2 11.7 5
      vertex 97.8 11.7 0
      vertex 110.2 11.7 0
    endloop
  endfacet
  facet normal -1 0 0
    outer loop
      vertex 110.2 1.49999 0
      vertex 110.2 11.7 5
      vertex 110.2 11.7 0
    endloop
  endfacet
  facet normal -1 -0 0
    outer loop
      vertex 110.2 11.7 5
      vertex 110.2 1.49999 0
      vertex 110.2 1.49999 5
    endloop
  endfacet
  facet normal 0 -1 0
    outer loop
      vertex 110.2 1.49999 0
      vertex 130.8 1.49999 5
      vertex 110.2 1.49999 5
    endloop
  endfacet
  facet normal 0 -1 -0
    outer loop
      vertex 130.8 1.49999 5
      vertex 110.2 1.49999 0
      vertex 130.8 1.49999 0
    endloop
  endfacet
  facet normal 1 -0 0
    outer loop
      vertex 130.8 1.49999 5
      vertex 130.8 11.7 0
      vertex 130.8 11.7 5
    endloop
  endfacet
  facet normal 1 0 0
    outer loop
      vertex 130.8 11.7 0
      vertex 130.8 1.49999 5
      vertex 130.8 1.49999 0
    endloop
  endfacet
  facet normal 0 -1 0
    outer loop
      vertex 130.8 11.7 0
      vertex 149 11.7 5
      vertex 130.8 11.7 5
    endloop
  endfacet
  facet normal 0 -1 -0
    outer loop
      vertex 149 11.7 5
      vertex 130.8 11.7 0
      vertex 149 11.7 0
    endloop
  endfacet
  facet normal 1 -0 0
    outer loop
      vertex 149 11.7 5
      vertex 149 33.4 0
      vertex 149 33.4 5
    endloop
  endfacet
  facet normal 1 0 0
    outer loop
      vertex 149 33.4 0
      vertex 149 11.7 5
      vertex 149 11.7 0
    endloop
  endfacet
  facet normal 0 1 -0
    outer loop
      vertex 149 33.4 0
      vertex 146.3 33.4 5
      vertex 149 33.4 5
    endloop
  endfacet
  facet normal 0 1 0
    outer loop
      vertex 146.3 33.4 5
      vertex 149 33.4 0
      vertex 146.3 33.4 0
    endloop
  endfacet
  facet normal 1 -0 0
    outer loop
      vertex 146.3 33.4 5
      vertex 146.3 45.8 0
      vertex 146.3 45.8 5
    endloop
  endfacet
  facet normal 1 0 0
    outer loop
      vertex 146.3 45.8 0
      vertex 146.3 33.4 5
      vertex 146.3 33.4 0
    endloop
  endfacet
  facet normal 0 -1 0
    outer loop
      vertex 146.3 45.8 0
      vertex 149 45.8 5
      vertex 146.3 45.8 5
    endloop
  endfacet
  facet normal 0 -1 -0
    outer loop
      vertex 149 45.8 5
      vertex 146.3 45.8 0
      vertex 149 45.8 0
    endloop
  endfacet
  facet normal 1 -0 0
    outer loop
      vertex 149 45.8 5
      vertex 149 73.4 0
      vertex 149 73.4 5
    endloop
  endfacet
  facet normal 1 0 0
    outer loop
      vertex 149 73.4 0
      vertex 149 45.8 5
      vertex 149 45.8 0
    endloop
  endfacet
  facet normal 0 1 -0
    outer loop
      vertex 149 73.4 0
      vertex 146.3 73.4 5
      vertex 149 73.4 5
    endloop
  endfacet
  facet normal 0 1 0
    outer loop
      vertex 146.3 73.4 5
      vertex 149 73.4 0
      vertex 146.3 73.4 0
    endloop
  endfacet
  facet normal 1 -0 0
    outer loop
      vertex 146.3 73.4 5
      vertex 146.3 85.8 0
      vertex 146.3 85.8 5
    endloop
  endfacet
  facet normal 1 0 0
    outer loop
      vertex 146.3 85.8 0
      vertex 146.3 73.4 5
      vertex 146.3 73.4 0
    endloop
  endfacet
  facet normal 0 -1 0
    outer loop
      vertex 146.3 85.8 0
      vertex 149 85.8 5
      vertex 146.3 85.8 5
    endloop
  endfacet
  facet normal 0 -1 -0
    outer loop
      vertex 149 85.8 5
      vertex 146.3 85.8 0
      vertex 149 85.8 0
    endloop
  endfacet
  facet normal 1 -0 0
    outer loop
      vertex 149 85.8 5
      vertex 149 105.5 0
      vertex 149 105.5 5
    endloop
  endfacet
  facet normal 1 0 0
    outer loop
      vertex 149 105.5 0
      vertex 149 85.8 5
      vertex 149 85.8 0
    endloop
  endfacet
  facet normal 0.997808 0.0661811 -2.98764e-19
    outer loop
      vertex 149 105.5 5
      vertex 148.974 105.892 0
      vertex 148.974 105.892 5
    endloop
  endfacet
  facet normal 0.997808 0.0661811 -2.98764e-19
    outer loop
      vertex 148.974 105.892 0
      vertex 149 105.5 5
      vertex 149 105.5 0
    endloop
  endfacet
  facet normal 0.980972 0.194151 -3.52936e-19
    outer loop
      vertex 148.974 105.892 5
      vertex 148.898 106.276 0
      vertex 148.898 106.276 5
    endloop
  endfacet
  facet normal 0.980972 0.194151 -3.52936e-19
    outer loop
      vertex 148.898 106.276 0
      vertex 148.974 105.892 5
      vertex 148.974 105.892 0
    endloop
  endfacet
  facet normal 0.947145 0.320807 -1.2424e-18
    outer loop
      vertex 148.898 106.276 5
      vertex 148.772 106.648 0
      vertex 148.772 106.648 5
    endloop
  endfacet
  facet normal 0.947145 0.320807 -1.2424e-18
    outer loop
      vertex 148.772 106.648 0
      vertex 148.898 106.276 5
      vertex 148.898 106.276 0
    endloop
  endfacet
  facet normal 0.896455 0.443134 -2.81841e-19
    outer loop
      vertex 148.772 106.648 5
      vertex 148.598 107 0
      vertex 148.598 107 5
    endloop
  endfacet
  facet normal 0.896455 0.443134 -2.81841e-19
    outer loop
      vertex 148.598 107 0
      vertex 148.772 106.648 5
      vertex 148.772 106.648 0
    endloop
  endfacet
  facet normal 0.831265 0.555877 2.91339e-18
    outer loop
      vertex 148.598 107 5
      vertex 148.38 107.326 0
      vertex 148.38 107.326 5
    endloop
  endfacet
  facet normal 0.831265 0.555877 2.91339e-18
    outer loop
      vertex 148.38 107.326 0
      vertex 148.598 107 5
      vertex 148.598 107 0
    endloop
  endfacet
  facet normal 0.751471 0.659766 3.82364e-19
    outer loop
      vertex 148.38 107.326 5
      vertex 148.121 107.621 0
      vertex 148.121 107.621 5
    endloop
  endfacet
  facet normal 0.751471 0.659766 3.82364e-19
    outer loop
      vertex 148.121 107.621 0
      vertex 148.38 107.326 5
      vertex 148.38 107.326 0
    endloop
  endfacet
  facet normal 0.659766 0.751471 -0
    outer loop
      vertex 148.121 107.621 0
      vertex 147.826 107.88 5
      vertex 148.121 107.621 5
    endloop
  endfacet
  facet normal 0.659766 0.751471 0
    outer loop
      vertex 147.826 107.88 5
      vertex 148.121 107.621 0
      vertex 147.826 107.88 0
    endloop
  endfacet
  facet normal 0.555877 0.831265 -0
    outer loop
      vertex 147.826 107.88 0
      vertex 147.5 108.098 5
      vertex 147.826 107.88 5
    endloop
  endfacet
  facet normal 0.555877 0.831265 0
    outer loop
      vertex 147.5 108.098 5
      vertex 147.826 107.88 0
      vertex 147.5 108.098 0
    endloop
  endfacet
  facet normal 0.443134 0.896455 -0
    outer loop
      vertex 147.5 108.098 0
      vertex 147.148 108.272 5
      vertex 147.5 108.098 5
    endloop
  endfacet
  facet normal 0.443134 0.896455 0
    outer loop
      vertex 147.148 108.272 5
      vertex 147.5 108.098 0
      vertex 147.148 108.272 0
    endloop
  endfacet
  facet normal 0.320807 0.947145 -0
    outer loop
      vertex 147.148 108.272 0
      vertex 146.776 108.398 5
      vertex 147.148 108.272 5
    endloop
  endfacet
  facet normal 0.320807 0.947145 0
    outer loop
      vertex 146.776 108.398 5
      vertex 147.148 108.272 0
      vertex 146.776 108.398 0
    endloop
  endfacet
  facet normal 0.194151 0.980972 -0
    outer loop
      vertex 146.776 108.398 0
      vertex 146.392 108.474 5
      vertex 146.776 108.398 5
    endloop
  endfacet
  facet normal 0.194151 0.980972 0
    outer loop
      vertex 146.392 108.474 5
      vertex 146.776 108.398 0
      vertex 146.392 108.474 0
    endloop
  endfacet
  facet normal 0.0661811 0.997808 -0
    outer loop
      vertex 146.392 108.474 0
      vertex 146 108.5 5
      vertex 146.392 108.474 5
    endloop
  endfacet
  facet normal 0.0661811 0.997808 0
    outer loop
      vertex 146 108.5 5
      vertex 146.392 108.474 0
      vertex 146 108.5 0
    endloop
  endfacet
  facet normal 0 1 -0
    outer loop
      vertex 146 108.5 0
      vertex 4.5 108.5 5
      vertex 146 108.5 5
    endloop
  endfacet
  facet normal 0 1 0
    outer loop
      vertex 4.5 108.5 5
      vertex 146 108.5 0
      vertex 4.5 108.5 0
    endloop
  endfacet
  facet normal -0.0662535 0.997803 0
    outer loop
      vertex 4.5 108.5 0
      vertex 4.10843 108.474 5
      vertex 4.5 108.5 5
    endloop
  endfacet
  facet normal -0.0662535 0.997803 0
    outer loop
      vertex 4.10843 108.474 5
      vertex 4.5 108.5 0
      vertex 4.10843 108.474 0
    endloop
  endfacet
  facet normal -0.193719 0.981057 0
    outer loop
      vertex 4.10843 108.474 0
      vertex 3.72354 108.398 5
      vertex 4.10843 108.474 5
    endloop
  endfacet
  facet normal -0.193719 0.981057 0
    outer loop
      vertex 3.72354 108.398 5
      vertex 4.10843 108.474 0
      vertex 3.72354 108.398 0
    endloop
  endfacet
  facet normal -0.321117 0.94704 0
    outer loop
      vertex 3.72354 108.398 0
      vertex 3.35194 108.272 5
      vertex 3.72354 108.398 5
    endloop
  endfacet
  facet normal -0.321117 0.94704 0
    outer loop
      vertex 3.35194 108.272 5
      vertex 3.72354 108.398 0
      vertex 3.35194 108.272 0
    endloop
  endfacet
  facet normal -0.443195 0.896425 0
    outer loop
      vertex 3.35194 108.272 0
      vertex 3 108.098 5
      vertex 3.35194 108.272 5
    endloop
  endfacet
  facet normal -0.443195 0.896425 0
    outer loop
      vertex 3 108.098 5
      vertex 3.35194 108.272 0
      vertex 3 108.098 0
    endloop
  endfacet
  facet normal -0.555547 0.831485 0
    outer loop
      vertex 3 108.098 0
      vertex 2.67372 107.88 5
      vertex 3 108.098 5
    endloop
  endfacet
  facet normal -0.555547 0.831485 0
    outer loop
      vertex 2.67372 107.88 5
      vertex 3 108.098 0
      vertex 2.67372 107.88 0
    endloop
  endfacet
  facet normal -0.659716 0.751515 0
    outer loop
      vertex 2.67372 107.88 0
      vertex 2.37868 107.621 5
      vertex 2.67372 107.88 5
    endloop
  endfacet
  facet normal -0.659716 0.751515 0
    outer loop
      vertex 2.37868 107.621 5
      vertex 2.67372 107.88 0
      vertex 2.37868 107.621 0
    endloop
  endfacet
  facet normal -0.751787 0.659406 2.22951e-18
    outer loop
      vertex 2.11993 107.326 0
      vertex 2.37868 107.621 5
      vertex 2.37868 107.621 0
    endloop
  endfacet
  facet normal -0.751787 0.659406 2.22951e-18
    outer loop
      vertex 2.37868 107.621 5
      vertex 2.11993 107.326 0
      vertex 2.11993 107.326 5
    endloop
  endfacet
  facet normal -0.831253 0.555894 3.45088e-18
    outer loop
      vertex 1.90192 107 0
      vertex 2.11993 107.326 5
      vertex 2.11993 107.326 0
    endloop
  endfacet
  facet normal -0.831253 0.555894 3.45088e-18
    outer loop
      vertex 2.11993 107.326 5
      vertex 1.90192 107 0
      vertex 1.90192 107 5
    endloop
  endfacet
  facet normal -0.8969 0.442233 -1.34852e-18
    outer loop
      vertex 1.72836 106.648 0
      vertex 1.90192 107 5
      vertex 1.90192 107 0
    endloop
  endfacet
  facet normal -0.8969 0.442233 -1.34852e-18
    outer loop
      vertex 1.90192 107 5
      vertex 1.72836 106.648 0
      vertex 1.72836 106.648 5
    endloop
  endfacet
  facet normal -0.947036 0.321127 -1.45093e-18
    outer loop
      vertex 1.60222 106.276 0
      vertex 1.72836 106.648 5
      vertex 1.72836 106.648 0
    endloop
  endfacet
  facet normal -0.947036 0.321127 -1.45093e-18
    outer loop
      vertex 1.72836 106.648 5
      vertex 1.60222 106.276 0
      vertex 1.60222 106.276 5
    endloop
  endfacet
  facet normal -0.980703 0.195502 1.08404e-19
    outer loop
      vertex 1.52567 105.892 0
      vertex 1.60222 106.276 5
      vertex 1.60222 106.276 0
    endloop
  endfacet
  facet normal -0.980703 0.195502 1.08404e-19
    outer loop
      vertex 1.60222 106.276 5
      vertex 1.52567 105.892 0
      vertex 1.52567 105.892 5
    endloop
  endfacet
  facet normal -0.997863 0.0653447 1.88002e-19
    outer loop
      vertex 1.5 105.5 0
      vertex 1.52567 105.892 5
      vertex 1.52567 105.892 0
    endloop
  endfacet
  facet normal -0.997863 0.0653447 1.88002e-19
    outer loop
      vertex 1.52567 105.892 5
      vertex 1.5 105.5 0
      vertex 1.5 105.5 5
    endloop
  endfacet
  facet normal -1 0 0
    outer loop
      vertex 1.5 4.49999 0
      vertex 1.5 105.5 5
      vertex 1.5 105.5 0
    endloop
  endfacet
  facet normal -1 -0 0
    outer loop
      vertex 1.5 105.5 5
      vertex 1.5 4.49999 0
      vertex 1.5 4.49999 5
    endloop
  endfacet
  facet normal -0.997858 -0.0654162 1.73154e-19
    outer loop
      vertex 1.52567 4.10842 0
      vertex 1.5 4.49999 5
      vertex 1.5 4.49999 0
    endloop
  endfacet
  facet normal -0.997858 -0.0654162 1.73154e-19
    outer loop
      vertex 1.5 4.49999 5
      vertex 1.52567 4.10842 0
      vertex 1.52567 4.10842 5
    endloop
  endfacet
  facet normal -0.980789 -0.195072 5.73468e-20
    outer loop
      vertex 1.60222 3.72354 0
      vertex 1.52567 4.10842 5
      vertex 1.52567 4.10842 0
    endloop
  endfacet
  facet normal -0.980789 -0.195072 5.73468e-20
    outer loop
      vertex 1.52567 4.10842 5
      vertex 1.60222 3.72354 0
      vertex 1.60222 3.72354 5
    endloop
  endfacet
  facet normal -0.946931 -0.321437 -3.87586e-20
    outer loop
      vertex 1.72836 3.35194 0
      vertex 1.60222 3.72354 5
      vertex 1.60222 3.72354 0
    endloop
  endfacet
  facet normal -0.946931 -0.321437 -3.87586e-20
    outer loop
      vertex 1.60222 3.72354 5
      vertex 1.72836 3.35194 0
      vertex 1.72836 3.35194 5
    endloop
  endfacet
  facet normal -0.896875 -0.442283 -1.00569e-18
    outer loop
      vertex 1.90192 2.99999 0
      vertex 1.72836 3.35194 5
      vertex 1.72836 3.35194 0
    endloop
  endfacet
  facet normal -0.896875 -0.442283 -1.00569e-18
    outer loop
      vertex 1.72836 3.35194 5
      vertex 1.90192 2.99999 0
      vertex 1.90192 2.99999 5
    endloop
  endfacet
  facet normal -0.831466 -0.555576 -2.51469e-18
    outer loop
      vertex 2.11993 2.67372 0
      vertex 1.90192 2.99999 5
      vertex 1.90192 2.99999 0
    endloop
  endfacet
  facet normal -0.831466 -0.555576 -2.51469e-18
    outer loop
      vertex 1.90192 2.99999 5
      vertex 2.11993 2.67372 0
      vertex 2.11993 2.67372 5
    endloop
  endfacet
  facet normal -0.751842 -0.659343 2.01338e-18
    outer loop
      vertex 2.37868 2.37867 0
      vertex 2.11993 2.67372 5
      vertex 2.11993 2.67372 0
    endloop
  endfacet
  facet normal -0.751842 -0.659343 2.01338e-18
    outer loop
      vertex 2.11993 2.67372 5
      vertex 2.37868 2.37867 0
      vertex 2.37868 2.37867 5
    endloop
  endfacet
  facet normal -0.659341 -0.751844 0
    outer loop
      vertex 2.37868 2.37867 0
      vertex 2.67372 2.11993 5
      vertex 2.37868 2.37867 5
    endloop
  endfacet
  facet normal -0.659341 -0.751844 -0
    outer loop
      vertex 2.67372 2.11993 5
      vertex 2.37868 2.37867 0
      vertex 2.67372 2.11993 0
    endloop
  endfacet
  facet normal -0.555582 -0.831462 0
    outer loop
      vertex 2.67372 2.11993 0
      vertex 3 1.90191 5
      vertex 2.67372 2.11993 5
    endloop
  endfacet
  facet normal -0.555582 -0.831462 -0
    outer loop
      vertex 3 1.90191 5
      vertex 2.67372 2.11993 0
      vertex 3 1.90191 0
    endloop
  endfacet
  facet normal -0.442273 -0.89688 0
    outer loop
      vertex 3 1.90191 0
      vertex 3.35194 1.72836 5
      vertex 3 1.90191 5
    endloop
  endfacet
  facet normal -0.442273 -0.89688 -0
    outer loop
      vertex 3.35194 1.72836 5
      vertex 3 1.90191 0
      vertex 3.35194 1.72836 0
    endloop
  endfacet
  facet normal -0.32146 -0.946923 0
    outer loop
      vertex 3.35194 1.72836 0
      vertex 3.72354 1.60221 5
      vertex 3.35194 1.72836 5
    endloop
  endfacet
  facet normal -0.32146 -0.946923 -0
    outer loop
      vertex 3.72354 1.60221 5
      vertex 3.35194 1.72836 0
      vertex 3.72354 1.60221 0
    endloop
  endfacet
  facet normal -0.195067 -0.98079 0
    outer loop
      vertex 3.72354 1.60221 0
      vertex 4.10843 1.52566 5
      vertex 3.72354 1.60221 5
    endloop
  endfacet
  facet normal -0.195067 -0.98079 -0
    outer loop
      vertex 4.10843 1.52566 5
      vertex 3.72354 1.60221 0
      vertex 4.10843 1.52566 0
    endloop
  endfacet
  facet normal -0.0654162 -0.997858 0
    outer loop
      vertex 4.10843 1.52566 0
      vertex 4.5 1.49999 5
      vertex 4.10843 1.52566 5
    endloop
  endfacet
  facet normal -0.0654162 -0.997858 -0
    outer loop
      vertex 4.5 1.49999 5
      vertex 4.10843 1.52566 0
      vertex 4.5 1.49999 0
    endloop
  endfacet
  facet normal 0 -1 0
    outer loop
      vertex 4.5 1.49999 0
      vertex 97.8 1.49999 5
      vertex 4.5 1.49999 5
    endloop
  endfacet
  facet normal 0 -1 -0
    outer loop
      vertex 97.8 1.49999 5
      vertex 4.5 1.49999 0
      vertex 97.8 1.49999 0
    endloop
  endfacet
  facet normal 1 -0 0
    outer loop
      vertex 97.8 1.49999 5
      vertex 97.8 11.7 0
      vertex 97.8 11.7 5
    endloop
  endfacet
  facet normal 1 0 0
    outer loop
      vertex 97.8 11.7 0
      vertex 97.8 1.49999 5
      vertex 97.8 1.49999 0
    endloop
  endfacet
  facet normal 1 -0 0
    outer loop
      vertex 3.55 91.4 5
      vertex 3.55 103.8 0
      vertex 3.55 103.8 5
    endloop
  endfacet
  facet normal 1 0 0
    outer loop
      vertex 3.55 103.8 0
      vertex 3.55 91.4 5
      vertex 3.55 91.4 0
    endloop
  endfacet
  facet normal 0 -1 0
    outer loop
      vertex 3.55 103.8 0
      vertex 8.95001 103.8 5
      vertex 3.55 103.8 5
    endloop
  endfacet
  facet normal 0 -1 -0
    outer loop
      vertex 8.95001 103.8 5
      vertex 3.55 103.8 0
      vertex 8.95001 103.8 0
    endloop
  endfacet
  facet normal -1 0 0
    outer loop
      vertex 8.95001 91.4 0
      vertex 8.95001 103.8 5
      vertex 8.95001 103.8 0
    endloop
  endfacet
  facet normal -1 -0 0
    outer loop
      vertex 8.95001 103.8 5
      vertex 8.95001 91.4 0
      vertex 8.95001 91.4 5
    endloop
  endfacet
  facet normal 0 1 -0
    outer loop
      vertex 8.95001 91.4 0
      vertex 3.55 91.4 5
      vertex 8.95001 91.4 5
    endloop
  endfacet
  facet normal 0 1 0
    outer loop
      vertex 3.55 91.4 5
      vertex 8.95001 91.4 0
      vertex 3.55 91.4 0
    endloop
  endfacet
  facet normal 1 -0 0
    outer loop
      vertex 97.8 93.4 5
      vertex 97.8 103.8 0
      vertex 97.8 103.8 5
    endloop
  endfacet
  facet normal 1 0 0
    outer loop
      vertex 97.8 103.8 0
      vertex 97.8 93.4 5
      vertex 97.8 93.4 0
    endloop
  endfacet
  facet normal 0 -1 0
    outer loop
      vertex 97.8 103.8 0
      vertex 110.2 103.8 5
      vertex 97.8 103.8 5
    endloop
  endfacet
  facet normal 0 -1 -0
    outer loop
      vertex 110.2 103.8 5
      vertex 97.8 103.8 0
      vertex 110.2 103.8 0
    endloop
  endfacet
  facet normal -1 0 0
    outer loop
      vertex 110.2 93.4 0
      vertex 110.2 103.8 5
      vertex 110.2 103.8 0
    endloop
  endfacet
  facet normal -1 -0 0
    outer loop
      vertex 110.2 103.8 5
      vertex 110.2 93.4 0
      vertex 110.2 93.4 5
    endloop
  endfacet
  facet normal 0 1 -0
    outer loop
      vertex 110.2 93.4 0
      vertex 97.8 93.4 5
      vertex 110.2 93.4 5
    endloop
  endfacet
  facet normal 0 1 0
    outer loop
      vertex 97.8 93.4 5
      vertex 110.2 93.4 0
      vertex 97.8 93.4 0
    endloop
  endfacet
  facet normal 1 -0 0
    outer loop
      vertex 3.55 73.4 5
      vertex 3.55 85.8 0
      vertex 3.55 85.8 5
    endloop
  endfacet
  facet normal 1 0 0
    outer loop
      vertex 3.55 85.8 0
      vertex 3.55 73.4 5
      vertex 3.55 73.4 0
    endloop
  endfacet
  facet normal 0 -1 0
    outer loop
      vertex 3.55 85.8 0
      vertex 8.95001 85.8 5
      vertex 3.55 85.8 5
    endloop
  endfacet
  facet normal 0 -1 -0
    outer loop
      vertex 8.95001 85.8 5
      vertex 3.55 85.8 0
      vertex 8.95001 85.8 0
    endloop
  endfacet
  facet normal -1 0 0
    outer loop
      vertex 8.95001 73.4 0
      vertex 8.95001 85.8 5
      vertex 8.95001 85.8 0
    endloop
  endfacet
  facet normal -1 -0 0
    outer loop
      vertex 8.95001 85.8 5
      vertex 8.95001 73.4 0
      vertex 8.95001 73.4 5
    endloop
  endfacet
  facet normal 0 1 -0
    outer loop
      vertex 8.95001 73.4 0
      vertex 3.55 73.4 5
      vertex 8.95001 73.4 5
    endloop
  endfacet
  facet normal 0 1 0
    outer loop
      vertex 3.55 73.4 5
      vertex 8.95001 73.4 0
      vertex 3.55 73.4 0
    endloop
  endfacet
  facet normal 1 -0 0
    outer loop
      vertex 63.2 70.4 5
      vertex 63.2 82.8 0
      vertex 63.2 82.8 5
    endloop
  endfacet
  facet normal 1 0 0
    outer loop
      vertex 63.2 82.8 0
      vertex 63.2 70.4 5
      vertex 63.2 70.4 0
    endloop
  endfacet
  facet normal 0 -1 0
    outer loop
      vertex 63.2 82.8 0
      vertex 68.6 82.8 5
      vertex 63.2 82.8 5
    endloop
  endfacet
  facet normal 0 -1 -0
    outer loop
      vertex 68.6 82.8 5
      vertex 63.2 82.8 0
      vertex 68.6 82.8 0
    endloop
  endfacet
  facet normal -1 0 0
    outer loop
      vertex 68.6 70.4 0
      vertex 68.6 82.8 5
      vertex 68.6 82.8 0
    endloop
  endfacet
  facet normal -1 -0 0
    outer loop
      vertex 68.6 82.8 5
      vertex 68.6 70.4 0
      vertex 68.6 70.4 5
    endloop
  endfacet
  facet normal 0 1 -0
    outer loop
      vertex 68.6 70.4 0
      vertex 63.2 70.4 5
      vertex 68.6 70.4 5
    endloop
  endfacet
  facet normal 0 1 0
    outer loop
      vertex 63.2 70.4 5
      vertex 68.6 70.4 0
      vertex 63.2 70.4 0
    endloop
  endfacet
  facet normal 1 -0 0
    outer loop
      vertex 97.8 48.4 5
      vertex 97.8 58.8 0
      vertex 97.8 58.8 5
    endloop
  endfacet
  facet normal 1 0 0
    outer loop
      vertex 97.8 58.8 0
      vertex 97.8 48.4 5
      vertex 97.8 48.4 0
    endloop
  endfacet
  facet normal 0 -1 0
    outer loop
      vertex 97.8 58.8 0
      vertex 110.2 58.8 5
      vertex 97.8 58.8 5
    endloop
  endfacet
  facet normal 0 -1 -0
    outer loop
      vertex 110.2 58.8 5
      vertex 97.8 58.8 0
      vertex 110.2 58.8 0
    endloop
  endfacet
  facet normal -1 0 0
    outer loop
      vertex 110.2 48.4 0
      vertex 110.2 58.8 5
      vertex 110.2 58.8 0
    endloop
  endfacet
  facet normal -1 -0 0
    outer loop
      vertex 110.2 58.8 5
      vertex 110.2 48.4 0
      vertex 110.2 48.4 5
    endloop
  endfacet
  facet normal 0 1 -0
    outer loop
      vertex 110.2 48.4 0
      vertex 97.8 48.4 5
      vertex 110.2 48.4 5
    endloop
  endfacet
  facet normal 0 1 0
    outer loop
      vertex 97.8 48.4 5
      vertex 110.2 48.4 0
      vertex 97.8 48.4 0
    endloop
  endfacet
  facet normal 1 -0 0
    outer loop
      vertex 3.55 39.4 5
      vertex 3.55 51.8 0
      vertex 3.55 51.8 5
    endloop
  endfacet
  facet normal 1 0 0
    outer loop
      vertex 3.55 51.8 0
      vertex 3.55 39.4 5
      vertex 3.55 39.4 0
    endloop
  endfacet
  facet normal 0 -1 0
    outer loop
      vertex 3.55 51.8 0
      vertex 8.95001 51.8 5
      vertex 3.55 51.8 5
    endloop
  endfacet
  facet normal 0 -1 -0
    outer loop
      vertex 8.95001 51.8 5
      vertex 3.55 51.8 0
      vertex 8.95001 51.8 0
    endloop
  endfacet
  facet normal -1 0 0
    outer loop
      vertex 8.95001 39.4 0
      vertex 8.95001 51.8 5
      vertex 8.95001 51.8 0
    endloop
  endfacet
  facet normal -1 -0 0
    outer loop
      vertex 8.95001 51.8 5
      vertex 8.95001 39.4 0
      vertex 8.95001 39.4 5
    endloop
  endfacet
  facet normal 0 1 -0
    outer loop
      vertex 8.95001 39.4 0
      vertex 3.55 39.4 5
      vertex 8.95001 39.4 5
    endloop
  endfacet
  facet normal 0 1 0
    outer loop
      vertex 3.55 39.4 5
      vertex 8.95001 39.4 0
      vertex 3.55 39.4 0
    endloop
  endfacet
  facet normal 1 -0 0
    outer loop
      vertex 63.2 17.4 5
      vertex 63.2 29.8 0
      vertex 63.2 29.8 5
    endloop
  endfacet
  facet normal 1 0 0
    outer loop
      vertex 63.2 29.8 0
      vertex 63.2 17.4 5
      vertex 63.2 17.4 0
    endloop
  endfacet
  facet normal 0 -1 0
    outer loop
      vertex 63.2 29.8 0
      vertex 68.6 29.8 5
      vertex 63.2 29.8 5
    endloop
  endfacet
  facet normal 0 -1 -0
    outer loop
      vertex 68.6 29.8 5
      vertex 63.2 29.8 0
      vertex 68.6 29.8 0
    endloop
  endfacet
  facet normal -1 0 0
    outer loop
      vertex 68.6 17.4 0
      vertex 68.6 29.8 5
      vertex 68.6 29.8 0
    endloop
  endfacet
  facet normal -1 -0 0
    outer loop
      vertex 68.6 29.8 5
      vertex 68.6 17.4 0
      vertex 68.6 17.4 5
    endloop
  endfacet
  facet normal 0 1 -0
    outer loop
      vertex 68.6 17.4 0
      vertex 63.2 17.4 5
      vertex 68.6 17.4 5
    endloop
  endfacet
  facet normal 0 1 0
    outer loop
      vertex 63.2 17.4 5
      vertex 68.6 17.4 0
      vertex 63.2 17.4 0
    endloop
  endfacet
  facet normal 1 -0 0
    outer loop
      vertex 3.55 13.4 5
      vertex 3.55 25.8 0
      vertex 3.55 25.8 5
    endloop
  endfacet
  facet normal 1 0 0
    outer loop
      vertex 3.55 25.8 0
      vertex 3.55 13.4 5
      vertex 3.55 13.4 0
    endloop
  endfacet
  facet normal 0 -1 0
    outer loop
      vertex 3.55 25.8 0
      vertex 8.95001 25.8 5
      vertex 3.55 25.8 5
    endloop
  endfacet
  facet normal 0 -1 -0
    outer loop
      vertex 8.95001 25.8 5
      vertex 3.55 25.8 0
      vertex 8.95001 25.8 0
    endloop
  endfacet
  facet normal -1 0 0
    outer loop
      vertex 8.95001 13.4 0
      vertex 8.95001 25.8 5
      vertex 8.95001 25.8 0
    endloop
  endfacet
  facet normal -1 -0 0
    outer loop
      vertex 8.95001 25.8 5
      vertex 8.95001 13.4 0
      vertex 8.95001 13.4 5
    endloop
  endfacet
  facet normal 0 1 -0
    outer loop
      vertex 8.95001 13.4 0
      vertex 3.55 13.4 5
      vertex 8.95001 13.4 5
    endloop
  endfacet
  facet normal 0 1 0
    outer loop
      vertex 3.55 13.4 5
      vertex 8.95001 13.4 0
      vertex 3.55 13.4 0
    endloop
  endfacet
  facet normal 0 0 -1
    outer loop
      vertex 43.4888 89.8675 0.599999
      vertex 41.8884 91.1044 0.599999
      vertex 43.4888 97.5113 0.599999
    endloop
  endfacet
  facet normal 0 0 -1
    outer loop
      vertex 40.3966 89.8675 0.599999
      vertex 41.8884 91.1044 0.599999
      vertex 43.4888 89.8675 0.599999
    endloop
  endfacet
  facet normal -0 0 -1
    outer loop
      vertex 41.8884 91.1044 0.599999
      vertex 40.3966 89.8675 0.599999
      vertex 40.5322 91.1044 0.599999
    endloop
  endfacet
  facet normal 0 0 -1
    outer loop
      vertex 40.3966 89.8675 0.599999
      vertex 40.2463 91.1189 0.599999
      vertex 40.5322 91.1044 0.599999
    endloop
  endfacet
  facet normal 0 0 -1
    outer loop
      vertex 40.0885 89.877 0.599999
      vertex 40.2463 91.1189 0.599999
      vertex 40.3966 89.8675 0.599999
    endloop
  endfacet
  facet normal 0 0 -1
    outer loop
      vertex 40.0885 89.877 0.599999
      vertex 39.9777 91.1624 0.599999
      vertex 40.2463 91.1189 0.599999
    endloop
  endfacet
  facet normal 0 0 -1
    outer loop
      vertex 39.7905 89.9056 0.599999
      vertex 39.9777 91.1624 0.599999
      vertex 40.0885 89.877 0.599999
    endloop
  endfacet
  facet normal 0 0 -1
    outer loop
      vertex 39.5026 89.9532 0.599999
      vertex 39.9777 91.1624 0.599999
      vertex 39.7905 89.9056 0.599999
    endloop
  endfacet
  facet normal -0 0 -1
    outer loop
      vertex 39.9777 91.1624 0.599999
      vertex 39.5026 89.9532 0.599999
      vertex 39.7264 91.2349 0.599999
    endloop
  endfacet
  facet normal 0 0 -1
    outer loop
      vertex 39.2247 90.0199 0.599999
      vertex 39.7264 91.2349 0.599999
      vertex 39.5026 89.9532 0.599999
    endloop
  endfacet
  facet normal -0 0 -1
    outer loop
      vertex 39.7264 91.2349 0.599999
      vertex 39.2247 90.0199 0.599999
      vertex 39.4923 91.3364 0.599999
    endloop
  endfacet
  facet normal 0 0 -1
    outer loop
      vertex 38.957 90.1056 0.599999
      vertex 39.4923 91.3364 0.599999
      vertex 39.2247 90.0199 0.599999
    endloop
  endfacet
  facet normal 0 0 -1
    outer loop
      vertex 38.6993 90.2103 0.599999
      vertex 39.4923 91.3364 0.599999
      vertex 38.957 90.1056 0.599999
    endloop
  endfacet
  facet normal -0 0 -1
    outer loop
      vertex 39.4923 91.3364 0.599999
      vertex 38.6993 90.2103 0.599999
      vertex 39.2755 91.467 0.599999
    endloop
  endfacet
  facet normal 0 0 -1
    outer loop
      vertex 38.4517 90.3341 0.599999
      vertex 39.2755 91.467 0.599999
      vertex 38.6993 90.2103 0.599999
    endloop
  endfacet
  facet normal -0 0 -1
    outer loop
      vertex 39.2755 91.467 0.599999
      vertex 38.4517 90.3341 0.599999
      vertex 39.076 91.6265 0.599999
    endloop
  endfacet
  facet normal 0 0 -1
    outer loop
      vertex 38.217 90.4758 0.599999
      vertex 39.076 91.6265 0.599999
      vertex 38.4517 90.3341 0.599999
    endloop
  endfacet
  facet normal 0 0 -1
    outer loop
      vertex 37.998 90.6345 0.599999
      vertex 39.076 91.6265 0.599999
      vertex 38.217 90.4758 0.599999
    endloop
  endfacet
  facet normal -0 0 -1
    outer loop
      vertex 39.076 91.6265 0.599999
      vertex 37.998 90.6345 0.599999
      vertex 38.8938 91.815 0.599999
    endloop
  endfacet
  facet normal 0 0 -1
    outer loop
      vertex 37.7947 90.8102 0.599999
      vertex 38.8938 91.815 0.599999
      vertex 37.998 90.6345 0.599999
    endloop
  endfacet
  facet normal 0 0 -1
    outer loop
      vertex 37.6071 91.0028 0.599999
      vertex 38.8938 91.815 0.599999
      vertex 37.7947 90.8102 0.599999
    endloop
  endfacet
  facet normal -0 0 -1
    outer loop
      vertex 38.8938 91.815 0.599999
      vertex 37.6071 91.0028 0.599999
      vertex 38.7326 92.0285 0.599999
    endloop
  endfacet
  facet normal 0 0 -1
    outer loop
      vertex 37.4353 91.2123 0.599999
      vertex 38.7326 92.0285 0.599999
      vertex 37.6071 91.0028 0.599999
    endloop
  endfacet
  facet normal 0 0 -1
    outer loop
      vertex 37.2792 91.4388 0.599999
      vertex 38.5962 92.2628 0.599999
      vertex 37.4353 91.2123 0.599999
    endloop
  endfacet
  facet normal -0 0 -1
    outer loop
      vertex 38.7326 92.0285 0.599999
      vertex 37.4353 91.2123 0.599999
      vertex 38.5962 92.2628 0.599999
    endloop
  endfacet
  facet normal 0 0 -1
    outer loop
      vertex 41.8884 96.2745 0.599999
      vertex 43.4888 97.5113 0.599999
      vertex 41.8884 91.1044 0.599999
    endloop
  endfacet
  facet normal 0 0 -1
    outer loop
      vertex 40.722 97.5113 0.599999
      vertex 41.8884 96.2745 0.599999
      vertex 40.7546 96.2745 0.599999
    endloop
  endfacet
  facet normal 0 0 -1
    outer loop
      vertex 41.8884 96.2745 0.599999
      vertex 40.722 97.5113 0.599999
      vertex 43.4888 97.5113 0.599999
    endloop
  endfacet
  facet normal 0 0 -1
    outer loop
      vertex 40.4263 96.2612 0.599999
      vertex 40.722 97.5113 0.599999
      vertex 40.7546 96.2745 0.599999
    endloop
  endfacet
  facet normal 0 0 -1
    outer loop
      vertex 40.4263 96.2612 0.599999
      vertex 40.188 97.4915 0.599999
      vertex 40.722 97.5113 0.599999
    endloop
  endfacet
  facet normal 0 0 -1
    outer loop
      vertex 40.1204 96.2215 0.599999
      vertex 40.188 97.4915 0.599999
      vertex 40.4263 96.2612 0.599999
    endloop
  endfacet
  facet normal 0 0 -1
    outer loop
      vertex 39.6897 97.4318 0.599999
      vertex 40.1204 96.2215 0.599999
      vertex 39.8369 96.1554 0.599999
    endloop
  endfacet
  facet normal 0 0 -1
    outer loop
      vertex 40.1204 96.2215 0.599999
      vertex 39.6897 97.4318 0.599999
      vertex 40.188 97.4915 0.599999
    endloop
  endfacet
  facet normal 0 0 -1
    outer loop
      vertex 39.2271 97.3325 0.599999
      vertex 39.8369 96.1554 0.599999
      vertex 39.5757 96.0628 0.599999
    endloop
  endfacet
  facet normal 0 0 -1
    outer loop
      vertex 38.8 97.1933 0.599999
      vertex 39.5757 96.0628 0.599999
      vertex 39.3369 95.9437 0.599999
    endloop
  endfacet
  facet normal 0 0 -1
    outer loop
      vertex 39.8369 96.1554 0.599999
      vertex 39.2271 97.3325 0.599999
      vertex 39.6897 97.4318 0.599999
    endloop
  endfacet
  facet normal 0 0 -1
    outer loop
      vertex 38.4087 97.0145 0.599999
      vertex 39.3369 95.9437 0.599999
      vertex 39.1204 95.7981 0.599999
    endloop
  endfacet
  facet normal 0 0 -1
    outer loop
      vertex 38.053 96.7959 0.599999
      vertex 39.1204 95.7981 0.599999
      vertex 38.9263 95.6261 0.599999
    endloop
  endfacet
  facet normal 0 0 -1
    outer loop
      vertex 39.5757 96.0628 0.599999
      vertex 38.8 97.1933 0.599999
      vertex 39.2271 97.3325 0.599999
    endloop
  endfacet
  facet normal 0 0 -1
    outer loop
      vertex 37.7329 96.5375 0.599999
      vertex 38.9263 95.6261 0.599999
      vertex 38.7565 95.429 0.599999
    endloop
  endfacet
  facet normal 0 0 -1
    outer loop
      vertex 37.4522 96.2421 0.599999
      vertex 38.7565 95.429 0.599999
      vertex 38.6128 95.2081 0.599999
    endloop
  endfacet
  facet normal 0 0 -1
    outer loop
      vertex 37.2147 95.9122 0.599999
      vertex 38.6128 95.2081 0.599999
      vertex 38.4952 94.9633 0.599999
    endloop
  endfacet
  facet normal 0 0 -1
    outer loop
      vertex 39.3369 95.9437 0.599999
      vertex 38.4087 97.0145 0.599999
      vertex 38.8 97.1933 0.599999
    endloop
  endfacet
  facet normal 0 0 -1
    outer loop
      vertex 37.0204 95.5479 0.599999
      vertex 38.4952 94.9633 0.599999
      vertex 38.4038 94.6948 0.599999
    endloop
  endfacet
  facet normal 0 0 -1
    outer loop
      vertex 36.7614 94.716 0.599999
      vertex 38.4038 94.6948 0.599999
      vertex 38.3384 94.4024 0.599999
    endloop
  endfacet
  facet normal 0 0 -1
    outer loop
      vertex 36.6966 94.2484 0.599999
      vertex 38.3384 94.4024 0.599999
      vertex 38.2993 94.0863 0.599999
    endloop
  endfacet
  facet normal 0 0 -1
    outer loop
      vertex 36.675 93.7464 0.599999
      vertex 38.2993 94.0863 0.599999
      vertex 38.2862 93.7464 0.599999
    endloop
  endfacet
  facet normal 0 0 -1
    outer loop
      vertex 39.1204 95.7981 0.599999
      vertex 38.053 96.7959 0.599999
      vertex 38.4087 97.0145 0.599999
    endloop
  endfacet
  facet normal 0 0 -1
    outer loop
      vertex 37.1388 91.6822 0.599999
      vertex 38.5962 92.2628 0.599999
      vertex 37.2792 91.4388 0.599999
    endloop
  endfacet
  facet normal -0 0 -1
    outer loop
      vertex 38.5962 92.2628 0.599999
      vertex 37.1388 91.6822 0.599999
      vertex 38.4846 92.5179 0.599999
    endloop
  endfacet
  facet normal 0 0 -1
    outer loop
      vertex 37.0158 91.9402 0.599999
      vertex 38.4846 92.5179 0.599999
      vertex 37.1388 91.6822 0.599999
    endloop
  endfacet
  facet normal 0 0 -1
    outer loop
      vertex 36.675 93.7464 0.599999
      vertex 38.2862 93.7464 0.599999
      vertex 36.6845 93.4146 0.599999
    endloop
  endfacet
  facet normal 0 0 -1
    outer loop
      vertex 36.9117 92.2105 0.599999
      vertex 38.4846 92.5179 0.599999
      vertex 37.0158 91.9402 0.599999
    endloop
  endfacet
  facet normal -0 0 -1
    outer loop
      vertex 38.2993 94.0863 0.599999
      vertex 36.675 93.7464 0.599999
      vertex 36.6966 94.2484 0.599999
    endloop
  endfacet
  facet normal -0 0 -1
    outer loop
      vertex 38.4846 92.5179 0.599999
      vertex 36.9117 92.2105 0.599999
      vertex 38.3978 92.7938 0.599999
    endloop
  endfacet
  facet normal 0 0 -1
    outer loop
      vertex 36.8265 92.4931 0.599999
      vertex 38.3978 92.7938 0.599999
      vertex 36.9117 92.2105 0.599999
    endloop
  endfacet
  facet normal -0 0 -1
    outer loop
      vertex 38.3384 94.4024 0.599999
      vertex 36.6966 94.2484 0.599999
      vertex 36.7614 94.716 0.599999
    endloop
  endfacet
  facet normal -0 0 -1
    outer loop
      vertex 38.3978 92.7938 0.599999
      vertex 36.8265 92.4931 0.599999
      vertex 38.3358 93.0905 0.599999
    endloop
  endfacet
  facet normal 0 0 -1
    outer loop
      vertex 38.4038 94.6948 0.599999
      vertex 36.7614 94.716 0.599999
      vertex 36.8693 95.1492 0.599999
    endloop
  endfacet
  facet normal 0 0 -1
    outer loop
      vertex 36.7602 92.788 0.599999
      vertex 38.3358 93.0905 0.599999
      vertex 36.8265 92.4931 0.599999
    endloop
  endfacet
  facet normal 0 0 -1
    outer loop
      vertex 36.7129 93.0952 0.599999
      vertex 38.3358 93.0905 0.599999
      vertex 36.7602 92.788 0.599999
    endloop
  endfacet
  facet normal 0 0 -1
    outer loop
      vertex 38.3358 93.0905 0.599999
      vertex 36.7129 93.0952 0.599999
      vertex 38.2986 93.408 0.599999
    endloop
  endfacet
  facet normal 0 0 -1
    outer loop
      vertex 36.6845 93.4146 0.599999
      vertex 38.2986 93.408 0.599999
      vertex 36.7129 93.0952 0.599999
    endloop
  endfacet
  facet normal 0 0 -1
    outer loop
      vertex 38.4952 94.9633 0.599999
      vertex 37.0204 95.5479 0.599999
      vertex 37.2147 95.9122 0.599999
    endloop
  endfacet
  facet normal 0 0 -1
    outer loop
      vertex 38.2986 93.408 0.599999
      vertex 36.6845 93.4146 0.599999
      vertex 38.2862 93.7464 0.599999
    endloop
  endfacet
  facet normal 0 0 -1
    outer loop
      vertex 38.4038 94.6948 0.599999
      vertex 36.8693 95.1492 0.599999
      vertex 37.0204 95.5479 0.599999
    endloop
  endfacet
  facet normal 0 0 -1
    outer loop
      vertex 38.6128 95.2081 0.599999
      vertex 37.2147 95.9122 0.599999
      vertex 37.4522 96.2421 0.599999
    endloop
  endfacet
  facet normal 0 0 -1
    outer loop
      vertex 38.9263 95.6261 0.599999
      vertex 37.7329 96.5375 0.599999
      vertex 38.053 96.7959 0.599999
    endloop
  endfacet
  facet normal 0 0 -1
    outer loop
      vertex 38.7565 95.429 0.599999
      vertex 37.4522 96.2421 0.599999
      vertex 37.7329 96.5375 0.599999
    endloop
  endfacet
  facet normal 0 0 -1
    outer loop
      vertex 35.6528 89.8675 0.599999
      vertex 34.0524 91.1044 0.599999
      vertex 35.6528 97.5113 0.599999
    endloop
  endfacet
  facet normal 0 0 -1
    outer loop
      vertex 29.9511 89.8675 0.599999
      vertex 34.0524 91.1044 0.599999
      vertex 35.6528 89.8675 0.599999
    endloop
  endfacet
  facet normal -0 0 -1
    outer loop
      vertex 34.0524 91.1044 0.599999
      vertex 29.9511 89.8675 0.599999
      vertex 29.9511 91.1044 0.599999
    endloop
  endfacet
  facet normal -0 0 -1
    outer loop
      vertex 35.6528 97.5113 0.599999
      vertex 34.0524 91.1044 0.599999
      vertex 34.0524 97.5113 0.599999
    endloop
  endfacet
  facet normal 0 -1 0
    outer loop
      vertex 40.722 97.5113 0
      vertex 43.4888 97.5113 0.599999
      vertex 40.722 97.5113 0.599999
    endloop
  endfacet
  facet normal 0 -1 -0
    outer loop
      vertex 43.4888 97.5113 0.599999
      vertex 40.722 97.5113 0
      vertex 43.4888 97.5113 0
    endloop
  endfacet
  facet normal 0.0370532 -0.999313 0
    outer loop
      vertex 40.188 97.4915 0
      vertex 40.722 97.5113 0.599999
      vertex 40.188 97.4915 0.599999
    endloop
  endfacet
  facet normal 0.0370532 -0.999313 0
    outer loop
      vertex 40.722 97.5113 0.599999
      vertex 40.188 97.4915 0
      vertex 40.722 97.5113 0
    endloop
  endfacet
  facet normal 0.118957 -0.992899 0
    outer loop
      vertex 39.6897 97.4318 0
      vertex 40.188 97.4915 0.599999
      vertex 39.6897 97.4318 0.599999
    endloop
  endfacet
  facet normal 0.118957 -0.992899 0
    outer loop
      vertex 40.188 97.4915 0.599999
      vertex 39.6897 97.4318 0
      vertex 40.188 97.4915 0
    endloop
  endfacet
  facet normal 0.209875 -0.977728 0
    outer loop
      vertex 39.2271 97.3325 0
      vertex 39.6897 97.4318 0.599999
      vertex 39.2271 97.3325 0.599999
    endloop
  endfacet
  facet normal 0.209875 -0.977728 0
    outer loop
      vertex 39.6897 97.4318 0.599999
      vertex 39.2271 97.3325 0
      vertex 39.6897 97.4318 0
    endloop
  endfacet
  facet normal 0.309876 -0.950777 0
    outer loop
      vertex 38.8 97.1933 0
      vertex 39.2271 97.3325 0.599999
      vertex 38.8 97.1933 0.599999
    endloop
  endfacet
  facet normal 0.309876 -0.950777 0
    outer loop
      vertex 39.2271 97.3325 0.599999
      vertex 38.8 97.1933 0
      vertex 39.2271 97.3325 0
    endloop
  endfacet
  facet normal 0.415606 -0.909545 0
    outer loop
      vertex 38.4087 97.0145 0
      vertex 38.8 97.1933 0.599999
      vertex 38.4087 97.0145 0.599999
    endloop
  endfacet
  facet normal 0.415606 -0.909545 0
    outer loop
      vertex 38.8 97.1933 0.599999
      vertex 38.4087 97.0145 0
      vertex 38.8 97.1933 0
    endloop
  endfacet
  facet normal 0.52359 -0.851971 0
    outer loop
      vertex 38.053 96.7959 0
      vertex 38.4087 97.0145 0.599999
      vertex 38.053 96.7959 0.599999
    endloop
  endfacet
  facet normal 0.52359 -0.851971 0
    outer loop
      vertex 38.4087 97.0145 0.599999
      vertex 38.053 96.7959 0
      vertex 38.4087 97.0145 0
    endloop
  endfacet
  facet normal 0.628128 -0.77811 0
    outer loop
      vertex 37.7329 96.5375 0
      vertex 38.053 96.7959 0.599999
      vertex 37.7329 96.5375 0.599999
    endloop
  endfacet
  facet normal 0.628128 -0.77811 0
    outer loop
      vertex 38.053 96.7959 0.599999
      vertex 37.7329 96.5375 0
      vertex 38.053 96.7959 0
    endloop
  endfacet
  facet normal 0.724914 -0.68884 -4.91761e-18
    outer loop
      vertex 37.4522 96.2421 0.599999
      vertex 37.7329 96.5375 0
      vertex 37.7329 96.5375 0.599999
    endloop
  endfacet
  facet normal 0.724914 -0.68884 -4.91761e-18
    outer loop
      vertex 37.7329 96.5375 0
      vertex 37.4522 96.2421 0.599999
      vertex 37.4522 96.2421 0
    endloop
  endfacet
  facet normal 0.811567 -0.584259 -2.06843e-17
    outer loop
      vertex 37.2147 95.9122 0.599999
      vertex 37.4522 96.2421 0
      vertex 37.4522 96.2421 0.599999
    endloop
  endfacet
  facet normal 0.811567 -0.584259 -2.06843e-17
    outer loop
      vertex 37.4522 96.2421 0
      vertex 37.2147 95.9122 0.599999
      vertex 37.2147 95.9122 0
    endloop
  endfacet
  facet normal 0.882346 -0.470601 -1.91018e-17
    outer loop
      vertex 37.0204 95.5479 0.599999
      vertex 37.2147 95.9122 0
      vertex 37.2147 95.9122 0.599999
    endloop
  endfacet
  facet normal 0.882346 -0.470601 -1.91018e-17
    outer loop
      vertex 37.2147 95.9122 0
      vertex 37.0204 95.5479 0.599999
      vertex 37.0204 95.5479 0
    endloop
  endfacet
  facet normal 0.935099 -0.354386 2.85497e-18
    outer loop
      vertex 36.8693 95.1492 0.599999
      vertex 37.0204 95.5479 0
      vertex 37.0204 95.5479 0.599999
    endloop
  endfacet
  facet normal 0.935099 -0.354386 2.85497e-18
    outer loop
      vertex 37.0204 95.5479 0
      vertex 36.8693 95.1492 0.599999
      vertex 36.8693 95.1492 0
    endloop
  endfacet
  facet normal 0.970353 -0.241692 -5.90289e-18
    outer loop
      vertex 36.7614 94.716 0.599999
      vertex 36.8693 95.1492 0
      vertex 36.8693 95.1492 0.599999
    endloop
  endfacet
  facet normal 0.970353 -0.241692 -5.90289e-18
    outer loop
      vertex 36.8693 95.1492 0
      vertex 36.7614 94.716 0.599999
      vertex 36.7614 94.716 0
    endloop
  endfacet
  facet normal 0.990534 -0.137268 6.1241e-18
    outer loop
      vertex 36.6966 94.2484 0.599999
      vertex 36.7614 94.716 0
      vertex 36.7614 94.716 0.599999
    endloop
  endfacet
  facet normal 0.990534 -0.137268 6.1241e-18
    outer loop
      vertex 36.7614 94.716 0
      vertex 36.6966 94.2484 0.599999
      vertex 36.6966 94.2484 0
    endloop
  endfacet
  facet normal 0.999076 -0.0429881 6.24421e-19
    outer loop
      vertex 36.675 93.7464 0.599999
      vertex 36.6966 94.2484 0
      vertex 36.6966 94.2484 0.599999
    endloop
  endfacet
  facet normal 0.999076 -0.0429881 6.24421e-19
    outer loop
      vertex 36.6966 94.2484 0
      vertex 36.675 93.7464 0.599999
      vertex 36.675 93.7464 0
    endloop
  endfacet
  facet normal 0.99959 0.02862 8.51197e-19
    outer loop
      vertex 36.6845 93.4146 0.599999
      vertex 36.675 93.7464 0
      vertex 36.675 93.7464 0.599999
    endloop
  endfacet
  facet normal 0.99959 0.02862 8.51197e-19
    outer loop
      vertex 36.675 93.7464 0
      vertex 36.6845 93.4146 0.599999
      vertex 36.6845 93.4146 0
    endloop
  endfacet
  facet normal 0.99607 0.0885673 1.33721e-18
    outer loop
      vertex 36.7129 93.0952 0.599999
      vertex 36.6845 93.4146 0
      vertex 36.6845 93.4146 0.599999
    endloop
  endfacet
  facet normal 0.99607 0.0885673 1.33721e-18
    outer loop
      vertex 36.6845 93.4146 0
      vertex 36.7129 93.0952 0.599999
      vertex 36.7129 93.0952 0
    endloop
  endfacet
  facet normal 0.988353 0.152178 -6.51757e-20
    outer loop
      vertex 36.7602 92.788 0.599999
      vertex 36.7129 93.0952 0
      vertex 36.7129 93.0952 0.599999
    endloop
  endfacet
  facet normal 0.988353 0.152178 -6.51757e-20
    outer loop
      vertex 36.7129 93.0952 0
      vertex 36.7602 92.788 0.599999
      vertex 36.7602 92.788 0
    endloop
  endfacet
  facet normal 0.975647 0.219347 7.90018e-18
    outer loop
      vertex 36.8265 92.4931 0.599999
      vertex 36.7602 92.788 0
      vertex 36.7602 92.788 0.599999
    endloop
  endfacet
  facet normal 0.975647 0.219347 7.90018e-18
    outer loop
      vertex 36.7602 92.788 0
      vertex 36.8265 92.4931 0.599999
      vertex 36.8265 92.4931 0
    endloop
  endfacet
  facet normal 0.957434 0.288653 7.08384e-18
    outer loop
      vertex 36.9117 92.2105 0.599999
      vertex 36.8265 92.4931 0
      vertex 36.8265 92.4931 0.599999
    endloop
  endfacet
  facet normal 0.957434 0.288653 7.08384e-18
    outer loop
      vertex 36.8265 92.4931 0
      vertex 36.9117 92.2105 0.599999
      vertex 36.9117 92.2105 0
    endloop
  endfacet
  facet normal 0.933185 0.359395 -6.87273e-19
    outer loop
      vertex 37.0158 91.9402 0.599999
      vertex 36.9117 92.2105 0
      vertex 36.9117 92.2105 0.599999
    endloop
  endfacet
  facet normal 0.933185 0.359395 -6.87273e-19
    outer loop
      vertex 36.9117 92.2105 0
      vertex 37.0158 91.9402 0.599999
      vertex 37.0158 91.9402 0
    endloop
  endfacet
  facet normal 0.902666 0.430341 5.5857e-18
    outer loop
      vertex 37.1388 91.6822 0.599999
      vertex 37.0158 91.9402 0
      vertex 37.0158 91.9402 0.599999
    endloop
  endfacet
  facet normal 0.902666 0.430341 5.5857e-18
    outer loop
      vertex 37.0158 91.9402 0
      vertex 37.1388 91.6822 0.599999
      vertex 37.1388 91.6822 0
    endloop
  endfacet
  facet normal 0.866221 0.499661 -7.59066e-18
    outer loop
      vertex 37.2792 91.4388 0.599999
      vertex 37.1388 91.6822 0
      vertex 37.1388 91.6822 0.599999
    endloop
  endfacet
  facet normal 0.866221 0.499661 -7.59066e-18
    outer loop
      vertex 37.1388 91.6822 0
      vertex 37.2792 91.4388 0.599999
      vertex 37.2792 91.4388 0
    endloop
  endfacet
  facet normal 0.823394 0.56747 -9.41947e-18
    outer loop
      vertex 37.4353 91.2123 0.599999
      vertex 37.2792 91.4388 0
      vertex 37.2792 91.4388 0.599999
    endloop
  endfacet
  facet normal 0.823394 0.56747 -9.41947e-18
    outer loop
      vertex 37.2792 91.4388 0
      vertex 37.4353 91.2123 0.599999
      vertex 37.4353 91.2123 0
    endloop
  endfacet
  facet normal 0.77325 0.634102 -1.75772e-17
    outer loop
      vertex 37.6071 91.0028 0.599999
      vertex 37.4353 91.2123 0
      vertex 37.4353 91.2123 0.599999
    endloop
  endfacet
  facet normal 0.77325 0.634102 -1.75772e-17
    outer loop
      vertex 37.4353 91.2123 0
      vertex 37.6071 91.0028 0.599999
      vertex 37.6071 91.0028 0
    endloop
  endfacet
  facet normal 0.716344 0.697747 4.89041e-18
    outer loop
      vertex 37.7947 90.8102 0.599999
      vertex 37.6071 91.0028 0
      vertex 37.6071 91.0028 0.599999
    endloop
  endfacet
  facet normal 0.716344 0.697747 4.89041e-18
    outer loop
      vertex 37.6071 91.0028 0
      vertex 37.7947 90.8102 0.599999
      vertex 37.7947 90.8102 0
    endloop
  endfacet
  facet normal 0.653881 0.756597 -0
    outer loop
      vertex 37.998 90.6345 0
      vertex 37.7947 90.8102 0.599999
      vertex 37.998 90.6345 0.599999
    endloop
  endfacet
  facet normal 0.653881 0.756597 0
    outer loop
      vertex 37.7947 90.8102 0.599999
      vertex 37.998 90.6345 0
      vertex 37.7947 90.8102 0
    endloop
  endfacet
  facet normal 0.586786 0.809742 -0
    outer loop
      vertex 38.217 90.4758 0
      vertex 37.998 90.6345 0.599999
      vertex 38.217 90.4758 0.599999
    endloop
  endfacet
  facet normal 0.586786 0.809742 0
    outer loop
      vertex 37.998 90.6345 0.599999
      vertex 38.217 90.4758 0
      vertex 37.998 90.6345 0
    endloop
  endfacet
  facet normal 0.516854 0.856074 -0
    outer loop
      vertex 38.4517 90.3341 0
      vertex 38.217 90.4758 0.599999
      vertex 38.4517 90.3341 0.599999
    endloop
  endfacet
  facet normal 0.516854 0.856074 0
    outer loop
      vertex 38.217 90.4758 0.599999
      vertex 38.4517 90.3341 0
      vertex 38.217 90.4758 0
    endloop
  endfacet
  facet normal 0.447214 0.894427 -0
    outer loop
      vertex 38.6993 90.2103 0
      vertex 38.4517 90.3341 0.599999
      vertex 38.6993 90.2103 0.599999
    endloop
  endfacet
  facet normal 0.447214 0.894427 0
    outer loop
      vertex 38.4517 90.3341 0.599999
      vertex 38.6993 90.2103 0
      vertex 38.4517 90.3341 0
    endloop
  endfacet
  facet normal 0.376406 0.926455 -0
    outer loop
      vertex 38.957 90.1056 0
      vertex 38.6993 90.2103 0.599999
      vertex 38.957 90.1056 0.599999
    endloop
  endfacet
  facet normal 0.376406 0.926455 0
    outer loop
      vertex 38.6993 90.2103 0.599999
      vertex 38.957 90.1056 0
      vertex 38.6993 90.2103 0
    endloop
  endfacet
  facet normal 0.304892 0.952387 -0
    outer loop
      vertex 39.2247 90.0199 0
      vertex 38.957 90.1056 0.599999
      vertex 39.2247 90.0199 0.599999
    endloop
  endfacet
  facet normal 0.304892 0.952387 0
    outer loop
      vertex 38.957 90.1056 0.599999
      vertex 39.2247 90.0199 0
      vertex 38.957 90.1056 0
    endloop
  endfacet
  facet normal 0.233386 0.972384 -0
    outer loop
      vertex 39.5026 89.9532 0
      vertex 39.2247 90.0199 0.599999
      vertex 39.5026 89.9532 0.599999
    endloop
  endfacet
  facet normal 0.233386 0.972384 0
    outer loop
      vertex 39.2247 90.0199 0.599999
      vertex 39.5026 89.9532 0
      vertex 39.2247 90.0199 0
    endloop
  endfacet
  facet normal 0.163121 0.986606 -0
    outer loop
      vertex 39.7905 89.9056 0
      vertex 39.5026 89.9532 0.599999
      vertex 39.7905 89.9056 0.599999
    endloop
  endfacet
  facet normal 0.163121 0.986606 0
    outer loop
      vertex 39.5026 89.9532 0.599999
      vertex 39.7905 89.9056 0
      vertex 39.5026 89.9532 0
    endloop
  endfacet
  facet normal 0.0955342 0.995426 -0
    outer loop
      vertex 40.0885 89.877 0
      vertex 39.7905 89.9056 0.599999
      vertex 40.0885 89.877 0.599999
    endloop
  endfacet
  facet normal 0.0955342 0.995426 0
    outer loop
      vertex 39.7905 89.9056 0.599999
      vertex 40.0885 89.877 0
      vertex 39.7905 89.9056 0
    endloop
  endfacet
  facet normal 0.0308195 0.999525 -0
    outer loop
      vertex 40.3966 89.8675 0
      vertex 40.0885 89.877 0.599999
      vertex 40.3966 89.8675 0.599999
    endloop
  endfacet
  facet normal 0.0308195 0.999525 0
    outer loop
      vertex 40.0885 89.877 0.599999
      vertex 40.3966 89.8675 0
      vertex 40.0885 89.877 0
    endloop
  endfacet
  facet normal 0 1 -0
    outer loop
      vertex 43.4888 89.8675 0
      vertex 40.3966 89.8675 0.599999
      vertex 43.4888 89.8675 0.599999
    endloop
  endfacet
  facet normal 0 1 0
    outer loop
      vertex 40.3966 89.8675 0.599999
      vertex 43.4888 89.8675 0
      vertex 40.3966 89.8675 0
    endloop
  endfacet
  facet normal -1 0 0
    outer loop
      vertex 43.4888 89.8675 0
      vertex 43.4888 97.5113 0.599999
      vertex 43.4888 97.5113 0
    endloop
  endfacet
  facet normal -1 -0 0
    outer loop
      vertex 43.4888 97.5113 0.599999
      vertex 43.4888 89.8675 0
      vertex 43.4888 89.8675 0.599999
    endloop
  endfacet
  facet normal -0.0506519 -0.998716 0
    outer loop
      vertex 40.2463 91.1189 0
      vertex 40.5322 91.1044 0.599999
      vertex 40.2463 91.1189 0.599999
    endloop
  endfacet
  facet normal -0.0506519 -0.998716 -0
    outer loop
      vertex 40.5322 91.1044 0.599999
      vertex 40.2463 91.1189 0
      vertex 40.5322 91.1044 0
    endloop
  endfacet
  facet normal -0.159868 -0.987138 0
    outer loop
      vertex 39.9777 91.1624 0
      vertex 40.2463 91.1189 0.599999
      vertex 39.9777 91.1624 0.599999
    endloop
  endfacet
  facet normal -0.159868 -0.987138 -0
    outer loop
      vertex 40.2463 91.1189 0.599999
      vertex 39.9777 91.1624 0
      vertex 40.2463 91.1189 0
    endloop
  endfacet
  facet normal -0.277195 -0.960814 0
    outer loop
      vertex 39.7264 91.2349 0
      vertex 39.9777 91.1624 0.599999
      vertex 39.7264 91.2349 0.599999
    endloop
  endfacet
  facet normal -0.277195 -0.960814 -0
    outer loop
      vertex 39.9777 91.1624 0.599999
      vertex 39.7264 91.2349 0
      vertex 39.9777 91.1624 0
    endloop
  endfacet
  facet normal -0.397794 -0.917475 0
    outer loop
      vertex 39.4923 91.3364 0
      vertex 39.7264 91.2349 0.599999
      vertex 39.4923 91.3364 0.599999
    endloop
  endfacet
  facet normal -0.397794 -0.917475 -0
    outer loop
      vertex 39.7264 91.2349 0.599999
      vertex 39.4923 91.3364 0
      vertex 39.7264 91.2349 0
    endloop
  endfacet
  facet normal -0.516006 -0.856585 0
    outer loop
      vertex 39.2755 91.467 0
      vertex 39.4923 91.3364 0.599999
      vertex 39.2755 91.467 0.599999
    endloop
  endfacet
  facet normal -0.516006 -0.856585 -0
    outer loop
      vertex 39.4923 91.3364 0.599999
      vertex 39.2755 91.467 0
      vertex 39.4923 91.3364 0
    endloop
  endfacet
  facet normal -0.624456 -0.78106 0
    outer loop
      vertex 39.076 91.6265 0
      vertex 39.2755 91.467 0.599999
      vertex 39.076 91.6265 0.599999
    endloop
  endfacet
  facet normal -0.624456 -0.78106 -0
    outer loop
      vertex 39.2755 91.467 0.599999
      vertex 39.076 91.6265 0
      vertex 39.2755 91.467 0
    endloop
  endfacet
  facet normal -0.71902 -0.694989 1.93692e-17
    outer loop
      vertex 39.076 91.6265 0
      vertex 38.8938 91.815 0.599999
      vertex 38.8938 91.815 0
    endloop
  endfacet
  facet normal -0.71902 -0.694989 1.93692e-17
    outer loop
      vertex 38.8938 91.815 0.599999
      vertex 39.076 91.6265 0
      vertex 39.076 91.6265 0.599999
    endloop
  endfacet
  facet normal -0.798067 -0.602569 -1.4684e-17
    outer loop
      vertex 38.8938 91.815 0
      vertex 38.7326 92.0285 0.599999
      vertex 38.7326 92.0285 0
    endloop
  endfacet
  facet normal -0.798067 -0.602569 -1.4684e-17
    outer loop
      vertex 38.7326 92.0285 0.599999
      vertex 38.8938 91.815 0
      vertex 38.8938 91.815 0.599999
    endloop
  endfacet
  facet normal -0.86422 -0.503114 9.24932e-18
    outer loop
      vertex 38.7326 92.0285 0
      vertex 38.5962 92.2628 0.599999
      vertex 38.5962 92.2628 0
    endloop
  endfacet
  facet normal -0.86422 -0.503114 9.24932e-18
    outer loop
      vertex 38.5962 92.2628 0.599999
      vertex 38.7326 92.0285 0
      vertex 38.7326 92.0285 0.599999
    endloop
  endfacet
  facet normal -0.916166 -0.4008 2.29714e-18
    outer loop
      vertex 38.5962 92.2628 0
      vertex 38.4846 92.5179 0.599999
      vertex 38.4846 92.5179 0
    endloop
  endfacet
  facet normal -0.916166 -0.4008 2.29714e-18
    outer loop
      vertex 38.4846 92.5179 0.599999
      vertex 38.5962 92.2628 0
      vertex 38.5962 92.2628 0.599999
    endloop
  endfacet
  facet normal -0.953906 -0.300105 1.65379e-18
    outer loop
      vertex 38.4846 92.5179 0
      vertex 38.3978 92.7938 0.599999
      vertex 38.3978 92.7938 0
    endloop
  endfacet
  facet normal -0.953906 -0.300105 1.65379e-18
    outer loop
      vertex 38.3978 92.7938 0.599999
      vertex 38.4846 92.5179 0
      vertex 38.4846 92.5179 0.599999
    endloop
  endfacet
  facet normal -0.978857 -0.204547 -3.97609e-18
    outer loop
      vertex 38.3978 92.7938 0
      vertex 38.3358 93.0905 0.599999
      vertex 38.3358 93.0905 0
    endloop
  endfacet
  facet normal -0.978857 -0.204547 -3.97609e-18
    outer loop
      vertex 38.3358 93.0905 0.599999
      vertex 38.3978 92.7938 0
      vertex 38.3978 92.7938 0.599999
    endloop
  endfacet
  facet normal -0.993206 -0.116369 -1.10731e-18
    outer loop
      vertex 38.3358 93.0905 0
      vertex 38.2986 93.408 0.599999
      vertex 38.2986 93.408 0
    endloop
  endfacet
  facet normal -0.993206 -0.116369 -1.10731e-18
    outer loop
      vertex 38.2986 93.408 0.599999
      vertex 38.3358 93.0905 0
      vertex 38.3358 93.0905 0.599999
    endloop
  endfacet
  facet normal -0.999329 -0.0366185 1.60691e-18
    outer loop
      vertex 38.2986 93.408 0
      vertex 38.2862 93.7464 0.599999
      vertex 38.2862 93.7464 0
    endloop
  endfacet
  facet normal -0.999329 -0.0366185 1.60691e-18
    outer loop
      vertex 38.2862 93.7464 0.599999
      vertex 38.2986 93.408 0
      vertex 38.2986 93.408 0.599999
    endloop
  endfacet
  facet normal -0.999258 0.0385122 -1.54001e-18
    outer loop
      vertex 38.2862 93.7464 0
      vertex 38.2993 94.0863 0.599999
      vertex 38.2993 94.0863 0
    endloop
  endfacet
  facet normal -0.999258 0.0385122 -1.54001e-18
    outer loop
      vertex 38.2993 94.0863 0.599999
      vertex 38.2862 93.7464 0
      vertex 38.2862 93.7464 0.599999
    endloop
  endfacet
  facet normal -0.992436 0.122759 2.71075e-18
    outer loop
      vertex 38.2993 94.0863 0
      vertex 38.3384 94.4024 0.599999
      vertex 38.3384 94.4024 0
    endloop
  endfacet
  facet normal -0.992436 0.122759 2.71075e-18
    outer loop
      vertex 38.3384 94.4024 0.599999
      vertex 38.2993 94.0863 0
      vertex 38.2993 94.0863 0.599999
    endloop
  endfacet
  facet normal -0.975888 0.218273 -2.94968e-18
    outer loop
      vertex 38.3384 94.4024 0
      vertex 38.4038 94.6948 0.599999
      vertex 38.4038 94.6948 0
    endloop
  endfacet
  facet normal -0.975888 0.218273 -2.94968e-18
    outer loop
      vertex 38.4038 94.6948 0.599999
      vertex 38.3384 94.4024 0
      vertex 38.3384 94.4024 0.599999
    endloop
  endfacet
  facet normal -0.946654 0.32225 8.33232e-19
    outer loop
      vertex 38.4038 94.6948 0
      vertex 38.4952 94.9633 0.599999
      vertex 38.4952 94.9633 0
    endloop
  endfacet
  facet normal -0.946654 0.32225 8.33232e-19
    outer loop
      vertex 38.4952 94.9633 0.599999
      vertex 38.4038 94.6948 0
      vertex 38.4038 94.6948 0.599999
    endloop
  endfacet
  facet normal -0.901385 0.433018 -4.68222e-18
    outer loop
      vertex 38.4952 94.9633 0
      vertex 38.6128 95.2081 0.599999
      vertex 38.6128 95.2081 0
    endloop
  endfacet
  facet normal -0.901385 0.433018 -4.68222e-18
    outer loop
      vertex 38.6128 95.2081 0.599999
      vertex 38.4952 94.9633 0
      vertex 38.4952 94.9633 0.599999
    endloop
  endfacet
  facet normal -0.838244 0.545295 1.97423e-17
    outer loop
      vertex 38.6128 95.2081 0
      vertex 38.7565 95.429 0.599999
      vertex 38.7565 95.429 0
    endloop
  endfacet
  facet normal -0.838244 0.545295 1.97423e-17
    outer loop
      vertex 38.7565 95.429 0.599999
      vertex 38.6128 95.2081 0
      vertex 38.6128 95.2081 0.599999
    endloop
  endfacet
  facet normal -0.757626 0.652689 -1.93031e-17
    outer loop
      vertex 38.7565 95.429 0
      vertex 38.9263 95.6261 0.599999
      vertex 38.9263 95.6261 0
    endloop
  endfacet
  facet normal -0.757626 0.652689 -1.93031e-17
    outer loop
      vertex 38.9263 95.6261 0.599999
      vertex 38.7565 95.429 0
      vertex 38.7565 95.429 0.599999
    endloop
  endfacet
  facet normal -0.663214 0.74843 0
    outer loop
      vertex 39.1204 95.7981 0
      vertex 38.9263 95.6261 0.599999
      vertex 39.1204 95.7981 0.599999
    endloop
  endfacet
  facet normal -0.663214 0.74843 0
    outer loop
      vertex 38.9263 95.6261 0.599999
      vertex 39.1204 95.7981 0
      vertex 38.9263 95.6261 0
    endloop
  endfacet
  facet normal -0.558057 0.829803 0
    outer loop
      vertex 39.3369 95.9437 0
      vertex 39.1204 95.7981 0.599999
      vertex 39.3369 95.9437 0.599999
    endloop
  endfacet
  facet normal -0.558057 0.829803 0
    outer loop
      vertex 39.1204 95.7981 0.599999
      vertex 39.3369 95.9437 0
      vertex 39.1204 95.7981 0
    endloop
  endfacet
  facet normal -0.446314 0.894876 0
    outer loop
      vertex 39.5757 96.0628 0
      vertex 39.3369 95.9437 0.599999
      vertex 39.5757 96.0628 0.599999
    endloop
  endfacet
  facet normal -0.446314 0.894876 0
    outer loop
      vertex 39.3369 95.9437 0.599999
      vertex 39.5757 96.0628 0
      vertex 39.3369 95.9437 0
    endloop
  endfacet
  facet normal -0.334141 0.942523 0
    outer loop
      vertex 39.8369 96.1554 0
      vertex 39.5757 96.0628 0.599999
      vertex 39.8369 96.1554 0.599999
    endloop
  endfacet
  facet normal -0.334141 0.942523 0
    outer loop
      vertex 39.5757 96.0628 0.599999
      vertex 39.8369 96.1554 0
      vertex 39.5757 96.0628 0
    endloop
  endfacet
  facet normal -0.227067 0.973879 0
    outer loop
      vertex 40.1204 96.2215 0
      vertex 39.8369 96.1554 0.599999
      vertex 40.1204 96.2215 0.599999
    endloop
  endfacet
  facet normal -0.227067 0.973879 0
    outer loop
      vertex 39.8369 96.1554 0.599999
      vertex 40.1204 96.2215 0
      vertex 39.8369 96.1554 0
    endloop
  endfacet
  facet normal -0.128702 0.991683 0
    outer loop
      vertex 40.4263 96.2612 0
      vertex 40.1204 96.2215 0.599999
      vertex 40.4263 96.2612 0.599999
    endloop
  endfacet
  facet normal -0.128702 0.991683 0
    outer loop
      vertex 40.1204 96.2215 0.599999
      vertex 40.4263 96.2612 0
      vertex 40.1204 96.2215 0
    endloop
  endfacet
  facet normal -0.0404785 0.99918 0
    outer loop
      vertex 40.7546 96.2745 0
      vertex 40.4263 96.2612 0.599999
      vertex 40.7546 96.2745 0.599999
    endloop
  endfacet
  facet normal -0.0404785 0.99918 0
    outer loop
      vertex 40.4263 96.2612 0.599999
      vertex 40.7546 96.2745 0
      vertex 40.4263 96.2612 0
    endloop
  endfacet
  facet normal 0 1 -0
    outer loop
      vertex 41.8884 96.2745 0
      vertex 40.7546 96.2745 0.599999
      vertex 41.8884 96.2745 0.599999
    endloop
  endfacet
  facet normal 0 1 0
    outer loop
      vertex 40.7546 96.2745 0.599999
      vertex 41.8884 96.2745 0
      vertex 40.7546 96.2745 0
    endloop
  endfacet
  facet normal 1 -0 0
    outer loop
      vertex 41.8884 91.1044 0.599999
      vertex 41.8884 96.2745 0
      vertex 41.8884 96.2745 0.599999
    endloop
  endfacet
  facet normal 1 0 0
    outer loop
      vertex 41.8884 96.2745 0
      vertex 41.8884 91.1044 0.599999
      vertex 41.8884 91.1044 0
    endloop
  endfacet
  facet normal 0 -1 0
    outer loop
      vertex 40.5322 91.1044 0
      vertex 41.8884 91.1044 0.599999
      vertex 40.5322 91.1044 0.599999
    endloop
  endfacet
  facet normal 0 -1 -0
    outer loop
      vertex 41.8884 91.1044 0.599999
      vertex 40.5322 91.1044 0
      vertex 41.8884 91.1044 0
    endloop
  endfacet
  facet normal 0 -1 0
    outer loop
      vertex 34.0524 97.5113 0
      vertex 35.6528 97.5113 0.599999
      vertex 34.0524 97.5113 0.599999
    endloop
  endfacet
  facet normal 0 -1 -0
    outer loop
      vertex 35.6528 97.5113 0.599999
      vertex 34.0524 97.5113 0
      vertex 35.6528 97.5113 0
    endloop
  endfacet
  facet normal 1 -0 0
    outer loop
      vertex 34.0524 91.1044 0.599999
      vertex 34.0524 97.5113 0
      vertex 34.0524 97.5113 0.599999
    endloop
  endfacet
  facet normal 1 0 0
    outer loop
      vertex 34.0524 97.5113 0
      vertex 34.0524 91.1044 0.599999
      vertex 34.0524 91.1044 0
    endloop
  endfacet
  facet normal 0 -1 0
    outer loop
      vertex 29.9511 91.1044 0
      vertex 34.0524 91.1044 0.599999
      vertex 29.9511 91.1044 0.599999
    endloop
  endfacet
  facet normal 0 -1 -0
    outer loop
      vertex 34.0524 91.1044 0.599999
      vertex 29.9511 91.1044 0
      vertex 34.0524 91.1044 0
    endloop
  endfacet
  facet normal 1 -0 0
    outer loop
      vertex 29.9511 89.8675 0.599999
      vertex 29.9511 91.1044 0
      vertex 29.9511 91.1044 0.599999
    endloop
  endfacet
  facet normal 1 0 0
    outer loop
      vertex 29.9511 91.1044 0
      vertex 29.9511 89.8675 0.599999
      vertex 29.9511 89.8675 0
    endloop
  endfacet
  facet normal 0 1 -0
    outer loop
      vertex 35.6528 89.8675 0
      vertex 29.9511 89.8675 0.599999
      vertex 35.6528 89.8675 0.599999
    endloop
  endfacet
  facet normal 0 1 0
    outer loop
      vertex 29.9511 89.8675 0.599999
      vertex 35.6528 89.8675 0
      vertex 29.9511 89.8675 0
    endloop
  endfacet
  facet normal -1 0 0
    outer loop
      vertex 35.6528 89.8675 0
      vertex 35.6528 97.5113 0.599999
      vertex 35.6528 97.5113 0
    endloop
  endfacet
  facet normal -1 -0 0
    outer loop
      vertex 35.6528 97.5113 0.599999
      vertex 35.6528 89.8675 0
      vertex 35.6528 89.8675 0.599999
    endloop
  endfacet
  facet normal 0 0 -1
    outer loop
      vertex 1.5 137.2 0
      vertex 6.70001 154.8 0
      vertex 6.70001 137.2 0
    endloop
  endfacet
  facet normal -0 0 -1
    outer loop
      vertex 6.70001 154.8 0
      vertex 1.5 137.2 0
      vertex 1.5 154.8 0
    endloop
  endfacet
  facet normal -0 0 -1
    outer loop
      vertex 34.6838 137.268 0
      vertex 27.95 123.2 0
      vertex 32.2001 137.268 0
    endloop
  endfacet
  facet normal 0 0 -1
    outer loop
      vertex 27.95 123.2 0
      vertex 26.4984 137.268 0
      vertex 32.2001 137.268 0
    endloop
  endfacet
  facet normal 0 0 -1
    outer loop
      vertex 6.70001 137.2 0
      vertex 26.4984 137.268 0
      vertex 15.55 123.2 0
    endloop
  endfacet
  facet normal 0 0 -1
    outer loop
      vertex 15.55 123.2 0
      vertex 26.4984 137.268 0
      vertex 27.95 123.2 0
    endloop
  endfacet
  facet normal 0 0 -1
    outer loop
      vertex 30.5997 138.504 0
      vertex 26.4984 138.504 0
      vertex 30.5997 144.911 0
    endloop
  endfacet
  facet normal 0 0 -1
    outer loop
      vertex 63.15 110 0
      vertex 66.15 113 0
      vertex 66.1243 112.608 0
    endloop
  endfacet
  facet normal 0 0 -1
    outer loop
      vertex 63.15 110 0
      vertex 66.1243 112.608 0
      vertex 66.0478 112.224 0
    endloop
  endfacet
  facet normal 0 0 -1
    outer loop
      vertex 63.15 110 0
      vertex 66.0478 112.224 0
      vertex 65.9216 111.852 0
    endloop
  endfacet
  facet normal 0 0 -1
    outer loop
      vertex 63.15 110 0
      vertex 65.9216 111.852 0
      vertex 65.7481 111.5 0
    endloop
  endfacet
  facet normal 0 0 -1
    outer loop
      vertex 63.15 110 0
      vertex 65.7481 111.5 0
      vertex 65.5301 111.174 0
    endloop
  endfacet
  facet normal 0 0 -1
    outer loop
      vertex 63.15 110 0
      vertex 65.5301 111.174 0
      vertex 65.2713 110.879 0
    endloop
  endfacet
  facet normal 0 0 -1
    outer loop
      vertex 63.15 110 0
      vertex 65.2713 110.879 0
      vertex 64.9763 110.62 0
    endloop
  endfacet
  facet normal 0 0 -1
    outer loop
      vertex 63.15 110 0
      vertex 64.9763 110.62 0
      vertex 64.65 110.402 0
    endloop
  endfacet
  facet normal 0 0 -1
    outer loop
      vertex 63.15 110 0
      vertex 64.65 110.402 0
      vertex 64.2981 110.228 0
    endloop
  endfacet
  facet normal 0 0 -1
    outer loop
      vertex 63.15 110 0
      vertex 64.2981 110.228 0
      vertex 63.9265 110.102 0
    endloop
  endfacet
  facet normal 0 0 -1
    outer loop
      vertex 63.15 110 0
      vertex 63.9265 110.102 0
      vertex 63.5416 110.026 0
    endloop
  endfacet
  facet normal 0 0 -1
    outer loop
      vertex 66.15 113 0
      vertex 63.15 110 0
      vertex 57.95 112.8 0
    endloop
  endfacet
  facet normal -0 0 -1
    outer loop
      vertex 66.15 113 0
      vertex 57.95 112.8 0
      vertex 57.95 123.2 0
    endloop
  endfacet
  facet normal 0 0 -1
    outer loop
      vertex 57.95 123.2 0
      vertex 60.95 137.2 0
      vertex 60.95 124.8 0
    endloop
  endfacet
  facet normal 0 0 -1
    outer loop
      vertex 60.95 137.2 0
      vertex 43.1738 144.911 0
      vertex 60.95 154.8 0
    endloop
  endfacet
  facet normal 0 0 -1
    outer loop
      vertex 66.15 113 0
      vertex 57.95 123.2 0
      vertex 60.95 124.8 0
    endloop
  endfacet
  facet normal 0 0 -1
    outer loop
      vertex 66.15 113 0
      vertex 60.95 124.8 0
      vertex 66.15 124.8 0
    endloop
  endfacet
  facet normal 0 0 -1
    outer loop
      vertex 63.15 110 0
      vertex 45.55 112.8 0
      vertex 57.95 112.8 0
    endloop
  endfacet
  facet normal 0 0 -1
    outer loop
      vertex 27.95 112.8 0
      vertex 45.55 123.2 0
      vertex 45.55 112.8 0
    endloop
  endfacet
  facet normal 0 0 -1
    outer loop
      vertex 60.95 137.2 0
      vertex 41.2046 137.268 0
      vertex 43.1738 144.911 0
    endloop
  endfacet
  facet normal 0 0 -1
    outer loop
      vertex 45.55 123.2 0
      vertex 39.3058 137.268 0
      vertex 41.2046 137.268 0
    endloop
  endfacet
  facet normal -0 0 -1
    outer loop
      vertex 37.9749 143.126 0
      vertex 37.9003 143.08 0
      vertex 37.9387 143.322 0
    endloop
  endfacet
  facet normal 0 0 -1
    outer loop
      vertex 38.0092 142.943 0
      vertex 37.9003 143.08 0
      vertex 37.9749 143.126 0
    endloop
  endfacet
  facet normal 0 0 -1
    outer loop
      vertex 37.8595 142.841 0
      vertex 38.0092 142.943 0
      vertex 38.0414 142.775 0
    endloop
  endfacet
  facet normal 0 0 -1
    outer loop
      vertex 37.8162 142.605 0
      vertex 38.0414 142.775 0
      vertex 38.0716 142.62 0
    endloop
  endfacet
  facet normal 0 0 -1
    outer loop
      vertex 37.8162 142.605 0
      vertex 38.0716 142.62 0
      vertex 38.0998 142.48 0
    endloop
  endfacet
  facet normal 0 0 -1
    outer loop
      vertex 37.7704 142.371 0
      vertex 38.0998 142.48 0
      vertex 38.1261 142.353 0
    endloop
  endfacet
  facet normal 0 0 -1
    outer loop
      vertex 37.7704 142.371 0
      vertex 38.1261 142.353 0
      vertex 38.1503 142.239 0
    endloop
  endfacet
  facet normal 0 0 -1
    outer loop
      vertex 37.7223 142.141 0
      vertex 38.1503 142.239 0
      vertex 38.1938 142.047 0
    endloop
  endfacet
  facet normal 0 0 -1
    outer loop
      vertex 37.6717 141.913 0
      vertex 38.1938 142.047 0
      vertex 38.2779 141.682 0
    endloop
  endfacet
  facet normal 0 0 -1
    outer loop
      vertex 37.6186 141.689 0
      vertex 38.2779 141.682 0
      vertex 38.4024 141.144 0
    endloop
  endfacet
  facet normal 0 0 -1
    outer loop
      vertex 37.6186 141.689 0
      vertex 38.4024 141.144 0
      vertex 38.5675 140.434 0
    endloop
  endfacet
  facet normal 0 0 -1
    outer loop
      vertex 36.5825 137.268 0
      vertex 38.5675 140.434 0
      vertex 38.7731 139.551 0
    endloop
  endfacet
  facet normal 0 0 -1
    outer loop
      vertex 36.5825 137.268 0
      vertex 38.7731 139.551 0
      vertex 39.0192 138.496 0
    endloop
  endfacet
  facet normal 0 0 -1
    outer loop
      vertex 36.5825 137.268 0
      vertex 39.0192 138.496 0
      vertex 39.3058 137.268 0
    endloop
  endfacet
  facet normal -0 0 -1
    outer loop
      vertex 38.0092 142.943 0
      vertex 37.8595 142.841 0
      vertex 37.9003 143.08 0
    endloop
  endfacet
  facet normal 0 0 -1
    outer loop
      vertex 45.55 123.2 0
      vertex 36.5825 137.268 0
      vertex 39.3058 137.268 0
    endloop
  endfacet
  facet normal -0 0 -1
    outer loop
      vertex 38.0414 142.775 0
      vertex 37.8162 142.605 0
      vertex 37.8595 142.841 0
    endloop
  endfacet
  facet normal -0 0 -1
    outer loop
      vertex 38.0998 142.48 0
      vertex 37.7704 142.371 0
      vertex 37.8162 142.605 0
    endloop
  endfacet
  facet normal -0 0 -1
    outer loop
      vertex 38.1503 142.239 0
      vertex 37.7223 142.141 0
      vertex 37.7704 142.371 0
    endloop
  endfacet
  facet normal -0 0 -1
    outer loop
      vertex 38.1938 142.047 0
      vertex 37.6717 141.913 0
      vertex 37.7223 142.141 0
    endloop
  endfacet
  facet normal 0 0 -1
    outer loop
      vertex 38.2779 141.682 0
      vertex 37.6186 141.689 0
      vertex 37.6717 141.913 0
    endloop
  endfacet
  facet normal -0 0 -1
    outer loop
      vertex 38.5675 140.434 0
      vertex 36.5825 137.268 0
      vertex 37.6186 141.689 0
    endloop
  endfacet
  facet normal 0 0 -1
    outer loop
      vertex 27.95 123.2 0
      vertex 45.55 123.2 0
      vertex 27.95 112.8 0
    endloop
  endfacet
  facet normal 0 0 -1
    outer loop
      vertex 34.6838 137.268 0
      vertex 32.2001 137.268 0
      vertex 32.7091 144.911 0
    endloop
  endfacet
  facet normal 0 0 -1
    outer loop
      vertex 27.95 123.2 0
      vertex 36.5825 137.268 0
      vertex 45.55 123.2 0
    endloop
  endfacet
  facet normal -0 0 -1
    outer loop
      vertex 36.5825 137.268 0
      vertex 27.95 123.2 0
      vertex 34.6838 137.268 0
    endloop
  endfacet
  facet normal 0 0 -1
    outer loop
      vertex 63.15 110 0
      vertex 27.95 112.8 0
      vertex 45.55 112.8 0
    endloop
  endfacet
  facet normal 0 0 -1
    outer loop
      vertex 4.5 110 0
      vertex 27.95 112.8 0
      vertex 63.15 110 0
    endloop
  endfacet
  facet normal 0 0 -1
    outer loop
      vertex 15.55 112.8 0
      vertex 6.70001 124.8 0
      vertex 15.55 123.2 0
    endloop
  endfacet
  facet normal -0 0 -1
    outer loop
      vertex 27.95 112.8 0
      vertex 4.5 110 0
      vertex 15.55 112.8 0
    endloop
  endfacet
  facet normal 0 0 -1
    outer loop
      vertex 4.5 110 0
      vertex 6.70001 124.8 0
      vertex 15.55 112.8 0
    endloop
  endfacet
  facet normal 0 0 -1
    outer loop
      vertex 1.5 113 0
      vertex 4.5 110 0
      vertex 4.10843 110.026 0
    endloop
  endfacet
  facet normal 0 0 -1
    outer loop
      vertex 1.5 113 0
      vertex 4.10843 110.026 0
      vertex 3.72354 110.102 0
    endloop
  endfacet
  facet normal 0 0 -1
    outer loop
      vertex 1.5 113 0
      vertex 3.72354 110.102 0
      vertex 3.35194 110.228 0
    endloop
  endfacet
  facet normal 0 0 -1
    outer loop
      vertex 1.5 113 0
      vertex 3.35194 110.228 0
      vertex 3 110.402 0
    endloop
  endfacet
  facet normal 0 0 -1
    outer loop
      vertex 1.5 113 0
      vertex 3 110.402 0
      vertex 2.67372 110.62 0
    endloop
  endfacet
  facet normal 0 0 -1
    outer loop
      vertex 1.5 113 0
      vertex 2.67372 110.62 0
      vertex 2.37868 110.879 0
    endloop
  endfacet
  facet normal 0 0 -1
    outer loop
      vertex 1.5 113 0
      vertex 2.37868 110.879 0
      vertex 2.11993 111.174 0
    endloop
  endfacet
  facet normal 0 0 -1
    outer loop
      vertex 1.5 113 0
      vertex 2.11993 111.174 0
      vertex 1.90192 111.5 0
    endloop
  endfacet
  facet normal 0 0 -1
    outer loop
      vertex 1.5 113 0
      vertex 1.90192 111.5 0
      vertex 1.72836 111.852 0
    endloop
  endfacet
  facet normal 0 0 -1
    outer loop
      vertex 1.5 113 0
      vertex 1.72836 111.852 0
      vertex 1.60222 112.224 0
    endloop
  endfacet
  facet normal 0 0 -1
    outer loop
      vertex 1.5 113 0
      vertex 1.60222 112.224 0
      vertex 1.52567 112.608 0
    endloop
  endfacet
  facet normal 0 0 -1
    outer loop
      vertex 4.5 110 0
      vertex 1.5 113 0
      vertex 6.70001 124.8 0
    endloop
  endfacet
  facet normal -0 0 -1
    outer loop
      vertex 6.70001 124.8 0
      vertex 1.5 113 0
      vertex 1.5 124.8 0
    endloop
  endfacet
  facet normal 0 0 -1
    outer loop
      vertex 60.95 137.2 0
      vertex 66.15 154.8 0
      vertex 66.15 137.2 0
    endloop
  endfacet
  facet normal -0 0 -1
    outer loop
      vertex 66.15 154.8 0
      vertex 60.95 137.2 0
      vertex 60.95 154.8 0
    endloop
  endfacet
  facet normal 0 0 -1
    outer loop
      vertex 60.95 167.2 0
      vertex 66.15 170 0
      vertex 66.15 167.2 0
    endloop
  endfacet
  facet normal 0 -0 -1
    outer loop
      vertex 63.15 173 0
      vertex 66.15 170 0
      vertex 60.95 167.2 0
    endloop
  endfacet
  facet normal 0 0 -1
    outer loop
      vertex 66.15 170 0
      vertex 63.15 173 0
      vertex 66.1243 170.392 0
    endloop
  endfacet
  facet normal 0 0 -1
    outer loop
      vertex 66.1243 170.392 0
      vertex 63.15 173 0
      vertex 66.0478 170.776 0
    endloop
  endfacet
  facet normal 0 0 -1
    outer loop
      vertex 66.0478 170.776 0
      vertex 63.15 173 0
      vertex 65.9216 171.148 0
    endloop
  endfacet
  facet normal 0 0 -1
    outer loop
      vertex 65.9216 171.148 0
      vertex 63.15 173 0
      vertex 65.7481 171.5 0
    endloop
  endfacet
  facet normal 0 0 -1
    outer loop
      vertex 65.7481 171.5 0
      vertex 63.15 173 0
      vertex 65.5301 171.826 0
    endloop
  endfacet
  facet normal 0 0 -1
    outer loop
      vertex 65.5301 171.826 0
      vertex 63.15 173 0
      vertex 65.2713 172.121 0
    endloop
  endfacet
  facet normal 0 0 -1
    outer loop
      vertex 65.2713 172.121 0
      vertex 63.15 173 0
      vertex 64.9763 172.38 0
    endloop
  endfacet
  facet normal 0 0 -1
    outer loop
      vertex 64.9763 172.38 0
      vertex 63.15 173 0
      vertex 64.65 172.598 0
    endloop
  endfacet
  facet normal 0 0 -1
    outer loop
      vertex 64.65 172.598 0
      vertex 63.15 173 0
      vertex 64.2981 172.772 0
    endloop
  endfacet
  facet normal 0 0 -1
    outer loop
      vertex 64.2981 172.772 0
      vertex 63.15 173 0
      vertex 63.9265 172.898 0
    endloop
  endfacet
  facet normal 0 0 -1
    outer loop
      vertex 63.9265 172.898 0
      vertex 63.15 173 0
      vertex 63.5416 172.974 0
    endloop
  endfacet
  facet normal 0 0 -1
    outer loop
      vertex 45.55 123.2 0
      vertex 60.95 137.2 0
      vertex 57.95 123.2 0
    endloop
  endfacet
  facet normal 0 0 -1
    outer loop
      vertex 41.2046 137.268 0
      vertex 60.95 137.2 0
      vertex 45.55 123.2 0
    endloop
  endfacet
  facet normal -0 0 -1
    outer loop
      vertex 60.95 154.8 0
      vertex 43.1738 144.911 0
      vertex 60.95 167.2 0
    endloop
  endfacet
  facet normal 0 0 -1
    outer loop
      vertex 41.5518 144.911 0
      vertex 60.95 167.2 0
      vertex 43.1738 144.911 0
    endloop
  endfacet
  facet normal 0 0 -1
    outer loop
      vertex 38.8176 144.911 0
      vertex 60.95 167.2 0
      vertex 41.5518 144.911 0
    endloop
  endfacet
  facet normal 0 0 -1
    outer loop
      vertex 40.1523 138.995 0
      vertex 40.4451 139.975 0
      vertex 40.1955 138.781 0
    endloop
  endfacet
  facet normal 0 0 -1
    outer loop
      vertex 40.1094 139.206 0
      vertex 40.4451 139.975 0
      vertex 40.1523 138.995 0
    endloop
  endfacet
  facet normal 0 0 -1
    outer loop
      vertex 40.0668 139.415 0
      vertex 40.4451 139.975 0
      vertex 40.1094 139.206 0
    endloop
  endfacet
  facet normal 0 0 -1
    outer loop
      vertex 40.0246 139.621 0
      vertex 40.4451 139.975 0
      vertex 40.0668 139.415 0
    endloop
  endfacet
  facet normal 0 0 -1
    outer loop
      vertex 39.9827 139.824 0
      vertex 40.4451 139.975 0
      vertex 40.0246 139.621 0
    endloop
  endfacet
  facet normal 0 0 -1
    outer loop
      vertex 39.9412 140.024 0
      vertex 40.4451 139.975 0
      vertex 39.9827 139.824 0
    endloop
  endfacet
  facet normal 0 0 -1
    outer loop
      vertex 39.8999 140.221 0
      vertex 40.4451 139.975 0
      vertex 39.9412 140.024 0
    endloop
  endfacet
  facet normal 0 0 -1
    outer loop
      vertex 39.8426 140.485 0
      vertex 40.4451 139.975 0
      vertex 39.8999 140.221 0
    endloop
  endfacet
  facet normal 0 0 -1
    outer loop
      vertex 39.7529 140.884 0
      vertex 40.4451 139.975 0
      vertex 39.8426 140.485 0
    endloop
  endfacet
  facet normal 0 0 -1
    outer loop
      vertex 39.6307 141.419 0
      vertex 40.4451 139.975 0
      vertex 39.7529 140.884 0
    endloop
  endfacet
  facet normal 0 0 -1
    outer loop
      vertex 40.4451 139.975 0
      vertex 39.6307 141.419 0
      vertex 41.5518 144.911 0
    endloop
  endfacet
  facet normal 0 0 -1
    outer loop
      vertex 39.4761 142.089 0
      vertex 41.5518 144.911 0
      vertex 39.6307 141.419 0
    endloop
  endfacet
  facet normal 0 0 -1
    outer loop
      vertex 39.289 142.894 0
      vertex 41.5518 144.911 0
      vertex 39.4761 142.089 0
    endloop
  endfacet
  facet normal 0 0 -1
    outer loop
      vertex 39.0695 143.835 0
      vertex 41.5518 144.911 0
      vertex 39.289 142.894 0
    endloop
  endfacet
  facet normal 0 0 -1
    outer loop
      vertex 38.8176 144.911 0
      vertex 41.5518 144.911 0
      vertex 39.0695 143.835 0
    endloop
  endfacet
  facet normal 0 0 -1
    outer loop
      vertex 37.0274 144.911 0
      vertex 60.95 167.2 0
      vertex 38.8176 144.911 0
    endloop
  endfacet
  facet normal 0 0 -1
    outer loop
      vertex 34.3311 144.911 0
      vertex 60.95 167.2 0
      vertex 37.0274 144.911 0
    endloop
  endfacet
  facet normal 0 0 -1
    outer loop
      vertex 35.5409 139.41 0
      vertex 35.7508 139.216 0
      vertex 35.6765 138.781 0
    endloop
  endfacet
  facet normal 0 0 -1
    outer loop
      vertex 35.5409 139.41 0
      vertex 35.8186 139.605 0
      vertex 35.7508 139.216 0
    endloop
  endfacet
  facet normal 0 0 -1
    outer loop
      vertex 35.5409 139.41 0
      vertex 35.8801 139.946 0
      vertex 35.8186 139.605 0
    endloop
  endfacet
  facet normal 0 0 -1
    outer loop
      vertex 35.2534 140.658 0
      vertex 35.8801 139.946 0
      vertex 35.5409 139.41 0
    endloop
  endfacet
  facet normal 0 0 -1
    outer loop
      vertex 35.8801 139.946 0
      vertex 35.2534 140.658 0
      vertex 35.9351 140.241 0
    endloop
  endfacet
  facet normal 0 0 -1
    outer loop
      vertex 35.9351 140.241 0
      vertex 35.2534 140.658 0
      vertex 35.9837 140.488 0
    endloop
  endfacet
  facet normal 0 0 -1
    outer loop
      vertex 35.9837 140.488 0
      vertex 35.2534 140.658 0
      vertex 36.0259 140.689 0
    endloop
  endfacet
  facet normal -0 0 -1
    outer loop
      vertex 36.0259 140.689 0
      vertex 35.2534 140.658 0
      vertex 36.0617 140.843 0
    endloop
  endfacet
  facet normal 0 0 -1
    outer loop
      vertex 34.3311 144.911 0
      vertex 36.0617 140.843 0
      vertex 35.2534 140.658 0
    endloop
  endfacet
  facet normal 0 0 -1
    outer loop
      vertex 36.0617 140.843 0
      vertex 34.3311 144.911 0
      vertex 37.0274 144.911 0
    endloop
  endfacet
  facet normal 0 0 -1
    outer loop
      vertex 6.70001 167.2 0
      vertex 60.95 167.2 0
      vertex 34.3311 144.911 0
    endloop
  endfacet
  facet normal 0 0 -1
    outer loop
      vertex 6.70001 167.2 0
      vertex 34.3311 144.911 0
      vertex 32.7091 144.911 0
    endloop
  endfacet
  facet normal 0 0 -1
    outer loop
      vertex 32.2001 144.911 0
      vertex 32.7091 144.911 0
      vertex 32.2001 137.268 0
    endloop
  endfacet
  facet normal 0 0 -1
    outer loop
      vertex 6.70001 167.2 0
      vertex 32.7091 144.911 0
      vertex 32.2001 144.911 0
    endloop
  endfacet
  facet normal 0 0 -1
    outer loop
      vertex 6.70001 167.2 0
      vertex 32.2001 144.911 0
      vertex 30.5997 144.911 0
    endloop
  endfacet
  facet normal -0 0 -1
    outer loop
      vertex 26.4984 137.268 0
      vertex 6.70001 137.2 0
      vertex 26.4984 138.504 0
    endloop
  endfacet
  facet normal 0 0 -1
    outer loop
      vertex 6.70001 137.2 0
      vertex 15.55 123.2 0
      vertex 6.70001 124.8 0
    endloop
  endfacet
  facet normal 0 0 -1
    outer loop
      vertex 6.70001 154.8 0
      vertex 26.4984 138.504 0
      vertex 6.70001 137.2 0
    endloop
  endfacet
  facet normal 0 0 -1
    outer loop
      vertex 26.4984 138.504 0
      vertex 6.70001 154.8 0
      vertex 30.5997 144.911 0
    endloop
  endfacet
  facet normal 0 0 -1
    outer loop
      vertex 6.70001 167.2 0
      vertex 30.5997 144.911 0
      vertex 6.70001 154.8 0
    endloop
  endfacet
  facet normal 0 0 -1
    outer loop
      vertex 60.95 167.2 0
      vertex 6.70001 167.2 0
      vertex 63.15 173 0
    endloop
  endfacet
  facet normal 0 0 -1
    outer loop
      vertex 6.70001 167.2 0
      vertex 4.5 173 0
      vertex 63.15 173 0
    endloop
  endfacet
  facet normal 0 0 -1
    outer loop
      vertex 1.5 170 0
      vertex 4.5 173 0
      vertex 6.70001 167.2 0
    endloop
  endfacet
  facet normal 0 0 -1
    outer loop
      vertex 4.5 173 0
      vertex 1.5 170 0
      vertex 4.10843 172.974 0
    endloop
  endfacet
  facet normal 0 0 -1
    outer loop
      vertex 4.10843 172.974 0
      vertex 1.5 170 0
      vertex 3.72354 172.898 0
    endloop
  endfacet
  facet normal 0 0 -1
    outer loop
      vertex 3.72354 172.898 0
      vertex 1.5 170 0
      vertex 3.35194 172.772 0
    endloop
  endfacet
  facet normal 0 0 -1
    outer loop
      vertex 3.35194 172.772 0
      vertex 1.5 170 0
      vertex 3 172.598 0
    endloop
  endfacet
  facet normal 0 0 -1
    outer loop
      vertex 3 172.598 0
      vertex 1.5 170 0
      vertex 2.67372 172.38 0
    endloop
  endfacet
  facet normal 0 0 -1
    outer loop
      vertex 2.67372 172.38 0
      vertex 1.5 170 0
      vertex 2.37868 172.121 0
    endloop
  endfacet
  facet normal 0 0 -1
    outer loop
      vertex 2.37868 172.121 0
      vertex 1.5 170 0
      vertex 2.11993 171.826 0
    endloop
  endfacet
  facet normal 0 0 -1
    outer loop
      vertex 2.11993 171.826 0
      vertex 1.5 170 0
      vertex 1.90192 171.5 0
    endloop
  endfacet
  facet normal 0 0 -1
    outer loop
      vertex 1.90192 171.5 0
      vertex 1.5 170 0
      vertex 1.72836 171.148 0
    endloop
  endfacet
  facet normal 0 0 -1
    outer loop
      vertex 1.72836 171.148 0
      vertex 1.5 170 0
      vertex 1.60222 170.776 0
    endloop
  endfacet
  facet normal 0 0 -1
    outer loop
      vertex 1.5 170 0
      vertex 6.70001 167.2 0
      vertex 1.5 167.2 0
    endloop
  endfacet
  facet normal 0 0 -1
    outer loop
      vertex 1.60222 170.776 0
      vertex 1.5 170 0
      vertex 1.52567 170.392 0
    endloop
  endfacet
  facet normal -0 0 1
    outer loop
      vertex 1.5 154.8 5
      vertex 6.70001 137.2 5
      vertex 6.70001 154.8 5
    endloop
  endfacet
  facet normal 0 0 1
    outer loop
      vertex 6.70001 137.2 5
      vertex 1.5 154.8 5
      vertex 1.5 137.2 5
    endloop
  endfacet
  facet normal 0 0 1
    outer loop
      vertex 63.15 173 5
      vertex 66.15 170 5
      vertex 66.1243 170.392 5
    endloop
  endfacet
  facet normal 0 0 1
    outer loop
      vertex 63.15 173 5
      vertex 66.1243 170.392 5
      vertex 66.0478 170.776 5
    endloop
  endfacet
  facet normal 0 0 1
    outer loop
      vertex 63.15 173 5
      vertex 66.0478 170.776 5
      vertex 65.9216 171.148 5
    endloop
  endfacet
  facet normal 0 0 1
    outer loop
      vertex 63.15 173 5
      vertex 65.9216 171.148 5
      vertex 65.7481 171.5 5
    endloop
  endfacet
  facet normal 0 0 1
    outer loop
      vertex 63.15 173 5
      vertex 65.7481 171.5 5
      vertex 65.5301 171.826 5
    endloop
  endfacet
  facet normal 0 0 1
    outer loop
      vertex 63.15 173 5
      vertex 65.5301 171.826 5
      vertex 65.2713 172.121 5
    endloop
  endfacet
  facet normal 0 0 1
    outer loop
      vertex 63.15 173 5
      vertex 65.2713 172.121 5
      vertex 64.9763 172.38 5
    endloop
  endfacet
  facet normal 0 0 1
    outer loop
      vertex 63.15 173 5
      vertex 64.9763 172.38 5
      vertex 64.65 172.598 5
    endloop
  endfacet
  facet normal 0 0 1
    outer loop
      vertex 63.15 173 5
      vertex 64.65 172.598 5
      vertex 64.2981 172.772 5
    endloop
  endfacet
  facet normal 0 0 1
    outer loop
      vertex 63.15 173 5
      vertex 64.2981 172.772 5
      vertex 63.9265 172.898 5
    endloop
  endfacet
  facet normal 0 0 1
    outer loop
      vertex 63.15 173 5
      vertex 63.9265 172.898 5
      vertex 63.5416 172.974 5
    endloop
  endfacet
  facet normal 0 0 1
    outer loop
      vertex 66.15 170 5
      vertex 63.15 173 5
      vertex 60.95 167.2 5
    endloop
  endfacet
  facet normal 0 0 1
    outer loop
      vertex 66.15 170 5
      vertex 60.95 167.2 5
      vertex 66.15 167.2 5
    endloop
  endfacet
  facet normal 0 0 1
    outer loop
      vertex 6.70001 154.8 5
      vertex 60.95 154.8 5
      vertex 60.95 167.2 5
    endloop
  endfacet
  facet normal 0 -0 1
    outer loop
      vertex 27.95 123.2 5
      vertex 60.95 154.8 5
      vertex 6.70001 154.8 5
    endloop
  endfacet
  facet normal 0 -0 1
    outer loop
      vertex 57.95 123.2 5
      vertex 60.95 137.2 5
      vertex 45.55 123.2 5
    endloop
  endfacet
  facet normal 0 0 1
    outer loop
      vertex 60.95 137.2 5
      vertex 57.95 123.2 5
      vertex 60.95 124.8 5
    endloop
  endfacet
  facet normal 0 0 1
    outer loop
      vertex 45.55 123.2 5
      vertex 27.95 123.2 5
      vertex 45.55 112.8 5
    endloop
  endfacet
  facet normal 0 0 1
    outer loop
      vertex 60.95 154.8 5
      vertex 45.55 123.2 5
      vertex 60.95 137.2 5
    endloop
  endfacet
  facet normal 0 0 1
    outer loop
      vertex 6.70001 167.2 5
      vertex 60.95 167.2 5
      vertex 63.15 173 5
    endloop
  endfacet
  facet normal 0 -0 1
    outer loop
      vertex 45.55 123.2 5
      vertex 60.95 154.8 5
      vertex 27.95 123.2 5
    endloop
  endfacet
  facet normal -0 0 1
    outer loop
      vertex 6.70001 137.2 5
      vertex 27.95 123.2 5
      vertex 6.70001 154.8 5
    endloop
  endfacet
  facet normal 0 0 1
    outer loop
      vertex 60.95 167.2 5
      vertex 6.70001 167.2 5
      vertex 6.70001 154.8 5
    endloop
  endfacet
  facet normal -0 0 1
    outer loop
      vertex 4.5 173 5
      vertex 6.70001 167.2 5
      vertex 63.15 173 5
    endloop
  endfacet
  facet normal 0 0 1
    outer loop
      vertex 1.5 170 5
      vertex 4.5 173 5
      vertex 4.10843 172.974 5
    endloop
  endfacet
  facet normal 0 0 1
    outer loop
      vertex 1.5 170 5
      vertex 4.10843 172.974 5
      vertex 3.72354 172.898 5
    endloop
  endfacet
  facet normal 0 0 1
    outer loop
      vertex 1.5 170 5
      vertex 3.72354 172.898 5
      vertex 3.35194 172.772 5
    endloop
  endfacet
  facet normal 0 0 1
    outer loop
      vertex 1.5 170 5
      vertex 3.35194 172.772 5
      vertex 3 172.598 5
    endloop
  endfacet
  facet normal 0 0 1
    outer loop
      vertex 1.5 170 5
      vertex 3 172.598 5
      vertex 2.67372 172.38 5
    endloop
  endfacet
  facet normal 0 0 1
    outer loop
      vertex 1.5 170 5
      vertex 2.67372 172.38 5
      vertex 2.37868 172.121 5
    endloop
  endfacet
  facet normal 0 0 1
    outer loop
      vertex 1.5 170 5
      vertex 2.37868 172.121 5
      vertex 2.11993 171.826 5
    endloop
  endfacet
  facet normal 0 0 1
    outer loop
      vertex 1.5 170 5
      vertex 2.11993 171.826 5
      vertex 1.90192 171.5 5
    endloop
  endfacet
  facet normal 0 0 1
    outer loop
      vertex 1.5 170 5
      vertex 1.90192 171.5 5
      vertex 1.72836 171.148 5
    endloop
  endfacet
  facet normal 0 0 1
    outer loop
      vertex 1.5 170 5
      vertex 1.72836 171.148 5
      vertex 1.60222 170.776 5
    endloop
  endfacet
  facet normal 0 0 1
    outer loop
      vertex 1.5 170 5
      vertex 1.60222 170.776 5
      vertex 1.52567 170.392 5
    endloop
  endfacet
  facet normal 0 0 1
    outer loop
      vertex 4.5 173 5
      vertex 1.5 170 5
      vertex 6.70001 167.2 5
    endloop
  endfacet
  facet normal 0 0 1
    outer loop
      vertex 6.70001 167.2 5
      vertex 1.5 170 5
      vertex 1.5 167.2 5
    endloop
  endfacet
  facet normal -0 0 1
    outer loop
      vertex 60.95 154.8 5
      vertex 66.15 137.2 5
      vertex 66.15 154.8 5
    endloop
  endfacet
  facet normal 0 0 1
    outer loop
      vertex 66.15 137.2 5
      vertex 60.95 154.8 5
      vertex 60.95 137.2 5
    endloop
  endfacet
  facet normal -0 0 1
    outer loop
      vertex 60.95 124.8 5
      vertex 66.15 113 5
      vertex 66.15 124.8 5
    endloop
  endfacet
  facet normal -0 0 1
    outer loop
      vertex 57.95 123.2 5
      vertex 66.15 113 5
      vertex 60.95 124.8 5
    endloop
  endfacet
  facet normal 0 0 1
    outer loop
      vertex 57.95 112.8 5
      vertex 66.15 113 5
      vertex 57.95 123.2 5
    endloop
  endfacet
  facet normal 0 -0 1
    outer loop
      vertex 63.15 110 5
      vertex 66.15 113 5
      vertex 57.95 112.8 5
    endloop
  endfacet
  facet normal 0 0 1
    outer loop
      vertex 66.1243 112.608 5
      vertex 63.15 110 5
      vertex 66.0478 112.224 5
    endloop
  endfacet
  facet normal 0 0 1
    outer loop
      vertex 66.0478 112.224 5
      vertex 63.15 110 5
      vertex 65.9216 111.852 5
    endloop
  endfacet
  facet normal 0 0 1
    outer loop
      vertex 65.9216 111.852 5
      vertex 63.15 110 5
      vertex 65.7481 111.5 5
    endloop
  endfacet
  facet normal 0 0 1
    outer loop
      vertex 65.7481 111.5 5
      vertex 63.15 110 5
      vertex 65.5301 111.174 5
    endloop
  endfacet
  facet normal 0 0 1
    outer loop
      vertex 65.2713 110.879 5
      vertex 63.15 110 5
      vertex 64.9763 110.62 5
    endloop
  endfacet
  facet normal 0 0 1
    outer loop
      vertex 64.9763 110.62 5
      vertex 63.15 110 5
      vertex 64.65 110.402 5
    endloop
  endfacet
  facet normal 0 0 1
    outer loop
      vertex 64.65 110.402 5
      vertex 63.15 110 5
      vertex 64.2981 110.228 5
    endloop
  endfacet
  facet normal 0 0 1
    outer loop
      vertex 64.2981 110.228 5
      vertex 63.15 110 5
      vertex 63.9265 110.102 5
    endloop
  endfacet
  facet normal 0 0 1
    outer loop
      vertex 65.5301 111.174 5
      vertex 63.15 110 5
      vertex 65.2713 110.879 5
    endloop
  endfacet
  facet normal 0 0 1
    outer loop
      vertex 66.15 113 5
      vertex 63.15 110 5
      vertex 66.1243 112.608 5
    endloop
  endfacet
  facet normal 0 0 1
    outer loop
      vertex 63.9265 110.102 5
      vertex 63.15 110 5
      vertex 63.5416 110.026 5
    endloop
  endfacet
  facet normal -0 0 1
    outer loop
      vertex 45.55 112.8 5
      vertex 63.15 110 5
      vertex 57.95 112.8 5
    endloop
  endfacet
  facet normal 0 0 1
    outer loop
      vertex 27.95 112.8 5
      vertex 45.55 112.8 5
      vertex 27.95 123.2 5
    endloop
  endfacet
  facet normal -0 0 1
    outer loop
      vertex 27.95 112.8 5
      vertex 63.15 110 5
      vertex 45.55 112.8 5
    endloop
  endfacet
  facet normal 0 0 1
    outer loop
      vertex 4.5 110 5
      vertex 27.95 112.8 5
      vertex 15.55 112.8 5
    endloop
  endfacet
  facet normal 0 0 1
    outer loop
      vertex 27.95 123.2 5
      vertex 6.70001 137.2 5
      vertex 15.55 123.2 5
    endloop
  endfacet
  facet normal -0 0 1
    outer loop
      vertex 6.70001 124.8 5
      vertex 15.55 123.2 5
      vertex 6.70001 137.2 5
    endloop
  endfacet
  facet normal 0 0 1
    outer loop
      vertex 15.55 123.2 5
      vertex 6.70001 124.8 5
      vertex 15.55 112.8 5
    endloop
  endfacet
  facet normal 0 0 1
    outer loop
      vertex 27.95 112.8 5
      vertex 4.5 110 5
      vertex 63.15 110 5
    endloop
  endfacet
  facet normal 0 0 1
    outer loop
      vertex 6.70001 124.8 5
      vertex 4.5 110 5
      vertex 15.55 112.8 5
    endloop
  endfacet
  facet normal -0 0 1
    outer loop
      vertex 1.5 113 5
      vertex 4.5 110 5
      vertex 6.70001 124.8 5
    endloop
  endfacet
  facet normal 0 0 1
    outer loop
      vertex 4.5 110 5
      vertex 1.5 113 5
      vertex 4.10843 110.026 5
    endloop
  endfacet
  facet normal 0 0 1
    outer loop
      vertex 4.10843 110.026 5
      vertex 1.5 113 5
      vertex 3.72354 110.102 5
    endloop
  endfacet
  facet normal 0 0 1
    outer loop
      vertex 3.72354 110.102 5
      vertex 1.5 113 5
      vertex 3.35194 110.228 5
    endloop
  endfacet
  facet normal 0 0 1
    outer loop
      vertex 3.35194 110.228 5
      vertex 1.5 113 5
      vertex 3 110.402 5
    endloop
  endfacet
  facet normal 0 0 1
    outer loop
      vertex 3 110.402 5
      vertex 1.5 113 5
      vertex 2.67372 110.62 5
    endloop
  endfacet
  facet normal 0 0 1
    outer loop
      vertex 2.67372 110.62 5
      vertex 1.5 113 5
      vertex 2.37868 110.879 5
    endloop
  endfacet
  facet normal 0 0 1
    outer loop
      vertex 2.37868 110.879 5
      vertex 1.5 113 5
      vertex 2.11993 111.174 5
    endloop
  endfacet
  facet normal 0 0 1
    outer loop
      vertex 2.11993 111.174 5
      vertex 1.5 113 5
      vertex 1.90192 111.5 5
    endloop
  endfacet
  facet normal 0 0 1
    outer loop
      vertex 1.90192 111.5 5
      vertex 1.5 113 5
      vertex 1.72836 111.852 5
    endloop
  endfacet
  facet normal 0 0 1
    outer loop
      vertex 1.72836 111.852 5
      vertex 1.5 113 5
      vertex 1.60222 112.224 5
    endloop
  endfacet
  facet normal 0 0 1
    outer loop
      vertex 1.5 113 5
      vertex 6.70001 124.8 5
      vertex 1.5 124.8 5
    endloop
  endfacet
  facet normal 0 0 1
    outer loop
      vertex 1.60222 112.224 5
      vertex 1.5 113 5
      vertex 1.52567 112.608 5
    endloop
  endfacet
  facet normal 0.193714 -0.981058 0
    outer loop
      vertex 63.5416 110.026 0
      vertex 63.9265 110.102 5
      vertex 63.5416 110.026 5
    endloop
  endfacet
  facet normal 0.193714 -0.981058 0
    outer loop
      vertex 63.9265 110.102 5
      vertex 63.5416 110.026 0
      vertex 63.9265 110.102 0
    endloop
  endfacet
  facet normal 0.321117 -0.94704 0
    outer loop
      vertex 63.9265 110.102 0
      vertex 64.2981 110.228 5
      vertex 63.9265 110.102 5
    endloop
  endfacet
  facet normal 0.321117 -0.94704 0
    outer loop
      vertex 64.2981 110.228 5
      vertex 63.9265 110.102 0
      vertex 64.2981 110.228 0
    endloop
  endfacet
  facet normal 0.443235 -0.896405 0
    outer loop
      vertex 64.2981 110.228 0
      vertex 64.65 110.402 5
      vertex 64.2981 110.228 5
    endloop
  endfacet
  facet normal 0.443235 -0.896405 0
    outer loop
      vertex 64.65 110.402 5
      vertex 64.2981 110.228 0
      vertex 64.65 110.402 0
    endloop
  endfacet
  facet normal 0.555523 -0.831501 0
    outer loop
      vertex 64.65 110.402 0
      vertex 64.9763 110.62 5
      vertex 64.65 110.402 5
    endloop
  endfacet
  facet normal 0.555523 -0.831501 0
    outer loop
      vertex 64.9763 110.62 5
      vertex 64.65 110.402 0
      vertex 64.9763 110.62 0
    endloop
  endfacet
  facet normal 0.659766 -0.751471 0
    outer loop
      vertex 64.9763 110.62 0
      vertex 65.2713 110.879 5
      vertex 64.9763 110.62 5
    endloop
  endfacet
  facet normal 0.659766 -0.751471 0
    outer loop
      vertex 65.2713 110.879 5
      vertex 64.9763 110.62 0
      vertex 65.2713 110.879 0
    endloop
  endfacet
  facet normal 0.751724 -0.659478 1.42405e-18
    outer loop
      vertex 65.2713 110.879 5
      vertex 65.5301 111.174 0
      vertex 65.5301 111.174 5
    endloop
  endfacet
  facet normal 0.751724 -0.659478 1.42405e-18
    outer loop
      vertex 65.5301 111.174 0
      vertex 65.2713 110.879 5
      vertex 65.2713 110.879 0
    endloop
  endfacet
  facet normal 0.831265 -0.555877 -4.22151e-19
    outer loop
      vertex 65.5301 111.174 5
      vertex 65.7481 111.5 0
      vertex 65.7481 111.5 5
    endloop
  endfacet
  facet normal 0.831265 -0.555877 -4.22151e-19
    outer loop
      vertex 65.7481 111.5 0
      vertex 65.5301 111.174 5
      vertex 65.5301 111.174 0
    endloop
  endfacet
  facet normal 0.896961 -0.44211 -5.3322e-19
    outer loop
      vertex 65.7481 111.5 5
      vertex 65.9216 111.852 0
      vertex 65.9216 111.852 5
    endloop
  endfacet
  facet normal 0.896961 -0.44211 -5.3322e-19
    outer loop
      vertex 65.9216 111.852 0
      vertex 65.7481 111.5 5
      vertex 65.7481 111.5 0
    endloop
  endfacet
  facet normal 0.94699 -0.321264 3.82744e-19
    outer loop
      vertex 65.9216 111.852 5
      vertex 66.0478 112.224 0
      vertex 66.0478 112.224 5
    endloop
  endfacet
  facet normal 0.94699 -0.321264 3.82744e-19
    outer loop
      vertex 66.0478 112.224 0
      vertex 65.9216 111.852 5
      vertex 65.9216 111.852 0
    endloop
  endfacet
  facet normal 0.980728 -0.195379 1.46311e-20
    outer loop
      vertex 66.0478 112.224 5
      vertex 66.1243 112.608 0
      vertex 66.1243 112.608 5
    endloop
  endfacet
  facet normal 0.980728 -0.195379 1.46311e-20
    outer loop
      vertex 66.1243 112.608 0
      vertex 66.0478 112.224 5
      vertex 66.0478 112.224 0
    endloop
  endfacet
  facet normal 0.997858 -0.0654208 -8.74971e-21
    outer loop
      vertex 66.1243 112.608 5
      vertex 66.15 113 0
      vertex 66.15 113 5
    endloop
  endfacet
  facet normal 0.997858 -0.0654208 -8.74971e-21
    outer loop
      vertex 66.15 113 0
      vertex 66.1243 112.608 5
      vertex 66.1243 112.608 0
    endloop
  endfacet
  facet normal 1 -0 0
    outer loop
      vertex 66.15 113 5
      vertex 66.15 124.8 0
      vertex 66.15 124.8 5
    endloop
  endfacet
  facet normal 1 0 0
    outer loop
      vertex 66.15 124.8 0
      vertex 66.15 113 5
      vertex 66.15 113 0
    endloop
  endfacet
  facet normal 0 1 -0
    outer loop
      vertex 66.15 124.8 0
      vertex 60.95 124.8 5
      vertex 66.15 124.8 5
    endloop
  endfacet
  facet normal 0 1 0
    outer loop
      vertex 60.95 124.8 5
      vertex 66.15 124.8 0
      vertex 60.95 124.8 0
    endloop
  endfacet
  facet normal 1 -0 0
    outer loop
      vertex 60.95 124.8 5
      vertex 60.95 137.2 0
      vertex 60.95 137.2 5
    endloop
  endfacet
  facet normal 1 0 0
    outer loop
      vertex 60.95 137.2 0
      vertex 60.95 124.8 5
      vertex 60.95 124.8 0
    endloop
  endfacet
  facet normal 0 -1 0
    outer loop
      vertex 60.95 137.2 0
      vertex 66.15 137.2 5
      vertex 60.95 137.2 5
    endloop
  endfacet
  facet normal 0 -1 -0
    outer loop
      vertex 66.15 137.2 5
      vertex 60.95 137.2 0
      vertex 66.15 137.2 0
    endloop
  endfacet
  facet normal 1 -0 0
    outer loop
      vertex 66.15 137.2 5
      vertex 66.15 154.8 0
      vertex 66.15 154.8 5
    endloop
  endfacet
  facet normal 1 0 0
    outer loop
      vertex 66.15 154.8 0
      vertex 66.15 137.2 5
      vertex 66.15 137.2 0
    endloop
  endfacet
  facet normal 0 1 -0
    outer loop
      vertex 66.15 154.8 0
      vertex 60.95 154.8 5
      vertex 66.15 154.8 5
    endloop
  endfacet
  facet normal 0 1 0
    outer loop
      vertex 60.95 154.8 5
      vertex 66.15 154.8 0
      vertex 60.95 154.8 0
    endloop
  endfacet
  facet normal 1 -0 0
    outer loop
      vertex 60.95 154.8 5
      vertex 60.95 167.2 0
      vertex 60.95 167.2 5
    endloop
  endfacet
  facet normal 1 0 0
    outer loop
      vertex 60.95 167.2 0
      vertex 60.95 154.8 5
      vertex 60.95 154.8 0
    endloop
  endfacet
  facet normal 0 -1 0
    outer loop
      vertex 60.95 167.2 0
      vertex 66.15 167.2 5
      vertex 60.95 167.2 5
    endloop
  endfacet
  facet normal 0 -1 -0
    outer loop
      vertex 66.15 167.2 5
      vertex 60.95 167.2 0
      vertex 66.15 167.2 0
    endloop
  endfacet
  facet normal 1 -0 0
    outer loop
      vertex 66.15 167.2 5
      vertex 66.15 170 0
      vertex 66.15 170 5
    endloop
  endfacet
  facet normal 1 0 0
    outer loop
      vertex 66.15 170 0
      vertex 66.15 167.2 5
      vertex 66.15 167.2 0
    endloop
  endfacet
  facet normal 0.997858 0.0654208 8.74971e-21
    outer loop
      vertex 66.15 170 5
      vertex 66.1243 170.392 0
      vertex 66.1243 170.392 5
    endloop
  endfacet
  facet normal 0.997858 0.0654208 8.74971e-21
    outer loop
      vertex 66.1243 170.392 0
      vertex 66.15 170 5
      vertex 66.15 170 0
    endloop
  endfacet
  facet normal 0.980728 0.195379 -6.24261e-19
    outer loop
      vertex 66.1243 170.392 5
      vertex 66.0478 170.776 0
      vertex 66.0478 170.776 5
    endloop
  endfacet
  facet normal 0.980728 0.195379 -6.24261e-19
    outer loop
      vertex 66.0478 170.776 0
      vertex 66.1243 170.392 5
      vertex 66.1243 170.392 0
    endloop
  endfacet
  facet normal 0.94699 0.321264 1.23388e-18
    outer loop
      vertex 66.0478 170.776 5
      vertex 65.9216 171.148 0
      vertex 65.9216 171.148 5
    endloop
  endfacet
  facet normal 0.94699 0.321264 1.23388e-18
    outer loop
      vertex 65.9216 171.148 0
      vertex 66.0478 170.776 5
      vertex 66.0478 170.776 0
    endloop
  endfacet
  facet normal 0.896961 0.44211 5.3322e-19
    outer loop
      vertex 65.9216 171.148 5
      vertex 65.7481 171.5 0
      vertex 65.7481 171.5 5
    endloop
  endfacet
  facet normal 0.896961 0.44211 5.3322e-19
    outer loop
      vertex 65.7481 171.5 0
      vertex 65.9216 171.148 5
      vertex 65.9216 171.148 0
    endloop
  endfacet
  facet normal 0.831265 0.555877 4.22151e-19
    outer loop
      vertex 65.7481 171.5 5
      vertex 65.5301 171.826 0
      vertex 65.5301 171.826 5
    endloop
  endfacet
  facet normal 0.831265 0.555877 4.22151e-19
    outer loop
      vertex 65.5301 171.826 0
      vertex 65.7481 171.5 5
      vertex 65.7481 171.5 0
    endloop
  endfacet
  facet normal 0.751724 0.659478 -1.50326e-18
    outer loop
      vertex 65.5301 171.826 5
      vertex 65.2713 172.121 0
      vertex 65.2713 172.121 5
    endloop
  endfacet
  facet normal 0.751724 0.659478 -1.50326e-18
    outer loop
      vertex 65.2713 172.121 0
      vertex 65.5301 171.826 5
      vertex 65.5301 171.826 0
    endloop
  endfacet
  facet normal 0.659766 0.751471 -0
    outer loop
      vertex 65.2713 172.121 0
      vertex 64.9763 172.38 5
      vertex 65.2713 172.121 5
    endloop
  endfacet
  facet normal 0.659766 0.751471 0
    outer loop
      vertex 64.9763 172.38 5
      vertex 65.2713 172.121 0
      vertex 64.9763 172.38 0
    endloop
  endfacet
  facet normal 0.555523 0.831501 -0
    outer loop
      vertex 64.9763 172.38 0
      vertex 64.65 172.598 5
      vertex 64.9763 172.38 5
    endloop
  endfacet
  facet normal 0.555523 0.831501 0
    outer loop
      vertex 64.65 172.598 5
      vertex 64.9763 172.38 0
      vertex 64.65 172.598 0
    endloop
  endfacet
  facet normal 0.443235 0.896405 -0
    outer loop
      vertex 64.65 172.598 0
      vertex 64.2981 172.772 5
      vertex 64.65 172.598 5
    endloop
  endfacet
  facet normal 0.443235 0.896405 0
    outer loop
      vertex 64.2981 172.772 5
      vertex 64.65 172.598 0
      vertex 64.2981 172.772 0
    endloop
  endfacet
  facet normal 0.321117 0.94704 -0
    outer loop
      vertex 64.2981 172.772 0
      vertex 63.9265 172.898 5
      vertex 64.2981 172.772 5
    endloop
  endfacet
  facet normal 0.321117 0.94704 0
    outer loop
      vertex 63.9265 172.898 5
      vertex 64.2981 172.772 0
      vertex 63.9265 172.898 0
    endloop
  endfacet
  facet normal 0.193714 0.981058 -0
    outer loop
      vertex 63.9265 172.898 0
      vertex 63.5416 172.974 5
      vertex 63.9265 172.898 5
    endloop
  endfacet
  facet normal 0.193714 0.981058 0
    outer loop
      vertex 63.5416 172.974 5
      vertex 63.9265 172.898 0
      vertex 63.5416 172.974 0
    endloop
  endfacet
  facet normal 0.0662484 0.997803 -0
    outer loop
      vertex 63.5416 172.974 0
      vertex 63.15 173 5
      vertex 63.5416 172.974 5
    endloop
  endfacet
  facet normal 0.0662484 0.997803 0
    outer loop
      vertex 63.15 173 5
      vertex 63.5416 172.974 0
      vertex 63.15 173 0
    endloop
  endfacet
  facet normal 0 1 -0
    outer loop
      vertex 63.15 173 0
      vertex 4.5 173 5
      vertex 63.15 173 5
    endloop
  endfacet
  facet normal 0 1 0
    outer loop
      vertex 4.5 173 5
      vertex 63.15 173 0
      vertex 4.5 173 0
    endloop
  endfacet
  facet normal -0.0662535 0.997803 0
    outer loop
      vertex 4.5 173 0
      vertex 4.10843 172.974 5
      vertex 4.5 173 5
    endloop
  endfacet
  facet normal -0.0662535 0.997803 0
    outer loop
      vertex 4.10843 172.974 5
      vertex 4.5 173 0
      vertex 4.10843 172.974 0
    endloop
  endfacet
  facet normal -0.193719 0.981057 0
    outer loop
      vertex 4.10843 172.974 0
      vertex 3.72354 172.898 5
      vertex 4.10843 172.974 5
    endloop
  endfacet
  facet normal -0.193719 0.981057 0
    outer loop
      vertex 3.72354 172.898 5
      vertex 4.10843 172.974 0
      vertex 3.72354 172.898 0
    endloop
  endfacet
  facet normal -0.321117 0.94704 0
    outer loop
      vertex 3.72354 172.898 0
      vertex 3.35194 172.772 5
      vertex 3.72354 172.898 5
    endloop
  endfacet
  facet normal -0.321117 0.94704 0
    outer loop
      vertex 3.35194 172.772 5
      vertex 3.72354 172.898 0
      vertex 3.35194 172.772 0
    endloop
  endfacet
  facet normal -0.443195 0.896425 0
    outer loop
      vertex 3.35194 172.772 0
      vertex 3 172.598 5
      vertex 3.35194 172.772 5
    endloop
  endfacet
  facet normal -0.443195 0.896425 0
    outer loop
      vertex 3 172.598 5
      vertex 3.35194 172.772 0
      vertex 3 172.598 0
    endloop
  endfacet
  facet normal -0.555547 0.831485 0
    outer loop
      vertex 3 172.598 0
      vertex 2.67372 172.38 5
      vertex 3 172.598 5
    endloop
  endfacet
  facet normal -0.555547 0.831485 0
    outer loop
      vertex 2.67372 172.38 5
      vertex 3 172.598 0
      vertex 2.67372 172.38 0
    endloop
  endfacet
  facet normal -0.659716 0.751515 0
    outer loop
      vertex 2.67372 172.38 0
      vertex 2.37868 172.121 5
      vertex 2.67372 172.38 5
    endloop
  endfacet
  facet normal -0.659716 0.751515 0
    outer loop
      vertex 2.37868 172.121 5
      vertex 2.67372 172.38 0
      vertex 2.37868 172.121 0
    endloop
  endfacet
  facet normal -0.751787 0.659406 1.94658e-18
    outer loop
      vertex 2.11993 171.826 0
      vertex 2.37868 172.121 5
      vertex 2.37868 172.121 0
    endloop
  endfacet
  facet normal -0.751787 0.659406 1.94658e-18
    outer loop
      vertex 2.37868 172.121 5
      vertex 2.11993 171.826 0
      vertex 2.11993 171.826 5
    endloop
  endfacet
  facet normal -0.831253 0.555894 3.45088e-18
    outer loop
      vertex 1.90192 171.5 0
      vertex 2.11993 171.826 5
      vertex 2.11993 171.826 0
    endloop
  endfacet
  facet normal -0.831253 0.555894 3.45088e-18
    outer loop
      vertex 2.11993 171.826 5
      vertex 1.90192 171.5 0
      vertex 1.90192 171.5 5
    endloop
  endfacet
  facet normal -0.8969 0.442233 -1.34852e-18
    outer loop
      vertex 1.72836 171.148 0
      vertex 1.90192 171.5 5
      vertex 1.90192 171.5 0
    endloop
  endfacet
  facet normal -0.8969 0.442233 -1.34852e-18
    outer loop
      vertex 1.90192 171.5 5
      vertex 1.72836 171.148 0
      vertex 1.72836 171.148 5
    endloop
  endfacet
  facet normal -0.947036 0.321127 8.9951e-19
    outer loop
      vertex 1.60222 170.776 0
      vertex 1.72836 171.148 5
      vertex 1.72836 171.148 0
    endloop
  endfacet
  facet normal -0.947036 0.321127 8.9951e-19
    outer loop
      vertex 1.72836 171.148 5
      vertex 1.60222 170.776 0
      vertex 1.60222 170.776 5
    endloop
  endfacet
  facet normal -0.980703 0.195502 -6.91183e-19
    outer loop
      vertex 1.52567 170.392 0
      vertex 1.60222 170.776 5
      vertex 1.60222 170.776 0
    endloop
  endfacet
  facet normal -0.980703 0.195502 -6.91183e-19
    outer loop
      vertex 1.60222 170.776 5
      vertex 1.52567 170.392 0
      vertex 1.52567 170.392 5
    endloop
  endfacet
  facet normal -0.997863 0.0653447 1.88002e-19
    outer loop
      vertex 1.5 170 0
      vertex 1.52567 170.392 5
      vertex 1.52567 170.392 0
    endloop
  endfacet
  facet normal -0.997863 0.0653447 1.88002e-19
    outer loop
      vertex 1.52567 170.392 5
      vertex 1.5 170 0
      vertex 1.5 170 5
    endloop
  endfacet
  facet normal -1 0 0
    outer loop
      vertex 1.5 167.2 0
      vertex 1.5 170 5
      vertex 1.5 170 0
    endloop
  endfacet
  facet normal -1 -0 0
    outer loop
      vertex 1.5 170 5
      vertex 1.5 167.2 0
      vertex 1.5 167.2 5
    endloop
  endfacet
  facet normal 0 -1 0
    outer loop
      vertex 1.5 167.2 0
      vertex 6.70001 167.2 5
      vertex 1.5 167.2 5
    endloop
  endfacet
  facet normal 0 -1 -0
    outer loop
      vertex 6.70001 167.2 5
      vertex 1.5 167.2 0
      vertex 6.70001 167.2 0
    endloop
  endfacet
  facet normal -1 0 0
    outer loop
      vertex 6.70001 154.8 0
      vertex 6.70001 167.2 5
      vertex 6.70001 167.2 0
    endloop
  endfacet
  facet normal -1 -0 0
    outer loop
      vertex 6.70001 167.2 5
      vertex 6.70001 154.8 0
      vertex 6.70001 154.8 5
    endloop
  endfacet
  facet normal 0 1 -0
    outer loop
      vertex 6.70001 154.8 0
      vertex 1.5 154.8 5
      vertex 6.70001 154.8 5
    endloop
  endfacet
  facet normal 0 1 0
    outer loop
      vertex 1.5 154.8 5
      vertex 6.70001 154.8 0
      vertex 1.5 154.8 0
    endloop
  endfacet
  facet normal -1 0 0
    outer loop
      vertex 1.5 137.2 0
      vertex 1.5 154.8 5
      vertex 1.5 154.8 0
    endloop
  endfacet
  facet normal -1 -0 0
    outer loop
      vertex 1.5 154.8 5
      vertex 1.5 137.2 0
      vertex 1.5 137.2 5
    endloop
  endfacet
  facet normal 0 -1 0
    outer loop
      vertex 1.5 137.2 0
      vertex 6.70001 137.2 5
      vertex 1.5 137.2 5
    endloop
  endfacet
  facet normal 0 -1 -0
    outer loop
      vertex 6.70001 137.2 5
      vertex 1.5 137.2 0
      vertex 6.70001 137.2 0
    endloop
  endfacet
  facet normal -1 0 0
    outer loop
      vertex 6.70001 124.8 0
      vertex 6.70001 137.2 5
      vertex 6.70001 137.2 0
    endloop
  endfacet
  facet normal -1 -0 0
    outer loop
      vertex 6.70001 137.2 5
      vertex 6.70001 124.8 0
      vertex 6.70001 124.8 5
    endloop
  endfacet
  facet normal 0 1 -0
    outer loop
      vertex 6.70001 124.8 0
      vertex 1.5 124.8 5
      vertex 6.70001 124.8 5
    endloop
  endfacet
  facet normal 0 1 0
    outer loop
      vertex 1.5 124.8 5
      vertex 6.70001 124.8 0
      vertex 1.5 124.8 0
    endloop
  endfacet
  facet normal -1 0 0
    outer loop
      vertex 1.5 113 0
      vertex 1.5 124.8 5
      vertex 1.5 124.8 0
    endloop
  endfacet
  facet normal -1 -0 0
    outer loop
      vertex 1.5 124.8 5
      vertex 1.5 113 0
      vertex 1.5 113 5
    endloop
  endfacet
  facet normal -0.997863 -0.0653447 -1.88002e-19
    outer loop
      vertex 1.52567 112.608 0
      vertex 1.5 113 5
      vertex 1.5 113 0
    endloop
  endfacet
  facet normal -0.997863 -0.0653447 -1.88002e-19
    outer loop
      vertex 1.5 113 5
      vertex 1.52567 112.608 0
      vertex 1.52567 112.608 5
    endloop
  endfacet
  facet normal -0.980703 -0.195502 -1.08404e-19
    outer loop
      vertex 1.60222 112.224 0
      vertex 1.52567 112.608 5
      vertex 1.52567 112.608 0
    endloop
  endfacet
  facet normal -0.980703 -0.195502 -1.08404e-19
    outer loop
      vertex 1.52567 112.608 5
      vertex 1.60222 112.224 0
      vertex 1.60222 112.224 5
    endloop
  endfacet
  facet normal -0.947036 -0.321127 1.45093e-18
    outer loop
      vertex 1.72836 111.852 0
      vertex 1.60222 112.224 5
      vertex 1.60222 112.224 0
    endloop
  endfacet
  facet normal -0.947036 -0.321127 1.45093e-18
    outer loop
      vertex 1.60222 112.224 5
      vertex 1.72836 111.852 0
      vertex 1.72836 111.852 5
    endloop
  endfacet
  facet normal -0.8969 -0.442233 1.34852e-18
    outer loop
      vertex 1.90192 111.5 0
      vertex 1.72836 111.852 5
      vertex 1.72836 111.852 0
    endloop
  endfacet
  facet normal -0.8969 -0.442233 1.34852e-18
    outer loop
      vertex 1.72836 111.852 5
      vertex 1.90192 111.5 0
      vertex 1.90192 111.5 5
    endloop
  endfacet
  facet normal -0.831253 -0.555894 -3.45088e-18
    outer loop
      vertex 2.11993 111.174 0
      vertex 1.90192 111.5 5
      vertex 1.90192 111.5 0
    endloop
  endfacet
  facet normal -0.831253 -0.555894 -3.45088e-18
    outer loop
      vertex 1.90192 111.5 5
      vertex 2.11993 111.174 0
      vertex 2.11993 111.174 5
    endloop
  endfacet
  facet normal -0.751787 -0.659406 -2.22951e-18
    outer loop
      vertex 2.37868 110.879 0
      vertex 2.11993 111.174 5
      vertex 2.11993 111.174 0
    endloop
  endfacet
  facet normal -0.751787 -0.659406 -2.22951e-18
    outer loop
      vertex 2.11993 111.174 5
      vertex 2.37868 110.879 0
      vertex 2.37868 110.879 5
    endloop
  endfacet
  facet normal -0.659716 -0.751515 0
    outer loop
      vertex 2.37868 110.879 0
      vertex 2.67372 110.62 5
      vertex 2.37868 110.879 5
    endloop
  endfacet
  facet normal -0.659716 -0.751515 -0
    outer loop
      vertex 2.67372 110.62 5
      vertex 2.37868 110.879 0
      vertex 2.67372 110.62 0
    endloop
  endfacet
  facet normal -0.555547 -0.831485 0
    outer loop
      vertex 2.67372 110.62 0
      vertex 3 110.402 5
      vertex 2.67372 110.62 5
    endloop
  endfacet
  facet normal -0.555547 -0.831485 -0
    outer loop
      vertex 3 110.402 5
      vertex 2.67372 110.62 0
      vertex 3 110.402 0
    endloop
  endfacet
  facet normal -0.443195 -0.896425 0
    outer loop
      vertex 3 110.402 0
      vertex 3.35194 110.228 5
      vertex 3 110.402 5
    endloop
  endfacet
  facet normal -0.443195 -0.896425 -0
    outer loop
      vertex 3.35194 110.228 5
      vertex 3 110.402 0
      vertex 3.35194 110.228 0
    endloop
  endfacet
  facet normal -0.321117 -0.94704 0
    outer loop
      vertex 3.35194 110.228 0
      vertex 3.72354 110.102 5
      vertex 3.35194 110.228 5
    endloop
  endfacet
  facet normal -0.321117 -0.94704 -0
    outer loop
      vertex 3.72354 110.102 5
      vertex 3.35194 110.228 0
      vertex 3.72354 110.102 0
    endloop
  endfacet
  facet normal -0.193719 -0.981057 0
    outer loop
      vertex 3.72354 110.102 0
      vertex 4.10843 110.026 5
      vertex 3.72354 110.102 5
    endloop
  endfacet
  facet normal -0.193719 -0.981057 -0
    outer loop
      vertex 4.10843 110.026 5
      vertex 3.72354 110.102 0
      vertex 4.10843 110.026 0
    endloop
  endfacet
  facet normal -0.0662535 -0.997803 0
    outer loop
      vertex 4.10843 110.026 0
      vertex 4.5 110 5
      vertex 4.10843 110.026 5
    endloop
  endfacet
  facet normal -0.0662535 -0.997803 -0
    outer loop
      vertex 4.5 110 5
      vertex 4.10843 110.026 0
      vertex 4.5 110 0
    endloop
  endfacet
  facet normal 0 -1 0
    outer loop
      vertex 4.5 110 0
      vertex 63.15 110 5
      vertex 4.5 110 5
    endloop
  endfacet
  facet normal 0 -1 -0
    outer loop
      vertex 63.15 110 5
      vertex 4.5 110 0
      vertex 63.15 110 0
    endloop
  endfacet
  facet normal 0.0662484 -0.997803 0
    outer loop
      vertex 63.15 110 0
      vertex 63.5416 110.026 5
      vertex 63.15 110 5
    endloop
  endfacet
  facet normal 0.0662484 -0.997803 0
    outer loop
      vertex 63.5416 110.026 5
      vertex 63.15 110 0
      vertex 63.5416 110.026 0
    endloop
  endfacet
  facet normal 1 -0 0
    outer loop
      vertex 45.55 112.8 5
      vertex 45.55 123.2 0
      vertex 45.55 123.2 5
    endloop
  endfacet
  facet normal 1 0 0
    outer loop
      vertex 45.55 123.2 0
      vertex 45.55 112.8 5
      vertex 45.55 112.8 0
    endloop
  endfacet
  facet normal 0 -1 0
    outer loop
      vertex 45.55 123.2 0
      vertex 57.95 123.2 5
      vertex 45.55 123.2 5
    endloop
  endfacet
  facet normal 0 -1 -0
    outer loop
      vertex 57.95 123.2 5
      vertex 45.55 123.2 0
      vertex 57.95 123.2 0
    endloop
  endfacet
  facet normal -1 0 0
    outer loop
      vertex 57.95 112.8 0
      vertex 57.95 123.2 5
      vertex 57.95 123.2 0
    endloop
  endfacet
  facet normal -1 -0 0
    outer loop
      vertex 57.95 123.2 5
      vertex 57.95 112.8 0
      vertex 57.95 112.8 5
    endloop
  endfacet
  facet normal 0 1 -0
    outer loop
      vertex 57.95 112.8 0
      vertex 45.55 112.8 5
      vertex 57.95 112.8 5
    endloop
  endfacet
  facet normal 0 1 0
    outer loop
      vertex 45.55 112.8 5
      vertex 57.95 112.8 0
      vertex 45.55 112.8 0
    endloop
  endfacet
  facet normal 1 -0 0
    outer loop
      vertex 15.55 112.8 5
      vertex 15.55 123.2 0
      vertex 15.55 123.2 5
    endloop
  endfacet
  facet normal 1 0 0
    outer loop
      vertex 15.55 123.2 0
      vertex 15.55 112.8 5
      vertex 15.55 112.8 0
    endloop
  endfacet
  facet normal 0 -1 0
    outer loop
      vertex 15.55 123.2 0
      vertex 27.95 123.2 5
      vertex 15.55 123.2 5
    endloop
  endfacet
  facet normal 0 -1 -0
    outer loop
      vertex 27.95 123.2 5
      vertex 15.55 123.2 0
      vertex 27.95 123.2 0
    endloop
  endfacet
  facet normal -1 0 0
    outer loop
      vertex 27.95 112.8 0
      vertex 27.95 123.2 5
      vertex 27.95 123.2 0
    endloop
  endfacet
  facet normal -1 -0 0
    outer loop
      vertex 27.95 123.2 5
      vertex 27.95 112.8 0
      vertex 27.95 112.8 5
    endloop
  endfacet
  facet normal 0 1 -0
    outer loop
      vertex 27.95 112.8 0
      vertex 15.55 112.8 5
      vertex 27.95 112.8 5
    endloop
  endfacet
  facet normal 0 1 0
    outer loop
      vertex 15.55 112.8 5
      vertex 27.95 112.8 0
      vertex 15.55 112.8 0
    endloop
  endfacet
  facet normal 0 0 -1
    outer loop
      vertex 40.4451 139.975 0.599999
      vertex 43.1738 144.911 0.599999
      vertex 41.2046 137.268 0.599999
    endloop
  endfacet
  facet normal -0 0 -1
    outer loop
      vertex 43.1738 144.911 0.599999
      vertex 40.4451 139.975 0.599999
      vertex 41.5518 144.911 0.599999
    endloop
  endfacet
  facet normal 0 0 -1
    outer loop
      vertex 41.2046 137.268 0.599999
      vertex 40.1955 138.781 0.599999
      vertex 40.4451 139.975 0.599999
    endloop
  endfacet
  facet normal 0 0 -1
    outer loop
      vertex 39.0192 138.496 0.599999
      vertex 40.1523 138.995 0.599999
      vertex 40.1955 138.781 0.599999
    endloop
  endfacet
  facet normal -0 0 -1
    outer loop
      vertex 40.1523 138.995 0.599999
      vertex 39.0192 138.496 0.599999
      vertex 40.1094 139.206 0.599999
    endloop
  endfacet
  facet normal 0 0 -1
    outer loop
      vertex 38.7731 139.551 0.599999
      vertex 40.1094 139.206 0.599999
      vertex 39.0192 138.496 0.599999
    endloop
  endfacet
  facet normal 0 0 -1
    outer loop
      vertex 40.1094 139.206 0.599999
      vertex 38.7731 139.551 0.599999
      vertex 40.0668 139.415 0.599999
    endloop
  endfacet
  facet normal -0 0 -1
    outer loop
      vertex 40.0246 139.621 0.599999
      vertex 38.7731 139.551 0.599999
      vertex 39.9827 139.824 0.599999
    endloop
  endfacet
  facet normal -0 0 -1
    outer loop
      vertex 39.9827 139.824 0.599999
      vertex 38.7731 139.551 0.599999
      vertex 39.9412 140.024 0.599999
    endloop
  endfacet
  facet normal -0 0 -1
    outer loop
      vertex 39.9412 140.024 0.599999
      vertex 38.7731 139.551 0.599999
      vertex 39.8999 140.221 0.599999
    endloop
  endfacet
  facet normal 0 0 -1
    outer loop
      vertex 38.5675 140.434 0.599999
      vertex 39.8999 140.221 0.599999
      vertex 38.7731 139.551 0.599999
    endloop
  endfacet
  facet normal 0 0 -1
    outer loop
      vertex 39.8999 140.221 0.599999
      vertex 38.5675 140.434 0.599999
      vertex 39.8426 140.485 0.599999
    endloop
  endfacet
  facet normal -0 0 -1
    outer loop
      vertex 39.8426 140.485 0.599999
      vertex 38.5675 140.434 0.599999
      vertex 39.7529 140.884 0.599999
    endloop
  endfacet
  facet normal 0 0 -1
    outer loop
      vertex 39.3058 137.268 0.599999
      vertex 40.1955 138.781 0.599999
      vertex 41.2046 137.268 0.599999
    endloop
  endfacet
  facet normal 0 0 -1
    outer loop
      vertex 39.0192 138.496 0.599999
      vertex 40.1955 138.781 0.599999
      vertex 39.3058 137.268 0.599999
    endloop
  endfacet
  facet normal 0 0 -1
    outer loop
      vertex 40.0668 139.415 0.599999
      vertex 38.7731 139.551 0.599999
      vertex 40.0246 139.621 0.599999
    endloop
  endfacet
  facet normal 0 0 -1
    outer loop
      vertex 38.4024 141.144 0.599999
      vertex 39.7529 140.884 0.599999
      vertex 38.5675 140.434 0.599999
    endloop
  endfacet
  facet normal 0 0 -1
    outer loop
      vertex 39.7529 140.884 0.599999
      vertex 38.4024 141.144 0.599999
      vertex 39.6307 141.419 0.599999
    endloop
  endfacet
  facet normal 0 0 -1
    outer loop
      vertex 38.2779 141.682 0.599999
      vertex 39.6307 141.419 0.599999
      vertex 38.4024 141.144 0.599999
    endloop
  endfacet
  facet normal 0 0 -1
    outer loop
      vertex 39.6307 141.419 0.599999
      vertex 38.2779 141.682 0.599999
      vertex 39.4761 142.089 0.599999
    endloop
  endfacet
  facet normal 0 0 -1
    outer loop
      vertex 38.1938 142.047 0.599999
      vertex 39.4761 142.089 0.599999
      vertex 38.2779 141.682 0.599999
    endloop
  endfacet
  facet normal 0 0 -1
    outer loop
      vertex 38.1503 142.239 0.599999
      vertex 39.4761 142.089 0.599999
      vertex 38.1938 142.047 0.599999
    endloop
  endfacet
  facet normal 0 0 -1
    outer loop
      vertex 39.4761 142.089 0.599999
      vertex 38.1503 142.239 0.599999
      vertex 39.289 142.894 0.599999
    endloop
  endfacet
  facet normal 0 0 -1
    outer loop
      vertex 38.1261 142.353 0.599999
      vertex 39.289 142.894 0.599999
      vertex 38.1503 142.239 0.599999
    endloop
  endfacet
  facet normal 0 0 -1
    outer loop
      vertex 38.0998 142.48 0.599999
      vertex 39.289 142.894 0.599999
      vertex 38.1261 142.353 0.599999
    endloop
  endfacet
  facet normal 0 0 -1
    outer loop
      vertex 38.0716 142.62 0.599999
      vertex 39.289 142.894 0.599999
      vertex 38.0998 142.48 0.599999
    endloop
  endfacet
  facet normal 0 0 -1
    outer loop
      vertex 38.0414 142.775 0.599999
      vertex 39.289 142.894 0.599999
      vertex 38.0716 142.62 0.599999
    endloop
  endfacet
  facet normal 0 0 -1
    outer loop
      vertex 38.0092 142.943 0.599999
      vertex 39.289 142.894 0.599999
      vertex 38.0414 142.775 0.599999
    endloop
  endfacet
  facet normal 0 0 -1
    outer loop
      vertex 37.9749 143.126 0.599999
      vertex 39.289 142.894 0.599999
      vertex 38.0092 142.943 0.599999
    endloop
  endfacet
  facet normal 0 0 -1
    outer loop
      vertex 39.289 142.894 0.599999
      vertex 37.9749 143.126 0.599999
      vertex 39.0695 143.835 0.599999
    endloop
  endfacet
  facet normal 0 0 -1
    outer loop
      vertex 37.9387 143.322 0.599999
      vertex 39.0695 143.835 0.599999
      vertex 37.9749 143.126 0.599999
    endloop
  endfacet
  facet normal -0 0 -1
    outer loop
      vertex 39.0695 143.835 0.599999
      vertex 37.9387 143.322 0.599999
      vertex 38.8176 144.911 0.599999
    endloop
  endfacet
  facet normal 0 0 -1
    outer loop
      vertex 37.0274 144.911 0.599999
      vertex 37.9003 143.08 0.599999
      vertex 37.8595 142.841 0.599999
    endloop
  endfacet
  facet normal 0 0 -1
    outer loop
      vertex 37.0274 144.911 0.599999
      vertex 37.8595 142.841 0.599999
      vertex 37.8162 142.605 0.599999
    endloop
  endfacet
  facet normal 0 0 -1
    outer loop
      vertex 36.0617 140.843 0.599999
      vertex 37.8162 142.605 0.599999
      vertex 37.7704 142.371 0.599999
    endloop
  endfacet
  facet normal 0 0 -1
    outer loop
      vertex 36.0617 140.843 0.599999
      vertex 37.7704 142.371 0.599999
      vertex 37.7223 142.141 0.599999
    endloop
  endfacet
  facet normal 0 0 -1
    outer loop
      vertex 36.0617 140.843 0.599999
      vertex 37.7223 142.141 0.599999
      vertex 37.6717 141.913 0.599999
    endloop
  endfacet
  facet normal 0 0 -1
    outer loop
      vertex 36.0617 140.843 0.599999
      vertex 37.6717 141.913 0.599999
      vertex 37.6186 141.689 0.599999
    endloop
  endfacet
  facet normal 0 0 -1
    outer loop
      vertex 37.9387 143.322 0.599999
      vertex 37.0274 144.911 0.599999
      vertex 38.8176 144.911 0.599999
    endloop
  endfacet
  facet normal -0 0 -1
    outer loop
      vertex 37.8162 142.605 0.599999
      vertex 36.0617 140.843 0.599999
      vertex 37.0274 144.911 0.599999
    endloop
  endfacet
  facet normal 0 0 -1
    outer loop
      vertex 35.8186 139.605 0.599999
      vertex 37.6186 141.689 0.599999
      vertex 36.5825 137.268 0.599999
    endloop
  endfacet
  facet normal 0 0 -1
    outer loop
      vertex 37.9003 143.08 0.599999
      vertex 37.0274 144.911 0.599999
      vertex 37.9387 143.322 0.599999
    endloop
  endfacet
  facet normal 0 0 -1
    outer loop
      vertex 37.6186 141.689 0.599999
      vertex 36.0259 140.689 0.599999
      vertex 36.0617 140.843 0.599999
    endloop
  endfacet
  facet normal 0 0 -1
    outer loop
      vertex 37.6186 141.689 0.599999
      vertex 35.9837 140.488 0.599999
      vertex 36.0259 140.689 0.599999
    endloop
  endfacet
  facet normal 0 0 -1
    outer loop
      vertex 37.6186 141.689 0.599999
      vertex 35.9351 140.241 0.599999
      vertex 35.9837 140.488 0.599999
    endloop
  endfacet
  facet normal 0 0 -1
    outer loop
      vertex 37.6186 141.689 0.599999
      vertex 35.8801 139.946 0.599999
      vertex 35.9351 140.241 0.599999
    endloop
  endfacet
  facet normal 0 0 -1
    outer loop
      vertex 37.6186 141.689 0.599999
      vertex 35.8186 139.605 0.599999
      vertex 35.8801 139.946 0.599999
    endloop
  endfacet
  facet normal 0 0 -1
    outer loop
      vertex 36.5825 137.268 0.599999
      vertex 35.7508 139.216 0.599999
      vertex 35.8186 139.605 0.599999
    endloop
  endfacet
  facet normal 0 0 -1
    outer loop
      vertex 36.5825 137.268 0.599999
      vertex 35.6765 138.781 0.599999
      vertex 35.7508 139.216 0.599999
    endloop
  endfacet
  facet normal 0 0 -1
    outer loop
      vertex 34.6838 137.268 0.599999
      vertex 35.5409 139.41 0.599999
      vertex 35.6765 138.781 0.599999
    endloop
  endfacet
  facet normal 0 0 -1
    outer loop
      vertex 34.6838 137.268 0.599999
      vertex 35.6765 138.781 0.599999
      vertex 36.5825 137.268 0.599999
    endloop
  endfacet
  facet normal -0 0 -1
    outer loop
      vertex 35.5409 139.41 0.599999
      vertex 34.6838 137.268 0.599999
      vertex 35.2534 140.658 0.599999
    endloop
  endfacet
  facet normal 0 0 -1
    outer loop
      vertex 32.7091 144.911 0.599999
      vertex 35.2534 140.658 0.599999
      vertex 34.6838 137.268 0.599999
    endloop
  endfacet
  facet normal 0 0 -1
    outer loop
      vertex 35.2534 140.658 0.599999
      vertex 32.7091 144.911 0.599999
      vertex 34.3311 144.911 0.599999
    endloop
  endfacet
  facet normal 0 0 -1
    outer loop
      vertex 32.2001 137.268 0.599999
      vertex 30.5997 138.504 0.599999
      vertex 32.2001 144.911 0.599999
    endloop
  endfacet
  facet normal 0 0 -1
    outer loop
      vertex 26.4984 137.268 0.599999
      vertex 30.5997 138.504 0.599999
      vertex 32.2001 137.268 0.599999
    endloop
  endfacet
  facet normal -0 0 -1
    outer loop
      vertex 30.5997 138.504 0.599999
      vertex 26.4984 137.268 0.599999
      vertex 26.4984 138.504 0.599999
    endloop
  endfacet
  facet normal -0 0 -1
    outer loop
      vertex 32.2001 144.911 0.599999
      vertex 30.5997 138.504 0.599999
      vertex 30.5997 144.911 0.599999
    endloop
  endfacet
  facet normal -0.973034 0.230661 -6.20506e-18
    outer loop
      vertex 37.6186 141.689 0
      vertex 37.6717 141.913 0.599999
      vertex 37.6717 141.913 0
    endloop
  endfacet
  facet normal -0.973034 0.230661 -6.20506e-18
    outer loop
      vertex 37.6717 141.913 0.599999
      vertex 37.6186 141.689 0
      vertex 37.6186 141.689 0.599999
    endloop
  endfacet
  facet normal -0.976247 0.216658 -3.13399e-18
    outer loop
      vertex 37.6717 141.913 0
      vertex 37.7223 142.141 0.599999
      vertex 37.7223 142.141 0
    endloop
  endfacet
  facet normal -0.976247 0.216658 -3.13399e-18
    outer loop
      vertex 37.7223 142.141 0.599999
      vertex 37.6717 141.913 0
      vertex 37.6717 141.913 0.599999
    endloop
  endfacet
  facet normal -0.978824 0.204702 -3.38299e-18
    outer loop
      vertex 37.7223 142.141 0
      vertex 37.7704 142.371 0.599999
      vertex 37.7704 142.371 0
    endloop
  endfacet
  facet normal -0.978824 0.204702 -3.38299e-18
    outer loop
      vertex 37.7704 142.371 0.599999
      vertex 37.7223 142.141 0
      vertex 37.7223 142.141 0.599999
    endloop
  endfacet
  facet normal -0.981379 0.192082 5.69422e-18
    outer loop
      vertex 37.7704 142.371 0
      vertex 37.8162 142.605 0.599999
      vertex 37.8162 142.605 0
    endloop
  endfacet
  facet normal -0.981379 0.192082 5.69422e-18
    outer loop
      vertex 37.8162 142.605 0.599999
      vertex 37.7704 142.371 0
      vertex 37.7704 142.371 0.599999
    endloop
  endfacet
  facet normal -0.983582 0.180462 -3.99057e-18
    outer loop
      vertex 37.8162 142.605 0
      vertex 37.8595 142.841 0.599999
      vertex 37.8595 142.841 0
    endloop
  endfacet
  facet normal -0.983582 0.180462 -3.99057e-18
    outer loop
      vertex 37.8595 142.841 0.599999
      vertex 37.8162 142.605 0
      vertex 37.8162 142.605 0.599999
    endloop
  endfacet
  facet normal -0.98574 0.168277 3.80412e-18
    outer loop
      vertex 37.8595 142.841 0
      vertex 37.9003 143.08 0.599999
      vertex 37.9003 143.08 0
    endloop
  endfacet
  facet normal -0.98574 0.168277 3.80412e-18
    outer loop
      vertex 37.9003 143.08 0.599999
      vertex 37.8595 142.841 0
      vertex 37.8595 142.841 0.599999
    endloop
  endfacet
  facet normal -0.987644 0.156717 4.5064e-18
    outer loop
      vertex 37.9003 143.08 0
      vertex 37.9387 143.322 0.599999
      vertex 37.9387 143.322 0
    endloop
  endfacet
  facet normal -0.987644 0.156717 4.5064e-18
    outer loop
      vertex 37.9387 143.322 0.599999
      vertex 37.9003 143.08 0
      vertex 37.9003 143.08 0.599999
    endloop
  endfacet
  facet normal 0.983368 0.181622 -1.51937e-18
    outer loop
      vertex 37.9749 143.126 0.599999
      vertex 37.9387 143.322 0
      vertex 37.9387 143.322 0.599999
    endloop
  endfacet
  facet normal 0.983368 0.181622 -1.51937e-18
    outer loop
      vertex 37.9387 143.322 0
      vertex 37.9749 143.126 0.599999
      vertex 37.9749 143.126 0
    endloop
  endfacet
  facet normal 0.982884 0.184224 -1.85369e-18
    outer loop
      vertex 38.0092 142.943 0.599999
      vertex 37.9749 143.126 0
      vertex 37.9749 143.126 0.599999
    endloop
  endfacet
  facet normal 0.982884 0.184224 -1.85369e-18
    outer loop
      vertex 37.9749 143.126 0
      vertex 38.0092 142.943 0.599999
      vertex 38.0092 142.943 0
    endloop
  endfacet
  facet normal 0.982123 0.18824 -8.53804e-19
    outer loop
      vertex 38.0414 142.775 0.599999
      vertex 38.0092 142.943 0
      vertex 38.0092 142.943 0.599999
    endloop
  endfacet
  facet normal 0.982123 0.18824 -8.53804e-19
    outer loop
      vertex 38.0092 142.943 0
      vertex 38.0414 142.775 0.599999
      vertex 38.0414 142.775 0
    endloop
  endfacet
  facet normal 0.981543 0.191243 -3.51293e-18
    outer loop
      vertex 38.0716 142.62 0.599999
      vertex 38.0414 142.775 0
      vertex 38.0414 142.775 0.599999
    endloop
  endfacet
  facet normal 0.981543 0.191243 -3.51293e-18
    outer loop
      vertex 38.0414 142.775 0
      vertex 38.0716 142.62 0.599999
      vertex 38.0716 142.62 0
    endloop
  endfacet
  facet normal 0.98031 0.197463 1.0171e-19
    outer loop
      vertex 38.0998 142.48 0.599999
      vertex 38.0716 142.62 0
      vertex 38.0716 142.62 0.599999
    endloop
  endfacet
  facet normal 0.98031 0.197463 1.0171e-19
    outer loop
      vertex 38.0716 142.62 0
      vertex 38.0998 142.48 0.599999
      vertex 38.0998 142.48 0
    endloop
  endfacet
  facet normal 0.979223 0.202784 1.71805e-18
    outer loop
      vertex 38.1261 142.353 0.599999
      vertex 38.0998 142.48 0
      vertex 38.0998 142.48 0.599999
    endloop
  endfacet
  facet normal 0.979223 0.202784 1.71805e-18
    outer loop
      vertex 38.0998 142.48 0
      vertex 38.1261 142.353 0.599999
      vertex 38.1261 142.353 0
    endloop
  endfacet
  facet normal 0.978202 0.207654 -3.04913e-18
    outer loop
      vertex 38.1503 142.239 0.599999
      vertex 38.1261 142.353 0
      vertex 38.1261 142.353 0.599999
    endloop
  endfacet
  facet normal 0.978202 0.207654 -3.04913e-18
    outer loop
      vertex 38.1261 142.353 0
      vertex 38.1503 142.239 0.599999
      vertex 38.1503 142.239 0
    endloop
  endfacet
  facet normal 0.975282 0.220962 1.8178e-18
    outer loop
      vertex 38.1938 142.047 0.599999
      vertex 38.1503 142.239 0
      vertex 38.1503 142.239 0.599999
    endloop
  endfacet
  facet normal 0.975282 0.220962 1.8178e-18
    outer loop
      vertex 38.1503 142.239 0
      vertex 38.1938 142.047 0.599999
      vertex 38.1938 142.047 0
    endloop
  endfacet
  facet normal 0.974468 0.224528 5.81843e-18
    outer loop
      vertex 38.2779 141.682 0.599999
      vertex 38.1938 142.047 0
      vertex 38.1938 142.047 0.599999
    endloop
  endfacet
  facet normal 0.974468 0.224528 5.81843e-18
    outer loop
      vertex 38.1938 142.047 0
      vertex 38.2779 141.682 0.599999
      vertex 38.2779 141.682 0
    endloop
  endfacet
  facet normal 0.974254 0.225455 -1.93838e-17
    outer loop
      vertex 38.4024 141.144 0.599999
      vertex 38.2779 141.682 0
      vertex 38.2779 141.682 0.599999
    endloop
  endfacet
  facet normal 0.974254 0.225455 -1.93838e-17
    outer loop
      vertex 38.2779 141.682 0
      vertex 38.4024 141.144 0.599999
      vertex 38.4024 141.144 0
    endloop
  endfacet
  facet normal 0.974013 0.226492 -1.50702e-17
    outer loop
      vertex 38.5675 140.434 0.599999
      vertex 38.4024 141.144 0
      vertex 38.4024 141.144 0.599999
    endloop
  endfacet
  facet normal 0.974013 0.226492 -1.50702e-17
    outer loop
      vertex 38.4024 141.144 0
      vertex 38.5675 140.434 0.599999
      vertex 38.5675 140.434 0
    endloop
  endfacet
  facet normal 0.973947 0.226776 -2.36666e-17
    outer loop
      vertex 38.7731 139.551 0.599999
      vertex 38.5675 140.434 0
      vertex 38.5675 140.434 0.599999
    endloop
  endfacet
  facet normal 0.973947 0.226776 -2.36666e-17
    outer loop
      vertex 38.5675 140.434 0
      vertex 38.7731 139.551 0.599999
      vertex 38.7731 139.551 0
    endloop
  endfacet
  facet normal 0.973855 0.227171 -6.62451e-18
    outer loop
      vertex 39.0192 138.496 0.599999
      vertex 38.7731 139.551 0
      vertex 38.7731 139.551 0.599999
    endloop
  endfacet
  facet normal 0.973855 0.227171 -6.62451e-18
    outer loop
      vertex 38.7731 139.551 0
      vertex 39.0192 138.496 0.599999
      vertex 39.0192 138.496 0
    endloop
  endfacet
  facet normal 0.97383 0.22728 1.34474e-17
    outer loop
      vertex 39.3058 137.268 0.599999
      vertex 39.0192 138.496 0
      vertex 39.0192 138.496 0.599999
    endloop
  endfacet
  facet normal 0.97383 0.22728 1.34474e-17
    outer loop
      vertex 39.0192 138.496 0
      vertex 39.3058 137.268 0.599999
      vertex 39.3058 137.268 0
    endloop
  endfacet
  facet normal 0 1 -0
    outer loop
      vertex 41.2046 137.268 0
      vertex 39.3058 137.268 0.599999
      vertex 41.2046 137.268 0.599999
    endloop
  endfacet
  facet normal 0 1 0
    outer loop
      vertex 39.3058 137.268 0.599999
      vertex 41.2046 137.268 0
      vertex 39.3058 137.268 0
    endloop
  endfacet
  facet normal -0.968375 0.249499 8.25892e-17
    outer loop
      vertex 41.2046 137.268 0
      vertex 43.1738 144.911 0.599999
      vertex 43.1738 144.911 0
    endloop
  endfacet
  facet normal -0.968375 0.249499 8.25892e-17
    outer loop
      vertex 43.1738 144.911 0.599999
      vertex 41.2046 137.268 0
      vertex 41.2046 137.268 0.599999
    endloop
  endfacet
  facet normal 0 -1 0
    outer loop
      vertex 41.5518 144.911 0
      vertex 43.1738 144.911 0.599999
      vertex 41.5518 144.911 0.599999
    endloop
  endfacet
  facet normal 0 -1 -0
    outer loop
      vertex 43.1738 144.911 0.599999
      vertex 41.5518 144.911 0
      vertex 43.1738 144.911 0
    endloop
  endfacet
  facet normal 0.975775 -0.218778 -9.40023e-17
    outer loop
      vertex 40.4451 139.975 0.599999
      vertex 41.5518 144.911 0
      vertex 41.5518 144.911 0.599999
    endloop
  endfacet
  facet normal 0.975775 -0.218778 -9.40023e-17
    outer loop
      vertex 41.5518 144.911 0
      vertex 40.4451 139.975 0.599999
      vertex 40.4451 139.975 0
    endloop
  endfacet
  facet normal 0.978841 -0.204622 -2.21808e-17
    outer loop
      vertex 40.1955 138.781 0.599999
      vertex 40.4451 139.975 0
      vertex 40.4451 139.975 0.599999
    endloop
  endfacet
  facet normal 0.978841 -0.204622 -2.21808e-17
    outer loop
      vertex 40.4451 139.975 0
      vertex 40.1955 138.781 0.599999
      vertex 40.1955 138.781 0
    endloop
  endfacet
  facet normal -0.980227 -0.197878 -4.9018e-18
    outer loop
      vertex 40.1955 138.781 0
      vertex 40.1523 138.995 0.599999
      vertex 40.1523 138.995 0
    endloop
  endfacet
  facet normal -0.980227 -0.197878 -4.9018e-18
    outer loop
      vertex 40.1523 138.995 0.599999
      vertex 40.1955 138.781 0
      vertex 40.1955 138.781 0.599999
    endloop
  endfacet
  facet normal -0.97995 -0.199241 -5.66344e-18
    outer loop
      vertex 40.1523 138.995 0
      vertex 40.1094 139.206 0.599999
      vertex 40.1094 139.206 0
    endloop
  endfacet
  facet normal -0.97995 -0.199241 -5.66344e-18
    outer loop
      vertex 40.1094 139.206 0.599999
      vertex 40.1523 138.995 0
      vertex 40.1523 138.995 0.599999
    endloop
  endfacet
  facet normal -0.979853 -0.199721 -1.88874e-18
    outer loop
      vertex 40.1094 139.206 0
      vertex 40.0668 139.415 0.599999
      vertex 40.0668 139.415 0
    endloop
  endfacet
  facet normal -0.979853 -0.199721 -1.88874e-18
    outer loop
      vertex 40.0668 139.415 0.599999
      vertex 40.1094 139.206 0
      vertex 40.1094 139.206 0.599999
    endloop
  endfacet
  facet normal -0.979655 -0.200687 -1.29408e-18
    outer loop
      vertex 40.0668 139.415 0
      vertex 40.0246 139.621 0.599999
      vertex 40.0246 139.621 0
    endloop
  endfacet
  facet normal -0.979655 -0.200687 -1.29408e-18
    outer loop
      vertex 40.0246 139.621 0.599999
      vertex 40.0668 139.415 0
      vertex 40.0668 139.415 0.599999
    endloop
  endfacet
  facet normal -0.979356 -0.202143 -4.72737e-18
    outer loop
      vertex 40.0246 139.621 0
      vertex 39.9827 139.824 0.599999
      vertex 39.9827 139.824 0
    endloop
  endfacet
  facet normal -0.979356 -0.202143 -4.72737e-18
    outer loop
      vertex 39.9827 139.824 0.599999
      vertex 40.0246 139.621 0
      vertex 40.0246 139.621 0.599999
    endloop
  endfacet
  facet normal -0.979143 -0.203172 -3.19327e-18
    outer loop
      vertex 39.9827 139.824 0
      vertex 39.9412 140.024 0.599999
      vertex 39.9412 140.024 0
    endloop
  endfacet
  facet normal -0.979143 -0.203172 -3.19327e-18
    outer loop
      vertex 39.9412 140.024 0.599999
      vertex 39.9827 139.824 0
      vertex 39.9827 139.824 0.599999
    endloop
  endfacet
  facet normal -0.978723 -0.205184 -5.16072e-18
    outer loop
      vertex 39.9412 140.024 0
      vertex 39.8999 140.221 0.599999
      vertex 39.8999 140.221 0
    endloop
  endfacet
  facet normal -0.978723 -0.205184 -5.16072e-18
    outer loop
      vertex 39.8999 140.221 0.599999
      vertex 39.9412 140.024 0
      vertex 39.9412 140.024 0.599999
    endloop
  endfacet
  facet normal -0.977246 -0.212107 -2.59775e-18
    outer loop
      vertex 39.8999 140.221 0
      vertex 39.8426 140.485 0.599999
      vertex 39.8426 140.485 0
    endloop
  endfacet
  facet normal -0.977246 -0.212107 -2.59775e-18
    outer loop
      vertex 39.8426 140.485 0.599999
      vertex 39.8999 140.221 0
      vertex 39.8999 140.221 0.599999
    endloop
  endfacet
  facet normal -0.975649 -0.219338 5.8266e-18
    outer loop
      vertex 39.8426 140.485 0
      vertex 39.7529 140.884 0.599999
      vertex 39.7529 140.884 0
    endloop
  endfacet
  facet normal -0.975649 -0.219338 5.8266e-18
    outer loop
      vertex 39.7529 140.884 0.599999
      vertex 39.8426 140.485 0
      vertex 39.8426 140.485 0.599999
    endloop
  endfacet
  facet normal -0.974892 -0.222676 1.88093e-17
    outer loop
      vertex 39.7529 140.884 0
      vertex 39.6307 141.419 0.599999
      vertex 39.6307 141.419 0
    endloop
  endfacet
  facet normal -0.974892 -0.222676 1.88093e-17
    outer loop
      vertex 39.6307 141.419 0.599999
      vertex 39.7529 140.884 0
      vertex 39.7529 140.884 0.599999
    endloop
  endfacet
  facet normal -0.974396 -0.224838 -2.30353e-19
    outer loop
      vertex 39.6307 141.419 0
      vertex 39.4761 142.089 0.599999
      vertex 39.4761 142.089 0
    endloop
  endfacet
  facet normal -0.974396 -0.224838 -2.30353e-19
    outer loop
      vertex 39.4761 142.089 0.599999
      vertex 39.6307 141.419 0
      vertex 39.6307 141.419 0.599999
    endloop
  endfacet
  facet normal -0.974037 -0.226388 2.56527e-17
    outer loop
      vertex 39.4761 142.089 0
      vertex 39.289 142.894 0.599999
      vertex 39.289 142.894 0
    endloop
  endfacet
  facet normal -0.974037 -0.226388 2.56527e-17
    outer loop
      vertex 39.289 142.894 0.599999
      vertex 39.4761 142.089 0
      vertex 39.4761 142.089 0.599999
    endloop
  endfacet
  facet normal -0.973856 -0.227164 -1.43425e-17
    outer loop
      vertex 39.289 142.894 0
      vertex 39.0695 143.835 0.599999
      vertex 39.0695 143.835 0
    endloop
  endfacet
  facet normal -0.973856 -0.227164 -1.43425e-17
    outer loop
      vertex 39.0695 143.835 0.599999
      vertex 39.289 142.894 0
      vertex 39.289 142.894 0.599999
    endloop
  endfacet
  facet normal -0.973674 -0.227945 1.88948e-17
    outer loop
      vertex 39.0695 143.835 0
      vertex 38.8176 144.911 0.599999
      vertex 38.8176 144.911 0
    endloop
  endfacet
  facet normal -0.973674 -0.227945 1.88948e-17
    outer loop
      vertex 38.8176 144.911 0.599999
      vertex 39.0695 143.835 0
      vertex 39.0695 143.835 0.599999
    endloop
  endfacet
  facet normal 0 -1 0
    outer loop
      vertex 37.0274 144.911 0
      vertex 38.8176 144.911 0.599999
      vertex 37.0274 144.911 0.599999
    endloop
  endfacet
  facet normal 0 -1 -0
    outer loop
      vertex 38.8176 144.911 0.599999
      vertex 37.0274 144.911 0
      vertex 38.8176 144.911 0
    endloop
  endfacet
  facet normal 0.972961 -0.230971 5.75747e-17
    outer loop
      vertex 36.0617 140.843 0.599999
      vertex 37.0274 144.911 0
      vertex 37.0274 144.911 0.599999
    endloop
  endfacet
  facet normal 0.972961 -0.230971 5.75747e-17
    outer loop
      vertex 37.0274 144.911 0
      vertex 36.0617 140.843 0.599999
      vertex 36.0617 140.843 0
    endloop
  endfacet
  facet normal 0.974027 -0.22643 -3.91407e-18
    outer loop
      vertex 36.0259 140.689 0.599999
      vertex 36.0617 140.843 0
      vertex 36.0617 140.843 0.599999
    endloop
  endfacet
  facet normal 0.974027 -0.22643 -3.91407e-18
    outer loop
      vertex 36.0617 140.843 0
      vertex 36.0259 140.689 0.599999
      vertex 36.0259 140.689 0
    endloop
  endfacet
  facet normal 0.978663 -0.205471 -4.02487e-18
    outer loop
      vertex 35.9837 140.488 0.599999
      vertex 36.0259 140.689 0
      vertex 36.0259 140.689 0.599999
    endloop
  endfacet
  facet normal 0.978663 -0.205471 -4.02487e-18
    outer loop
      vertex 36.0259 140.689 0
      vertex 35.9837 140.488 0.599999
      vertex 35.9837 140.488 0
    endloop
  endfacet
  facet normal 0.981187 -0.193059 -2.16206e-18
    outer loop
      vertex 35.9351 140.241 0.599999
      vertex 35.9837 140.488 0
      vertex 35.9837 140.488 0.599999
    endloop
  endfacet
  facet normal 0.981187 -0.193059 -2.16206e-18
    outer loop
      vertex 35.9837 140.488 0
      vertex 35.9351 140.241 0.599999
      vertex 35.9351 140.241 0
    endloop
  endfacet
  facet normal 0.98306 -0.183282 3.73055e-18
    outer loop
      vertex 35.8801 139.946 0.599999
      vertex 35.9351 140.241 0
      vertex 35.9351 140.241 0.599999
    endloop
  endfacet
  facet normal 0.98306 -0.183282 3.73055e-18
    outer loop
      vertex 35.9351 140.241 0
      vertex 35.8801 139.946 0.599999
      vertex 35.8801 139.946 0
    endloop
  endfacet
  facet normal 0.984123 -0.177488 -6.12944e-18
    outer loop
      vertex 35.8186 139.605 0.599999
      vertex 35.8801 139.946 0
      vertex 35.8801 139.946 0.599999
    endloop
  endfacet
  facet normal 0.984123 -0.177488 -6.12944e-18
    outer loop
      vertex 35.8801 139.946 0
      vertex 35.8186 139.605 0.599999
      vertex 35.8186 139.605 0
    endloop
  endfacet
  facet normal 0.985148 -0.171705 -4.19706e-18
    outer loop
      vertex 35.7508 139.216 0.599999
      vertex 35.8186 139.605 0
      vertex 35.8186 139.605 0.599999
    endloop
  endfacet
  facet normal 0.985148 -0.171705 -4.19706e-18
    outer loop
      vertex 35.8186 139.605 0
      vertex 35.7508 139.216 0.599999
      vertex 35.7508 139.216 0
    endloop
  endfacet
  facet normal 0.985725 -0.168366 -5.5918e-18
    outer loop
      vertex 35.6765 138.781 0.599999
      vertex 35.7508 139.216 0
      vertex 35.7508 139.216 0.599999
    endloop
  endfacet
  facet normal 0.985725 -0.168366 -5.5918e-18
    outer loop
      vertex 35.7508 139.216 0
      vertex 35.6765 138.781 0.599999
      vertex 35.6765 138.781 0
    endloop
  endfacet
  facet normal -0.977542 -0.210739 -1.70794e-18
    outer loop
      vertex 35.6765 138.781 0
      vertex 35.5409 139.41 0.599999
      vertex 35.5409 139.41 0
    endloop
  endfacet
  facet normal -0.977542 -0.210739 -1.70794e-18
    outer loop
      vertex 35.5409 139.41 0.599999
      vertex 35.6765 138.781 0
      vertex 35.6765 138.781 0.599999
    endloop
  endfacet
  facet normal -0.974477 -0.224489 -2.51978e-17
    outer loop
      vertex 35.5409 139.41 0
      vertex 35.2534 140.658 0.599999
      vertex 35.2534 140.658 0
    endloop
  endfacet
  facet normal -0.974477 -0.224489 -2.51978e-17
    outer loop
      vertex 35.2534 140.658 0.599999
      vertex 35.5409 139.41 0
      vertex 35.5409 139.41 0.599999
    endloop
  endfacet
  facet normal -0.977284 -0.211933 -7.8526e-17
    outer loop
      vertex 35.2534 140.658 0
      vertex 34.3311 144.911 0.599999
      vertex 34.3311 144.911 0
    endloop
  endfacet
  facet normal -0.977284 -0.211933 -7.8526e-17
    outer loop
      vertex 34.3311 144.911 0.599999
      vertex 35.2534 140.658 0
      vertex 35.2534 140.658 0.599999
    endloop
  endfacet
  facet normal 0 -1 0
    outer loop
      vertex 32.7091 144.911 0
      vertex 34.3311 144.911 0.599999
      vertex 32.7091 144.911 0.599999
    endloop
  endfacet
  facet normal 0 -1 -0
    outer loop
      vertex 34.3311 144.911 0.599999
      vertex 32.7091 144.911 0
      vertex 34.3311 144.911 0
    endloop
  endfacet
  facet normal 0.968206 0.250153 3.36473e-17
    outer loop
      vertex 34.6838 137.268 0.599999
      vertex 32.7091 144.911 0
      vertex 32.7091 144.911 0.599999
    endloop
  endfacet
  facet normal 0.968206 0.250153 3.36473e-17
    outer loop
      vertex 32.7091 144.911 0
      vertex 34.6838 137.268 0.599999
      vertex 34.6838 137.268 0
    endloop
  endfacet
  facet normal 0 1 -0
    outer loop
      vertex 36.5825 137.268 0
      vertex 34.6838 137.268 0.599999
      vertex 36.5825 137.268 0.599999
    endloop
  endfacet
  facet normal 0 1 0
    outer loop
      vertex 34.6838 137.268 0.599999
      vertex 36.5825 137.268 0
      vertex 34.6838 137.268 0
    endloop
  endfacet
  facet normal -0.97362 0.228176 1.37502e-16
    outer loop
      vertex 36.5825 137.268 0
      vertex 37.6186 141.689 0.599999
      vertex 37.6186 141.689 0
    endloop
  endfacet
  facet normal -0.97362 0.228176 1.37502e-16
    outer loop
      vertex 37.6186 141.689 0.599999
      vertex 36.5825 137.268 0
      vertex 36.5825 137.268 0.599999
    endloop
  endfacet
  facet normal 0 -1 0
    outer loop
      vertex 30.5997 144.911 0
      vertex 32.2001 144.911 0.599999
      vertex 30.5997 144.911 0.599999
    endloop
  endfacet
  facet normal 0 -1 -0
    outer loop
      vertex 32.2001 144.911 0.599999
      vertex 30.5997 144.911 0
      vertex 32.2001 144.911 0
    endloop
  endfacet
  facet normal 1 -0 0
    outer loop
      vertex 30.5997 138.504 0.599999
      vertex 30.5997 144.911 0
      vertex 30.5997 144.911 0.599999
    endloop
  endfacet
  facet normal 1 0 0
    outer loop
      vertex 30.5997 144.911 0
      vertex 30.5997 138.504 0.599999
      vertex 30.5997 138.504 0
    endloop
  endfacet
  facet normal 0 -1 0
    outer loop
      vertex 26.4984 138.504 0
      vertex 30.5997 138.504 0.599999
      vertex 26.4984 138.504 0.599999
    endloop
  endfacet
  facet normal 0 -1 -0
    outer loop
      vertex 30.5997 138.504 0.599999
      vertex 26.4984 138.504 0
      vertex 30.5997 138.504 0
    endloop
  endfacet
  facet normal 1 -0 0
    outer loop
      vertex 26.4984 137.268 0.599999
      vertex 26.4984 138.504 0
      vertex 26.4984 138.504 0.599999
    endloop
  endfacet
  facet normal 1 0 0
    outer loop
      vertex 26.4984 138.504 0
      vertex 26.4984 137.268 0.599999
      vertex 26.4984 137.268 0
    endloop
  endfacet
  facet normal 0 1 -0
    outer loop
      vertex 32.2001 137.268 0
      vertex 26.4984 137.268 0.599999
      vertex 32.2001 137.268 0.599999
    endloop
  endfacet
  facet normal 0 1 0
    outer loop
      vertex 26.4984 137.268 0.599999
      vertex 32.2001 137.268 0
      vertex 26.4984 137.268 0
    endloop
  endfacet
  facet normal -1 0 0
    outer loop
      vertex 32.2001 137.268 0
      vertex 32.2001 144.911 0.599999
      vertex 32.2001 144.911 0
    endloop
  endfacet
  facet normal -1 -0 0
    outer loop
      vertex 32.2001 144.911 0.599999
      vertex 32.2001 137.268 0
      vertex 32.2001 137.268 0.599999
    endloop
  endfacet
  facet normal 0 0 -1
    outer loop
      vertex 67.65 110.4 0
      vertex 72.775 113.5 0
      vertex 75.9 110.4 0
    endloop
  endfacet
  facet normal -0 0 -1
    outer loop
      vertex 72.775 113.5 0
      vertex 67.65 110.4 0
      vertex 67.65 113.5 0
    endloop
  endfacet
  facet normal 0 0 -1
    outer loop
      vertex 89.9 110 0
      vertex 81.9 117 0
      vertex 89.9 110.4 0
    endloop
  endfacet
  facet normal 0 0 -1
    outer loop
      vertex 75.9 110 0
      vertex 81.9 117 0
      vertex 89.9 110 0
    endloop
  endfacet
  facet normal 0 0 -1
    outer loop
      vertex 75.9 110.4 0
      vertex 81.9 117 0
      vertex 75.9 110 0
    endloop
  endfacet
  facet normal 0 0 -1
    outer loop
      vertex 72.775 113.5 0
      vertex 81.9 117 0
      vertex 75.9 110.4 0
    endloop
  endfacet
  facet normal -0 0 -1
    outer loop
      vertex 81.9 117 0
      vertex 72.775 113.5 0
      vertex 72.775 117 0
    endloop
  endfacet
  facet normal 0 0 -1
    outer loop
      vertex 138.8 110.4 0
      vertex 129.8 112.511 0
      vertex 138.8 113.5 0
    endloop
  endfacet
  facet normal 0 0 -1
    outer loop
      vertex 129.8 112.511 0
      vertex 127.175 113.5 0
      vertex 129.8 113.5 0
    endloop
  endfacet
  facet normal 0 0 -1
    outer loop
      vertex 127.175 113.5 0
      vertex 123.9 117 0
      vertex 127.175 117 0
    endloop
  endfacet
  facet normal 0 0 -1
    outer loop
      vertex 123.9 117 0
      vertex 111.9 117 0
      vertex 123.9 122 0
    endloop
  endfacet
  facet normal 0 0 -1
    outer loop
      vertex 127.175 113.5 0
      vertex 111.9 117 0
      vertex 123.9 117 0
    endloop
  endfacet
  facet normal 0 0 -1
    outer loop
      vertex 89.9 110.4 0
      vertex 127.175 113.5 0
      vertex 129.8 112.511 0
    endloop
  endfacet
  facet normal -0 0 -1
    outer loop
      vertex 127.175 113.5 0
      vertex 89.9 110.4 0
      vertex 111.9 117 0
    endloop
  endfacet
  facet normal 0 0 -1
    outer loop
      vertex 89.9 110.4 0
      vertex 129.8 112.511 0
      vertex 138.8 110.4 0
    endloop
  endfacet
  facet normal -0 0 -1
    outer loop
      vertex 111.9 117 0
      vertex 89.9 110.4 0
      vertex 93.9 117 0
    endloop
  endfacet
  facet normal 0 0 -1
    outer loop
      vertex 81.9 117 0
      vertex 93.9 117 0
      vertex 89.9 110.4 0
    endloop
  endfacet
  facet normal 0 0 -1
    outer loop
      vertex 93.9 117 0
      vertex 81.9 117 0
      vertex 93.9 122 0
    endloop
  endfacet
  facet normal -0 0 -1
    outer loop
      vertex 93.9 122 0
      vertex 81.9 117 0
      vertex 81.9 122 0
    endloop
  endfacet
  facet normal -0 0 -1
    outer loop
      vertex 123.9 122 0
      vertex 111.9 117 0
      vertex 111.9 122 0
    endloop
  endfacet
  facet normal 0 0 1
    outer loop
      vertex 72.775 113.5 10
      vertex 81.9 117 10
      vertex 72.775 117 10
    endloop
  endfacet
  facet normal 0 0 1
    outer loop
      vertex 81.9 117 10
      vertex 72.775 113.5 10
      vertex 75.9 110.4 10
    endloop
  endfacet
  facet normal 0 0 1
    outer loop
      vertex 67.65 110.4 10
      vertex 72.775 113.5 10
      vertex 67.65 113.5 10
    endloop
  endfacet
  facet normal 0 0 1
    outer loop
      vertex 72.775 113.5 10
      vertex 67.65 110.4 10
      vertex 75.9 110.4 10
    endloop
  endfacet
  facet normal 0 0 1
    outer loop
      vertex 90.2455 115.45 10
      vertex 93.9 117 10
      vertex 93.9 122 10
    endloop
  endfacet
  facet normal 0 0 1
    outer loop
      vertex 93.9 117 10
      vertex 93.0306 115.456 10
      vertex 93.7521 115.456 10
    endloop
  endfacet
  facet normal 0 -0 1
    outer loop
      vertex 90.8739 115.305 10
      vertex 93.9 117 10
      vertex 90.7359 115.36 10
    endloop
  endfacet
  facet normal -0 0 1
    outer loop
      vertex 91.4758 114.469 10
      vertex 92.0731 114.235 10
      vertex 92.0731 114.835 10
    endloop
  endfacet
  facet normal 0 0 1
    outer loop
      vertex 92.0433 112.201 10
      vertex 91.6732 111.634 10
      vertex 92.0433 111.634 10
    endloop
  endfacet
  facet normal 0 0 1
    outer loop
      vertex 91.4089 113.893 10
      vertex 92.0731 114.235 10
      vertex 91.4415 113.992 10
    endloop
  endfacet
  facet normal 0 0 1
    outer loop
      vertex 92.0731 114.235 10
      vertex 91.4833 114.316 10
      vertex 91.4787 114.204 10
    endloop
  endfacet
  facet normal 0 -0 1
    outer loop
      vertex 91.1117 115.161 10
      vertex 93.0306 115.456 10
      vertex 90.9992 115.239 10
    endloop
  endfacet
  facet normal 0 0 1
    outer loop
      vertex 92.0731 114.235 10
      vertex 91.4758 114.469 10
      vertex 91.4833 114.316 10
    endloop
  endfacet
  facet normal 0 0 1
    outer loop
      vertex 92.0731 114.835 10
      vertex 91.453 114.61 10
      vertex 91.4758 114.469 10
    endloop
  endfacet
  facet normal 0 0 1
    outer loop
      vertex 92.0731 114.835 10
      vertex 91.4151 114.741 10
      vertex 91.453 114.61 10
    endloop
  endfacet
  facet normal 0 0 1
    outer loop
      vertex 92.0731 114.835 10
      vertex 91.362 114.862 10
      vertex 91.4151 114.741 10
    endloop
  endfacet
  facet normal 0 0 1
    outer loop
      vertex 92.0731 114.835 10
      vertex 91.2937 114.972 10
      vertex 91.362 114.862 10
    endloop
  endfacet
  facet normal 0 0 1
    outer loop
      vertex 92.0731 114.835 10
      vertex 91.2103 115.072 10
      vertex 91.2937 114.972 10
    endloop
  endfacet
  facet normal 0 0 1
    outer loop
      vertex 92.0731 114.835 10
      vertex 91.1117 115.161 10
      vertex 91.2103 115.072 10
    endloop
  endfacet
  facet normal 0 0 1
    outer loop
      vertex 93.0306 115.456 10
      vertex 91.1117 115.161 10
      vertex 92.0731 114.835 10
    endloop
  endfacet
  facet normal 0 0 1
    outer loop
      vertex 93.0306 115.456 10
      vertex 90.8739 115.305 10
      vertex 90.9992 115.239 10
    endloop
  endfacet
  facet normal 0 0 1
    outer loop
      vertex 93.9 117 10
      vertex 90.8739 115.305 10
      vertex 93.0306 115.456 10
    endloop
  endfacet
  facet normal 0 0 1
    outer loop
      vertex 93.9 117 10
      vertex 90.5852 115.402 10
      vertex 90.7359 115.36 10
    endloop
  endfacet
  facet normal 0 0 1
    outer loop
      vertex 93.9 117 10
      vertex 90.4217 115.432 10
      vertex 90.5852 115.402 10
    endloop
  endfacet
  facet normal 0 0 1
    outer loop
      vertex 93.9 117 10
      vertex 90.2455 115.45 10
      vertex 90.4217 115.432 10
    endloop
  endfacet
  facet normal 0 0 1
    outer loop
      vertex 93.9 122 10
      vertex 90.0565 115.456 10
      vertex 90.2455 115.45 10
    endloop
  endfacet
  facet normal 0 0 1
    outer loop
      vertex 93.9 122 10
      vertex 88.1469 115.456 10
      vertex 90.0565 115.456 10
    endloop
  endfacet
  facet normal -0 0 1
    outer loop
      vertex 81.9 117 10
      vertex 88.1469 115.456 10
      vertex 81.9 122 10
    endloop
  endfacet
  facet normal -0 0 1
    outer loop
      vertex 81.9 122 10
      vertex 88.1469 115.456 10
      vertex 93.9 122 10
    endloop
  endfacet
  facet normal 0 0 1
    outer loop
      vertex 123.9 122 10
      vertex 111.9 122 10
      vertex 123.9 117 10
    endloop
  endfacet
  facet normal 0 0 1
    outer loop
      vertex 127.175 117 10
      vertex 123.9 117 10
      vertex 127.175 113.5 10
    endloop
  endfacet
  facet normal 0 0 1
    outer loop
      vertex 129.8 113.5 10
      vertex 127.175 113.5 10
      vertex 129.8 112.511 10
    endloop
  endfacet
  facet normal -0 0 1
    outer loop
      vertex 129.8 112.511 10
      vertex 138.8 110.4 10
      vertex 138.8 113.5 10
    endloop
  endfacet
  facet normal 0 0 1
    outer loop
      vertex 111.9 117 10
      vertex 123.9 117 10
      vertex 111.9 122 10
    endloop
  endfacet
  facet normal 0 0 1
    outer loop
      vertex 123.9 117 10
      vertex 111.9 117 10
      vertex 127.175 113.5 10
    endloop
  endfacet
  facet normal 0 0 1
    outer loop
      vertex 97.9331 111.634 10
      vertex 127.175 113.5 10
      vertex 111.9 117 10
    endloop
  endfacet
  facet normal 0 0 1
    outer loop
      vertex 97.9331 111.634 10
      vertex 111.9 117 10
      vertex 97.9331 112.252 10
    endloop
  endfacet
  facet normal 0 0 1
    outer loop
      vertex 127.175 113.5 10
      vertex 97.9331 111.634 10
      vertex 129.8 112.511 10
    endloop
  endfacet
  facet normal 0 0 1
    outer loop
      vertex 129.8 112.511 10
      vertex 97.9331 111.634 10
      vertex 138.8 110.4 10
    endloop
  endfacet
  facet normal 0 0 1
    outer loop
      vertex 89.9 110.4 10
      vertex 97.9331 111.634 10
      vertex 95.0822 111.634 10
    endloop
  endfacet
  facet normal 0 0 1
    outer loop
      vertex 94.6283 111.634 10
      vertex 95.0822 111.634 10
      vertex 94.6283 112.201 10
    endloop
  endfacet
  facet normal 0 0 1
    outer loop
      vertex 89.9 110.4 10
      vertex 95.0822 111.634 10
      vertex 94.6283 111.634 10
    endloop
  endfacet
  facet normal 0 0 1
    outer loop
      vertex 89.9 110.4 10
      vertex 94.6283 111.634 10
      vertex 92.0433 111.634 10
    endloop
  endfacet
  facet normal 0 0 1
    outer loop
      vertex 89.9 110.4 10
      vertex 92.0433 111.634 10
      vertex 91.6732 111.634 10
    endloop
  endfacet
  facet normal 0 0 1
    outer loop
      vertex 89.9 110.4 10
      vertex 91.6732 111.634 10
      vertex 90.7727 111.634 10
    endloop
  endfacet
  facet normal 0 0 1
    outer loop
      vertex 97.9331 111.634 10
      vertex 89.9 110.4 10
      vertex 138.8 110.4 10
    endloop
  endfacet
  facet normal 0 0 1
    outer loop
      vertex 88.9471 111.634 10
      vertex 90.7727 111.634 10
      vertex 89.8857 113.085 10
    endloop
  endfacet
  facet normal 0 0 1
    outer loop
      vertex 90.7727 111.634 10
      vertex 88.9471 111.634 10
      vertex 89.9 110.4 10
    endloop
  endfacet
  facet normal 0 0 1
    outer loop
      vertex 88.9471 111.634 10
      vertex 89.8857 113.085 10
      vertex 88.9471 113.085 10
    endloop
  endfacet
  facet normal -0 0 1
    outer loop
      vertex 88.1469 111.634 10
      vertex 89.9 110.4 10
      vertex 88.9471 111.634 10
    endloop
  endfacet
  facet normal 0 0 1
    outer loop
      vertex 89.9 110.4 10
      vertex 88.1469 111.634 10
      vertex 89.9 110 10
    endloop
  endfacet
  facet normal 0 0 1
    outer loop
      vertex 88.1469 115.456 10
      vertex 81.9 117 10
      vertex 88.1469 111.634 10
    endloop
  endfacet
  facet normal 0 0 1
    outer loop
      vertex 75.9 110.4 10
      vertex 88.1469 111.634 10
      vertex 81.9 117 10
    endloop
  endfacet
  facet normal 0 0 1
    outer loop
      vertex 88.1469 111.634 10
      vertex 75.9 110.4 10
      vertex 75.9 110 10
    endloop
  endfacet
  facet normal 0 0 1
    outer loop
      vertex 88.1469 111.634 10
      vertex 75.9 110 10
      vertex 89.9 110 10
    endloop
  endfacet
  facet normal 0 0 1
    outer loop
      vertex 111.9 117 10
      vertex 95.8824 115.456 10
      vertex 97.9331 112.252 10
    endloop
  endfacet
  facet normal -0 0 1
    outer loop
      vertex 93.9 117 10
      vertex 95.8824 115.456 10
      vertex 111.9 117 10
    endloop
  endfacet
  facet normal 0 0 1
    outer loop
      vertex 95.0822 115.456 10
      vertex 94.6283 112.201 10
      vertex 95.0822 111.634 10
    endloop
  endfacet
  facet normal 0 0 1
    outer loop
      vertex 95.8824 115.456 10
      vertex 93.9 117 10
      vertex 95.0822 115.456 10
    endloop
  endfacet
  facet normal 0 0 1
    outer loop
      vertex 93.7521 115.456 10
      vertex 95.0822 115.456 10
      vertex 93.9 117 10
    endloop
  endfacet
  facet normal 0 0 1
    outer loop
      vertex 95.0822 115.456 10
      vertex 93.7521 115.456 10
      vertex 94.6283 112.201 10
    endloop
  endfacet
  facet normal 0 0 1
    outer loop
      vertex 94.6283 112.201 10
      vertex 93.7521 115.456 10
      vertex 93.7521 112.201 10
    endloop
  endfacet
  facet normal 0 0 1
    outer loop
      vertex 97.9331 112.252 10
      vertex 95.8824 115.456 10
      vertex 95.8824 112.252 10
    endloop
  endfacet
  facet normal -0 0 1
    outer loop
      vertex 92.0731 114.235 10
      vertex 92.9899 112.201 10
      vertex 92.9899 114.807 10
    endloop
  endfacet
  facet normal 0 0 1
    outer loop
      vertex 92.9899 112.201 10
      vertex 92.0731 114.235 10
      vertex 92.0433 112.201 10
    endloop
  endfacet
  facet normal 0 0 1
    outer loop
      vertex 92.0731 114.235 10
      vertex 91.4787 114.204 10
      vertex 91.4647 114.096 10
    endloop
  endfacet
  facet normal 0 0 1
    outer loop
      vertex 92.0731 114.235 10
      vertex 91.4647 114.096 10
      vertex 91.4415 113.992 10
    endloop
  endfacet
  facet normal 0 0 1
    outer loop
      vertex 91.3671 113.799 10
      vertex 92.0731 114.235 10
      vertex 91.4089 113.893 10
    endloop
  endfacet
  facet normal 0 0 1
    outer loop
      vertex 91.3159 113.709 10
      vertex 92.0731 114.235 10
      vertex 91.3671 113.799 10
    endloop
  endfacet
  facet normal 0 0 1
    outer loop
      vertex 92.0731 114.235 10
      vertex 91.3159 113.709 10
      vertex 92.0433 112.201 10
    endloop
  endfacet
  facet normal -0 0 1
    outer loop
      vertex 91.2555 113.623 10
      vertex 92.0433 112.201 10
      vertex 91.3159 113.709 10
    endloop
  endfacet
  facet normal -0 0 1
    outer loop
      vertex 91.1871 113.544 10
      vertex 92.0433 112.201 10
      vertex 91.2555 113.623 10
    endloop
  endfacet
  facet normal -0 0 1
    outer loop
      vertex 91.1122 113.473 10
      vertex 92.0433 112.201 10
      vertex 91.1871 113.544 10
    endloop
  endfacet
  facet normal -0 0 1
    outer loop
      vertex 91.0308 113.41 10
      vertex 92.0433 112.201 10
      vertex 91.1122 113.473 10
    endloop
  endfacet
  facet normal -0 0 1
    outer loop
      vertex 90.9428 113.355 10
      vertex 92.0433 112.201 10
      vertex 91.0308 113.41 10
    endloop
  endfacet
  facet normal -0 0 1
    outer loop
      vertex 90.8483 113.309 10
      vertex 92.0433 112.201 10
      vertex 90.9428 113.355 10
    endloop
  endfacet
  facet normal -0 0 1
    outer loop
      vertex 90.7473 113.27 10
      vertex 92.0433 112.201 10
      vertex 90.8483 113.309 10
    endloop
  endfacet
  facet normal 0 0 1
    outer loop
      vertex 92.0433 112.201 10
      vertex 90.7473 113.27 10
      vertex 91.6732 111.634 10
    endloop
  endfacet
  facet normal 0 0 1
    outer loop
      vertex 91.6732 111.634 10
      vertex 90.7473 113.27 10
      vertex 90.6397 113.24 10
    endloop
  endfacet
  facet normal 0 0 1
    outer loop
      vertex 90.2526 113.734 10
      vertex 90.6742 114.208 10
      vertex 90.6777 114.284 10
    endloop
  endfacet
  facet normal 0 0 1
    outer loop
      vertex 90.3179 114.79 10
      vertex 90.6777 114.284 10
      vertex 90.6633 114.43 10
    endloop
  endfacet
  facet normal 0 0 1
    outer loop
      vertex 90.2526 113.734 10
      vertex 90.6777 114.284 10
      vertex 90.3179 114.79 10
    endloop
  endfacet
  facet normal 0 0 1
    outer loop
      vertex 90.6742 114.208 10
      vertex 90.3254 113.756 10
      vertex 90.6635 114.137 10
    endloop
  endfacet
  facet normal 0 0 1
    outer loop
      vertex 90.4474 114.733 10
      vertex 90.6633 114.43 10
      vertex 90.6201 114.554 10
    endloop
  endfacet
  facet normal 0 -0 1
    outer loop
      vertex 90.3916 113.784 10
      vertex 90.6635 114.137 10
      vertex 90.3254 113.756 10
    endloop
  endfacet
  facet normal 0 0 1
    outer loop
      vertex 90.6635 114.137 10
      vertex 90.3916 113.784 10
      vertex 90.6458 114.071 10
    endloop
  endfacet
  facet normal 0 0 1
    outer loop
      vertex 90.4474 114.733 10
      vertex 90.6201 114.554 10
      vertex 90.5482 114.655 10
    endloop
  endfacet
  facet normal 0 0 1
    outer loop
      vertex 90.6633 114.43 10
      vertex 90.4474 114.733 10
      vertex 90.3179 114.79 10
    endloop
  endfacet
  facet normal 0 0 1
    outer loop
      vertex 90.621 114.011 10
      vertex 90.3916 113.784 10
      vertex 90.5891 113.955 10
    endloop
  endfacet
  facet normal 0 0 1
    outer loop
      vertex 90.5891 113.955 10
      vertex 90.3916 113.784 10
      vertex 90.5502 113.904 10
    endloop
  endfacet
  facet normal 0 0 1
    outer loop
      vertex 90.5502 113.904 10
      vertex 90.4512 113.818 10
      vertex 90.5041 113.858 10
    endloop
  endfacet
  facet normal 0 0 1
    outer loop
      vertex 90.5502 113.904 10
      vertex 90.3916 113.784 10
      vertex 90.4512 113.818 10
    endloop
  endfacet
  facet normal 0 0 1
    outer loop
      vertex 90.6458 114.071 10
      vertex 90.3916 113.784 10
      vertex 90.621 114.011 10
    endloop
  endfacet
  facet normal 0 0 1
    outer loop
      vertex 90.6742 114.208 10
      vertex 90.2526 113.734 10
      vertex 90.3254 113.756 10
    endloop
  endfacet
  facet normal 0 0 1
    outer loop
      vertex 90.1596 114.823 10
      vertex 90.2526 113.734 10
      vertex 90.3179 114.79 10
    endloop
  endfacet
  facet normal 0 0 1
    outer loop
      vertex 90.2526 113.734 10
      vertex 90.1596 114.823 10
      vertex 90.1731 113.719 10
    endloop
  endfacet
  facet normal 0 0 1
    outer loop
      vertex 90.1596 114.823 10
      vertex 90.087 113.709 10
      vertex 90.1731 113.719 10
    endloop
  endfacet
  facet normal 0 0 1
    outer loop
      vertex 89.9725 114.835 10
      vertex 90.087 113.709 10
      vertex 90.1596 114.823 10
    endloop
  endfacet
  facet normal 0 0 1
    outer loop
      vertex 90.087 113.709 10
      vertex 89.9725 114.835 10
      vertex 89.9942 113.706 10
    endloop
  endfacet
  facet normal 0 0 1
    outer loop
      vertex 88.9471 113.706 10
      vertex 89.9725 114.835 10
      vertex 88.9471 114.835 10
    endloop
  endfacet
  facet normal 0 0 1
    outer loop
      vertex 89.9725 114.835 10
      vertex 88.9471 113.706 10
      vertex 89.9942 113.706 10
    endloop
  endfacet
  facet normal -0.109231 0.994016 0
    outer loop
      vertex 138.8 113.5 0
      vertex 129.8 112.511 10
      vertex 138.8 113.5 10
    endloop
  endfacet
  facet normal -0.109231 0.994016 0
    outer loop
      vertex 129.8 112.511 10
      vertex 138.8 113.5 0
      vertex 129.8 112.511 0
    endloop
  endfacet
  facet normal 1 -0 0
    outer loop
      vertex 129.8 112.511 10
      vertex 129.8 113.5 0
      vertex 129.8 113.5 10
    endloop
  endfacet
  facet normal 1 0 0
    outer loop
      vertex 129.8 113.5 0
      vertex 129.8 112.511 10
      vertex 129.8 112.511 0
    endloop
  endfacet
  facet normal 0 1 -0
    outer loop
      vertex 129.8 113.5 0
      vertex 127.175 113.5 10
      vertex 129.8 113.5 10
    endloop
  endfacet
  facet normal 0 1 0
    outer loop
      vertex 127.175 113.5 10
      vertex 129.8 113.5 0
      vertex 127.175 113.5 0
    endloop
  endfacet
  facet normal 1 -0 0
    outer loop
      vertex 127.175 113.5 10
      vertex 127.175 117 0
      vertex 127.175 117 10
    endloop
  endfacet
  facet normal 1 0 0
    outer loop
      vertex 127.175 117 0
      vertex 127.175 113.5 10
      vertex 127.175 113.5 0
    endloop
  endfacet
  facet normal 0 1 -0
    outer loop
      vertex 127.175 117 0
      vertex 123.9 117 10
      vertex 127.175 117 10
    endloop
  endfacet
  facet normal 0 1 0
    outer loop
      vertex 123.9 117 10
      vertex 127.175 117 0
      vertex 123.9 117 0
    endloop
  endfacet
  facet normal 1 -0 0
    outer loop
      vertex 123.9 117 10
      vertex 123.9 122 0
      vertex 123.9 122 10
    endloop
  endfacet
  facet normal 1 0 0
    outer loop
      vertex 123.9 122 0
      vertex 123.9 117 10
      vertex 123.9 117 0
    endloop
  endfacet
  facet normal 0 1 -0
    outer loop
      vertex 123.9 122 0
      vertex 111.9 122 10
      vertex 123.9 122 10
    endloop
  endfacet
  facet normal 0 1 0
    outer loop
      vertex 111.9 122 10
      vertex 123.9 122 0
      vertex 111.9 122 0
    endloop
  endfacet
  facet normal -1 0 0
    outer loop
      vertex 111.9 117 0
      vertex 111.9 122 10
      vertex 111.9 122 0
    endloop
  endfacet
  facet normal -1 -0 0
    outer loop
      vertex 111.9 122 10
      vertex 111.9 117 0
      vertex 111.9 117 10
    endloop
  endfacet
  facet normal 0 1 -0
    outer loop
      vertex 111.9 117 0
      vertex 93.9 117 10
      vertex 111.9 117 10
    endloop
  endfacet
  facet normal 0 1 0
    outer loop
      vertex 93.9 117 10
      vertex 111.9 117 0
      vertex 93.9 117 0
    endloop
  endfacet
  facet normal 1 -0 0
    outer loop
      vertex 93.9 117 10
      vertex 93.9 122 0
      vertex 93.9 122 10
    endloop
  endfacet
  facet normal 1 0 0
    outer loop
      vertex 93.9 122 0
      vertex 93.9 117 10
      vertex 93.9 117 0
    endloop
  endfacet
  facet normal 0 1 -0
    outer loop
      vertex 93.9 122 0
      vertex 81.9 122 10
      vertex 93.9 122 10
    endloop
  endfacet
  facet normal 0 1 0
    outer loop
      vertex 81.9 122 10
      vertex 93.9 122 0
      vertex 81.9 122 0
    endloop
  endfacet
  facet normal -1 0 0
    outer loop
      vertex 81.9 117 0
      vertex 81.9 122 10
      vertex 81.9 122 0
    endloop
  endfacet
  facet normal -1 -0 0
    outer loop
      vertex 81.9 122 10
      vertex 81.9 117 0
      vertex 81.9 117 10
    endloop
  endfacet
  facet normal 0 1 -0
    outer loop
      vertex 81.9 117 0
      vertex 72.775 117 10
      vertex 81.9 117 10
    endloop
  endfacet
  facet normal 0 1 0
    outer loop
      vertex 72.775 117 10
      vertex 81.9 117 0
      vertex 72.775 117 0
    endloop
  endfacet
  facet normal -1 0 0
    outer loop
      vertex 72.775 113.5 0
      vertex 72.775 117 10
      vertex 72.775 117 0
    endloop
  endfacet
  facet normal -1 -0 0
    outer loop
      vertex 72.775 117 10
      vertex 72.775 113.5 0
      vertex 72.775 113.5 10
    endloop
  endfacet
  facet normal 0 1 -0
    outer loop
      vertex 72.775 113.5 0
      vertex 67.65 113.5 10
      vertex 72.775 113.5 10
    endloop
  endfacet
  facet normal 0 1 0
    outer loop
      vertex 67.65 113.5 10
      vertex 72.775 113.5 0
      vertex 67.65 113.5 0
    endloop
  endfacet
  facet normal -1 0 0
    outer loop
      vertex 67.65 110.4 0
      vertex 67.65 113.5 10
      vertex 67.65 113.5 0
    endloop
  endfacet
  facet normal -1 -0 0
    outer loop
      vertex 67.65 113.5 10
      vertex 67.65 110.4 0
      vertex 67.65 110.4 10
    endloop
  endfacet
  facet normal 0 -1 0
    outer loop
      vertex 67.65 110.4 0
      vertex 75.9 110.4 10
      vertex 67.65 110.4 10
    endloop
  endfacet
  facet normal 0 -1 -0
    outer loop
      vertex 75.9 110.4 10
      vertex 67.65 110.4 0
      vertex 75.9 110.4 0
    endloop
  endfacet
  facet normal -1 0 0
    outer loop
      vertex 75.9 110 0
      vertex 75.9 110.4 10
      vertex 75.9 110.4 0
    endloop
  endfacet
  facet normal -1 -0 0
    outer loop
      vertex 75.9 110.4 10
      vertex 75.9 110 0
      vertex 75.9 110 10
    endloop
  endfacet
  facet normal 0 -1 0
    outer loop
      vertex 75.9 110 0
      vertex 89.9 110 10
      vertex 75.9 110 10
    endloop
  endfacet
  facet normal 0 -1 -0
    outer loop
      vertex 89.9 110 10
      vertex 75.9 110 0
      vertex 89.9 110 0
    endloop
  endfacet
  facet normal 1 -0 0
    outer loop
      vertex 89.9 110 10
      vertex 89.9 110.4 0
      vertex 89.9 110.4 10
    endloop
  endfacet
  facet normal 1 0 0
    outer loop
      vertex 89.9 110.4 0
      vertex 89.9 110 10
      vertex 89.9 110 0
    endloop
  endfacet
  facet normal 0 -1 0
    outer loop
      vertex 89.9 110.4 0
      vertex 138.8 110.4 10
      vertex 89.9 110.4 10
    endloop
  endfacet
  facet normal 0 -1 -0
    outer loop
      vertex 138.8 110.4 10
      vertex 89.9 110.4 0
      vertex 138.8 110.4 0
    endloop
  endfacet
  facet normal 1 -0 0
    outer loop
      vertex 138.8 110.4 10
      vertex 138.8 113.5 0
      vertex 138.8 113.5 10
    endloop
  endfacet
  facet normal 1 0 0
    outer loop
      vertex 138.8 113.5 0
      vertex 138.8 110.4 10
      vertex 138.8 110.4 0
    endloop
  endfacet
  facet normal 0 0 1
    outer loop
      vertex 91.4758 114.469 9.4
      vertex 90.6633 114.43 9.4
      vertex 90.6777 114.284 9.4
    endloop
  endfacet
  facet normal 0 0 1
    outer loop
      vertex 90.8739 115.305 9.4
      vertex 90.6201 114.554 9.4
      vertex 90.6633 114.43 9.4
    endloop
  endfacet
  facet normal 0 0 1
    outer loop
      vertex 90.4474 114.733 9.4
      vertex 90.7359 115.36 9.4
      vertex 90.5852 115.402 9.4
    endloop
  endfacet
  facet normal 0 0 1
    outer loop
      vertex 90.8739 115.305 9.4
      vertex 90.5482 114.655 9.4
      vertex 90.6201 114.554 9.4
    endloop
  endfacet
  facet normal 0 0 1
    outer loop
      vertex 90.8739 115.305 9.4
      vertex 90.4474 114.733 9.4
      vertex 90.5482 114.655 9.4
    endloop
  endfacet
  facet normal 0 0 1
    outer loop
      vertex 90.3179 114.79 9.4
      vertex 90.5852 115.402 9.4
      vertex 90.4217 115.432 9.4
    endloop
  endfacet
  facet normal 0 0 1
    outer loop
      vertex 90.5852 115.402 9.4
      vertex 90.3179 114.79 9.4
      vertex 90.4474 114.733 9.4
    endloop
  endfacet
  facet normal 0 0 1
    outer loop
      vertex 90.1596 114.823 9.4
      vertex 90.4217 115.432 9.4
      vertex 90.2455 115.45 9.4
    endloop
  endfacet
  facet normal 0 0 1
    outer loop
      vertex 90.4217 115.432 9.4
      vertex 90.1596 114.823 9.4
      vertex 90.3179 114.79 9.4
    endloop
  endfacet
  facet normal 0 0 1
    outer loop
      vertex 90.0565 115.456 9.4
      vertex 90.1596 114.823 9.4
      vertex 90.2455 115.45 9.4
    endloop
  endfacet
  facet normal 0 0 1
    outer loop
      vertex 90.0565 115.456 9.4
      vertex 89.9725 114.835 9.4
      vertex 90.1596 114.823 9.4
    endloop
  endfacet
  facet normal 0 0 1
    outer loop
      vertex 90.0565 115.456 9.4
      vertex 88.9471 114.835 9.4
      vertex 89.9725 114.835 9.4
    endloop
  endfacet
  facet normal 0 0 1
    outer loop
      vertex 88.1469 115.456 9.4
      vertex 88.9471 113.706 9.4
      vertex 88.9471 114.835 9.4
    endloop
  endfacet
  facet normal 0 0 1
    outer loop
      vertex 88.1469 111.634 9.4
      vertex 88.9471 113.706 9.4
      vertex 88.1469 115.456 9.4
    endloop
  endfacet
  facet normal -0 0 1
    outer loop
      vertex 88.1469 115.456 9.4
      vertex 88.9471 114.835 9.4
      vertex 90.0565 115.456 9.4
    endloop
  endfacet
  facet normal 0 0 1
    outer loop
      vertex 88.9471 113.706 9.4
      vertex 88.1469 111.634 9.4
      vertex 88.9471 113.085 9.4
    endloop
  endfacet
  facet normal 0 0 1
    outer loop
      vertex 88.9471 113.085 9.4
      vertex 88.1469 111.634 9.4
      vertex 88.9471 111.634 9.4
    endloop
  endfacet
  facet normal 0 0 1
    outer loop
      vertex 90.6777 114.284 9.4
      vertex 91.4833 114.316 9.4
      vertex 91.4758 114.469 9.4
    endloop
  endfacet
  facet normal 0 0 1
    outer loop
      vertex 91.4833 114.316 9.4
      vertex 90.6777 114.284 9.4
      vertex 91.4787 114.204 9.4
    endloop
  endfacet
  facet normal 0 0 1
    outer loop
      vertex 90.6633 114.43 9.4
      vertex 91.4758 114.469 9.4
      vertex 91.453 114.61 9.4
    endloop
  endfacet
  facet normal -0 0 1
    outer loop
      vertex 90.6742 114.208 9.4
      vertex 91.4787 114.204 9.4
      vertex 90.6777 114.284 9.4
    endloop
  endfacet
  facet normal 0 0 1
    outer loop
      vertex 90.6633 114.43 9.4
      vertex 91.453 114.61 9.4
      vertex 91.4151 114.741 9.4
    endloop
  endfacet
  facet normal 0 0 1
    outer loop
      vertex 91.4787 114.204 9.4
      vertex 90.6742 114.208 9.4
      vertex 91.4647 114.096 9.4
    endloop
  endfacet
  facet normal 0 0 1
    outer loop
      vertex 91.4647 114.096 9.4
      vertex 90.6742 114.208 9.4
      vertex 91.4415 113.992 9.4
    endloop
  endfacet
  facet normal 0 0 1
    outer loop
      vertex 90.6633 114.43 9.4
      vertex 91.4151 114.741 9.4
      vertex 91.362 114.862 9.4
    endloop
  endfacet
  facet normal -0 0 1
    outer loop
      vertex 90.6635 114.137 9.4
      vertex 91.4415 113.992 9.4
      vertex 90.6742 114.208 9.4
    endloop
  endfacet
  facet normal 0 0 1
    outer loop
      vertex 90.6633 114.43 9.4
      vertex 91.362 114.862 9.4
      vertex 91.2937 114.972 9.4
    endloop
  endfacet
  facet normal 0 0 1
    outer loop
      vertex 91.4415 113.992 9.4
      vertex 90.6635 114.137 9.4
      vertex 91.4089 113.893 9.4
    endloop
  endfacet
  facet normal 0 0 1
    outer loop
      vertex 90.6633 114.43 9.4
      vertex 91.2937 114.972 9.4
      vertex 91.2103 115.072 9.4
    endloop
  endfacet
  facet normal 0 0 1
    outer loop
      vertex 91.4089 113.893 9.4
      vertex 90.6635 114.137 9.4
      vertex 91.3671 113.799 9.4
    endloop
  endfacet
  facet normal -0 0 1
    outer loop
      vertex 90.6458 114.071 9.4
      vertex 91.3671 113.799 9.4
      vertex 90.6635 114.137 9.4
    endloop
  endfacet
  facet normal 0 0 1
    outer loop
      vertex 90.6633 114.43 9.4
      vertex 91.2103 115.072 9.4
      vertex 91.1117 115.161 9.4
    endloop
  endfacet
  facet normal 0 0 1
    outer loop
      vertex 91.3671 113.799 9.4
      vertex 90.6458 114.071 9.4
      vertex 91.3159 113.709 9.4
    endloop
  endfacet
  facet normal 0 0 1
    outer loop
      vertex 90.6633 114.43 9.4
      vertex 91.1117 115.161 9.4
      vertex 90.9992 115.239 9.4
    endloop
  endfacet
  facet normal -0 0 1
    outer loop
      vertex 90.621 114.011 9.4
      vertex 91.3159 113.709 9.4
      vertex 90.6458 114.071 9.4
    endloop
  endfacet
  facet normal 0 0 1
    outer loop
      vertex 90.6633 114.43 9.4
      vertex 90.9992 115.239 9.4
      vertex 90.8739 115.305 9.4
    endloop
  endfacet
  facet normal 0 0 1
    outer loop
      vertex 91.3159 113.709 9.4
      vertex 90.621 114.011 9.4
      vertex 91.2555 113.623 9.4
    endloop
  endfacet
  facet normal 0 0 1
    outer loop
      vertex 91.2555 113.623 9.4
      vertex 90.621 114.011 9.4
      vertex 91.1871 113.544 9.4
    endloop
  endfacet
  facet normal 0 0 1
    outer loop
      vertex 90.4474 114.733 9.4
      vertex 90.8739 115.305 9.4
      vertex 90.7359 115.36 9.4
    endloop
  endfacet
  facet normal -0 0 1
    outer loop
      vertex 90.5891 113.955 9.4
      vertex 91.1871 113.544 9.4
      vertex 90.621 114.011 9.4
    endloop
  endfacet
  facet normal 0 0 1
    outer loop
      vertex 91.1871 113.544 9.4
      vertex 90.5891 113.955 9.4
      vertex 91.1122 113.473 9.4
    endloop
  endfacet
  facet normal 0 0 1
    outer loop
      vertex 91.1122 113.473 9.4
      vertex 90.5891 113.955 9.4
      vertex 91.0308 113.41 9.4
    endloop
  endfacet
  facet normal -0 0 1
    outer loop
      vertex 90.5502 113.904 9.4
      vertex 91.0308 113.41 9.4
      vertex 90.5891 113.955 9.4
    endloop
  endfacet
  facet normal 0 0 1
    outer loop
      vertex 91.0308 113.41 9.4
      vertex 90.5502 113.904 9.4
      vertex 90.9428 113.355 9.4
    endloop
  endfacet
  facet normal -0 0 1
    outer loop
      vertex 90.5041 113.858 9.4
      vertex 90.9428 113.355 9.4
      vertex 90.5502 113.904 9.4
    endloop
  endfacet
  facet normal 0 0 1
    outer loop
      vertex 90.6397 113.24 9.4
      vertex 90.7727 111.634 9.4
      vertex 91.6732 111.634 9.4
    endloop
  endfacet
  facet normal 0 0 1
    outer loop
      vertex 90.9428 113.355 9.4
      vertex 90.5041 113.858 9.4
      vertex 90.8483 113.309 9.4
    endloop
  endfacet
  facet normal 0 0 1
    outer loop
      vertex 90.8483 113.309 9.4
      vertex 90.5041 113.858 9.4
      vertex 90.7473 113.27 9.4
    endloop
  endfacet
  facet normal -0 0 1
    outer loop
      vertex 90.4512 113.818 9.4
      vertex 90.7473 113.27 9.4
      vertex 90.5041 113.858 9.4
    endloop
  endfacet
  facet normal 0 0 1
    outer loop
      vertex 90.7473 113.27 9.4
      vertex 90.4512 113.818 9.4
      vertex 90.6397 113.24 9.4
    endloop
  endfacet
  facet normal -0 0 1
    outer loop
      vertex 90.3916 113.784 9.4
      vertex 90.6397 113.24 9.4
      vertex 90.4512 113.818 9.4
    endloop
  endfacet
  facet normal -0 0 1
    outer loop
      vertex 90.3254 113.756 9.4
      vertex 90.6397 113.24 9.4
      vertex 90.3916 113.784 9.4
    endloop
  endfacet
  facet normal -0 0 1
    outer loop
      vertex 90.2526 113.734 9.4
      vertex 90.6397 113.24 9.4
      vertex 90.3254 113.756 9.4
    endloop
  endfacet
  facet normal -0 0 1
    outer loop
      vertex 90.1731 113.719 9.4
      vertex 90.6397 113.24 9.4
      vertex 90.2526 113.734 9.4
    endloop
  endfacet
  facet normal 0 0 1
    outer loop
      vertex 90.6397 113.24 9.4
      vertex 90.1731 113.719 9.4
      vertex 89.8857 113.085 9.4
    endloop
  endfacet
  facet normal 0 0 1
    outer loop
      vertex 89.8857 113.085 9.4
      vertex 90.1731 113.719 9.4
      vertex 90.087 113.709 9.4
    endloop
  endfacet
  facet normal 0 0 1
    outer loop
      vertex 89.8857 113.085 9.4
      vertex 90.087 113.709 9.4
      vertex 89.9942 113.706 9.4
    endloop
  endfacet
  facet normal 0 0 1
    outer loop
      vertex 90.6397 113.24 9.4
      vertex 89.8857 113.085 9.4
      vertex 90.7727 111.634 9.4
    endloop
  endfacet
  facet normal -0 0 1
    outer loop
      vertex 88.9471 113.706 9.4
      vertex 89.8857 113.085 9.4
      vertex 89.9942 113.706 9.4
    endloop
  endfacet
  facet normal 0 0 1
    outer loop
      vertex 89.8857 113.085 9.4
      vertex 88.9471 113.706 9.4
      vertex 88.9471 113.085 9.4
    endloop
  endfacet
  facet normal 0 0 1
    outer loop
      vertex 92.9899 114.807 9.4
      vertex 93.7521 115.456 9.4
      vertex 93.0306 115.456 9.4
    endloop
  endfacet
  facet normal -0 0 1
    outer loop
      vertex 93.7521 112.201 9.4
      vertex 94.6283 111.634 9.4
      vertex 94.6283 112.201 9.4
    endloop
  endfacet
  facet normal 0 0 1
    outer loop
      vertex 93.7521 115.456 9.4
      vertex 92.9899 114.807 9.4
      vertex 93.7521 112.201 9.4
    endloop
  endfacet
  facet normal 0 0 1
    outer loop
      vertex 92.9899 112.201 9.4
      vertex 93.7521 112.201 9.4
      vertex 92.9899 114.807 9.4
    endloop
  endfacet
  facet normal -0 0 1
    outer loop
      vertex 92.9899 112.201 9.4
      vertex 94.6283 111.634 9.4
      vertex 93.7521 112.201 9.4
    endloop
  endfacet
  facet normal 0 0 1
    outer loop
      vertex 92.0433 111.634 9.4
      vertex 92.9899 112.201 9.4
      vertex 92.0433 112.201 9.4
    endloop
  endfacet
  facet normal 0 0 1
    outer loop
      vertex 92.9899 112.201 9.4
      vertex 92.0433 111.634 9.4
      vertex 94.6283 111.634 9.4
    endloop
  endfacet
  facet normal -0 0 1
    outer loop
      vertex 92.0731 114.835 9.4
      vertex 92.9899 114.807 9.4
      vertex 93.0306 115.456 9.4
    endloop
  endfacet
  facet normal 0 0 1
    outer loop
      vertex 92.9899 114.807 9.4
      vertex 92.0731 114.835 9.4
      vertex 92.0731 114.235 9.4
    endloop
  endfacet
  facet normal 0 0 1
    outer loop
      vertex 95.8824 115.456 9.4
      vertex 95.0822 115.456 9.4
      vertex 95.8824 112.252 9.4
    endloop
  endfacet
  facet normal -0 0 1
    outer loop
      vertex 95.8824 112.252 9.4
      vertex 97.9331 111.634 9.4
      vertex 97.9331 112.252 9.4
    endloop
  endfacet
  facet normal 0 0 1
    outer loop
      vertex 95.8824 112.252 9.4
      vertex 95.0822 111.634 9.4
      vertex 97.9331 111.634 9.4
    endloop
  endfacet
  facet normal 0 0 1
    outer loop
      vertex 95.0822 111.634 9.4
      vertex 95.8824 112.252 9.4
      vertex 95.0822 115.456 9.4
    endloop
  endfacet
  facet normal 0 1 -0
    outer loop
      vertex 89.8857 113.085 9.4
      vertex 88.9471 113.085 10
      vertex 89.8857 113.085 10
    endloop
  endfacet
  facet normal 0 1 0
    outer loop
      vertex 88.9471 113.085 10
      vertex 89.8857 113.085 9.4
      vertex 88.9471 113.085 9.4
    endloop
  endfacet
  facet normal 0.853209 0.521569 6.71002e-17
    outer loop
      vertex 90.7727 111.634 10
      vertex 89.8857 113.085 9.4
      vertex 89.8857 113.085 10
    endloop
  endfacet
  facet normal 0.853209 0.521569 6.71002e-17
    outer loop
      vertex 89.8857 113.085 9.4
      vertex 90.7727 111.634 10
      vertex 90.7727 111.634 9.4
    endloop
  endfacet
  facet normal 0 1 -0
    outer loop
      vertex 91.6732 111.634 9.4
      vertex 90.7727 111.634 10
      vertex 91.6732 111.634 10
    endloop
  endfacet
  facet normal 0 1 0
    outer loop
      vertex 90.7727 111.634 10
      vertex 91.6732 111.634 9.4
      vertex 90.7727 111.634 9.4
    endloop
  endfacet
  facet normal -0.840923 -0.541154 4.63698e-17
    outer loop
      vertex 91.6732 111.634 9.4
      vertex 90.6397 113.24 10
      vertex 90.6397 113.24 9.4
    endloop
  endfacet
  facet normal -0.840923 -0.541154 4.63698e-17
    outer loop
      vertex 90.6397 113.24 10
      vertex 91.6732 111.634 9.4
      vertex 91.6732 111.634 10
    endloop
  endfacet
  facet normal -0.268567 0.963261 0
    outer loop
      vertex 90.7473 113.27 9.4
      vertex 90.6397 113.24 10
      vertex 90.7473 113.27 10
    endloop
  endfacet
  facet normal -0.268567 0.963261 0
    outer loop
      vertex 90.6397 113.24 10
      vertex 90.7473 113.27 9.4
      vertex 90.6397 113.24 9.4
    endloop
  endfacet
  facet normal -0.360217 0.932869 0
    outer loop
      vertex 90.8483 113.309 9.4
      vertex 90.7473 113.27 10
      vertex 90.8483 113.309 10
    endloop
  endfacet
  facet normal -0.360217 0.932869 0
    outer loop
      vertex 90.7473 113.27 10
      vertex 90.8483 113.309 9.4
      vertex 90.7473 113.27 9.4
    endloop
  endfacet
  facet normal -0.437674 0.899134 0
    outer loop
      vertex 90.9428 113.355 9.4
      vertex 90.8483 113.309 10
      vertex 90.9428 113.355 10
    endloop
  endfacet
  facet normal -0.437674 0.899134 0
    outer loop
      vertex 90.8483 113.309 10
      vertex 90.9428 113.355 9.4
      vertex 90.8483 113.309 9.4
    endloop
  endfacet
  facet normal -0.529999 0.847998 0
    outer loop
      vertex 91.0308 113.41 9.4
      vertex 90.9428 113.355 10
      vertex 91.0308 113.41 10
    endloop
  endfacet
  facet normal -0.529999 0.847998 0
    outer loop
      vertex 90.9428 113.355 10
      vertex 91.0308 113.41 9.4
      vertex 90.9428 113.355 9.4
    endloop
  endfacet
  facet normal -0.612056 0.790815 0
    outer loop
      vertex 91.1122 113.473 9.4
      vertex 91.0308 113.41 10
      vertex 91.1122 113.473 10
    endloop
  endfacet
  facet normal -0.612056 0.790815 0
    outer loop
      vertex 91.0308 113.41 10
      vertex 91.1122 113.473 9.4
      vertex 91.0308 113.41 9.4
    endloop
  endfacet
  facet normal -0.68796 0.725749 0
    outer loop
      vertex 91.1871 113.544 9.4
      vertex 91.1122 113.473 10
      vertex 91.1871 113.544 10
    endloop
  endfacet
  facet normal -0.68796 0.725749 0
    outer loop
      vertex 91.1122 113.473 10
      vertex 91.1871 113.544 9.4
      vertex 91.1122 113.473 9.4
    endloop
  endfacet
  facet normal -0.756005 0.654566 4.34506e-18
    outer loop
      vertex 91.1871 113.544 9.4
      vertex 91.2555 113.623 10
      vertex 91.2555 113.623 9.4
    endloop
  endfacet
  facet normal -0.756005 0.654566 4.34506e-18
    outer loop
      vertex 91.2555 113.623 10
      vertex 91.1871 113.544 9.4
      vertex 91.1871 113.544 10
    endloop
  endfacet
  facet normal -0.818337 0.574739 3.61302e-19
    outer loop
      vertex 91.2555 113.623 9.4
      vertex 91.3159 113.709 10
      vertex 91.3159 113.709 9.4
    endloop
  endfacet
  facet normal -0.818337 0.574739 3.61302e-19
    outer loop
      vertex 91.3159 113.709 10
      vertex 91.2555 113.623 9.4
      vertex 91.2555 113.623 10
    endloop
  endfacet
  facet normal -0.869192 0.494474 1.20893e-18
    outer loop
      vertex 91.3159 113.709 9.4
      vertex 91.3671 113.799 10
      vertex 91.3671 113.799 9.4
    endloop
  endfacet
  facet normal -0.869192 0.494474 1.20893e-18
    outer loop
      vertex 91.3671 113.799 10
      vertex 91.3159 113.709 9.4
      vertex 91.3159 113.709 10
    endloop
  endfacet
  facet normal -0.913731 0.406319 4.12991e-18
    outer loop
      vertex 91.3671 113.799 9.4
      vertex 91.4089 113.893 10
      vertex 91.4089 113.893 9.4
    endloop
  endfacet
  facet normal -0.913731 0.406319 4.12991e-18
    outer loop
      vertex 91.4089 113.893 10
      vertex 91.3671 113.799 9.4
      vertex 91.3671 113.799 10
    endloop
  endfacet
  facet normal -0.949828 0.312772 1.09926e-18
    outer loop
      vertex 91.4089 113.893 9.4
      vertex 91.4415 113.992 10
      vertex 91.4415 113.992 9.4
    endloop
  endfacet
  facet normal -0.949828 0.312772 1.09926e-18
    outer loop
      vertex 91.4415 113.992 10
      vertex 91.4089 113.893 9.4
      vertex 91.4089 113.893 10
    endloop
  endfacet
  facet normal -0.97601 0.217725 -3.12157e-18
    outer loop
      vertex 91.4415 113.992 9.4
      vertex 91.4647 114.096 10
      vertex 91.4647 114.096 9.4
    endloop
  endfacet
  facet normal -0.97601 0.217725 -3.12157e-18
    outer loop
      vertex 91.4647 114.096 10
      vertex 91.4415 113.992 9.4
      vertex 91.4415 113.992 10
    endloop
  endfacet
  facet normal -0.991703 0.128554 2.69306e-19
    outer loop
      vertex 91.4647 114.096 9.4
      vertex 91.4787 114.204 10
      vertex 91.4787 114.204 9.4
    endloop
  endfacet
  facet normal -0.991703 0.128554 2.69306e-19
    outer loop
      vertex 91.4787 114.204 10
      vertex 91.4647 114.096 9.4
      vertex 91.4647 114.096 10
    endloop
  endfacet
  facet normal -0.999158 0.0410368 -9.58865e-20
    outer loop
      vertex 91.4787 114.204 9.4
      vertex 91.4833 114.316 10
      vertex 91.4833 114.316 9.4
    endloop
  endfacet
  facet normal -0.999158 0.0410368 -9.58865e-20
    outer loop
      vertex 91.4833 114.316 10
      vertex 91.4787 114.204 9.4
      vertex 91.4787 114.204 10
    endloop
  endfacet
  facet normal -0.998801 -0.0489608 7.64024e-19
    outer loop
      vertex 91.4833 114.316 9.4
      vertex 91.4758 114.469 10
      vertex 91.4758 114.469 9.4
    endloop
  endfacet
  facet normal -0.998801 -0.0489608 7.64024e-19
    outer loop
      vertex 91.4758 114.469 10
      vertex 91.4833 114.316 9.4
      vertex 91.4833 114.316 10
    endloop
  endfacet
  facet normal -0.987177 -0.159629 -1.01975e-18
    outer loop
      vertex 91.4758 114.469 9.4
      vertex 91.453 114.61 10
      vertex 91.453 114.61 9.4
    endloop
  endfacet
  facet normal -0.987177 -0.159629 -1.01975e-18
    outer loop
      vertex 91.453 114.61 10
      vertex 91.4758 114.469 9.4
      vertex 91.4758 114.469 10
    endloop
  endfacet
  facet normal -0.960605 -0.277916 -4.99553e-18
    outer loop
      vertex 91.453 114.61 9.4
      vertex 91.4151 114.741 10
      vertex 91.4151 114.741 9.4
    endloop
  endfacet
  facet normal -0.960605 -0.277916 -4.99553e-18
    outer loop
      vertex 91.4151 114.741 10
      vertex 91.453 114.61 9.4
      vertex 91.453 114.61 10
    endloop
  endfacet
  facet normal -0.915705 -0.401851 3.28965e-18
    outer loop
      vertex 91.4151 114.741 9.4
      vertex 91.362 114.862 10
      vertex 91.362 114.862 9.4
    endloop
  endfacet
  facet normal -0.915705 -0.401851 3.28965e-18
    outer loop
      vertex 91.362 114.862 10
      vertex 91.4151 114.741 9.4
      vertex 91.4151 114.741 10
    endloop
  endfacet
  facet normal -0.849557 -0.527497 -4.45375e-18
    outer loop
      vertex 91.362 114.862 9.4
      vertex 91.2937 114.972 10
      vertex 91.2937 114.972 9.4
    endloop
  endfacet
  facet normal -0.849557 -0.527497 -4.45375e-18
    outer loop
      vertex 91.2937 114.972 10
      vertex 91.362 114.862 9.4
      vertex 91.362 114.862 10
    endloop
  endfacet
  facet normal -0.767969 -0.640487 -7.27567e-18
    outer loop
      vertex 91.2937 114.972 9.4
      vertex 91.2103 115.072 10
      vertex 91.2103 115.072 9.4
    endloop
  endfacet
  facet normal -0.767969 -0.640487 -7.27567e-18
    outer loop
      vertex 91.2103 115.072 10
      vertex 91.2937 114.972 9.4
      vertex 91.2937 114.972 10
    endloop
  endfacet
  facet normal -0.670045 -0.74232 0
    outer loop
      vertex 91.1117 115.161 9.4
      vertex 91.2103 115.072 10
      vertex 91.1117 115.161 10
    endloop
  endfacet
  facet normal -0.670045 -0.74232 -0
    outer loop
      vertex 91.2103 115.072 10
      vertex 91.1117 115.161 9.4
      vertex 91.2103 115.072 9.4
    endloop
  endfacet
  facet normal -0.56978 -0.821798 0
    outer loop
      vertex 90.9992 115.239 9.4
      vertex 91.1117 115.161 10
      vertex 90.9992 115.239 10
    endloop
  endfacet
  facet normal -0.56978 -0.821798 -0
    outer loop
      vertex 91.1117 115.161 10
      vertex 90.9992 115.239 9.4
      vertex 91.1117 115.161 9.4
    endloop
  endfacet
  facet normal -0.466037 -0.884765 0
    outer loop
      vertex 90.8739 115.305 9.4
      vertex 90.9992 115.239 10
      vertex 90.8739 115.305 10
    endloop
  endfacet
  facet normal -0.466037 -0.884765 -0
    outer loop
      vertex 90.9992 115.239 10
      vertex 90.8739 115.305 9.4
      vertex 90.9992 115.239 9.4
    endloop
  endfacet
  facet normal -0.37023 -0.92894 0
    outer loop
      vertex 90.7359 115.36 9.4
      vertex 90.8739 115.305 10
      vertex 90.7359 115.36 10
    endloop
  endfacet
  facet normal -0.37023 -0.92894 -0
    outer loop
      vertex 90.8739 115.305 10
      vertex 90.7359 115.36 9.4
      vertex 90.8739 115.305 9.4
    endloop
  endfacet
  facet normal -0.268468 -0.963289 0
    outer loop
      vertex 90.5852 115.402 9.4
      vertex 90.7359 115.36 10
      vertex 90.5852 115.402 10
    endloop
  endfacet
  facet normal -0.268468 -0.963289 -0
    outer loop
      vertex 90.7359 115.36 10
      vertex 90.5852 115.402 9.4
      vertex 90.7359 115.36 9.4
    endloop
  endfacet
  facet normal -0.180473 -0.98358 0
    outer loop
      vertex 90.4217 115.432 9.4
      vertex 90.5852 115.402 10
      vertex 90.4217 115.432 10
    endloop
  endfacet
  facet normal -0.180473 -0.98358 -0
    outer loop
      vertex 90.5852 115.402 10
      vertex 90.4217 115.432 9.4
      vertex 90.5852 115.402 9.4
    endloop
  endfacet
  facet normal -0.101628 -0.994822 0
    outer loop
      vertex 90.2455 115.45 9.4
      vertex 90.4217 115.432 10
      vertex 90.2455 115.45 10
    endloop
  endfacet
  facet normal -0.101628 -0.994822 -0
    outer loop
      vertex 90.4217 115.432 10
      vertex 90.2455 115.45 9.4
      vertex 90.4217 115.432 9.4
    endloop
  endfacet
  facet normal -0.03173 -0.999496 0
    outer loop
      vertex 90.0565 115.456 9.4
      vertex 90.2455 115.45 10
      vertex 90.0565 115.456 10
    endloop
  endfacet
  facet normal -0.03173 -0.999496 -0
    outer loop
      vertex 90.2455 115.45 10
      vertex 90.0565 115.456 9.4
      vertex 90.2455 115.45 9.4
    endloop
  endfacet
  facet normal 0 -1 0
    outer loop
      vertex 88.1469 115.456 9.4
      vertex 90.0565 115.456 10
      vertex 88.1469 115.456 10
    endloop
  endfacet
  facet normal 0 -1 -0
    outer loop
      vertex 90.0565 115.456 10
      vertex 88.1469 115.456 9.4
      vertex 90.0565 115.456 9.4
    endloop
  endfacet
  facet normal 1 -0 0
    outer loop
      vertex 88.1469 111.634 10
      vertex 88.1469 115.456 9.4
      vertex 88.1469 115.456 10
    endloop
  endfacet
  facet normal 1 0 0
    outer loop
      vertex 88.1469 115.456 9.4
      vertex 88.1469 111.634 10
      vertex 88.1469 111.634 9.4
    endloop
  endfacet
  facet normal 0 1 -0
    outer loop
      vertex 88.9471 111.634 9.4
      vertex 88.1469 111.634 10
      vertex 88.9471 111.634 10
    endloop
  endfacet
  facet normal 0 1 0
    outer loop
      vertex 88.1469 111.634 10
      vertex 88.9471 111.634 9.4
      vertex 88.1469 111.634 9.4
    endloop
  endfacet
  facet normal -1 0 0
    outer loop
      vertex 88.9471 111.634 9.4
      vertex 88.9471 113.085 10
      vertex 88.9471 113.085 9.4
    endloop
  endfacet
  facet normal -1 -0 0
    outer loop
      vertex 88.9471 113.085 10
      vertex 88.9471 111.634 9.4
      vertex 88.9471 111.634 10
    endloop
  endfacet
  facet normal -1 0 0
    outer loop
      vertex 88.9471 113.706 9.4
      vertex 88.9471 114.835 10
      vertex 88.9471 114.835 9.4
    endloop
  endfacet
  facet normal -1 -0 0
    outer loop
      vertex 88.9471 114.835 10
      vertex 88.9471 113.706 9.4
      vertex 88.9471 113.706 10
    endloop
  endfacet
  facet normal 0 1 -0
    outer loop
      vertex 89.9725 114.835 9.4
      vertex 88.9471 114.835 10
      vertex 89.9725 114.835 10
    endloop
  endfacet
  facet normal 0 1 0
    outer loop
      vertex 88.9471 114.835 10
      vertex 89.9725 114.835 9.4
      vertex 88.9471 114.835 9.4
    endloop
  endfacet
  facet normal 0.0640053 0.99795 -0
    outer loop
      vertex 90.1596 114.823 9.4
      vertex 89.9725 114.835 10
      vertex 90.1596 114.823 10
    endloop
  endfacet
  facet normal 0.0640053 0.99795 0
    outer loop
      vertex 89.9725 114.835 10
      vertex 90.1596 114.823 9.4
      vertex 89.9725 114.835 9.4
    endloop
  endfacet
  facet normal 0.204078 0.978955 -0
    outer loop
      vertex 90.3179 114.79 9.4
      vertex 90.1596 114.823 10
      vertex 90.3179 114.79 10
    endloop
  endfacet
  facet normal 0.204078 0.978955 0
    outer loop
      vertex 90.1596 114.823 10
      vertex 90.3179 114.79 9.4
      vertex 90.1596 114.823 9.4
    endloop
  endfacet
  facet normal 0.402857 0.915263 -0
    outer loop
      vertex 90.4474 114.733 9.4
      vertex 90.3179 114.79 10
      vertex 90.4474 114.733 10
    endloop
  endfacet
  facet normal 0.402857 0.915263 0
    outer loop
      vertex 90.3179 114.79 10
      vertex 90.4474 114.733 9.4
      vertex 90.3179 114.79 9.4
    endloop
  endfacet
  facet normal 0.611983 0.790871 -0
    outer loop
      vertex 90.5482 114.655 9.4
      vertex 90.4474 114.733 10
      vertex 90.5482 114.655 10
    endloop
  endfacet
  facet normal 0.611983 0.790871 0
    outer loop
      vertex 90.4474 114.733 10
      vertex 90.5482 114.655 9.4
      vertex 90.4474 114.733 9.4
    endloop
  endfacet
  facet normal 0.814659 0.57994 2.05935e-18
    outer loop
      vertex 90.6201 114.554 10
      vertex 90.5482 114.655 9.4
      vertex 90.5482 114.655 10
    endloop
  endfacet
  facet normal 0.814659 0.57994 2.05935e-18
    outer loop
      vertex 90.5482 114.655 9.4
      vertex 90.6201 114.554 10
      vertex 90.6201 114.554 9.4
    endloop
  endfacet
  facet normal 0.944332 0.328993 -4.39223e-18
    outer loop
      vertex 90.6633 114.43 10
      vertex 90.6201 114.554 9.4
      vertex 90.6201 114.554 10
    endloop
  endfacet
  facet normal 0.944332 0.328993 -4.39223e-18
    outer loop
      vertex 90.6201 114.554 9.4
      vertex 90.6633 114.43 10
      vertex 90.6633 114.43 9.4
    endloop
  endfacet
  facet normal 0.995171 0.0981539 1.73366e-18
    outer loop
      vertex 90.6777 114.284 10
      vertex 90.6633 114.43 9.4
      vertex 90.6633 114.43 10
    endloop
  endfacet
  facet normal 0.995171 0.0981539 1.73366e-18
    outer loop
      vertex 90.6633 114.43 9.4
      vertex 90.6777 114.284 10
      vertex 90.6777 114.284 9.4
    endloop
  endfacet
  facet normal 0.998941 -0.0460039 -5.9207e-20
    outer loop
      vertex 90.6742 114.208 10
      vertex 90.6777 114.284 9.4
      vertex 90.6777 114.284 10
    endloop
  endfacet
  facet normal 0.998941 -0.0460039 -5.9207e-20
    outer loop
      vertex 90.6777 114.284 9.4
      vertex 90.6742 114.208 10
      vertex 90.6742 114.208 9.4
    endloop
  endfacet
  facet normal 0.988834 -0.149021 -1.11674e-18
    outer loop
      vertex 90.6635 114.137 10
      vertex 90.6742 114.208 9.4
      vertex 90.6742 114.208 10
    endloop
  endfacet
  facet normal 0.988834 -0.149021 -1.11674e-18
    outer loop
      vertex 90.6742 114.208 9.4
      vertex 90.6635 114.137 10
      vertex 90.6635 114.137 9.4
    endloop
  endfacet
  facet normal 0.96587 -0.259029 2.52675e-18
    outer loop
      vertex 90.6458 114.071 10
      vertex 90.6635 114.137 9.4
      vertex 90.6635 114.137 10
    endloop
  endfacet
  facet normal 0.96587 -0.259029 2.52675e-18
    outer loop
      vertex 90.6635 114.137 9.4
      vertex 90.6458 114.071 10
      vertex 90.6458 114.071 9.4
    endloop
  endfacet
  facet normal 0.924167 -0.381989 3.81199e-20
    outer loop
      vertex 90.621 114.011 10
      vertex 90.6458 114.071 9.4
      vertex 90.6458 114.071 10
    endloop
  endfacet
  facet normal 0.924167 -0.381989 3.81199e-20
    outer loop
      vertex 90.6458 114.071 9.4
      vertex 90.621 114.011 10
      vertex 90.621 114.011 9.4
    endloop
  endfacet
  facet normal 0.868911 -0.494969 -2.23241e-18
    outer loop
      vertex 90.5891 113.955 10
      vertex 90.621 114.011 9.4
      vertex 90.621 114.011 10
    endloop
  endfacet
  facet normal 0.868911 -0.494969 -2.23241e-18
    outer loop
      vertex 90.621 114.011 9.4
      vertex 90.5891 113.955 10
      vertex 90.5891 113.955 9.4
    endloop
  endfacet
  facet normal 0.79511 -0.606466 2.29688e-18
    outer loop
      vertex 90.5502 113.904 10
      vertex 90.5891 113.955 9.4
      vertex 90.5891 113.955 10
    endloop
  endfacet
  facet normal 0.79511 -0.606466 2.29688e-18
    outer loop
      vertex 90.5891 113.955 9.4
      vertex 90.5502 113.904 10
      vertex 90.5502 113.904 9.4
    endloop
  endfacet
  facet normal 0.706339 -0.707874 0
    outer loop
      vertex 90.5041 113.858 9.4
      vertex 90.5502 113.904 10
      vertex 90.5041 113.858 10
    endloop
  endfacet
  facet normal 0.706339 -0.707874 0
    outer loop
      vertex 90.5502 113.904 10
      vertex 90.5041 113.858 9.4
      vertex 90.5502 113.904 9.4
    endloop
  endfacet
  facet normal 0.603132 -0.797642 0
    outer loop
      vertex 90.4512 113.818 9.4
      vertex 90.5041 113.858 10
      vertex 90.4512 113.818 10
    endloop
  endfacet
  facet normal 0.603132 -0.797642 0
    outer loop
      vertex 90.5041 113.858 10
      vertex 90.4512 113.818 9.4
      vertex 90.5041 113.858 9.4
    endloop
  endfacet
  facet normal 0.495511 -0.868602 0
    outer loop
      vertex 90.3916 113.784 9.4
      vertex 90.4512 113.818 10
      vertex 90.3916 113.784 10
    endloop
  endfacet
  facet normal 0.495511 -0.868602 0
    outer loop
      vertex 90.4512 113.818 10
      vertex 90.3916 113.784 9.4
      vertex 90.4512 113.818 9.4
    endloop
  endfacet
  facet normal 0.389549 -0.921006 0
    outer loop
      vertex 90.3254 113.756 9.4
      vertex 90.3916 113.784 10
      vertex 90.3254 113.756 10
    endloop
  endfacet
  facet normal 0.389549 -0.921006 0
    outer loop
      vertex 90.3916 113.784 10
      vertex 90.3254 113.756 9.4
      vertex 90.3916 113.784 9.4
    endloop
  endfacet
  facet normal 0.289277 -0.957245 0
    outer loop
      vertex 90.2526 113.734 9.4
      vertex 90.3254 113.756 10
      vertex 90.2526 113.734 10
    endloop
  endfacet
  facet normal 0.289277 -0.957245 0
    outer loop
      vertex 90.3254 113.756 10
      vertex 90.2526 113.734 9.4
      vertex 90.3254 113.756 9.4
    endloop
  endfacet
  facet normal 0.185408 -0.982662 0
    outer loop
      vertex 90.1731 113.719 9.4
      vertex 90.2526 113.734 10
      vertex 90.1731 113.719 10
    endloop
  endfacet
  facet normal 0.185408 -0.982662 0
    outer loop
      vertex 90.2526 113.734 10
      vertex 90.1731 113.719 9.4
      vertex 90.2526 113.734 9.4
    endloop
  endfacet
  facet normal 0.115368 -0.993323 0
    outer loop
      vertex 90.087 113.709 9.4
      vertex 90.1731 113.719 10
      vertex 90.087 113.709 10
    endloop
  endfacet
  facet normal 0.115368 -0.993323 0
    outer loop
      vertex 90.1731 113.719 10
      vertex 90.087 113.709 9.4
      vertex 90.1731 113.719 9.4
    endloop
  endfacet
  facet normal 0.0323107 -0.999478 0
    outer loop
      vertex 89.9942 113.706 9.4
      vertex 90.087 113.709 10
      vertex 89.9942 113.706 10
    endloop
  endfacet
  facet normal 0.0323107 -0.999478 0
    outer loop
      vertex 90.087 113.709 10
      vertex 89.9942 113.706 9.4
      vertex 90.087 113.709 9.4
    endloop
  endfacet
  facet normal 0 -1 0
    outer loop
      vertex 88.9471 113.706 9.4
      vertex 89.9942 113.706 10
      vertex 88.9471 113.706 10
    endloop
  endfacet
  facet normal 0 -1 -0
    outer loop
      vertex 89.9942 113.706 10
      vertex 88.9471 113.706 9.4
      vertex 89.9942 113.706 9.4
    endloop
  endfacet
  facet normal 0 -1 0
    outer loop
      vertex 93.7521 112.201 9.4
      vertex 94.6283 112.201 10
      vertex 93.7521 112.201 10
    endloop
  endfacet
  facet normal 0 -1 -0
    outer loop
      vertex 94.6283 112.201 10
      vertex 93.7521 112.201 9.4
      vertex 94.6283 112.201 9.4
    endloop
  endfacet
  facet normal -1 0 0
    outer loop
      vertex 93.7521 112.201 9.4
      vertex 93.7521 115.456 10
      vertex 93.7521 115.456 9.4
    endloop
  endfacet
  facet normal -1 -0 0
    outer loop
      vertex 93.7521 115.456 10
      vertex 93.7521 112.201 9.4
      vertex 93.7521 112.201 10
    endloop
  endfacet
  facet normal 0 -1 0
    outer loop
      vertex 93.0306 115.456 9.4
      vertex 93.7521 115.456 10
      vertex 93.0306 115.456 10
    endloop
  endfacet
  facet normal 0 -1 -0
    outer loop
      vertex 93.7521 115.456 10
      vertex 93.0306 115.456 9.4
      vertex 93.7521 115.456 9.4
    endloop
  endfacet
  facet normal 0.544141 -0.838994 0
    outer loop
      vertex 92.0731 114.835 9.4
      vertex 93.0306 115.456 10
      vertex 92.0731 114.835 10
    endloop
  endfacet
  facet normal 0.544141 -0.838994 0
    outer loop
      vertex 93.0306 115.456 10
      vertex 92.0731 114.835 9.4
      vertex 93.0306 115.456 9.4
    endloop
  endfacet
  facet normal 1 -0 0
    outer loop
      vertex 92.0731 114.235 10
      vertex 92.0731 114.835 9.4
      vertex 92.0731 114.835 10
    endloop
  endfacet
  facet normal 1 0 0
    outer loop
      vertex 92.0731 114.835 9.4
      vertex 92.0731 114.235 10
      vertex 92.0731 114.235 9.4
    endloop
  endfacet
  facet normal -0.529333 0.848414 0
    outer loop
      vertex 92.9899 114.807 9.4
      vertex 92.0731 114.235 10
      vertex 92.9899 114.807 10
    endloop
  endfacet
  facet normal -0.529333 0.848414 0
    outer loop
      vertex 92.0731 114.235 10
      vertex 92.9899 114.807 9.4
      vertex 92.0731 114.235 9.4
    endloop
  endfacet
  facet normal 1 -0 0
    outer loop
      vertex 92.9899 112.201 10
      vertex 92.9899 114.807 9.4
      vertex 92.9899 114.807 10
    endloop
  endfacet
  facet normal 1 0 0
    outer loop
      vertex 92.9899 114.807 9.4
      vertex 92.9899 112.201 10
      vertex 92.9899 112.201 9.4
    endloop
  endfacet
  facet normal 0 -1 0
    outer loop
      vertex 92.0433 112.201 9.4
      vertex 92.9899 112.201 10
      vertex 92.0433 112.201 10
    endloop
  endfacet
  facet normal 0 -1 -0
    outer loop
      vertex 92.9899 112.201 10
      vertex 92.0433 112.201 9.4
      vertex 92.9899 112.201 9.4
    endloop
  endfacet
  facet normal 1 -0 0
    outer loop
      vertex 92.0433 111.634 10
      vertex 92.0433 112.201 9.4
      vertex 92.0433 112.201 10
    endloop
  endfacet
  facet normal 1 0 0
    outer loop
      vertex 92.0433 112.201 9.4
      vertex 92.0433 111.634 10
      vertex 92.0433 111.634 9.4
    endloop
  endfacet
  facet normal 0 1 -0
    outer loop
      vertex 94.6283 111.634 9.4
      vertex 92.0433 111.634 10
      vertex 94.6283 111.634 10
    endloop
  endfacet
  facet normal 0 1 0
    outer loop
      vertex 92.0433 111.634 10
      vertex 94.6283 111.634 9.4
      vertex 92.0433 111.634 9.4
    endloop
  endfacet
  facet normal -1 0 0
    outer loop
      vertex 94.6283 111.634 9.4
      vertex 94.6283 112.201 10
      vertex 94.6283 112.201 9.4
    endloop
  endfacet
  facet normal -1 -0 0
    outer loop
      vertex 94.6283 112.201 10
      vertex 94.6283 111.634 9.4
      vertex 94.6283 111.634 10
    endloop
  endfacet
  facet normal 0 -1 0
    outer loop
      vertex 95.8824 112.252 9.4
      vertex 97.9331 112.252 10
      vertex 95.8824 112.252 10
    endloop
  endfacet
  facet normal 0 -1 -0
    outer loop
      vertex 97.9331 112.252 10
      vertex 95.8824 112.252 9.4
      vertex 97.9331 112.252 9.4
    endloop
  endfacet
  facet normal -1 0 0
    outer loop
      vertex 95.8824 112.252 9.4
      vertex 95.8824 115.456 10
      vertex 95.8824 115.456 9.4
    endloop
  endfacet
  facet normal -1 -0 0
    outer loop
      vertex 95.8824 115.456 10
      vertex 95.8824 112.252 9.4
      vertex 95.8824 112.252 10
    endloop
  endfacet
  facet normal 0 -1 0
    outer loop
      vertex 95.0822 115.456 9.4
      vertex 95.8824 115.456 10
      vertex 95.0822 115.456 10
    endloop
  endfacet
  facet normal 0 -1 -0
    outer loop
      vertex 95.8824 115.456 10
      vertex 95.0822 115.456 9.4
      vertex 95.8824 115.456 9.4
    endloop
  endfacet
  facet normal 1 -0 0
    outer loop
      vertex 95.0822 111.634 10
      vertex 95.0822 115.456 9.4
      vertex 95.0822 115.456 10
    endloop
  endfacet
  facet normal 1 0 0
    outer loop
      vertex 95.0822 115.456 9.4
      vertex 95.0822 111.634 10
      vertex 95.0822 111.634 9.4
    endloop
  endfacet
  facet normal 0 1 -0
    outer loop
      vertex 97.9331 111.634 9.4
      vertex 95.0822 111.634 10
      vertex 97.9331 111.634 10
    endloop
  endfacet
  facet normal 0 1 0
    outer loop
      vertex 95.0822 111.634 10
      vertex 97.9331 111.634 9.4
      vertex 95.0822 111.634 9.4
    endloop
  endfacet
  facet normal -1 0 0
    outer loop
      vertex 97.9331 111.634 9.4
      vertex 97.9331 112.252 10
      vertex 97.9331 112.252 9.4
    endloop
  endfacet
  facet normal -1 -0 0
    outer loop
      vertex 97.9331 112.252 10
      vertex 97.9331 111.634 9.4
      vertex 97.9331 111.634 10
    endloop
  endfacet
  facet normal -0 0 -1
    outer loop
      vertex 76.8 127.167 0
      vertex 70.275 127 0
      vertex 73.55 130.5 0
    endloop
  endfacet
  facet normal 0 0 -1
    outer loop
      vertex 67.75 126.173 0
      vertex 70.275 127 0
      vertex 76.8 127.167 0
    endloop
  endfacet
  facet normal -0 0 -1
    outer loop
      vertex 70.275 127 0
      vertex 67.75 126.173 0
      vertex 67.75 127 0
    endloop
  endfacet
  facet normal 0 0 -1
    outer loop
      vertex 107.55 123.9 0
      vertex 85.55 130.5 0
      vertex 103.55 130.5 0
    endloop
  endfacet
  facet normal 0 0 -1
    outer loop
      vertex 76.8 123.9 0
      vertex 85.55 130.5 0
      vertex 107.55 123.9 0
    endloop
  endfacet
  facet normal 0 0 -1
    outer loop
      vertex 76.8 127.167 0
      vertex 85.55 130.5 0
      vertex 76.8 123.9 0
    endloop
  endfacet
  facet normal -0 0 -1
    outer loop
      vertex 85.55 130.5 0
      vertex 76.8 127.167 0
      vertex 85.55 135.5 0
    endloop
  endfacet
  facet normal 0 0 -1
    outer loop
      vertex 73.55 135.5 0
      vertex 76.8 127.167 0
      vertex 73.55 130.5 0
    endloop
  endfacet
  facet normal 0 0 -1
    outer loop
      vertex 76.8 127.167 0
      vertex 73.55 135.5 0
      vertex 85.55 135.5 0
    endloop
  endfacet
  facet normal 0 0 -1
    outer loop
      vertex 121.55 123.5 0
      vertex 115.55 130.5 0
      vertex 121.55 123.9 0
    endloop
  endfacet
  facet normal 0 0 -1
    outer loop
      vertex 107.55 123.5 0
      vertex 115.55 130.5 0
      vertex 121.55 123.5 0
    endloop
  endfacet
  facet normal 0 0 -1
    outer loop
      vertex 107.55 123.9 0
      vertex 115.55 130.5 0
      vertex 107.55 123.5 0
    endloop
  endfacet
  facet normal 0 0 -1
    outer loop
      vertex 103.55 130.5 0
      vertex 115.55 130.5 0
      vertex 107.55 123.9 0
    endloop
  endfacet
  facet normal 0 0 -1
    outer loop
      vertex 115.55 130.5 0
      vertex 103.55 130.5 0
      vertex 115.55 135.5 0
    endloop
  endfacet
  facet normal -0 0 -1
    outer loop
      vertex 115.55 135.5 0
      vertex 103.55 130.5 0
      vertex 103.55 135.5 0
    endloop
  endfacet
  facet normal 0 0 -1
    outer loop
      vertex 129.8 123.9 0
      vertex 124.675 127 0
      vertex 129.8 127 0
    endloop
  endfacet
  facet normal 0 0 -1
    outer loop
      vertex 121.55 123.9 0
      vertex 124.675 127 0
      vertex 129.8 123.9 0
    endloop
  endfacet
  facet normal 0 0 -1
    outer loop
      vertex 115.55 130.5 0
      vertex 124.675 127 0
      vertex 121.55 123.9 0
    endloop
  endfacet
  facet normal 0 0 -1
    outer loop
      vertex 124.675 127 0
      vertex 115.55 130.5 0
      vertex 124.675 130.5 0
    endloop
  endfacet
  facet normal -0 0 -1
    outer loop
      vertex 73.55 130.5 0
      vertex 70.275 127 0
      vertex 70.275 130.5 0
    endloop
  endfacet
  facet normal 0 0 1
    outer loop
      vertex 85.55 135.5 10
      vertex 76.8 127.167 10
      vertex 85.55 130.5 10
    endloop
  endfacet
  facet normal -0 0 1
    outer loop
      vertex 73.55 135.5 10
      vertex 76.8 127.167 10
      vertex 85.55 135.5 10
    endloop
  endfacet
  facet normal -0 0 1
    outer loop
      vertex 73.55 130.5 10
      vertex 76.8 127.167 10
      vertex 73.55 135.5 10
    endloop
  endfacet
  facet normal 0 0 1
    outer loop
      vertex 70.275 127 10
      vertex 73.55 130.5 10
      vertex 70.275 130.5 10
    endloop
  endfacet
  facet normal 0 0 1
    outer loop
      vertex 73.55 130.5 10
      vertex 70.275 127 10
      vertex 76.8 127.167 10
    endloop
  endfacet
  facet normal -0 0 1
    outer loop
      vertex 70.275 127 10
      vertex 67.75 126.173 10
      vertex 76.8 127.167 10
    endloop
  endfacet
  facet normal 0 0 1
    outer loop
      vertex 67.75 126.173 10
      vertex 70.275 127 10
      vertex 67.75 127 10
    endloop
  endfacet
  facet normal 0 0 1
    outer loop
      vertex 108.169 126.585 10
      vertex 107.23 125.134 10
      vertex 109.056 125.134 10
    endloop
  endfacet
  facet normal 0 0 1
    outer loop
      vertex 109.056 125.134 10
      vertex 107.23 125.134 10
      vertex 107.55 123.9 10
    endloop
  endfacet
  facet normal -0 0 1
    outer loop
      vertex 106.43 125.134 10
      vertex 107.55 123.9 10
      vertex 107.23 125.134 10
    endloop
  endfacet
  facet normal 0 0 1
    outer loop
      vertex 105.976 125.134 10
      vertex 106.43 125.134 10
      vertex 105.976 125.701 10
    endloop
  endfacet
  facet normal -0 0 1
    outer loop
      vertex 105.976 125.134 10
      vertex 107.55 123.9 10
      vertex 106.43 125.134 10
    endloop
  endfacet
  facet normal -0 0 1
    outer loop
      vertex 103.391 125.134 10
      vertex 107.55 123.9 10
      vertex 105.976 125.134 10
    endloop
  endfacet
  facet normal -0 0 1
    outer loop
      vertex 103.021 125.134 10
      vertex 107.55 123.9 10
      vertex 103.391 125.134 10
    endloop
  endfacet
  facet normal -0 0 1
    outer loop
      vertex 102.121 125.134 10
      vertex 107.55 123.9 10
      vertex 103.021 125.134 10
    endloop
  endfacet
  facet normal 0 0 1
    outer loop
      vertex 100.295 125.134 10
      vertex 101.234 126.585 10
      vertex 100.295 126.585 10
    endloop
  endfacet
  facet normal 0 0 1
    outer loop
      vertex 101.234 126.585 10
      vertex 100.295 125.134 10
      vertex 102.121 125.134 10
    endloop
  endfacet
  facet normal -0 0 1
    outer loop
      vertex 100.295 125.134 10
      vertex 107.55 123.9 10
      vertex 102.121 125.134 10
    endloop
  endfacet
  facet normal -0 0 1
    outer loop
      vertex 99.4949 125.134 10
      vertex 107.55 123.9 10
      vertex 100.295 125.134 10
    endloop
  endfacet
  facet normal 0 0 1
    outer loop
      vertex 76.8 123.9 10
      vertex 85.55 130.5 10
      vertex 76.8 127.167 10
    endloop
  endfacet
  facet normal 0 0 1
    outer loop
      vertex 85.55 130.5 10
      vertex 76.8 123.9 10
      vertex 99.4949 125.134 10
    endloop
  endfacet
  facet normal 0 0 1
    outer loop
      vertex 99.4949 125.134 10
      vertex 76.8 123.9 10
      vertex 107.55 123.9 10
    endloop
  endfacet
  facet normal 0 0 1
    outer loop
      vertex 109.282 128.739 10
      vertex 115.55 130.5 10
      vertex 115.55 135.5 10
    endloop
  endfacet
  facet normal 0 0 1
    outer loop
      vertex 115.55 130.5 10
      vertex 109.767 127.816 10
      vertex 109.762 127.704 10
    endloop
  endfacet
  facet normal 0 0 1
    outer loop
      vertex 115.55 130.5 10
      vertex 109.759 127.969 10
      vertex 109.767 127.816 10
    endloop
  endfacet
  facet normal 0 0 1
    outer loop
      vertex 115.55 130.5 10
      vertex 109.736 128.11 10
      vertex 109.759 127.969 10
    endloop
  endfacet
  facet normal 0 0 1
    outer loop
      vertex 115.55 130.5 10
      vertex 109.698 128.241 10
      vertex 109.736 128.11 10
    endloop
  endfacet
  facet normal 0 0 1
    outer loop
      vertex 115.55 130.5 10
      vertex 109.645 128.362 10
      vertex 109.698 128.241 10
    endloop
  endfacet
  facet normal 0 0 1
    outer loop
      vertex 115.55 130.5 10
      vertex 109.577 128.472 10
      vertex 109.645 128.362 10
    endloop
  endfacet
  facet normal 0 0 1
    outer loop
      vertex 115.55 130.5 10
      vertex 109.494 128.572 10
      vertex 109.577 128.472 10
    endloop
  endfacet
  facet normal 0 0 1
    outer loop
      vertex 115.55 130.5 10
      vertex 109.395 128.661 10
      vertex 109.494 128.572 10
    endloop
  endfacet
  facet normal 0 0 1
    outer loop
      vertex 115.55 130.5 10
      vertex 109.282 128.739 10
      vertex 109.395 128.661 10
    endloop
  endfacet
  facet normal 0 0 1
    outer loop
      vertex 115.55 135.5 10
      vertex 109.157 128.805 10
      vertex 109.282 128.739 10
    endloop
  endfacet
  facet normal 0 0 1
    outer loop
      vertex 115.55 135.5 10
      vertex 109.019 128.86 10
      vertex 109.157 128.805 10
    endloop
  endfacet
  facet normal 0 0 1
    outer loop
      vertex 115.55 135.5 10
      vertex 108.868 128.902 10
      vertex 109.019 128.86 10
    endloop
  endfacet
  facet normal 0 0 1
    outer loop
      vertex 115.55 135.5 10
      vertex 108.705 128.932 10
      vertex 108.868 128.902 10
    endloop
  endfacet
  facet normal -0 0 1
    outer loop
      vertex 103.55 135.5 10
      vertex 108.705 128.932 10
      vertex 115.55 135.5 10
    endloop
  endfacet
  facet normal 0 0 1
    outer loop
      vertex 108.705 128.932 10
      vertex 103.55 135.5 10
      vertex 108.529 128.95 10
    endloop
  endfacet
  facet normal 0 0 1
    outer loop
      vertex 108.529 128.95 10
      vertex 103.55 135.5 10
      vertex 108.34 128.956 10
    endloop
  endfacet
  facet normal 0 0 1
    outer loop
      vertex 106.43 128.956 10
      vertex 105.976 125.701 10
      vertex 106.43 125.134 10
    endloop
  endfacet
  facet normal 0 0 1
    outer loop
      vertex 106.43 128.956 10
      vertex 105.1 128.956 10
      vertex 105.976 125.701 10
    endloop
  endfacet
  facet normal 0 0 1
    outer loop
      vertex 108.34 128.956 10
      vertex 103.55 135.5 10
      vertex 106.43 128.956 10
    endloop
  endfacet
  facet normal -0 0 1
    outer loop
      vertex 103.55 130.5 10
      vertex 106.43 128.956 10
      vertex 103.55 135.5 10
    endloop
  endfacet
  facet normal 0 0 1
    outer loop
      vertex 106.43 128.956 10
      vertex 103.55 130.5 10
      vertex 105.1 128.956 10
    endloop
  endfacet
  facet normal 0 0 1
    outer loop
      vertex 105.1 128.956 10
      vertex 103.55 130.5 10
      vertex 104.379 128.956 10
    endloop
  endfacet
  facet normal 0 0 1
    outer loop
      vertex 103.55 130.5 10
      vertex 103.421 128.335 10
      vertex 104.379 128.956 10
    endloop
  endfacet
  facet normal -0 0 1
    outer loop
      vertex 102.824 127.969 10
      vertex 103.421 127.735 10
      vertex 103.421 128.335 10
    endloop
  endfacet
  facet normal 0 0 1
    outer loop
      vertex 103.391 125.701 10
      vertex 103.021 125.134 10
      vertex 103.391 125.134 10
    endloop
  endfacet
  facet normal 0 0 1
    outer loop
      vertex 102.757 127.393 10
      vertex 103.421 127.735 10
      vertex 102.789 127.492 10
    endloop
  endfacet
  facet normal -0 0 1
    outer loop
      vertex 102.558 128.572 10
      vertex 103.421 128.335 10
      vertex 103.55 130.5 10
    endloop
  endfacet
  facet normal 0 0 1
    outer loop
      vertex 103.421 127.735 10
      vertex 102.831 127.816 10
      vertex 102.827 127.704 10
    endloop
  endfacet
  facet normal 0 0 1
    outer loop
      vertex 103.421 127.735 10
      vertex 102.824 127.969 10
      vertex 102.831 127.816 10
    endloop
  endfacet
  facet normal 0 0 1
    outer loop
      vertex 103.421 128.335 10
      vertex 102.801 128.11 10
      vertex 102.824 127.969 10
    endloop
  endfacet
  facet normal 0 0 1
    outer loop
      vertex 103.421 128.335 10
      vertex 102.763 128.241 10
      vertex 102.801 128.11 10
    endloop
  endfacet
  facet normal 0 0 1
    outer loop
      vertex 103.421 128.335 10
      vertex 102.71 128.362 10
      vertex 102.763 128.241 10
    endloop
  endfacet
  facet normal 0 0 1
    outer loop
      vertex 103.421 128.335 10
      vertex 102.642 128.472 10
      vertex 102.71 128.362 10
    endloop
  endfacet
  facet normal 0 0 1
    outer loop
      vertex 103.421 128.335 10
      vertex 102.558 128.572 10
      vertex 102.642 128.472 10
    endloop
  endfacet
  facet normal 0 0 1
    outer loop
      vertex 103.55 130.5 10
      vertex 102.46 128.661 10
      vertex 102.558 128.572 10
    endloop
  endfacet
  facet normal 0 0 1
    outer loop
      vertex 103.55 130.5 10
      vertex 102.347 128.739 10
      vertex 102.46 128.661 10
    endloop
  endfacet
  facet normal 0 0 1
    outer loop
      vertex 103.55 130.5 10
      vertex 102.222 128.805 10
      vertex 102.347 128.739 10
    endloop
  endfacet
  facet normal 0 0 1
    outer loop
      vertex 103.55 130.5 10
      vertex 102.084 128.86 10
      vertex 102.222 128.805 10
    endloop
  endfacet
  facet normal 0 0 1
    outer loop
      vertex 103.55 130.5 10
      vertex 101.933 128.902 10
      vertex 102.084 128.86 10
    endloop
  endfacet
  facet normal 0 0 1
    outer loop
      vertex 103.55 130.5 10
      vertex 101.77 128.932 10
      vertex 101.933 128.902 10
    endloop
  endfacet
  facet normal 0 0 1
    outer loop
      vertex 103.55 130.5 10
      vertex 101.593 128.95 10
      vertex 101.77 128.932 10
    endloop
  endfacet
  facet normal 0 0 1
    outer loop
      vertex 103.55 130.5 10
      vertex 101.405 128.956 10
      vertex 101.593 128.95 10
    endloop
  endfacet
  facet normal 0 0 1
    outer loop
      vertex 103.55 130.5 10
      vertex 99.4949 128.956 10
      vertex 101.405 128.956 10
    endloop
  endfacet
  facet normal 0 0 1
    outer loop
      vertex 99.4949 128.956 10
      vertex 85.55 130.5 10
      vertex 99.4949 125.134 10
    endloop
  endfacet
  facet normal -0 0 1
    outer loop
      vertex 85.55 130.5 10
      vertex 99.4949 128.956 10
      vertex 103.55 130.5 10
    endloop
  endfacet
  facet normal -0 0 1
    outer loop
      vertex 115.55 130.5 10
      vertex 124.675 127 10
      vertex 124.675 130.5 10
    endloop
  endfacet
  facet normal 0 0 1
    outer loop
      vertex 124.675 127 10
      vertex 115.55 130.5 10
      vertex 121.55 123.9 10
    endloop
  endfacet
  facet normal -0 0 1
    outer loop
      vertex 109.957 125.134 10
      vertex 121.55 123.9 10
      vertex 115.55 130.5 10
    endloop
  endfacet
  facet normal 0 0 1
    outer loop
      vertex 121.55 123.9 10
      vertex 109.957 125.134 10
      vertex 121.55 123.5 10
    endloop
  endfacet
  facet normal 0 0 1
    outer loop
      vertex 107.55 123.5 10
      vertex 109.957 125.134 10
      vertex 109.056 125.134 10
    endloop
  endfacet
  facet normal 0 0 1
    outer loop
      vertex 107.23 125.134 10
      vertex 108.169 126.585 10
      vertex 107.23 126.585 10
    endloop
  endfacet
  facet normal 0 0 1
    outer loop
      vertex 107.55 123.5 10
      vertex 109.056 125.134 10
      vertex 107.55 123.9 10
    endloop
  endfacet
  facet normal 0 0 1
    outer loop
      vertex 109.957 125.134 10
      vertex 107.55 123.5 10
      vertex 121.55 123.5 10
    endloop
  endfacet
  facet normal -0 0 1
    outer loop
      vertex 124.675 127 10
      vertex 129.8 123.9 10
      vertex 129.8 127 10
    endloop
  endfacet
  facet normal 0 0 1
    outer loop
      vertex 129.8 123.9 10
      vertex 124.675 127 10
      vertex 121.55 123.9 10
    endloop
  endfacet
  facet normal 0 0 1
    outer loop
      vertex 109.748 127.596 10
      vertex 115.55 130.5 10
      vertex 109.762 127.704 10
    endloop
  endfacet
  facet normal 0 0 1
    outer loop
      vertex 115.55 130.5 10
      vertex 109.748 127.596 10
      vertex 109.957 125.134 10
    endloop
  endfacet
  facet normal -0 0 1
    outer loop
      vertex 109.725 127.492 10
      vertex 109.957 125.134 10
      vertex 109.748 127.596 10
    endloop
  endfacet
  facet normal -0 0 1
    outer loop
      vertex 109.692 127.393 10
      vertex 109.957 125.134 10
      vertex 109.725 127.492 10
    endloop
  endfacet
  facet normal -0 0 1
    outer loop
      vertex 109.65 127.299 10
      vertex 109.957 125.134 10
      vertex 109.692 127.393 10
    endloop
  endfacet
  facet normal -0 0 1
    outer loop
      vertex 109.599 127.209 10
      vertex 109.957 125.134 10
      vertex 109.65 127.299 10
    endloop
  endfacet
  facet normal -0 0 1
    outer loop
      vertex 109.539 127.123 10
      vertex 109.957 125.134 10
      vertex 109.599 127.209 10
    endloop
  endfacet
  facet normal -0 0 1
    outer loop
      vertex 109.47 127.044 10
      vertex 109.957 125.134 10
      vertex 109.539 127.123 10
    endloop
  endfacet
  facet normal -0 0 1
    outer loop
      vertex 109.396 126.973 10
      vertex 109.957 125.134 10
      vertex 109.47 127.044 10
    endloop
  endfacet
  facet normal -0 0 1
    outer loop
      vertex 109.314 126.91 10
      vertex 109.957 125.134 10
      vertex 109.396 126.973 10
    endloop
  endfacet
  facet normal -0 0 1
    outer loop
      vertex 109.226 126.855 10
      vertex 109.957 125.134 10
      vertex 109.314 126.91 10
    endloop
  endfacet
  facet normal -0 0 1
    outer loop
      vertex 109.132 126.809 10
      vertex 109.957 125.134 10
      vertex 109.226 126.855 10
    endloop
  endfacet
  facet normal -0 0 1
    outer loop
      vertex 109.031 126.77 10
      vertex 109.957 125.134 10
      vertex 109.132 126.809 10
    endloop
  endfacet
  facet normal 0 0 1
    outer loop
      vertex 109.957 125.134 10
      vertex 109.031 126.77 10
      vertex 108.923 126.74 10
    endloop
  endfacet
  facet normal 0 0 1
    outer loop
      vertex 105.976 125.701 10
      vertex 105.1 128.956 10
      vertex 105.1 125.701 10
    endloop
  endfacet
  facet normal -0 0 1
    outer loop
      vertex 103.421 127.735 10
      vertex 104.338 125.701 10
      vertex 104.338 128.307 10
    endloop
  endfacet
  facet normal 0 0 1
    outer loop
      vertex 104.338 125.701 10
      vertex 103.421 127.735 10
      vertex 103.391 125.701 10
    endloop
  endfacet
  facet normal 0 0 1
    outer loop
      vertex 103.421 127.735 10
      vertex 102.827 127.704 10
      vertex 102.813 127.596 10
    endloop
  endfacet
  facet normal 0 0 1
    outer loop
      vertex 103.421 127.735 10
      vertex 102.813 127.596 10
      vertex 102.789 127.492 10
    endloop
  endfacet
  facet normal 0 0 1
    outer loop
      vertex 102.715 127.299 10
      vertex 103.421 127.735 10
      vertex 102.757 127.393 10
    endloop
  endfacet
  facet normal 0 0 1
    outer loop
      vertex 102.664 127.209 10
      vertex 103.421 127.735 10
      vertex 102.715 127.299 10
    endloop
  endfacet
  facet normal 0 0 1
    outer loop
      vertex 103.421 127.735 10
      vertex 102.664 127.209 10
      vertex 103.391 125.701 10
    endloop
  endfacet
  facet normal -0 0 1
    outer loop
      vertex 102.603 127.123 10
      vertex 103.391 125.701 10
      vertex 102.664 127.209 10
    endloop
  endfacet
  facet normal -0 0 1
    outer loop
      vertex 102.535 127.044 10
      vertex 103.391 125.701 10
      vertex 102.603 127.123 10
    endloop
  endfacet
  facet normal -0 0 1
    outer loop
      vertex 102.46 126.973 10
      vertex 103.391 125.701 10
      vertex 102.535 127.044 10
    endloop
  endfacet
  facet normal -0 0 1
    outer loop
      vertex 102.379 126.91 10
      vertex 103.391 125.701 10
      vertex 102.46 126.973 10
    endloop
  endfacet
  facet normal -0 0 1
    outer loop
      vertex 102.291 126.855 10
      vertex 103.391 125.701 10
      vertex 102.379 126.91 10
    endloop
  endfacet
  facet normal -0 0 1
    outer loop
      vertex 102.196 126.809 10
      vertex 103.391 125.701 10
      vertex 102.291 126.855 10
    endloop
  endfacet
  facet normal -0 0 1
    outer loop
      vertex 102.095 126.77 10
      vertex 103.391 125.701 10
      vertex 102.196 126.809 10
    endloop
  endfacet
  facet normal 0 0 1
    outer loop
      vertex 103.391 125.701 10
      vertex 102.095 126.77 10
      vertex 103.021 125.134 10
    endloop
  endfacet
  facet normal 0 0 1
    outer loop
      vertex 103.021 125.134 10
      vertex 102.095 126.77 10
      vertex 101.988 126.74 10
    endloop
  endfacet
  facet normal 0 0 1
    outer loop
      vertex 101.601 127.234 10
      vertex 102.022 127.708 10
      vertex 102.026 127.784 10
    endloop
  endfacet
  facet normal 0 0 1
    outer loop
      vertex 101.666 128.29 10
      vertex 102.026 127.784 10
      vertex 102.011 127.93 10
    endloop
  endfacet
  facet normal 0 0 1
    outer loop
      vertex 101.601 127.234 10
      vertex 102.026 127.784 10
      vertex 101.666 128.29 10
    endloop
  endfacet
  facet normal 0 0 1
    outer loop
      vertex 102.022 127.708 10
      vertex 101.673 127.256 10
      vertex 102.012 127.637 10
    endloop
  endfacet
  facet normal 0 0 1
    outer loop
      vertex 101.795 128.233 10
      vertex 102.011 127.93 10
      vertex 101.968 128.054 10
    endloop
  endfacet
  facet normal 0 -0 1
    outer loop
      vertex 101.74 127.284 10
      vertex 102.012 127.637 10
      vertex 101.673 127.256 10
    endloop
  endfacet
  facet normal 0 0 1
    outer loop
      vertex 102.012 127.637 10
      vertex 101.74 127.284 10
      vertex 101.994 127.571 10
    endloop
  endfacet
  facet normal 0 0 1
    outer loop
      vertex 101.795 128.233 10
      vertex 101.968 128.054 10
      vertex 101.896 128.155 10
    endloop
  endfacet
  facet normal 0 0 1
    outer loop
      vertex 102.011 127.93 10
      vertex 101.795 128.233 10
      vertex 101.666 128.29 10
    endloop
  endfacet
  facet normal 0 0 1
    outer loop
      vertex 101.969 127.511 10
      vertex 101.74 127.284 10
      vertex 101.937 127.455 10
    endloop
  endfacet
  facet normal 0 0 1
    outer loop
      vertex 101.937 127.455 10
      vertex 101.74 127.284 10
      vertex 101.898 127.404 10
    endloop
  endfacet
  facet normal 0 0 1
    outer loop
      vertex 101.898 127.404 10
      vertex 101.799 127.318 10
      vertex 101.852 127.358 10
    endloop
  endfacet
  facet normal 0 0 1
    outer loop
      vertex 101.898 127.404 10
      vertex 101.74 127.284 10
      vertex 101.799 127.318 10
    endloop
  endfacet
  facet normal 0 0 1
    outer loop
      vertex 101.994 127.571 10
      vertex 101.74 127.284 10
      vertex 101.969 127.511 10
    endloop
  endfacet
  facet normal 0 0 1
    outer loop
      vertex 102.022 127.708 10
      vertex 101.601 127.234 10
      vertex 101.673 127.256 10
    endloop
  endfacet
  facet normal 0 0 1
    outer loop
      vertex 101.508 128.323 10
      vertex 101.601 127.234 10
      vertex 101.666 128.29 10
    endloop
  endfacet
  facet normal 0 0 1
    outer loop
      vertex 101.601 127.234 10
      vertex 101.508 128.323 10
      vertex 101.521 127.219 10
    endloop
  endfacet
  facet normal 0 0 1
    outer loop
      vertex 101.508 128.323 10
      vertex 101.435 127.209 10
      vertex 101.521 127.219 10
    endloop
  endfacet
  facet normal 0 0 1
    outer loop
      vertex 101.32 128.335 10
      vertex 101.435 127.209 10
      vertex 101.508 128.323 10
    endloop
  endfacet
  facet normal 0 0 1
    outer loop
      vertex 101.435 127.209 10
      vertex 101.32 128.335 10
      vertex 101.342 127.206 10
    endloop
  endfacet
  facet normal 0 0 1
    outer loop
      vertex 100.295 127.206 10
      vertex 101.32 128.335 10
      vertex 100.295 128.335 10
    endloop
  endfacet
  facet normal 0 0 1
    outer loop
      vertex 101.32 128.335 10
      vertex 100.295 127.206 10
      vertex 101.342 127.206 10
    endloop
  endfacet
  facet normal 0 0 1
    outer loop
      vertex 108.536 127.234 10
      vertex 108.957 127.708 10
      vertex 108.961 127.784 10
    endloop
  endfacet
  facet normal 0 0 1
    outer loop
      vertex 108.601 128.29 10
      vertex 108.961 127.784 10
      vertex 108.947 127.93 10
    endloop
  endfacet
  facet normal 0 0 1
    outer loop
      vertex 108.536 127.234 10
      vertex 108.961 127.784 10
      vertex 108.601 128.29 10
    endloop
  endfacet
  facet normal 0 0 1
    outer loop
      vertex 108.957 127.708 10
      vertex 108.609 127.256 10
      vertex 108.947 127.637 10
    endloop
  endfacet
  facet normal 0 0 1
    outer loop
      vertex 108.731 128.233 10
      vertex 108.947 127.93 10
      vertex 108.903 128.054 10
    endloop
  endfacet
  facet normal 0 -0 1
    outer loop
      vertex 108.675 127.284 10
      vertex 108.947 127.637 10
      vertex 108.609 127.256 10
    endloop
  endfacet
  facet normal 0 0 1
    outer loop
      vertex 108.947 127.637 10
      vertex 108.675 127.284 10
      vertex 108.929 127.571 10
    endloop
  endfacet
  facet normal 0 0 1
    outer loop
      vertex 108.731 128.233 10
      vertex 108.903 128.054 10
      vertex 108.831 128.155 10
    endloop
  endfacet
  facet normal 0 0 1
    outer loop
      vertex 108.947 127.93 10
      vertex 108.731 128.233 10
      vertex 108.601 128.29 10
    endloop
  endfacet
  facet normal 0 0 1
    outer loop
      vertex 108.904 127.511 10
      vertex 108.675 127.284 10
      vertex 108.872 127.455 10
    endloop
  endfacet
  facet normal 0 0 1
    outer loop
      vertex 108.872 127.455 10
      vertex 108.675 127.284 10
      vertex 108.833 127.404 10
    endloop
  endfacet
  facet normal 0 0 1
    outer loop
      vertex 108.833 127.404 10
      vertex 108.734 127.318 10
      vertex 108.787 127.358 10
    endloop
  endfacet
  facet normal 0 0 1
    outer loop
      vertex 108.833 127.404 10
      vertex 108.675 127.284 10
      vertex 108.734 127.318 10
    endloop
  endfacet
  facet normal 0 0 1
    outer loop
      vertex 108.929 127.571 10
      vertex 108.675 127.284 10
      vertex 108.904 127.511 10
    endloop
  endfacet
  facet normal 0 0 1
    outer loop
      vertex 108.957 127.708 10
      vertex 108.536 127.234 10
      vertex 108.609 127.256 10
    endloop
  endfacet
  facet normal 0 0 1
    outer loop
      vertex 108.443 128.323 10
      vertex 108.536 127.234 10
      vertex 108.601 128.29 10
    endloop
  endfacet
  facet normal 0 0 1
    outer loop
      vertex 108.536 127.234 10
      vertex 108.443 128.323 10
      vertex 108.456 127.219 10
    endloop
  endfacet
  facet normal 0 0 1
    outer loop
      vertex 108.443 128.323 10
      vertex 108.37 127.209 10
      vertex 108.456 127.219 10
    endloop
  endfacet
  facet normal 0 0 1
    outer loop
      vertex 108.256 128.335 10
      vertex 108.37 127.209 10
      vertex 108.443 128.323 10
    endloop
  endfacet
  facet normal 0 0 1
    outer loop
      vertex 108.37 127.209 10
      vertex 108.256 128.335 10
      vertex 108.277 127.206 10
    endloop
  endfacet
  facet normal 0 0 1
    outer loop
      vertex 107.23 127.206 10
      vertex 108.256 128.335 10
      vertex 107.23 128.335 10
    endloop
  endfacet
  facet normal 0 0 1
    outer loop
      vertex 108.256 128.335 10
      vertex 107.23 127.206 10
      vertex 108.277 127.206 10
    endloop
  endfacet
  facet normal 0 -1 0
    outer loop
      vertex 121.55 123.9 0
      vertex 129.8 123.9 10
      vertex 121.55 123.9 10
    endloop
  endfacet
  facet normal 0 -1 -0
    outer loop
      vertex 129.8 123.9 10
      vertex 121.55 123.9 0
      vertex 129.8 123.9 0
    endloop
  endfacet
  facet normal 1 -0 0
    outer loop
      vertex 129.8 123.9 10
      vertex 129.8 127 0
      vertex 129.8 127 10
    endloop
  endfacet
  facet normal 1 0 0
    outer loop
      vertex 129.8 127 0
      vertex 129.8 123.9 10
      vertex 129.8 123.9 0
    endloop
  endfacet
  facet normal 0 1 -0
    outer loop
      vertex 129.8 127 0
      vertex 124.675 127 10
      vertex 129.8 127 10
    endloop
  endfacet
  facet normal 0 1 0
    outer loop
      vertex 124.675 127 10
      vertex 129.8 127 0
      vertex 124.675 127 0
    endloop
  endfacet
  facet normal 1 -0 0
    outer loop
      vertex 124.675 127 10
      vertex 124.675 130.5 0
      vertex 124.675 130.5 10
    endloop
  endfacet
  facet normal 1 0 0
    outer loop
      vertex 124.675 130.5 0
      vertex 124.675 127 10
      vertex 124.675 127 0
    endloop
  endfacet
  facet normal 0 1 -0
    outer loop
      vertex 124.675 130.5 0
      vertex 115.55 130.5 10
      vertex 124.675 130.5 10
    endloop
  endfacet
  facet normal 0 1 0
    outer loop
      vertex 115.55 130.5 10
      vertex 124.675 130.5 0
      vertex 115.55 130.5 0
    endloop
  endfacet
  facet normal 1 -0 0
    outer loop
      vertex 115.55 130.5 10
      vertex 115.55 135.5 0
      vertex 115.55 135.5 10
    endloop
  endfacet
  facet normal 1 0 0
    outer loop
      vertex 115.55 135.5 0
      vertex 115.55 130.5 10
      vertex 115.55 130.5 0
    endloop
  endfacet
  facet normal 0 1 -0
    outer loop
      vertex 115.55 135.5 0
      vertex 103.55 135.5 10
      vertex 115.55 135.5 10
    endloop
  endfacet
  facet normal 0 1 0
    outer loop
      vertex 103.55 135.5 10
      vertex 115.55 135.5 0
      vertex 103.55 135.5 0
    endloop
  endfacet
  facet normal -1 0 0
    outer loop
      vertex 103.55 130.5 0
      vertex 103.55 135.5 10
      vertex 103.55 135.5 0
    endloop
  endfacet
  facet normal -1 -0 0
    outer loop
      vertex 103.55 135.5 10
      vertex 103.55 130.5 0
      vertex 103.55 130.5 10
    endloop
  endfacet
  facet normal 0 1 -0
    outer loop
      vertex 103.55 130.5 0
      vertex 85.55 130.5 10
      vertex 103.55 130.5 10
    endloop
  endfacet
  facet normal 0 1 0
    outer loop
      vertex 85.55 130.5 10
      vertex 103.55 130.5 0
      vertex 85.55 130.5 0
    endloop
  endfacet
  facet normal 1 -0 0
    outer loop
      vertex 85.55 130.5 10
      vertex 85.55 135.5 0
      vertex 85.55 135.5 10
    endloop
  endfacet
  facet normal 1 0 0
    outer loop
      vertex 85.55 135.5 0
      vertex 85.55 130.5 10
      vertex 85.55 130.5 0
    endloop
  endfacet
  facet normal 0 1 -0
    outer loop
      vertex 85.55 135.5 0
      vertex 73.55 135.5 10
      vertex 85.55 135.5 10
    endloop
  endfacet
  facet normal 0 1 0
    outer loop
      vertex 73.55 135.5 10
      vertex 85.55 135.5 0
      vertex 73.55 135.5 0
    endloop
  endfacet
  facet normal -1 0 0
    outer loop
      vertex 73.55 130.5 0
      vertex 73.55 135.5 10
      vertex 73.55 135.5 0
    endloop
  endfacet
  facet normal -1 -0 0
    outer loop
      vertex 73.55 135.5 10
      vertex 73.55 130.5 0
      vertex 73.55 130.5 10
    endloop
  endfacet
  facet normal 0 1 -0
    outer loop
      vertex 73.55 130.5 0
      vertex 70.275 130.5 10
      vertex 73.55 130.5 10
    endloop
  endfacet
  facet normal 0 1 0
    outer loop
      vertex 70.275 130.5 10
      vertex 73.55 130.5 0
      vertex 70.275 130.5 0
    endloop
  endfacet
  facet normal -1 0 0
    outer loop
      vertex 70.275 127 0
      vertex 70.275 130.5 10
      vertex 70.275 130.5 0
    endloop
  endfacet
  facet normal -1 -0 0
    outer loop
      vertex 70.275 130.5 10
      vertex 70.275 127 0
      vertex 70.275 127 10
    endloop
  endfacet
  facet normal 0 1 -0
    outer loop
      vertex 70.275 127 0
      vertex 67.75 127 10
      vertex 70.275 127 10
    endloop
  endfacet
  facet normal 0 1 0
    outer loop
      vertex 67.75 127 10
      vertex 70.275 127 0
      vertex 67.75 127 0
    endloop
  endfacet
  facet normal -1 0 0
    outer loop
      vertex 67.75 126.173 0
      vertex 67.75 127 10
      vertex 67.75 127 0
    endloop
  endfacet
  facet normal -1 -0 0
    outer loop
      vertex 67.75 127 10
      vertex 67.75 126.173 0
      vertex 67.75 126.173 10
    endloop
  endfacet
  facet normal 0.109178 -0.994022 0
    outer loop
      vertex 67.75 126.173 0
      vertex 76.8 127.167 10
      vertex 67.75 126.173 10
    endloop
  endfacet
  facet normal 0.109178 -0.994022 0
    outer loop
      vertex 76.8 127.167 10
      vertex 67.75 126.173 0
      vertex 76.8 127.167 0
    endloop
  endfacet
  facet normal -1 0 0
    outer loop
      vertex 76.8 123.9 0
      vertex 76.8 127.167 10
      vertex 76.8 127.167 0
    endloop
  endfacet
  facet normal -1 -0 0
    outer loop
      vertex 76.8 127.167 10
      vertex 76.8 123.9 0
      vertex 76.8 123.9 10
    endloop
  endfacet
  facet normal 0 -1 0
    outer loop
      vertex 76.8 123.9 0
      vertex 107.55 123.9 10
      vertex 76.8 123.9 10
    endloop
  endfacet
  facet normal 0 -1 -0
    outer loop
      vertex 107.55 123.9 10
      vertex 76.8 123.9 0
      vertex 107.55 123.9 0
    endloop
  endfacet
  facet normal -1 0 0
    outer loop
      vertex 107.55 123.5 0
      vertex 107.55 123.9 10
      vertex 107.55 123.9 0
    endloop
  endfacet
  facet normal -1 -0 0
    outer loop
      vertex 107.55 123.9 10
      vertex 107.55 123.5 0
      vertex 107.55 123.5 10
    endloop
  endfacet
  facet normal 0 -1 0
    outer loop
      vertex 107.55 123.5 0
      vertex 121.55 123.5 10
      vertex 107.55 123.5 10
    endloop
  endfacet
  facet normal 0 -1 -0
    outer loop
      vertex 121.55 123.5 10
      vertex 107.55 123.5 0
      vertex 121.55 123.5 0
    endloop
  endfacet
  facet normal 1 -0 0
    outer loop
      vertex 121.55 123.5 10
      vertex 121.55 123.9 0
      vertex 121.55 123.9 10
    endloop
  endfacet
  facet normal 1 0 0
    outer loop
      vertex 121.55 123.9 0
      vertex 121.55 123.5 10
      vertex 121.55 123.5 0
    endloop
  endfacet
  facet normal 0 0 1
    outer loop
      vertex 102.824 127.969 9.4
      vertex 102.011 127.93 9.4
      vertex 102.026 127.784 9.4
    endloop
  endfacet
  facet normal 0 0 1
    outer loop
      vertex 102.222 128.805 9.4
      vertex 101.968 128.054 9.4
      vertex 102.011 127.93 9.4
    endloop
  endfacet
  facet normal 0 0 1
    outer loop
      vertex 101.795 128.233 9.4
      vertex 102.084 128.86 9.4
      vertex 101.933 128.902 9.4
    endloop
  endfacet
  facet normal 0 0 1
    outer loop
      vertex 102.222 128.805 9.4
      vertex 101.896 128.155 9.4
      vertex 101.968 128.054 9.4
    endloop
  endfacet
  facet normal 0 0 1
    outer loop
      vertex 102.222 128.805 9.4
      vertex 101.795 128.233 9.4
      vertex 101.896 128.155 9.4
    endloop
  endfacet
  facet normal 0 0 1
    outer loop
      vertex 101.666 128.29 9.4
      vertex 101.933 128.902 9.4
      vertex 101.77 128.932 9.4
    endloop
  endfacet
  facet normal 0 0 1
    outer loop
      vertex 101.933 128.902 9.4
      vertex 101.666 128.29 9.4
      vertex 101.795 128.233 9.4
    endloop
  endfacet
  facet normal 0 0 1
    outer loop
      vertex 101.508 128.323 9.4
      vertex 101.77 128.932 9.4
      vertex 101.593 128.95 9.4
    endloop
  endfacet
  facet normal 0 0 1
    outer loop
      vertex 101.77 128.932 9.4
      vertex 101.508 128.323 9.4
      vertex 101.666 128.29 9.4
    endloop
  endfacet
  facet normal 0 0 1
    outer loop
      vertex 101.405 128.956 9.4
      vertex 101.508 128.323 9.4
      vertex 101.593 128.95 9.4
    endloop
  endfacet
  facet normal 0 0 1
    outer loop
      vertex 101.405 128.956 9.4
      vertex 101.32 128.335 9.4
      vertex 101.508 128.323 9.4
    endloop
  endfacet
  facet normal 0 0 1
    outer loop
      vertex 101.405 128.956 9.4
      vertex 100.295 128.335 9.4
      vertex 101.32 128.335 9.4
    endloop
  endfacet
  facet normal 0 0 1
    outer loop
      vertex 99.4949 128.956 9.4
      vertex 100.295 127.206 9.4
      vertex 100.295 128.335 9.4
    endloop
  endfacet
  facet normal 0 0 1
    outer loop
      vertex 99.4949 125.134 9.4
      vertex 100.295 127.206 9.4
      vertex 99.4949 128.956 9.4
    endloop
  endfacet
  facet normal -0 0 1
    outer loop
      vertex 99.4949 128.956 9.4
      vertex 100.295 128.335 9.4
      vertex 101.405 128.956 9.4
    endloop
  endfacet
  facet normal 0 0 1
    outer loop
      vertex 100.295 127.206 9.4
      vertex 99.4949 125.134 9.4
      vertex 100.295 126.585 9.4
    endloop
  endfacet
  facet normal 0 0 1
    outer loop
      vertex 100.295 126.585 9.4
      vertex 99.4949 125.134 9.4
      vertex 100.295 125.134 9.4
    endloop
  endfacet
  facet normal 0 0 1
    outer loop
      vertex 102.026 127.784 9.4
      vertex 102.831 127.816 9.4
      vertex 102.824 127.969 9.4
    endloop
  endfacet
  facet normal 0 0 1
    outer loop
      vertex 102.831 127.816 9.4
      vertex 102.026 127.784 9.4
      vertex 102.827 127.704 9.4
    endloop
  endfacet
  facet normal 0 0 1
    outer loop
      vertex 102.011 127.93 9.4
      vertex 102.824 127.969 9.4
      vertex 102.801 128.11 9.4
    endloop
  endfacet
  facet normal -0 0 1
    outer loop
      vertex 102.022 127.708 9.4
      vertex 102.827 127.704 9.4
      vertex 102.026 127.784 9.4
    endloop
  endfacet
  facet normal 0 0 1
    outer loop
      vertex 102.011 127.93 9.4
      vertex 102.801 128.11 9.4
      vertex 102.763 128.241 9.4
    endloop
  endfacet
  facet normal 0 0 1
    outer loop
      vertex 102.827 127.704 9.4
      vertex 102.022 127.708 9.4
      vertex 102.813 127.596 9.4
    endloop
  endfacet
  facet normal 0 0 1
    outer loop
      vertex 102.813 127.596 9.4
      vertex 102.022 127.708 9.4
      vertex 102.789 127.492 9.4
    endloop
  endfacet
  facet normal 0 0 1
    outer loop
      vertex 102.011 127.93 9.4
      vertex 102.763 128.241 9.4
      vertex 102.71 128.362 9.4
    endloop
  endfacet
  facet normal -0 0 1
    outer loop
      vertex 102.012 127.637 9.4
      vertex 102.789 127.492 9.4
      vertex 102.022 127.708 9.4
    endloop
  endfacet
  facet normal 0 0 1
    outer loop
      vertex 102.011 127.93 9.4
      vertex 102.71 128.362 9.4
      vertex 102.642 128.472 9.4
    endloop
  endfacet
  facet normal 0 0 1
    outer loop
      vertex 102.789 127.492 9.4
      vertex 102.012 127.637 9.4
      vertex 102.757 127.393 9.4
    endloop
  endfacet
  facet normal 0 0 1
    outer loop
      vertex 102.011 127.93 9.4
      vertex 102.642 128.472 9.4
      vertex 102.558 128.572 9.4
    endloop
  endfacet
  facet normal 0 0 1
    outer loop
      vertex 102.757 127.393 9.4
      vertex 102.012 127.637 9.4
      vertex 102.715 127.299 9.4
    endloop
  endfacet
  facet normal -0 0 1
    outer loop
      vertex 101.994 127.571 9.4
      vertex 102.715 127.299 9.4
      vertex 102.012 127.637 9.4
    endloop
  endfacet
  facet normal 0 0 1
    outer loop
      vertex 102.011 127.93 9.4
      vertex 102.558 128.572 9.4
      vertex 102.46 128.661 9.4
    endloop
  endfacet
  facet normal 0 0 1
    outer loop
      vertex 102.715 127.299 9.4
      vertex 101.994 127.571 9.4
      vertex 102.664 127.209 9.4
    endloop
  endfacet
  facet normal 0 0 1
    outer loop
      vertex 102.011 127.93 9.4
      vertex 102.46 128.661 9.4
      vertex 102.347 128.739 9.4
    endloop
  endfacet
  facet normal -0 0 1
    outer loop
      vertex 101.969 127.511 9.4
      vertex 102.664 127.209 9.4
      vertex 101.994 127.571 9.4
    endloop
  endfacet
  facet normal 0 0 1
    outer loop
      vertex 102.011 127.93 9.4
      vertex 102.347 128.739 9.4
      vertex 102.222 128.805 9.4
    endloop
  endfacet
  facet normal 0 0 1
    outer loop
      vertex 102.664 127.209 9.4
      vertex 101.969 127.511 9.4
      vertex 102.603 127.123 9.4
    endloop
  endfacet
  facet normal 0 0 1
    outer loop
      vertex 102.603 127.123 9.4
      vertex 101.969 127.511 9.4
      vertex 102.535 127.044 9.4
    endloop
  endfacet
  facet normal 0 0 1
    outer loop
      vertex 101.795 128.233 9.4
      vertex 102.222 128.805 9.4
      vertex 102.084 128.86 9.4
    endloop
  endfacet
  facet normal -0 0 1
    outer loop
      vertex 101.937 127.455 9.4
      vertex 102.535 127.044 9.4
      vertex 101.969 127.511 9.4
    endloop
  endfacet
  facet normal 0 0 1
    outer loop
      vertex 102.535 127.044 9.4
      vertex 101.937 127.455 9.4
      vertex 102.46 126.973 9.4
    endloop
  endfacet
  facet normal 0 0 1
    outer loop
      vertex 102.46 126.973 9.4
      vertex 101.937 127.455 9.4
      vertex 102.379 126.91 9.4
    endloop
  endfacet
  facet normal -0 0 1
    outer loop
      vertex 101.898 127.404 9.4
      vertex 102.379 126.91 9.4
      vertex 101.937 127.455 9.4
    endloop
  endfacet
  facet normal 0 0 1
    outer loop
      vertex 102.379 126.91 9.4
      vertex 101.898 127.404 9.4
      vertex 102.291 126.855 9.4
    endloop
  endfacet
  facet normal -0 0 1
    outer loop
      vertex 101.852 127.358 9.4
      vertex 102.291 126.855 9.4
      vertex 101.898 127.404 9.4
    endloop
  endfacet
  facet normal 0 0 1
    outer loop
      vertex 101.988 126.74 9.4
      vertex 102.121 125.134 9.4
      vertex 103.021 125.134 9.4
    endloop
  endfacet
  facet normal 0 0 1
    outer loop
      vertex 102.291 126.855 9.4
      vertex 101.852 127.358 9.4
      vertex 102.196 126.809 9.4
    endloop
  endfacet
  facet normal 0 0 1
    outer loop
      vertex 102.196 126.809 9.4
      vertex 101.852 127.358 9.4
      vertex 102.095 126.77 9.4
    endloop
  endfacet
  facet normal -0 0 1
    outer loop
      vertex 101.799 127.318 9.4
      vertex 102.095 126.77 9.4
      vertex 101.852 127.358 9.4
    endloop
  endfacet
  facet normal 0 0 1
    outer loop
      vertex 102.095 126.77 9.4
      vertex 101.799 127.318 9.4
      vertex 101.988 126.74 9.4
    endloop
  endfacet
  facet normal -0 0 1
    outer loop
      vertex 101.74 127.284 9.4
      vertex 101.988 126.74 9.4
      vertex 101.799 127.318 9.4
    endloop
  endfacet
  facet normal -0 0 1
    outer loop
      vertex 101.673 127.256 9.4
      vertex 101.988 126.74 9.4
      vertex 101.74 127.284 9.4
    endloop
  endfacet
  facet normal -0 0 1
    outer loop
      vertex 101.601 127.234 9.4
      vertex 101.988 126.74 9.4
      vertex 101.673 127.256 9.4
    endloop
  endfacet
  facet normal -0 0 1
    outer loop
      vertex 101.521 127.219 9.4
      vertex 101.988 126.74 9.4
      vertex 101.601 127.234 9.4
    endloop
  endfacet
  facet normal 0 0 1
    outer loop
      vertex 101.988 126.74 9.4
      vertex 101.521 127.219 9.4
      vertex 101.234 126.585 9.4
    endloop
  endfacet
  facet normal 0 0 1
    outer loop
      vertex 101.234 126.585 9.4
      vertex 101.521 127.219 9.4
      vertex 101.435 127.209 9.4
    endloop
  endfacet
  facet normal 0 0 1
    outer loop
      vertex 101.234 126.585 9.4
      vertex 101.435 127.209 9.4
      vertex 101.342 127.206 9.4
    endloop
  endfacet
  facet normal 0 0 1
    outer loop
      vertex 101.988 126.74 9.4
      vertex 101.234 126.585 9.4
      vertex 102.121 125.134 9.4
    endloop
  endfacet
  facet normal -0 0 1
    outer loop
      vertex 100.295 127.206 9.4
      vertex 101.234 126.585 9.4
      vertex 101.342 127.206 9.4
    endloop
  endfacet
  facet normal 0 0 1
    outer loop
      vertex 101.234 126.585 9.4
      vertex 100.295 127.206 9.4
      vertex 100.295 126.585 9.4
    endloop
  endfacet
  facet normal 0 0 1
    outer loop
      vertex 104.338 128.307 9.4
      vertex 105.1 128.956 9.4
      vertex 104.379 128.956 9.4
    endloop
  endfacet
  facet normal -0 0 1
    outer loop
      vertex 105.1 125.701 9.4
      vertex 105.976 125.134 9.4
      vertex 105.976 125.701 9.4
    endloop
  endfacet
  facet normal 0 0 1
    outer loop
      vertex 105.1 128.956 9.4
      vertex 104.338 128.307 9.4
      vertex 105.1 125.701 9.4
    endloop
  endfacet
  facet normal 0 0 1
    outer loop
      vertex 104.338 125.701 9.4
      vertex 105.1 125.701 9.4
      vertex 104.338 128.307 9.4
    endloop
  endfacet
  facet normal -0 0 1
    outer loop
      vertex 104.338 125.701 9.4
      vertex 105.976 125.134 9.4
      vertex 105.1 125.701 9.4
    endloop
  endfacet
  facet normal 0 0 1
    outer loop
      vertex 103.391 125.134 9.4
      vertex 104.338 125.701 9.4
      vertex 103.391 125.701 9.4
    endloop
  endfacet
  facet normal 0 0 1
    outer loop
      vertex 104.338 125.701 9.4
      vertex 103.391 125.134 9.4
      vertex 105.976 125.134 9.4
    endloop
  endfacet
  facet normal -0 0 1
    outer loop
      vertex 103.421 128.335 9.4
      vertex 104.338 128.307 9.4
      vertex 104.379 128.956 9.4
    endloop
  endfacet
  facet normal 0 0 1
    outer loop
      vertex 104.338 128.307 9.4
      vertex 103.421 128.335 9.4
      vertex 103.421 127.735 9.4
    endloop
  endfacet
  facet normal 0 0 1
    outer loop
      vertex 109.759 127.969 9.4
      vertex 108.947 127.93 9.4
      vertex 108.961 127.784 9.4
    endloop
  endfacet
  facet normal 0 0 1
    outer loop
      vertex 109.157 128.805 9.4
      vertex 108.903 128.054 9.4
      vertex 108.947 127.93 9.4
    endloop
  endfacet
  facet normal 0 0 1
    outer loop
      vertex 108.731 128.233 9.4
      vertex 109.019 128.86 9.4
      vertex 108.868 128.902 9.4
    endloop
  endfacet
  facet normal 0 0 1
    outer loop
      vertex 109.157 128.805 9.4
      vertex 108.831 128.155 9.4
      vertex 108.903 128.054 9.4
    endloop
  endfacet
  facet normal 0 0 1
    outer loop
      vertex 109.157 128.805 9.4
      vertex 108.731 128.233 9.4
      vertex 108.831 128.155 9.4
    endloop
  endfacet
  facet normal 0 0 1
    outer loop
      vertex 108.601 128.29 9.4
      vertex 108.868 128.902 9.4
      vertex 108.705 128.932 9.4
    endloop
  endfacet
  facet normal 0 0 1
    outer loop
      vertex 108.868 128.902 9.4
      vertex 108.601 128.29 9.4
      vertex 108.731 128.233 9.4
    endloop
  endfacet
  facet normal 0 0 1
    outer loop
      vertex 108.443 128.323 9.4
      vertex 108.705 128.932 9.4
      vertex 108.529 128.95 9.4
    endloop
  endfacet
  facet normal 0 0 1
    outer loop
      vertex 108.705 128.932 9.4
      vertex 108.443 128.323 9.4
      vertex 108.601 128.29 9.4
    endloop
  endfacet
  facet normal 0 0 1
    outer loop
      vertex 108.34 128.956 9.4
      vertex 108.443 128.323 9.4
      vertex 108.529 128.95 9.4
    endloop
  endfacet
  facet normal 0 0 1
    outer loop
      vertex 108.34 128.956 9.4
      vertex 108.256 128.335 9.4
      vertex 108.443 128.323 9.4
    endloop
  endfacet
  facet normal 0 0 1
    outer loop
      vertex 108.34 128.956 9.4
      vertex 107.23 128.335 9.4
      vertex 108.256 128.335 9.4
    endloop
  endfacet
  facet normal 0 0 1
    outer loop
      vertex 106.43 128.956 9.4
      vertex 107.23 127.206 9.4
      vertex 107.23 128.335 9.4
    endloop
  endfacet
  facet normal 0 0 1
    outer loop
      vertex 106.43 125.134 9.4
      vertex 107.23 127.206 9.4
      vertex 106.43 128.956 9.4
    endloop
  endfacet
  facet normal -0 0 1
    outer loop
      vertex 106.43 128.956 9.4
      vertex 107.23 128.335 9.4
      vertex 108.34 128.956 9.4
    endloop
  endfacet
  facet normal 0 0 1
    outer loop
      vertex 107.23 127.206 9.4
      vertex 106.43 125.134 9.4
      vertex 107.23 126.585 9.4
    endloop
  endfacet
  facet normal 0 0 1
    outer loop
      vertex 107.23 126.585 9.4
      vertex 106.43 125.134 9.4
      vertex 107.23 125.134 9.4
    endloop
  endfacet
  facet normal 0 0 1
    outer loop
      vertex 108.961 127.784 9.4
      vertex 109.767 127.816 9.4
      vertex 109.759 127.969 9.4
    endloop
  endfacet
  facet normal 0 0 1
    outer loop
      vertex 109.767 127.816 9.4
      vertex 108.961 127.784 9.4
      vertex 109.762 127.704 9.4
    endloop
  endfacet
  facet normal 0 0 1
    outer loop
      vertex 108.947 127.93 9.4
      vertex 109.759 127.969 9.4
      vertex 109.736 128.11 9.4
    endloop
  endfacet
  facet normal -0 0 1
    outer loop
      vertex 108.957 127.708 9.4
      vertex 109.762 127.704 9.4
      vertex 108.961 127.784 9.4
    endloop
  endfacet
  facet normal 0 0 1
    outer loop
      vertex 108.947 127.93 9.4
      vertex 109.736 128.11 9.4
      vertex 109.698 128.241 9.4
    endloop
  endfacet
  facet normal 0 0 1
    outer loop
      vertex 109.762 127.704 9.4
      vertex 108.957 127.708 9.4
      vertex 109.748 127.596 9.4
    endloop
  endfacet
  facet normal 0 0 1
    outer loop
      vertex 109.748 127.596 9.4
      vertex 108.957 127.708 9.4
      vertex 109.725 127.492 9.4
    endloop
  endfacet
  facet normal 0 0 1
    outer loop
      vertex 108.947 127.93 9.4
      vertex 109.698 128.241 9.4
      vertex 109.645 128.362 9.4
    endloop
  endfacet
  facet normal -0 0 1
    outer loop
      vertex 108.947 127.637 9.4
      vertex 109.725 127.492 9.4
      vertex 108.957 127.708 9.4
    endloop
  endfacet
  facet normal 0 0 1
    outer loop
      vertex 108.947 127.93 9.4
      vertex 109.645 128.362 9.4
      vertex 109.577 128.472 9.4
    endloop
  endfacet
  facet normal 0 0 1
    outer loop
      vertex 109.725 127.492 9.4
      vertex 108.947 127.637 9.4
      vertex 109.692 127.393 9.4
    endloop
  endfacet
  facet normal 0 0 1
    outer loop
      vertex 108.947 127.93 9.4
      vertex 109.577 128.472 9.4
      vertex 109.494 128.572 9.4
    endloop
  endfacet
  facet normal 0 0 1
    outer loop
      vertex 109.692 127.393 9.4
      vertex 108.947 127.637 9.4
      vertex 109.65 127.299 9.4
    endloop
  endfacet
  facet normal -0 0 1
    outer loop
      vertex 108.929 127.571 9.4
      vertex 109.65 127.299 9.4
      vertex 108.947 127.637 9.4
    endloop
  endfacet
  facet normal 0 0 1
    outer loop
      vertex 108.947 127.93 9.4
      vertex 109.494 128.572 9.4
      vertex 109.395 128.661 9.4
    endloop
  endfacet
  facet normal 0 0 1
    outer loop
      vertex 109.65 127.299 9.4
      vertex 108.929 127.571 9.4
      vertex 109.599 127.209 9.4
    endloop
  endfacet
  facet normal 0 0 1
    outer loop
      vertex 108.947 127.93 9.4
      vertex 109.395 128.661 9.4
      vertex 109.282 128.739 9.4
    endloop
  endfacet
  facet normal -0 0 1
    outer loop
      vertex 108.904 127.511 9.4
      vertex 109.599 127.209 9.4
      vertex 108.929 127.571 9.4
    endloop
  endfacet
  facet normal 0 0 1
    outer loop
      vertex 108.947 127.93 9.4
      vertex 109.282 128.739 9.4
      vertex 109.157 128.805 9.4
    endloop
  endfacet
  facet normal 0 0 1
    outer loop
      vertex 109.599 127.209 9.4
      vertex 108.904 127.511 9.4
      vertex 109.539 127.123 9.4
    endloop
  endfacet
  facet normal 0 0 1
    outer loop
      vertex 109.539 127.123 9.4
      vertex 108.904 127.511 9.4
      vertex 109.47 127.044 9.4
    endloop
  endfacet
  facet normal 0 0 1
    outer loop
      vertex 108.731 128.233 9.4
      vertex 109.157 128.805 9.4
      vertex 109.019 128.86 9.4
    endloop
  endfacet
  facet normal -0 0 1
    outer loop
      vertex 108.872 127.455 9.4
      vertex 109.47 127.044 9.4
      vertex 108.904 127.511 9.4
    endloop
  endfacet
  facet normal 0 0 1
    outer loop
      vertex 109.47 127.044 9.4
      vertex 108.872 127.455 9.4
      vertex 109.396 126.973 9.4
    endloop
  endfacet
  facet normal 0 0 1
    outer loop
      vertex 109.396 126.973 9.4
      vertex 108.872 127.455 9.4
      vertex 109.314 126.91 9.4
    endloop
  endfacet
  facet normal -0 0 1
    outer loop
      vertex 108.833 127.404 9.4
      vertex 109.314 126.91 9.4
      vertex 108.872 127.455 9.4
    endloop
  endfacet
  facet normal 0 0 1
    outer loop
      vertex 109.314 126.91 9.4
      vertex 108.833 127.404 9.4
      vertex 109.226 126.855 9.4
    endloop
  endfacet
  facet normal -0 0 1
    outer loop
      vertex 108.787 127.358 9.4
      vertex 109.226 126.855 9.4
      vertex 108.833 127.404 9.4
    endloop
  endfacet
  facet normal 0 0 1
    outer loop
      vertex 108.923 126.74 9.4
      vertex 109.056 125.134 9.4
      vertex 109.957 125.134 9.4
    endloop
  endfacet
  facet normal 0 0 1
    outer loop
      vertex 109.226 126.855 9.4
      vertex 108.787 127.358 9.4
      vertex 109.132 126.809 9.4
    endloop
  endfacet
  facet normal 0 0 1
    outer loop
      vertex 109.132 126.809 9.4
      vertex 108.787 127.358 9.4
      vertex 109.031 126.77 9.4
    endloop
  endfacet
  facet normal -0 0 1
    outer loop
      vertex 108.734 127.318 9.4
      vertex 109.031 126.77 9.4
      vertex 108.787 127.358 9.4
    endloop
  endfacet
  facet normal 0 0 1
    outer loop
      vertex 109.031 126.77 9.4
      vertex 108.734 127.318 9.4
      vertex 108.923 126.74 9.4
    endloop
  endfacet
  facet normal -0 0 1
    outer loop
      vertex 108.675 127.284 9.4
      vertex 108.923 126.74 9.4
      vertex 108.734 127.318 9.4
    endloop
  endfacet
  facet normal -0 0 1
    outer loop
      vertex 108.609 127.256 9.4
      vertex 108.923 126.74 9.4
      vertex 108.675 127.284 9.4
    endloop
  endfacet
  facet normal -0 0 1
    outer loop
      vertex 108.536 127.234 9.4
      vertex 108.923 126.74 9.4
      vertex 108.609 127.256 9.4
    endloop
  endfacet
  facet normal -0 0 1
    outer loop
      vertex 108.456 127.219 9.4
      vertex 108.923 126.74 9.4
      vertex 108.536 127.234 9.4
    endloop
  endfacet
  facet normal 0 0 1
    outer loop
      vertex 108.923 126.74 9.4
      vertex 108.456 127.219 9.4
      vertex 108.169 126.585 9.4
    endloop
  endfacet
  facet normal 0 0 1
    outer loop
      vertex 108.169 126.585 9.4
      vertex 108.456 127.219 9.4
      vertex 108.37 127.209 9.4
    endloop
  endfacet
  facet normal 0 0 1
    outer loop
      vertex 108.169 126.585 9.4
      vertex 108.37 127.209 9.4
      vertex 108.277 127.206 9.4
    endloop
  endfacet
  facet normal 0 0 1
    outer loop
      vertex 108.923 126.74 9.4
      vertex 108.169 126.585 9.4
      vertex 109.056 125.134 9.4
    endloop
  endfacet
  facet normal -0 0 1
    outer loop
      vertex 107.23 127.206 9.4
      vertex 108.169 126.585 9.4
      vertex 108.277 127.206 9.4
    endloop
  endfacet
  facet normal 0 0 1
    outer loop
      vertex 108.169 126.585 9.4
      vertex 107.23 127.206 9.4
      vertex 107.23 126.585 9.4
    endloop
  endfacet
  facet normal 0 1 -0
    outer loop
      vertex 101.234 126.585 9.4
      vertex 100.295 126.585 10
      vertex 101.234 126.585 10
    endloop
  endfacet
  facet normal 0 1 0
    outer loop
      vertex 100.295 126.585 10
      vertex 101.234 126.585 9.4
      vertex 100.295 126.585 9.4
    endloop
  endfacet
  facet normal 0.853209 0.521569 6.71002e-17
    outer loop
      vertex 102.121 125.134 10
      vertex 101.234 126.585 9.4
      vertex 101.234 126.585 10
    endloop
  endfacet
  facet normal 0.853209 0.521569 6.71002e-17
    outer loop
      vertex 101.234 126.585 9.4
      vertex 102.121 125.134 10
      vertex 102.121 125.134 9.4
    endloop
  endfacet
  facet normal 0 1 -0
    outer loop
      vertex 103.021 125.134 9.4
      vertex 102.121 125.134 10
      vertex 103.021 125.134 10
    endloop
  endfacet
  facet normal 0 1 0
    outer loop
      vertex 102.121 125.134 10
      vertex 103.021 125.134 9.4
      vertex 102.121 125.134 9.4
    endloop
  endfacet
  facet normal -0.841042 -0.540969 4.24445e-17
    outer loop
      vertex 103.021 125.134 9.4
      vertex 101.988 126.74 10
      vertex 101.988 126.74 9.4
    endloop
  endfacet
  facet normal -0.841042 -0.540969 4.24445e-17
    outer loop
      vertex 101.988 126.74 10
      vertex 103.021 125.134 9.4
      vertex 103.021 125.134 10
    endloop
  endfacet
  facet normal -0.269964 0.962871 0
    outer loop
      vertex 102.095 126.77 9.4
      vertex 101.988 126.74 10
      vertex 102.095 126.77 10
    endloop
  endfacet
  facet normal -0.269964 0.962871 0
    outer loop
      vertex 101.988 126.74 10
      vertex 102.095 126.77 9.4
      vertex 101.988 126.74 9.4
    endloop
  endfacet
  facet normal -0.360217 0.932869 0
    outer loop
      vertex 102.196 126.809 9.4
      vertex 102.095 126.77 10
      vertex 102.196 126.809 10
    endloop
  endfacet
  facet normal -0.360217 0.932869 0
    outer loop
      vertex 102.095 126.77 10
      vertex 102.196 126.809 9.4
      vertex 102.095 126.77 9.4
    endloop
  endfacet
  facet normal -0.435809 0.900039 0
    outer loop
      vertex 102.291 126.855 9.4
      vertex 102.196 126.809 10
      vertex 102.291 126.855 10
    endloop
  endfacet
  facet normal -0.435809 0.900039 0
    outer loop
      vertex 102.196 126.809 10
      vertex 102.291 126.855 9.4
      vertex 102.196 126.809 9.4
    endloop
  endfacet
  facet normal -0.529999 0.847998 0
    outer loop
      vertex 102.379 126.91 9.4
      vertex 102.291 126.855 10
      vertex 102.379 126.91 10
    endloop
  endfacet
  facet normal -0.529999 0.847998 0
    outer loop
      vertex 102.291 126.855 10
      vertex 102.379 126.91 9.4
      vertex 102.291 126.855 9.4
    endloop
  endfacet
  facet normal -0.613941 0.789352 0
    outer loop
      vertex 102.46 126.973 9.4
      vertex 102.379 126.91 10
      vertex 102.46 126.973 10
    endloop
  endfacet
  facet normal -0.613941 0.789352 0
    outer loop
      vertex 102.379 126.91 10
      vertex 102.46 126.973 9.4
      vertex 102.379 126.91 9.4
    endloop
  endfacet
  facet normal -0.687476 0.726207 0
    outer loop
      vertex 102.535 127.044 9.4
      vertex 102.46 126.973 10
      vertex 102.535 127.044 10
    endloop
  endfacet
  facet normal -0.687476 0.726207 0
    outer loop
      vertex 102.46 126.973 10
      vertex 102.535 127.044 9.4
      vertex 102.46 126.973 9.4
    endloop
  endfacet
  facet normal -0.757901 0.65237 4.06252e-18
    outer loop
      vertex 102.535 127.044 9.4
      vertex 102.603 127.123 10
      vertex 102.603 127.123 9.4
    endloop
  endfacet
  facet normal -0.757901 0.65237 4.06252e-18
    outer loop
      vertex 102.603 127.123 10
      vertex 102.535 127.044 9.4
      vertex 102.535 127.044 10
    endloop
  endfacet
  facet normal -0.815652 0.578544 2.3569e-18
    outer loop
      vertex 102.603 127.123 9.4
      vertex 102.664 127.209 10
      vertex 102.664 127.209 9.4
    endloop
  endfacet
  facet normal -0.815652 0.578544 2.3569e-18
    outer loop
      vertex 102.664 127.209 10
      vertex 102.603 127.123 9.4
      vertex 102.603 127.123 10
    endloop
  endfacet
  facet normal -0.870022 0.493013 -4.19012e-18
    outer loop
      vertex 102.664 127.209 9.4
      vertex 102.715 127.299 10
      vertex 102.715 127.299 9.4
    endloop
  endfacet
  facet normal -0.870022 0.493013 -4.19012e-18
    outer loop
      vertex 102.715 127.299 10
      vertex 102.664 127.209 9.4
      vertex 102.664 127.209 10
    endloop
  endfacet
  facet normal -0.913009 0.40794 1.27424e-18
    outer loop
      vertex 102.715 127.299 9.4
      vertex 102.757 127.393 10
      vertex 102.757 127.393 9.4
    endloop
  endfacet
  facet normal -0.913009 0.40794 1.27424e-18
    outer loop
      vertex 102.757 127.393 10
      vertex 102.715 127.299 9.4
      vertex 102.715 127.299 10
    endloop
  endfacet
  facet normal -0.951527 0.307564 -1.77802e-18
    outer loop
      vertex 102.757 127.393 9.4
      vertex 102.789 127.492 10
      vertex 102.789 127.492 9.4
    endloop
  endfacet
  facet normal -0.951527 0.307564 -1.77802e-18
    outer loop
      vertex 102.789 127.492 10
      vertex 102.757 127.393 9.4
      vertex 102.757 127.393 10
    endloop
  endfacet
  facet normal -0.974391 0.22486 1.1364e-18
    outer loop
      vertex 102.789 127.492 9.4
      vertex 102.813 127.596 10
      vertex 102.813 127.596 9.4
    endloop
  endfacet
  facet normal -0.974391 0.22486 1.1364e-18
    outer loop
      vertex 102.813 127.596 10
      vertex 102.789 127.492 9.4
      vertex 102.789 127.492 10
    endloop
  endfacet
  facet normal -0.991703 0.128554 6.40982e-19
    outer loop
      vertex 102.813 127.596 9.4
      vertex 102.827 127.704 10
      vertex 102.827 127.704 9.4
    endloop
  endfacet
  facet normal -0.991703 0.128554 6.40982e-19
    outer loop
      vertex 102.827 127.704 10
      vertex 102.813 127.596 9.4
      vertex 102.813 127.596 10
    endloop
  endfacet
  facet normal -0.999363 0.0356915 -2.3538e-19
    outer loop
      vertex 102.827 127.704 9.4
      vertex 102.831 127.816 10
      vertex 102.831 127.816 9.4
    endloop
  endfacet
  facet normal -0.999363 0.0356915 -2.3538e-19
    outer loop
      vertex 102.831 127.816 10
      vertex 102.827 127.704 9.4
      vertex 102.827 127.704 10
    endloop
  endfacet
  facet normal -0.998955 -0.0457038 -8.74988e-19
    outer loop
      vertex 102.831 127.816 9.4
      vertex 102.824 127.969 10
      vertex 102.824 127.969 9.4
    endloop
  endfacet
  facet normal -0.998955 -0.0457038 -8.74988e-19
    outer loop
      vertex 102.824 127.969 10
      vertex 102.831 127.816 9.4
      vertex 102.831 127.816 10
    endloop
  endfacet
  facet normal -0.986956 -0.160993 9.62983e-19
    outer loop
      vertex 102.824 127.969 9.4
      vertex 102.801 128.11 10
      vertex 102.801 128.11 9.4
    endloop
  endfacet
  facet normal -0.986956 -0.160993 9.62983e-19
    outer loop
      vertex 102.801 128.11 10
      vertex 102.824 127.969 9.4
      vertex 102.824 127.969 10
    endloop
  endfacet
  facet normal -0.96041 -0.278592 -2.81354e-18
    outer loop
      vertex 102.801 128.11 9.4
      vertex 102.763 128.241 10
      vertex 102.763 128.241 9.4
    endloop
  endfacet
  facet normal -0.96041 -0.278592 -2.81354e-18
    outer loop
      vertex 102.763 128.241 10
      vertex 102.801 128.11 9.4
      vertex 102.801 128.11 10
    endloop
  endfacet
  facet normal -0.915984 -0.401216 -4.62808e-18
    outer loop
      vertex 102.763 128.241 9.4
      vertex 102.71 128.362 10
      vertex 102.71 128.362 9.4
    endloop
  endfacet
  facet normal -0.915984 -0.401216 -4.62808e-18
    outer loop
      vertex 102.71 128.362 10
      vertex 102.763 128.241 9.4
      vertex 102.763 128.241 10
    endloop
  endfacet
  facet normal -0.850595 -0.525822 1.39506e-19
    outer loop
      vertex 102.71 128.362 9.4
      vertex 102.642 128.472 10
      vertex 102.642 128.472 9.4
    endloop
  endfacet
  facet normal -0.850595 -0.525822 1.39506e-19
    outer loop
      vertex 102.642 128.472 10
      vertex 102.71 128.362 9.4
      vertex 102.71 128.362 10
    endloop
  endfacet
  facet normal -0.765705 -0.643192 -7.72177e-18
    outer loop
      vertex 102.642 128.472 9.4
      vertex 102.558 128.572 10
      vertex 102.558 128.572 9.4
    endloop
  endfacet
  facet normal -0.765705 -0.643192 -7.72177e-18
    outer loop
      vertex 102.558 128.572 10
      vertex 102.642 128.472 9.4
      vertex 102.642 128.472 10
    endloop
  endfacet
  facet normal -0.672297 -0.740282 0
    outer loop
      vertex 102.46 128.661 9.4
      vertex 102.558 128.572 10
      vertex 102.46 128.661 10
    endloop
  endfacet
  facet normal -0.672297 -0.740282 -0
    outer loop
      vertex 102.558 128.572 10
      vertex 102.46 128.661 9.4
      vertex 102.558 128.572 9.4
    endloop
  endfacet
  facet normal -0.568073 -0.822978 0
    outer loop
      vertex 102.347 128.739 9.4
      vertex 102.46 128.661 10
      vertex 102.347 128.739 10
    endloop
  endfacet
  facet normal -0.568073 -0.822978 -0
    outer loop
      vertex 102.46 128.661 10
      vertex 102.347 128.739 9.4
      vertex 102.46 128.661 9.4
    endloop
  endfacet
  facet normal -0.466912 -0.884304 0
    outer loop
      vertex 102.222 128.805 9.4
      vertex 102.347 128.739 10
      vertex 102.222 128.805 10
    endloop
  endfacet
  facet normal -0.466912 -0.884304 -0
    outer loop
      vertex 102.347 128.739 10
      vertex 102.222 128.805 9.4
      vertex 102.347 128.739 9.4
    endloop
  endfacet
  facet normal -0.37023 -0.92894 0
    outer loop
      vertex 102.084 128.86 9.4
      vertex 102.222 128.805 10
      vertex 102.084 128.86 10
    endloop
  endfacet
  facet normal -0.37023 -0.92894 -0
    outer loop
      vertex 102.222 128.805 10
      vertex 102.084 128.86 9.4
      vertex 102.222 128.805 9.4
    endloop
  endfacet
  facet normal -0.267973 -0.963426 0
    outer loop
      vertex 101.933 128.902 9.4
      vertex 102.084 128.86 10
      vertex 101.933 128.902 10
    endloop
  endfacet
  facet normal -0.267973 -0.963426 -0
    outer loop
      vertex 102.084 128.86 10
      vertex 101.933 128.902 9.4
      vertex 102.084 128.86 9.4
    endloop
  endfacet
  facet normal -0.181009 -0.983481 0
    outer loop
      vertex 101.77 128.932 9.4
      vertex 101.933 128.902 10
      vertex 101.77 128.932 10
    endloop
  endfacet
  facet normal -0.181009 -0.983481 -0
    outer loop
      vertex 101.933 128.902 10
      vertex 101.77 128.932 9.4
      vertex 101.933 128.902 9.4
    endloop
  endfacet
  facet normal -0.101173 -0.994869 0
    outer loop
      vertex 101.593 128.95 9.4
      vertex 101.77 128.932 10
      vertex 101.593 128.95 10
    endloop
  endfacet
  facet normal -0.101173 -0.994869 -0
    outer loop
      vertex 101.77 128.932 10
      vertex 101.593 128.95 9.4
      vertex 101.77 128.932 9.4
    endloop
  endfacet
  facet normal -0.0318987 -0.999491 0
    outer loop
      vertex 101.405 128.956 9.4
      vertex 101.593 128.95 10
      vertex 101.405 128.956 10
    endloop
  endfacet
  facet normal -0.0318987 -0.999491 -0
    outer loop
      vertex 101.593 128.95 10
      vertex 101.405 128.956 9.4
      vertex 101.593 128.95 9.4
    endloop
  endfacet
  facet normal 0 -1 0
    outer loop
      vertex 99.4949 128.956 9.4
      vertex 101.405 128.956 10
      vertex 99.4949 128.956 10
    endloop
  endfacet
  facet normal 0 -1 -0
    outer loop
      vertex 101.405 128.956 10
      vertex 99.4949 128.956 9.4
      vertex 101.405 128.956 9.4
    endloop
  endfacet
  facet normal 1 -0 0
    outer loop
      vertex 99.4949 125.134 10
      vertex 99.4949 128.956 9.4
      vertex 99.4949 128.956 10
    endloop
  endfacet
  facet normal 1 0 0
    outer loop
      vertex 99.4949 128.956 9.4
      vertex 99.4949 125.134 10
      vertex 99.4949 125.134 9.4
    endloop
  endfacet
  facet normal 0 1 -0
    outer loop
      vertex 100.295 125.134 9.4
      vertex 99.4949 125.134 10
      vertex 100.295 125.134 10
    endloop
  endfacet
  facet normal 0 1 0
    outer loop
      vertex 99.4949 125.134 10
      vertex 100.295 125.134 9.4
      vertex 99.4949 125.134 9.4
    endloop
  endfacet
  facet normal -1 0 0
    outer loop
      vertex 100.295 125.134 9.4
      vertex 100.295 126.585 10
      vertex 100.295 126.585 9.4
    endloop
  endfacet
  facet normal -1 -0 0
    outer loop
      vertex 100.295 126.585 10
      vertex 100.295 125.134 9.4
      vertex 100.295 125.134 10
    endloop
  endfacet
  facet normal -1 0 0
    outer loop
      vertex 100.295 127.206 9.4
      vertex 100.295 128.335 10
      vertex 100.295 128.335 9.4
    endloop
  endfacet
  facet normal -1 -0 0
    outer loop
      vertex 100.295 128.335 10
      vertex 100.295 127.206 9.4
      vertex 100.295 127.206 10
    endloop
  endfacet
  facet normal 0 1 -0
    outer loop
      vertex 101.32 128.335 9.4
      vertex 100.295 128.335 10
      vertex 101.32 128.335 10
    endloop
  endfacet
  facet normal 0 1 0
    outer loop
      vertex 100.295 128.335 10
      vertex 101.32 128.335 9.4
      vertex 100.295 128.335 9.4
    endloop
  endfacet
  facet normal 0.0637002 0.997969 -0
    outer loop
      vertex 101.508 128.323 9.4
      vertex 101.32 128.335 10
      vertex 101.508 128.323 10
    endloop
  endfacet
  facet normal 0.0637002 0.997969 0
    outer loop
      vertex 101.32 128.335 10
      vertex 101.508 128.323 9.4
      vertex 101.32 128.335 9.4
    endloop
  endfacet
  facet normal 0.204449 0.978877 -0
    outer loop
      vertex 101.666 128.29 9.4
      vertex 101.508 128.323 10
      vertex 101.666 128.29 10
    endloop
  endfacet
  facet normal 0.204449 0.978877 0
    outer loop
      vertex 101.508 128.323 10
      vertex 101.666 128.29 9.4
      vertex 101.508 128.323 9.4
    endloop
  endfacet
  facet normal 0.404164 0.914687 -0
    outer loop
      vertex 101.795 128.233 9.4
      vertex 101.666 128.29 10
      vertex 101.795 128.233 10
    endloop
  endfacet
  facet normal 0.404164 0.914687 0
    outer loop
      vertex 101.666 128.29 10
      vertex 101.795 128.233 9.4
      vertex 101.666 128.29 9.4
    endloop
  endfacet
  facet normal 0.611224 0.791457 -0
    outer loop
      vertex 101.896 128.155 9.4
      vertex 101.795 128.233 10
      vertex 101.896 128.155 10
    endloop
  endfacet
  facet normal 0.611224 0.791457 0
    outer loop
      vertex 101.795 128.233 10
      vertex 101.896 128.155 9.4
      vertex 101.795 128.233 9.4
    endloop
  endfacet
  facet normal 0.814278 0.580475 -5.01766e-18
    outer loop
      vertex 101.968 128.054 10
      vertex 101.896 128.155 9.4
      vertex 101.896 128.155 10
    endloop
  endfacet
  facet normal 0.814278 0.580475 -5.01766e-18
    outer loop
      vertex 101.896 128.155 9.4
      vertex 101.968 128.054 10
      vertex 101.968 128.054 9.4
    endloop
  endfacet
  facet normal 0.944805 0.327634 1.0137e-18
    outer loop
      vertex 102.011 127.93 10
      vertex 101.968 128.054 9.4
      vertex 101.968 128.054 10
    endloop
  endfacet
  facet normal 0.944805 0.327634 1.0137e-18
    outer loop
      vertex 101.968 128.054 9.4
      vertex 102.011 127.93 10
      vertex 102.011 127.93 9.4
    endloop
  endfacet
  facet normal 0.994764 0.102202 1.7477e-18
    outer loop
      vertex 102.026 127.784 10
      vertex 102.011 127.93 9.4
      vertex 102.011 127.93 10
    endloop
  endfacet
  facet normal 0.994764 0.102202 1.7477e-18
    outer loop
      vertex 102.011 127.93 9.4
      vertex 102.026 127.784 10
      vertex 102.026 127.784 9.4
    endloop
  endfacet
  facet normal 0.998618 -0.0525588 3.28534e-19
    outer loop
      vertex 102.022 127.708 10
      vertex 102.026 127.784 9.4
      vertex 102.026 127.784 10
    endloop
  endfacet
  facet normal 0.998618 -0.0525588 3.28534e-19
    outer loop
      vertex 102.026 127.784 9.4
      vertex 102.022 127.708 10
      vertex 102.022 127.708 9.4
    endloop
  endfacet
  facet normal 0.990227 -0.139469 7.06463e-19
    outer loop
      vertex 102.012 127.637 10
      vertex 102.022 127.708 9.4
      vertex 102.022 127.708 10
    endloop
  endfacet
  facet normal 0.990227 -0.139469 7.06463e-19
    outer loop
      vertex 102.022 127.708 9.4
      vertex 102.012 127.637 10
      vertex 102.012 127.637 9.4
    endloop
  endfacet
  facet normal 0.964764 -0.263117 3.4892e-19
    outer loop
      vertex 101.994 127.571 10
      vertex 102.012 127.637 9.4
      vertex 102.012 127.637 10
    endloop
  endfacet
  facet normal 0.964764 -0.263117 3.4892e-19
    outer loop
      vertex 102.012 127.637 9.4
      vertex 101.994 127.571 10
      vertex 101.994 127.571 9.4
    endloop
  endfacet
  facet normal 0.923077 -0.384615 -7.56162e-19
    outer loop
      vertex 101.969 127.511 10
      vertex 101.994 127.571 9.4
      vertex 101.994 127.571 10
    endloop
  endfacet
  facet normal 0.923077 -0.384615 -7.56162e-19
    outer loop
      vertex 101.994 127.571 9.4
      vertex 101.969 127.511 10
      vertex 101.969 127.511 9.4
    endloop
  endfacet
  facet normal 0.868243 -0.496139 4.70855e-19
    outer loop
      vertex 101.937 127.455 10
      vertex 101.969 127.511 9.4
      vertex 101.969 127.511 10
    endloop
  endfacet
  facet normal 0.868243 -0.496139 4.70855e-19
    outer loop
      vertex 101.969 127.511 9.4
      vertex 101.937 127.455 10
      vertex 101.937 127.455 9.4
    endloop
  endfacet
  facet normal 0.794358 -0.60745 -1.42446e-18
    outer loop
      vertex 101.898 127.404 10
      vertex 101.937 127.455 9.4
      vertex 101.937 127.455 10
    endloop
  endfacet
  facet normal 0.794358 -0.60745 -1.42446e-18
    outer loop
      vertex 101.937 127.455 9.4
      vertex 101.898 127.404 10
      vertex 101.898 127.404 9.4
    endloop
  endfacet
  facet normal 0.707107 -0.707107 0
    outer loop
      vertex 101.852 127.358 9.4
      vertex 101.898 127.404 10
      vertex 101.852 127.358 10
    endloop
  endfacet
  facet normal 0.707107 -0.707107 0
    outer loop
      vertex 101.898 127.404 10
      vertex 101.852 127.358 9.4
      vertex 101.898 127.404 9.4
    endloop
  endfacet
  facet normal 0.602407 -0.798189 0
    outer loop
      vertex 101.799 127.318 9.4
      vertex 101.852 127.358 10
      vertex 101.799 127.318 10
    endloop
  endfacet
  facet normal 0.602407 -0.798189 0
    outer loop
      vertex 101.852 127.358 10
      vertex 101.799 127.318 9.4
      vertex 101.852 127.358 9.4
    endloop
  endfacet
  facet normal 0.499299 -0.86643 0
    outer loop
      vertex 101.74 127.284 9.4
      vertex 101.799 127.318 10
      vertex 101.74 127.284 10
    endloop
  endfacet
  facet normal 0.499299 -0.86643 0
    outer loop
      vertex 101.799 127.318 10
      vertex 101.74 127.284 9.4
      vertex 101.799 127.318 9.4
    endloop
  endfacet
  facet normal 0.385593 -0.922669 0
    outer loop
      vertex 101.673 127.256 9.4
      vertex 101.74 127.284 10
      vertex 101.673 127.256 10
    endloop
  endfacet
  facet normal 0.385593 -0.922669 0
    outer loop
      vertex 101.74 127.284 10
      vertex 101.673 127.256 9.4
      vertex 101.74 127.284 9.4
    endloop
  endfacet
  facet normal 0.292219 -0.956352 0
    outer loop
      vertex 101.601 127.234 9.4
      vertex 101.673 127.256 10
      vertex 101.601 127.234 10
    endloop
  endfacet
  facet normal 0.292219 -0.956352 0
    outer loop
      vertex 101.673 127.256 10
      vertex 101.601 127.234 9.4
      vertex 101.673 127.256 9.4
    endloop
  endfacet
  facet normal 0.184289 -0.982872 0
    outer loop
      vertex 101.521 127.219 9.4
      vertex 101.601 127.234 10
      vertex 101.521 127.219 10
    endloop
  endfacet
  facet normal 0.184289 -0.982872 0
    outer loop
      vertex 101.601 127.234 10
      vertex 101.521 127.219 9.4
      vertex 101.601 127.234 9.4
    endloop
  endfacet
  facet normal 0.115501 -0.993307 0
    outer loop
      vertex 101.435 127.209 9.4
      vertex 101.521 127.219 10
      vertex 101.435 127.209 10
    endloop
  endfacet
  facet normal 0.115501 -0.993307 0
    outer loop
      vertex 101.521 127.219 10
      vertex 101.435 127.209 9.4
      vertex 101.521 127.219 9.4
    endloop
  endfacet
  facet normal 0.0322413 -0.99948 0
    outer loop
      vertex 101.342 127.206 9.4
      vertex 101.435 127.209 10
      vertex 101.342 127.206 10
    endloop
  endfacet
  facet normal 0.0322413 -0.99948 0
    outer loop
      vertex 101.435 127.209 10
      vertex 101.342 127.206 9.4
      vertex 101.435 127.209 9.4
    endloop
  endfacet
  facet normal 0 -1 0
    outer loop
      vertex 100.295 127.206 9.4
      vertex 101.342 127.206 10
      vertex 100.295 127.206 10
    endloop
  endfacet
  facet normal 0 -1 -0
    outer loop
      vertex 101.342 127.206 10
      vertex 100.295 127.206 9.4
      vertex 101.342 127.206 9.4
    endloop
  endfacet
  facet normal 0 -1 0
    outer loop
      vertex 105.1 125.701 9.4
      vertex 105.976 125.701 10
      vertex 105.1 125.701 10
    endloop
  endfacet
  facet normal 0 -1 -0
    outer loop
      vertex 105.976 125.701 10
      vertex 105.1 125.701 9.4
      vertex 105.976 125.701 9.4
    endloop
  endfacet
  facet normal -1 0 0
    outer loop
      vertex 105.1 125.701 9.4
      vertex 105.1 128.956 10
      vertex 105.1 128.956 9.4
    endloop
  endfacet
  facet normal -1 -0 0
    outer loop
      vertex 105.1 128.956 10
      vertex 105.1 125.701 9.4
      vertex 105.1 125.701 10
    endloop
  endfacet
  facet normal 0 -1 0
    outer loop
      vertex 104.379 128.956 9.4
      vertex 105.1 128.956 10
      vertex 104.379 128.956 10
    endloop
  endfacet
  facet normal 0 -1 -0
    outer loop
      vertex 105.1 128.956 10
      vertex 104.379 128.956 9.4
      vertex 105.1 128.956 9.4
    endloop
  endfacet
  facet normal 0.543941 -0.839123 0
    outer loop
      vertex 103.421 128.335 9.4
      vertex 104.379 128.956 10
      vertex 103.421 128.335 10
    endloop
  endfacet
  facet normal 0.543941 -0.839123 0
    outer loop
      vertex 104.379 128.956 10
      vertex 103.421 128.335 9.4
      vertex 104.379 128.956 9.4
    endloop
  endfacet
  facet normal 1 -0 0
    outer loop
      vertex 103.421 127.735 10
      vertex 103.421 128.335 9.4
      vertex 103.421 128.335 10
    endloop
  endfacet
  facet normal 1 0 0
    outer loop
      vertex 103.421 128.335 9.4
      vertex 103.421 127.735 10
      vertex 103.421 127.735 9.4
    endloop
  endfacet
  facet normal -0.52925 0.848466 0
    outer loop
      vertex 104.338 128.307 9.4
      vertex 103.421 127.735 10
      vertex 104.338 128.307 10
    endloop
  endfacet
  facet normal -0.52925 0.848466 0
    outer loop
      vertex 103.421 127.735 10
      vertex 104.338 128.307 9.4
      vertex 103.421 127.735 9.4
    endloop
  endfacet
  facet normal 1 -0 0
    outer loop
      vertex 104.338 125.701 10
      vertex 104.338 128.307 9.4
      vertex 104.338 128.307 10
    endloop
  endfacet
  facet normal 1 0 0
    outer loop
      vertex 104.338 128.307 9.4
      vertex 104.338 125.701 10
      vertex 104.338 125.701 9.4
    endloop
  endfacet
  facet normal 0 -1 0
    outer loop
      vertex 103.391 125.701 9.4
      vertex 104.338 125.701 10
      vertex 103.391 125.701 10
    endloop
  endfacet
  facet normal 0 -1 -0
    outer loop
      vertex 104.338 125.701 10
      vertex 103.391 125.701 9.4
      vertex 104.338 125.701 9.4
    endloop
  endfacet
  facet normal 1 -0 0
    outer loop
      vertex 103.391 125.134 10
      vertex 103.391 125.701 9.4
      vertex 103.391 125.701 10
    endloop
  endfacet
  facet normal 1 0 0
    outer loop
      vertex 103.391 125.701 9.4
      vertex 103.391 125.134 10
      vertex 103.391 125.134 9.4
    endloop
  endfacet
  facet normal 0 1 -0
    outer loop
      vertex 105.976 125.134 9.4
      vertex 103.391 125.134 10
      vertex 105.976 125.134 10
    endloop
  endfacet
  facet normal 0 1 0
    outer loop
      vertex 103.391 125.134 10
      vertex 105.976 125.134 9.4
      vertex 103.391 125.134 9.4
    endloop
  endfacet
  facet normal -1 0 0
    outer loop
      vertex 105.976 125.134 9.4
      vertex 105.976 125.701 10
      vertex 105.976 125.701 9.4
    endloop
  endfacet
  facet normal -1 -0 0
    outer loop
      vertex 105.976 125.701 10
      vertex 105.976 125.134 9.4
      vertex 105.976 125.134 10
    endloop
  endfacet
  facet normal 0 1 -0
    outer loop
      vertex 108.169 126.585 9.4
      vertex 107.23 126.585 10
      vertex 108.169 126.585 10
    endloop
  endfacet
  facet normal 0 1 0
    outer loop
      vertex 107.23 126.585 10
      vertex 108.169 126.585 9.4
      vertex 107.23 126.585 9.4
    endloop
  endfacet
  facet normal 0.853209 0.521569 6.71002e-17
    outer loop
      vertex 109.056 125.134 10
      vertex 108.169 126.585 9.4
      vertex 108.169 126.585 10
    endloop
  endfacet
  facet normal 0.853209 0.521569 6.71002e-17
    outer loop
      vertex 108.169 126.585 9.4
      vertex 109.056 125.134 10
      vertex 109.056 125.134 9.4
    endloop
  endfacet
  facet normal 0 1 -0
    outer loop
      vertex 109.957 125.134 9.4
      vertex 109.056 125.134 10
      vertex 109.957 125.134 10
    endloop
  endfacet
  facet normal 0 1 0
    outer loop
      vertex 109.056 125.134 10
      vertex 109.957 125.134 9.4
      vertex 109.056 125.134 9.4
    endloop
  endfacet
  facet normal -0.840804 -0.54134 9.21437e-17
    outer loop
      vertex 109.957 125.134 9.4
      vertex 108.923 126.74 10
      vertex 108.923 126.74 9.4
    endloop
  endfacet
  facet normal -0.840804 -0.54134 9.21437e-17
    outer loop
      vertex 108.923 126.74 10
      vertex 109.957 125.134 9.4
      vertex 109.957 125.134 10
    endloop
  endfacet
  facet normal -0.267644 0.963518 0
    outer loop
      vertex 109.031 126.77 9.4
      vertex 108.923 126.74 10
      vertex 109.031 126.77 10
    endloop
  endfacet
  facet normal -0.267644 0.963518 0
    outer loop
      vertex 108.923 126.74 10
      vertex 109.031 126.77 9.4
      vertex 108.923 126.74 9.4
    endloop
  endfacet
  facet normal -0.360217 0.932869 0
    outer loop
      vertex 109.132 126.809 9.4
      vertex 109.031 126.77 10
      vertex 109.132 126.809 10
    endloop
  endfacet
  facet normal -0.360217 0.932869 0
    outer loop
      vertex 109.031 126.77 10
      vertex 109.132 126.809 9.4
      vertex 109.031 126.77 9.4
    endloop
  endfacet
  facet normal -0.439553 0.898217 0
    outer loop
      vertex 109.226 126.855 9.4
      vertex 109.132 126.809 10
      vertex 109.226 126.855 10
    endloop
  endfacet
  facet normal -0.439553 0.898217 0
    outer loop
      vertex 109.132 126.809 10
      vertex 109.226 126.855 9.4
      vertex 109.132 126.809 9.4
    endloop
  endfacet
  facet normal -0.529999 0.847998 0
    outer loop
      vertex 109.314 126.91 9.4
      vertex 109.226 126.855 10
      vertex 109.314 126.91 10
    endloop
  endfacet
  facet normal -0.529999 0.847998 0
    outer loop
      vertex 109.226 126.855 10
      vertex 109.314 126.91 9.4
      vertex 109.226 126.855 9.4
    endloop
  endfacet
  facet normal -0.609243 0.792983 0
    outer loop
      vertex 109.396 126.973 9.4
      vertex 109.314 126.91 10
      vertex 109.396 126.973 10
    endloop
  endfacet
  facet normal -0.609243 0.792983 0
    outer loop
      vertex 109.314 126.91 10
      vertex 109.396 126.973 9.4
      vertex 109.314 126.91 9.4
    endloop
  endfacet
  facet normal -0.692329 0.721582 0
    outer loop
      vertex 109.47 127.044 9.4
      vertex 109.396 126.973 10
      vertex 109.47 127.044 10
    endloop
  endfacet
  facet normal -0.692329 0.721582 0
    outer loop
      vertex 109.396 126.973 10
      vertex 109.47 127.044 9.4
      vertex 109.396 126.973 9.4
    endloop
  endfacet
  facet normal -0.753167 0.657829 1.90523e-19
    outer loop
      vertex 109.47 127.044 9.4
      vertex 109.539 127.123 10
      vertex 109.539 127.123 9.4
    endloop
  endfacet
  facet normal -0.753167 0.657829 1.90523e-19
    outer loop
      vertex 109.539 127.123 10
      vertex 109.47 127.044 9.4
      vertex 109.47 127.044 10
    endloop
  endfacet
  facet normal -0.820127 0.572182 -5.46138e-18
    outer loop
      vertex 109.539 127.123 9.4
      vertex 109.599 127.209 10
      vertex 109.599 127.209 9.4
    endloop
  endfacet
  facet normal -0.820127 0.572182 -5.46138e-18
    outer loop
      vertex 109.599 127.209 10
      vertex 109.539 127.123 9.4
      vertex 109.539 127.123 10
    endloop
  endfacet
  facet normal -0.870022 0.493013 -4.19012e-18
    outer loop
      vertex 109.599 127.209 9.4
      vertex 109.65 127.299 10
      vertex 109.65 127.299 9.4
    endloop
  endfacet
  facet normal -0.870022 0.493013 -4.19012e-18
    outer loop
      vertex 109.65 127.299 10
      vertex 109.599 127.209 9.4
      vertex 109.599 127.209 10
    endloop
  endfacet
  facet normal -0.913009 0.40794 -7.36868e-20
    outer loop
      vertex 109.65 127.299 9.4
      vertex 109.692 127.393 10
      vertex 109.692 127.393 9.4
    endloop
  endfacet
  facet normal -0.913009 0.40794 -7.36868e-20
    outer loop
      vertex 109.692 127.393 10
      vertex 109.65 127.299 9.4
      vertex 109.65 127.299 10
    endloop
  endfacet
  facet normal -0.948683 0.316228 6.29024e-19
    outer loop
      vertex 109.692 127.393 9.4
      vertex 109.725 127.492 10
      vertex 109.725 127.492 9.4
    endloop
  endfacet
  facet normal -0.948683 0.316228 6.29024e-19
    outer loop
      vertex 109.725 127.492 10
      vertex 109.692 127.393 9.4
      vertex 109.692 127.393 10
    endloop
  endfacet
  facet normal -0.976407 0.215936 -2.31529e-18
    outer loop
      vertex 109.725 127.492 9.4
      vertex 109.748 127.596 10
      vertex 109.748 127.596 9.4
    endloop
  endfacet
  facet normal -0.976407 0.215936 -2.31529e-18
    outer loop
      vertex 109.748 127.596 10
      vertex 109.725 127.492 9.4
      vertex 109.725 127.492 10
    endloop
  endfacet
  facet normal -0.991703 0.128554 6.40982e-19
    outer loop
      vertex 109.748 127.596 9.4
      vertex 109.762 127.704 10
      vertex 109.762 127.704 9.4
    endloop
  endfacet
  facet normal -0.991703 0.128554 6.40982e-19
    outer loop
      vertex 109.762 127.704 10
      vertex 109.748 127.596 9.4
      vertex 109.748 127.596 10
    endloop
  endfacet
  facet normal -0.999005 0.0445984 3.14622e-20
    outer loop
      vertex 109.762 127.704 9.4
      vertex 109.767 127.816 10
      vertex 109.767 127.816 9.4
    endloop
  endfacet
  facet normal -0.999005 0.0445984 3.14622e-20
    outer loop
      vertex 109.767 127.816 10
      vertex 109.762 127.704 9.4
      vertex 109.762 127.704 10
    endloop
  endfacet
  facet normal -0.998636 -0.0522163 2.47587e-20
    outer loop
      vertex 109.767 127.816 9.4
      vertex 109.759 127.969 10
      vertex 109.759 127.969 9.4
    endloop
  endfacet
  facet normal -0.998636 -0.0522163 2.47587e-20
    outer loop
      vertex 109.759 127.969 10
      vertex 109.767 127.816 9.4
      vertex 109.767 127.816 10
    endloop
  endfacet
  facet normal -0.986956 -0.160993 9.62983e-19
    outer loop
      vertex 109.759 127.969 9.4
      vertex 109.736 128.11 10
      vertex 109.736 128.11 9.4
    endloop
  endfacet
  facet normal -0.986956 -0.160993 9.62983e-19
    outer loop
      vertex 109.736 128.11 10
      vertex 109.759 127.969 9.4
      vertex 109.759 127.969 10
    endloop
  endfacet
  facet normal -0.96041 -0.278592 4.56284e-18
    outer loop
      vertex 109.736 128.11 9.4
      vertex 109.698 128.241 10
      vertex 109.698 128.241 9.4
    endloop
  endfacet
  facet normal -0.96041 -0.278592 4.56284e-18
    outer loop
      vertex 109.698 128.241 10
      vertex 109.736 128.11 9.4
      vertex 109.736 128.11 10
    endloop
  endfacet
  facet normal -0.915984 -0.401216 4.49641e-19
    outer loop
      vertex 109.698 128.241 9.4
      vertex 109.645 128.362 10
      vertex 109.645 128.362 9.4
    endloop
  endfacet
  facet normal -0.915984 -0.401216 4.49641e-19
    outer loop
      vertex 109.645 128.362 10
      vertex 109.698 128.241 9.4
      vertex 109.698 128.241 10
    endloop
  endfacet
  facet normal -0.850595 -0.525822 1.39506e-19
    outer loop
      vertex 109.645 128.362 9.4
      vertex 109.577 128.472 10
      vertex 109.577 128.472 9.4
    endloop
  endfacet
  facet normal -0.850595 -0.525822 1.39506e-19
    outer loop
      vertex 109.577 128.472 10
      vertex 109.645 128.362 9.4
      vertex 109.645 128.362 10
    endloop
  endfacet
  facet normal -0.769481 -0.638669 -5.01899e-18
    outer loop
      vertex 109.577 128.472 9.4
      vertex 109.494 128.572 10
      vertex 109.494 128.572 9.4
    endloop
  endfacet
  facet normal -0.769481 -0.638669 -5.01899e-18
    outer loop
      vertex 109.494 128.572 10
      vertex 109.577 128.472 9.4
      vertex 109.577 128.472 10
    endloop
  endfacet
  facet normal -0.66855 -0.743668 0
    outer loop
      vertex 109.395 128.661 9.4
      vertex 109.494 128.572 10
      vertex 109.395 128.661 10
    endloop
  endfacet
  facet normal -0.66855 -0.743668 -0
    outer loop
      vertex 109.494 128.572 10
      vertex 109.395 128.661 9.4
      vertex 109.494 128.572 9.4
    endloop
  endfacet
  facet normal -0.568073 -0.822978 0
    outer loop
      vertex 109.282 128.739 9.4
      vertex 109.395 128.661 10
      vertex 109.282 128.739 10
    endloop
  endfacet
  facet normal -0.568073 -0.822978 -0
    outer loop
      vertex 109.395 128.661 10
      vertex 109.282 128.739 9.4
      vertex 109.395 128.661 9.4
    endloop
  endfacet
  facet normal -0.466912 -0.884304 0
    outer loop
      vertex 109.157 128.805 9.4
      vertex 109.282 128.739 10
      vertex 109.157 128.805 10
    endloop
  endfacet
  facet normal -0.466912 -0.884304 -0
    outer loop
      vertex 109.282 128.739 10
      vertex 109.157 128.805 9.4
      vertex 109.282 128.739 9.4
    endloop
  endfacet
  facet normal -0.37023 -0.92894 0
    outer loop
      vertex 109.019 128.86 9.4
      vertex 109.157 128.805 10
      vertex 109.019 128.86 10
    endloop
  endfacet
  facet normal -0.37023 -0.92894 -0
    outer loop
      vertex 109.157 128.805 10
      vertex 109.019 128.86 9.4
      vertex 109.157 128.805 9.4
    endloop
  endfacet
  facet normal -0.267973 -0.963426 0
    outer loop
      vertex 108.868 128.902 9.4
      vertex 109.019 128.86 10
      vertex 108.868 128.902 10
    endloop
  endfacet
  facet normal -0.267973 -0.963426 -0
    outer loop
      vertex 109.019 128.86 10
      vertex 108.868 128.902 9.4
      vertex 109.019 128.86 9.4
    endloop
  endfacet
  facet normal -0.181009 -0.983481 0
    outer loop
      vertex 108.705 128.932 9.4
      vertex 108.868 128.902 10
      vertex 108.705 128.932 10
    endloop
  endfacet
  facet normal -0.181009 -0.983481 -0
    outer loop
      vertex 108.868 128.902 10
      vertex 108.705 128.932 9.4
      vertex 108.868 128.902 9.4
    endloop
  endfacet
  facet normal -0.101742 -0.994811 0
    outer loop
      vertex 108.529 128.95 9.4
      vertex 108.705 128.932 10
      vertex 108.529 128.95 10
    endloop
  endfacet
  facet normal -0.101742 -0.994811 -0
    outer loop
      vertex 108.705 128.932 10
      vertex 108.529 128.95 9.4
      vertex 108.705 128.932 9.4
    endloop
  endfacet
  facet normal -0.03173 -0.999496 0
    outer loop
      vertex 108.34 128.956 9.4
      vertex 108.529 128.95 10
      vertex 108.34 128.956 10
    endloop
  endfacet
  facet normal -0.03173 -0.999496 -0
    outer loop
      vertex 108.529 128.95 10
      vertex 108.34 128.956 9.4
      vertex 108.529 128.95 9.4
    endloop
  endfacet
  facet normal 0 -1 0
    outer loop
      vertex 106.43 128.956 9.4
      vertex 108.34 128.956 10
      vertex 106.43 128.956 10
    endloop
  endfacet
  facet normal 0 -1 -0
    outer loop
      vertex 108.34 128.956 10
      vertex 106.43 128.956 9.4
      vertex 108.34 128.956 9.4
    endloop
  endfacet
  facet normal 1 -0 0
    outer loop
      vertex 106.43 125.134 10
      vertex 106.43 128.956 9.4
      vertex 106.43 128.956 10
    endloop
  endfacet
  facet normal 1 0 0
    outer loop
      vertex 106.43 128.956 9.4
      vertex 106.43 125.134 10
      vertex 106.43 125.134 9.4
    endloop
  endfacet
  facet normal 0 1 -0
    outer loop
      vertex 107.23 125.134 9.4
      vertex 106.43 125.134 10
      vertex 107.23 125.134 10
    endloop
  endfacet
  facet normal 0 1 0
    outer loop
      vertex 106.43 125.134 10
      vertex 107.23 125.134 9.4
      vertex 106.43 125.134 9.4
    endloop
  endfacet
  facet normal -1 0 0
    outer loop
      vertex 107.23 125.134 9.4
      vertex 107.23 126.585 10
      vertex 107.23 126.585 9.4
    endloop
  endfacet
  facet normal -1 -0 0
    outer loop
      vertex 107.23 126.585 10
      vertex 107.23 125.134 9.4
      vertex 107.23 125.134 10
    endloop
  endfacet
  facet normal -1 0 0
    outer loop
      vertex 107.23 127.206 9.4
      vertex 107.23 128.335 10
      vertex 107.23 128.335 9.4
    endloop
  endfacet
  facet normal -1 -0 0
    outer loop
      vertex 107.23 128.335 10
      vertex 107.23 127.206 9.4
      vertex 107.23 127.206 10
    endloop
  endfacet
  facet normal 0 1 -0
    outer loop
      vertex 108.256 128.335 9.4
      vertex 107.23 128.335 10
      vertex 108.256 128.335 10
    endloop
  endfacet
  facet normal 0 1 0
    outer loop
      vertex 107.23 128.335 10
      vertex 108.256 128.335 9.4
      vertex 107.23 128.335 9.4
    endloop
  endfacet
  facet normal 0.0640394 0.997947 -0
    outer loop
      vertex 108.443 128.323 9.4
      vertex 108.256 128.335 10
      vertex 108.443 128.323 10
    endloop
  endfacet
  facet normal 0.0640394 0.997947 0
    outer loop
      vertex 108.256 128.335 10
      vertex 108.443 128.323 9.4
      vertex 108.256 128.335 9.4
    endloop
  endfacet
  facet normal 0.204449 0.978877 -0
    outer loop
      vertex 108.601 128.29 9.4
      vertex 108.443 128.323 10
      vertex 108.601 128.29 10
    endloop
  endfacet
  facet normal 0.204449 0.978877 0
    outer loop
      vertex 108.443 128.323 10
      vertex 108.601 128.29 9.4
      vertex 108.443 128.323 9.4
    endloop
  endfacet
  facet normal 0.401558 0.915834 -0
    outer loop
      vertex 108.731 128.233 9.4
      vertex 108.601 128.29 10
      vertex 108.731 128.233 10
    endloop
  endfacet
  facet normal 0.401558 0.915834 0
    outer loop
      vertex 108.601 128.29 10
      vertex 108.731 128.233 9.4
      vertex 108.601 128.29 9.4
    endloop
  endfacet
  facet normal 0.615032 0.788502 -0
    outer loop
      vertex 108.831 128.155 9.4
      vertex 108.731 128.233 10
      vertex 108.831 128.155 10
    endloop
  endfacet
  facet normal 0.615032 0.788502 0
    outer loop
      vertex 108.731 128.233 10
      vertex 108.831 128.155 9.4
      vertex 108.731 128.233 9.4
    endloop
  endfacet
  facet normal 0.814278 0.580475 -5.01766e-18
    outer loop
      vertex 108.903 128.054 10
      vertex 108.831 128.155 9.4
      vertex 108.831 128.155 10
    endloop
  endfacet
  facet normal 0.814278 0.580475 -5.01766e-18
    outer loop
      vertex 108.831 128.155 9.4
      vertex 108.903 128.054 10
      vertex 108.903 128.054 9.4
    endloop
  endfacet
  facet normal 0.942428 0.33441 -5.59717e-19
    outer loop
      vertex 108.947 127.93 10
      vertex 108.903 128.054 9.4
      vertex 108.903 128.054 10
    endloop
  endfacet
  facet normal 0.942428 0.33441 -5.59717e-19
    outer loop
      vertex 108.903 128.054 9.4
      vertex 108.947 127.93 10
      vertex 108.947 127.93 9.4
    endloop
  endfacet
  facet normal 0.995434 0.0954526 -1.28682e-19
    outer loop
      vertex 108.961 127.784 10
      vertex 108.947 127.93 9.4
      vertex 108.947 127.93 10
    endloop
  endfacet
  facet normal 0.995434 0.0954526 -1.28682e-19
    outer loop
      vertex 108.947 127.93 9.4
      vertex 108.961 127.784 10
      vertex 108.961 127.784 9.4
    endloop
  endfacet
  facet normal 0.998618 -0.0525588 2.62052e-19
    outer loop
      vertex 108.957 127.708 10
      vertex 108.961 127.784 9.4
      vertex 108.961 127.784 10
    endloop
  endfacet
  facet normal 0.998618 -0.0525588 2.62052e-19
    outer loop
      vertex 108.961 127.784 9.4
      vertex 108.957 127.708 10
      vertex 108.957 127.708 9.4
    endloop
  endfacet
  facet normal 0.990227 -0.139469 4.242e-19
    outer loop
      vertex 108.947 127.637 10
      vertex 108.957 127.708 9.4
      vertex 108.957 127.708 10
    endloop
  endfacet
  facet normal 0.990227 -0.139469 4.242e-19
    outer loop
      vertex 108.957 127.708 9.4
      vertex 108.947 127.637 10
      vertex 108.947 127.637 9.4
    endloop
  endfacet
  facet normal 0.964764 -0.263117 3.4892e-19
    outer loop
      vertex 108.929 127.571 10
      vertex 108.947 127.637 9.4
      vertex 108.947 127.637 10
    endloop
  endfacet
  facet normal 0.964764 -0.263117 3.4892e-19
    outer loop
      vertex 108.947 127.637 9.4
      vertex 108.929 127.571 10
      vertex 108.929 127.571 9.4
    endloop
  endfacet
  facet normal 0.923077 -0.384615 -7.56162e-19
    outer loop
      vertex 108.904 127.511 10
      vertex 108.929 127.571 9.4
      vertex 108.929 127.571 10
    endloop
  endfacet
  facet normal 0.923077 -0.384615 -7.56162e-19
    outer loop
      vertex 108.929 127.571 9.4
      vertex 108.904 127.511 10
      vertex 108.904 127.511 9.4
    endloop
  endfacet
  facet normal 0.868243 -0.496139 4.70855e-19
    outer loop
      vertex 108.872 127.455 10
      vertex 108.904 127.511 9.4
      vertex 108.904 127.511 10
    endloop
  endfacet
  facet normal 0.868243 -0.496139 4.70855e-19
    outer loop
      vertex 108.904 127.511 9.4
      vertex 108.872 127.455 10
      vertex 108.872 127.455 9.4
    endloop
  endfacet
  facet normal 0.794358 -0.60745 -1.42446e-18
    outer loop
      vertex 108.833 127.404 10
      vertex 108.872 127.455 9.4
      vertex 108.872 127.455 10
    endloop
  endfacet
  facet normal 0.794358 -0.60745 -1.42446e-18
    outer loop
      vertex 108.872 127.455 9.4
      vertex 108.833 127.404 10
      vertex 108.833 127.404 9.4
    endloop
  endfacet
  facet normal 0.707107 -0.707107 0
    outer loop
      vertex 108.787 127.358 9.4
      vertex 108.833 127.404 10
      vertex 108.787 127.358 10
    endloop
  endfacet
  facet normal 0.707107 -0.707107 0
    outer loop
      vertex 108.833 127.404 10
      vertex 108.787 127.358 9.4
      vertex 108.833 127.404 9.4
    endloop
  endfacet
  facet normal 0.602407 -0.798189 0
    outer loop
      vertex 108.734 127.318 9.4
      vertex 108.787 127.358 10
      vertex 108.734 127.318 10
    endloop
  endfacet
  facet normal 0.602407 -0.798189 0
    outer loop
      vertex 108.787 127.358 10
      vertex 108.734 127.318 9.4
      vertex 108.787 127.358 9.4
    endloop
  endfacet
  facet normal 0.499299 -0.86643 0
    outer loop
      vertex 108.675 127.284 9.4
      vertex 108.734 127.318 10
      vertex 108.675 127.284 10
    endloop
  endfacet
  facet normal 0.499299 -0.86643 0
    outer loop
      vertex 108.734 127.318 10
      vertex 108.675 127.284 9.4
      vertex 108.734 127.318 9.4
    endloop
  endfacet
  facet normal 0.39055 -0.920582 0
    outer loop
      vertex 108.609 127.256 9.4
      vertex 108.675 127.284 10
      vertex 108.609 127.256 10
    endloop
  endfacet
  facet normal 0.39055 -0.920582 0
    outer loop
      vertex 108.675 127.284 10
      vertex 108.609 127.256 9.4
      vertex 108.675 127.284 9.4
    endloop
  endfacet
  facet normal 0.288551 -0.957465 0
    outer loop
      vertex 108.536 127.234 9.4
      vertex 108.609 127.256 10
      vertex 108.536 127.234 10
    endloop
  endfacet
  facet normal 0.288551 -0.957465 0
    outer loop
      vertex 108.609 127.256 10
      vertex 108.536 127.234 9.4
      vertex 108.609 127.256 9.4
    endloop
  endfacet
  facet normal 0.184289 -0.982872 0
    outer loop
      vertex 108.456 127.219 9.4
      vertex 108.536 127.234 10
      vertex 108.456 127.219 10
    endloop
  endfacet
  facet normal 0.184289 -0.982872 0
    outer loop
      vertex 108.536 127.234 10
      vertex 108.456 127.219 9.4
      vertex 108.536 127.234 9.4
    endloop
  endfacet
  facet normal 0.115501 -0.993307 0
    outer loop
      vertex 108.37 127.209 9.4
      vertex 108.456 127.219 10
      vertex 108.37 127.209 10
    endloop
  endfacet
  facet normal 0.115501 -0.993307 0
    outer loop
      vertex 108.456 127.219 10
      vertex 108.37 127.209 9.4
      vertex 108.456 127.219 9.4
    endloop
  endfacet
  facet normal 0.0322413 -0.99948 0
    outer loop
      vertex 108.277 127.206 9.4
      vertex 108.37 127.209 10
      vertex 108.277 127.206 10
    endloop
  endfacet
  facet normal 0.0322413 -0.99948 0
    outer loop
      vertex 108.37 127.209 10
      vertex 108.277 127.206 9.4
      vertex 108.37 127.209 9.4
    endloop
  endfacet
  facet normal 0 -1 0
    outer loop
      vertex 107.23 127.206 9.4
      vertex 108.277 127.206 10
      vertex 107.23 127.206 10
    endloop
  endfacet
  facet normal 0 -1 -0
    outer loop
      vertex 108.277 127.206 10
      vertex 107.23 127.206 9.4
      vertex 108.277 127.206 9.4
    endloop
  endfacet
endsolid OpenSCAD_Model
