solid OpenSCAD_Model
  facet normal 0 0 1
    outer loop
      vertex 16.8978 77.2235 6
      vertex 62.5 90 6
      vertex 16.9743 77.6084 6
    endloop
  endfacet
  facet normal 0 0 1
    outer loop
      vertex 62.5 90 6
      vertex 16.9743 20.3916 6
      vertex 17 20 6
    endloop
  endfacet
  facet normal 0 0 1
    outer loop
      vertex 16.7716 76.852 6
      vertex 62.5 90 6
      vertex 16.8978 77.2235 6
    endloop
  endfacet
  facet normal 0 0 1
    outer loop
      vertex 62.5 90 6
      vertex 16.8978 20.7765 6
      vertex 16.9743 20.3916 6
    endloop
  endfacet
  facet normal 0 0 1
    outer loop
      vertex 16.5981 76.5 6
      vertex 62.5 90 6
      vertex 16.7716 76.852 6
    endloop
  endfacet
  facet normal 0 0 1
    outer loop
      vertex 62.5 90 6
      vertex 16.7716 21.148 6
      vertex 16.8978 20.7765 6
    endloop
  endfacet
  facet normal 0 0 1
    outer loop
      vertex 16.3801 76.1737 6
      vertex 62.5 90 6
      vertex 16.5981 76.5 6
    endloop
  endfacet
  facet normal 0 0 1
    outer loop
      vertex 62.5 90 6
      vertex 16.5981 21.5 6
      vertex 16.7716 21.148 6
    endloop
  endfacet
  facet normal 0 0 1
    outer loop
      vertex 16.3801 21.8263 6
      vertex 62.5 90 6
      vertex 16.3801 76.1737 6
    endloop
  endfacet
  facet normal 0 0 1
    outer loop
      vertex 62.5 90 6
      vertex 16.3801 21.8263 6
      vertex 16.5981 21.5 6
    endloop
  endfacet
  facet normal -0 0 1
    outer loop
      vertex 16.1213 75.8787 6
      vertex 16.3801 21.8263 6
      vertex 16.3801 76.1737 6
    endloop
  endfacet
  facet normal 0 0 1
    outer loop
      vertex 16.1213 75.8787 6
      vertex 16.1213 22.1213 6
      vertex 16.3801 21.8263 6
    endloop
  endfacet
  facet normal -0 0 1
    outer loop
      vertex 15.8263 75.6199 6
      vertex 16.1213 22.1213 6
      vertex 16.1213 75.8787 6
    endloop
  endfacet
  facet normal 0 0 1
    outer loop
      vertex 15.8263 75.6199 6
      vertex 15.8263 22.3801 6
      vertex 16.1213 22.1213 6
    endloop
  endfacet
  facet normal -0 0 1
    outer loop
      vertex 15.5 75.4019 6
      vertex 15.8263 22.3801 6
      vertex 15.8263 75.6199 6
    endloop
  endfacet
  facet normal 0 0 1
    outer loop
      vertex 15.5 75.4019 6
      vertex 15.5 22.5981 6
      vertex 15.8263 22.3801 6
    endloop
  endfacet
  facet normal -0 0 1
    outer loop
      vertex 15.148 75.2284 6
      vertex 15.5 22.5981 6
      vertex 15.5 75.4019 6
    endloop
  endfacet
  facet normal 0 0 1
    outer loop
      vertex 15.148 75.2284 6
      vertex 15.148 22.7716 6
      vertex 15.5 22.5981 6
    endloop
  endfacet
  facet normal -0 0 1
    outer loop
      vertex 14.7765 75.1022 6
      vertex 15.148 22.7716 6
      vertex 15.148 75.2284 6
    endloop
  endfacet
  facet normal 0 0 1
    outer loop
      vertex 14.7765 75.1022 6
      vertex 14.7765 22.8978 6
      vertex 15.148 22.7716 6
    endloop
  endfacet
  facet normal -0 0 1
    outer loop
      vertex 14.3916 75.0257 6
      vertex 14.7765 22.8978 6
      vertex 14.7765 75.1022 6
    endloop
  endfacet
  facet normal 0 0 1
    outer loop
      vertex 14.3916 75.0257 6
      vertex 14.3916 22.9743 6
      vertex 14.7765 22.8978 6
    endloop
  endfacet
  facet normal -0 0 1
    outer loop
      vertex 14 75 6
      vertex 14.3916 22.9743 6
      vertex 14.3916 75.0257 6
    endloop
  endfacet
  facet normal 0 0 1
    outer loop
      vertex 14 75 6
      vertex 14 23 6
      vertex 14.3916 22.9743 6
    endloop
  endfacet
  facet normal 0 0 1
    outer loop
      vertex 13.6084 75.0257 6
      vertex 14 23 6
      vertex 14 75 6
    endloop
  endfacet
  facet normal 0 0 1
    outer loop
      vertex 13.6084 75.0257 6
      vertex 13.6084 22.9743 6
      vertex 14 23 6
    endloop
  endfacet
  facet normal 0 0 1
    outer loop
      vertex 13.2235 75.1022 6
      vertex 13.6084 22.9743 6
      vertex 13.6084 75.0257 6
    endloop
  endfacet
  facet normal 0 0 1
    outer loop
      vertex 13.2235 75.1022 6
      vertex 13.2235 22.8978 6
      vertex 13.6084 22.9743 6
    endloop
  endfacet
  facet normal 0 0 1
    outer loop
      vertex 12.8519 75.2284 6
      vertex 13.2235 22.8978 6
      vertex 13.2235 75.1022 6
    endloop
  endfacet
  facet normal 0 0 1
    outer loop
      vertex 12.8519 75.2284 6
      vertex 12.8519 22.7716 6
      vertex 13.2235 22.8978 6
    endloop
  endfacet
  facet normal 0 0 1
    outer loop
      vertex 12.5 75.4019 6
      vertex 12.8519 22.7716 6
      vertex 12.8519 75.2284 6
    endloop
  endfacet
  facet normal 0 0 1
    outer loop
      vertex 12.5 75.4019 6
      vertex 12.5 22.5981 6
      vertex 12.8519 22.7716 6
    endloop
  endfacet
  facet normal 0 0 1
    outer loop
      vertex 12.1737 75.6199 6
      vertex 12.5 22.5981 6
      vertex 12.5 75.4019 6
    endloop
  endfacet
  facet normal 0 0 1
    outer loop
      vertex 12.1737 75.6199 6
      vertex 12.1737 22.3801 6
      vertex 12.5 22.5981 6
    endloop
  endfacet
  facet normal 0 0 1
    outer loop
      vertex 11.8787 75.8787 6
      vertex 12.1737 22.3801 6
      vertex 12.1737 75.6199 6
    endloop
  endfacet
  facet normal 0 0 1
    outer loop
      vertex 11.8787 75.8787 6
      vertex 11.8787 22.1213 6
      vertex 12.1737 22.3801 6
    endloop
  endfacet
  facet normal 0 0 1
    outer loop
      vertex 11.6199 76.1737 6
      vertex 11.8787 22.1213 6
      vertex 11.8787 75.8787 6
    endloop
  endfacet
  facet normal 0 0 1
    outer loop
      vertex 11.6199 76.1737 6
      vertex 11.6199 21.8263 6
      vertex 11.8787 22.1213 6
    endloop
  endfacet
  facet normal 0 0 1
    outer loop
      vertex 11.4019 76.5 6
      vertex 11.6199 21.8263 6
      vertex 11.6199 76.1737 6
    endloop
  endfacet
  facet normal 0 0 1
    outer loop
      vertex 11.4019 76.5 6
      vertex 11.4019 21.5 6
      vertex 11.6199 21.8263 6
    endloop
  endfacet
  facet normal 0 0 1
    outer loop
      vertex 0 90 6
      vertex 11.4019 76.5 6
      vertex 11.2284 76.852 6
    endloop
  endfacet
  facet normal 0 0 1
    outer loop
      vertex 11.4019 76.5 6
      vertex 0 90 6
      vertex 11.4019 21.5 6
    endloop
  endfacet
  facet normal 0 0 1
    outer loop
      vertex 0 90 6
      vertex 11.2284 76.852 6
      vertex 11.1022 77.2235 6
    endloop
  endfacet
  facet normal 0 0 1
    outer loop
      vertex 11.4019 21.5 6
      vertex 0 90 6
      vertex 11.2284 21.148 6
    endloop
  endfacet
  facet normal 0 0 1
    outer loop
      vertex 0 90 6
      vertex 11.1022 77.2235 6
      vertex 11.0257 77.6084 6
    endloop
  endfacet
  facet normal 0 0 1
    outer loop
      vertex 0 4 6
      vertex 11.2284 21.148 6
      vertex 0 90 6
    endloop
  endfacet
  facet normal 0 0 1
    outer loop
      vertex 0 90 6
      vertex 11.0257 77.6084 6
      vertex 11 78 6
    endloop
  endfacet
  facet normal 0 0 1
    outer loop
      vertex 11.2284 21.148 6
      vertex 0 4 6
      vertex 11.1022 20.7765 6
    endloop
  endfacet
  facet normal 0 0 1
    outer loop
      vertex 16.9743 77.6084 6
      vertex 62.5 90 6
      vertex 17 78 6
    endloop
  endfacet
  facet normal 0 0 1
    outer loop
      vertex 62.5 90 6
      vertex 16.9743 78.3916 6
      vertex 17 78 6
    endloop
  endfacet
  facet normal 0 0 1
    outer loop
      vertex 62.5 90 6
      vertex 16.8978 78.7765 6
      vertex 16.9743 78.3916 6
    endloop
  endfacet
  facet normal 0 0 1
    outer loop
      vertex 62.5 90 6
      vertex 16.7716 79.148 6
      vertex 16.8978 78.7765 6
    endloop
  endfacet
  facet normal 0 0 1
    outer loop
      vertex 62.5 90 6
      vertex 16.5981 79.5 6
      vertex 16.7716 79.148 6
    endloop
  endfacet
  facet normal 0 0 1
    outer loop
      vertex 62.5 90 6
      vertex 16.3801 79.8263 6
      vertex 16.5981 79.5 6
    endloop
  endfacet
  facet normal 0 0 1
    outer loop
      vertex 62.5 90 6
      vertex 16.1213 80.1213 6
      vertex 16.3801 79.8263 6
    endloop
  endfacet
  facet normal 0 0 1
    outer loop
      vertex 62.5 90 6
      vertex 15.8263 80.3801 6
      vertex 16.1213 80.1213 6
    endloop
  endfacet
  facet normal 0 0 1
    outer loop
      vertex 62.5 90 6
      vertex 15.5 80.5981 6
      vertex 15.8263 80.3801 6
    endloop
  endfacet
  facet normal 0 0 1
    outer loop
      vertex 62.5 90 6
      vertex 15.148 80.7716 6
      vertex 15.5 80.5981 6
    endloop
  endfacet
  facet normal -0 0 1
    outer loop
      vertex 0 90 6
      vertex 15.148 80.7716 6
      vertex 62.5 90 6
    endloop
  endfacet
  facet normal 0 0 1
    outer loop
      vertex 15.148 80.7716 6
      vertex 0 90 6
      vertex 14.7765 80.8978 6
    endloop
  endfacet
  facet normal 0 0 1
    outer loop
      vertex 14.7765 80.8978 6
      vertex 0 90 6
      vertex 14.3916 80.9743 6
    endloop
  endfacet
  facet normal 0 0 1
    outer loop
      vertex 14.3916 80.9743 6
      vertex 0 90 6
      vertex 14 81 6
    endloop
  endfacet
  facet normal 0 0 1
    outer loop
      vertex 11.1022 20.7765 6
      vertex 0 4 6
      vertex 11.0257 20.3916 6
    endloop
  endfacet
  facet normal 0 0 1
    outer loop
      vertex 0 90 6
      vertex 11 78 6
      vertex 11.0257 78.3916 6
    endloop
  endfacet
  facet normal 0 0 1
    outer loop
      vertex 11 20 6
      vertex 0 4 6
      vertex 4 0 6
    endloop
  endfacet
  facet normal 0 0 1
    outer loop
      vertex 4 0 6
      vertex 0 4 6
      vertex 3.47789 0.0342255 6
    endloop
  endfacet
  facet normal 0 0 1
    outer loop
      vertex 3.47789 0.0342255 6
      vertex 0 4 6
      vertex 2.96472 0.136292 6
    endloop
  endfacet
  facet normal 0 0 1
    outer loop
      vertex 2.96472 0.136292 6
      vertex 0 4 6
      vertex 2.46927 0.304489 6
    endloop
  endfacet
  facet normal 0 0 1
    outer loop
      vertex 2.46927 0.304489 6
      vertex 0 4 6
      vertex 2 0.535904 6
    endloop
  endfacet
  facet normal 0 0 1
    outer loop
      vertex 2 0.535904 6
      vertex 0 4 6
      vertex 1.56496 0.826584 6
    endloop
  endfacet
  facet normal 0 0 1
    outer loop
      vertex 1.56496 0.826584 6
      vertex 0 4 6
      vertex 1.17157 1.17157 6
    endloop
  endfacet
  facet normal 0 0 1
    outer loop
      vertex 1.17157 1.17157 6
      vertex 0 4 6
      vertex 0.826584 1.56496 6
    endloop
  endfacet
  facet normal 0 0 1
    outer loop
      vertex 0.826584 1.56496 6
      vertex 0 4 6
      vertex 0.535904 2 6
    endloop
  endfacet
  facet normal 0 0 1
    outer loop
      vertex 0.535904 2 6
      vertex 0 4 6
      vertex 0.304489 2.46927 6
    endloop
  endfacet
  facet normal 0 0 1
    outer loop
      vertex 0.304489 2.46927 6
      vertex 0 4 6
      vertex 0.136292 2.96472 6
    endloop
  endfacet
  facet normal 0 0 1
    outer loop
      vertex 14 81 6
      vertex 0 90 6
      vertex 13.6084 80.9743 6
    endloop
  endfacet
  facet normal 0 0 1
    outer loop
      vertex 0 90 6
      vertex 13.2235 80.8978 6
      vertex 13.6084 80.9743 6
    endloop
  endfacet
  facet normal 0 0 1
    outer loop
      vertex 0 90 6
      vertex 12.8519 80.7716 6
      vertex 13.2235 80.8978 6
    endloop
  endfacet
  facet normal 0 0 1
    outer loop
      vertex 0 90 6
      vertex 12.5 80.5981 6
      vertex 12.8519 80.7716 6
    endloop
  endfacet
  facet normal 0 0 1
    outer loop
      vertex 0 90 6
      vertex 12.1737 80.3801 6
      vertex 12.5 80.5981 6
    endloop
  endfacet
  facet normal 0 0 1
    outer loop
      vertex 0 90 6
      vertex 11.8787 80.1213 6
      vertex 12.1737 80.3801 6
    endloop
  endfacet
  facet normal 0 0 1
    outer loop
      vertex 0 90 6
      vertex 11.6199 79.8263 6
      vertex 11.8787 80.1213 6
    endloop
  endfacet
  facet normal 0 0 1
    outer loop
      vertex 0 90 6
      vertex 11.4019 79.5 6
      vertex 11.6199 79.8263 6
    endloop
  endfacet
  facet normal 0 0 1
    outer loop
      vertex 0 90 6
      vertex 11.2284 79.148 6
      vertex 11.4019 79.5 6
    endloop
  endfacet
  facet normal 0 0 1
    outer loop
      vertex 0 90 6
      vertex 11.1022 78.7765 6
      vertex 11.2284 79.148 6
    endloop
  endfacet
  facet normal 0 0 1
    outer loop
      vertex 0 90 6
      vertex 11.0257 78.3916 6
      vertex 11.1022 78.7765 6
    endloop
  endfacet
  facet normal 0 0 1
    outer loop
      vertex 11.0257 20.3916 6
      vertex 0 4 6
      vertex 11 20 6
    endloop
  endfacet
  facet normal 0 0 1
    outer loop
      vertex 0.136292 2.96472 6
      vertex 0 4 6
      vertex 0.0342255 3.47789 6
    endloop
  endfacet
  facet normal 0 0 1
    outer loop
      vertex 62.5 90 6
      vertex 17 20 6
      vertex 62.5 0 6
    endloop
  endfacet
  facet normal -0 0 1
    outer loop
      vertex 16.9743 19.6084 6
      vertex 62.5 0 6
      vertex 17 20 6
    endloop
  endfacet
  facet normal -0 0 1
    outer loop
      vertex 16.8978 19.2235 6
      vertex 62.5 0 6
      vertex 16.9743 19.6084 6
    endloop
  endfacet
  facet normal -0 0 1
    outer loop
      vertex 16.7716 18.8519 6
      vertex 62.5 0 6
      vertex 16.8978 19.2235 6
    endloop
  endfacet
  facet normal -0 0 1
    outer loop
      vertex 16.5981 18.5 6
      vertex 62.5 0 6
      vertex 16.7716 18.8519 6
    endloop
  endfacet
  facet normal -0 0 1
    outer loop
      vertex 16.3801 18.1737 6
      vertex 62.5 0 6
      vertex 16.5981 18.5 6
    endloop
  endfacet
  facet normal -0 0 1
    outer loop
      vertex 16.1213 17.8787 6
      vertex 62.5 0 6
      vertex 16.3801 18.1737 6
    endloop
  endfacet
  facet normal -0 0 1
    outer loop
      vertex 15.8263 17.6199 6
      vertex 62.5 0 6
      vertex 16.1213 17.8787 6
    endloop
  endfacet
  facet normal 0 0 1
    outer loop
      vertex 4 0 6
      vertex 15.8263 17.6199 6
      vertex 15.5 17.4019 6
    endloop
  endfacet
  facet normal 0 0 1
    outer loop
      vertex 4 0 6
      vertex 15.5 17.4019 6
      vertex 15.148 17.2284 6
    endloop
  endfacet
  facet normal 0 0 1
    outer loop
      vertex 4 0 6
      vertex 15.148 17.2284 6
      vertex 14.7765 17.1022 6
    endloop
  endfacet
  facet normal 0 0 1
    outer loop
      vertex 4 0 6
      vertex 14.7765 17.1022 6
      vertex 14.3916 17.0257 6
    endloop
  endfacet
  facet normal 0 0 1
    outer loop
      vertex 4 0 6
      vertex 14.3916 17.0257 6
      vertex 14 17 6
    endloop
  endfacet
  facet normal 0 0 1
    outer loop
      vertex 4 0 6
      vertex 14 17 6
      vertex 13.6084 17.0257 6
    endloop
  endfacet
  facet normal 0 0 1
    outer loop
      vertex 4 0 6
      vertex 13.6084 17.0257 6
      vertex 13.2235 17.1022 6
    endloop
  endfacet
  facet normal 0 0 1
    outer loop
      vertex 4 0 6
      vertex 13.2235 17.1022 6
      vertex 12.8519 17.2284 6
    endloop
  endfacet
  facet normal 0 0 1
    outer loop
      vertex 15.8263 17.6199 6
      vertex 4 0 6
      vertex 62.5 0 6
    endloop
  endfacet
  facet normal 0 0 1
    outer loop
      vertex 12.5 17.4019 6
      vertex 4 0 6
      vertex 12.8519 17.2284 6
    endloop
  endfacet
  facet normal 0 0 1
    outer loop
      vertex 12.1737 17.6199 6
      vertex 4 0 6
      vertex 12.5 17.4019 6
    endloop
  endfacet
  facet normal 0 0 1
    outer loop
      vertex 11.8787 17.8787 6
      vertex 4 0 6
      vertex 12.1737 17.6199 6
    endloop
  endfacet
  facet normal 0 0 1
    outer loop
      vertex 11.6199 18.1737 6
      vertex 4 0 6
      vertex 11.8787 17.8787 6
    endloop
  endfacet
  facet normal 0 0 1
    outer loop
      vertex 11.4019 18.5 6
      vertex 4 0 6
      vertex 11.6199 18.1737 6
    endloop
  endfacet
  facet normal 0 0 1
    outer loop
      vertex 11.2284 18.8519 6
      vertex 4 0 6
      vertex 11.4019 18.5 6
    endloop
  endfacet
  facet normal 0 0 1
    outer loop
      vertex 11.1022 19.2235 6
      vertex 4 0 6
      vertex 11.2284 18.8519 6
    endloop
  endfacet
  facet normal 0 0 1
    outer loop
      vertex 11.0257 19.6084 6
      vertex 4 0 6
      vertex 11.1022 19.2235 6
    endloop
  endfacet
  facet normal 0 0 1
    outer loop
      vertex 4 0 6
      vertex 11.0257 19.6084 6
      vertex 11 20 6
    endloop
  endfacet
  facet normal -1 0 0
    outer loop
      vertex 0 4 0
      vertex 0 90 6
      vertex 0 90 0
    endloop
  endfacet
  facet normal -1 -0 0
    outer loop
      vertex 0 90 6
      vertex 0 4 0
      vertex 0 4 6
    endloop
  endfacet
  facet normal -0.946885 -0.321574 -1.33401e-18
    outer loop
      vertex 11.2284 18.8519 6
      vertex 11.1022 19.2235 9.7
      vertex 11.1022 19.2235 6
    endloop
  endfacet
  facet normal -0.946885 -0.321574 -1.33401e-18
    outer loop
      vertex 11.1022 19.2235 9.7
      vertex 11.2284 18.8519 6
      vertex 11.2284 18.8519 9.7
    endloop
  endfacet
  facet normal 0.19494 -0.980815 0
    outer loop
      vertex 14.3916 17.0257 6
      vertex 14.7765 17.1022 9.7
      vertex 14.3916 17.0257 9.7
    endloop
  endfacet
  facet normal 0.19494 -0.980815 0
    outer loop
      vertex 14.7765 17.1022 9.7
      vertex 14.3916 17.0257 6
      vertex 14.7765 17.1022 6
    endloop
  endfacet
  facet normal 0.980815 0.19494 -7.04127e-19
    outer loop
      vertex 16.9743 20.3916 9.7
      vertex 16.8978 20.7765 6
      vertex 16.8978 20.7765 9.7
    endloop
  endfacet
  facet normal 0.980815 0.19494 -7.04127e-19
    outer loop
      vertex 16.8978 20.7765 6
      vertex 16.9743 20.3916 9.7
      vertex 16.9743 20.3916 6
    endloop
  endfacet
  facet normal 0.997853 0.0654873 -1.5047e-19
    outer loop
      vertex 17 20 9.7
      vertex 16.9743 20.3916 6
      vertex 16.9743 20.3916 9.7
    endloop
  endfacet
  facet normal 0.997853 0.0654873 -1.5047e-19
    outer loop
      vertex 16.9743 20.3916 6
      vertex 17 20 9.7
      vertex 17 20 6
    endloop
  endfacet
  facet normal -0.442211 0.896911 0
    outer loop
      vertex 12.8519 22.7716 6
      vertex 12.5 22.5981 9.7
      vertex 12.8519 22.7716 9.7
    endloop
  endfacet
  facet normal -0.442211 0.896911 0
    outer loop
      vertex 12.5 22.5981 9.7
      vertex 12.8519 22.7716 6
      vertex 12.5 22.5981 6
    endloop
  endfacet
  facet normal 0.946858 0.321651 -9.83992e-19
    outer loop
      vertex 16.8978 20.7765 9.7
      vertex 16.7716 21.148 6
      vertex 16.7716 21.148 9.7
    endloop
  endfacet
  facet normal 0.946858 0.321651 -9.83992e-19
    outer loop
      vertex 16.7716 21.148 6
      vertex 16.8978 20.7765 9.7
      vertex 16.8978 20.7765 6
    endloop
  endfacet
  facet normal 0.896911 -0.442211 -2.33357e-18
    outer loop
      vertex 16.5981 18.5 9.7
      vertex 16.7716 18.8519 6
      vertex 16.7716 18.8519 9.7
    endloop
  endfacet
  facet normal 0.896911 -0.442211 -2.33357e-18
    outer loop
      vertex 16.7716 18.8519 6
      vertex 16.5981 18.5 9.7
      vertex 16.5981 18.5 6
    endloop
  endfacet
  facet normal 0.997853 -0.0654873 1.5047e-19
    outer loop
      vertex 16.9743 19.6084 9.7
      vertex 17 20 6
      vertex 17 20 9.7
    endloop
  endfacet
  facet normal 0.997853 -0.0654873 1.5047e-19
    outer loop
      vertex 17 20 6
      vertex 16.9743 19.6084 9.7
      vertex 16.9743 19.6084 6
    endloop
  endfacet
  facet normal 0.659478 0.751724 -0
    outer loop
      vertex 16.1213 22.1213 6
      vertex 15.8263 22.3801 9.7
      vertex 16.1213 22.1213 9.7
    endloop
  endfacet
  facet normal 0.659478 0.751724 0
    outer loop
      vertex 15.8263 22.3801 9.7
      vertex 16.1213 22.1213 6
      vertex 15.8263 22.3801 6
    endloop
  endfacet
  facet normal -0.659478 0.751724 0
    outer loop
      vertex 12.1737 22.3801 6
      vertex 11.8787 22.1213 9.7
      vertex 12.1737 22.3801 9.7
    endloop
  endfacet
  facet normal -0.659478 0.751724 0
    outer loop
      vertex 11.8787 22.1213 9.7
      vertex 12.1737 22.3801 6
      vertex 11.8787 22.1213 6
    endloop
  endfacet
  facet normal 0.0654873 0.997853 -0
    outer loop
      vertex 14.3916 22.9743 6
      vertex 14 23 9.7
      vertex 14.3916 22.9743 9.7
    endloop
  endfacet
  facet normal 0.0654873 0.997853 0
    outer loop
      vertex 14 23 9.7
      vertex 14.3916 22.9743 6
      vertex 14 23 6
    endloop
  endfacet
  facet normal -0.19494 -0.980815 0
    outer loop
      vertex 13.2235 17.1022 6
      vertex 13.6084 17.0257 9.7
      vertex 13.2235 17.1022 9.7
    endloop
  endfacet
  facet normal -0.19494 -0.980815 -0
    outer loop
      vertex 13.6084 17.0257 9.7
      vertex 13.2235 17.1022 6
      vertex 13.6084 17.0257 6
    endloop
  endfacet
  facet normal -0.997853 0.0654873 1.5047e-19
    outer loop
      vertex 11 20 6
      vertex 11.0257 20.3916 9.7
      vertex 11.0257 20.3916 6
    endloop
  endfacet
  facet normal -0.997853 0.0654873 1.5047e-19
    outer loop
      vertex 11.0257 20.3916 9.7
      vertex 11 20 6
      vertex 11 20 9.7
    endloop
  endfacet
  facet normal -0.751724 -0.659478 -1.54208e-18
    outer loop
      vertex 11.8787 17.8787 6
      vertex 11.6199 18.1737 9.7
      vertex 11.6199 18.1737 6
    endloop
  endfacet
  facet normal -0.751724 -0.659478 -1.54208e-18
    outer loop
      vertex 11.6199 18.1737 9.7
      vertex 11.8787 17.8787 6
      vertex 11.8787 17.8787 9.7
    endloop
  endfacet
  facet normal -0.980815 -0.19494 -7.04127e-19
    outer loop
      vertex 11.1022 19.2235 6
      vertex 11.0257 19.6084 9.7
      vertex 11.0257 19.6084 6
    endloop
  endfacet
  facet normal -0.980815 -0.19494 -7.04127e-19
    outer loop
      vertex 11.0257 19.6084 9.7
      vertex 11.1022 19.2235 6
      vertex 11.1022 19.2235 9.7
    endloop
  endfacet
  facet normal 0.831501 -0.555523 4.08829e-18
    outer loop
      vertex 16.3801 18.1737 9.7
      vertex 16.5981 18.5 6
      vertex 16.5981 18.5 9.7
    endloop
  endfacet
  facet normal 0.831501 -0.555523 4.08829e-18
    outer loop
      vertex 16.5981 18.5 6
      vertex 16.3801 18.1737 9.7
      vertex 16.3801 18.1737 6
    endloop
  endfacet
  facet normal -0.896961 0.44211 -1.52341e-18
    outer loop
      vertex 11.2284 21.148 6
      vertex 11.4019 21.5 9.7
      vertex 11.4019 21.5 6
    endloop
  endfacet
  facet normal -0.896961 0.44211 -1.52341e-18
    outer loop
      vertex 11.4019 21.5 9.7
      vertex 11.2284 21.148 6
      vertex 11.2284 21.148 9.7
    endloop
  endfacet
  facet normal -0.831501 0.555523 4.08829e-18
    outer loop
      vertex 11.4019 21.5 6
      vertex 11.6199 21.8263 9.7
      vertex 11.6199 21.8263 6
    endloop
  endfacet
  facet normal -0.831501 0.555523 4.08829e-18
    outer loop
      vertex 11.6199 21.8263 9.7
      vertex 11.4019 21.5 6
      vertex 11.4019 21.5 9.7
    endloop
  endfacet
  facet normal -0.0654873 0.997853 0
    outer loop
      vertex 14 23 6
      vertex 13.6084 22.9743 9.7
      vertex 14 23 9.7
    endloop
  endfacet
  facet normal -0.0654873 0.997853 0
    outer loop
      vertex 13.6084 22.9743 9.7
      vertex 14 23 6
      vertex 13.6084 22.9743 6
    endloop
  endfacet
  facet normal -0.321574 0.946885 0
    outer loop
      vertex 13.2235 22.8978 6
      vertex 12.8519 22.7716 9.7
      vertex 13.2235 22.8978 9.7
    endloop
  endfacet
  facet normal -0.321574 0.946885 0
    outer loop
      vertex 12.8519 22.7716 9.7
      vertex 13.2235 22.8978 6
      vertex 12.8519 22.7716 6
    endloop
  endfacet
  facet normal -0.321574 -0.946885 0
    outer loop
      vertex 12.8519 17.2284 6
      vertex 13.2235 17.1022 9.7
      vertex 12.8519 17.2284 9.7
    endloop
  endfacet
  facet normal -0.321574 -0.946885 -0
    outer loop
      vertex 13.2235 17.1022 9.7
      vertex 12.8519 17.2284 6
      vertex 13.2235 17.1022 6
    endloop
  endfacet
  facet normal 0.44211 0.896961 -0
    outer loop
      vertex 15.5 22.5981 6
      vertex 15.148 22.7716 9.7
      vertex 15.5 22.5981 9.7
    endloop
  endfacet
  facet normal 0.44211 0.896961 0
    outer loop
      vertex 15.148 22.7716 9.7
      vertex 15.5 22.5981 6
      vertex 15.148 22.7716 6
    endloop
  endfacet
  facet normal 0.0654873 -0.997853 0
    outer loop
      vertex 14 17 6
      vertex 14.3916 17.0257 9.7
      vertex 14 17 9.7
    endloop
  endfacet
  facet normal 0.0654873 -0.997853 0
    outer loop
      vertex 14.3916 17.0257 9.7
      vertex 14 17 6
      vertex 14.3916 17.0257 6
    endloop
  endfacet
  facet normal 0.555523 -0.831501 0
    outer loop
      vertex 15.5 17.4019 6
      vertex 15.8263 17.6199 9.7
      vertex 15.5 17.4019 9.7
    endloop
  endfacet
  facet normal 0.555523 -0.831501 0
    outer loop
      vertex 15.8263 17.6199 9.7
      vertex 15.5 17.4019 6
      vertex 15.8263 17.6199 6
    endloop
  endfacet
  facet normal 0.980815 -0.19494 7.04127e-19
    outer loop
      vertex 16.8978 19.2235 9.7
      vertex 16.9743 19.6084 6
      vertex 16.9743 19.6084 9.7
    endloop
  endfacet
  facet normal 0.980815 -0.19494 7.04127e-19
    outer loop
      vertex 16.9743 19.6084 6
      vertex 16.8978 19.2235 9.7
      vertex 16.8978 19.2235 6
    endloop
  endfacet
  facet normal -0.751724 0.659478 1.54208e-18
    outer loop
      vertex 11.6199 21.8263 6
      vertex 11.8787 22.1213 9.7
      vertex 11.8787 22.1213 6
    endloop
  endfacet
  facet normal -0.751724 0.659478 1.54208e-18
    outer loop
      vertex 11.8787 22.1213 9.7
      vertex 11.6199 21.8263 6
      vertex 11.6199 21.8263 9.7
    endloop
  endfacet
  facet normal -0.980815 0.19494 7.04127e-19
    outer loop
      vertex 11.0257 20.3916 6
      vertex 11.1022 20.7765 9.7
      vertex 11.1022 20.7765 6
    endloop
  endfacet
  facet normal -0.980815 0.19494 7.04127e-19
    outer loop
      vertex 11.1022 20.7765 9.7
      vertex 11.0257 20.3916 6
      vertex 11.0257 20.3916 9.7
    endloop
  endfacet
  facet normal 0.831501 0.555523 -4.08829e-18
    outer loop
      vertex 16.5981 21.5 9.7
      vertex 16.3801 21.8263 6
      vertex 16.3801 21.8263 9.7
    endloop
  endfacet
  facet normal 0.831501 0.555523 -4.08829e-18
    outer loop
      vertex 16.3801 21.8263 6
      vertex 16.5981 21.5 9.7
      vertex 16.5981 21.5 6
    endloop
  endfacet
  facet normal 0.555523 0.831501 -0
    outer loop
      vertex 15.8263 22.3801 6
      vertex 15.5 22.5981 9.7
      vertex 15.8263 22.3801 9.7
    endloop
  endfacet
  facet normal 0.555523 0.831501 0
    outer loop
      vertex 15.5 22.5981 9.7
      vertex 15.8263 22.3801 6
      vertex 15.5 22.5981 6
    endloop
  endfacet
  facet normal -0.997853 -0.0654873 -1.5047e-19
    outer loop
      vertex 11.0257 19.6084 6
      vertex 11 20 9.7
      vertex 11 20 6
    endloop
  endfacet
  facet normal -0.997853 -0.0654873 -1.5047e-19
    outer loop
      vertex 11 20 9.7
      vertex 11.0257 19.6084 6
      vertex 11.0257 19.6084 9.7
    endloop
  endfacet
  facet normal 0.321651 0.946858 -0
    outer loop
      vertex 15.148 22.7716 6
      vertex 14.7765 22.8978 9.7
      vertex 15.148 22.7716 9.7
    endloop
  endfacet
  facet normal 0.321651 0.946858 0
    outer loop
      vertex 14.7765 22.8978 9.7
      vertex 15.148 22.7716 6
      vertex 14.7765 22.8978 6
    endloop
  endfacet
  facet normal 0.659478 -0.751724 0
    outer loop
      vertex 15.8263 17.6199 6
      vertex 16.1213 17.8787 9.7
      vertex 15.8263 17.6199 9.7
    endloop
  endfacet
  facet normal 0.659478 -0.751724 0
    outer loop
      vertex 16.1213 17.8787 9.7
      vertex 15.8263 17.6199 6
      vertex 16.1213 17.8787 6
    endloop
  endfacet
  facet normal -0.19494 0.980815 0
    outer loop
      vertex 13.6084 22.9743 6
      vertex 13.2235 22.8978 9.7
      vertex 13.6084 22.9743 9.7
    endloop
  endfacet
  facet normal -0.19494 0.980815 0
    outer loop
      vertex 13.2235 22.8978 9.7
      vertex 13.6084 22.9743 6
      vertex 13.2235 22.8978 6
    endloop
  endfacet
  facet normal 0.896961 0.44211 9.88181e-19
    outer loop
      vertex 16.7716 21.148 9.7
      vertex 16.5981 21.5 6
      vertex 16.5981 21.5 9.7
    endloop
  endfacet
  facet normal 0.896961 0.44211 9.88181e-19
    outer loop
      vertex 16.5981 21.5 6
      vertex 16.7716 21.148 9.7
      vertex 16.7716 21.148 6
    endloop
  endfacet
  facet normal 0.946885 -0.321574 1.33401e-18
    outer loop
      vertex 16.7716 18.8519 9.7
      vertex 16.8978 19.2235 6
      vertex 16.8978 19.2235 9.7
    endloop
  endfacet
  facet normal 0.946885 -0.321574 1.33401e-18
    outer loop
      vertex 16.8978 19.2235 6
      vertex 16.7716 18.8519 9.7
      vertex 16.7716 18.8519 6
    endloop
  endfacet
  facet normal -0.555523 -0.831501 0
    outer loop
      vertex 12.1737 17.6199 6
      vertex 12.5 17.4019 9.7
      vertex 12.1737 17.6199 9.7
    endloop
  endfacet
  facet normal -0.555523 -0.831501 -0
    outer loop
      vertex 12.5 17.4019 9.7
      vertex 12.1737 17.6199 6
      vertex 12.5 17.4019 6
    endloop
  endfacet
  facet normal -0.659478 -0.751724 0
    outer loop
      vertex 11.8787 17.8787 6
      vertex 12.1737 17.6199 9.7
      vertex 11.8787 17.8787 9.7
    endloop
  endfacet
  facet normal -0.659478 -0.751724 -0
    outer loop
      vertex 12.1737 17.6199 9.7
      vertex 11.8787 17.8787 6
      vertex 12.1737 17.6199 6
    endloop
  endfacet
  facet normal 0.751724 -0.659478 -3.42794e-18
    outer loop
      vertex 16.1213 17.8787 9.7
      vertex 16.3801 18.1737 6
      vertex 16.3801 18.1737 9.7
    endloop
  endfacet
  facet normal 0.751724 -0.659478 -3.42794e-18
    outer loop
      vertex 16.3801 18.1737 6
      vertex 16.1213 17.8787 9.7
      vertex 16.1213 17.8787 6
    endloop
  endfacet
  facet normal -0.896911 -0.442211 -2.03335e-18
    outer loop
      vertex 11.4019 18.5 6
      vertex 11.2284 18.8519 9.7
      vertex 11.2284 18.8519 6
    endloop
  endfacet
  facet normal -0.896911 -0.442211 -2.03335e-18
    outer loop
      vertex 11.2284 18.8519 9.7
      vertex 11.4019 18.5 6
      vertex 11.4019 18.5 9.7
    endloop
  endfacet
  facet normal -0.0654873 -0.997853 0
    outer loop
      vertex 13.6084 17.0257 6
      vertex 14 17 9.7
      vertex 13.6084 17.0257 9.7
    endloop
  endfacet
  facet normal -0.0654873 -0.997853 -0
    outer loop
      vertex 14 17 9.7
      vertex 13.6084 17.0257 6
      vertex 14 17 6
    endloop
  endfacet
  facet normal 0.751724 0.659478 3.42794e-18
    outer loop
      vertex 16.3801 21.8263 9.7
      vertex 16.1213 22.1213 6
      vertex 16.1213 22.1213 9.7
    endloop
  endfacet
  facet normal 0.751724 0.659478 3.42794e-18
    outer loop
      vertex 16.1213 22.1213 6
      vertex 16.3801 21.8263 9.7
      vertex 16.3801 21.8263 6
    endloop
  endfacet
  facet normal -0.555523 0.831501 0
    outer loop
      vertex 12.5 22.5981 6
      vertex 12.1737 22.3801 9.7
      vertex 12.5 22.5981 9.7
    endloop
  endfacet
  facet normal -0.555523 0.831501 0
    outer loop
      vertex 12.1737 22.3801 9.7
      vertex 12.5 22.5981 6
      vertex 12.1737 22.3801 6
    endloop
  endfacet
  facet normal 0 0 1
    outer loop
      vertex 16.9743 20.3916 9.7
      vertex 16.9743 19.6084 9.7
      vertex 17 20 9.7
    endloop
  endfacet
  facet normal 0 0 1
    outer loop
      vertex 16.8978 20.7765 9.7
      vertex 16.9743 19.6084 9.7
      vertex 16.9743 20.3916 9.7
    endloop
  endfacet
  facet normal 0 0 1
    outer loop
      vertex 16.8978 20.7765 9.7
      vertex 16.8978 19.2235 9.7
      vertex 16.9743 19.6084 9.7
    endloop
  endfacet
  facet normal 0 0 1
    outer loop
      vertex 16.7716 21.148 9.7
      vertex 16.8978 19.2235 9.7
      vertex 16.8978 20.7765 9.7
    endloop
  endfacet
  facet normal 0 0 1
    outer loop
      vertex 16.7716 21.148 9.7
      vertex 16.7716 18.8519 9.7
      vertex 16.8978 19.2235 9.7
    endloop
  endfacet
  facet normal 0 0 1
    outer loop
      vertex 16.5981 21.5 9.7
      vertex 16.7716 18.8519 9.7
      vertex 16.7716 21.148 9.7
    endloop
  endfacet
  facet normal 0 0 1
    outer loop
      vertex 16.5981 21.5 9.7
      vertex 16.5981 18.5 9.7
      vertex 16.7716 18.8519 9.7
    endloop
  endfacet
  facet normal 0 0 1
    outer loop
      vertex 16.3801 21.8263 9.7
      vertex 16.5981 18.5 9.7
      vertex 16.5981 21.5 9.7
    endloop
  endfacet
  facet normal 0 0 1
    outer loop
      vertex 16.3801 21.8263 9.7
      vertex 16.3801 18.1737 9.7
      vertex 16.5981 18.5 9.7
    endloop
  endfacet
  facet normal 0 0 1
    outer loop
      vertex 16.1213 22.1213 9.7
      vertex 16.3801 18.1737 9.7
      vertex 16.3801 21.8263 9.7
    endloop
  endfacet
  facet normal 0 0 1
    outer loop
      vertex 16.1213 22.1213 9.7
      vertex 16.1213 17.8787 9.7
      vertex 16.3801 18.1737 9.7
    endloop
  endfacet
  facet normal 0 0 1
    outer loop
      vertex 15.8263 22.3801 9.7
      vertex 16.1213 17.8787 9.7
      vertex 16.1213 22.1213 9.7
    endloop
  endfacet
  facet normal 0 0 1
    outer loop
      vertex 15.8263 22.3801 9.7
      vertex 15.8263 17.6199 9.7
      vertex 16.1213 17.8787 9.7
    endloop
  endfacet
  facet normal 0 0 1
    outer loop
      vertex 15.5 22.5981 9.7
      vertex 15.8263 17.6199 9.7
      vertex 15.8263 22.3801 9.7
    endloop
  endfacet
  facet normal 0 0 1
    outer loop
      vertex 15.5 22.5981 9.7
      vertex 15.5 17.4019 9.7
      vertex 15.8263 17.6199 9.7
    endloop
  endfacet
  facet normal 0 0 1
    outer loop
      vertex 15.148 22.7716 9.7
      vertex 15.5 17.4019 9.7
      vertex 15.5 22.5981 9.7
    endloop
  endfacet
  facet normal 0 0 1
    outer loop
      vertex 15.148 22.7716 9.7
      vertex 15.148 17.2284 9.7
      vertex 15.5 17.4019 9.7
    endloop
  endfacet
  facet normal 0 0 1
    outer loop
      vertex 14.7765 22.8978 9.7
      vertex 15.148 17.2284 9.7
      vertex 15.148 22.7716 9.7
    endloop
  endfacet
  facet normal 0 0 1
    outer loop
      vertex 14.7765 22.8978 9.7
      vertex 14.7765 17.1022 9.7
      vertex 15.148 17.2284 9.7
    endloop
  endfacet
  facet normal 0 0 1
    outer loop
      vertex 14.3916 22.9743 9.7
      vertex 14.7765 17.1022 9.7
      vertex 14.7765 22.8978 9.7
    endloop
  endfacet
  facet normal 0 0 1
    outer loop
      vertex 14.3916 22.9743 9.7
      vertex 14.3916 17.0257 9.7
      vertex 14.7765 17.1022 9.7
    endloop
  endfacet
  facet normal 0 0 1
    outer loop
      vertex 14 23 9.7
      vertex 14.3916 17.0257 9.7
      vertex 14.3916 22.9743 9.7
    endloop
  endfacet
  facet normal 0 0 1
    outer loop
      vertex 14 23 9.7
      vertex 14 17 9.7
      vertex 14.3916 17.0257 9.7
    endloop
  endfacet
  facet normal -0 0 1
    outer loop
      vertex 13.6084 22.9743 9.7
      vertex 14 17 9.7
      vertex 14 23 9.7
    endloop
  endfacet
  facet normal 0 0 1
    outer loop
      vertex 13.6084 22.9743 9.7
      vertex 13.6084 17.0257 9.7
      vertex 14 17 9.7
    endloop
  endfacet
  facet normal -0 0 1
    outer loop
      vertex 13.2235 22.8978 9.7
      vertex 13.6084 17.0257 9.7
      vertex 13.6084 22.9743 9.7
    endloop
  endfacet
  facet normal 0 0 1
    outer loop
      vertex 13.2235 22.8978 9.7
      vertex 13.2235 17.1022 9.7
      vertex 13.6084 17.0257 9.7
    endloop
  endfacet
  facet normal -0 0 1
    outer loop
      vertex 12.8519 22.7716 9.7
      vertex 13.2235 17.1022 9.7
      vertex 13.2235 22.8978 9.7
    endloop
  endfacet
  facet normal 0 0 1
    outer loop
      vertex 12.8519 22.7716 9.7
      vertex 12.8519 17.2284 9.7
      vertex 13.2235 17.1022 9.7
    endloop
  endfacet
  facet normal -0 0 1
    outer loop
      vertex 12.5 22.5981 9.7
      vertex 12.8519 17.2284 9.7
      vertex 12.8519 22.7716 9.7
    endloop
  endfacet
  facet normal 0 0 1
    outer loop
      vertex 12.5 22.5981 9.7
      vertex 12.5 17.4019 9.7
      vertex 12.8519 17.2284 9.7
    endloop
  endfacet
  facet normal -0 0 1
    outer loop
      vertex 12.1737 22.3801 9.7
      vertex 12.5 17.4019 9.7
      vertex 12.5 22.5981 9.7
    endloop
  endfacet
  facet normal 0 0 1
    outer loop
      vertex 12.1737 22.3801 9.7
      vertex 12.1737 17.6199 9.7
      vertex 12.5 17.4019 9.7
    endloop
  endfacet
  facet normal -0 0 1
    outer loop
      vertex 11.8787 22.1213 9.7
      vertex 12.1737 17.6199 9.7
      vertex 12.1737 22.3801 9.7
    endloop
  endfacet
  facet normal 0 0 1
    outer loop
      vertex 11.8787 22.1213 9.7
      vertex 11.8787 17.8787 9.7
      vertex 12.1737 17.6199 9.7
    endloop
  endfacet
  facet normal -0 0 1
    outer loop
      vertex 11.6199 21.8263 9.7
      vertex 11.8787 17.8787 9.7
      vertex 11.8787 22.1213 9.7
    endloop
  endfacet
  facet normal 0 0 1
    outer loop
      vertex 11.6199 21.8263 9.7
      vertex 11.6199 18.1737 9.7
      vertex 11.8787 17.8787 9.7
    endloop
  endfacet
  facet normal -0 0 1
    outer loop
      vertex 11.4019 21.5 9.7
      vertex 11.6199 18.1737 9.7
      vertex 11.6199 21.8263 9.7
    endloop
  endfacet
  facet normal 0 0 1
    outer loop
      vertex 11.4019 21.5 9.7
      vertex 11.4019 18.5 9.7
      vertex 11.6199 18.1737 9.7
    endloop
  endfacet
  facet normal -0 0 1
    outer loop
      vertex 11.2284 21.148 9.7
      vertex 11.4019 18.5 9.7
      vertex 11.4019 21.5 9.7
    endloop
  endfacet
  facet normal 0 0 1
    outer loop
      vertex 11.2284 21.148 9.7
      vertex 11.2284 18.8519 9.7
      vertex 11.4019 18.5 9.7
    endloop
  endfacet
  facet normal -0 0 1
    outer loop
      vertex 11.1022 20.7765 9.7
      vertex 11.2284 18.8519 9.7
      vertex 11.2284 21.148 9.7
    endloop
  endfacet
  facet normal 0 0 1
    outer loop
      vertex 11.1022 20.7765 9.7
      vertex 11.1022 19.2235 9.7
      vertex 11.2284 18.8519 9.7
    endloop
  endfacet
  facet normal -0 0 1
    outer loop
      vertex 11.0257 20.3916 9.7
      vertex 11.1022 19.2235 9.7
      vertex 11.1022 20.7765 9.7
    endloop
  endfacet
  facet normal 0 0 1
    outer loop
      vertex 11.0257 20.3916 9.7
      vertex 11.0257 19.6084 9.7
      vertex 11.1022 19.2235 9.7
    endloop
  endfacet
  facet normal 0 -0 1
    outer loop
      vertex 11.0257 19.6084 9.7
      vertex 11.0257 20.3916 9.7
      vertex 11 20 9.7
    endloop
  endfacet
  facet normal 0.321651 -0.946858 0
    outer loop
      vertex 14.7765 17.1022 6
      vertex 15.148 17.2284 9.7
      vertex 14.7765 17.1022 9.7
    endloop
  endfacet
  facet normal 0.321651 -0.946858 0
    outer loop
      vertex 15.148 17.2284 9.7
      vertex 14.7765 17.1022 6
      vertex 15.148 17.2284 6
    endloop
  endfacet
  facet normal 0.44211 -0.896961 0
    outer loop
      vertex 15.148 17.2284 6
      vertex 15.5 17.4019 9.7
      vertex 15.148 17.2284 9.7
    endloop
  endfacet
  facet normal 0.44211 -0.896961 0
    outer loop
      vertex 15.5 17.4019 9.7
      vertex 15.148 17.2284 6
      vertex 15.5 17.4019 6
    endloop
  endfacet
  facet normal 0.19494 0.980815 -0
    outer loop
      vertex 14.7765 22.8978 6
      vertex 14.3916 22.9743 9.7
      vertex 14.7765 22.8978 9.7
    endloop
  endfacet
  facet normal 0.19494 0.980815 0
    outer loop
      vertex 14.3916 22.9743 9.7
      vertex 14.7765 22.8978 6
      vertex 14.3916 22.9743 6
    endloop
  endfacet
  facet normal -0.442211 -0.896911 0
    outer loop
      vertex 12.5 17.4019 6
      vertex 12.8519 17.2284 9.7
      vertex 12.5 17.4019 9.7
    endloop
  endfacet
  facet normal -0.442211 -0.896911 -0
    outer loop
      vertex 12.8519 17.2284 9.7
      vertex 12.5 17.4019 6
      vertex 12.8519 17.2284 6
    endloop
  endfacet
  facet normal -0.831501 -0.555523 -4.08829e-18
    outer loop
      vertex 11.6199 18.1737 6
      vertex 11.4019 18.5 9.7
      vertex 11.4019 18.5 6
    endloop
  endfacet
  facet normal -0.831501 -0.555523 -4.08829e-18
    outer loop
      vertex 11.4019 18.5 9.7
      vertex 11.6199 18.1737 6
      vertex 11.6199 18.1737 9.7
    endloop
  endfacet
  facet normal -0.946858 0.321651 9.83992e-19
    outer loop
      vertex 11.1022 20.7765 6
      vertex 11.2284 21.148 9.7
      vertex 11.2284 21.148 6
    endloop
  endfacet
  facet normal -0.946858 0.321651 9.83992e-19
    outer loop
      vertex 11.2284 21.148 9.7
      vertex 11.1022 20.7765 6
      vertex 11.1022 20.7765 9.7
    endloop
  endfacet
  facet normal -0.946858 -0.321651 1.95275e-18
    outer loop
      vertex 11.2284 76.852 6
      vertex 11.1022 77.2235 9.7
      vertex 11.1022 77.2235 6
    endloop
  endfacet
  facet normal -0.946858 -0.321651 1.95275e-18
    outer loop
      vertex 11.1022 77.2235 9.7
      vertex 11.2284 76.852 6
      vertex 11.2284 76.852 9.7
    endloop
  endfacet
  facet normal 0.19494 -0.980815 0
    outer loop
      vertex 14.3916 75.0257 6
      vertex 14.7765 75.1022 9.7
      vertex 14.3916 75.0257 9.7
    endloop
  endfacet
  facet normal 0.19494 -0.980815 0
    outer loop
      vertex 14.7765 75.1022 9.7
      vertex 14.3916 75.0257 6
      vertex 14.7765 75.1022 6
    endloop
  endfacet
  facet normal 0.980815 0.19494 8.82468e-19
    outer loop
      vertex 16.9743 78.3916 9.7
      vertex 16.8978 78.7765 6
      vertex 16.8978 78.7765 9.7
    endloop
  endfacet
  facet normal 0.980815 0.19494 8.82468e-19
    outer loop
      vertex 16.8978 78.7765 6
      vertex 16.9743 78.3916 9.7
      vertex 16.9743 78.3916 6
    endloop
  endfacet
  facet normal 0.997853 0.0654873 -5.88201e-19
    outer loop
      vertex 17 78 9.7
      vertex 16.9743 78.3916 6
      vertex 16.9743 78.3916 9.7
    endloop
  endfacet
  facet normal 0.997853 0.0654873 -5.88201e-19
    outer loop
      vertex 16.9743 78.3916 6
      vertex 17 78 9.7
      vertex 17 78 6
    endloop
  endfacet
  facet normal -0.442211 0.896911 0
    outer loop
      vertex 12.8519 80.7716 6
      vertex 12.5 80.5981 9.7
      vertex 12.8519 80.7716 9.7
    endloop
  endfacet
  facet normal -0.442211 0.896911 0
    outer loop
      vertex 12.5 80.5981 9.7
      vertex 12.8519 80.7716 6
      vertex 12.5 80.5981 6
    endloop
  endfacet
  facet normal 0.946858 0.321651 1.95275e-18
    outer loop
      vertex 16.8978 78.7765 9.7
      vertex 16.7716 79.148 6
      vertex 16.7716 79.148 9.7
    endloop
  endfacet
  facet normal 0.946858 0.321651 1.95275e-18
    outer loop
      vertex 16.7716 79.148 6
      vertex 16.8978 78.7765 9.7
      vertex 16.8978 78.7765 6
    endloop
  endfacet
  facet normal 0.896961 -0.44211 -1.79102e-18
    outer loop
      vertex 16.5981 76.5 9.7
      vertex 16.7716 76.852 6
      vertex 16.7716 76.852 9.7
    endloop
  endfacet
  facet normal 0.896961 -0.44211 -1.79102e-18
    outer loop
      vertex 16.7716 76.852 6
      vertex 16.5981 76.5 9.7
      vertex 16.5981 76.5 6
    endloop
  endfacet
  facet normal 0.997853 -0.0654873 5.88201e-19
    outer loop
      vertex 16.9743 77.6084 9.7
      vertex 17 78 6
      vertex 17 78 9.7
    endloop
  endfacet
  facet normal 0.997853 -0.0654873 5.88201e-19
    outer loop
      vertex 17 78 6
      vertex 16.9743 77.6084 9.7
      vertex 16.9743 77.6084 6
    endloop
  endfacet
  facet normal 0.659478 0.751724 -0
    outer loop
      vertex 16.1213 80.1213 6
      vertex 15.8263 80.3801 9.7
      vertex 16.1213 80.1213 9.7
    endloop
  endfacet
  facet normal 0.659478 0.751724 0
    outer loop
      vertex 15.8263 80.3801 9.7
      vertex 16.1213 80.1213 6
      vertex 15.8263 80.3801 6
    endloop
  endfacet
  facet normal -0.659478 0.751724 0
    outer loop
      vertex 12.1737 80.3801 6
      vertex 11.8787 80.1213 9.7
      vertex 12.1737 80.3801 9.7
    endloop
  endfacet
  facet normal -0.659478 0.751724 0
    outer loop
      vertex 11.8787 80.1213 9.7
      vertex 12.1737 80.3801 6
      vertex 11.8787 80.1213 6
    endloop
  endfacet
  facet normal 0.0654873 0.997853 -0
    outer loop
      vertex 14.3916 80.9743 6
      vertex 14 81 9.7
      vertex 14.3916 80.9743 9.7
    endloop
  endfacet
  facet normal 0.0654873 0.997853 0
    outer loop
      vertex 14 81 9.7
      vertex 14.3916 80.9743 6
      vertex 14 81 6
    endloop
  endfacet
  facet normal -0.997853 0.0654873 5.88201e-19
    outer loop
      vertex 11 78 6
      vertex 11.0257 78.3916 9.7
      vertex 11.0257 78.3916 6
    endloop
  endfacet
  facet normal -0.997853 0.0654873 5.88201e-19
    outer loop
      vertex 11.0257 78.3916 9.7
      vertex 11 78 6
      vertex 11 78 9.7
    endloop
  endfacet
  facet normal -0.751724 -0.659478 -1.54208e-18
    outer loop
      vertex 11.8787 75.8787 6
      vertex 11.6199 76.1737 9.7
      vertex 11.6199 76.1737 6
    endloop
  endfacet
  facet normal -0.751724 -0.659478 -1.54208e-18
    outer loop
      vertex 11.6199 76.1737 9.7
      vertex 11.8787 75.8787 6
      vertex 11.8787 75.8787 9.7
    endloop
  endfacet
  facet normal -0.980815 -0.19494 8.82468e-19
    outer loop
      vertex 11.1022 77.2235 6
      vertex 11.0257 77.6084 9.7
      vertex 11.0257 77.6084 6
    endloop
  endfacet
  facet normal -0.980815 -0.19494 8.82468e-19
    outer loop
      vertex 11.0257 77.6084 9.7
      vertex 11.1022 77.2235 6
      vertex 11.1022 77.2235 9.7
    endloop
  endfacet
  facet normal 0.831501 -0.555523 2.25317e-18
    outer loop
      vertex 16.3801 76.1737 9.7
      vertex 16.5981 76.5 6
      vertex 16.5981 76.5 9.7
    endloop
  endfacet
  facet normal 0.831501 -0.555523 2.25317e-18
    outer loop
      vertex 16.5981 76.5 6
      vertex 16.3801 76.1737 9.7
      vertex 16.3801 76.1737 6
    endloop
  endfacet
  facet normal -0.896961 0.44211 -2.32625e-18
    outer loop
      vertex 11.2284 79.148 6
      vertex 11.4019 79.5 9.7
      vertex 11.4019 79.5 6
    endloop
  endfacet
  facet normal -0.896961 0.44211 -2.32625e-18
    outer loop
      vertex 11.4019 79.5 9.7
      vertex 11.2284 79.148 6
      vertex 11.2284 79.148 9.7
    endloop
  endfacet
  facet normal -0.831501 0.555523 2.25317e-18
    outer loop
      vertex 11.4019 79.5 6
      vertex 11.6199 79.8263 9.7
      vertex 11.6199 79.8263 6
    endloop
  endfacet
  facet normal -0.831501 0.555523 2.25317e-18
    outer loop
      vertex 11.6199 79.8263 9.7
      vertex 11.4019 79.5 6
      vertex 11.4019 79.5 9.7
    endloop
  endfacet
  facet normal -0.0654873 0.997853 0
    outer loop
      vertex 14 81 6
      vertex 13.6084 80.9743 9.7
      vertex 14 81 9.7
    endloop
  endfacet
  facet normal -0.0654873 0.997853 0
    outer loop
      vertex 13.6084 80.9743 9.7
      vertex 14 81 6
      vertex 13.6084 80.9743 6
    endloop
  endfacet
  facet normal -0.321574 -0.946885 0
    outer loop
      vertex 12.8519 75.2284 6
      vertex 13.2235 75.1022 9.7
      vertex 12.8519 75.2284 9.7
    endloop
  endfacet
  facet normal -0.321574 -0.946885 -0
    outer loop
      vertex 13.2235 75.1022 9.7
      vertex 12.8519 75.2284 6
      vertex 13.2235 75.1022 6
    endloop
  endfacet
  facet normal 0.44211 0.896961 -0
    outer loop
      vertex 15.5 80.5981 6
      vertex 15.148 80.7716 9.7
      vertex 15.5 80.5981 9.7
    endloop
  endfacet
  facet normal 0.44211 0.896961 0
    outer loop
      vertex 15.148 80.7716 9.7
      vertex 15.5 80.5981 6
      vertex 15.148 80.7716 6
    endloop
  endfacet
  facet normal 0.0654873 -0.997853 0
    outer loop
      vertex 14 75 6
      vertex 14.3916 75.0257 9.7
      vertex 14 75 9.7
    endloop
  endfacet
  facet normal 0.0654873 -0.997853 0
    outer loop
      vertex 14.3916 75.0257 9.7
      vertex 14 75 6
      vertex 14.3916 75.0257 6
    endloop
  endfacet
  facet normal 0.555523 -0.831501 0
    outer loop
      vertex 15.5 75.4019 6
      vertex 15.8263 75.6199 9.7
      vertex 15.5 75.4019 9.7
    endloop
  endfacet
  facet normal 0.555523 -0.831501 0
    outer loop
      vertex 15.8263 75.6199 9.7
      vertex 15.5 75.4019 6
      vertex 15.8263 75.6199 6
    endloop
  endfacet
  facet normal 0.980815 -0.19494 -8.82468e-19
    outer loop
      vertex 16.8978 77.2235 9.7
      vertex 16.9743 77.6084 6
      vertex 16.9743 77.6084 9.7
    endloop
  endfacet
  facet normal 0.980815 -0.19494 -8.82468e-19
    outer loop
      vertex 16.9743 77.6084 6
      vertex 16.8978 77.2235 9.7
      vertex 16.8978 77.2235 6
    endloop
  endfacet
  facet normal -0.751724 0.659478 1.54208e-18
    outer loop
      vertex 11.6199 79.8263 6
      vertex 11.8787 80.1213 9.7
      vertex 11.8787 80.1213 6
    endloop
  endfacet
  facet normal -0.751724 0.659478 1.54208e-18
    outer loop
      vertex 11.8787 80.1213 9.7
      vertex 11.6199 79.8263 6
      vertex 11.6199 79.8263 9.7
    endloop
  endfacet
  facet normal -0.980815 0.19494 -8.82468e-19
    outer loop
      vertex 11.0257 78.3916 6
      vertex 11.1022 78.7765 9.7
      vertex 11.1022 78.7765 6
    endloop
  endfacet
  facet normal -0.980815 0.19494 -8.82468e-19
    outer loop
      vertex 11.1022 78.7765 9.7
      vertex 11.0257 78.3916 6
      vertex 11.0257 78.3916 9.7
    endloop
  endfacet
  facet normal 0.831501 0.555523 -2.25317e-18
    outer loop
      vertex 16.5981 79.5 9.7
      vertex 16.3801 79.8263 6
      vertex 16.3801 79.8263 9.7
    endloop
  endfacet
  facet normal 0.831501 0.555523 -2.25317e-18
    outer loop
      vertex 16.3801 79.8263 6
      vertex 16.5981 79.5 9.7
      vertex 16.5981 79.5 6
    endloop
  endfacet
  facet normal 0.555523 0.831501 -0
    outer loop
      vertex 15.8263 80.3801 6
      vertex 15.5 80.5981 9.7
      vertex 15.8263 80.3801 9.7
    endloop
  endfacet
  facet normal 0.555523 0.831501 0
    outer loop
      vertex 15.5 80.5981 9.7
      vertex 15.8263 80.3801 6
      vertex 15.5 80.5981 6
    endloop
  endfacet
  facet normal -0.997853 -0.0654873 -5.88201e-19
    outer loop
      vertex 11.0257 77.6084 6
      vertex 11 78 9.7
      vertex 11 78 6
    endloop
  endfacet
  facet normal -0.997853 -0.0654873 -5.88201e-19
    outer loop
      vertex 11 78 9.7
      vertex 11.0257 77.6084 6
      vertex 11.0257 77.6084 9.7
    endloop
  endfacet
  facet normal 0.321651 0.946858 -0
    outer loop
      vertex 15.148 80.7716 6
      vertex 14.7765 80.8978 9.7
      vertex 15.148 80.7716 9.7
    endloop
  endfacet
  facet normal 0.321651 0.946858 0
    outer loop
      vertex 14.7765 80.8978 9.7
      vertex 15.148 80.7716 6
      vertex 14.7765 80.8978 6
    endloop
  endfacet
  facet normal 0.659478 -0.751724 0
    outer loop
      vertex 15.8263 75.6199 6
      vertex 16.1213 75.8787 9.7
      vertex 15.8263 75.6199 9.7
    endloop
  endfacet
  facet normal 0.659478 -0.751724 0
    outer loop
      vertex 16.1213 75.8787 9.7
      vertex 15.8263 75.6199 6
      vertex 16.1213 75.8787 6
    endloop
  endfacet
  facet normal -0.19494 0.980815 0
    outer loop
      vertex 13.6084 80.9743 6
      vertex 13.2235 80.8978 9.7
      vertex 13.6084 80.9743 9.7
    endloop
  endfacet
  facet normal -0.19494 0.980815 0
    outer loop
      vertex 13.2235 80.8978 9.7
      vertex 13.6084 80.9743 6
      vertex 13.2235 80.8978 6
    endloop
  endfacet
  facet normal 0.896961 0.44211 1.79102e-18
    outer loop
      vertex 16.7716 79.148 9.7
      vertex 16.5981 79.5 6
      vertex 16.5981 79.5 9.7
    endloop
  endfacet
  facet normal 0.896961 0.44211 1.79102e-18
    outer loop
      vertex 16.5981 79.5 6
      vertex 16.7716 79.148 9.7
      vertex 16.7716 79.148 6
    endloop
  endfacet
  facet normal 0.946858 -0.321651 -1.95275e-18
    outer loop
      vertex 16.7716 76.852 9.7
      vertex 16.8978 77.2235 6
      vertex 16.8978 77.2235 9.7
    endloop
  endfacet
  facet normal 0.946858 -0.321651 -1.95275e-18
    outer loop
      vertex 16.8978 77.2235 6
      vertex 16.7716 76.852 9.7
      vertex 16.7716 76.852 6
    endloop
  endfacet
  facet normal -0.555523 -0.831501 0
    outer loop
      vertex 12.1737 75.6199 6
      vertex 12.5 75.4019 9.7
      vertex 12.1737 75.6199 9.7
    endloop
  endfacet
  facet normal -0.555523 -0.831501 -0
    outer loop
      vertex 12.5 75.4019 9.7
      vertex 12.1737 75.6199 6
      vertex 12.5 75.4019 6
    endloop
  endfacet
  facet normal -0.659478 -0.751724 0
    outer loop
      vertex 11.8787 75.8787 6
      vertex 12.1737 75.6199 9.7
      vertex 11.8787 75.8787 9.7
    endloop
  endfacet
  facet normal -0.659478 -0.751724 -0
    outer loop
      vertex 12.1737 75.6199 9.7
      vertex 11.8787 75.8787 6
      vertex 12.1737 75.6199 6
    endloop
  endfacet
  facet normal 0.751724 -0.659478 -3.42794e-18
    outer loop
      vertex 16.1213 75.8787 9.7
      vertex 16.3801 76.1737 6
      vertex 16.3801 76.1737 9.7
    endloop
  endfacet
  facet normal 0.751724 -0.659478 -3.42794e-18
    outer loop
      vertex 16.3801 76.1737 6
      vertex 16.1213 75.8787 9.7
      vertex 16.1213 75.8787 6
    endloop
  endfacet
  facet normal -0.896961 -0.44211 2.32625e-18
    outer loop
      vertex 11.4019 76.5 6
      vertex 11.2284 76.852 9.7
      vertex 11.2284 76.852 6
    endloop
  endfacet
  facet normal -0.896961 -0.44211 2.32625e-18
    outer loop
      vertex 11.2284 76.852 9.7
      vertex 11.4019 76.5 6
      vertex 11.4019 76.5 9.7
    endloop
  endfacet
  facet normal -0.0654873 -0.997853 0
    outer loop
      vertex 13.6084 75.0257 6
      vertex 14 75 9.7
      vertex 13.6084 75.0257 9.7
    endloop
  endfacet
  facet normal -0.0654873 -0.997853 -0
    outer loop
      vertex 14 75 9.7
      vertex 13.6084 75.0257 6
      vertex 14 75 6
    endloop
  endfacet
  facet normal 0.751724 0.659478 3.42794e-18
    outer loop
      vertex 16.3801 79.8263 9.7
      vertex 16.1213 80.1213 6
      vertex 16.1213 80.1213 9.7
    endloop
  endfacet
  facet normal 0.751724 0.659478 3.42794e-18
    outer loop
      vertex 16.1213 80.1213 6
      vertex 16.3801 79.8263 9.7
      vertex 16.3801 79.8263 6
    endloop
  endfacet
  facet normal -0.555523 0.831501 0
    outer loop
      vertex 12.5 80.5981 6
      vertex 12.1737 80.3801 9.7
      vertex 12.5 80.5981 9.7
    endloop
  endfacet
  facet normal -0.555523 0.831501 0
    outer loop
      vertex 12.1737 80.3801 9.7
      vertex 12.5 80.5981 6
      vertex 12.1737 80.3801 6
    endloop
  endfacet
  facet normal 0.321651 -0.946858 0
    outer loop
      vertex 14.7765 75.1022 6
      vertex 15.148 75.2284 9.7
      vertex 14.7765 75.1022 9.7
    endloop
  endfacet
  facet normal 0.321651 -0.946858 0
    outer loop
      vertex 15.148 75.2284 9.7
      vertex 14.7765 75.1022 6
      vertex 15.148 75.2284 6
    endloop
  endfacet
  facet normal 0.44211 -0.896961 0
    outer loop
      vertex 15.148 75.2284 6
      vertex 15.5 75.4019 9.7
      vertex 15.148 75.2284 9.7
    endloop
  endfacet
  facet normal 0.44211 -0.896961 0
    outer loop
      vertex 15.5 75.4019 9.7
      vertex 15.148 75.2284 6
      vertex 15.5 75.4019 6
    endloop
  endfacet
  facet normal -0.321574 0.946885 0
    outer loop
      vertex 13.2235 80.8978 6
      vertex 12.8519 80.7716 9.7
      vertex 13.2235 80.8978 9.7
    endloop
  endfacet
  facet normal -0.321574 0.946885 0
    outer loop
      vertex 12.8519 80.7716 9.7
      vertex 13.2235 80.8978 6
      vertex 12.8519 80.7716 6
    endloop
  endfacet
  facet normal 0 0 1
    outer loop
      vertex 16.9743 78.3916 9.7
      vertex 16.9743 77.6084 9.7
      vertex 17 78 9.7
    endloop
  endfacet
  facet normal 0 0 1
    outer loop
      vertex 16.8978 78.7765 9.7
      vertex 16.9743 77.6084 9.7
      vertex 16.9743 78.3916 9.7
    endloop
  endfacet
  facet normal 0 0 1
    outer loop
      vertex 16.8978 78.7765 9.7
      vertex 16.8978 77.2235 9.7
      vertex 16.9743 77.6084 9.7
    endloop
  endfacet
  facet normal 0 0 1
    outer loop
      vertex 16.7716 79.148 9.7
      vertex 16.8978 77.2235 9.7
      vertex 16.8978 78.7765 9.7
    endloop
  endfacet
  facet normal 0 0 1
    outer loop
      vertex 16.7716 79.148 9.7
      vertex 16.7716 76.852 9.7
      vertex 16.8978 77.2235 9.7
    endloop
  endfacet
  facet normal 0 0 1
    outer loop
      vertex 16.5981 79.5 9.7
      vertex 16.7716 76.852 9.7
      vertex 16.7716 79.148 9.7
    endloop
  endfacet
  facet normal 0 0 1
    outer loop
      vertex 16.5981 79.5 9.7
      vertex 16.5981 76.5 9.7
      vertex 16.7716 76.852 9.7
    endloop
  endfacet
  facet normal 0 0 1
    outer loop
      vertex 16.3801 79.8263 9.7
      vertex 16.5981 76.5 9.7
      vertex 16.5981 79.5 9.7
    endloop
  endfacet
  facet normal 0 0 1
    outer loop
      vertex 16.3801 79.8263 9.7
      vertex 16.3801 76.1737 9.7
      vertex 16.5981 76.5 9.7
    endloop
  endfacet
  facet normal 0 0 1
    outer loop
      vertex 16.1213 80.1213 9.7
      vertex 16.3801 76.1737 9.7
      vertex 16.3801 79.8263 9.7
    endloop
  endfacet
  facet normal 0 0 1
    outer loop
      vertex 16.1213 80.1213 9.7
      vertex 16.1213 75.8787 9.7
      vertex 16.3801 76.1737 9.7
    endloop
  endfacet
  facet normal 0 0 1
    outer loop
      vertex 15.8263 80.3801 9.7
      vertex 16.1213 75.8787 9.7
      vertex 16.1213 80.1213 9.7
    endloop
  endfacet
  facet normal 0 0 1
    outer loop
      vertex 15.8263 80.3801 9.7
      vertex 15.8263 75.6199 9.7
      vertex 16.1213 75.8787 9.7
    endloop
  endfacet
  facet normal 0 0 1
    outer loop
      vertex 15.5 80.5981 9.7
      vertex 15.8263 75.6199 9.7
      vertex 15.8263 80.3801 9.7
    endloop
  endfacet
  facet normal 0 0 1
    outer loop
      vertex 15.5 80.5981 9.7
      vertex 15.5 75.4019 9.7
      vertex 15.8263 75.6199 9.7
    endloop
  endfacet
  facet normal 0 0 1
    outer loop
      vertex 15.148 80.7716 9.7
      vertex 15.5 75.4019 9.7
      vertex 15.5 80.5981 9.7
    endloop
  endfacet
  facet normal 0 0 1
    outer loop
      vertex 15.148 80.7716 9.7
      vertex 15.148 75.2284 9.7
      vertex 15.5 75.4019 9.7
    endloop
  endfacet
  facet normal 0 0 1
    outer loop
      vertex 14.7765 80.8978 9.7
      vertex 15.148 75.2284 9.7
      vertex 15.148 80.7716 9.7
    endloop
  endfacet
  facet normal 0 0 1
    outer loop
      vertex 14.7765 80.8978 9.7
      vertex 14.7765 75.1022 9.7
      vertex 15.148 75.2284 9.7
    endloop
  endfacet
  facet normal 0 0 1
    outer loop
      vertex 14.3916 80.9743 9.7
      vertex 14.7765 75.1022 9.7
      vertex 14.7765 80.8978 9.7
    endloop
  endfacet
  facet normal 0 0 1
    outer loop
      vertex 14.3916 80.9743 9.7
      vertex 14.3916 75.0257 9.7
      vertex 14.7765 75.1022 9.7
    endloop
  endfacet
  facet normal 0 0 1
    outer loop
      vertex 14 81 9.7
      vertex 14.3916 75.0257 9.7
      vertex 14.3916 80.9743 9.7
    endloop
  endfacet
  facet normal 0 0 1
    outer loop
      vertex 14 81 9.7
      vertex 14 75 9.7
      vertex 14.3916 75.0257 9.7
    endloop
  endfacet
  facet normal -0 0 1
    outer loop
      vertex 13.6084 80.9743 9.7
      vertex 14 75 9.7
      vertex 14 81 9.7
    endloop
  endfacet
  facet normal 0 0 1
    outer loop
      vertex 13.6084 80.9743 9.7
      vertex 13.6084 75.0257 9.7
      vertex 14 75 9.7
    endloop
  endfacet
  facet normal -0 0 1
    outer loop
      vertex 13.2235 80.8978 9.7
      vertex 13.6084 75.0257 9.7
      vertex 13.6084 80.9743 9.7
    endloop
  endfacet
  facet normal 0 0 1
    outer loop
      vertex 13.2235 80.8978 9.7
      vertex 13.2235 75.1022 9.7
      vertex 13.6084 75.0257 9.7
    endloop
  endfacet
  facet normal -0 0 1
    outer loop
      vertex 12.8519 80.7716 9.7
      vertex 13.2235 75.1022 9.7
      vertex 13.2235 80.8978 9.7
    endloop
  endfacet
  facet normal 0 0 1
    outer loop
      vertex 12.8519 80.7716 9.7
      vertex 12.8519 75.2284 9.7
      vertex 13.2235 75.1022 9.7
    endloop
  endfacet
  facet normal -0 0 1
    outer loop
      vertex 12.5 80.5981 9.7
      vertex 12.8519 75.2284 9.7
      vertex 12.8519 80.7716 9.7
    endloop
  endfacet
  facet normal 0 0 1
    outer loop
      vertex 12.5 80.5981 9.7
      vertex 12.5 75.4019 9.7
      vertex 12.8519 75.2284 9.7
    endloop
  endfacet
  facet normal -0 0 1
    outer loop
      vertex 12.1737 80.3801 9.7
      vertex 12.5 75.4019 9.7
      vertex 12.5 80.5981 9.7
    endloop
  endfacet
  facet normal 0 0 1
    outer loop
      vertex 12.1737 80.3801 9.7
      vertex 12.1737 75.6199 9.7
      vertex 12.5 75.4019 9.7
    endloop
  endfacet
  facet normal -0 0 1
    outer loop
      vertex 11.8787 80.1213 9.7
      vertex 12.1737 75.6199 9.7
      vertex 12.1737 80.3801 9.7
    endloop
  endfacet
  facet normal 0 0 1
    outer loop
      vertex 11.8787 80.1213 9.7
      vertex 11.8787 75.8787 9.7
      vertex 12.1737 75.6199 9.7
    endloop
  endfacet
  facet normal -0 0 1
    outer loop
      vertex 11.6199 79.8263 9.7
      vertex 11.8787 75.8787 9.7
      vertex 11.8787 80.1213 9.7
    endloop
  endfacet
  facet normal 0 0 1
    outer loop
      vertex 11.6199 79.8263 9.7
      vertex 11.6199 76.1737 9.7
      vertex 11.8787 75.8787 9.7
    endloop
  endfacet
  facet normal -0 0 1
    outer loop
      vertex 11.4019 79.5 9.7
      vertex 11.6199 76.1737 9.7
      vertex 11.6199 79.8263 9.7
    endloop
  endfacet
  facet normal 0 0 1
    outer loop
      vertex 11.4019 79.5 9.7
      vertex 11.4019 76.5 9.7
      vertex 11.6199 76.1737 9.7
    endloop
  endfacet
  facet normal -0 0 1
    outer loop
      vertex 11.2284 79.148 9.7
      vertex 11.4019 76.5 9.7
      vertex 11.4019 79.5 9.7
    endloop
  endfacet
  facet normal 0 0 1
    outer loop
      vertex 11.2284 79.148 9.7
      vertex 11.2284 76.852 9.7
      vertex 11.4019 76.5 9.7
    endloop
  endfacet
  facet normal -0 0 1
    outer loop
      vertex 11.1022 78.7765 9.7
      vertex 11.2284 76.852 9.7
      vertex 11.2284 79.148 9.7
    endloop
  endfacet
  facet normal 0 0 1
    outer loop
      vertex 11.1022 78.7765 9.7
      vertex 11.1022 77.2235 9.7
      vertex 11.2284 76.852 9.7
    endloop
  endfacet
  facet normal -0 0 1
    outer loop
      vertex 11.0257 78.3916 9.7
      vertex 11.1022 77.2235 9.7
      vertex 11.1022 78.7765 9.7
    endloop
  endfacet
  facet normal 0 0 1
    outer loop
      vertex 11.0257 78.3916 9.7
      vertex 11.0257 77.6084 9.7
      vertex 11.1022 77.2235 9.7
    endloop
  endfacet
  facet normal 0 -0 1
    outer loop
      vertex 11.0257 77.6084 9.7
      vertex 11.0257 78.3916 9.7
      vertex 11 78 9.7
    endloop
  endfacet
  facet normal -0.19494 -0.980815 0
    outer loop
      vertex 13.2235 75.1022 6
      vertex 13.6084 75.0257 9.7
      vertex 13.2235 75.1022 9.7
    endloop
  endfacet
  facet normal -0.19494 -0.980815 -0
    outer loop
      vertex 13.6084 75.0257 9.7
      vertex 13.2235 75.1022 6
      vertex 13.6084 75.0257 6
    endloop
  endfacet
  facet normal 0.19494 0.980815 -0
    outer loop
      vertex 14.7765 80.8978 6
      vertex 14.3916 80.9743 9.7
      vertex 14.7765 80.8978 9.7
    endloop
  endfacet
  facet normal 0.19494 0.980815 0
    outer loop
      vertex 14.3916 80.9743 9.7
      vertex 14.7765 80.8978 6
      vertex 14.3916 80.9743 6
    endloop
  endfacet
  facet normal -0.442211 -0.896911 0
    outer loop
      vertex 12.5 75.4019 6
      vertex 12.8519 75.2284 9.7
      vertex 12.5 75.4019 9.7
    endloop
  endfacet
  facet normal -0.442211 -0.896911 -0
    outer loop
      vertex 12.8519 75.2284 9.7
      vertex 12.5 75.4019 6
      vertex 12.8519 75.2284 6
    endloop
  endfacet
  facet normal -0.831501 -0.555523 -2.25317e-18
    outer loop
      vertex 11.6199 76.1737 6
      vertex 11.4019 76.5 9.7
      vertex 11.4019 76.5 6
    endloop
  endfacet
  facet normal -0.831501 -0.555523 -2.25317e-18
    outer loop
      vertex 11.4019 76.5 9.7
      vertex 11.6199 76.1737 6
      vertex 11.6199 76.1737 9.7
    endloop
  endfacet
  facet normal -0.946858 0.321651 -1.95275e-18
    outer loop
      vertex 11.1022 78.7765 6
      vertex 11.2284 79.148 9.7
      vertex 11.2284 79.148 6
    endloop
  endfacet
  facet normal -0.946858 0.321651 -1.95275e-18
    outer loop
      vertex 11.2284 79.148 9.7
      vertex 11.1022 78.7765 6
      vertex 11.1022 78.7765 9.7
    endloop
  endfacet
  facet normal 0 -1 0
    outer loop
      vertex 4 0 6
      vertex 62.5 0 2.5
      vertex 62.5 0 6
    endloop
  endfacet
  facet normal 0 -1 0
    outer loop
      vertex 4 0 0
      vertex 62.5 0 2.5
      vertex 4 0 6
    endloop
  endfacet
  facet normal 0 -1 0
    outer loop
      vertex 72.5 0 0
      vertex 62.5 0 2.5
      vertex 4 0 0
    endloop
  endfacet
  facet normal 0 -1 0
    outer loop
      vertex 62.5 0 2.5
      vertex 72.5 0 0
      vertex 72.5 0 2.5
    endloop
  endfacet
  facet normal -0.896875 -0.442284 -4.59205e-19
    outer loop
      vertex 0.535904 2 0
      vertex 0.304489 2.46927 6
      vertex 0.304489 2.46927 0
    endloop
  endfacet
  facet normal -0.896875 -0.442284 -4.59205e-19
    outer loop
      vertex 0.304489 2.46927 6
      vertex 0.535904 2 0
      vertex 0.535904 2 6
    endloop
  endfacet
  facet normal -0.659337 -0.751847 0
    outer loop
      vertex 1.17157 1.17157 0
      vertex 1.56496 0.826584 6
      vertex 1.17157 1.17157 6
    endloop
  endfacet
  facet normal -0.659337 -0.751847 -0
    outer loop
      vertex 1.56496 0.826584 6
      vertex 1.17157 1.17157 0
      vertex 1.56496 0.826584 0
    endloop
  endfacet
  facet normal -0.195073 -0.980789 0
    outer loop
      vertex 2.96472 0.136292 0
      vertex 3.47789 0.0342255 6
      vertex 2.96472 0.136292 6
    endloop
  endfacet
  facet normal -0.195073 -0.980789 -0
    outer loop
      vertex 3.47789 0.0342255 6
      vertex 2.96472 0.136292 0
      vertex 3.47789 0.0342255 0
    endloop
  endfacet
  facet normal -0.321464 -0.946922 0
    outer loop
      vertex 2.46927 0.304489 0
      vertex 2.96472 0.136292 6
      vertex 2.46927 0.304489 6
    endloop
  endfacet
  facet normal -0.321464 -0.946922 -0
    outer loop
      vertex 2.96472 0.136292 6
      vertex 2.46927 0.304489 0
      vertex 2.96472 0.136292 0
    endloop
  endfacet
  facet normal -0.997858 -0.0654119 4.47052e-19
    outer loop
      vertex 0.0342255 3.47789 0
      vertex 0 4 6
      vertex 0 4 0
    endloop
  endfacet
  facet normal -0.997858 -0.0654119 4.47052e-19
    outer loop
      vertex 0 4 6
      vertex 0.0342255 3.47789 0
      vertex 0.0342255 3.47789 6
    endloop
  endfacet
  facet normal -0.0654119 -0.997858 0
    outer loop
      vertex 3.47789 0.0342255 0
      vertex 4 0 6
      vertex 3.47789 0.0342255 6
    endloop
  endfacet
  facet normal -0.0654119 -0.997858 -0
    outer loop
      vertex 4 0 6
      vertex 3.47789 0.0342255 0
      vertex 4 0 0
    endloop
  endfacet
  facet normal -0.555564 -0.831474 0
    outer loop
      vertex 1.56496 0.826584 0
      vertex 2 0.535904 6
      vertex 1.56496 0.826584 6
    endloop
  endfacet
  facet normal -0.555564 -0.831474 -0
    outer loop
      vertex 2 0.535904 6
      vertex 1.56496 0.826584 0
      vertex 2 0.535904 0
    endloop
  endfacet
  facet normal -0.442284 -0.896875 0
    outer loop
      vertex 2 0.535904 0
      vertex 2.46927 0.304489 6
      vertex 2 0.535904 6
    endloop
  endfacet
  facet normal -0.442284 -0.896875 -0
    outer loop
      vertex 2.46927 0.304489 6
      vertex 2 0.535904 0
      vertex 2.46927 0.304489 0
    endloop
  endfacet
  facet normal -0.751847 -0.659337 -1.65711e-18
    outer loop
      vertex 1.17157 1.17157 0
      vertex 0.826584 1.56496 6
      vertex 0.826584 1.56496 0
    endloop
  endfacet
  facet normal -0.751847 -0.659337 -1.65711e-18
    outer loop
      vertex 0.826584 1.56496 6
      vertex 1.17157 1.17157 0
      vertex 1.17157 1.17157 6
    endloop
  endfacet
  facet normal -0.831474 -0.555564 -1.31001e-19
    outer loop
      vertex 0.826584 1.56496 0
      vertex 0.535904 2 6
      vertex 0.535904 2 0
    endloop
  endfacet
  facet normal -0.831474 -0.555564 -1.31001e-19
    outer loop
      vertex 0.535904 2 6
      vertex 0.826584 1.56496 0
      vertex 0.826584 1.56496 6
    endloop
  endfacet
  facet normal -0.980789 -0.195073 2.99286e-19
    outer loop
      vertex 0.136292 2.96472 0
      vertex 0.0342255 3.47789 6
      vertex 0.0342255 3.47789 0
    endloop
  endfacet
  facet normal -0.980789 -0.195073 2.99286e-19
    outer loop
      vertex 0.0342255 3.47789 6
      vertex 0.136292 2.96472 0
      vertex 0.136292 2.96472 6
    endloop
  endfacet
  facet normal -0.946922 -0.321464 -1.45974e-18
    outer loop
      vertex 0.304489 2.46927 0
      vertex 0.136292 2.96472 6
      vertex 0.136292 2.96472 0
    endloop
  endfacet
  facet normal -0.946922 -0.321464 -1.45974e-18
    outer loop
      vertex 0.136292 2.96472 6
      vertex 0.304489 2.46927 0
      vertex 0.304489 2.46927 6
    endloop
  endfacet
  facet normal 0 0 -1
    outer loop
      vertex 72.5 0 0
      vertex 62.5 3 0
      vertex 72.5 3 0
    endloop
  endfacet
  facet normal 0 0 -1
    outer loop
      vertex 62.5 3 0
      vertex 30 90 0
      vertex 62.5 90 0
    endloop
  endfacet
  facet normal 0 0 -1
    outer loop
      vertex 4 0 0
      vertex 62.5 3 0
      vertex 72.5 0 0
    endloop
  endfacet
  facet normal 0 0 -1
    outer loop
      vertex 0 4 0
      vertex 62.5 3 0
      vertex 4 0 0
    endloop
  endfacet
  facet normal 0 0 -1
    outer loop
      vertex 0 4 0
      vertex 4 0 0
      vertex 3.47789 0.0342255 0
    endloop
  endfacet
  facet normal 0 0 -1
    outer loop
      vertex 0 4 0
      vertex 3.47789 0.0342255 0
      vertex 2.96472 0.136292 0
    endloop
  endfacet
  facet normal 0 0 -1
    outer loop
      vertex 0 4 0
      vertex 2.96472 0.136292 0
      vertex 2.46927 0.304489 0
    endloop
  endfacet
  facet normal 0 0 -1
    outer loop
      vertex 0 4 0
      vertex 2.46927 0.304489 0
      vertex 2 0.535904 0
    endloop
  endfacet
  facet normal 0 0 -1
    outer loop
      vertex 0 4 0
      vertex 2 0.535904 0
      vertex 1.56496 0.826584 0
    endloop
  endfacet
  facet normal 0 0 -1
    outer loop
      vertex 0 4 0
      vertex 1.56496 0.826584 0
      vertex 1.17157 1.17157 0
    endloop
  endfacet
  facet normal 0 0 -1
    outer loop
      vertex 0 4 0
      vertex 1.17157 1.17157 0
      vertex 0.826584 1.56496 0
    endloop
  endfacet
  facet normal 0 0 -1
    outer loop
      vertex 0 4 0
      vertex 0.826584 1.56496 0
      vertex 0.535904 2 0
    endloop
  endfacet
  facet normal 0 0 -1
    outer loop
      vertex 0 4 0
      vertex 0.535904 2 0
      vertex 0.304489 2.46927 0
    endloop
  endfacet
  facet normal 0 0 -1
    outer loop
      vertex 0 4 0
      vertex 0.304489 2.46927 0
      vertex 0.136292 2.96472 0
    endloop
  endfacet
  facet normal 0 0 -1
    outer loop
      vertex 0 4 0
      vertex 0.136292 2.96472 0
      vertex 0.0342255 3.47789 0
    endloop
  endfacet
  facet normal 0 0 -1
    outer loop
      vertex 62.5 3 0
      vertex 0 4 0
      vertex 30 90 0
    endloop
  endfacet
  facet normal -0 0 -1
    outer loop
      vertex 30 90 0
      vertex 0 4 0
      vertex 0 90 0
    endloop
  endfacet
  facet normal 1 0 0
    outer loop
      vertex 62.5 90 6
      vertex 62.5 3 2.5
      vertex 62.5 90 0
    endloop
  endfacet
  facet normal 1 -0 0
    outer loop
      vertex 62.5 0 6
      vertex 62.5 3 2.5
      vertex 62.5 90 6
    endloop
  endfacet
  facet normal 1 0 0
    outer loop
      vertex 62.5 3 2.5
      vertex 62.5 0 6
      vertex 62.5 0 2.5
    endloop
  endfacet
  facet normal 1 0 0
    outer loop
      vertex 62.5 90 0
      vertex 62.5 3 2.5
      vertex 62.5 3 0
    endloop
  endfacet
  facet normal 1 -0 0
    outer loop
      vertex 72.5 0 2.5
      vertex 72.5 3 0
      vertex 72.5 3 2.5
    endloop
  endfacet
  facet normal 1 0 0
    outer loop
      vertex 72.5 3 0
      vertex 72.5 0 2.5
      vertex 72.5 0 0
    endloop
  endfacet
  facet normal -0 0 1
    outer loop
      vertex 62.5 3 2.5
      vertex 72.5 0 2.5
      vertex 72.5 3 2.5
    endloop
  endfacet
  facet normal 0 0 1
    outer loop
      vertex 72.5 0 2.5
      vertex 62.5 3 2.5
      vertex 62.5 0 2.5
    endloop
  endfacet
  facet normal 0 1 -0
    outer loop
      vertex 72.5 3 0
      vertex 62.5 3 2.5
      vertex 72.5 3 2.5
    endloop
  endfacet
  facet normal 0 1 0
    outer loop
      vertex 62.5 3 2.5
      vertex 72.5 3 0
      vertex 62.5 3 0
    endloop
  endfacet
  facet normal 0 1 0
    outer loop
      vertex 62.5 90 6
      vertex 30 90 4
      vertex 0 90 6
    endloop
  endfacet
  facet normal 0 1 0
    outer loop
      vertex 62.5 90 6
      vertex 30.2611 90 3.98289
      vertex 30 90 4
    endloop
  endfacet
  facet normal 0 1 0
    outer loop
      vertex 62.5 90 6
      vertex 30.5176 90 3.93185
      vertex 30.2611 90 3.98289
    endloop
  endfacet
  facet normal 0 1 0
    outer loop
      vertex 62.5 90 6
      vertex 30.7654 90 3.84776
      vertex 30.5176 90 3.93185
    endloop
  endfacet
  facet normal 0 1 0
    outer loop
      vertex 62.5 90 6
      vertex 31 90 3.73205
      vertex 30.7654 90 3.84776
    endloop
  endfacet
  facet normal 0 1 0
    outer loop
      vertex 62.5 90 6
      vertex 31.2175 90 3.58671
      vertex 31 90 3.73205
    endloop
  endfacet
  facet normal 0 1 0
    outer loop
      vertex 62.5 90 6
      vertex 31.4142 90 3.41421
      vertex 31.2175 90 3.58671
    endloop
  endfacet
  facet normal 0 1 0
    outer loop
      vertex 62.5 90 6
      vertex 31.5867 90 3.21752
      vertex 31.4142 90 3.41421
    endloop
  endfacet
  facet normal 0 1 0
    outer loop
      vertex 62.5 90 6
      vertex 31.732 90 3
      vertex 31.5867 90 3.21752
    endloop
  endfacet
  facet normal 0 1 0
    outer loop
      vertex 62.5 90 6
      vertex 31.8478 90 2.76537
      vertex 31.732 90 3
    endloop
  endfacet
  facet normal 0 1 0
    outer loop
      vertex 62.5 90 6
      vertex 31.9319 90 2.51764
      vertex 31.8478 90 2.76537
    endloop
  endfacet
  facet normal 0 1 0
    outer loop
      vertex 62.5 90 6
      vertex 31.9829 90 2.26105
      vertex 31.9319 90 2.51764
    endloop
  endfacet
  facet normal 0 1 0
    outer loop
      vertex 62.5 90 6
      vertex 32 90 2
      vertex 31.9829 90 2.26105
    endloop
  endfacet
  facet normal 0 1 -0
    outer loop
      vertex 62.5 90 0
      vertex 32 90 2
      vertex 62.5 90 6
    endloop
  endfacet
  facet normal 0 1 0
    outer loop
      vertex 32 90 2
      vertex 62.5 90 0
      vertex 31.9829 90 1.73895
    endloop
  endfacet
  facet normal 0 1 0
    outer loop
      vertex 31.9829 90 1.73895
      vertex 62.5 90 0
      vertex 31.9319 90 1.48236
    endloop
  endfacet
  facet normal 0 1 0
    outer loop
      vertex 31.9319 90 1.48236
      vertex 62.5 90 0
      vertex 31.8478 90 1.23463
    endloop
  endfacet
  facet normal 0 1 0
    outer loop
      vertex 31.8478 90 1.23463
      vertex 62.5 90 0
      vertex 31.732 90 1
    endloop
  endfacet
  facet normal 0 1 0
    outer loop
      vertex 31.732 90 1
      vertex 62.5 90 0
      vertex 31.5867 90 0.782476
    endloop
  endfacet
  facet normal 0 1 0
    outer loop
      vertex 31.5867 90 0.782476
      vertex 62.5 90 0
      vertex 31.4142 90 0.585786
    endloop
  endfacet
  facet normal 0 1 0
    outer loop
      vertex 31.4142 90 0.585786
      vertex 62.5 90 0
      vertex 31.2175 90 0.413293
    endloop
  endfacet
  facet normal 0 1 0
    outer loop
      vertex 31.2175 90 0.413293
      vertex 62.5 90 0
      vertex 31 90 0.267949
    endloop
  endfacet
  facet normal 0 1 0
    outer loop
      vertex 31 90 0.267949
      vertex 62.5 90 0
      vertex 30.7654 90 0.152241
    endloop
  endfacet
  facet normal 0 1 0
    outer loop
      vertex 30.7654 90 0.152241
      vertex 62.5 90 0
      vertex 30.5176 90 0.0681477
    endloop
  endfacet
  facet normal 0 1 0
    outer loop
      vertex 30.5176 90 0.0681477
      vertex 62.5 90 0
      vertex 30.2611 90 0.0171099
    endloop
  endfacet
  facet normal 0 1 0
    outer loop
      vertex 30.2611 90 0.0171099
      vertex 62.5 90 0
      vertex 30 90 0
    endloop
  endfacet
  facet normal 0 1 -0
    outer loop
      vertex 29.7389 90 3.98289
      vertex 0 90 6
      vertex 30 90 4
    endloop
  endfacet
  facet normal 0 1 -0
    outer loop
      vertex 29.4824 90 3.93185
      vertex 0 90 6
      vertex 29.7389 90 3.98289
    endloop
  endfacet
  facet normal 0 1 -0
    outer loop
      vertex 29.2346 90 3.84776
      vertex 0 90 6
      vertex 29.4824 90 3.93185
    endloop
  endfacet
  facet normal 0 1 -0
    outer loop
      vertex 29 90 3.73205
      vertex 0 90 6
      vertex 29.2346 90 3.84776
    endloop
  endfacet
  facet normal 0 1 -0
    outer loop
      vertex 28.7825 90 3.58671
      vertex 0 90 6
      vertex 29 90 3.73205
    endloop
  endfacet
  facet normal 0 1 -0
    outer loop
      vertex 28.5858 90 3.41421
      vertex 0 90 6
      vertex 28.7825 90 3.58671
    endloop
  endfacet
  facet normal 0 1 -0
    outer loop
      vertex 28.4133 90 3.21752
      vertex 0 90 6
      vertex 28.5858 90 3.41421
    endloop
  endfacet
  facet normal 0 1 -0
    outer loop
      vertex 28.2679 90 3
      vertex 0 90 6
      vertex 28.4133 90 3.21752
    endloop
  endfacet
  facet normal 0 1 -0
    outer loop
      vertex 28.1522 90 2.76537
      vertex 0 90 6
      vertex 28.2679 90 3
    endloop
  endfacet
  facet normal 0 1 -0
    outer loop
      vertex 28.0681 90 2.51764
      vertex 0 90 6
      vertex 28.1522 90 2.76537
    endloop
  endfacet
  facet normal 0 1 -0
    outer loop
      vertex 28.0171 90 2.26105
      vertex 0 90 6
      vertex 28.0681 90 2.51764
    endloop
  endfacet
  facet normal 0 1 -0
    outer loop
      vertex 28 90 2
      vertex 0 90 6
      vertex 28.0171 90 2.26105
    endloop
  endfacet
  facet normal 0 1 0
    outer loop
      vertex 0 90 0
      vertex 28 90 2
      vertex 28.0171 90 1.73895
    endloop
  endfacet
  facet normal 0 1 0
    outer loop
      vertex 0 90 0
      vertex 28.0171 90 1.73895
      vertex 28.0681 90 1.48236
    endloop
  endfacet
  facet normal 0 1 0
    outer loop
      vertex 0 90 0
      vertex 28.0681 90 1.48236
      vertex 28.1522 90 1.23463
    endloop
  endfacet
  facet normal 0 1 0
    outer loop
      vertex 0 90 0
      vertex 28.1522 90 1.23463
      vertex 28.2679 90 1
    endloop
  endfacet
  facet normal 0 1 0
    outer loop
      vertex 0 90 0
      vertex 28.2679 90 1
      vertex 28.4133 90 0.782476
    endloop
  endfacet
  facet normal 0 1 0
    outer loop
      vertex 0 90 0
      vertex 28.4133 90 0.782476
      vertex 28.5858 90 0.585786
    endloop
  endfacet
  facet normal 0 1 0
    outer loop
      vertex 0 90 0
      vertex 28.5858 90 0.585786
      vertex 28.7825 90 0.413293
    endloop
  endfacet
  facet normal 0 1 0
    outer loop
      vertex 0 90 0
      vertex 28.7825 90 0.413293
      vertex 29 90 0.267949
    endloop
  endfacet
  facet normal 0 1 0
    outer loop
      vertex 0 90 0
      vertex 29 90 0.267949
      vertex 29.2346 90 0.152241
    endloop
  endfacet
  facet normal 0 1 0
    outer loop
      vertex 0 90 0
      vertex 29.2346 90 0.152241
      vertex 29.4824 90 0.0681477
    endloop
  endfacet
  facet normal 0 1 0
    outer loop
      vertex 28 90 2
      vertex 0 90 0
      vertex 0 90 6
    endloop
  endfacet
  facet normal 0 1 0
    outer loop
      vertex 29.7389 90 0.0171099
      vertex 0 90 0
      vertex 29.4824 90 0.0681477
    endloop
  endfacet
  facet normal 0 1 0
    outer loop
      vertex 0 90 0
      vertex 29.7389 90 0.0171099
      vertex 30 90 0
    endloop
  endfacet
  facet normal 0.0653902 7.2802e-19 0.99786
    outer loop
      vertex 30 92 4
      vertex 30.2611 90 3.98289
      vertex 30.2611 92 3.98289
    endloop
  endfacet
  facet normal 0.0653902 7.2802e-19 0.99786
    outer loop
      vertex 30.2611 90 3.98289
      vertex 30 92 4
      vertex 30 90 4
    endloop
  endfacet
  facet normal 0.980814 0 -0.194947
    outer loop
      vertex 31.9829 90 1.73895
      vertex 31.9319 92 1.48236
      vertex 31.9829 92 1.73895
    endloop
  endfacet
  facet normal 0.980814 0 -0.194947
    outer loop
      vertex 31.9319 92 1.48236
      vertex 31.9829 90 1.73895
      vertex 31.9319 90 1.48236
    endloop
  endfacet
  facet normal 0.997861 0 -0.0653646
    outer loop
      vertex 32 90 2
      vertex 31.9829 92 1.73895
      vertex 32 92 2
    endloop
  endfacet
  facet normal 0.997861 0 -0.0653646
    outer loop
      vertex 31.9829 92 1.73895
      vertex 32 90 2
      vertex 31.9829 90 1.73895
    endloop
  endfacet
  facet normal 0.980814 -0 0.194947
    outer loop
      vertex 31.9319 90 2.51764
      vertex 31.9829 92 2.26105
      vertex 31.9319 92 2.51764
    endloop
  endfacet
  facet normal 0.980814 0 0.194947
    outer loop
      vertex 31.9829 92 2.26105
      vertex 31.9319 90 2.51764
      vertex 31.9829 90 2.26105
    endloop
  endfacet
  facet normal -0.442338 -1.77239e-18 -0.896848
    outer loop
      vertex 29 90 0.267949
      vertex 29.2346 92 0.152241
      vertex 29.2346 90 0.152241
    endloop
  endfacet
  facet normal -0.442338 -1.77239e-18 -0.896848
    outer loop
      vertex 29.2346 92 0.152241
      vertex 29 90 0.267949
      vertex 29 92 0.267949
    endloop
  endfacet
  facet normal 0.946922 -0 0.321463
    outer loop
      vertex 31.8478 90 2.76537
      vertex 31.9319 92 2.51764
      vertex 31.8478 92 2.76537
    endloop
  endfacet
  facet normal 0.946922 0 0.321463
    outer loop
      vertex 31.9319 92 2.51764
      vertex 31.8478 90 2.76537
      vertex 31.9319 90 2.51764
    endloop
  endfacet
  facet normal -0.19516 -1.2801e-18 0.980771
    outer loop
      vertex 29.4824 92 3.93185
      vertex 29.7389 90 3.98289
      vertex 29.7389 92 3.98289
    endloop
  endfacet
  facet normal -0.19516 -1.2801e-18 0.980771
    outer loop
      vertex 29.7389 90 3.98289
      vertex 29.4824 92 3.93185
      vertex 29.4824 90 3.93185
    endloop
  endfacet
  facet normal -0.659343 -6.45024e-20 0.751842
    outer loop
      vertex 28.5858 92 3.41421
      vertex 28.7825 90 3.58671
      vertex 28.7825 92 3.58671
    endloop
  endfacet
  facet normal -0.659343 -6.45024e-20 0.751842
    outer loop
      vertex 28.7825 90 3.58671
      vertex 28.5858 92 3.41421
      vertex 28.5858 90 3.41421
    endloop
  endfacet
  facet normal 0.442338 1.77239e-18 -0.896848
    outer loop
      vertex 30.7654 90 0.152241
      vertex 31 92 0.267949
      vertex 31 90 0.267949
    endloop
  endfacet
  facet normal 0.442338 1.77239e-18 -0.896848
    outer loop
      vertex 31 92 0.267949
      vertex 30.7654 90 0.152241
      vertex 30.7654 92 0.152241
    endloop
  endfacet
  facet normal -0.55561 2.478e-18 -0.831443
    outer loop
      vertex 28.7825 90 0.413293
      vertex 29 92 0.267949
      vertex 29 90 0.267949
    endloop
  endfacet
  facet normal -0.55561 2.478e-18 -0.831443
    outer loop
      vertex 29 92 0.267949
      vertex 28.7825 90 0.413293
      vertex 28.7825 92 0.413293
    endloop
  endfacet
  facet normal 0.896731 0 -0.442575
    outer loop
      vertex 31.8478 90 1.23463
      vertex 31.732 92 1
      vertex 31.8478 92 1.23463
    endloop
  endfacet
  facet normal 0.896731 0 -0.442575
    outer loop
      vertex 31.732 92 1
      vertex 31.8478 90 1.23463
      vertex 31.732 90 1
    endloop
  endfacet
  facet normal -0.0653902 -7.2802e-19 0.99786
    outer loop
      vertex 29.7389 92 3.98289
      vertex 30 90 4
      vertex 30 92 4
    endloop
  endfacet
  facet normal -0.0653902 -7.2802e-19 0.99786
    outer loop
      vertex 30 90 4
      vertex 29.7389 92 3.98289
      vertex 29.7389 90 3.98289
    endloop
  endfacet
  facet normal 0.19516 1.2801e-18 0.980771
    outer loop
      vertex 30.2611 92 3.98289
      vertex 30.5176 90 3.93185
      vertex 30.5176 92 3.93185
    endloop
  endfacet
  facet normal 0.19516 1.2801e-18 0.980771
    outer loop
      vertex 30.5176 90 3.93185
      vertex 30.2611 92 3.98289
      vertex 30.2611 90 3.98289
    endloop
  endfacet
  facet normal 0.442344 6.02994e-19 0.896845
    outer loop
      vertex 30.7654 92 3.84776
      vertex 31 90 3.73205
      vertex 31 92 3.73205
    endloop
  endfacet
  facet normal 0.442344 6.02994e-19 0.896845
    outer loop
      vertex 31 90 3.73205
      vertex 30.7654 92 3.84776
      vertex 30.7654 90 3.84776
    endloop
  endfacet
  facet normal 0.321348 1.1417e-18 0.946961
    outer loop
      vertex 30.5176 92 3.93185
      vertex 30.7654 90 3.84776
      vertex 30.7654 92 3.84776
    endloop
  endfacet
  facet normal 0.321348 1.1417e-18 0.946961
    outer loop
      vertex 30.7654 90 3.84776
      vertex 30.5176 92 3.93185
      vertex 30.5176 90 3.93185
    endloop
  endfacet
  facet normal 0.5556 4.07825e-18 0.83145
    outer loop
      vertex 31 92 3.73205
      vertex 31.2175 90 3.58671
      vertex 31.2175 92 3.58671
    endloop
  endfacet
  facet normal 0.5556 4.07825e-18 0.83145
    outer loop
      vertex 31.2175 90 3.58671
      vertex 31 92 3.73205
      vertex 31 90 3.73205
    endloop
  endfacet
  facet normal -0.946922 0 -0.321463
    outer loop
      vertex 28.1522 90 1.23463
      vertex 28.0681 92 1.48236
      vertex 28.1522 92 1.23463
    endloop
  endfacet
  facet normal -0.946922 -0 -0.321463
    outer loop
      vertex 28.0681 92 1.48236
      vertex 28.1522 90 1.23463
      vertex 28.0681 90 1.48236
    endloop
  endfacet
  facet normal 0.751826 -0 0.659362
    outer loop
      vertex 31.4142 90 3.41421
      vertex 31.5867 92 3.21752
      vertex 31.4142 92 3.41421
    endloop
  endfacet
  facet normal 0.751826 0 0.659362
    outer loop
      vertex 31.5867 92 3.21752
      vertex 31.4142 90 3.41421
      vertex 31.5867 90 3.21752
    endloop
  endfacet
  facet normal 0.831549 0 -0.555452
    outer loop
      vertex 31.732 90 1
      vertex 31.5867 92 0.782476
      vertex 31.732 92 1
    endloop
  endfacet
  facet normal 0.831549 0 -0.555452
    outer loop
      vertex 31.5867 92 0.782476
      vertex 31.732 90 1
      vertex 31.5867 90 0.782476
    endloop
  endfacet
  facet normal 0 1 0
    outer loop
      vertex 30.2611 92 3.98289
      vertex 29.7389 92 3.98289
      vertex 30 92 4
    endloop
  endfacet
  facet normal 0 1 0
    outer loop
      vertex 30.5176 92 3.93185
      vertex 29.7389 92 3.98289
      vertex 30.2611 92 3.98289
    endloop
  endfacet
  facet normal 0 1 0
    outer loop
      vertex 30.5176 92 3.93185
      vertex 29.4824 92 3.93185
      vertex 29.7389 92 3.98289
    endloop
  endfacet
  facet normal 0 1 0
    outer loop
      vertex 30.7654 92 3.84776
      vertex 29.4824 92 3.93185
      vertex 30.5176 92 3.93185
    endloop
  endfacet
  facet normal 0 1 0
    outer loop
      vertex 30.7654 92 3.84776
      vertex 29.2346 92 3.84776
      vertex 29.4824 92 3.93185
    endloop
  endfacet
  facet normal 0 1 0
    outer loop
      vertex 31 92 3.73205
      vertex 29.2346 92 3.84776
      vertex 30.7654 92 3.84776
    endloop
  endfacet
  facet normal 0 1 0
    outer loop
      vertex 31 92 3.73205
      vertex 29 92 3.73205
      vertex 29.2346 92 3.84776
    endloop
  endfacet
  facet normal 0 1 0
    outer loop
      vertex 31.2175 92 3.58671
      vertex 29 92 3.73205
      vertex 31 92 3.73205
    endloop
  endfacet
  facet normal 0 1 0
    outer loop
      vertex 31.2175 92 3.58671
      vertex 28.7825 92 3.58671
      vertex 29 92 3.73205
    endloop
  endfacet
  facet normal 0 1 0
    outer loop
      vertex 31.4142 92 3.41421
      vertex 28.7825 92 3.58671
      vertex 31.2175 92 3.58671
    endloop
  endfacet
  facet normal 0 1 0
    outer loop
      vertex 31.4142 92 3.41421
      vertex 28.5858 92 3.41421
      vertex 28.7825 92 3.58671
    endloop
  endfacet
  facet normal 0 1 0
    outer loop
      vertex 31.5867 92 3.21752
      vertex 28.5858 92 3.41421
      vertex 31.4142 92 3.41421
    endloop
  endfacet
  facet normal 0 1 0
    outer loop
      vertex 31.5867 92 3.21752
      vertex 28.4133 92 3.21752
      vertex 28.5858 92 3.41421
    endloop
  endfacet
  facet normal 0 1 0
    outer loop
      vertex 31.732 92 3
      vertex 28.4133 92 3.21752
      vertex 31.5867 92 3.21752
    endloop
  endfacet
  facet normal 0 1 0
    outer loop
      vertex 31.732 92 3
      vertex 28.2679 92 3
      vertex 28.4133 92 3.21752
    endloop
  endfacet
  facet normal 0 1 0
    outer loop
      vertex 31.8478 92 2.76537
      vertex 28.2679 92 3
      vertex 31.732 92 3
    endloop
  endfacet
  facet normal 0 1 0
    outer loop
      vertex 31.8478 92 2.76537
      vertex 28.1522 92 2.76537
      vertex 28.2679 92 3
    endloop
  endfacet
  facet normal 0 1 0
    outer loop
      vertex 31.9319 92 2.51764
      vertex 28.1522 92 2.76537
      vertex 31.8478 92 2.76537
    endloop
  endfacet
  facet normal 0 1 0
    outer loop
      vertex 31.9319 92 2.51764
      vertex 28.0681 92 2.51764
      vertex 28.1522 92 2.76537
    endloop
  endfacet
  facet normal 0 1 0
    outer loop
      vertex 31.9829 92 2.26105
      vertex 28.0681 92 2.51764
      vertex 31.9319 92 2.51764
    endloop
  endfacet
  facet normal 0 1 0
    outer loop
      vertex 31.9829 92 2.26105
      vertex 28.0171 92 2.26105
      vertex 28.0681 92 2.51764
    endloop
  endfacet
  facet normal 0 1 0
    outer loop
      vertex 32 92 2
      vertex 28.0171 92 2.26105
      vertex 31.9829 92 2.26105
    endloop
  endfacet
  facet normal 0 1 0
    outer loop
      vertex 32 92 2
      vertex 28 92 2
      vertex 28.0171 92 2.26105
    endloop
  endfacet
  facet normal 0 1 -0
    outer loop
      vertex 31.9829 92 1.73895
      vertex 28 92 2
      vertex 32 92 2
    endloop
  endfacet
  facet normal 0 1 0
    outer loop
      vertex 31.9829 92 1.73895
      vertex 28.0171 92 1.73895
      vertex 28 92 2
    endloop
  endfacet
  facet normal 0 1 -0
    outer loop
      vertex 31.9319 92 1.48236
      vertex 28.0171 92 1.73895
      vertex 31.9829 92 1.73895
    endloop
  endfacet
  facet normal 0 1 0
    outer loop
      vertex 31.9319 92 1.48236
      vertex 28.0681 92 1.48236
      vertex 28.0171 92 1.73895
    endloop
  endfacet
  facet normal 0 1 -0
    outer loop
      vertex 31.8478 92 1.23463
      vertex 28.0681 92 1.48236
      vertex 31.9319 92 1.48236
    endloop
  endfacet
  facet normal 0 1 0
    outer loop
      vertex 31.8478 92 1.23463
      vertex 28.1522 92 1.23463
      vertex 28.0681 92 1.48236
    endloop
  endfacet
  facet normal 0 1 -0
    outer loop
      vertex 31.732 92 1
      vertex 28.1522 92 1.23463
      vertex 31.8478 92 1.23463
    endloop
  endfacet
  facet normal 0 1 0
    outer loop
      vertex 31.732 92 1
      vertex 28.2679 92 1
      vertex 28.1522 92 1.23463
    endloop
  endfacet
  facet normal 0 1 -0
    outer loop
      vertex 31.5867 92 0.782476
      vertex 28.2679 92 1
      vertex 31.732 92 1
    endloop
  endfacet
  facet normal 0 1 0
    outer loop
      vertex 31.5867 92 0.782476
      vertex 28.4133 92 0.782476
      vertex 28.2679 92 1
    endloop
  endfacet
  facet normal 0 1 -0
    outer loop
      vertex 31.4142 92 0.585786
      vertex 28.4133 92 0.782476
      vertex 31.5867 92 0.782476
    endloop
  endfacet
  facet normal 0 1 0
    outer loop
      vertex 31.4142 92 0.585786
      vertex 28.5858 92 0.585786
      vertex 28.4133 92 0.782476
    endloop
  endfacet
  facet normal 0 1 -0
    outer loop
      vertex 31.2175 92 0.413293
      vertex 28.5858 92 0.585786
      vertex 31.4142 92 0.585786
    endloop
  endfacet
  facet normal 0 1 0
    outer loop
      vertex 31.2175 92 0.413293
      vertex 28.7825 92 0.413293
      vertex 28.5858 92 0.585786
    endloop
  endfacet
  facet normal 0 1 -0
    outer loop
      vertex 31 92 0.267949
      vertex 28.7825 92 0.413293
      vertex 31.2175 92 0.413293
    endloop
  endfacet
  facet normal 0 1 0
    outer loop
      vertex 31 92 0.267949
      vertex 29 92 0.267949
      vertex 28.7825 92 0.413293
    endloop
  endfacet
  facet normal 0 1 -0
    outer loop
      vertex 30.7654 92 0.152241
      vertex 29 92 0.267949
      vertex 31 92 0.267949
    endloop
  endfacet
  facet normal 0 1 0
    outer loop
      vertex 30.7654 92 0.152241
      vertex 29.2346 92 0.152241
      vertex 29 92 0.267949
    endloop
  endfacet
  facet normal 0 1 -0
    outer loop
      vertex 30.5176 92 0.0681477
      vertex 29.2346 92 0.152241
      vertex 30.7654 92 0.152241
    endloop
  endfacet
  facet normal 0 1 0
    outer loop
      vertex 30.5176 92 0.0681477
      vertex 29.4824 92 0.0681477
      vertex 29.2346 92 0.152241
    endloop
  endfacet
  facet normal 0 1 -0
    outer loop
      vertex 30.2611 92 0.0171099
      vertex 29.4824 92 0.0681477
      vertex 30.5176 92 0.0681477
    endloop
  endfacet
  facet normal 0 1 0
    outer loop
      vertex 30.2611 92 0.0171099
      vertex 29.7389 92 0.0171099
      vertex 29.4824 92 0.0681477
    endloop
  endfacet
  facet normal -0 1 0
    outer loop
      vertex 29.7389 92 0.0171099
      vertex 30.2611 92 0.0171099
      vertex 30 92 0
    endloop
  endfacet
  facet normal -0.5556 -4.07825e-18 0.83145
    outer loop
      vertex 28.7825 92 3.58671
      vertex 29 90 3.73205
      vertex 29 92 3.73205
    endloop
  endfacet
  facet normal -0.5556 -4.07825e-18 0.83145
    outer loop
      vertex 29 90 3.73205
      vertex 28.7825 92 3.58671
      vertex 28.7825 90 3.58671
    endloop
  endfacet
  facet normal -0.980814 0 -0.194947
    outer loop
      vertex 28.0681 90 1.48236
      vertex 28.0171 92 1.73895
      vertex 28.0681 92 1.48236
    endloop
  endfacet
  facet normal -0.980814 -0 -0.194947
    outer loop
      vertex 28.0171 92 1.73895
      vertex 28.0681 90 1.48236
      vertex 28.0171 90 1.73895
    endloop
  endfacet
  facet normal 0.321359 -1.10114e-18 -0.946957
    outer loop
      vertex 30.5176 90 0.0681477
      vertex 30.7654 92 0.152241
      vertex 30.7654 90 0.152241
    endloop
  endfacet
  facet normal 0.321359 -1.10114e-18 -0.946957
    outer loop
      vertex 30.7654 92 0.152241
      vertex 30.5176 90 0.0681477
      vertex 30.5176 92 0.0681477
    endloop
  endfacet
  facet normal 0.997861 -0 0.0653646
    outer loop
      vertex 31.9829 90 2.26105
      vertex 32 92 2
      vertex 31.9829 92 2.26105
    endloop
  endfacet
  facet normal 0.997861 0 0.0653646
    outer loop
      vertex 32 92 2
      vertex 31.9829 90 2.26105
      vertex 32 90 2
    endloop
  endfacet
  facet normal -0.321359 1.10114e-18 -0.946957
    outer loop
      vertex 29.2346 90 0.152241
      vertex 29.4824 92 0.0681477
      vertex 29.4824 90 0.0681477
    endloop
  endfacet
  facet normal -0.321359 1.10114e-18 -0.946957
    outer loop
      vertex 29.4824 92 0.0681477
      vertex 29.2346 90 0.152241
      vertex 29.2346 92 0.152241
    endloop
  endfacet
  facet normal 0.751826 0 -0.659362
    outer loop
      vertex 31.5867 90 0.782476
      vertex 31.4142 92 0.585786
      vertex 31.5867 92 0.782476
    endloop
  endfacet
  facet normal 0.751826 0 -0.659362
    outer loop
      vertex 31.4142 92 0.585786
      vertex 31.5867 90 0.782476
      vertex 31.4142 90 0.585786
    endloop
  endfacet
  facet normal 0.55561 -2.478e-18 -0.831443
    outer loop
      vertex 31 90 0.267949
      vertex 31.2175 92 0.413293
      vertex 31.2175 90 0.413293
    endloop
  endfacet
  facet normal 0.55561 -2.478e-18 -0.831443
    outer loop
      vertex 31.2175 92 0.413293
      vertex 31 90 0.267949
      vertex 31 92 0.267949
    endloop
  endfacet
  facet normal 0.896731 -0 0.442575
    outer loop
      vertex 31.732 90 3
      vertex 31.8478 92 2.76537
      vertex 31.732 92 3
    endloop
  endfacet
  facet normal 0.896731 0 0.442575
    outer loop
      vertex 31.8478 92 2.76537
      vertex 31.732 90 3
      vertex 31.8478 90 2.76537
    endloop
  endfacet
  facet normal 0.831544 -0 0.555459
    outer loop
      vertex 31.5867 90 3.21752
      vertex 31.732 92 3
      vertex 31.5867 92 3.21752
    endloop
  endfacet
  facet normal 0.831544 0 0.555459
    outer loop
      vertex 31.732 92 3
      vertex 31.5867 90 3.21752
      vertex 31.732 90 3
    endloop
  endfacet
  facet normal -0.751826 0 -0.659362
    outer loop
      vertex 28.5858 90 0.585786
      vertex 28.4133 92 0.782476
      vertex 28.5858 92 0.585786
    endloop
  endfacet
  facet normal -0.751826 -0 -0.659362
    outer loop
      vertex 28.4133 92 0.782476
      vertex 28.5858 90 0.585786
      vertex 28.4133 90 0.782476
    endloop
  endfacet
  facet normal -0.195152 6.67597e-19 -0.980773
    outer loop
      vertex 29.4824 90 0.0681477
      vertex 29.7389 92 0.0171099
      vertex 29.7389 90 0.0171099
    endloop
  endfacet
  facet normal -0.195152 6.67597e-19 -0.980773
    outer loop
      vertex 29.7389 92 0.0171099
      vertex 29.4824 90 0.0681477
      vertex 29.4824 92 0.0681477
    endloop
  endfacet
  facet normal -0.0653898 -2.42094e-19 -0.99786
    outer loop
      vertex 29.7389 90 0.0171099
      vertex 30 92 0
      vertex 30 90 0
    endloop
  endfacet
  facet normal -0.0653898 -2.42094e-19 -0.99786
    outer loop
      vertex 30 92 0
      vertex 29.7389 90 0.0171099
      vertex 29.7389 92 0.0171099
    endloop
  endfacet
  facet normal 0.659328 1.12539e-18 -0.751855
    outer loop
      vertex 31.2175 90 0.413293
      vertex 31.4142 92 0.585786
      vertex 31.4142 90 0.585786
    endloop
  endfacet
  facet normal 0.659328 1.12539e-18 -0.751855
    outer loop
      vertex 31.4142 92 0.585786
      vertex 31.2175 90 0.413293
      vertex 31.2175 92 0.413293
    endloop
  endfacet
  facet normal -0.946922 0 0.321463
    outer loop
      vertex 28.0681 90 2.51764
      vertex 28.1522 92 2.76537
      vertex 28.0681 92 2.51764
    endloop
  endfacet
  facet normal -0.946922 0 0.321463
    outer loop
      vertex 28.1522 92 2.76537
      vertex 28.0681 90 2.51764
      vertex 28.1522 90 2.76537
    endloop
  endfacet
  facet normal 0.946922 0 -0.321463
    outer loop
      vertex 31.9319 90 1.48236
      vertex 31.8478 92 1.23463
      vertex 31.9319 92 1.48236
    endloop
  endfacet
  facet normal 0.946922 0 -0.321463
    outer loop
      vertex 31.8478 92 1.23463
      vertex 31.9319 90 1.48236
      vertex 31.8478 90 1.23463
    endloop
  endfacet
  facet normal -0.831368 0 0.555723
    outer loop
      vertex 28.2679 90 3
      vertex 28.4133 92 3.21752
      vertex 28.2679 92 3
    endloop
  endfacet
  facet normal -0.831368 0 0.555723
    outer loop
      vertex 28.4133 92 3.21752
      vertex 28.2679 90 3
      vertex 28.4133 90 3.21752
    endloop
  endfacet
  facet normal 0.195152 -6.67597e-19 -0.980773
    outer loop
      vertex 30.2611 90 0.0171099
      vertex 30.5176 92 0.0681477
      vertex 30.5176 90 0.0681477
    endloop
  endfacet
  facet normal 0.195152 -6.67597e-19 -0.980773
    outer loop
      vertex 30.5176 92 0.0681477
      vertex 30.2611 90 0.0171099
      vertex 30.2611 92 0.0171099
    endloop
  endfacet
  facet normal -0.980814 0 0.194947
    outer loop
      vertex 28.0171 90 2.26105
      vertex 28.0681 92 2.51764
      vertex 28.0171 92 2.26105
    endloop
  endfacet
  facet normal -0.980814 0 0.194947
    outer loop
      vertex 28.0681 92 2.51764
      vertex 28.0171 90 2.26105
      vertex 28.0681 90 2.51764
    endloop
  endfacet
  facet normal -0.659328 -1.12539e-18 -0.751855
    outer loop
      vertex 28.5858 90 0.585786
      vertex 28.7825 92 0.413293
      vertex 28.7825 90 0.413293
    endloop
  endfacet
  facet normal -0.659328 -1.12539e-18 -0.751855
    outer loop
      vertex 28.7825 92 0.413293
      vertex 28.5858 90 0.585786
      vertex 28.5858 92 0.585786
    endloop
  endfacet
  facet normal -0.321348 -1.1417e-18 0.946961
    outer loop
      vertex 29.2346 92 3.84776
      vertex 29.4824 90 3.93185
      vertex 29.4824 92 3.93185
    endloop
  endfacet
  facet normal -0.321348 -1.1417e-18 0.946961
    outer loop
      vertex 29.4824 90 3.93185
      vertex 29.2346 92 3.84776
      vertex 29.2346 90 3.84776
    endloop
  endfacet
  facet normal 0.0653898 2.42094e-19 -0.99786
    outer loop
      vertex 30 90 0
      vertex 30.2611 92 0.0171099
      vertex 30.2611 90 0.0171099
    endloop
  endfacet
  facet normal 0.0653898 2.42094e-19 -0.99786
    outer loop
      vertex 30.2611 92 0.0171099
      vertex 30 90 0
      vertex 30 92 0
    endloop
  endfacet
  facet normal -0.997861 0 -0.0653646
    outer loop
      vertex 28.0171 90 1.73895
      vertex 28 92 2
      vertex 28.0171 92 1.73895
    endloop
  endfacet
  facet normal -0.997861 -0 -0.0653646
    outer loop
      vertex 28 92 2
      vertex 28.0171 90 1.73895
      vertex 28 90 2
    endloop
  endfacet
  facet normal -0.751826 0 0.659362
    outer loop
      vertex 28.4133 90 3.21752
      vertex 28.5858 92 3.41421
      vertex 28.4133 92 3.21752
    endloop
  endfacet
  facet normal -0.751826 0 0.659362
    outer loop
      vertex 28.5858 92 3.41421
      vertex 28.4133 90 3.21752
      vertex 28.5858 90 3.41421
    endloop
  endfacet
  facet normal -0.831372 0 -0.555716
    outer loop
      vertex 28.4133 90 0.782476
      vertex 28.2679 92 1
      vertex 28.4133 92 0.782476
    endloop
  endfacet
  facet normal -0.831372 -0 -0.555716
    outer loop
      vertex 28.2679 92 1
      vertex 28.4133 90 0.782476
      vertex 28.2679 90 1
    endloop
  endfacet
  facet normal -0.896883 0 0.442268
    outer loop
      vertex 28.1522 90 2.76537
      vertex 28.2679 92 3
      vertex 28.1522 92 2.76537
    endloop
  endfacet
  facet normal -0.896883 0 0.442268
    outer loop
      vertex 28.2679 92 3
      vertex 28.1522 90 2.76537
      vertex 28.2679 90 3
    endloop
  endfacet
  facet normal -0.997861 0 0.0653646
    outer loop
      vertex 28 90 2
      vertex 28.0171 92 2.26105
      vertex 28 92 2
    endloop
  endfacet
  facet normal -0.997861 0 0.0653646
    outer loop
      vertex 28.0171 92 2.26105
      vertex 28 90 2
      vertex 28.0171 90 2.26105
    endloop
  endfacet
  facet normal 0.659343 6.45024e-20 0.751842
    outer loop
      vertex 31.2175 92 3.58671
      vertex 31.4142 90 3.41421
      vertex 31.4142 92 3.41421
    endloop
  endfacet
  facet normal 0.659343 6.45024e-20 0.751842
    outer loop
      vertex 31.4142 90 3.41421
      vertex 31.2175 92 3.58671
      vertex 31.2175 90 3.58671
    endloop
  endfacet
  facet normal -0.442344 -6.02994e-19 0.896845
    outer loop
      vertex 29 92 3.73205
      vertex 29.2346 90 3.84776
      vertex 29.2346 92 3.84776
    endloop
  endfacet
  facet normal -0.442344 -6.02994e-19 0.896845
    outer loop
      vertex 29.2346 90 3.84776
      vertex 29 92 3.73205
      vertex 29 90 3.73205
    endloop
  endfacet
  facet normal -0.896883 0 -0.442268
    outer loop
      vertex 28.2679 90 1
      vertex 28.1522 92 1.23463
      vertex 28.2679 92 1
    endloop
  endfacet
  facet normal -0.896883 -0 -0.442268
    outer loop
      vertex 28.1522 92 1.23463
      vertex 28.2679 90 1
      vertex 28.1522 90 1.23463
    endloop
  endfacet
endsolid OpenSCAD_Model
