solid OpenSCAD_Model
  facet normal 0 0 1
    outer loop
      vertex 274.898 77.2235 6
      vertex 286 90 6
      vertex 274.974 77.6084 6
    endloop
  endfacet
  facet normal 0 0 1
    outer loop
      vertex 286 90 6
      vertex 274.974 20.3916 6
      vertex 275 20 6
    endloop
  endfacet
  facet normal 0 0 1
    outer loop
      vertex 274.772 76.852 6
      vertex 286 90 6
      vertex 274.898 77.2235 6
    endloop
  endfacet
  facet normal 0 0 1
    outer loop
      vertex 286 90 6
      vertex 274.898 20.7765 6
      vertex 274.974 20.3916 6
    endloop
  endfacet
  facet normal 0 0 1
    outer loop
      vertex 274.598 76.5 6
      vertex 286 90 6
      vertex 274.772 76.852 6
    endloop
  endfacet
  facet normal 0 0 1
    outer loop
      vertex 286 90 6
      vertex 274.772 21.148 6
      vertex 274.898 20.7765 6
    endloop
  endfacet
  facet normal 0 0 1
    outer loop
      vertex 274.598 21.5 6
      vertex 286 90 6
      vertex 274.598 76.5 6
    endloop
  endfacet
  facet normal 0 0 1
    outer loop
      vertex 286 90 6
      vertex 274.598 21.5 6
      vertex 274.772 21.148 6
    endloop
  endfacet
  facet normal -0 0 1
    outer loop
      vertex 274.38 76.1737 6
      vertex 274.598 21.5 6
      vertex 274.598 76.5 6
    endloop
  endfacet
  facet normal 0 0 1
    outer loop
      vertex 274.38 76.1737 6
      vertex 274.38 21.8263 6
      vertex 274.598 21.5 6
    endloop
  endfacet
  facet normal -0 0 1
    outer loop
      vertex 274.121 75.8787 6
      vertex 274.38 21.8263 6
      vertex 274.38 76.1737 6
    endloop
  endfacet
  facet normal 0 0 1
    outer loop
      vertex 274.121 75.8787 6
      vertex 274.121 22.1213 6
      vertex 274.38 21.8263 6
    endloop
  endfacet
  facet normal -0 0 1
    outer loop
      vertex 273.826 75.6199 6
      vertex 274.121 22.1213 6
      vertex 274.121 75.8787 6
    endloop
  endfacet
  facet normal 0 0 1
    outer loop
      vertex 273.826 75.6199 6
      vertex 273.826 22.3801 6
      vertex 274.121 22.1213 6
    endloop
  endfacet
  facet normal -0 0 1
    outer loop
      vertex 273.5 75.4019 6
      vertex 273.826 22.3801 6
      vertex 273.826 75.6199 6
    endloop
  endfacet
  facet normal 0 0 1
    outer loop
      vertex 273.5 75.4019 6
      vertex 273.5 22.5981 6
      vertex 273.826 22.3801 6
    endloop
  endfacet
  facet normal -0 0 1
    outer loop
      vertex 273.148 75.2284 6
      vertex 273.5 22.5981 6
      vertex 273.5 75.4019 6
    endloop
  endfacet
  facet normal 0 0 1
    outer loop
      vertex 273.148 75.2284 6
      vertex 273.148 22.7716 6
      vertex 273.5 22.5981 6
    endloop
  endfacet
  facet normal -0 0 1
    outer loop
      vertex 272.776 75.1022 6
      vertex 273.148 22.7716 6
      vertex 273.148 75.2284 6
    endloop
  endfacet
  facet normal 0 0 1
    outer loop
      vertex 272.776 75.1022 6
      vertex 272.776 22.8978 6
      vertex 273.148 22.7716 6
    endloop
  endfacet
  facet normal -0 0 1
    outer loop
      vertex 272.392 75.0257 6
      vertex 272.776 22.8978 6
      vertex 272.776 75.1022 6
    endloop
  endfacet
  facet normal 0 0 1
    outer loop
      vertex 272.392 75.0257 6
      vertex 272.392 22.9743 6
      vertex 272.776 22.8978 6
    endloop
  endfacet
  facet normal -0 0 1
    outer loop
      vertex 272 75 6
      vertex 272.392 22.9743 6
      vertex 272.392 75.0257 6
    endloop
  endfacet
  facet normal 0 0 1
    outer loop
      vertex 272 75 6
      vertex 272 23 6
      vertex 272.392 22.9743 6
    endloop
  endfacet
  facet normal 0 0 1
    outer loop
      vertex 271.608 75.0257 6
      vertex 272 23 6
      vertex 272 75 6
    endloop
  endfacet
  facet normal 0 0 1
    outer loop
      vertex 271.608 75.0257 6
      vertex 271.608 22.9743 6
      vertex 272 23 6
    endloop
  endfacet
  facet normal 0 0 1
    outer loop
      vertex 271.224 75.1022 6
      vertex 271.608 22.9743 6
      vertex 271.608 75.0257 6
    endloop
  endfacet
  facet normal 0 0 1
    outer loop
      vertex 271.224 75.1022 6
      vertex 271.224 22.8978 6
      vertex 271.608 22.9743 6
    endloop
  endfacet
  facet normal 0 0 1
    outer loop
      vertex 270.852 75.2284 6
      vertex 271.224 22.8978 6
      vertex 271.224 75.1022 6
    endloop
  endfacet
  facet normal 0 0 1
    outer loop
      vertex 270.852 75.2284 6
      vertex 270.852 22.7716 6
      vertex 271.224 22.8978 6
    endloop
  endfacet
  facet normal 0 0 1
    outer loop
      vertex 270.5 75.4019 6
      vertex 270.852 22.7716 6
      vertex 270.852 75.2284 6
    endloop
  endfacet
  facet normal 0 0 1
    outer loop
      vertex 270.5 75.4019 6
      vertex 270.5 22.5981 6
      vertex 270.852 22.7716 6
    endloop
  endfacet
  facet normal 0 0 1
    outer loop
      vertex 270.174 75.6199 6
      vertex 270.5 22.5981 6
      vertex 270.5 75.4019 6
    endloop
  endfacet
  facet normal 0 0 1
    outer loop
      vertex 270.174 75.6199 6
      vertex 270.174 22.3801 6
      vertex 270.5 22.5981 6
    endloop
  endfacet
  facet normal 0 0 1
    outer loop
      vertex 269.879 75.8787 6
      vertex 270.174 22.3801 6
      vertex 270.174 75.6199 6
    endloop
  endfacet
  facet normal 0 0 1
    outer loop
      vertex 269.879 75.8787 6
      vertex 269.879 22.1213 6
      vertex 270.174 22.3801 6
    endloop
  endfacet
  facet normal 0 0 1
    outer loop
      vertex 269.62 76.1737 6
      vertex 269.879 22.1213 6
      vertex 269.879 75.8787 6
    endloop
  endfacet
  facet normal 0 0 1
    outer loop
      vertex 269.62 76.1737 6
      vertex 269.62 21.8263 6
      vertex 269.879 22.1213 6
    endloop
  endfacet
  facet normal 0 0 1
    outer loop
      vertex 223.5 90 6
      vertex 269.62 76.1737 6
      vertex 269.402 76.5 6
    endloop
  endfacet
  facet normal 0 0 1
    outer loop
      vertex 269.62 76.1737 6
      vertex 223.5 90 6
      vertex 269.62 21.8263 6
    endloop
  endfacet
  facet normal 0 0 1
    outer loop
      vertex 223.5 90 6
      vertex 269.402 76.5 6
      vertex 269.228 76.852 6
    endloop
  endfacet
  facet normal 0 0 1
    outer loop
      vertex 269.62 21.8263 6
      vertex 223.5 90 6
      vertex 269.402 21.5 6
    endloop
  endfacet
  facet normal 0 0 1
    outer loop
      vertex 223.5 90 6
      vertex 269.228 76.852 6
      vertex 269.102 77.2235 6
    endloop
  endfacet
  facet normal 0 0 1
    outer loop
      vertex 223.5 0 6
      vertex 269.402 21.5 6
      vertex 223.5 90 6
    endloop
  endfacet
  facet normal 0 0 1
    outer loop
      vertex 223.5 90 6
      vertex 269.102 77.2235 6
      vertex 269.026 77.6084 6
    endloop
  endfacet
  facet normal 0 0 1
    outer loop
      vertex 269.402 21.5 6
      vertex 223.5 0 6
      vertex 269.228 21.148 6
    endloop
  endfacet
  facet normal 0 0 1
    outer loop
      vertex 223.5 90 6
      vertex 269.026 77.6084 6
      vertex 269 78 6
    endloop
  endfacet
  facet normal 0 0 1
    outer loop
      vertex 269.228 21.148 6
      vertex 223.5 0 6
      vertex 269.102 20.7765 6
    endloop
  endfacet
  facet normal -0 0 1
    outer loop
      vertex 275 20 6
      vertex 286 4 6
      vertex 286 90 6
    endloop
  endfacet
  facet normal -0 0 1
    outer loop
      vertex 274.974 19.6084 6
      vertex 286 4 6
      vertex 275 20 6
    endloop
  endfacet
  facet normal -0 0 1
    outer loop
      vertex 274.898 19.2235 6
      vertex 286 4 6
      vertex 274.974 19.6084 6
    endloop
  endfacet
  facet normal -0 0 1
    outer loop
      vertex 274.772 18.8519 6
      vertex 286 4 6
      vertex 274.898 19.2235 6
    endloop
  endfacet
  facet normal -0 0 1
    outer loop
      vertex 274.598 18.5 6
      vertex 286 4 6
      vertex 274.772 18.8519 6
    endloop
  endfacet
  facet normal -0 0 1
    outer loop
      vertex 274.38 18.1737 6
      vertex 286 4 6
      vertex 274.598 18.5 6
    endloop
  endfacet
  facet normal -0 0 1
    outer loop
      vertex 274.121 17.8787 6
      vertex 286 4 6
      vertex 274.38 18.1737 6
    endloop
  endfacet
  facet normal -0 0 1
    outer loop
      vertex 273.826 17.6199 6
      vertex 286 4 6
      vertex 274.121 17.8787 6
    endloop
  endfacet
  facet normal -0 0 1
    outer loop
      vertex 273.5 17.4019 6
      vertex 286 4 6
      vertex 273.826 17.6199 6
    endloop
  endfacet
  facet normal -0 0 1
    outer loop
      vertex 273.148 17.2284 6
      vertex 286 4 6
      vertex 273.5 17.4019 6
    endloop
  endfacet
  facet normal 0 0 1
    outer loop
      vertex 286 4 6
      vertex 282 0 6
      vertex 285.966 3.47789 6
    endloop
  endfacet
  facet normal 0 0 1
    outer loop
      vertex 285.966 3.47789 6
      vertex 282 0 6
      vertex 285.864 2.96472 6
    endloop
  endfacet
  facet normal 0 0 1
    outer loop
      vertex 274.974 77.6084 6
      vertex 286 90 6
      vertex 275 78 6
    endloop
  endfacet
  facet normal 0 0 1
    outer loop
      vertex 286 90 6
      vertex 274.974 78.3916 6
      vertex 275 78 6
    endloop
  endfacet
  facet normal 0 0 1
    outer loop
      vertex 286 90 6
      vertex 274.898 78.7765 6
      vertex 274.974 78.3916 6
    endloop
  endfacet
  facet normal 0 0 1
    outer loop
      vertex 286 90 6
      vertex 274.772 79.148 6
      vertex 274.898 78.7765 6
    endloop
  endfacet
  facet normal 0 0 1
    outer loop
      vertex 286 90 6
      vertex 274.598 79.5 6
      vertex 274.772 79.148 6
    endloop
  endfacet
  facet normal 0 0 1
    outer loop
      vertex 286 90 6
      vertex 274.38 79.8263 6
      vertex 274.598 79.5 6
    endloop
  endfacet
  facet normal 0 0 1
    outer loop
      vertex 286 90 6
      vertex 274.121 80.1213 6
      vertex 274.38 79.8263 6
    endloop
  endfacet
  facet normal 0 0 1
    outer loop
      vertex 286 90 6
      vertex 273.826 80.3801 6
      vertex 274.121 80.1213 6
    endloop
  endfacet
  facet normal 0 0 1
    outer loop
      vertex 286 90 6
      vertex 273.5 80.5981 6
      vertex 273.826 80.3801 6
    endloop
  endfacet
  facet normal 0 0 1
    outer loop
      vertex 286 90 6
      vertex 273.148 80.7716 6
      vertex 273.5 80.5981 6
    endloop
  endfacet
  facet normal 0 0 1
    outer loop
      vertex 286 90 6
      vertex 272.776 80.8978 6
      vertex 273.148 80.7716 6
    endloop
  endfacet
  facet normal 0 0 1
    outer loop
      vertex 286 90 6
      vertex 272.392 80.9743 6
      vertex 272.776 80.8978 6
    endloop
  endfacet
  facet normal 0 0 1
    outer loop
      vertex 286 90 6
      vertex 272 81 6
      vertex 272.392 80.9743 6
    endloop
  endfacet
  facet normal 0 0 1
    outer loop
      vertex 286 90 6
      vertex 271.608 80.9743 6
      vertex 272 81 6
    endloop
  endfacet
  facet normal 0 0 1
    outer loop
      vertex 286 90 6
      vertex 271.224 80.8978 6
      vertex 271.608 80.9743 6
    endloop
  endfacet
  facet normal 0 0 1
    outer loop
      vertex 286 90 6
      vertex 270.852 80.7716 6
      vertex 271.224 80.8978 6
    endloop
  endfacet
  facet normal -0 0 1
    outer loop
      vertex 223.5 90 6
      vertex 270.852 80.7716 6
      vertex 286 90 6
    endloop
  endfacet
  facet normal 0 0 1
    outer loop
      vertex 269.102 20.7765 6
      vertex 223.5 0 6
      vertex 269.026 20.3916 6
    endloop
  endfacet
  facet normal 0 0 1
    outer loop
      vertex 269.026 78.3916 6
      vertex 223.5 90 6
      vertex 269 78 6
    endloop
  endfacet
  facet normal 0 0 1
    outer loop
      vertex 269.102 78.7765 6
      vertex 223.5 90 6
      vertex 269.026 78.3916 6
    endloop
  endfacet
  facet normal 0 0 1
    outer loop
      vertex 269.228 79.148 6
      vertex 223.5 90 6
      vertex 269.102 78.7765 6
    endloop
  endfacet
  facet normal 0 0 1
    outer loop
      vertex 269.402 79.5 6
      vertex 223.5 90 6
      vertex 269.228 79.148 6
    endloop
  endfacet
  facet normal 0 0 1
    outer loop
      vertex 269.62 79.8263 6
      vertex 223.5 90 6
      vertex 269.402 79.5 6
    endloop
  endfacet
  facet normal 0 0 1
    outer loop
      vertex 269.879 80.1213 6
      vertex 223.5 90 6
      vertex 269.62 79.8263 6
    endloop
  endfacet
  facet normal 0 0 1
    outer loop
      vertex 270.174 80.3801 6
      vertex 223.5 90 6
      vertex 269.879 80.1213 6
    endloop
  endfacet
  facet normal 0 0 1
    outer loop
      vertex 270.5 80.5981 6
      vertex 223.5 90 6
      vertex 270.174 80.3801 6
    endloop
  endfacet
  facet normal 0 0 1
    outer loop
      vertex 270.852 80.7716 6
      vertex 223.5 90 6
      vertex 270.5 80.5981 6
    endloop
  endfacet
  facet normal 0 0 1
    outer loop
      vertex 285.864 2.96472 6
      vertex 282 0 6
      vertex 285.695 2.46927 6
    endloop
  endfacet
  facet normal 0 0 1
    outer loop
      vertex 285.464 2 6
      vertex 282 0 6
      vertex 285.173 1.56496 6
    endloop
  endfacet
  facet normal 0 0 1
    outer loop
      vertex 285.173 1.56496 6
      vertex 282 0 6
      vertex 284.828 1.17157 6
    endloop
  endfacet
  facet normal 0 0 1
    outer loop
      vertex 284.828 1.17157 6
      vertex 282 0 6
      vertex 284.435 0.826584 6
    endloop
  endfacet
  facet normal 0 0 1
    outer loop
      vertex 284 0.535904 6
      vertex 282 0 6
      vertex 283.531 0.304489 6
    endloop
  endfacet
  facet normal 0 0 1
    outer loop
      vertex 283.531 0.304489 6
      vertex 282 0 6
      vertex 283.035 0.136292 6
    endloop
  endfacet
  facet normal 0 0 1
    outer loop
      vertex 283.035 0.136292 6
      vertex 282 0 6
      vertex 282.522 0.0342255 6
    endloop
  endfacet
  facet normal 0 0 1
    outer loop
      vertex 284.435 0.826584 6
      vertex 282 0 6
      vertex 284 0.535904 6
    endloop
  endfacet
  facet normal 0 0 1
    outer loop
      vertex 285.695 2.46927 6
      vertex 282 0 6
      vertex 285.464 2 6
    endloop
  endfacet
  facet normal 0 0 1
    outer loop
      vertex 286 4 6
      vertex 273.148 17.2284 6
      vertex 282 0 6
    endloop
  endfacet
  facet normal -0 0 1
    outer loop
      vertex 272.776 17.1022 6
      vertex 282 0 6
      vertex 273.148 17.2284 6
    endloop
  endfacet
  facet normal -0 0 1
    outer loop
      vertex 272.392 17.0257 6
      vertex 282 0 6
      vertex 272.776 17.1022 6
    endloop
  endfacet
  facet normal -0 0 1
    outer loop
      vertex 272 17 6
      vertex 282 0 6
      vertex 272.392 17.0257 6
    endloop
  endfacet
  facet normal 0 0 1
    outer loop
      vertex 271.608 17.0257 6
      vertex 282 0 6
      vertex 272 17 6
    endloop
  endfacet
  facet normal 0 0 1
    outer loop
      vertex 271.224 17.1022 6
      vertex 282 0 6
      vertex 271.608 17.0257 6
    endloop
  endfacet
  facet normal 0 0 1
    outer loop
      vertex 270.852 17.2284 6
      vertex 282 0 6
      vertex 271.224 17.1022 6
    endloop
  endfacet
  facet normal 0 0 1
    outer loop
      vertex 270.5 17.4019 6
      vertex 282 0 6
      vertex 270.852 17.2284 6
    endloop
  endfacet
  facet normal 0 0 1
    outer loop
      vertex 270.174 17.6199 6
      vertex 282 0 6
      vertex 270.5 17.4019 6
    endloop
  endfacet
  facet normal 0 0 1
    outer loop
      vertex 223.5 0 6
      vertex 270.174 17.6199 6
      vertex 269.879 17.8787 6
    endloop
  endfacet
  facet normal 0 0 1
    outer loop
      vertex 223.5 0 6
      vertex 269.879 17.8787 6
      vertex 269.62 18.1737 6
    endloop
  endfacet
  facet normal 0 0 1
    outer loop
      vertex 269.026 20.3916 6
      vertex 223.5 0 6
      vertex 269 20 6
    endloop
  endfacet
  facet normal 0 0 1
    outer loop
      vertex 269 20 6
      vertex 223.5 0 6
      vertex 269.026 19.6084 6
    endloop
  endfacet
  facet normal 0 0 1
    outer loop
      vertex 269.026 19.6084 6
      vertex 223.5 0 6
      vertex 269.102 19.2235 6
    endloop
  endfacet
  facet normal 0 0 1
    outer loop
      vertex 269.102 19.2235 6
      vertex 223.5 0 6
      vertex 269.228 18.8519 6
    endloop
  endfacet
  facet normal 0 0 1
    outer loop
      vertex 270.174 17.6199 6
      vertex 223.5 0 6
      vertex 282 0 6
    endloop
  endfacet
  facet normal 0 0 1
    outer loop
      vertex 269.402 18.5 6
      vertex 223.5 0 6
      vertex 269.62 18.1737 6
    endloop
  endfacet
  facet normal 0 0 1
    outer loop
      vertex 269.228 18.8519 6
      vertex 223.5 0 6
      vertex 269.402 18.5 6
    endloop
  endfacet
  facet normal 1 -0 0
    outer loop
      vertex 286 4 6
      vertex 286 90 0
      vertex 286 90 6
    endloop
  endfacet
  facet normal 1 0 0
    outer loop
      vertex 286 90 0
      vertex 286 4 6
      vertex 286 4 0
    endloop
  endfacet
  facet normal -0.94704 -0.321117 2.77378e-19
    outer loop
      vertex 269.228 18.8519 6
      vertex 269.102 19.2235 9.7
      vertex 269.102 19.2235 6
    endloop
  endfacet
  facet normal -0.94704 -0.321117 2.77378e-19
    outer loop
      vertex 269.102 19.2235 9.7
      vertex 269.228 18.8519 6
      vertex 269.228 18.8519 9.7
    endloop
  endfacet
  facet normal 0.195379 -0.980728 0
    outer loop
      vertex 272.392 17.0257 6
      vertex 272.776 17.1022 9.7
      vertex 272.392 17.0257 9.7
    endloop
  endfacet
  facet normal 0.195379 -0.980728 0
    outer loop
      vertex 272.776 17.1022 9.7
      vertex 272.392 17.0257 6
      vertex 272.776 17.1022 6
    endloop
  endfacet
  facet normal 0.981058 0.193714 1.1381e-18
    outer loop
      vertex 274.974 20.3916 9.7
      vertex 274.898 20.7765 6
      vertex 274.898 20.7765 9.7
    endloop
  endfacet
  facet normal 0.981058 0.193714 1.1381e-18
    outer loop
      vertex 274.898 20.7765 6
      vertex 274.974 20.3916 9.7
      vertex 274.974 20.3916 6
    endloop
  endfacet
  facet normal 0.997803 0.0662484 5.46445e-19
    outer loop
      vertex 275 20 9.7
      vertex 274.974 20.3916 6
      vertex 274.974 20.3916 9.7
    endloop
  endfacet
  facet normal 0.997803 0.0662484 5.46445e-19
    outer loop
      vertex 274.974 20.3916 6
      vertex 275 20 9.7
      vertex 275 20 6
    endloop
  endfacet
  facet normal -0.44211 0.896961 0
    outer loop
      vertex 270.852 22.7716 6
      vertex 270.5 22.5981 9.7
      vertex 270.852 22.7716 9.7
    endloop
  endfacet
  facet normal -0.44211 0.896961 0
    outer loop
      vertex 270.5 22.5981 9.7
      vertex 270.852 22.7716 6
      vertex 270.5 22.5981 6
    endloop
  endfacet
  facet normal 0.947013 0.321194 4.22838e-19
    outer loop
      vertex 274.898 20.7765 9.7
      vertex 274.772 21.148 6
      vertex 274.772 21.148 9.7
    endloop
  endfacet
  facet normal 0.947013 0.321194 4.22838e-19
    outer loop
      vertex 274.772 21.148 6
      vertex 274.898 20.7765 9.7
      vertex 274.898 20.7765 6
    endloop
  endfacet
  facet normal 0.896405 -0.443235 1.23403e-18
    outer loop
      vertex 274.598 18.5 9.7
      vertex 274.772 18.8519 6
      vertex 274.772 18.8519 9.7
    endloop
  endfacet
  facet normal 0.896405 -0.443235 1.23403e-18
    outer loop
      vertex 274.772 18.8519 6
      vertex 274.598 18.5 9.7
      vertex 274.598 18.5 6
    endloop
  endfacet
  facet normal 0.997803 -0.0662484 -5.46445e-19
    outer loop
      vertex 274.974 19.6084 9.7
      vertex 275 20 6
      vertex 275 20 9.7
    endloop
  endfacet
  facet normal 0.997803 -0.0662484 -5.46445e-19
    outer loop
      vertex 275 20 6
      vertex 274.974 19.6084 9.7
      vertex 274.974 19.6084 6
    endloop
  endfacet
  facet normal 0.659478 0.751724 -0
    outer loop
      vertex 274.121 22.1213 6
      vertex 273.826 22.3801 9.7
      vertex 274.121 22.1213 9.7
    endloop
  endfacet
  facet normal 0.659478 0.751724 0
    outer loop
      vertex 273.826 22.3801 9.7
      vertex 274.121 22.1213 6
      vertex 273.826 22.3801 6
    endloop
  endfacet
  facet normal -0.659478 0.751724 0
    outer loop
      vertex 270.174 22.3801 6
      vertex 269.879 22.1213 9.7
      vertex 270.174 22.3801 9.7
    endloop
  endfacet
  facet normal -0.659478 0.751724 0
    outer loop
      vertex 269.879 22.1213 9.7
      vertex 270.174 22.3801 6
      vertex 269.879 22.1213 6
    endloop
  endfacet
  facet normal 0.0654208 0.997858 -0
    outer loop
      vertex 272.392 22.9743 6
      vertex 272 23 9.7
      vertex 272.392 22.9743 9.7
    endloop
  endfacet
  facet normal 0.0654208 0.997858 0
    outer loop
      vertex 272 23 9.7
      vertex 272.392 22.9743 6
      vertex 272 23 6
    endloop
  endfacet
  facet normal -0.195379 -0.980728 0
    outer loop
      vertex 271.224 17.1022 6
      vertex 271.608 17.0257 9.7
      vertex 271.224 17.1022 9.7
    endloop
  endfacet
  facet normal -0.195379 -0.980728 -0
    outer loop
      vertex 271.608 17.0257 9.7
      vertex 271.224 17.1022 6
      vertex 271.608 17.0257 6
    endloop
  endfacet
  facet normal -0.997803 0.0662484 -5.46445e-19
    outer loop
      vertex 269 20 6
      vertex 269.026 20.3916 9.7
      vertex 269.026 20.3916 6
    endloop
  endfacet
  facet normal -0.997803 0.0662484 -5.46445e-19
    outer loop
      vertex 269.026 20.3916 9.7
      vertex 269 20 6
      vertex 269 20 9.7
    endloop
  endfacet
  facet normal -0.751471 -0.659766 -1.01201e-18
    outer loop
      vertex 269.879 17.8787 6
      vertex 269.62 18.1737 9.7
      vertex 269.62 18.1737 6
    endloop
  endfacet
  facet normal -0.751471 -0.659766 -1.01201e-18
    outer loop
      vertex 269.62 18.1737 9.7
      vertex 269.879 17.8787 6
      vertex 269.879 17.8787 9.7
    endloop
  endfacet
  facet normal -0.981058 -0.193714 1.1381e-18
    outer loop
      vertex 269.102 19.2235 6
      vertex 269.026 19.6084 9.7
      vertex 269.026 19.6084 6
    endloop
  endfacet
  facet normal -0.981058 -0.193714 1.1381e-18
    outer loop
      vertex 269.026 19.6084 9.7
      vertex 269.102 19.2235 6
      vertex 269.102 19.2235 9.7
    endloop
  endfacet
  facet normal 0.831501 -0.555523 8.76822e-19
    outer loop
      vertex 274.38 18.1737 9.7
      vertex 274.598 18.5 6
      vertex 274.598 18.5 9.7
    endloop
  endfacet
  facet normal 0.831501 -0.555523 8.76822e-19
    outer loop
      vertex 274.598 18.5 6
      vertex 274.38 18.1737 9.7
      vertex 274.38 18.1737 6
    endloop
  endfacet
  facet normal -0.896455 0.443134 -3.94316e-20
    outer loop
      vertex 269.228 21.148 6
      vertex 269.402 21.5 9.7
      vertex 269.402 21.5 6
    endloop
  endfacet
  facet normal -0.896455 0.443134 -3.94316e-20
    outer loop
      vertex 269.402 21.5 9.7
      vertex 269.228 21.148 6
      vertex 269.228 21.148 9.7
    endloop
  endfacet
  facet normal -0.831501 0.555523 8.76822e-19
    outer loop
      vertex 269.402 21.5 6
      vertex 269.62 21.8263 9.7
      vertex 269.62 21.8263 6
    endloop
  endfacet
  facet normal -0.831501 0.555523 8.76822e-19
    outer loop
      vertex 269.62 21.8263 9.7
      vertex 269.402 21.5 6
      vertex 269.402 21.5 9.7
    endloop
  endfacet
  facet normal -0.0654208 0.997858 0
    outer loop
      vertex 272 23 6
      vertex 271.608 22.9743 9.7
      vertex 272 23 9.7
    endloop
  endfacet
  facet normal -0.0654208 0.997858 0
    outer loop
      vertex 271.608 22.9743 9.7
      vertex 272 23 6
      vertex 271.608 22.9743 6
    endloop
  endfacet
  facet normal -0.321264 -0.94699 0
    outer loop
      vertex 270.852 17.2284 6
      vertex 271.224 17.1022 9.7
      vertex 270.852 17.2284 9.7
    endloop
  endfacet
  facet normal -0.321264 -0.94699 -0
    outer loop
      vertex 271.224 17.1022 9.7
      vertex 270.852 17.2284 6
      vertex 271.224 17.1022 6
    endloop
  endfacet
  facet normal 0.44211 0.896961 -0
    outer loop
      vertex 273.5 22.5981 6
      vertex 273.148 22.7716 9.7
      vertex 273.5 22.5981 9.7
    endloop
  endfacet
  facet normal 0.44211 0.896961 0
    outer loop
      vertex 273.148 22.7716 9.7
      vertex 273.5 22.5981 6
      vertex 273.148 22.7716 6
    endloop
  endfacet
  facet normal 0.0654208 -0.997858 0
    outer loop
      vertex 272 17 6
      vertex 272.392 17.0257 9.7
      vertex 272 17 9.7
    endloop
  endfacet
  facet normal 0.0654208 -0.997858 0
    outer loop
      vertex 272.392 17.0257 9.7
      vertex 272 17 6
      vertex 272.392 17.0257 6
    endloop
  endfacet
  facet normal 0.555877 -0.831265 0
    outer loop
      vertex 273.5 17.4019 6
      vertex 273.826 17.6199 9.7
      vertex 273.5 17.4019 9.7
    endloop
  endfacet
  facet normal 0.555877 -0.831265 0
    outer loop
      vertex 273.826 17.6199 9.7
      vertex 273.5 17.4019 6
      vertex 273.826 17.6199 6
    endloop
  endfacet
  facet normal 0.981058 -0.193714 -1.1381e-18
    outer loop
      vertex 274.898 19.2235 9.7
      vertex 274.974 19.6084 6
      vertex 274.974 19.6084 9.7
    endloop
  endfacet
  facet normal 0.981058 -0.193714 -1.1381e-18
    outer loop
      vertex 274.974 19.6084 6
      vertex 274.898 19.2235 9.7
      vertex 274.898 19.2235 6
    endloop
  endfacet
  facet normal -0.751471 0.659766 1.01201e-18
    outer loop
      vertex 269.62 21.8263 6
      vertex 269.879 22.1213 9.7
      vertex 269.879 22.1213 6
    endloop
  endfacet
  facet normal -0.751471 0.659766 1.01201e-18
    outer loop
      vertex 269.879 22.1213 9.7
      vertex 269.62 21.8263 6
      vertex 269.62 21.8263 9.7
    endloop
  endfacet
  facet normal -0.981058 0.193714 -1.1381e-18
    outer loop
      vertex 269.026 20.3916 6
      vertex 269.102 20.7765 9.7
      vertex 269.102 20.7765 6
    endloop
  endfacet
  facet normal -0.981058 0.193714 -1.1381e-18
    outer loop
      vertex 269.102 20.7765 9.7
      vertex 269.026 20.3916 6
      vertex 269.026 20.3916 9.7
    endloop
  endfacet
  facet normal 0.831501 0.555523 -8.76822e-19
    outer loop
      vertex 274.598 21.5 9.7
      vertex 274.38 21.8263 6
      vertex 274.38 21.8263 9.7
    endloop
  endfacet
  facet normal 0.831501 0.555523 -8.76822e-19
    outer loop
      vertex 274.38 21.8263 6
      vertex 274.598 21.5 9.7
      vertex 274.598 21.5 6
    endloop
  endfacet
  facet normal 0.555877 0.831265 -0
    outer loop
      vertex 273.826 22.3801 6
      vertex 273.5 22.5981 9.7
      vertex 273.826 22.3801 9.7
    endloop
  endfacet
  facet normal 0.555877 0.831265 0
    outer loop
      vertex 273.5 22.5981 9.7
      vertex 273.826 22.3801 6
      vertex 273.5 22.5981 6
    endloop
  endfacet
  facet normal -0.997803 -0.0662484 5.46445e-19
    outer loop
      vertex 269.026 19.6084 6
      vertex 269 20 9.7
      vertex 269 20 6
    endloop
  endfacet
  facet normal -0.997803 -0.0662484 5.46445e-19
    outer loop
      vertex 269 20 9.7
      vertex 269.026 19.6084 6
      vertex 269.026 19.6084 9.7
    endloop
  endfacet
  facet normal 0.321264 0.94699 -0
    outer loop
      vertex 273.148 22.7716 6
      vertex 272.776 22.8978 9.7
      vertex 273.148 22.7716 9.7
    endloop
  endfacet
  facet normal 0.321264 0.94699 0
    outer loop
      vertex 272.776 22.8978 9.7
      vertex 273.148 22.7716 6
      vertex 272.776 22.8978 6
    endloop
  endfacet
  facet normal 0.659478 -0.751724 0
    outer loop
      vertex 273.826 17.6199 6
      vertex 274.121 17.8787 9.7
      vertex 273.826 17.6199 9.7
    endloop
  endfacet
  facet normal 0.659478 -0.751724 0
    outer loop
      vertex 274.121 17.8787 9.7
      vertex 273.826 17.6199 6
      vertex 274.121 17.8787 6
    endloop
  endfacet
  facet normal -0.195379 0.980728 0
    outer loop
      vertex 271.608 22.9743 6
      vertex 271.224 22.8978 9.7
      vertex 271.608 22.9743 9.7
    endloop
  endfacet
  facet normal -0.195379 0.980728 0
    outer loop
      vertex 271.224 22.8978 9.7
      vertex 271.608 22.9743 6
      vertex 271.224 22.8978 6
    endloop
  endfacet
  facet normal 0.896455 0.443134 3.94316e-20
    outer loop
      vertex 274.772 21.148 9.7
      vertex 274.598 21.5 6
      vertex 274.598 21.5 9.7
    endloop
  endfacet
  facet normal 0.896455 0.443134 3.94316e-20
    outer loop
      vertex 274.598 21.5 6
      vertex 274.772 21.148 9.7
      vertex 274.772 21.148 6
    endloop
  endfacet
  facet normal 0.94704 -0.321117 -2.77378e-19
    outer loop
      vertex 274.772 18.8519 9.7
      vertex 274.898 19.2235 6
      vertex 274.898 19.2235 9.7
    endloop
  endfacet
  facet normal 0.94704 -0.321117 -2.77378e-19
    outer loop
      vertex 274.898 19.2235 6
      vertex 274.772 18.8519 9.7
      vertex 274.772 18.8519 6
    endloop
  endfacet
  facet normal -0.555877 -0.831265 0
    outer loop
      vertex 270.174 17.6199 6
      vertex 270.5 17.4019 9.7
      vertex 270.174 17.6199 9.7
    endloop
  endfacet
  facet normal -0.555877 -0.831265 -0
    outer loop
      vertex 270.5 17.4019 9.7
      vertex 270.174 17.6199 6
      vertex 270.5 17.4019 6
    endloop
  endfacet
  facet normal -0.659478 -0.751724 0
    outer loop
      vertex 269.879 17.8787 6
      vertex 270.174 17.6199 9.7
      vertex 269.879 17.8787 9.7
    endloop
  endfacet
  facet normal -0.659478 -0.751724 -0
    outer loop
      vertex 270.174 17.6199 9.7
      vertex 269.879 17.8787 6
      vertex 270.174 17.6199 6
    endloop
  endfacet
  facet normal 0.751471 -0.659766 1.01201e-18
    outer loop
      vertex 274.121 17.8787 9.7
      vertex 274.38 18.1737 6
      vertex 274.38 18.1737 9.7
    endloop
  endfacet
  facet normal 0.751471 -0.659766 1.01201e-18
    outer loop
      vertex 274.38 18.1737 6
      vertex 274.121 17.8787 9.7
      vertex 274.121 17.8787 6
    endloop
  endfacet
  facet normal -0.896405 -0.443235 -1.23403e-18
    outer loop
      vertex 269.402 18.5 6
      vertex 269.228 18.8519 9.7
      vertex 269.228 18.8519 6
    endloop
  endfacet
  facet normal -0.896405 -0.443235 -1.23403e-18
    outer loop
      vertex 269.228 18.8519 9.7
      vertex 269.402 18.5 6
      vertex 269.402 18.5 9.7
    endloop
  endfacet
  facet normal -0.0654208 -0.997858 0
    outer loop
      vertex 271.608 17.0257 6
      vertex 272 17 9.7
      vertex 271.608 17.0257 9.7
    endloop
  endfacet
  facet normal -0.0654208 -0.997858 -0
    outer loop
      vertex 272 17 9.7
      vertex 271.608 17.0257 6
      vertex 272 17 6
    endloop
  endfacet
  facet normal 0.751471 0.659766 -1.01201e-18
    outer loop
      vertex 274.38 21.8263 9.7
      vertex 274.121 22.1213 6
      vertex 274.121 22.1213 9.7
    endloop
  endfacet
  facet normal 0.751471 0.659766 -1.01201e-18
    outer loop
      vertex 274.121 22.1213 6
      vertex 274.38 21.8263 9.7
      vertex 274.38 21.8263 6
    endloop
  endfacet
  facet normal -0.555877 0.831265 0
    outer loop
      vertex 270.5 22.5981 6
      vertex 270.174 22.3801 9.7
      vertex 270.5 22.5981 9.7
    endloop
  endfacet
  facet normal -0.555877 0.831265 0
    outer loop
      vertex 270.174 22.3801 9.7
      vertex 270.5 22.5981 6
      vertex 270.174 22.3801 6
    endloop
  endfacet
  facet normal 0.321264 -0.94699 0
    outer loop
      vertex 272.776 17.1022 6
      vertex 273.148 17.2284 9.7
      vertex 272.776 17.1022 9.7
    endloop
  endfacet
  facet normal 0.321264 -0.94699 0
    outer loop
      vertex 273.148 17.2284 9.7
      vertex 272.776 17.1022 6
      vertex 273.148 17.2284 6
    endloop
  endfacet
  facet normal 0.44211 -0.896961 0
    outer loop
      vertex 273.148 17.2284 6
      vertex 273.5 17.4019 9.7
      vertex 273.148 17.2284 9.7
    endloop
  endfacet
  facet normal 0.44211 -0.896961 0
    outer loop
      vertex 273.5 17.4019 9.7
      vertex 273.148 17.2284 6
      vertex 273.5 17.4019 6
    endloop
  endfacet
  facet normal -0.321264 0.94699 0
    outer loop
      vertex 271.224 22.8978 6
      vertex 270.852 22.7716 9.7
      vertex 271.224 22.8978 9.7
    endloop
  endfacet
  facet normal -0.321264 0.94699 0
    outer loop
      vertex 270.852 22.7716 9.7
      vertex 271.224 22.8978 6
      vertex 270.852 22.7716 6
    endloop
  endfacet
  facet normal 0 0 1
    outer loop
      vertex 274.974 20.3916 9.7
      vertex 274.974 19.6084 9.7
      vertex 275 20 9.7
    endloop
  endfacet
  facet normal 0 0 1
    outer loop
      vertex 274.898 20.7765 9.7
      vertex 274.974 19.6084 9.7
      vertex 274.974 20.3916 9.7
    endloop
  endfacet
  facet normal 0 0 1
    outer loop
      vertex 274.898 20.7765 9.7
      vertex 274.898 19.2235 9.7
      vertex 274.974 19.6084 9.7
    endloop
  endfacet
  facet normal 0 0 1
    outer loop
      vertex 274.772 21.148 9.7
      vertex 274.898 19.2235 9.7
      vertex 274.898 20.7765 9.7
    endloop
  endfacet
  facet normal 0 0 1
    outer loop
      vertex 274.772 21.148 9.7
      vertex 274.772 18.8519 9.7
      vertex 274.898 19.2235 9.7
    endloop
  endfacet
  facet normal 0 0 1
    outer loop
      vertex 274.598 21.5 9.7
      vertex 274.772 18.8519 9.7
      vertex 274.772 21.148 9.7
    endloop
  endfacet
  facet normal 0 0 1
    outer loop
      vertex 274.598 21.5 9.7
      vertex 274.598 18.5 9.7
      vertex 274.772 18.8519 9.7
    endloop
  endfacet
  facet normal 0 0 1
    outer loop
      vertex 274.38 21.8263 9.7
      vertex 274.598 18.5 9.7
      vertex 274.598 21.5 9.7
    endloop
  endfacet
  facet normal 0 0 1
    outer loop
      vertex 274.38 21.8263 9.7
      vertex 274.38 18.1737 9.7
      vertex 274.598 18.5 9.7
    endloop
  endfacet
  facet normal 0 0 1
    outer loop
      vertex 274.121 22.1213 9.7
      vertex 274.38 18.1737 9.7
      vertex 274.38 21.8263 9.7
    endloop
  endfacet
  facet normal 0 0 1
    outer loop
      vertex 274.121 22.1213 9.7
      vertex 274.121 17.8787 9.7
      vertex 274.38 18.1737 9.7
    endloop
  endfacet
  facet normal 0 0 1
    outer loop
      vertex 273.826 22.3801 9.7
      vertex 274.121 17.8787 9.7
      vertex 274.121 22.1213 9.7
    endloop
  endfacet
  facet normal 0 0 1
    outer loop
      vertex 273.826 22.3801 9.7
      vertex 273.826 17.6199 9.7
      vertex 274.121 17.8787 9.7
    endloop
  endfacet
  facet normal 0 0 1
    outer loop
      vertex 273.5 22.5981 9.7
      vertex 273.826 17.6199 9.7
      vertex 273.826 22.3801 9.7
    endloop
  endfacet
  facet normal 0 0 1
    outer loop
      vertex 273.5 22.5981 9.7
      vertex 273.5 17.4019 9.7
      vertex 273.826 17.6199 9.7
    endloop
  endfacet
  facet normal 0 0 1
    outer loop
      vertex 273.148 22.7716 9.7
      vertex 273.5 17.4019 9.7
      vertex 273.5 22.5981 9.7
    endloop
  endfacet
  facet normal 0 0 1
    outer loop
      vertex 273.148 22.7716 9.7
      vertex 273.148 17.2284 9.7
      vertex 273.5 17.4019 9.7
    endloop
  endfacet
  facet normal 0 0 1
    outer loop
      vertex 272.776 22.8978 9.7
      vertex 273.148 17.2284 9.7
      vertex 273.148 22.7716 9.7
    endloop
  endfacet
  facet normal 0 0 1
    outer loop
      vertex 272.776 22.8978 9.7
      vertex 272.776 17.1022 9.7
      vertex 273.148 17.2284 9.7
    endloop
  endfacet
  facet normal 0 0 1
    outer loop
      vertex 272.392 22.9743 9.7
      vertex 272.776 17.1022 9.7
      vertex 272.776 22.8978 9.7
    endloop
  endfacet
  facet normal 0 0 1
    outer loop
      vertex 272.392 22.9743 9.7
      vertex 272.392 17.0257 9.7
      vertex 272.776 17.1022 9.7
    endloop
  endfacet
  facet normal 0 0 1
    outer loop
      vertex 272 23 9.7
      vertex 272.392 17.0257 9.7
      vertex 272.392 22.9743 9.7
    endloop
  endfacet
  facet normal 0 0 1
    outer loop
      vertex 272 23 9.7
      vertex 272 17 9.7
      vertex 272.392 17.0257 9.7
    endloop
  endfacet
  facet normal -0 0 1
    outer loop
      vertex 271.608 22.9743 9.7
      vertex 272 17 9.7
      vertex 272 23 9.7
    endloop
  endfacet
  facet normal 0 0 1
    outer loop
      vertex 271.608 22.9743 9.7
      vertex 271.608 17.0257 9.7
      vertex 272 17 9.7
    endloop
  endfacet
  facet normal -0 0 1
    outer loop
      vertex 271.224 22.8978 9.7
      vertex 271.608 17.0257 9.7
      vertex 271.608 22.9743 9.7
    endloop
  endfacet
  facet normal 0 0 1
    outer loop
      vertex 271.224 22.8978 9.7
      vertex 271.224 17.1022 9.7
      vertex 271.608 17.0257 9.7
    endloop
  endfacet
  facet normal -0 0 1
    outer loop
      vertex 270.852 22.7716 9.7
      vertex 271.224 17.1022 9.7
      vertex 271.224 22.8978 9.7
    endloop
  endfacet
  facet normal 0 0 1
    outer loop
      vertex 270.852 22.7716 9.7
      vertex 270.852 17.2284 9.7
      vertex 271.224 17.1022 9.7
    endloop
  endfacet
  facet normal -0 0 1
    outer loop
      vertex 270.5 22.5981 9.7
      vertex 270.852 17.2284 9.7
      vertex 270.852 22.7716 9.7
    endloop
  endfacet
  facet normal 0 0 1
    outer loop
      vertex 270.5 22.5981 9.7
      vertex 270.5 17.4019 9.7
      vertex 270.852 17.2284 9.7
    endloop
  endfacet
  facet normal -0 0 1
    outer loop
      vertex 270.174 22.3801 9.7
      vertex 270.5 17.4019 9.7
      vertex 270.5 22.5981 9.7
    endloop
  endfacet
  facet normal 0 0 1
    outer loop
      vertex 270.174 22.3801 9.7
      vertex 270.174 17.6199 9.7
      vertex 270.5 17.4019 9.7
    endloop
  endfacet
  facet normal -0 0 1
    outer loop
      vertex 269.879 22.1213 9.7
      vertex 270.174 17.6199 9.7
      vertex 270.174 22.3801 9.7
    endloop
  endfacet
  facet normal 0 0 1
    outer loop
      vertex 269.879 22.1213 9.7
      vertex 269.879 17.8787 9.7
      vertex 270.174 17.6199 9.7
    endloop
  endfacet
  facet normal -0 0 1
    outer loop
      vertex 269.62 21.8263 9.7
      vertex 269.879 17.8787 9.7
      vertex 269.879 22.1213 9.7
    endloop
  endfacet
  facet normal 0 0 1
    outer loop
      vertex 269.62 21.8263 9.7
      vertex 269.62 18.1737 9.7
      vertex 269.879 17.8787 9.7
    endloop
  endfacet
  facet normal -0 0 1
    outer loop
      vertex 269.402 21.5 9.7
      vertex 269.62 18.1737 9.7
      vertex 269.62 21.8263 9.7
    endloop
  endfacet
  facet normal 0 0 1
    outer loop
      vertex 269.402 21.5 9.7
      vertex 269.402 18.5 9.7
      vertex 269.62 18.1737 9.7
    endloop
  endfacet
  facet normal -0 0 1
    outer loop
      vertex 269.228 21.148 9.7
      vertex 269.402 18.5 9.7
      vertex 269.402 21.5 9.7
    endloop
  endfacet
  facet normal 0 0 1
    outer loop
      vertex 269.228 21.148 9.7
      vertex 269.228 18.8519 9.7
      vertex 269.402 18.5 9.7
    endloop
  endfacet
  facet normal -0 0 1
    outer loop
      vertex 269.102 20.7765 9.7
      vertex 269.228 18.8519 9.7
      vertex 269.228 21.148 9.7
    endloop
  endfacet
  facet normal 0 0 1
    outer loop
      vertex 269.102 20.7765 9.7
      vertex 269.102 19.2235 9.7
      vertex 269.228 18.8519 9.7
    endloop
  endfacet
  facet normal -0 0 1
    outer loop
      vertex 269.026 20.3916 9.7
      vertex 269.102 19.2235 9.7
      vertex 269.102 20.7765 9.7
    endloop
  endfacet
  facet normal 0 0 1
    outer loop
      vertex 269.026 20.3916 9.7
      vertex 269.026 19.6084 9.7
      vertex 269.102 19.2235 9.7
    endloop
  endfacet
  facet normal 0 -0 1
    outer loop
      vertex 269.026 19.6084 9.7
      vertex 269.026 20.3916 9.7
      vertex 269 20 9.7
    endloop
  endfacet
  facet normal 0.195379 0.980728 -0
    outer loop
      vertex 272.776 22.8978 6
      vertex 272.392 22.9743 9.7
      vertex 272.776 22.8978 9.7
    endloop
  endfacet
  facet normal 0.195379 0.980728 0
    outer loop
      vertex 272.392 22.9743 9.7
      vertex 272.776 22.8978 6
      vertex 272.392 22.9743 6
    endloop
  endfacet
  facet normal -0.44211 -0.896961 0
    outer loop
      vertex 270.5 17.4019 6
      vertex 270.852 17.2284 9.7
      vertex 270.5 17.4019 9.7
    endloop
  endfacet
  facet normal -0.44211 -0.896961 -0
    outer loop
      vertex 270.852 17.2284 9.7
      vertex 270.5 17.4019 6
      vertex 270.852 17.2284 6
    endloop
  endfacet
  facet normal -0.831501 -0.555523 -8.76822e-19
    outer loop
      vertex 269.62 18.1737 6
      vertex 269.402 18.5 9.7
      vertex 269.402 18.5 6
    endloop
  endfacet
  facet normal -0.831501 -0.555523 -8.76822e-19
    outer loop
      vertex 269.402 18.5 9.7
      vertex 269.62 18.1737 6
      vertex 269.62 18.1737 9.7
    endloop
  endfacet
  facet normal -0.947013 0.321194 -4.22838e-19
    outer loop
      vertex 269.102 20.7765 6
      vertex 269.228 21.148 9.7
      vertex 269.228 21.148 6
    endloop
  endfacet
  facet normal -0.947013 0.321194 -4.22838e-19
    outer loop
      vertex 269.228 21.148 9.7
      vertex 269.102 20.7765 6
      vertex 269.102 20.7765 9.7
    endloop
  endfacet
  facet normal -0.947013 -0.321194 -1.91011e-18
    outer loop
      vertex 269.228 76.852 6
      vertex 269.102 77.2235 9.7
      vertex 269.102 77.2235 6
    endloop
  endfacet
  facet normal -0.947013 -0.321194 -1.91011e-18
    outer loop
      vertex 269.102 77.2235 9.7
      vertex 269.228 76.852 6
      vertex 269.228 76.852 9.7
    endloop
  endfacet
  facet normal 0.195379 -0.980728 0
    outer loop
      vertex 272.392 75.0257 6
      vertex 272.776 75.1022 9.7
      vertex 272.392 75.0257 9.7
    endloop
  endfacet
  facet normal 0.195379 -0.980728 0
    outer loop
      vertex 272.776 75.1022 9.7
      vertex 272.392 75.0257 6
      vertex 272.776 75.1022 6
    endloop
  endfacet
  facet normal 0.981058 0.193714 -8.31291e-19
    outer loop
      vertex 274.974 78.3916 9.7
      vertex 274.898 78.7765 6
      vertex 274.898 78.7765 9.7
    endloop
  endfacet
  facet normal 0.981058 0.193714 -8.31291e-19
    outer loop
      vertex 274.898 78.7765 6
      vertex 274.974 78.3916 9.7
      vertex 274.974 78.3916 6
    endloop
  endfacet
  facet normal 0.997803 0.0662484 -3.51911e-19
    outer loop
      vertex 275 78 9.7
      vertex 274.974 78.3916 6
      vertex 274.974 78.3916 9.7
    endloop
  endfacet
  facet normal 0.997803 0.0662484 -3.51911e-19
    outer loop
      vertex 274.974 78.3916 6
      vertex 275 78 9.7
      vertex 275 78 6
    endloop
  endfacet
  facet normal -0.44211 0.896961 0
    outer loop
      vertex 270.852 80.7716 6
      vertex 270.5 80.5981 9.7
      vertex 270.852 80.7716 9.7
    endloop
  endfacet
  facet normal -0.44211 0.896961 0
    outer loop
      vertex 270.5 80.5981 9.7
      vertex 270.852 80.7716 6
      vertex 270.5 80.5981 6
    endloop
  endfacet
  facet normal 0.947013 0.321194 -1.91011e-18
    outer loop
      vertex 274.898 78.7765 9.7
      vertex 274.772 79.148 6
      vertex 274.772 79.148 9.7
    endloop
  endfacet
  facet normal 0.947013 0.321194 -1.91011e-18
    outer loop
      vertex 274.772 79.148 6
      vertex 274.898 78.7765 9.7
      vertex 274.898 78.7765 6
    endloop
  endfacet
  facet normal 0.896455 -0.443134 3.80866e-19
    outer loop
      vertex 274.598 76.5 9.7
      vertex 274.772 76.852 6
      vertex 274.772 76.852 9.7
    endloop
  endfacet
  facet normal 0.896455 -0.443134 3.80866e-19
    outer loop
      vertex 274.772 76.852 6
      vertex 274.598 76.5 9.7
      vertex 274.598 76.5 6
    endloop
  endfacet
  facet normal 0.997803 -0.0662484 3.51911e-19
    outer loop
      vertex 274.974 77.6084 9.7
      vertex 275 78 6
      vertex 275 78 9.7
    endloop
  endfacet
  facet normal 0.997803 -0.0662484 3.51911e-19
    outer loop
      vertex 275 78 6
      vertex 274.974 77.6084 9.7
      vertex 274.974 77.6084 6
    endloop
  endfacet
  facet normal 0.659478 0.751724 -0
    outer loop
      vertex 274.121 80.1213 6
      vertex 273.826 80.3801 9.7
      vertex 274.121 80.1213 9.7
    endloop
  endfacet
  facet normal 0.659478 0.751724 0
    outer loop
      vertex 273.826 80.3801 9.7
      vertex 274.121 80.1213 6
      vertex 273.826 80.3801 6
    endloop
  endfacet
  facet normal -0.659478 0.751724 0
    outer loop
      vertex 270.174 80.3801 6
      vertex 269.879 80.1213 9.7
      vertex 270.174 80.3801 9.7
    endloop
  endfacet
  facet normal -0.659478 0.751724 0
    outer loop
      vertex 269.879 80.1213 9.7
      vertex 270.174 80.3801 6
      vertex 269.879 80.1213 6
    endloop
  endfacet
  facet normal 0.0654208 0.997858 -0
    outer loop
      vertex 272.392 80.9743 6
      vertex 272 81 9.7
      vertex 272.392 80.9743 9.7
    endloop
  endfacet
  facet normal 0.0654208 0.997858 0
    outer loop
      vertex 272 81 9.7
      vertex 272.392 80.9743 6
      vertex 272 81 6
    endloop
  endfacet
  facet normal -0.997803 0.0662484 3.51911e-19
    outer loop
      vertex 269 78 6
      vertex 269.026 78.3916 9.7
      vertex 269.026 78.3916 6
    endloop
  endfacet
  facet normal -0.997803 0.0662484 3.51911e-19
    outer loop
      vertex 269.026 78.3916 9.7
      vertex 269 78 6
      vertex 269 78 9.7
    endloop
  endfacet
  facet normal -0.751471 -0.659766 -1.01201e-18
    outer loop
      vertex 269.879 75.8787 6
      vertex 269.62 76.1737 9.7
      vertex 269.62 76.1737 6
    endloop
  endfacet
  facet normal -0.751471 -0.659766 -1.01201e-18
    outer loop
      vertex 269.62 76.1737 9.7
      vertex 269.879 75.8787 6
      vertex 269.879 75.8787 9.7
    endloop
  endfacet
  facet normal -0.981058 -0.193714 -8.31291e-19
    outer loop
      vertex 269.102 77.2235 6
      vertex 269.026 77.6084 9.7
      vertex 269.026 77.6084 6
    endloop
  endfacet
  facet normal -0.981058 -0.193714 -8.31291e-19
    outer loop
      vertex 269.026 77.6084 9.7
      vertex 269.102 77.2235 6
      vertex 269.102 77.2235 9.7
    endloop
  endfacet
  facet normal 0.831501 -0.555523 -9.58302e-19
    outer loop
      vertex 274.38 76.1737 9.7
      vertex 274.598 76.5 6
      vertex 274.598 76.5 9.7
    endloop
  endfacet
  facet normal 0.831501 -0.555523 -9.58302e-19
    outer loop
      vertex 274.598 76.5 6
      vertex 274.38 76.1737 9.7
      vertex 274.38 76.1737 6
    endloop
  endfacet
  facet normal -0.896455 0.443134 3.80866e-19
    outer loop
      vertex 269.228 79.148 6
      vertex 269.402 79.5 9.7
      vertex 269.402 79.5 6
    endloop
  endfacet
  facet normal -0.896455 0.443134 3.80866e-19
    outer loop
      vertex 269.402 79.5 9.7
      vertex 269.228 79.148 6
      vertex 269.228 79.148 9.7
    endloop
  endfacet
  facet normal -0.831501 0.555523 -9.58302e-19
    outer loop
      vertex 269.402 79.5 6
      vertex 269.62 79.8263 9.7
      vertex 269.62 79.8263 6
    endloop
  endfacet
  facet normal -0.831501 0.555523 -9.58302e-19
    outer loop
      vertex 269.62 79.8263 9.7
      vertex 269.402 79.5 6
      vertex 269.402 79.5 9.7
    endloop
  endfacet
  facet normal -0.0654208 0.997858 0
    outer loop
      vertex 272 81 6
      vertex 271.608 80.9743 9.7
      vertex 272 81 9.7
    endloop
  endfacet
  facet normal -0.0654208 0.997858 0
    outer loop
      vertex 271.608 80.9743 9.7
      vertex 272 81 6
      vertex 271.608 80.9743 6
    endloop
  endfacet
  facet normal -0.321264 0.94699 0
    outer loop
      vertex 271.224 80.8978 6
      vertex 270.852 80.7716 9.7
      vertex 271.224 80.8978 9.7
    endloop
  endfacet
  facet normal -0.321264 0.94699 0
    outer loop
      vertex 270.852 80.7716 9.7
      vertex 271.224 80.8978 6
      vertex 270.852 80.7716 6
    endloop
  endfacet
  facet normal -0.321264 -0.94699 0
    outer loop
      vertex 270.852 75.2284 6
      vertex 271.224 75.1022 9.7
      vertex 270.852 75.2284 9.7
    endloop
  endfacet
  facet normal -0.321264 -0.94699 -0
    outer loop
      vertex 271.224 75.1022 9.7
      vertex 270.852 75.2284 6
      vertex 271.224 75.1022 6
    endloop
  endfacet
  facet normal 0.44211 0.896961 -0
    outer loop
      vertex 273.5 80.5981 6
      vertex 273.148 80.7716 9.7
      vertex 273.5 80.5981 9.7
    endloop
  endfacet
  facet normal 0.44211 0.896961 0
    outer loop
      vertex 273.148 80.7716 9.7
      vertex 273.5 80.5981 6
      vertex 273.148 80.7716 6
    endloop
  endfacet
  facet normal 0.0654208 -0.997858 0
    outer loop
      vertex 272 75 6
      vertex 272.392 75.0257 9.7
      vertex 272 75 9.7
    endloop
  endfacet
  facet normal 0.0654208 -0.997858 0
    outer loop
      vertex 272.392 75.0257 9.7
      vertex 272 75 6
      vertex 272.392 75.0257 6
    endloop
  endfacet
  facet normal 0.555877 -0.831265 0
    outer loop
      vertex 273.5 75.4019 6
      vertex 273.826 75.6199 9.7
      vertex 273.5 75.4019 9.7
    endloop
  endfacet
  facet normal 0.555877 -0.831265 0
    outer loop
      vertex 273.826 75.6199 9.7
      vertex 273.5 75.4019 6
      vertex 273.826 75.6199 6
    endloop
  endfacet
  facet normal 0.981058 -0.193714 8.31291e-19
    outer loop
      vertex 274.898 77.2235 9.7
      vertex 274.974 77.6084 6
      vertex 274.974 77.6084 9.7
    endloop
  endfacet
  facet normal 0.981058 -0.193714 8.31291e-19
    outer loop
      vertex 274.974 77.6084 6
      vertex 274.898 77.2235 9.7
      vertex 274.898 77.2235 6
    endloop
  endfacet
  facet normal -0.751471 0.659766 1.01201e-18
    outer loop
      vertex 269.62 79.8263 6
      vertex 269.879 80.1213 9.7
      vertex 269.879 80.1213 6
    endloop
  endfacet
  facet normal -0.751471 0.659766 1.01201e-18
    outer loop
      vertex 269.879 80.1213 9.7
      vertex 269.62 79.8263 6
      vertex 269.62 79.8263 9.7
    endloop
  endfacet
  facet normal -0.981058 0.193714 8.31291e-19
    outer loop
      vertex 269.026 78.3916 6
      vertex 269.102 78.7765 9.7
      vertex 269.102 78.7765 6
    endloop
  endfacet
  facet normal -0.981058 0.193714 8.31291e-19
    outer loop
      vertex 269.102 78.7765 9.7
      vertex 269.026 78.3916 6
      vertex 269.026 78.3916 9.7
    endloop
  endfacet
  facet normal 0.831501 0.555523 9.58302e-19
    outer loop
      vertex 274.598 79.5 9.7
      vertex 274.38 79.8263 6
      vertex 274.38 79.8263 9.7
    endloop
  endfacet
  facet normal 0.831501 0.555523 9.58302e-19
    outer loop
      vertex 274.38 79.8263 6
      vertex 274.598 79.5 9.7
      vertex 274.598 79.5 6
    endloop
  endfacet
  facet normal 0.555877 0.831265 -0
    outer loop
      vertex 273.826 80.3801 6
      vertex 273.5 80.5981 9.7
      vertex 273.826 80.3801 9.7
    endloop
  endfacet
  facet normal 0.555877 0.831265 0
    outer loop
      vertex 273.5 80.5981 9.7
      vertex 273.826 80.3801 6
      vertex 273.5 80.5981 6
    endloop
  endfacet
  facet normal -0.997803 -0.0662484 -3.51911e-19
    outer loop
      vertex 269.026 77.6084 6
      vertex 269 78 9.7
      vertex 269 78 6
    endloop
  endfacet
  facet normal -0.997803 -0.0662484 -3.51911e-19
    outer loop
      vertex 269 78 9.7
      vertex 269.026 77.6084 6
      vertex 269.026 77.6084 9.7
    endloop
  endfacet
  facet normal 0.321264 0.94699 -0
    outer loop
      vertex 273.148 80.7716 6
      vertex 272.776 80.8978 9.7
      vertex 273.148 80.7716 9.7
    endloop
  endfacet
  facet normal 0.321264 0.94699 0
    outer loop
      vertex 272.776 80.8978 9.7
      vertex 273.148 80.7716 6
      vertex 272.776 80.8978 6
    endloop
  endfacet
  facet normal 0.659478 -0.751724 0
    outer loop
      vertex 273.826 75.6199 6
      vertex 274.121 75.8787 9.7
      vertex 273.826 75.6199 9.7
    endloop
  endfacet
  facet normal 0.659478 -0.751724 0
    outer loop
      vertex 274.121 75.8787 9.7
      vertex 273.826 75.6199 6
      vertex 274.121 75.8787 6
    endloop
  endfacet
  facet normal -0.195379 0.980728 0
    outer loop
      vertex 271.608 80.9743 6
      vertex 271.224 80.8978 9.7
      vertex 271.608 80.9743 9.7
    endloop
  endfacet
  facet normal -0.195379 0.980728 0
    outer loop
      vertex 271.224 80.8978 9.7
      vertex 271.608 80.9743 6
      vertex 271.224 80.8978 6
    endloop
  endfacet
  facet normal 0.896455 0.443134 -3.80866e-19
    outer loop
      vertex 274.772 79.148 9.7
      vertex 274.598 79.5 6
      vertex 274.598 79.5 9.7
    endloop
  endfacet
  facet normal 0.896455 0.443134 -3.80866e-19
    outer loop
      vertex 274.598 79.5 6
      vertex 274.772 79.148 9.7
      vertex 274.772 79.148 6
    endloop
  endfacet
  facet normal 0.947013 -0.321194 1.91011e-18
    outer loop
      vertex 274.772 76.852 9.7
      vertex 274.898 77.2235 6
      vertex 274.898 77.2235 9.7
    endloop
  endfacet
  facet normal 0.947013 -0.321194 1.91011e-18
    outer loop
      vertex 274.898 77.2235 6
      vertex 274.772 76.852 9.7
      vertex 274.772 76.852 6
    endloop
  endfacet
  facet normal -0.555877 -0.831265 0
    outer loop
      vertex 270.174 75.6199 6
      vertex 270.5 75.4019 9.7
      vertex 270.174 75.6199 9.7
    endloop
  endfacet
  facet normal -0.555877 -0.831265 -0
    outer loop
      vertex 270.5 75.4019 9.7
      vertex 270.174 75.6199 6
      vertex 270.5 75.4019 6
    endloop
  endfacet
  facet normal -0.659478 -0.751724 0
    outer loop
      vertex 269.879 75.8787 6
      vertex 270.174 75.6199 9.7
      vertex 269.879 75.8787 9.7
    endloop
  endfacet
  facet normal -0.659478 -0.751724 -0
    outer loop
      vertex 270.174 75.6199 9.7
      vertex 269.879 75.8787 6
      vertex 270.174 75.6199 6
    endloop
  endfacet
  facet normal 0.751471 -0.659766 1.01201e-18
    outer loop
      vertex 274.121 75.8787 9.7
      vertex 274.38 76.1737 6
      vertex 274.38 76.1737 9.7
    endloop
  endfacet
  facet normal 0.751471 -0.659766 1.01201e-18
    outer loop
      vertex 274.38 76.1737 6
      vertex 274.121 75.8787 9.7
      vertex 274.121 75.8787 6
    endloop
  endfacet
  facet normal -0.896455 -0.443134 -3.80866e-19
    outer loop
      vertex 269.402 76.5 6
      vertex 269.228 76.852 9.7
      vertex 269.228 76.852 6
    endloop
  endfacet
  facet normal -0.896455 -0.443134 -3.80866e-19
    outer loop
      vertex 269.228 76.852 9.7
      vertex 269.402 76.5 6
      vertex 269.402 76.5 9.7
    endloop
  endfacet
  facet normal -0.0654208 -0.997858 0
    outer loop
      vertex 271.608 75.0257 6
      vertex 272 75 9.7
      vertex 271.608 75.0257 9.7
    endloop
  endfacet
  facet normal -0.0654208 -0.997858 -0
    outer loop
      vertex 272 75 9.7
      vertex 271.608 75.0257 6
      vertex 272 75 6
    endloop
  endfacet
  facet normal 0.751471 0.659766 -1.01201e-18
    outer loop
      vertex 274.38 79.8263 9.7
      vertex 274.121 80.1213 6
      vertex 274.121 80.1213 9.7
    endloop
  endfacet
  facet normal 0.751471 0.659766 -1.01201e-18
    outer loop
      vertex 274.121 80.1213 6
      vertex 274.38 79.8263 9.7
      vertex 274.38 79.8263 6
    endloop
  endfacet
  facet normal -0.555877 0.831265 0
    outer loop
      vertex 270.5 80.5981 6
      vertex 270.174 80.3801 9.7
      vertex 270.5 80.5981 9.7
    endloop
  endfacet
  facet normal -0.555877 0.831265 0
    outer loop
      vertex 270.174 80.3801 9.7
      vertex 270.5 80.5981 6
      vertex 270.174 80.3801 6
    endloop
  endfacet
  facet normal 0 0 1
    outer loop
      vertex 274.974 78.3916 9.7
      vertex 274.974 77.6084 9.7
      vertex 275 78 9.7
    endloop
  endfacet
  facet normal 0 0 1
    outer loop
      vertex 274.898 78.7765 9.7
      vertex 274.974 77.6084 9.7
      vertex 274.974 78.3916 9.7
    endloop
  endfacet
  facet normal 0 0 1
    outer loop
      vertex 274.898 78.7765 9.7
      vertex 274.898 77.2235 9.7
      vertex 274.974 77.6084 9.7
    endloop
  endfacet
  facet normal 0 0 1
    outer loop
      vertex 274.772 79.148 9.7
      vertex 274.898 77.2235 9.7
      vertex 274.898 78.7765 9.7
    endloop
  endfacet
  facet normal 0 0 1
    outer loop
      vertex 274.772 79.148 9.7
      vertex 274.772 76.852 9.7
      vertex 274.898 77.2235 9.7
    endloop
  endfacet
  facet normal 0 0 1
    outer loop
      vertex 274.598 79.5 9.7
      vertex 274.772 76.852 9.7
      vertex 274.772 79.148 9.7
    endloop
  endfacet
  facet normal 0 0 1
    outer loop
      vertex 274.598 79.5 9.7
      vertex 274.598 76.5 9.7
      vertex 274.772 76.852 9.7
    endloop
  endfacet
  facet normal 0 0 1
    outer loop
      vertex 274.38 79.8263 9.7
      vertex 274.598 76.5 9.7
      vertex 274.598 79.5 9.7
    endloop
  endfacet
  facet normal 0 0 1
    outer loop
      vertex 274.38 79.8263 9.7
      vertex 274.38 76.1737 9.7
      vertex 274.598 76.5 9.7
    endloop
  endfacet
  facet normal 0 0 1
    outer loop
      vertex 274.121 80.1213 9.7
      vertex 274.38 76.1737 9.7
      vertex 274.38 79.8263 9.7
    endloop
  endfacet
  facet normal 0 0 1
    outer loop
      vertex 274.121 80.1213 9.7
      vertex 274.121 75.8787 9.7
      vertex 274.38 76.1737 9.7
    endloop
  endfacet
  facet normal 0 0 1
    outer loop
      vertex 273.826 80.3801 9.7
      vertex 274.121 75.8787 9.7
      vertex 274.121 80.1213 9.7
    endloop
  endfacet
  facet normal 0 0 1
    outer loop
      vertex 273.826 80.3801 9.7
      vertex 273.826 75.6199 9.7
      vertex 274.121 75.8787 9.7
    endloop
  endfacet
  facet normal 0 0 1
    outer loop
      vertex 273.5 80.5981 9.7
      vertex 273.826 75.6199 9.7
      vertex 273.826 80.3801 9.7
    endloop
  endfacet
  facet normal 0 0 1
    outer loop
      vertex 273.5 80.5981 9.7
      vertex 273.5 75.4019 9.7
      vertex 273.826 75.6199 9.7
    endloop
  endfacet
  facet normal 0 0 1
    outer loop
      vertex 273.148 80.7716 9.7
      vertex 273.5 75.4019 9.7
      vertex 273.5 80.5981 9.7
    endloop
  endfacet
  facet normal 0 0 1
    outer loop
      vertex 273.148 80.7716 9.7
      vertex 273.148 75.2284 9.7
      vertex 273.5 75.4019 9.7
    endloop
  endfacet
  facet normal 0 0 1
    outer loop
      vertex 272.776 80.8978 9.7
      vertex 273.148 75.2284 9.7
      vertex 273.148 80.7716 9.7
    endloop
  endfacet
  facet normal 0 0 1
    outer loop
      vertex 272.776 80.8978 9.7
      vertex 272.776 75.1022 9.7
      vertex 273.148 75.2284 9.7
    endloop
  endfacet
  facet normal 0 0 1
    outer loop
      vertex 272.392 80.9743 9.7
      vertex 272.776 75.1022 9.7
      vertex 272.776 80.8978 9.7
    endloop
  endfacet
  facet normal 0 0 1
    outer loop
      vertex 272.392 80.9743 9.7
      vertex 272.392 75.0257 9.7
      vertex 272.776 75.1022 9.7
    endloop
  endfacet
  facet normal 0 0 1
    outer loop
      vertex 272 81 9.7
      vertex 272.392 75.0257 9.7
      vertex 272.392 80.9743 9.7
    endloop
  endfacet
  facet normal 0 0 1
    outer loop
      vertex 272 81 9.7
      vertex 272 75 9.7
      vertex 272.392 75.0257 9.7
    endloop
  endfacet
  facet normal -0 0 1
    outer loop
      vertex 271.608 80.9743 9.7
      vertex 272 75 9.7
      vertex 272 81 9.7
    endloop
  endfacet
  facet normal 0 0 1
    outer loop
      vertex 271.608 80.9743 9.7
      vertex 271.608 75.0257 9.7
      vertex 272 75 9.7
    endloop
  endfacet
  facet normal -0 0 1
    outer loop
      vertex 271.224 80.8978 9.7
      vertex 271.608 75.0257 9.7
      vertex 271.608 80.9743 9.7
    endloop
  endfacet
  facet normal 0 0 1
    outer loop
      vertex 271.224 80.8978 9.7
      vertex 271.224 75.1022 9.7
      vertex 271.608 75.0257 9.7
    endloop
  endfacet
  facet normal -0 0 1
    outer loop
      vertex 270.852 80.7716 9.7
      vertex 271.224 75.1022 9.7
      vertex 271.224 80.8978 9.7
    endloop
  endfacet
  facet normal 0 0 1
    outer loop
      vertex 270.852 80.7716 9.7
      vertex 270.852 75.2284 9.7
      vertex 271.224 75.1022 9.7
    endloop
  endfacet
  facet normal -0 0 1
    outer loop
      vertex 270.5 80.5981 9.7
      vertex 270.852 75.2284 9.7
      vertex 270.852 80.7716 9.7
    endloop
  endfacet
  facet normal 0 0 1
    outer loop
      vertex 270.5 80.5981 9.7
      vertex 270.5 75.4019 9.7
      vertex 270.852 75.2284 9.7
    endloop
  endfacet
  facet normal -0 0 1
    outer loop
      vertex 270.174 80.3801 9.7
      vertex 270.5 75.4019 9.7
      vertex 270.5 80.5981 9.7
    endloop
  endfacet
  facet normal 0 0 1
    outer loop
      vertex 270.174 80.3801 9.7
      vertex 270.174 75.6199 9.7
      vertex 270.5 75.4019 9.7
    endloop
  endfacet
  facet normal -0 0 1
    outer loop
      vertex 269.879 80.1213 9.7
      vertex 270.174 75.6199 9.7
      vertex 270.174 80.3801 9.7
    endloop
  endfacet
  facet normal 0 0 1
    outer loop
      vertex 269.879 80.1213 9.7
      vertex 269.879 75.8787 9.7
      vertex 270.174 75.6199 9.7
    endloop
  endfacet
  facet normal -0 0 1
    outer loop
      vertex 269.62 79.8263 9.7
      vertex 269.879 75.8787 9.7
      vertex 269.879 80.1213 9.7
    endloop
  endfacet
  facet normal 0 0 1
    outer loop
      vertex 269.62 79.8263 9.7
      vertex 269.62 76.1737 9.7
      vertex 269.879 75.8787 9.7
    endloop
  endfacet
  facet normal -0 0 1
    outer loop
      vertex 269.402 79.5 9.7
      vertex 269.62 76.1737 9.7
      vertex 269.62 79.8263 9.7
    endloop
  endfacet
  facet normal 0 0 1
    outer loop
      vertex 269.402 79.5 9.7
      vertex 269.402 76.5 9.7
      vertex 269.62 76.1737 9.7
    endloop
  endfacet
  facet normal -0 0 1
    outer loop
      vertex 269.228 79.148 9.7
      vertex 269.402 76.5 9.7
      vertex 269.402 79.5 9.7
    endloop
  endfacet
  facet normal 0 0 1
    outer loop
      vertex 269.228 79.148 9.7
      vertex 269.228 76.852 9.7
      vertex 269.402 76.5 9.7
    endloop
  endfacet
  facet normal -0 0 1
    outer loop
      vertex 269.102 78.7765 9.7
      vertex 269.228 76.852 9.7
      vertex 269.228 79.148 9.7
    endloop
  endfacet
  facet normal 0 0 1
    outer loop
      vertex 269.102 78.7765 9.7
      vertex 269.102 77.2235 9.7
      vertex 269.228 76.852 9.7
    endloop
  endfacet
  facet normal -0 0 1
    outer loop
      vertex 269.026 78.3916 9.7
      vertex 269.102 77.2235 9.7
      vertex 269.102 78.7765 9.7
    endloop
  endfacet
  facet normal 0 0 1
    outer loop
      vertex 269.026 78.3916 9.7
      vertex 269.026 77.6084 9.7
      vertex 269.102 77.2235 9.7
    endloop
  endfacet
  facet normal 0 -0 1
    outer loop
      vertex 269.026 77.6084 9.7
      vertex 269.026 78.3916 9.7
      vertex 269 78 9.7
    endloop
  endfacet
  facet normal 0.321264 -0.94699 0
    outer loop
      vertex 272.776 75.1022 6
      vertex 273.148 75.2284 9.7
      vertex 272.776 75.1022 9.7
    endloop
  endfacet
  facet normal 0.321264 -0.94699 0
    outer loop
      vertex 273.148 75.2284 9.7
      vertex 272.776 75.1022 6
      vertex 273.148 75.2284 6
    endloop
  endfacet
  facet normal 0.44211 -0.896961 0
    outer loop
      vertex 273.148 75.2284 6
      vertex 273.5 75.4019 9.7
      vertex 273.148 75.2284 9.7
    endloop
  endfacet
  facet normal 0.44211 -0.896961 0
    outer loop
      vertex 273.5 75.4019 9.7
      vertex 273.148 75.2284 6
      vertex 273.5 75.4019 6
    endloop
  endfacet
  facet normal -0.195379 -0.980728 0
    outer loop
      vertex 271.224 75.1022 6
      vertex 271.608 75.0257 9.7
      vertex 271.224 75.1022 9.7
    endloop
  endfacet
  facet normal -0.195379 -0.980728 -0
    outer loop
      vertex 271.608 75.0257 9.7
      vertex 271.224 75.1022 6
      vertex 271.608 75.0257 6
    endloop
  endfacet
  facet normal 0.195379 0.980728 -0
    outer loop
      vertex 272.776 80.8978 6
      vertex 272.392 80.9743 9.7
      vertex 272.776 80.8978 9.7
    endloop
  endfacet
  facet normal 0.195379 0.980728 0
    outer loop
      vertex 272.392 80.9743 9.7
      vertex 272.776 80.8978 6
      vertex 272.392 80.9743 6
    endloop
  endfacet
  facet normal -0.44211 -0.896961 0
    outer loop
      vertex 270.5 75.4019 6
      vertex 270.852 75.2284 9.7
      vertex 270.5 75.4019 9.7
    endloop
  endfacet
  facet normal -0.44211 -0.896961 -0
    outer loop
      vertex 270.852 75.2284 9.7
      vertex 270.5 75.4019 6
      vertex 270.852 75.2284 6
    endloop
  endfacet
  facet normal -0.831501 -0.555523 9.58302e-19
    outer loop
      vertex 269.62 76.1737 6
      vertex 269.402 76.5 9.7
      vertex 269.402 76.5 6
    endloop
  endfacet
  facet normal -0.831501 -0.555523 9.58302e-19
    outer loop
      vertex 269.402 76.5 9.7
      vertex 269.62 76.1737 6
      vertex 269.62 76.1737 9.7
    endloop
  endfacet
  facet normal -0.947013 0.321194 1.91011e-18
    outer loop
      vertex 269.102 78.7765 6
      vertex 269.228 79.148 9.7
      vertex 269.228 79.148 6
    endloop
  endfacet
  facet normal -0.947013 0.321194 1.91011e-18
    outer loop
      vertex 269.228 79.148 9.7
      vertex 269.102 78.7765 6
      vertex 269.102 78.7765 9.7
    endloop
  endfacet
  facet normal 0.321144 -0.94703 0
    outer loop
      vertex 283.035 0.136292 0
      vertex 283.531 0.304489 6
      vertex 283.035 0.136292 6
    endloop
  endfacet
  facet normal 0.321144 -0.94703 0
    outer loop
      vertex 283.531 0.304489 6
      vertex 283.035 0.136292 0
      vertex 283.531 0.304489 0
    endloop
  endfacet
  facet normal 0 -1 0
    outer loop
      vertex 213.5 0 2.5
      vertex 213.5 0 0
      vertex 223.5 0 2.5
    endloop
  endfacet
  facet normal 0 -1 0
    outer loop
      vertex 223.5 0 2.5
      vertex 282 0 6
      vertex 223.5 0 6
    endloop
  endfacet
  facet normal 0 -1 0
    outer loop
      vertex 282 0 0
      vertex 223.5 0 2.5
      vertex 213.5 0 0
    endloop
  endfacet
  facet normal 0 -1 0
    outer loop
      vertex 223.5 0 2.5
      vertex 282 0 0
      vertex 282 0 6
    endloop
  endfacet
  facet normal 0.195135 -0.980776 0
    outer loop
      vertex 282.522 0.0342255 0
      vertex 283.035 0.136292 6
      vertex 282.522 0.0342255 6
    endloop
  endfacet
  facet normal 0.195135 -0.980776 0
    outer loop
      vertex 283.035 0.136292 6
      vertex 282.522 0.0342255 0
      vertex 283.035 0.136292 0
    endloop
  endfacet
  facet normal 0.0654256 -0.997857 0
    outer loop
      vertex 282 0 0
      vertex 282.522 0.0342255 6
      vertex 282 0 6
    endloop
  endfacet
  facet normal 0.0654256 -0.997857 0
    outer loop
      vertex 282.522 0.0342255 6
      vertex 282 0 0
      vertex 282.522 0.0342255 0
    endloop
  endfacet
  facet normal 0.831191 -0.555987 -2.52659e-18
    outer loop
      vertex 285.173 1.56496 6
      vertex 285.464 2 0
      vertex 285.464 2 6
    endloop
  endfacet
  facet normal 0.831191 -0.555987 -2.52659e-18
    outer loop
      vertex 285.464 2 0
      vertex 285.173 1.56496 6
      vertex 285.173 1.56496 0
    endloop
  endfacet
  facet normal 0.751834 -0.659353 -2.13857e-18
    outer loop
      vertex 284.828 1.17157 6
      vertex 285.173 1.56496 0
      vertex 285.173 1.56496 6
    endloop
  endfacet
  facet normal 0.751834 -0.659353 -2.13857e-18
    outer loop
      vertex 285.173 1.56496 0
      vertex 284.828 1.17157 6
      vertex 284.828 1.17157 0
    endloop
  endfacet
  facet normal 0.946454 -0.322839 1.42091e-18
    outer loop
      vertex 285.695 2.46927 6
      vertex 285.864 2.96472 0
      vertex 285.864 2.96472 6
    endloop
  endfacet
  facet normal 0.946454 -0.322839 1.42091e-18
    outer loop
      vertex 285.864 2.96472 0
      vertex 285.695 2.46927 6
      vertex 285.695 2.46927 0
    endloop
  endfacet
  facet normal 0.980813 -0.194951 7.97384e-19
    outer loop
      vertex 285.864 2.96472 6
      vertex 285.966 3.47789 0
      vertex 285.966 3.47789 6
    endloop
  endfacet
  facet normal 0.980813 -0.194951 7.97384e-19
    outer loop
      vertex 285.966 3.47789 0
      vertex 285.864 2.96472 6
      vertex 285.864 2.96472 0
    endloop
  endfacet
  facet normal 0.89719 -0.441645 1.18304e-18
    outer loop
      vertex 285.464 2 6
      vertex 285.695 2.46927 0
      vertex 285.695 2.46927 6
    endloop
  endfacet
  facet normal 0.89719 -0.441645 1.18304e-18
    outer loop
      vertex 285.695 2.46927 0
      vertex 285.464 2 6
      vertex 285.464 2 0
    endloop
  endfacet
  facet normal 0.5556 -0.83145 0
    outer loop
      vertex 284 0.535904 0
      vertex 284.435 0.826584 6
      vertex 284 0.535904 6
    endloop
  endfacet
  facet normal 0.5556 -0.83145 0
    outer loop
      vertex 284.435 0.826584 6
      vertex 284 0.535904 0
      vertex 284.435 0.826584 0
    endloop
  endfacet
  facet normal 0.659707 -0.751523 0
    outer loop
      vertex 284.435 0.826584 0
      vertex 284.828 1.17157 6
      vertex 284.435 0.826584 6
    endloop
  endfacet
  facet normal 0.659707 -0.751523 0
    outer loop
      vertex 284.828 1.17157 6
      vertex 284.435 0.826584 0
      vertex 284.828 1.17157 0
    endloop
  endfacet
  facet normal 0 0 -1
    outer loop
      vertex 282 0 0
      vertex 286 4 0
      vertex 285.966 3.47789 0
    endloop
  endfacet
  facet normal 0 0 -1
    outer loop
      vertex 282 0 0
      vertex 285.966 3.47789 0
      vertex 285.864 2.96472 0
    endloop
  endfacet
  facet normal 0 0 -1
    outer loop
      vertex 282 0 0
      vertex 285.864 2.96472 0
      vertex 285.695 2.46927 0
    endloop
  endfacet
  facet normal 0 0 -1
    outer loop
      vertex 282 0 0
      vertex 285.695 2.46927 0
      vertex 285.464 2 0
    endloop
  endfacet
  facet normal 0 0 -1
    outer loop
      vertex 282 0 0
      vertex 285.464 2 0
      vertex 285.173 1.56496 0
    endloop
  endfacet
  facet normal 0 0 -1
    outer loop
      vertex 282 0 0
      vertex 285.173 1.56496 0
      vertex 284.828 1.17157 0
    endloop
  endfacet
  facet normal 0 0 -1
    outer loop
      vertex 282 0 0
      vertex 284.828 1.17157 0
      vertex 284.435 0.826584 0
    endloop
  endfacet
  facet normal 0 0 -1
    outer loop
      vertex 282 0 0
      vertex 284.435 0.826584 0
      vertex 284 0.535904 0
    endloop
  endfacet
  facet normal 0 0 -1
    outer loop
      vertex 282 0 0
      vertex 284 0.535904 0
      vertex 283.531 0.304489 0
    endloop
  endfacet
  facet normal 0 0 -1
    outer loop
      vertex 282 0 0
      vertex 283.531 0.304489 0
      vertex 283.035 0.136292 0
    endloop
  endfacet
  facet normal 0 0 -1
    outer loop
      vertex 282 0 0
      vertex 283.035 0.136292 0
      vertex 282.522 0.0342255 0
    endloop
  endfacet
  facet normal 0 0 -1
    outer loop
      vertex 286 4 0
      vertex 282 0 0
      vertex 223.5 3 0
    endloop
  endfacet
  facet normal 0 0 -1
    outer loop
      vertex 286 4 0
      vertex 256 90 0
      vertex 286 90 0
    endloop
  endfacet
  facet normal -0 0 -1
    outer loop
      vertex 286 4 0
      vertex 223.5 3 0
      vertex 256 90 0
    endloop
  endfacet
  facet normal 0 0 -1
    outer loop
      vertex 213.5 0 0
      vertex 223.5 3 0
      vertex 282 0 0
    endloop
  endfacet
  facet normal -0 0 -1
    outer loop
      vertex 223.5 3 0
      vertex 213.5 0 0
      vertex 213.5 3 0
    endloop
  endfacet
  facet normal -0 0 -1
    outer loop
      vertex 256 90 0
      vertex 223.5 3 0
      vertex 223.5 90 0
    endloop
  endfacet
  facet normal 0.997886 -0.0649827 3.8456e-19
    outer loop
      vertex 285.966 3.47789 6
      vertex 286 4 0
      vertex 286 4 6
    endloop
  endfacet
  facet normal 0.997886 -0.0649827 3.8456e-19
    outer loop
      vertex 286 4 0
      vertex 285.966 3.47789 6
      vertex 285.966 3.47789 0
    endloop
  endfacet
  facet normal 0.442488 -0.896774 0
    outer loop
      vertex 283.531 0.304489 0
      vertex 284 0.535904 6
      vertex 283.531 0.304489 6
    endloop
  endfacet
  facet normal 0.442488 -0.896774 0
    outer loop
      vertex 284 0.535904 6
      vertex 283.531 0.304489 0
      vertex 284 0.535904 0
    endloop
  endfacet
  facet normal -1 0 0
    outer loop
      vertex 223.5 3 2.5
      vertex 223.5 90 0
      vertex 223.5 3 0
    endloop
  endfacet
  facet normal -1 0 0
    outer loop
      vertex 223.5 90 0
      vertex 223.5 3 2.5
      vertex 223.5 90 6
    endloop
  endfacet
  facet normal -1 0 0
    outer loop
      vertex 223.5 0 6
      vertex 223.5 3 2.5
      vertex 223.5 0 2.5
    endloop
  endfacet
  facet normal -1 0 0
    outer loop
      vertex 223.5 3 2.5
      vertex 223.5 0 6
      vertex 223.5 90 6
    endloop
  endfacet
  facet normal -0 0 1
    outer loop
      vertex 213.5 3 2.5
      vertex 223.5 0 2.5
      vertex 223.5 3 2.5
    endloop
  endfacet
  facet normal 0 0 1
    outer loop
      vertex 223.5 0 2.5
      vertex 213.5 3 2.5
      vertex 213.5 0 2.5
    endloop
  endfacet
  facet normal -1 0 0
    outer loop
      vertex 213.5 0 0
      vertex 213.5 3 2.5
      vertex 213.5 3 0
    endloop
  endfacet
  facet normal -1 -0 0
    outer loop
      vertex 213.5 3 2.5
      vertex 213.5 0 0
      vertex 213.5 0 2.5
    endloop
  endfacet
  facet normal 0 1 -0
    outer loop
      vertex 223.5 3 0
      vertex 213.5 3 2.5
      vertex 223.5 3 2.5
    endloop
  endfacet
  facet normal 0 1 0
    outer loop
      vertex 213.5 3 2.5
      vertex 223.5 3 0
      vertex 213.5 3 0
    endloop
  endfacet
  facet normal 0 1 0
    outer loop
      vertex 286 90 6
      vertex 256 90 4
      vertex 223.5 90 6
    endloop
  endfacet
  facet normal 0 1 0
    outer loop
      vertex 286 90 6
      vertex 256.261 90 3.98289
      vertex 256 90 4
    endloop
  endfacet
  facet normal 0 1 0
    outer loop
      vertex 286 90 6
      vertex 256.518 90 3.93185
      vertex 256.261 90 3.98289
    endloop
  endfacet
  facet normal 0 1 0
    outer loop
      vertex 286 90 6
      vertex 256.765 90 3.84776
      vertex 256.518 90 3.93185
    endloop
  endfacet
  facet normal 0 1 0
    outer loop
      vertex 286 90 6
      vertex 257 90 3.73205
      vertex 256.765 90 3.84776
    endloop
  endfacet
  facet normal 0 1 0
    outer loop
      vertex 286 90 6
      vertex 257.218 90 3.58671
      vertex 257 90 3.73205
    endloop
  endfacet
  facet normal 0 1 0
    outer loop
      vertex 286 90 6
      vertex 257.414 90 3.41421
      vertex 257.218 90 3.58671
    endloop
  endfacet
  facet normal 0 1 0
    outer loop
      vertex 286 90 6
      vertex 257.587 90 3.21752
      vertex 257.414 90 3.41421
    endloop
  endfacet
  facet normal 0 1 0
    outer loop
      vertex 286 90 6
      vertex 257.732 90 3
      vertex 257.587 90 3.21752
    endloop
  endfacet
  facet normal 0 1 0
    outer loop
      vertex 286 90 6
      vertex 257.848 90 2.76537
      vertex 257.732 90 3
    endloop
  endfacet
  facet normal 0 1 0
    outer loop
      vertex 286 90 6
      vertex 257.932 90 2.51764
      vertex 257.848 90 2.76537
    endloop
  endfacet
  facet normal 0 1 0
    outer loop
      vertex 286 90 6
      vertex 257.983 90 2.26105
      vertex 257.932 90 2.51764
    endloop
  endfacet
  facet normal 0 1 0
    outer loop
      vertex 286 90 6
      vertex 258 90 2
      vertex 257.983 90 2.26105
    endloop
  endfacet
  facet normal 0 1 -0
    outer loop
      vertex 286 90 0
      vertex 258 90 2
      vertex 286 90 6
    endloop
  endfacet
  facet normal 0 1 0
    outer loop
      vertex 258 90 2
      vertex 286 90 0
      vertex 257.983 90 1.73895
    endloop
  endfacet
  facet normal 0 1 0
    outer loop
      vertex 257.983 90 1.73895
      vertex 286 90 0
      vertex 257.932 90 1.48236
    endloop
  endfacet
  facet normal 0 1 0
    outer loop
      vertex 257.932 90 1.48236
      vertex 286 90 0
      vertex 257.848 90 1.23463
    endloop
  endfacet
  facet normal 0 1 0
    outer loop
      vertex 257.848 90 1.23463
      vertex 286 90 0
      vertex 257.732 90 1
    endloop
  endfacet
  facet normal 0 1 0
    outer loop
      vertex 257.732 90 1
      vertex 286 90 0
      vertex 257.587 90 0.782476
    endloop
  endfacet
  facet normal 0 1 0
    outer loop
      vertex 257.587 90 0.782476
      vertex 286 90 0
      vertex 257.414 90 0.585786
    endloop
  endfacet
  facet normal 0 1 0
    outer loop
      vertex 257.414 90 0.585786
      vertex 286 90 0
      vertex 257.218 90 0.413293
    endloop
  endfacet
  facet normal 0 1 0
    outer loop
      vertex 257.218 90 0.413293
      vertex 286 90 0
      vertex 257 90 0.267949
    endloop
  endfacet
  facet normal 0 1 0
    outer loop
      vertex 257 90 0.267949
      vertex 286 90 0
      vertex 256.765 90 0.152241
    endloop
  endfacet
  facet normal 0 1 0
    outer loop
      vertex 256.765 90 0.152241
      vertex 286 90 0
      vertex 256.518 90 0.0681477
    endloop
  endfacet
  facet normal 0 1 0
    outer loop
      vertex 286 90 0
      vertex 256.261 90 0.0171099
      vertex 256.518 90 0.0681477
    endloop
  endfacet
  facet normal 0 1 0
    outer loop
      vertex 256.261 90 0.0171099
      vertex 286 90 0
      vertex 256 90 0
    endloop
  endfacet
  facet normal 0 1 -0
    outer loop
      vertex 255.739 90 3.98289
      vertex 223.5 90 6
      vertex 256 90 4
    endloop
  endfacet
  facet normal 0 1 -0
    outer loop
      vertex 255.482 90 3.93185
      vertex 223.5 90 6
      vertex 255.739 90 3.98289
    endloop
  endfacet
  facet normal 0 1 -0
    outer loop
      vertex 255.235 90 3.84776
      vertex 223.5 90 6
      vertex 255.482 90 3.93185
    endloop
  endfacet
  facet normal 0 1 -0
    outer loop
      vertex 255 90 3.73205
      vertex 223.5 90 6
      vertex 255.235 90 3.84776
    endloop
  endfacet
  facet normal 0 1 -0
    outer loop
      vertex 254.782 90 3.58671
      vertex 223.5 90 6
      vertex 255 90 3.73205
    endloop
  endfacet
  facet normal 0 1 -0
    outer loop
      vertex 254.586 90 3.41421
      vertex 223.5 90 6
      vertex 254.782 90 3.58671
    endloop
  endfacet
  facet normal 0 1 -0
    outer loop
      vertex 254.413 90 3.21752
      vertex 223.5 90 6
      vertex 254.586 90 3.41421
    endloop
  endfacet
  facet normal 0 1 -0
    outer loop
      vertex 254.268 90 3
      vertex 223.5 90 6
      vertex 254.413 90 3.21752
    endloop
  endfacet
  facet normal 0 1 -0
    outer loop
      vertex 254.152 90 2.76537
      vertex 223.5 90 6
      vertex 254.268 90 3
    endloop
  endfacet
  facet normal 0 1 -0
    outer loop
      vertex 254.068 90 2.51764
      vertex 223.5 90 6
      vertex 254.152 90 2.76537
    endloop
  endfacet
  facet normal 0 1 -0
    outer loop
      vertex 254.017 90 2.26105
      vertex 223.5 90 6
      vertex 254.068 90 2.51764
    endloop
  endfacet
  facet normal 0 1 -0
    outer loop
      vertex 254 90 2
      vertex 223.5 90 6
      vertex 254.017 90 2.26105
    endloop
  endfacet
  facet normal 0 1 0
    outer loop
      vertex 223.5 90 0
      vertex 254 90 2
      vertex 254.017 90 1.73895
    endloop
  endfacet
  facet normal 0 1 0
    outer loop
      vertex 223.5 90 0
      vertex 254.017 90 1.73895
      vertex 254.068 90 1.48236
    endloop
  endfacet
  facet normal 0 1 0
    outer loop
      vertex 223.5 90 0
      vertex 254.068 90 1.48236
      vertex 254.152 90 1.23463
    endloop
  endfacet
  facet normal 0 1 0
    outer loop
      vertex 223.5 90 0
      vertex 254.152 90 1.23463
      vertex 254.268 90 1
    endloop
  endfacet
  facet normal 0 1 0
    outer loop
      vertex 223.5 90 0
      vertex 254.268 90 1
      vertex 254.413 90 0.782476
    endloop
  endfacet
  facet normal 0 1 0
    outer loop
      vertex 223.5 90 0
      vertex 254.413 90 0.782476
      vertex 254.586 90 0.585786
    endloop
  endfacet
  facet normal 0 1 0
    outer loop
      vertex 223.5 90 0
      vertex 254.586 90 0.585786
      vertex 254.782 90 0.413293
    endloop
  endfacet
  facet normal 0 1 0
    outer loop
      vertex 223.5 90 0
      vertex 254.782 90 0.413293
      vertex 255 90 0.267949
    endloop
  endfacet
  facet normal 0 1 0
    outer loop
      vertex 223.5 90 0
      vertex 255 90 0.267949
      vertex 255.235 90 0.152241
    endloop
  endfacet
  facet normal 0 1 0
    outer loop
      vertex 223.5 90 0
      vertex 255.235 90 0.152241
      vertex 255.482 90 0.0681477
    endloop
  endfacet
  facet normal 0 1 0
    outer loop
      vertex 223.5 90 0
      vertex 255.482 90 0.0681477
      vertex 255.739 90 0.0171099
    endloop
  endfacet
  facet normal 0 1 0
    outer loop
      vertex 254 90 2
      vertex 223.5 90 0
      vertex 223.5 90 6
    endloop
  endfacet
  facet normal 0 1 0
    outer loop
      vertex 223.5 90 0
      vertex 255.739 90 0.0171099
      vertex 256 90 0
    endloop
  endfacet
  facet normal 0.980814 0 -0.194947
    outer loop
      vertex 257.983 90 1.73895
      vertex 257.932 92 1.48236
      vertex 257.983 92 1.73895
    endloop
  endfacet
  facet normal 0.980814 0 -0.194947
    outer loop
      vertex 257.932 92 1.48236
      vertex 257.983 90 1.73895
      vertex 257.932 90 1.48236
    endloop
  endfacet
  facet normal 0.997886 0 -0.064984
    outer loop
      vertex 258 90 2
      vertex 257.983 92 1.73895
      vertex 258 92 2
    endloop
  endfacet
  facet normal 0.997886 0 -0.064984
    outer loop
      vertex 257.983 92 1.73895
      vertex 258 90 2
      vertex 257.983 90 1.73895
    endloop
  endfacet
  facet normal 0.980814 -0 0.194947
    outer loop
      vertex 257.932 90 2.51764
      vertex 257.983 92 2.26105
      vertex 257.932 92 2.51764
    endloop
  endfacet
  facet normal 0.980814 0 0.194947
    outer loop
      vertex 257.983 92 2.26105
      vertex 257.932 90 2.51764
      vertex 257.983 90 2.26105
    endloop
  endfacet
  facet normal -0.660656 -3.95647e-18 -0.750689
    outer loop
      vertex 254.586 90 0.585786
      vertex 254.782 92 0.413293
      vertex 254.782 90 0.413293
    endloop
  endfacet
  facet normal -0.660656 -3.95647e-18 -0.750689
    outer loop
      vertex 254.782 92 0.413293
      vertex 254.586 90 0.585786
      vertex 254.586 92 0.585786
    endloop
  endfacet
  facet normal 0.441732 1.48142e-19 -0.897147
    outer loop
      vertex 256.765 90 0.152241
      vertex 257 92 0.267949
      vertex 257 90 0.267949
    endloop
  endfacet
  facet normal 0.441732 1.48142e-19 -0.897147
    outer loop
      vertex 257 92 0.267949
      vertex 256.765 90 0.152241
      vertex 256.765 92 0.152241
    endloop
  endfacet
  facet normal 0.660671 -1.16508e-18 0.750676
    outer loop
      vertex 257.218 92 3.58671
      vertex 257.414 90 3.41421
      vertex 257.414 92 3.41421
    endloop
  endfacet
  facet normal 0.660671 -1.16508e-18 0.750676
    outer loop
      vertex 257.414 90 3.41421
      vertex 257.218 92 3.58671
      vertex 257.218 90 3.58671
    endloop
  endfacet
  facet normal -0.980814 0 0.194947
    outer loop
      vertex 254.017 90 2.26105
      vertex 254.068 92 2.51764
      vertex 254.017 92 2.26105
    endloop
  endfacet
  facet normal -0.980814 0 0.194947
    outer loop
      vertex 254.068 92 2.51764
      vertex 254.017 90 2.26105
      vertex 254.068 90 2.51764
    endloop
  endfacet
  facet normal 0.194795 8.62639e-19 0.980844
    outer loop
      vertex 256.261 92 3.98289
      vertex 256.518 90 3.93185
      vertex 256.518 92 3.93185
    endloop
  endfacet
  facet normal 0.194795 8.62639e-19 0.980844
    outer loop
      vertex 256.518 90 3.93185
      vertex 256.261 92 3.98289
      vertex 256.261 90 3.98289
    endloop
  endfacet
  facet normal -0.997886 0 0.064984
    outer loop
      vertex 254 90 2
      vertex 254.017 92 2.26105
      vertex 254 92 2
    endloop
  endfacet
  facet normal -0.997886 0 0.064984
    outer loop
      vertex 254.017 92 2.26105
      vertex 254 90 2
      vertex 254.017 90 2.26105
    endloop
  endfacet
  facet normal 0.947038 0 -0.321121
    outer loop
      vertex 257.932 90 1.48236
      vertex 257.848 92 1.23463
      vertex 257.932 92 1.48236
    endloop
  endfacet
  facet normal 0.947038 0 -0.321121
    outer loop
      vertex 257.848 92 1.23463
      vertex 257.932 90 1.48236
      vertex 257.848 90 1.23463
    endloop
  endfacet
  facet normal -0.441732 -1.48142e-19 -0.897147
    outer loop
      vertex 255 90 0.267949
      vertex 255.235 92 0.152241
      vertex 255.235 90 0.152241
    endloop
  endfacet
  facet normal -0.441732 -1.48142e-19 -0.897147
    outer loop
      vertex 255.235 92 0.152241
      vertex 255 90 0.267949
      vertex 255 92 0.267949
    endloop
  endfacet
  facet normal -0.554728 3.22717e-18 -0.832032
    outer loop
      vertex 254.782 90 0.413293
      vertex 255 92 0.267949
      vertex 255 90 0.267949
    endloop
  endfacet
  facet normal -0.554728 3.22717e-18 -0.832032
    outer loop
      vertex 255 92 0.267949
      vertex 254.782 90 0.413293
      vertex 254.782 92 0.413293
    endloop
  endfacet
  facet normal 0.832074 -0 0.554665
    outer loop
      vertex 257.587 90 3.21752
      vertex 257.732 92 3
      vertex 257.587 92 3.21752
    endloop
  endfacet
  facet normal 0.832074 0 0.554665
    outer loop
      vertex 257.732 92 3
      vertex 257.587 90 3.21752
      vertex 257.732 90 3
    endloop
  endfacet
  facet normal -0.322292 2.72403e-18 -0.94664
    outer loop
      vertex 255.235 90 0.152241
      vertex 255.482 92 0.0681477
      vertex 255.482 90 0.0681477
    endloop
  endfacet
  facet normal -0.322292 2.72403e-18 -0.94664
    outer loop
      vertex 255.482 92 0.0681477
      vertex 255.235 90 0.152241
      vertex 255.235 92 0.152241
    endloop
  endfacet
  facet normal -0.947038 0 0.321121
    outer loop
      vertex 254.068 90 2.51764
      vertex 254.152 92 2.76537
      vertex 254.068 92 2.51764
    endloop
  endfacet
  facet normal -0.947038 0 0.321121
    outer loop
      vertex 254.152 92 2.76537
      vertex 254.068 90 2.51764
      vertex 254.152 90 2.76537
    endloop
  endfacet
  facet normal 0.896428 0 -0.44319
    outer loop
      vertex 257.848 90 1.23463
      vertex 257.732 92 1
      vertex 257.848 92 1.23463
    endloop
  endfacet
  facet normal 0.896428 0 -0.44319
    outer loop
      vertex 257.732 92 1
      vertex 257.848 90 1.23463
      vertex 257.732 90 1
    endloop
  endfacet
  facet normal -0.997886 0 -0.064984
    outer loop
      vertex 254.017 90 1.73895
      vertex 254 92 2
      vertex 254.017 92 1.73895
    endloop
  endfacet
  facet normal -0.997886 -0 -0.064984
    outer loop
      vertex 254 92 2
      vertex 254.017 90 1.73895
      vertex 254 90 2
    endloop
  endfacet
  facet normal -0.896428 0 0.44319
    outer loop
      vertex 254.152 90 2.76537
      vertex 254.268 92 3
      vertex 254.152 92 2.76537
    endloop
  endfacet
  facet normal -0.896428 0 0.44319
    outer loop
      vertex 254.268 92 3
      vertex 254.152 90 2.76537
      vertex 254.268 90 3
    endloop
  endfacet
  facet normal -0.554718 6.49441e-18 0.832039
    outer loop
      vertex 254.782 92 3.58671
      vertex 255 90 3.73205
      vertex 255 92 3.73205
    endloop
  endfacet
  facet normal -0.554718 6.49441e-18 0.832039
    outer loop
      vertex 255 90 3.73205
      vertex 254.782 92 3.58671
      vertex 254.782 90 3.58671
    endloop
  endfacet
  facet normal 0.947038 -0 0.321121
    outer loop
      vertex 257.848 90 2.76537
      vertex 257.932 92 2.51764
      vertex 257.848 92 2.76537
    endloop
  endfacet
  facet normal 0.947038 0 0.321121
    outer loop
      vertex 257.932 92 2.51764
      vertex 257.848 90 2.76537
      vertex 257.932 90 2.51764
    endloop
  endfacet
  facet normal -0.896428 0 -0.44319
    outer loop
      vertex 254.268 90 1
      vertex 254.152 92 1.23463
      vertex 254.268 92 1
    endloop
  endfacet
  facet normal -0.896428 -0 -0.44319
    outer loop
      vertex 254.152 92 1.23463
      vertex 254.268 90 1
      vertex 254.152 90 1.23463
    endloop
  endfacet
  facet normal 0.997886 -0 0.064984
    outer loop
      vertex 257.983 90 2.26105
      vertex 258 92 2
      vertex 257.983 92 2.26105
    endloop
  endfacet
  facet normal 0.997886 0 0.064984
    outer loop
      vertex 258 92 2
      vertex 257.983 90 2.26105
      vertex 258 90 2
    endloop
  endfacet
  facet normal 0.832079 0 -0.554658
    outer loop
      vertex 257.732 90 1
      vertex 257.587 92 0.782476
      vertex 257.732 92 1
    endloop
  endfacet
  facet normal 0.832079 0 -0.554658
    outer loop
      vertex 257.587 92 0.782476
      vertex 257.732 90 1
      vertex 257.587 90 0.782476
    endloop
  endfacet
  facet normal -0.947038 0 -0.321121
    outer loop
      vertex 254.152 90 1.23463
      vertex 254.068 92 1.48236
      vertex 254.152 92 1.23463
    endloop
  endfacet
  facet normal -0.947038 -0 -0.321121
    outer loop
      vertex 254.068 92 1.48236
      vertex 254.152 90 1.23463
      vertex 254.068 90 1.48236
    endloop
  endfacet
  facet normal -0.441738 -2.71369e-18 0.897144
    outer loop
      vertex 255 92 3.73205
      vertex 255.235 90 3.84776
      vertex 255.235 92 3.84776
    endloop
  endfacet
  facet normal -0.441738 -2.71369e-18 0.897144
    outer loop
      vertex 255.235 90 3.84776
      vertex 255 92 3.73205
      vertex 255 90 3.73205
    endloop
  endfacet
  facet normal 0.194787 1.55304e-18 -0.980846
    outer loop
      vertex 256.261 90 0.0171099
      vertex 256.518 92 0.0681477
      vertex 256.518 90 0.0681477
    endloop
  endfacet
  facet normal 0.194787 1.55304e-18 -0.980846
    outer loop
      vertex 256.518 92 0.0681477
      vertex 256.261 90 0.0171099
      vertex 256.261 92 0.0171099
    endloop
  endfacet
  facet normal -0.194787 4.11194e-19 -0.980846
    outer loop
      vertex 255.482 90 0.0681477
      vertex 255.739 92 0.0171099
      vertex 255.739 90 0.0171099
    endloop
  endfacet
  facet normal -0.194787 4.11194e-19 -0.980846
    outer loop
      vertex 255.739 92 0.0171099
      vertex 255.482 90 0.0681477
      vertex 255.482 92 0.0681477
    endloop
  endfacet
  facet normal 0.554728 1.12966e-18 -0.832032
    outer loop
      vertex 257 90 0.267949
      vertex 257.218 92 0.413293
      vertex 257.218 90 0.413293
    endloop
  endfacet
  facet normal 0.554728 1.12966e-18 -0.832032
    outer loop
      vertex 257.218 92 0.413293
      vertex 257 90 0.267949
      vertex 257 92 0.267949
    endloop
  endfacet
  facet normal -0.750879 0 0.66044
    outer loop
      vertex 254.413 90 3.21752
      vertex 254.586 92 3.41421
      vertex 254.413 92 3.21752
    endloop
  endfacet
  facet normal -0.750879 0 0.66044
    outer loop
      vertex 254.586 92 3.41421
      vertex 254.413 90 3.21752
      vertex 254.586 90 3.41421
    endloop
  endfacet
  facet normal -0.0654148 -6.50131e-19 -0.997858
    outer loop
      vertex 255.739 90 0.0171099
      vertex 256 92 0
      vertex 256 90 0
    endloop
  endfacet
  facet normal -0.0654148 -6.50131e-19 -0.997858
    outer loop
      vertex 256 92 0
      vertex 255.739 90 0.0171099
      vertex 255.739 92 0.0171099
    endloop
  endfacet
  facet normal 0 1 0
    outer loop
      vertex 256.261 92 3.98289
      vertex 255.739 92 3.98289
      vertex 256 92 4
    endloop
  endfacet
  facet normal 0 1 0
    outer loop
      vertex 256.518 92 3.93185
      vertex 255.739 92 3.98289
      vertex 256.261 92 3.98289
    endloop
  endfacet
  facet normal 0 1 0
    outer loop
      vertex 256.518 92 3.93185
      vertex 255.482 92 3.93185
      vertex 255.739 92 3.98289
    endloop
  endfacet
  facet normal 0 1 0
    outer loop
      vertex 256.765 92 3.84776
      vertex 255.482 92 3.93185
      vertex 256.518 92 3.93185
    endloop
  endfacet
  facet normal 0 1 0
    outer loop
      vertex 256.765 92 3.84776
      vertex 255.235 92 3.84776
      vertex 255.482 92 3.93185
    endloop
  endfacet
  facet normal 0 1 0
    outer loop
      vertex 257 92 3.73205
      vertex 255.235 92 3.84776
      vertex 256.765 92 3.84776
    endloop
  endfacet
  facet normal 0 1 0
    outer loop
      vertex 257 92 3.73205
      vertex 255 92 3.73205
      vertex 255.235 92 3.84776
    endloop
  endfacet
  facet normal 0 1 0
    outer loop
      vertex 257.218 92 3.58671
      vertex 255 92 3.73205
      vertex 257 92 3.73205
    endloop
  endfacet
  facet normal 0 1 0
    outer loop
      vertex 257.218 92 3.58671
      vertex 254.782 92 3.58671
      vertex 255 92 3.73205
    endloop
  endfacet
  facet normal 0 1 0
    outer loop
      vertex 257.414 92 3.41421
      vertex 254.782 92 3.58671
      vertex 257.218 92 3.58671
    endloop
  endfacet
  facet normal 0 1 0
    outer loop
      vertex 257.414 92 3.41421
      vertex 254.586 92 3.41421
      vertex 254.782 92 3.58671
    endloop
  endfacet
  facet normal 0 1 0
    outer loop
      vertex 257.587 92 3.21752
      vertex 254.586 92 3.41421
      vertex 257.414 92 3.41421
    endloop
  endfacet
  facet normal 0 1 0
    outer loop
      vertex 257.587 92 3.21752
      vertex 254.413 92 3.21752
      vertex 254.586 92 3.41421
    endloop
  endfacet
  facet normal 0 1 0
    outer loop
      vertex 257.732 92 3
      vertex 254.413 92 3.21752
      vertex 257.587 92 3.21752
    endloop
  endfacet
  facet normal 0 1 0
    outer loop
      vertex 257.732 92 3
      vertex 254.268 92 3
      vertex 254.413 92 3.21752
    endloop
  endfacet
  facet normal 0 1 0
    outer loop
      vertex 257.848 92 2.76537
      vertex 254.268 92 3
      vertex 257.732 92 3
    endloop
  endfacet
  facet normal 0 1 0
    outer loop
      vertex 257.848 92 2.76537
      vertex 254.152 92 2.76537
      vertex 254.268 92 3
    endloop
  endfacet
  facet normal 0 1 0
    outer loop
      vertex 257.932 92 2.51764
      vertex 254.152 92 2.76537
      vertex 257.848 92 2.76537
    endloop
  endfacet
  facet normal 0 1 0
    outer loop
      vertex 257.932 92 2.51764
      vertex 254.068 92 2.51764
      vertex 254.152 92 2.76537
    endloop
  endfacet
  facet normal 0 1 0
    outer loop
      vertex 257.983 92 2.26105
      vertex 254.068 92 2.51764
      vertex 257.932 92 2.51764
    endloop
  endfacet
  facet normal 0 1 0
    outer loop
      vertex 257.983 92 2.26105
      vertex 254.017 92 2.26105
      vertex 254.068 92 2.51764
    endloop
  endfacet
  facet normal 0 1 0
    outer loop
      vertex 258 92 2
      vertex 254.017 92 2.26105
      vertex 257.983 92 2.26105
    endloop
  endfacet
  facet normal 0 1 0
    outer loop
      vertex 258 92 2
      vertex 254 92 2
      vertex 254.017 92 2.26105
    endloop
  endfacet
  facet normal 0 1 -0
    outer loop
      vertex 257.983 92 1.73895
      vertex 254 92 2
      vertex 258 92 2
    endloop
  endfacet
  facet normal 0 1 0
    outer loop
      vertex 257.983 92 1.73895
      vertex 254.017 92 1.73895
      vertex 254 92 2
    endloop
  endfacet
  facet normal 0 1 -0
    outer loop
      vertex 257.932 92 1.48236
      vertex 254.017 92 1.73895
      vertex 257.983 92 1.73895
    endloop
  endfacet
  facet normal 0 1 0
    outer loop
      vertex 257.932 92 1.48236
      vertex 254.068 92 1.48236
      vertex 254.017 92 1.73895
    endloop
  endfacet
  facet normal 0 1 -0
    outer loop
      vertex 257.848 92 1.23463
      vertex 254.068 92 1.48236
      vertex 257.932 92 1.48236
    endloop
  endfacet
  facet normal 0 1 0
    outer loop
      vertex 257.848 92 1.23463
      vertex 254.152 92 1.23463
      vertex 254.068 92 1.48236
    endloop
  endfacet
  facet normal 0 1 -0
    outer loop
      vertex 257.732 92 1
      vertex 254.152 92 1.23463
      vertex 257.848 92 1.23463
    endloop
  endfacet
  facet normal 0 1 0
    outer loop
      vertex 257.732 92 1
      vertex 254.268 92 1
      vertex 254.152 92 1.23463
    endloop
  endfacet
  facet normal 0 1 -0
    outer loop
      vertex 257.587 92 0.782476
      vertex 254.268 92 1
      vertex 257.732 92 1
    endloop
  endfacet
  facet normal 0 1 0
    outer loop
      vertex 257.587 92 0.782476
      vertex 254.413 92 0.782476
      vertex 254.268 92 1
    endloop
  endfacet
  facet normal 0 1 -0
    outer loop
      vertex 257.414 92 0.585786
      vertex 254.413 92 0.782476
      vertex 257.587 92 0.782476
    endloop
  endfacet
  facet normal 0 1 0
    outer loop
      vertex 257.414 92 0.585786
      vertex 254.586 92 0.585786
      vertex 254.413 92 0.782476
    endloop
  endfacet
  facet normal 0 1 -0
    outer loop
      vertex 257.218 92 0.413293
      vertex 254.586 92 0.585786
      vertex 257.414 92 0.585786
    endloop
  endfacet
  facet normal 0 1 0
    outer loop
      vertex 257.218 92 0.413293
      vertex 254.782 92 0.413293
      vertex 254.586 92 0.585786
    endloop
  endfacet
  facet normal 0 1 -0
    outer loop
      vertex 257 92 0.267949
      vertex 254.782 92 0.413293
      vertex 257.218 92 0.413293
    endloop
  endfacet
  facet normal 0 1 0
    outer loop
      vertex 257 92 0.267949
      vertex 255 92 0.267949
      vertex 254.782 92 0.413293
    endloop
  endfacet
  facet normal 0 1 -0
    outer loop
      vertex 256.765 92 0.152241
      vertex 255 92 0.267949
      vertex 257 92 0.267949
    endloop
  endfacet
  facet normal 0 1 0
    outer loop
      vertex 256.765 92 0.152241
      vertex 255.235 92 0.152241
      vertex 255 92 0.267949
    endloop
  endfacet
  facet normal 0 1 -0
    outer loop
      vertex 256.518 92 0.0681477
      vertex 255.235 92 0.152241
      vertex 256.765 92 0.152241
    endloop
  endfacet
  facet normal 0 1 0
    outer loop
      vertex 256.518 92 0.0681477
      vertex 255.482 92 0.0681477
      vertex 255.235 92 0.152241
    endloop
  endfacet
  facet normal 0 1 -0
    outer loop
      vertex 256.261 92 0.0171099
      vertex 255.482 92 0.0681477
      vertex 256.518 92 0.0681477
    endloop
  endfacet
  facet normal 0 1 0
    outer loop
      vertex 256.261 92 0.0171099
      vertex 255.739 92 0.0171099
      vertex 255.482 92 0.0681477
    endloop
  endfacet
  facet normal -0 1 0
    outer loop
      vertex 255.739 92 0.0171099
      vertex 256.261 92 0.0171099
      vertex 256 92 0
    endloop
  endfacet
  facet normal 0.896428 -0 0.44319
    outer loop
      vertex 257.732 90 3
      vertex 257.848 92 2.76537
      vertex 257.732 92 3
    endloop
  endfacet
  facet normal 0.896428 0 0.44319
    outer loop
      vertex 257.848 92 2.76537
      vertex 257.732 90 3
      vertex 257.848 90 2.76537
    endloop
  endfacet
  facet normal -0.832074 0 0.554665
    outer loop
      vertex 254.268 90 3
      vertex 254.413 92 3.21752
      vertex 254.268 92 3
    endloop
  endfacet
  facet normal -0.832074 0 0.554665
    outer loop
      vertex 254.413 92 3.21752
      vertex 254.268 90 3
      vertex 254.413 90 3.21752
    endloop
  endfacet
  facet normal 0.660656 -3.10389e-18 -0.750689
    outer loop
      vertex 257.218 90 0.413293
      vertex 257.414 92 0.585786
      vertex 257.414 90 0.585786
    endloop
  endfacet
  facet normal 0.660656 -3.10389e-18 -0.750689
    outer loop
      vertex 257.414 92 0.585786
      vertex 257.218 90 0.413293
      vertex 257.218 92 0.413293
    endloop
  endfacet
  facet normal 0.441738 2.71369e-18 0.897144
    outer loop
      vertex 256.765 92 3.84776
      vertex 257 90 3.73205
      vertex 257 92 3.73205
    endloop
  endfacet
  facet normal 0.441738 2.71369e-18 0.897144
    outer loop
      vertex 257 90 3.73205
      vertex 256.765 92 3.84776
      vertex 256.765 90 3.84776
    endloop
  endfacet
  facet normal -0.0654151 -4.31745e-19 0.997858
    outer loop
      vertex 255.739 92 3.98289
      vertex 256 90 4
      vertex 256 92 4
    endloop
  endfacet
  facet normal -0.0654151 -4.31745e-19 0.997858
    outer loop
      vertex 256 90 4
      vertex 255.739 92 3.98289
      vertex 255.739 90 3.98289
    endloop
  endfacet
  facet normal 0.0654151 -6.63366e-19 0.997858
    outer loop
      vertex 256 92 4
      vertex 256.261 90 3.98289
      vertex 256.261 92 3.98289
    endloop
  endfacet
  facet normal 0.0654151 -6.63366e-19 0.997858
    outer loop
      vertex 256.261 90 3.98289
      vertex 256 92 4
      vertex 256 90 4
    endloop
  endfacet
  facet normal -0.194795 7.22067e-19 0.980844
    outer loop
      vertex 255.482 92 3.93185
      vertex 255.739 90 3.98289
      vertex 255.739 92 3.98289
    endloop
  endfacet
  facet normal -0.194795 7.22067e-19 0.980844
    outer loop
      vertex 255.739 90 3.98289
      vertex 255.482 92 3.93185
      vertex 255.482 90 3.93185
    endloop
  endfacet
  facet normal 0.750879 0 -0.66044
    outer loop
      vertex 257.587 90 0.782476
      vertex 257.414 92 0.585786
      vertex 257.587 92 0.782476
    endloop
  endfacet
  facet normal 0.750879 0 -0.66044
    outer loop
      vertex 257.414 92 0.585786
      vertex 257.587 90 0.782476
      vertex 257.414 90 0.585786
    endloop
  endfacet
  facet normal 0.0654148 8.17558e-20 -0.997858
    outer loop
      vertex 256 90 0
      vertex 256.261 92 0.0171099
      vertex 256.261 90 0.0171099
    endloop
  endfacet
  facet normal 0.0654148 8.17558e-20 -0.997858
    outer loop
      vertex 256.261 92 0.0171099
      vertex 256 90 0
      vertex 256 92 0
    endloop
  endfacet
  facet normal 0.322281 2.99726e-18 0.946644
    outer loop
      vertex 256.518 92 3.93185
      vertex 256.765 90 3.84776
      vertex 256.765 92 3.84776
    endloop
  endfacet
  facet normal 0.322281 2.99726e-18 0.946644
    outer loop
      vertex 256.765 90 3.84776
      vertex 256.518 92 3.93185
      vertex 256.518 90 3.93185
    endloop
  endfacet
  facet normal 0.322292 3.20844e-18 -0.94664
    outer loop
      vertex 256.518 90 0.0681477
      vertex 256.765 92 0.152241
      vertex 256.765 90 0.152241
    endloop
  endfacet
  facet normal 0.322292 3.20844e-18 -0.94664
    outer loop
      vertex 256.765 92 0.152241
      vertex 256.518 90 0.0681477
      vertex 256.518 92 0.0681477
    endloop
  endfacet
  facet normal -0.980814 0 -0.194947
    outer loop
      vertex 254.068 90 1.48236
      vertex 254.017 92 1.73895
      vertex 254.068 92 1.48236
    endloop
  endfacet
  facet normal -0.980814 -0 -0.194947
    outer loop
      vertex 254.017 92 1.73895
      vertex 254.068 90 1.48236
      vertex 254.017 90 1.73895
    endloop
  endfacet
  facet normal -0.750879 0 -0.66044
    outer loop
      vertex 254.586 90 0.585786
      vertex 254.413 92 0.782476
      vertex 254.586 92 0.585786
    endloop
  endfacet
  facet normal -0.750879 -0 -0.66044
    outer loop
      vertex 254.413 92 0.782476
      vertex 254.586 90 0.585786
      vertex 254.413 90 0.782476
    endloop
  endfacet
  facet normal -0.660671 -4.68159e-18 0.750676
    outer loop
      vertex 254.586 92 3.41421
      vertex 254.782 90 3.58671
      vertex 254.782 92 3.58671
    endloop
  endfacet
  facet normal -0.660671 -4.68159e-18 0.750676
    outer loop
      vertex 254.782 90 3.58671
      vertex 254.586 92 3.41421
      vertex 254.586 90 3.41421
    endloop
  endfacet
  facet normal 0.554718 2.60748e-18 0.832039
    outer loop
      vertex 257 92 3.73205
      vertex 257.218 90 3.58671
      vertex 257.218 92 3.58671
    endloop
  endfacet
  facet normal 0.554718 2.60748e-18 0.832039
    outer loop
      vertex 257.218 90 3.58671
      vertex 257 92 3.73205
      vertex 257 90 3.73205
    endloop
  endfacet
  facet normal -0.832079 0 -0.554658
    outer loop
      vertex 254.413 90 0.782476
      vertex 254.268 92 1
      vertex 254.413 92 0.782476
    endloop
  endfacet
  facet normal -0.832079 -0 -0.554658
    outer loop
      vertex 254.268 92 1
      vertex 254.413 90 0.782476
      vertex 254.268 90 1
    endloop
  endfacet
  facet normal -0.322281 -2.10158e-18 0.946644
    outer loop
      vertex 255.235 92 3.84776
      vertex 255.482 90 3.93185
      vertex 255.482 92 3.93185
    endloop
  endfacet
  facet normal -0.322281 -2.10158e-18 0.946644
    outer loop
      vertex 255.482 90 3.93185
      vertex 255.235 92 3.84776
      vertex 255.235 90 3.84776
    endloop
  endfacet
  facet normal 0.750879 -0 0.66044
    outer loop
      vertex 257.414 90 3.41421
      vertex 257.587 92 3.21752
      vertex 257.414 92 3.41421
    endloop
  endfacet
  facet normal 0.750879 0 0.66044
    outer loop
      vertex 257.587 92 3.21752
      vertex 257.414 90 3.41421
      vertex 257.587 90 3.21752
    endloop
  endfacet
endsolid OpenSCAD_Model
