solid OpenSCAD_Model
  facet normal -0.980776 -0.195136 1.75976e-18
    outer loop
      vertex 17.1231 20.4112 0
      vertex 17.0427 20.8153 4
      vertex 17.0427 20.8153 0
    endloop
  endfacet
  facet normal -0.980776 -0.195136 1.75976e-18
    outer loop
      vertex 17.0427 20.8153 4
      vertex 17.1231 20.4112 0
      vertex 17.1231 20.4112 4
    endloop
  endfacet
  facet normal -0.997867 -0.0652788 2.85569e-19
    outer loop
      vertex 17.15 20 0
      vertex 17.1231 20.4112 4
      vertex 17.1231 20.4112 0
    endloop
  endfacet
  facet normal -0.997867 -0.0652788 2.85569e-19
    outer loop
      vertex 17.1231 20.4112 4
      vertex 17.15 20 0
      vertex 17.15 20 4
    endloop
  endfacet
  facet normal -0.946897 -0.321537 -1.27381e-18
    outer loop
      vertex 17.0427 20.8153 0
      vertex 16.9102 21.2055 4
      vertex 16.9102 21.2055 0
    endloop
  endfacet
  facet normal -0.946897 -0.321537 -1.27381e-18
    outer loop
      vertex 16.9102 21.2055 4
      vertex 17.0427 20.8153 0
      vertex 17.0427 20.8153 4
    endloop
  endfacet
  facet normal 0.896889 0.442255 -1.37998e-18
    outer loop
      vertex 11.272 18.425 4
      vertex 11.0898 18.7945 0
      vertex 11.0898 18.7945 4
    endloop
  endfacet
  facet normal 0.896889 0.442255 -1.37998e-18
    outer loop
      vertex 11.0898 18.7945 0
      vertex 11.272 18.425 4
      vertex 11.272 18.425 0
    endloop
  endfacet
  facet normal -0.946897 0.321537 1.27381e-18
    outer loop
      vertex 16.9102 18.7945 0
      vertex 17.0427 19.1847 4
      vertex 17.0427 19.1847 0
    endloop
  endfacet
  facet normal -0.946897 0.321537 1.27381e-18
    outer loop
      vertex 17.0427 19.1847 4
      vertex 16.9102 18.7945 0
      vertex 16.9102 18.7945 4
    endloop
  endfacet
  facet normal 0.195136 -0.980776 0
    outer loop
      vertex 13.1847 23.0427 0
      vertex 13.5888 23.1231 4
      vertex 13.1847 23.0427 4
    endloop
  endfacet
  facet normal 0.195136 -0.980776 0
    outer loop
      vertex 13.5888 23.1231 4
      vertex 13.1847 23.0427 0
      vertex 13.5888 23.1231 0
    endloop
  endfacet
  facet normal -0.321537 -0.946897 0
    outer loop
      vertex 14.8153 23.0427 0
      vertex 15.2055 22.9102 4
      vertex 14.8153 23.0427 4
    endloop
  endfacet
  facet normal -0.321537 -0.946897 -0
    outer loop
      vertex 15.2055 22.9102 4
      vertex 14.8153 23.0427 0
      vertex 15.2055 22.9102 0
    endloop
  endfacet
  facet normal 0.751825 -0.659363 2.93148e-18
    outer loop
      vertex 11.5009 21.9176 4
      vertex 11.7726 22.2274 0
      vertex 11.7726 22.2274 4
    endloop
  endfacet
  facet normal 0.751825 -0.659363 2.93148e-18
    outer loop
      vertex 11.7726 22.2274 0
      vertex 11.5009 21.9176 4
      vertex 11.5009 21.9176 0
    endloop
  endfacet
  facet normal -0.83149 -0.55554 2.53088e-18
    outer loop
      vertex 16.728 21.575 0
      vertex 16.4991 21.9176 4
      vertex 16.4991 21.9176 0
    endloop
  endfacet
  facet normal -0.83149 -0.55554 2.53088e-18
    outer loop
      vertex 16.4991 21.9176 4
      vertex 16.728 21.575 0
      vertex 16.728 21.575 4
    endloop
  endfacet
  facet normal -0.896889 -0.442255 1.11276e-18
    outer loop
      vertex 16.9102 21.2055 0
      vertex 16.728 21.575 4
      vertex 16.728 21.575 0
    endloop
  endfacet
  facet normal -0.896889 -0.442255 1.11276e-18
    outer loop
      vertex 16.728 21.575 4
      vertex 16.9102 21.2055 0
      vertex 16.9102 21.2055 4
    endloop
  endfacet
  facet normal 0.751825 0.659363 -2.93148e-18
    outer loop
      vertex 11.7726 17.7726 4
      vertex 11.5009 18.0824 0
      vertex 11.5009 18.0824 4
    endloop
  endfacet
  facet normal 0.751825 0.659363 -2.93148e-18
    outer loop
      vertex 11.5009 18.0824 0
      vertex 11.7726 17.7726 4
      vertex 11.7726 17.7726 0
    endloop
  endfacet
  facet normal 0.946897 0.321537 -1.27381e-18
    outer loop
      vertex 11.0898 18.7945 4
      vertex 10.9573 19.1847 0
      vertex 10.9573 19.1847 4
    endloop
  endfacet
  facet normal 0.946897 0.321537 -1.27381e-18
    outer loop
      vertex 10.9573 19.1847 0
      vertex 11.0898 18.7945 4
      vertex 11.0898 18.7945 0
    endloop
  endfacet
  facet normal -0.659363 -0.751825 0
    outer loop
      vertex 15.9176 22.4991 0
      vertex 16.2274 22.2274 4
      vertex 15.9176 22.4991 4
    endloop
  endfacet
  facet normal -0.659363 -0.751825 -0
    outer loop
      vertex 16.2274 22.2274 4
      vertex 15.9176 22.4991 0
      vertex 16.2274 22.2274 0
    endloop
  endfacet
  facet normal -0.896889 0.442255 -1.11276e-18
    outer loop
      vertex 16.728 18.425 0
      vertex 16.9102 18.7945 4
      vertex 16.9102 18.7945 0
    endloop
  endfacet
  facet normal -0.896889 0.442255 -1.11276e-18
    outer loop
      vertex 16.9102 18.7945 4
      vertex 16.728 18.425 0
      vertex 16.728 18.425 4
    endloop
  endfacet
  facet normal 0.659363 0.751825 -0
    outer loop
      vertex 12.0824 17.5009 0
      vertex 11.7726 17.7726 4
      vertex 12.0824 17.5009 4
    endloop
  endfacet
  facet normal 0.659363 0.751825 0
    outer loop
      vertex 11.7726 17.7726 4
      vertex 12.0824 17.5009 0
      vertex 11.7726 17.7726 0
    endloop
  endfacet
  facet normal 0.55554 0.83149 -0
    outer loop
      vertex 12.425 17.272 0
      vertex 12.0824 17.5009 4
      vertex 12.425 17.272 4
    endloop
  endfacet
  facet normal 0.55554 0.83149 0
    outer loop
      vertex 12.0824 17.5009 4
      vertex 12.425 17.272 0
      vertex 12.0824 17.5009 0
    endloop
  endfacet
  facet normal -0.55554 -0.83149 0
    outer loop
      vertex 15.575 22.728 0
      vertex 15.9176 22.4991 4
      vertex 15.575 22.728 4
    endloop
  endfacet
  facet normal -0.55554 -0.83149 -0
    outer loop
      vertex 15.9176 22.4991 4
      vertex 15.575 22.728 0
      vertex 15.9176 22.4991 0
    endloop
  endfacet
  facet normal -0.980776 0.195136 -1.75976e-18
    outer loop
      vertex 17.0427 19.1847 0
      vertex 17.1231 19.5888 4
      vertex 17.1231 19.5888 0
    endloop
  endfacet
  facet normal -0.980776 0.195136 -1.75976e-18
    outer loop
      vertex 17.1231 19.5888 4
      vertex 17.0427 19.1847 0
      vertex 17.0427 19.1847 4
    endloop
  endfacet
  facet normal -0.321537 0.946897 0
    outer loop
      vertex 15.2055 17.0898 0
      vertex 14.8153 16.9573 4
      vertex 15.2055 17.0898 4
    endloop
  endfacet
  facet normal -0.321537 0.946897 0
    outer loop
      vertex 14.8153 16.9573 4
      vertex 15.2055 17.0898 0
      vertex 14.8153 16.9573 0
    endloop
  endfacet
  facet normal 0.997867 0.0652788 2.13162e-19
    outer loop
      vertex 10.8769 19.5888 4
      vertex 10.85 20 0
      vertex 10.85 20 4
    endloop
  endfacet
  facet normal 0.997867 0.0652788 2.13162e-19
    outer loop
      vertex 10.85 20 0
      vertex 10.8769 19.5888 4
      vertex 10.8769 19.5888 0
    endloop
  endfacet
  facet normal 0.997867 -0.0652788 -2.13162e-19
    outer loop
      vertex 10.85 20 4
      vertex 10.8769 20.4112 0
      vertex 10.8769 20.4112 4
    endloop
  endfacet
  facet normal 0.997867 -0.0652788 -2.13162e-19
    outer loop
      vertex 10.8769 20.4112 0
      vertex 10.85 20 4
      vertex 10.85 20 0
    endloop
  endfacet
  facet normal 0.442255 -0.896889 0
    outer loop
      vertex 12.425 22.728 0
      vertex 12.7945 22.9102 4
      vertex 12.425 22.728 4
    endloop
  endfacet
  facet normal 0.442255 -0.896889 0
    outer loop
      vertex 12.7945 22.9102 4
      vertex 12.425 22.728 0
      vertex 12.7945 22.9102 0
    endloop
  endfacet
  facet normal -0.751825 -0.659363 2.57836e-18
    outer loop
      vertex 16.4991 21.9176 0
      vertex 16.2274 22.2274 4
      vertex 16.2274 22.2274 0
    endloop
  endfacet
  facet normal -0.751825 -0.659363 2.57836e-18
    outer loop
      vertex 16.2274 22.2274 4
      vertex 16.4991 21.9176 0
      vertex 16.4991 21.9176 4
    endloop
  endfacet
  facet normal 0.55554 -0.83149 0
    outer loop
      vertex 12.0824 22.4991 0
      vertex 12.425 22.728 4
      vertex 12.0824 22.4991 4
    endloop
  endfacet
  facet normal 0.55554 -0.83149 0
    outer loop
      vertex 12.425 22.728 4
      vertex 12.0824 22.4991 0
      vertex 12.425 22.728 0
    endloop
  endfacet
  facet normal -0.442255 -0.896889 0
    outer loop
      vertex 15.2055 22.9102 0
      vertex 15.575 22.728 4
      vertex 15.2055 22.9102 4
    endloop
  endfacet
  facet normal -0.442255 -0.896889 -0
    outer loop
      vertex 15.575 22.728 4
      vertex 15.2055 22.9102 0
      vertex 15.575 22.728 0
    endloop
  endfacet
  facet normal -0.195136 0.980776 0
    outer loop
      vertex 14.8153 16.9573 0
      vertex 14.4112 16.8769 4
      vertex 14.8153 16.9573 4
    endloop
  endfacet
  facet normal -0.195136 0.980776 0
    outer loop
      vertex 14.4112 16.8769 4
      vertex 14.8153 16.9573 0
      vertex 14.4112 16.8769 0
    endloop
  endfacet
  facet normal -0.997867 0.0652788 -2.85569e-19
    outer loop
      vertex 17.1231 19.5888 0
      vertex 17.15 20 4
      vertex 17.15 20 0
    endloop
  endfacet
  facet normal -0.997867 0.0652788 -2.85569e-19
    outer loop
      vertex 17.15 20 4
      vertex 17.1231 19.5888 0
      vertex 17.1231 19.5888 4
    endloop
  endfacet
  facet normal 0.659363 -0.751825 0
    outer loop
      vertex 11.7726 22.2274 0
      vertex 12.0824 22.4991 4
      vertex 11.7726 22.2274 4
    endloop
  endfacet
  facet normal 0.659363 -0.751825 0
    outer loop
      vertex 12.0824 22.4991 4
      vertex 11.7726 22.2274 0
      vertex 12.0824 22.4991 0
    endloop
  endfacet
  facet normal 0.0652788 -0.997867 0
    outer loop
      vertex 13.5888 23.1231 0
      vertex 14 23.15 4
      vertex 13.5888 23.1231 4
    endloop
  endfacet
  facet normal 0.0652788 -0.997867 0
    outer loop
      vertex 14 23.15 4
      vertex 13.5888 23.1231 0
      vertex 14 23.15 0
    endloop
  endfacet
  facet normal 0.83149 0.55554 5.19286e-20
    outer loop
      vertex 11.5009 18.0824 4
      vertex 11.272 18.425 0
      vertex 11.272 18.425 4
    endloop
  endfacet
  facet normal 0.83149 0.55554 5.19286e-20
    outer loop
      vertex 11.272 18.425 0
      vertex 11.5009 18.0824 4
      vertex 11.5009 18.0824 0
    endloop
  endfacet
  facet normal 0.946897 -0.321537 1.27381e-18
    outer loop
      vertex 10.9573 20.8153 4
      vertex 11.0898 21.2055 0
      vertex 11.0898 21.2055 4
    endloop
  endfacet
  facet normal 0.946897 -0.321537 1.27381e-18
    outer loop
      vertex 11.0898 21.2055 0
      vertex 10.9573 20.8153 4
      vertex 10.9573 20.8153 0
    endloop
  endfacet
  facet normal -0.83149 0.55554 -2.53088e-18
    outer loop
      vertex 16.4991 18.0824 0
      vertex 16.728 18.425 4
      vertex 16.728 18.425 0
    endloop
  endfacet
  facet normal -0.83149 0.55554 -2.53088e-18
    outer loop
      vertex 16.728 18.425 4
      vertex 16.4991 18.0824 0
      vertex 16.4991 18.0824 4
    endloop
  endfacet
  facet normal -0.0652788 0.997867 0
    outer loop
      vertex 14.4112 16.8769 0
      vertex 14 16.85 4
      vertex 14.4112 16.8769 4
    endloop
  endfacet
  facet normal -0.0652788 0.997867 0
    outer loop
      vertex 14 16.85 4
      vertex 14.4112 16.8769 0
      vertex 14 16.85 0
    endloop
  endfacet
  facet normal -0.751825 0.659363 -2.57836e-18
    outer loop
      vertex 16.2274 17.7726 0
      vertex 16.4991 18.0824 4
      vertex 16.4991 18.0824 0
    endloop
  endfacet
  facet normal -0.751825 0.659363 -2.57836e-18
    outer loop
      vertex 16.4991 18.0824 4
      vertex 16.2274 17.7726 0
      vertex 16.2274 17.7726 4
    endloop
  endfacet
  facet normal 0.83149 -0.55554 -5.19286e-20
    outer loop
      vertex 11.272 21.575 4
      vertex 11.5009 21.9176 0
      vertex 11.5009 21.9176 4
    endloop
  endfacet
  facet normal 0.83149 -0.55554 -5.19286e-20
    outer loop
      vertex 11.5009 21.9176 0
      vertex 11.272 21.575 4
      vertex 11.272 21.575 0
    endloop
  endfacet
  facet normal -0.442255 0.896889 0
    outer loop
      vertex 15.575 17.272 0
      vertex 15.2055 17.0898 4
      vertex 15.575 17.272 4
    endloop
  endfacet
  facet normal -0.442255 0.896889 0
    outer loop
      vertex 15.2055 17.0898 4
      vertex 15.575 17.272 0
      vertex 15.2055 17.0898 0
    endloop
  endfacet
  facet normal -0.195136 -0.980776 0
    outer loop
      vertex 14.4112 23.1231 0
      vertex 14.8153 23.0427 4
      vertex 14.4112 23.1231 4
    endloop
  endfacet
  facet normal -0.195136 -0.980776 -0
    outer loop
      vertex 14.8153 23.0427 4
      vertex 14.4112 23.1231 0
      vertex 14.8153 23.0427 0
    endloop
  endfacet
  facet normal 0.321537 -0.946897 0
    outer loop
      vertex 12.7945 22.9102 0
      vertex 13.1847 23.0427 4
      vertex 12.7945 22.9102 4
    endloop
  endfacet
  facet normal 0.321537 -0.946897 0
    outer loop
      vertex 13.1847 23.0427 4
      vertex 12.7945 22.9102 0
      vertex 13.1847 23.0427 0
    endloop
  endfacet
  facet normal -0.55554 0.83149 0
    outer loop
      vertex 15.9176 17.5009 0
      vertex 15.575 17.272 4
      vertex 15.9176 17.5009 4
    endloop
  endfacet
  facet normal -0.55554 0.83149 0
    outer loop
      vertex 15.575 17.272 4
      vertex 15.9176 17.5009 0
      vertex 15.575 17.272 0
    endloop
  endfacet
  facet normal 0.980776 0.195136 1.75976e-18
    outer loop
      vertex 10.9573 19.1847 4
      vertex 10.8769 19.5888 0
      vertex 10.8769 19.5888 4
    endloop
  endfacet
  facet normal 0.980776 0.195136 1.75976e-18
    outer loop
      vertex 10.8769 19.5888 0
      vertex 10.9573 19.1847 4
      vertex 10.9573 19.1847 0
    endloop
  endfacet
  facet normal 0.195136 0.980776 -0
    outer loop
      vertex 13.5888 16.8769 0
      vertex 13.1847 16.9573 4
      vertex 13.5888 16.8769 4
    endloop
  endfacet
  facet normal 0.195136 0.980776 0
    outer loop
      vertex 13.1847 16.9573 4
      vertex 13.5888 16.8769 0
      vertex 13.1847 16.9573 0
    endloop
  endfacet
  facet normal 0.0652788 0.997867 -0
    outer loop
      vertex 14 16.85 0
      vertex 13.5888 16.8769 4
      vertex 14 16.85 4
    endloop
  endfacet
  facet normal 0.0652788 0.997867 0
    outer loop
      vertex 13.5888 16.8769 4
      vertex 14 16.85 0
      vertex 13.5888 16.8769 0
    endloop
  endfacet
  facet normal 0.980776 -0.195136 -1.75976e-18
    outer loop
      vertex 10.8769 20.4112 4
      vertex 10.9573 20.8153 0
      vertex 10.9573 20.8153 4
    endloop
  endfacet
  facet normal 0.980776 -0.195136 -1.75976e-18
    outer loop
      vertex 10.9573 20.8153 0
      vertex 10.8769 20.4112 4
      vertex 10.8769 20.4112 0
    endloop
  endfacet
  facet normal 0.321537 0.946897 -0
    outer loop
      vertex 13.1847 16.9573 0
      vertex 12.7945 17.0898 4
      vertex 13.1847 16.9573 4
    endloop
  endfacet
  facet normal 0.321537 0.946897 0
    outer loop
      vertex 12.7945 17.0898 4
      vertex 13.1847 16.9573 0
      vertex 12.7945 17.0898 0
    endloop
  endfacet
  facet normal -0.659363 0.751825 0
    outer loop
      vertex 16.2274 17.7726 0
      vertex 15.9176 17.5009 4
      vertex 16.2274 17.7726 4
    endloop
  endfacet
  facet normal -0.659363 0.751825 0
    outer loop
      vertex 15.9176 17.5009 4
      vertex 16.2274 17.7726 0
      vertex 15.9176 17.5009 0
    endloop
  endfacet
  facet normal -0.0652788 -0.997867 0
    outer loop
      vertex 14 23.15 0
      vertex 14.4112 23.1231 4
      vertex 14 23.15 4
    endloop
  endfacet
  facet normal -0.0652788 -0.997867 -0
    outer loop
      vertex 14.4112 23.1231 4
      vertex 14 23.15 0
      vertex 14.4112 23.1231 0
    endloop
  endfacet
  facet normal 0.442255 0.896889 -0
    outer loop
      vertex 12.7945 17.0898 0
      vertex 12.425 17.272 4
      vertex 12.7945 17.0898 4
    endloop
  endfacet
  facet normal 0.442255 0.896889 0
    outer loop
      vertex 12.425 17.272 4
      vertex 12.7945 17.0898 0
      vertex 12.425 17.272 0
    endloop
  endfacet
  facet normal 0.896889 -0.442255 1.37998e-18
    outer loop
      vertex 11.0898 21.2055 4
      vertex 11.272 21.575 0
      vertex 11.272 21.575 4
    endloop
  endfacet
  facet normal 0.896889 -0.442255 1.37998e-18
    outer loop
      vertex 11.272 21.575 0
      vertex 11.0898 21.2055 4
      vertex 11.0898 21.2055 0
    endloop
  endfacet
  facet normal -0.980776 -0.195136 1.75976e-18
    outer loop
      vertex 17.1231 78.4112 0
      vertex 17.0427 78.8153 4
      vertex 17.0427 78.8153 0
    endloop
  endfacet
  facet normal -0.980776 -0.195136 1.75976e-18
    outer loop
      vertex 17.0427 78.8153 4
      vertex 17.1231 78.4112 0
      vertex 17.1231 78.4112 4
    endloop
  endfacet
  facet normal -0.997867 -0.0652788 4.77531e-19
    outer loop
      vertex 17.15 78 0
      vertex 17.1231 78.4112 4
      vertex 17.1231 78.4112 0
    endloop
  endfacet
  facet normal -0.997867 -0.0652788 4.77531e-19
    outer loop
      vertex 17.1231 78.4112 4
      vertex 17.15 78 0
      vertex 17.15 78 4
    endloop
  endfacet
  facet normal -0.946897 -0.321537 7.32815e-20
    outer loop
      vertex 17.0427 78.8153 0
      vertex 16.9102 79.2055 4
      vertex 16.9102 79.2055 0
    endloop
  endfacet
  facet normal -0.946897 -0.321537 7.32815e-20
    outer loop
      vertex 16.9102 79.2055 4
      vertex 17.0427 78.8153 0
      vertex 17.0427 78.8153 4
    endloop
  endfacet
  facet normal 0.896889 0.442255 1.62478e-18
    outer loop
      vertex 11.272 76.425 4
      vertex 11.0898 76.7945 0
      vertex 11.0898 76.7945 4
    endloop
  endfacet
  facet normal 0.896889 0.442255 1.62478e-18
    outer loop
      vertex 11.0898 76.7945 0
      vertex 11.272 76.425 4
      vertex 11.272 76.425 0
    endloop
  endfacet
  facet normal -0.946897 0.321537 -7.32815e-20
    outer loop
      vertex 16.9102 76.7945 0
      vertex 17.0427 77.1847 4
      vertex 17.0427 77.1847 0
    endloop
  endfacet
  facet normal -0.946897 0.321537 -7.32815e-20
    outer loop
      vertex 17.0427 77.1847 4
      vertex 16.9102 76.7945 0
      vertex 16.9102 76.7945 4
    endloop
  endfacet
  facet normal -0.321537 -0.946897 0
    outer loop
      vertex 14.8153 81.0427 0
      vertex 15.2055 80.9102 4
      vertex 14.8153 81.0427 4
    endloop
  endfacet
  facet normal -0.321537 -0.946897 -0
    outer loop
      vertex 15.2055 80.9102 4
      vertex 14.8153 81.0427 0
      vertex 15.2055 80.9102 0
    endloop
  endfacet
  facet normal 0.751825 -0.659363 1.15941e-19
    outer loop
      vertex 11.5009 79.9176 4
      vertex 11.7726 80.2274 0
      vertex 11.7726 80.2274 4
    endloop
  endfacet
  facet normal 0.751825 -0.659363 1.15941e-19
    outer loop
      vertex 11.7726 80.2274 0
      vertex 11.5009 79.9176 4
      vertex 11.5009 79.9176 0
    endloop
  endfacet
  facet normal -0.83149 -0.55554 8.06391e-19
    outer loop
      vertex 16.728 79.575 0
      vertex 16.4991 79.9176 4
      vertex 16.4991 79.9176 0
    endloop
  endfacet
  facet normal -0.83149 -0.55554 8.06391e-19
    outer loop
      vertex 16.4991 79.9176 4
      vertex 16.728 79.575 0
      vertex 16.728 79.575 4
    endloop
  endfacet
  facet normal -0.896889 -0.442255 4.11752e-18
    outer loop
      vertex 16.9102 79.2055 0
      vertex 16.728 79.575 4
      vertex 16.728 79.575 0
    endloop
  endfacet
  facet normal -0.896889 -0.442255 4.11752e-18
    outer loop
      vertex 16.728 79.575 4
      vertex 16.9102 79.2055 0
      vertex 16.9102 79.2055 4
    endloop
  endfacet
  facet normal 0.751825 0.659363 -1.15941e-19
    outer loop
      vertex 11.7726 75.7726 4
      vertex 11.5009 76.0824 0
      vertex 11.5009 76.0824 4
    endloop
  endfacet
  facet normal 0.751825 0.659363 -1.15941e-19
    outer loop
      vertex 11.5009 76.0824 0
      vertex 11.7726 75.7726 4
      vertex 11.7726 75.7726 0
    endloop
  endfacet
  facet normal 0.946897 0.321537 7.32815e-20
    outer loop
      vertex 11.0898 76.7945 4
      vertex 10.9573 77.1847 0
      vertex 10.9573 77.1847 4
    endloop
  endfacet
  facet normal 0.946897 0.321537 7.32815e-20
    outer loop
      vertex 10.9573 77.1847 0
      vertex 11.0898 76.7945 4
      vertex 11.0898 76.7945 0
    endloop
  endfacet
  facet normal -0.659363 -0.751825 0
    outer loop
      vertex 15.9176 80.4991 0
      vertex 16.2274 80.2274 4
      vertex 15.9176 80.4991 4
    endloop
  endfacet
  facet normal -0.659363 -0.751825 -0
    outer loop
      vertex 16.2274 80.2274 4
      vertex 15.9176 80.4991 0
      vertex 16.2274 80.2274 0
    endloop
  endfacet
  facet normal -0.896889 0.442255 -4.11752e-18
    outer loop
      vertex 16.728 76.425 0
      vertex 16.9102 76.7945 4
      vertex 16.9102 76.7945 0
    endloop
  endfacet
  facet normal -0.896889 0.442255 -4.11752e-18
    outer loop
      vertex 16.9102 76.7945 4
      vertex 16.728 76.425 0
      vertex 16.728 76.425 4
    endloop
  endfacet
  facet normal 0.659363 0.751825 -0
    outer loop
      vertex 12.0824 75.5009 0
      vertex 11.7726 75.7726 4
      vertex 12.0824 75.5009 4
    endloop
  endfacet
  facet normal 0.659363 0.751825 0
    outer loop
      vertex 11.7726 75.7726 4
      vertex 12.0824 75.5009 0
      vertex 11.7726 75.7726 0
    endloop
  endfacet
  facet normal 0.55554 0.83149 -0
    outer loop
      vertex 12.425 75.272 0
      vertex 12.0824 75.5009 4
      vertex 12.425 75.272 4
    endloop
  endfacet
  facet normal 0.55554 0.83149 0
    outer loop
      vertex 12.0824 75.5009 4
      vertex 12.425 75.272 0
      vertex 12.0824 75.5009 0
    endloop
  endfacet
  facet normal -0.55554 -0.83149 0
    outer loop
      vertex 15.575 80.728 0
      vertex 15.9176 80.4991 4
      vertex 15.575 80.728 4
    endloop
  endfacet
  facet normal -0.55554 -0.83149 -0
    outer loop
      vertex 15.9176 80.4991 4
      vertex 15.575 80.728 0
      vertex 15.9176 80.4991 0
    endloop
  endfacet
  facet normal -0.980776 0.195136 -1.75976e-18
    outer loop
      vertex 17.0427 77.1847 0
      vertex 17.1231 77.5888 4
      vertex 17.1231 77.5888 0
    endloop
  endfacet
  facet normal -0.980776 0.195136 -1.75976e-18
    outer loop
      vertex 17.1231 77.5888 4
      vertex 17.0427 77.1847 0
      vertex 17.0427 77.1847 4
    endloop
  endfacet
  facet normal -0.321537 0.946897 0
    outer loop
      vertex 15.2055 75.0898 0
      vertex 14.8153 74.9573 4
      vertex 15.2055 75.0898 4
    endloop
  endfacet
  facet normal -0.321537 0.946897 0
    outer loop
      vertex 14.8153 74.9573 4
      vertex 15.2055 75.0898 0
      vertex 14.8153 74.9573 0
    endloop
  endfacet
  facet normal 0.997867 0.0652788 4.05124e-19
    outer loop
      vertex 10.8769 77.5888 4
      vertex 10.85 78 0
      vertex 10.85 78 4
    endloop
  endfacet
  facet normal 0.997867 0.0652788 4.05124e-19
    outer loop
      vertex 10.85 78 0
      vertex 10.8769 77.5888 4
      vertex 10.8769 77.5888 0
    endloop
  endfacet
  facet normal 0.997867 -0.0652788 -4.05124e-19
    outer loop
      vertex 10.85 78 4
      vertex 10.8769 78.4112 0
      vertex 10.8769 78.4112 4
    endloop
  endfacet
  facet normal 0.997867 -0.0652788 -4.05124e-19
    outer loop
      vertex 10.8769 78.4112 0
      vertex 10.85 78 4
      vertex 10.85 78 0
    endloop
  endfacet
  facet normal 0.442255 -0.896889 0
    outer loop
      vertex 12.425 80.728 0
      vertex 12.7945 80.9102 4
      vertex 12.425 80.728 4
    endloop
  endfacet
  facet normal 0.442255 -0.896889 0
    outer loop
      vertex 12.7945 80.9102 4
      vertex 12.425 80.728 0
      vertex 12.7945 80.9102 0
    endloop
  endfacet
  facet normal -0.751825 -0.659363 -3.02578e-18
    outer loop
      vertex 16.4991 79.9176 0
      vertex 16.2274 80.2274 4
      vertex 16.2274 80.2274 0
    endloop
  endfacet
  facet normal -0.751825 -0.659363 -3.02578e-18
    outer loop
      vertex 16.2274 80.2274 4
      vertex 16.4991 79.9176 0
      vertex 16.4991 79.9176 4
    endloop
  endfacet
  facet normal 0.55554 -0.83149 0
    outer loop
      vertex 12.0824 80.4991 0
      vertex 12.425 80.728 4
      vertex 12.0824 80.4991 4
    endloop
  endfacet
  facet normal 0.55554 -0.83149 0
    outer loop
      vertex 12.425 80.728 4
      vertex 12.0824 80.4991 0
      vertex 12.425 80.728 0
    endloop
  endfacet
  facet normal -0.442255 -0.896889 0
    outer loop
      vertex 15.2055 80.9102 0
      vertex 15.575 80.728 4
      vertex 15.2055 80.9102 4
    endloop
  endfacet
  facet normal -0.442255 -0.896889 -0
    outer loop
      vertex 15.575 80.728 4
      vertex 15.2055 80.9102 0
      vertex 15.575 80.728 0
    endloop
  endfacet
  facet normal -0.195136 0.980776 0
    outer loop
      vertex 14.8153 74.9573 0
      vertex 14.4112 74.8769 4
      vertex 14.8153 74.9573 4
    endloop
  endfacet
  facet normal -0.195136 0.980776 0
    outer loop
      vertex 14.4112 74.8769 4
      vertex 14.8153 74.9573 0
      vertex 14.4112 74.8769 0
    endloop
  endfacet
  facet normal -0.997867 0.0652788 -4.77531e-19
    outer loop
      vertex 17.1231 77.5888 0
      vertex 17.15 78 4
      vertex 17.15 78 0
    endloop
  endfacet
  facet normal -0.997867 0.0652788 -4.77531e-19
    outer loop
      vertex 17.15 78 4
      vertex 17.1231 77.5888 0
      vertex 17.1231 77.5888 4
    endloop
  endfacet
  facet normal 0.659363 -0.751825 0
    outer loop
      vertex 11.7726 80.2274 0
      vertex 12.0824 80.4991 4
      vertex 11.7726 80.2274 4
    endloop
  endfacet
  facet normal 0.659363 -0.751825 0
    outer loop
      vertex 12.0824 80.4991 4
      vertex 11.7726 80.2274 0
      vertex 12.0824 80.4991 0
    endloop
  endfacet
  facet normal 0.0655204 -0.997851 0
    outer loop
      vertex 13.5888 81.123 0
      vertex 14 81.15 4
      vertex 13.5888 81.123 4
    endloop
  endfacet
  facet normal 0.0655204 -0.997851 0
    outer loop
      vertex 14 81.15 4
      vertex 13.5888 81.123 0
      vertex 14 81.15 0
    endloop
  endfacet
  facet normal 0.83149 0.55554 -1.67256e-18
    outer loop
      vertex 11.5009 76.0824 4
      vertex 11.272 76.425 0
      vertex 11.272 76.425 4
    endloop
  endfacet
  facet normal 0.83149 0.55554 -1.67256e-18
    outer loop
      vertex 11.272 76.425 0
      vertex 11.5009 76.0824 4
      vertex 11.5009 76.0824 0
    endloop
  endfacet
  facet normal 0.946897 -0.321537 -7.32815e-20
    outer loop
      vertex 10.9573 78.8153 4
      vertex 11.0898 79.2055 0
      vertex 11.0898 79.2055 4
    endloop
  endfacet
  facet normal 0.946897 -0.321537 -7.32815e-20
    outer loop
      vertex 11.0898 79.2055 0
      vertex 10.9573 78.8153 4
      vertex 10.9573 78.8153 0
    endloop
  endfacet
  facet normal -0.83149 0.55554 -8.06391e-19
    outer loop
      vertex 16.4991 76.0824 0
      vertex 16.728 76.425 4
      vertex 16.728 76.425 0
    endloop
  endfacet
  facet normal -0.83149 0.55554 -8.06391e-19
    outer loop
      vertex 16.728 76.425 4
      vertex 16.4991 76.0824 0
      vertex 16.4991 76.0824 4
    endloop
  endfacet
  facet normal -0.0652788 0.997867 0
    outer loop
      vertex 14.4112 74.8769 0
      vertex 14 74.85 4
      vertex 14.4112 74.8769 4
    endloop
  endfacet
  facet normal -0.0652788 0.997867 0
    outer loop
      vertex 14 74.85 4
      vertex 14.4112 74.8769 0
      vertex 14 74.85 0
    endloop
  endfacet
  facet normal -0.751825 0.659363 3.02578e-18
    outer loop
      vertex 16.2274 75.7726 0
      vertex 16.4991 76.0824 4
      vertex 16.4991 76.0824 0
    endloop
  endfacet
  facet normal -0.751825 0.659363 3.02578e-18
    outer loop
      vertex 16.4991 76.0824 4
      vertex 16.2274 75.7726 0
      vertex 16.2274 75.7726 4
    endloop
  endfacet
  facet normal 0.83149 -0.55554 1.67256e-18
    outer loop
      vertex 11.272 79.575 4
      vertex 11.5009 79.9176 0
      vertex 11.5009 79.9176 4
    endloop
  endfacet
  facet normal 0.83149 -0.55554 1.67256e-18
    outer loop
      vertex 11.5009 79.9176 0
      vertex 11.272 79.575 4
      vertex 11.272 79.575 0
    endloop
  endfacet
  facet normal -0.442255 0.896889 0
    outer loop
      vertex 15.575 75.272 0
      vertex 15.2055 75.0898 4
      vertex 15.575 75.272 4
    endloop
  endfacet
  facet normal -0.442255 0.896889 0
    outer loop
      vertex 15.2055 75.0898 4
      vertex 15.575 75.272 0
      vertex 15.2055 75.0898 0
    endloop
  endfacet
  facet normal -0.194902 -0.980823 0
    outer loop
      vertex 14.4112 81.123 0
      vertex 14.8153 81.0427 4
      vertex 14.4112 81.123 4
    endloop
  endfacet
  facet normal -0.194902 -0.980823 -0
    outer loop
      vertex 14.8153 81.0427 4
      vertex 14.4112 81.123 0
      vertex 14.8153 81.0427 0
    endloop
  endfacet
  facet normal 0.321537 -0.946897 0
    outer loop
      vertex 12.7945 80.9102 0
      vertex 13.1847 81.0427 4
      vertex 12.7945 80.9102 4
    endloop
  endfacet
  facet normal 0.321537 -0.946897 0
    outer loop
      vertex 13.1847 81.0427 4
      vertex 12.7945 80.9102 0
      vertex 13.1847 81.0427 0
    endloop
  endfacet
  facet normal -0.55554 0.83149 0
    outer loop
      vertex 15.9176 75.5009 0
      vertex 15.575 75.272 4
      vertex 15.9176 75.5009 4
    endloop
  endfacet
  facet normal -0.55554 0.83149 0
    outer loop
      vertex 15.575 75.272 4
      vertex 15.9176 75.5009 0
      vertex 15.575 75.272 0
    endloop
  endfacet
  facet normal 0.980776 0.195136 1.75976e-18
    outer loop
      vertex 10.9573 77.1847 4
      vertex 10.8769 77.5888 0
      vertex 10.8769 77.5888 4
    endloop
  endfacet
  facet normal 0.980776 0.195136 1.75976e-18
    outer loop
      vertex 10.8769 77.5888 0
      vertex 10.9573 77.1847 4
      vertex 10.9573 77.1847 0
    endloop
  endfacet
  facet normal 0.195136 0.980776 -0
    outer loop
      vertex 13.5888 74.8769 0
      vertex 13.1847 74.9573 4
      vertex 13.5888 74.8769 4
    endloop
  endfacet
  facet normal 0.195136 0.980776 0
    outer loop
      vertex 13.1847 74.9573 4
      vertex 13.5888 74.8769 0
      vertex 13.1847 74.9573 0
    endloop
  endfacet
  facet normal 0.0652788 0.997867 -0
    outer loop
      vertex 14 74.85 0
      vertex 13.5888 74.8769 4
      vertex 14 74.85 4
    endloop
  endfacet
  facet normal 0.0652788 0.997867 0
    outer loop
      vertex 13.5888 74.8769 4
      vertex 14 74.85 0
      vertex 13.5888 74.8769 0
    endloop
  endfacet
  facet normal 0.194902 -0.980823 0
    outer loop
      vertex 13.1847 81.0427 0
      vertex 13.5888 81.123 4
      vertex 13.1847 81.0427 4
    endloop
  endfacet
  facet normal 0.194902 -0.980823 0
    outer loop
      vertex 13.5888 81.123 4
      vertex 13.1847 81.0427 0
      vertex 13.5888 81.123 0
    endloop
  endfacet
  facet normal 0.980776 -0.195136 -1.75976e-18
    outer loop
      vertex 10.8769 78.4112 4
      vertex 10.9573 78.8153 0
      vertex 10.9573 78.8153 4
    endloop
  endfacet
  facet normal 0.980776 -0.195136 -1.75976e-18
    outer loop
      vertex 10.9573 78.8153 0
      vertex 10.8769 78.4112 4
      vertex 10.8769 78.4112 0
    endloop
  endfacet
  facet normal 0.321537 0.946897 -0
    outer loop
      vertex 13.1847 74.9573 0
      vertex 12.7945 75.0898 4
      vertex 13.1847 74.9573 4
    endloop
  endfacet
  facet normal 0.321537 0.946897 0
    outer loop
      vertex 12.7945 75.0898 4
      vertex 13.1847 74.9573 0
      vertex 12.7945 75.0898 0
    endloop
  endfacet
  facet normal -0.659363 0.751825 0
    outer loop
      vertex 16.2274 75.7726 0
      vertex 15.9176 75.5009 4
      vertex 16.2274 75.7726 4
    endloop
  endfacet
  facet normal -0.659363 0.751825 0
    outer loop
      vertex 15.9176 75.5009 4
      vertex 16.2274 75.7726 0
      vertex 15.9176 75.5009 0
    endloop
  endfacet
  facet normal -0.0655204 -0.997851 0
    outer loop
      vertex 14 81.15 0
      vertex 14.4112 81.123 4
      vertex 14 81.15 4
    endloop
  endfacet
  facet normal -0.0655204 -0.997851 -0
    outer loop
      vertex 14.4112 81.123 4
      vertex 14 81.15 0
      vertex 14.4112 81.123 0
    endloop
  endfacet
  facet normal 0.442255 0.896889 -0
    outer loop
      vertex 12.7945 75.0898 0
      vertex 12.425 75.272 4
      vertex 12.7945 75.0898 4
    endloop
  endfacet
  facet normal 0.442255 0.896889 0
    outer loop
      vertex 12.425 75.272 4
      vertex 12.7945 75.0898 0
      vertex 12.425 75.272 0
    endloop
  endfacet
  facet normal 0.896889 -0.442255 -1.62478e-18
    outer loop
      vertex 11.0898 79.2055 4
      vertex 11.272 79.575 0
      vertex 11.272 79.575 4
    endloop
  endfacet
  facet normal 0.896889 -0.442255 -1.62478e-18
    outer loop
      vertex 11.272 79.575 0
      vertex 11.0898 79.2055 4
      vertex 11.0898 79.2055 0
    endloop
  endfacet
  facet normal -0.0573689 0.80065 0.596379
    outer loop
      vertex 4.03163 97.1143 2.57422
      vertex 3.52451 97.3071 2.2666
      vertex 3.55712 97.0803 2.57422
    endloop
  endfacet
  facet normal -7.6471e-20 0.242523 0.970146
    outer loop
      vertex 64.6052 95.2324 3.83203
      vertex 4.1121 94.8613 3.9248
      vertex 65.0231 94.8613 3.9248
    endloop
  endfacet
  facet normal -7.69824e-20 0.242523 0.970146
    outer loop
      vertex 4.1121 94.8613 3.9248
      vertex 64.6052 95.2324 3.83203
      vertex 4.09884 95.2324 3.83203
    endloop
  endfacet
  facet normal -0.671792 0 0.74074
    outer loop
      vertex 1.42578 93.9491 3.11426
      vertex 1.14258 4.04081 2.85742
      vertex 1.42578 4.05092 3.11426
    endloop
  endfacet
  facet normal -0.336831 2.67178e-20 0.941565
    outer loop
      vertex 2.76758 93.9012 3.83203
      vertex 2.40723 93.914 3.70312
      vertex 2.40723 4.08597 3.70312
    endloop
  endfacet
  facet normal -0.145361 2.21632e-20 0.989379
    outer loop
      vertex 3.51758 93.8744 3.98047
      vertex 3.13867 93.8879 3.9248
      vertex 3.13867 4.1121 3.9248
    endloop
  endfacet
  facet normal -0.826384 0.451254 0.336838
    outer loop
      vertex 0.77665 96.0715 1.23145
      vertex 0.514651 95.5917 1.23145
      vertex 0.632208 95.538 1.5918
    endloop
  endfacet
  facet normal -0.0509512 -7.50682e-21 0.998701
    outer loop
      vertex 3.90039 93.8607 4
      vertex 3.51758 93.8744 3.98047
      vertex 3.51758 4.12563 3.98047
    endloop
  endfacet
  facet normal 0.948001 -0.206211 0.242428
    outer loop
      vertex 82.2926 3.45471 1.23145
      vertex 82.1764 2.92051 1.23145
      vertex 82.2656 2.89431 0.860352
    endloop
  endfacet
  facet normal -0.752104 0.280549 0.596349
    outer loop
      vertex 0.960833 95.3879 2.2666
      vertex 0.794243 94.9413 2.2666
      vertex 1.01406 94.8767 2.57422
    endloop
  endfacet
  facet normal -0.145361 0 0.989379
    outer loop
      vertex 3.51758 93.8744 3.98047
      vertex 3.13867 4.1121 3.9248
      vertex 3.51758 4.12563 3.98047
    endloop
  endfacet
  facet normal -0.478626 0.876683 0.0484147
    outer loop
      vertex 2.34607 97.6216 0.481445
      vertex 1.83744 97.365 0.0996094
      vertex 1.84749 97.3494 0.481445
    endloop
  endfacet
  facet normal -0.908973 0.339061 0.2425
    outer loop
      vertex 0.430046 95.6303 0.860352
      vertex 0.234362 95.1057 0.860352
      vertex 0.514651 95.5917 1.23145
    endloop
  endfacet
  facet normal -0.428732 0 0.903432
    outer loop
      vertex 2.40723 93.914 3.70312
      vertex 2.06152 4.07363 3.53906
      vertex 2.40723 4.08597 3.70312
    endloop
  endfacet
  facet normal -0.908973 0.339039 0.24253
    outer loop
      vertex 0.514651 95.5917 1.23145
      vertex 0.234362 95.1057 0.860352
      vertex 0.323605 95.0795 1.23145
    endloop
  endfacet
  facet normal -0.941568 -1.04633e-08 0.336822
    outer loop
      vertex 0.296874 93.9894 1.5918
      vertex 0.167968 93.994 1.23145
      vertex 0.167969 4.006 1.23145
    endloop
  endfacet
  facet normal 0.96766 -0.0691407 0.242598
    outer loop
      vertex 82.4248 4.00269 0.860352
      vertex 82.332 4.006 1.23145
      vertex 82.3847 3.44147 0.860352
    endloop
  endfacet
  facet normal -0.804083 0.299877 0.513347
    outer loop
      vertex 0.781826 95.4697 1.93848
      vertex 0.605424 94.9967 1.93848
      vertex 0.794243 94.9413 2.2666
    endloop
  endfacet
  facet normal -0.0572905 0.800719 0.596294
    outer loop
      vertex 4.02347 97.3428 2.2666
      vertex 3.52451 97.3071 2.2666
      vertex 4.03163 97.1143 2.57422
    endloop
  endfacet
  facet normal 0.784315 -0.170566 0.596453
    outer loop
      vertex 81.8071 3.52451 2.2666
      vertex 81.4859 3.12325 2.57422
      vertex 81.7058 3.0587 2.2666
    endloop
  endfacet
  facet normal -0.723806 0.157437 0.671802
    outer loop
      vertex 1.26112 94.8042 2.85742
      vertex 0.91968 94.4429 2.57422
      vertex 1.17455 94.4062 2.85742
    endloop
  endfacet
  facet normal -0.738854 0.0528438 0.67179
    outer loop
      vertex 1.17455 94.4062 2.85742
      vertex 0.91968 94.4429 2.57422
      vertex 1.14258 93.9592 2.85742
    endloop
  endfacet
  facet normal -0.997452 -0.0713375 -1.4619e-17
    outer loop
      vertex 0.0407133 3.43074 0
      vertex 0 4 0.0996094
      vertex 0 4 0
    endloop
  endfacet
  facet normal -0.997452 -0.0713375 -1.4619e-17
    outer loop
      vertex 0 4 0.0996094
      vertex 0.0407133 3.43074 0
      vertex 0.0407133 3.43074 0.0996094
    endloop
  endfacet
  facet normal -0.0508204 -0.0036336 0.998701
    outer loop
      vertex 3.91127 3.98724 4
      vertex 3.51758 4.12563 3.98047
      vertex 3.53138 3.93262 3.98047
    endloop
  endfacet
  facet normal -0.0244158 -0.0447208 0.998701
    outer loop
      vertex 3.96276 3.91845 4
      vertex 3.74404 3.60172 3.98047
      vertex 3.80333 3.56935 3.98047
    endloop
  endfacet
  facet normal -1 0 0
    outer loop
      vertex 0 4 0
      vertex 0 94 0.0996094
      vertex 0 94 0
    endloop
  endfacet
  facet normal -1 -0 0
    outer loop
      vertex 0 94 0.0996094
      vertex 0 4 0
      vertex 0 4 0.0996094
    endloop
  endfacet
  facet normal -0.205474 -0.376289 0.903431
    outer loop
      vertex 3.34089 2.55676 3.70312
      vertex 3.14221 2.66525 3.70312
      vertex 3.19691 2.24149 3.53906
    endloop
  endfacet
  facet normal -0.670073 0.0479244 0.740747
    outer loop
      vertex 1.17455 94.4062 2.85742
      vertex 1.14258 93.9592 2.85742
      vertex 1.45559 94.3658 3.11426
    endloop
  endfacet
  facet normal -0.512069 0.0366393 0.858163
    outer loop
      vertex 2.08647 94.2751 3.53906
      vertex 1.7334 93.9381 3.34277
      vertex 2.06152 93.9264 3.53906
    endloop
  endfacet
  facet normal -0.598551 0.799608 0.0486199
    outer loop
      vertex 1.83744 97.365 0.0996094
      vertex 1.38056 97.023 0.0996094
      vertex 1.39274 97.0089 0.481445
    endloop
  endfacet
  facet normal -0.234902 0.629469 0.740668
    outer loop
      vertex 3.19579 96.7389 2.85742
      vertex 2.8142 96.5965 2.85742
      vertex 2.93214 96.3383 3.11426
    endloop
  endfacet
  facet normal 0.804078 -0.299904 0.513338
    outer loop
      vertex 81.8946 3.00326 1.93848
      vertex 81.7058 3.0587 2.2666
      vertex 81.7182 2.53031 1.93848
    endloop
  endfacet
  facet normal 0.693991 -0.258733 0.671888
    outer loop
      vertex 81.4859 3.12325 2.57422
      vertex 81.0965 2.8142 2.85742
      vertex 81.3308 2.70723 2.57422
    endloop
  endfacet
  facet normal -0.975995 -0.212315 0.0485368
    outer loop
      vertex 0.179876 2.87831 0.481445
      vertex 0.0407133 3.43074 0.0996094
      vertex 0.162027 2.87307 0.0996094
    endloop
  endfacet
  facet normal -0.4506 0.24604 0.858152
    outer loop
      vertex 2.09694 95.223 3.34277
      vertex 1.94225 94.9397 3.34277
      vertex 2.24149 94.8031 3.53906
    endloop
  endfacet
  facet normal 0.936918 -0.34955 -6.59019e-17
    outer loop
      vertex 82.1385 2.33834 0.0996094
      vertex 82.338 2.87307 0
      vertex 82.338 2.87307 0.0996094
    endloop
  endfacet
  facet normal 0.936918 -0.34955 -6.59019e-17
    outer loop
      vertex 82.338 2.87307 0
      vertex 82.1385 2.33834 0.0996094
      vertex 82.1385 2.33834 0
    endloop
  endfacet
  facet normal -0.0705557 -0.986491 0.147841
    outer loop
      vertex 3.44147 0.115334 0.860352
      vertex 3.43339 0.0591269 0.481445
      vertex 4.00066 0.0185547 0.481445
    endloop
  endfacet
  facet normal 0.877688 -0.479233 7.0345e-17
    outer loop
      vertex 81.865 1.83744 0.0996094
      vertex 82.1385 2.33834 0
      vertex 82.1385 2.33834 0.0996094
    endloop
  endfacet
  facet normal 0.877688 -0.479233 7.0345e-17
    outer loop
      vertex 82.1385 2.33834 0
      vertex 81.865 1.83744 0.0996094
      vertex 81.865 1.83744 0
    endloop
  endfacet
  facet normal -0.47398 -0.868036 0.147839
    outer loop
      vertex 1.87819 0.698405 0.860352
      vertex 1.84749 0.650635 0.481445
      vertex 2.34607 0.378392 0.481445
    endloop
  endfacet
  facet normal -0.970143 -9.70201e-09 0.242533
    outer loop
      vertex 0.167968 93.994 1.23145
      vertex 0.0751944 93.9973 0.860352
      vertex 0.0751953 4.00269 0.860352
    endloop
  endfacet
  facet normal -0.883226 0.192125 0.427785
    outer loop
      vertex 0.447605 95.0431 1.5918
      vertex 0.335318 94.5269 1.5918
      vertex 0.605424 94.9967 1.93848
    endloop
  endfacet
  facet normal -0.94798 0.206207 0.242512
    outer loop
      vertex 0.234362 95.1057 0.860352
      vertex 0.115334 94.5585 0.860352
      vertex 0.207397 94.5453 1.23145
    endloop
  endfacet
  facet normal -0.998821 -1.10982e-08 0.0485362
    outer loop
      vertex 0.0185537 93.9993 0.481445
      vertex 0 4 0.0996094
      vertex 0.0185547 4.00066 0.481445
    endloop
  endfacet
  facet normal -0.776658 0.581368 0.242514
    outer loop
      vertex 1.03398 96.5701 0.860352
      vertex 0.698405 96.1218 0.860352
      vertex 1.10427 96.5092 1.23145
    endloop
  endfacet
  facet normal -0.0508214 -0.0036363 0.998701
    outer loop
      vertex 3.90039 4.1393 4
      vertex 3.51758 4.12563 3.98047
      vertex 3.91127 3.98724 4
    endloop
  endfacet
  facet normal 0.206207 -0.94798 0.242512
    outer loop
      vertex 79.6057 0.234362 0.860352
      vertex 79.0453 0.207397 1.23145
      vertex 79.0585 0.115334 0.860352
    endloop
  endfacet
  facet normal -0.144991 -0.0103667 0.989379
    outer loop
      vertex 3.51758 4.12563 3.98047
      vertex 3.13867 4.1121 3.9248
      vertex 3.53138 3.93262 3.98047
    endloop
  endfacet
  facet normal -0.826371 0.451263 0.336857
    outer loop
      vertex 0.77665 96.0715 1.23145
      vertex 0.632208 95.538 1.5918
      vertex 0.88537 96.0016 1.5918
    endloop
  endfacet
  facet normal -0.0911013 0.419004 0.903403
    outer loop
      vertex 3.72487 95.9135 3.53906
      vertex 3.45535 95.8549 3.53906
      vertex 3.7742 95.5705 3.70312
    endloop
  endfacet
  facet normal -0.596311 0 0.802753
    outer loop
      vertex 1.7334 93.9381 3.34277
      vertex 1.42578 4.05092 3.11426
      vertex 1.7334 4.06191 3.34277
    endloop
  endfacet
  facet normal -0.671792 -2.61954e-20 0.74074
    outer loop
      vertex 1.42578 93.9491 3.11426
      vertex 1.14258 93.9592 2.85742
      vertex 1.14258 4.04081 2.85742
    endloop
  endfacet
  facet normal -0.802747 -8.92407e-09 0.596319
    outer loop
      vertex 0.885741 93.9684 2.57422
      vertex 0.657226 93.9765 2.2666
      vertex 0.657227 4.02347 2.2666
    endloop
  endfacet
  facet normal -0.687041 0.51421 0.513384
    outer loop
      vertex 1.47497 96.188 2.2666
      vertex 1.02374 95.9127 1.93848
      vertex 1.18929 95.8063 2.2666
    endloop
  endfacet
  facet normal -0.665785 -0.665785 0.336837
    outer loop
      vertex 1.10427 1.49083 1.23145
      vertex 1.57547 1.20194 1.5918
      vertex 1.20194 1.57547 1.5918
    endloop
  endfacet
  facet normal -0.665785 -0.665785 0.336837
    outer loop
      vertex 1.57547 1.20194 1.5918
      vertex 1.10427 1.49083 1.23145
      vertex 1.49083 1.10427 1.23145
    endloop
  endfacet
  facet normal 0.427647 -0.0306549 0.903426
    outer loop
      vertex 80.4385 4.07363 3.53906
      vertex 80.0928 4.08597 3.70312
      vertex 80.4135 3.72487 3.53906
    endloop
  endfacet
  facet normal 0.903956 -0 0.427624
    outer loop
      vertex 82.0391 4.01646 1.93848
      vertex 82.2031 79.6047 1.5918
      vertex 82.0391 79.7504 1.93848
    endloop
  endfacet
  facet normal 0.903956 0 0.427624
    outer loop
      vertex 82.2031 79.6047 1.5918
      vertex 82.0391 4.01646 1.93848
      vertex 82.2031 4.0106 1.5918
    endloop
  endfacet
  facet normal 0.1362 -0.0507452 0.989381
    outer loop
      vertex 79.3187 3.75959 3.9248
      vertex 78.9306 3.80333 3.98047
      vertex 79.2762 3.64552 3.9248
    endloop
  endfacet
  facet normal 1 -0 0
    outer loop
      vertex 82.5 4 0.0996094
      vertex 82.5 79.341 0
      vertex 82.5 79.341 0.0996094
    endloop
  endfacet
  facet normal 1 0 0
    outer loop
      vertex 82.5 79.341 0
      vertex 82.5 4 0.0996094
      vertex 82.5 4 0
    endloop
  endfacet
  facet normal 0.315609 -0.11772 0.941559
    outer loop
      vertex 79.6757 3.65478 3.83203
      vertex 79.6146 3.49097 3.83203
      vertex 79.9432 3.34089 3.70312
    endloop
  endfacet
  facet normal -0.410973 -0.307657 0.858166
    outer loop
      vertex 2.37368 2.95483 3.53906
      vertex 2.09694 2.77698 3.34277
      vertex 2.53898 2.73402 3.53906
    endloop
  endfacet
  facet normal -0.236987 -0.0515509 0.970144
    outer loop
      vertex 3.18125 3.75959 3.9248
      vertex 2.78712 3.82561 3.83203
      vertex 2.82428 3.65478 3.83203
    endloop
  endfacet
  facet normal -0.241912 -0.0173003 0.970144
    outer loop
      vertex 3.15537 3.87856 3.9248
      vertex 2.76758 4.09884 3.83203
      vertex 2.78712 3.82561 3.83203
    endloop
  endfacet
  facet normal -0.477363 -0.35736 0.802757
    outer loop
      vertex 2.09694 2.77698 3.34277
      vertex 1.83749 2.61024 3.11426
      vertex 2.05729 2.31663 3.11426
    endloop
  endfacet
  facet normal 0.0612137 -0.85598 0.513373
    outer loop
      vertex 78.9755 0.692912 2.2666
      vertex 78.4765 0.657227 2.2666
      vertex 78.4835 0.460938 1.93848
    endloop
  endfacet
  facet normal -0.802747 -8.92568e-09 0.596319
    outer loop
      vertex 0.885741 93.9684 2.57422
      vertex 0.657227 4.02347 2.2666
      vertex 0.885742 4.03163 2.57422
    endloop
  endfacet
  facet normal -0.670081 0.0479365 0.740738
    outer loop
      vertex 1.45559 94.3658 3.11426
      vertex 1.14258 93.9592 2.85742
      vertex 1.42578 93.9491 3.11426
    endloop
  endfacet
  facet normal -0.996277 0.0712484 0.0485405
    outer loop
      vertex 0.0407133 94.5693 0.0996094
      vertex 0 94 0.0996094
      vertex 0.0185537 93.9993 0.481445
    endloop
  endfacet
  facet normal -0.966412 0.210216 0.147845
    outer loop
      vertex 0.179876 95.1217 0.481445
      vertex 0.115334 94.5585 0.860352
      vertex 0.234362 95.1057 0.860352
    endloop
  endfacet
  facet normal -0.901592 0.0644777 0.427755
    outer loop
      vertex 0.498125 94.5035 1.93848
      vertex 0.335318 94.5269 1.5918
      vertex 0.460937 93.9835 1.93848
    endloop
  endfacet
  facet normal 0 -0.145361 0.989379
    outer loop
      vertex 4.12563 3.51758 3.98047
      vertex 78.3879 3.13867 3.9248
      vertex 78.3744 3.51758 3.98047
    endloop
  endfacet
  facet normal 0 -0.145361 0.989379
    outer loop
      vertex 78.3879 3.13867 3.9248
      vertex 4.12563 3.51758 3.98047
      vertex 4.1121 3.13867 3.9248
    endloop
  endfacet
  facet normal 0.208355 -0.558723 0.802756
    outer loop
      vertex 79.5679 1.66172 3.11426
      vertex 79.1373 1.82946 3.34277
      vertex 79.2242 1.53355 3.11426
    endloop
  endfacet
  facet normal -0.242529 0 0.970144
    outer loop
      vertex 3.13867 93.8879 3.9248
      vertex 2.76758 4.09884 3.83203
      vertex 3.13867 4.1121 3.9248
    endloop
  endfacet
  facet normal -0.142045 0.0308919 0.989378
    outer loop
      vertex 3.18125 94.2404 3.9248
      vertex 3.15537 94.1214 3.9248
      vertex 3.53138 94.0674 3.98047
    endloop
  endfacet
  facet normal -0.427635 0.0305979 0.903433
    outer loop
      vertex 2.08647 94.2751 3.53906
      vertex 2.06152 93.9264 3.53906
      vertex 2.40723 93.914 3.70312
    endloop
  endfacet
  facet normal -0.171493 0.171473 0.970148
    outer loop
      vertex 3.19756 94.9261 3.83203
      vertex 3.35511 94.5588 3.9248
      vertex 3.4412 94.6449 3.9248
    endloop
  endfacet
  facet normal -0.171555 0.171444 0.970142
    outer loop
      vertex 3.35511 94.5588 3.9248
      vertex 3.19756 94.9261 3.83203
      vertex 3.07394 94.8024 3.83203
    endloop
  endfacet
  facet normal -0.986491 0.0705537 0.147844
    outer loop
      vertex 0.0591269 94.5666 0.481445
      vertex 0.0185537 93.9993 0.481445
      vertex 0.115334 94.5585 0.860352
    endloop
  endfacet
  facet normal -0.838562 0.182422 0.513357
    outer loop
      vertex 0.794243 94.9413 2.2666
      vertex 0.605424 94.9967 1.93848
      vertex 0.692912 94.4755 2.2666
    endloop
  endfacet
  facet normal -0.594799 0.042541 0.802748
    outer loop
      vertex 1.76085 94.3219 3.34277
      vertex 1.45559 94.3658 3.11426
      vertex 1.7334 93.9381 3.34277
    endloop
  endfacet
  facet normal -0.804028 0.299917 0.513409
    outer loop
      vertex 0.960833 95.3879 2.2666
      vertex 0.781826 95.4697 1.93848
      vertex 0.794243 94.9413 2.2666
    endloop
  endfacet
  facet normal -0.868044 0.473965 0.147839
    outer loop
      vertex 0.650635 96.1525 0.481445
      vertex 0.378392 95.6539 0.481445
      vertex 0.698405 96.1218 0.860352
    endloop
  endfacet
  facet normal -0.606823 0.606721 0.513475
    outer loop
      vertex 1.32624 96.3168 1.93848
      vertex 1.81205 96.525 2.2666
      vertex 1.68318 96.6738 1.93848
    endloop
  endfacet
  facet normal -0.606781 0.606925 0.513283
    outer loop
      vertex 1.81205 96.525 2.2666
      vertex 1.32624 96.3168 1.93848
      vertex 1.47497 96.188 2.2666
    endloop
  endfacet
  facet normal -0.93695 -0.349464 -1.55945e-17
    outer loop
      vertex 0.361471 2.33834 0
      vertex 0.162027 2.87307 0.0996094
      vertex 0.162027 2.87307 0
    endloop
  endfacet
  facet normal -0.93695 -0.349464 -1.55945e-17
    outer loop
      vertex 0.162027 2.87307 0.0996094
      vertex 0.361471 2.33834 0
      vertex 0.361471 2.33834 0.0996094
    endloop
  endfacet
  facet normal -0.210313 0.966394 0.147822
    outer loop
      vertex 3.43339 97.9409 0.481445
      vertex 2.87831 97.8201 0.481445
      vertex 3.44147 97.8847 0.860352
    endloop
  endfacet
  facet normal 0.868022 -0.474042 0.147721
    outer loop
      vertex 82.07 2.36966 0.860352
      vertex 81.8016 1.87819 0.860352
      vertex 82.1216 2.34607 0.481445
    endloop
  endfacet
  facet normal 0.144995 -0.0103683 0.989378
    outer loop
      vertex 79.3613 4.1121 3.9248
      vertex 78.9686 3.93262 3.98047
      vertex 79.3446 3.87856 3.9248
    endloop
  endfacet
  facet normal -0.182368 0.838587 0.513336
    outer loop
      vertex 3.52451 97.3071 2.2666
      vertex 3.00326 97.3946 1.93848
      vertex 3.0587 97.2058 2.2666
    endloop
  endfacet
  facet normal -0.855979 -0.0612199 0.513373
    outer loop
      vertex 0.692912 3.52451 2.2666
      vertex 0.460938 4.01646 1.93848
      vertex 0.498125 3.49651 1.93848
    endloop
  endfacet
  facet normal -0.699337 -0.699337 0.14784
    outer loop
      vertex 0.991059 1.39274 0.481445
      vertex 1.42992 1.03398 0.860352
      vertex 1.03398 1.42992 0.860352
    endloop
  endfacet
  facet normal -0.699337 -0.699337 0.14784
    outer loop
      vertex 1.42992 1.03398 0.860352
      vertex 0.991059 1.39274 0.481445
      vertex 1.39274 0.991059 0.481445
    endloop
  endfacet
  facet normal 0.0479365 -0.670081 0.740738
    outer loop
      vertex 78.8658 1.45559 3.11426
      vertex 78.4491 1.42578 3.11426
      vertex 78.4592 1.14258 2.85742
    endloop
  endfacet
  facet normal -0.0612185 -0.855979 0.513374
    outer loop
      vertex 4.02347 0.657227 2.2666
      vertex 3.52451 0.692912 2.2666
      vertex 4.01646 0.460938 1.93848
    endloop
  endfacet
  facet normal 0.401672 -0.149826 0.903444
    outer loop
      vertex 80.3549 3.45535 3.53906
      vertex 79.9432 3.34089 3.70312
      vertex 80.2585 3.19691 3.53906
    endloop
  endfacet
  facet normal 0.740662 -0 0.671878
    outer loop
      vertex 81.3574 4.04081 2.85742
      vertex 81.6143 80.1276 2.57422
      vertex 81.3574 80.3557 2.85742
    endloop
  endfacet
  facet normal 0.740662 0 0.671878
    outer loop
      vertex 81.6143 80.1276 2.57422
      vertex 81.3574 4.04081 2.85742
      vertex 81.6143 4.03163 2.57422
    endloop
  endfacet
  facet normal -0.0447945 0.0243 0.998701
    outer loop
      vertex 3.92458 94.0485 4
      vertex 3.60172 94.256 3.98047
      vertex 3.91845 94.0372 4
    endloop
  endfacet
  facet normal 0 -1 0
    outer loop
      vertex 4 0 0
      vertex 78.5 0 0.0996094
      vertex 4 0 0.0996094
    endloop
  endfacet
  facet normal 0 -1 -0
    outer loop
      vertex 78.5 0 0.0996094
      vertex 4 0 0
      vertex 78.5 0 0
    endloop
  endfacet
  facet normal 0.0671678 -0.93917 0.336821
    outer loop
      vertex 79.0453 0.207397 1.23145
      vertex 78.4894 0.296875 1.5918
      vertex 78.494 0.167969 1.23145
    endloop
  endfacet
  facet normal -0.738854 -0.0528445 0.67179
    outer loop
      vertex 1.14258 4.04081 2.85742
      vertex 0.885742 4.03163 2.57422
      vertex 0.91968 3.55712 2.57422
    endloop
  endfacet
  facet normal -0.926653 -0.345623 0.147845
    outer loop
      vertex 0.234362 2.89431 0.860352
      vertex 0.179876 2.87831 0.481445
      vertex 0.430046 2.36966 0.860352
    endloop
  endfacet
  facet normal -0.800702 -0.0572652 0.596319
    outer loop
      vertex 0.885742 4.03163 2.57422
      vertex 0.657227 4.02347 2.2666
      vertex 0.692912 3.52451 2.2666
    endloop
  endfacet
  facet normal -0.882202 -0.329044 0.336821
    outer loop
      vertex 0.447605 2.95692 1.5918
      vertex 0.323605 2.92051 1.23145
      vertex 0.632208 2.46198 1.5918
    endloop
  endfacet
  facet normal -0.882202 -0.329041 0.336826
    outer loop
      vertex 0.632208 2.46198 1.5918
      vertex 0.323605 2.92051 1.23145
      vertex 0.514651 2.40829 1.23145
    endloop
  endfacet
  facet normal -0.42764 -0.030593 0.903431
    outer loop
      vertex 2.40723 4.08597 3.70312
      vertex 2.06152 4.07363 3.53906
      vertex 2.08647 3.72487 3.53906
    endloop
  endfacet
  facet normal -0.908977 -0.339027 0.24253
    outer loop
      vertex 0.323605 2.92051 1.23145
      vertex 0.234362 2.89431 0.860352
      vertex 0.514651 2.40829 1.23145
    endloop
  endfacet
  facet normal -0.967672 -0.0692074 0.242532
    outer loop
      vertex 0.167969 4.006 1.23145
      vertex 0.115334 3.44147 0.860352
      vertex 0.207397 3.45471 1.23145
    endloop
  endfacet
  facet normal -0.970143 -1.07808e-08 0.242534
    outer loop
      vertex 0.167968 93.994 1.23145
      vertex 0.0751953 4.00269 0.860352
      vertex 0.167969 4.006 1.23145
    endloop
  endfacet
  facet normal -0.986491 -0.0705557 0.147841
    outer loop
      vertex 0.115334 3.44147 0.860352
      vertex 0.0185547 4.00066 0.481445
      vertex 0.0591269 3.43339 0.481445
    endloop
  endfacet
  facet normal -0.986491 -0.0705543 0.147843
    outer loop
      vertex 0.0751953 4.00269 0.860352
      vertex 0.0185547 4.00066 0.481445
      vertex 0.115334 3.44147 0.860352
    endloop
  endfacet
  facet normal -0.920053 0.200145 0.336816
    outer loop
      vertex 0.323605 95.0795 1.23145
      vertex 0.207397 94.5453 1.23145
      vertex 0.447605 95.0431 1.5918
    endloop
  endfacet
  facet normal -0.975996 0.212305 0.0485675
    outer loop
      vertex 0.179876 95.1217 0.481445
      vertex 0.0407133 94.5693 0.0996094
      vertex 0.0591269 94.5666 0.481445
    endloop
  endfacet
  facet normal -0.989011 -1.09892e-08 0.147842
    outer loop
      vertex 0.0751944 93.9973 0.860352
      vertex 0.0185537 93.9993 0.481445
      vertex 0.0185547 4.00066 0.481445
    endloop
  endfacet
  facet normal -0.989011 -9.8907e-09 0.147842
    outer loop
      vertex 0.0751944 93.9973 0.860352
      vertex 0.0185547 4.00066 0.481445
      vertex 0.0751953 4.00269 0.860352
    endloop
  endfacet
  facet normal -0.996276 0.0712535 0.0485482
    outer loop
      vertex 0.0407133 94.5693 0.0996094
      vertex 0.0185537 93.9993 0.481445
      vertex 0.0591269 94.5666 0.481445
    endloop
  endfacet
  facet normal -0.465001 0.851467 0.242442
    outer loop
      vertex 2.36966 97.57 0.860352
      vertex 1.87819 97.3016 0.860352
      vertex 1.92848 97.2234 1.23145
    endloop
  endfacet
  facet normal -0.0697197 0.127573 0.989376
    outer loop
      vertex 3.64552 94.7762 3.9248
      vertex 3.53866 94.7178 3.9248
      vertex 3.74404 94.3983 3.98047
    endloop
  endfacet
  facet normal -0.142037 -0.0309038 0.989379
    outer loop
      vertex 3.53138 3.93262 3.98047
      vertex 3.18125 3.75959 3.9248
      vertex 3.54574 3.86662 3.98047
    endloop
  endfacet
  facet normal -0.14204 -0.0308984 0.989379
    outer loop
      vertex 3.53138 3.93262 3.98047
      vertex 3.15537 3.87856 3.9248
      vertex 3.18125 3.75959 3.9248
    endloop
  endfacet
  facet normal -0.145343 -0.194149 0.970145
    outer loop
      vertex 3.4412 3.35511 3.9248
      vertex 3.19756 3.07394 3.83203
      vertex 3.53866 3.28215 3.9248
    endloop
  endfacet
  facet normal -0.558717 -0.208389 0.802751
    outer loop
      vertex 1.82946 3.36267 3.34277
      vertex 1.53355 3.27578 3.11426
      vertex 1.66172 2.93214 3.11426
    endloop
  endfacet
  facet normal -0.0644834 -0.901591 0.427757
    outer loop
      vertex 3.49651 0.498125 1.93848
      vertex 3.4731 0.335318 1.5918
      vertex 4.0106 0.296875 1.5918
    endloop
  endfacet
  facet normal -0.0715993 -0.329131 0.941566
    outer loop
      vertex 3.65478 2.82428 3.83203
      vertex 3.553 2.47764 3.70312
      vertex 3.7742 2.42952 3.70312
    endloop
  endfacet
  facet normal -0.0447231 -0.0244125 0.998701
    outer loop
      vertex 3.91845 3.96276 4
      vertex 3.60172 3.74404 3.98047
      vertex 3.92458 3.95153 4
    endloop
  endfacet
  facet normal -0.481116 0.642645 0.596267
    outer loop
      vertex 2.19367 96.8107 2.2666
      vertex 1.81205 96.525 2.2666
      vertex 1.96208 96.3519 2.57422
    endloop
  endfacet
  facet normal -0.704592 0.384732 0.596264
    outer loop
      vertex 1.38202 95.6825 2.57422
      vertex 0.960833 95.3879 2.2666
      vertex 1.16923 95.2928 2.57422
    endloop
  endfacet
  facet normal 0.127624 -0.069527 0.989383
    outer loop
      vertex 78.9306 3.80333 3.98047
      vertex 78.8983 3.74404 3.98047
      vertex 79.2762 3.64552 3.9248
    endloop
  endfacet
  facet normal -0.512058 0.0366232 0.85817
    outer loop
      vertex 1.76085 94.3219 3.34277
      vertex 1.7334 93.9381 3.34277
      vertex 2.08647 94.2751 3.53906
    endloop
  endfacet
  facet normal -0.513376 -5.18645e-20 0.858164
    outer loop
      vertex 2.06152 93.9264 3.53906
      vertex 1.7334 93.9381 3.34277
      vertex 1.7334 4.06191 3.34277
    endloop
  endfacet
  facet normal -0.59479 0.0425503 0.802754
    outer loop
      vertex 1.45559 94.3658 3.11426
      vertex 1.42578 93.9491 3.11426
      vertex 1.7334 93.9381 3.34277
    endloop
  endfacet
  facet normal -0.596311 1.38707e-19 0.802753
    outer loop
      vertex 1.7334 93.9381 3.34277
      vertex 1.42578 93.9491 3.11426
      vertex 1.42578 4.05092 3.11426
    endloop
  endfacet
  facet normal -0.96641 0.21022 0.147851
    outer loop
      vertex 0.179876 95.1217 0.481445
      vertex 0.0591269 94.5666 0.481445
      vertex 0.115334 94.5585 0.860352
    endloop
  endfacet
  facet normal -0.882197 0.329069 0.336813
    outer loop
      vertex 0.632208 95.538 1.5918
      vertex 0.323605 95.0795 1.23145
      vertex 0.447605 95.0431 1.5918
    endloop
  endfacet
  facet normal -0.694046 0.25882 0.671798
    outer loop
      vertex 1.16923 95.2928 2.57422
      vertex 1.01406 94.8767 2.57422
      vertex 1.40345 95.1858 2.85742
    endloop
  endfacet
  facet normal -0.738851 0.0528469 0.671794
    outer loop
      vertex 0.91968 94.4429 2.57422
      vertex 0.885741 93.9684 2.57422
      vertex 1.14258 93.9592 2.85742
    endloop
  endfacet
  facet normal -0.85598 0.0612154 0.513373
    outer loop
      vertex 0.692912 94.4755 2.2666
      vertex 0.460937 93.9835 1.93848
      vertex 0.657226 93.9765 2.2666
    endloop
  endfacet
  facet normal -0.947973 0.206219 0.242531
    outer loop
      vertex 0.234362 95.1057 0.860352
      vertex 0.207397 94.5453 1.23145
      vertex 0.323605 95.0795 1.23145
    endloop
  endfacet
  facet normal -0.694061 0.258872 0.671762
    outer loop
      vertex 1.40345 95.1858 2.85742
      vertex 1.01406 94.8767 2.57422
      vertex 1.26112 94.8042 2.85742
    endloop
  endfacet
  facet normal -0.784389 0.170637 0.596337
    outer loop
      vertex 0.794243 94.9413 2.2666
      vertex 0.692912 94.4755 2.2666
      vertex 1.01406 94.8767 2.57422
    endloop
  endfacet
  facet normal -0.793327 0.433221 0.427729
    outer loop
      vertex 1.02374 95.9127 1.93848
      vertex 0.632208 95.538 1.5918
      vertex 0.781826 95.4697 1.93848
    endloop
  endfacet
  facet normal -0.642634 0.481144 0.596257
    outer loop
      vertex 1.64811 96.0379 2.57422
      vertex 1.18929 95.8063 2.2666
      vertex 1.38202 95.6825 2.57422
    endloop
  endfacet
  facet normal 0.589546 -0.32197 0.740791
    outer loop
      vertex 80.8383 2.93214 3.11426
      vertex 80.6625 2.61024 3.11426
      vertex 80.9014 2.45674 2.85742
    endloop
  endfacet
  facet normal 0.212805 -0.1163 0.970149
    outer loop
      vertex 79.2762 3.64552 3.9248
      vertex 79.2178 3.53866 3.9248
      vertex 79.5308 3.33752 3.83203
    endloop
  endfacet
  facet normal 0.88325 -0.19216 0.427719
    outer loop
      vertex 82.1647 3.4731 1.5918
      vertex 81.8946 3.00326 1.93848
      vertex 82.0524 2.95692 1.5918
    endloop
  endfacet
  facet normal 0.975979 -0.212399 0.0485048
    outer loop
      vertex 82.4409 3.43339 0.481445
      vertex 82.3201 2.87831 0.481445
      vertex 82.4593 3.43074 0.0996094
    endloop
  endfacet
  facet normal -0.977147 -0.212565 5.75137e-17
    outer loop
      vertex 0.162027 2.87307 0
      vertex 0.0407133 3.43074 0.0996094
      vertex 0.0407133 3.43074 0
    endloop
  endfacet
  facet normal -0.977147 -0.212565 5.75137e-17
    outer loop
      vertex 0.0407133 3.43074 0.0996094
      vertex 0.162027 2.87307 0
      vertex 0.162027 2.87307 0.0996094
    endloop
  endfacet
  facet normal -0.212565 -0.977147 0
    outer loop
      vertex 2.87307 0.162027 0
      vertex 3.43074 0.0407133 0.0996094
      vertex 2.87307 0.162027 0.0996094
    endloop
  endfacet
  facet normal -0.212565 -0.977147 -0
    outer loop
      vertex 3.43074 0.0407133 0.0996094
      vertex 2.87307 0.162027 0
      vertex 3.43074 0.0407133 0
    endloop
  endfacet
  facet normal -0.0713375 -0.997452 0
    outer loop
      vertex 3.43074 0.0407133 0
      vertex 4 0 0.0996094
      vertex 3.43074 0.0407133 0.0996094
    endloop
  endfacet
  facet normal -0.0713375 -0.997452 -0
    outer loop
      vertex 4 0 0.0996094
      vertex 3.43074 0.0407133 0
      vertex 4 0 0
    endloop
  endfacet
  facet normal -0.354968 0.650052 0.671886
    outer loop
      vertex 2.70723 96.8308 2.57422
      vertex 2.31753 96.618 2.57422
      vertex 2.8142 96.5965 2.85742
    endloop
  endfacet
  facet normal -0.421614 0.42167 0.802768
    outer loop
      vertex 2.31663 95.9427 3.11426
      vertex 2.29036 95.4814 3.34277
      vertex 2.51859 95.7096 3.34277
    endloop
  endfacet
  facet normal -0.421606 0.421671 0.802771
    outer loop
      vertex 2.29036 95.4814 3.34277
      vertex 2.31663 95.9427 3.11426
      vertex 2.05729 95.6834 3.11426
    endloop
  endfacet
  facet normal -0.200169 0.920062 0.336776
    outer loop
      vertex 3.45471 97.7926 1.23145
      vertex 2.95692 97.5524 1.5918
      vertex 3.4731 97.6647 1.5918
    endloop
  endfacet
  facet normal -0.776668 0.581338 0.242555
    outer loop
      vertex 1.10427 96.5092 1.23145
      vertex 0.698405 96.1218 0.860352
      vertex 0.77665 96.0715 1.23145
    endloop
  endfacet
  facet normal -0.514239 0.686939 0.513491
    outer loop
      vertex 2.08727 96.9763 1.93848
      vertex 1.68318 96.6738 1.93848
      vertex 1.81205 96.525 2.2666
    endloop
  endfacet
  facet normal 0.0644756 -0.901588 0.427765
    outer loop
      vertex 79.0035 0.498125 1.93848
      vertex 78.4835 0.460938 1.93848
      vertex 78.4894 0.296875 1.5918
    endloop
  endfacet
  facet normal -0.656432 -0.142793 0.740748
    outer loop
      vertex 1.45559 3.63417 3.11426
      vertex 1.26112 3.19579 2.85742
      vertex 1.53355 3.27578 3.11426
    endloop
  endfacet
  facet normal -0.064482 -0.90159 0.427759
    outer loop
      vertex 4.01646 0.460938 1.93848
      vertex 3.49651 0.498125 1.93848
      vertex 4.0106 0.296875 1.5918
    endloop
  endfacet
  facet normal 0.157437 -0.723806 0.671802
    outer loop
      vertex 79.3042 1.26112 2.85742
      vertex 78.9062 1.17455 2.85742
      vertex 78.9429 0.91968 2.57422
    endloop
  endfacet
  facet normal 0.349011 -0.935857 0.0486019
    outer loop
      vertex 80.1539 0.378392 0.481445
      vertex 79.6269 0.162027 0.0996094
      vertex 80.1617 0.361471 0.0996094
    endloop
  endfacet
  facet normal 0.511974 -0.0365458 0.858223
    outer loop
      vertex 80.7666 4.06191 3.34277
      vertex 80.4135 3.72487 3.53906
      vertex 80.7392 3.67806 3.34277
    endloop
  endfacet
  facet normal 0.594884 -0.0424641 0.802689
    outer loop
      vertex 80.7666 4.06191 3.34277
      vertex 80.7392 3.67806 3.34277
      vertex 81.0444 3.63417 3.11426
    endloop
  endfacet
  facet normal 0.996287 -0.0711295 0.048503
    outer loop
      vertex 82.4814 4.00066 0.481445
      vertex 82.4409 3.43339 0.481445
      vertex 82.4593 3.43074 0.0996094
    endloop
  endfacet
  facet normal 0.0240184 -0.335978 0.941564
    outer loop
      vertex 78.7258 2.42952 3.70312
      vertex 78.4012 2.76758 3.83203
      vertex 78.414 2.40723 3.70312
    endloop
  endfacet
  facet normal 0.402608 -0.537788 0.740737
    outer loop
      vertex 80.1834 2.05729 3.11426
      vertex 79.8898 1.83749 3.11426
      vertex 80.0433 1.59864 2.85742
    endloop
  endfacet
  facet normal 0.241887 -0.0172631 0.970151
    outer loop
      vertex 79.7324 4.09884 3.83203
      vertex 79.3446 3.87856 3.9248
      vertex 79.7129 3.82561 3.83203
    endloop
  endfacet
  facet normal 8.41983e-21 -0.998821 0.0485362
    outer loop
      vertex 4 0 0.0996094
      vertex 78.4993 0.0185547 0.481445
      vertex 4.00066 0.0185547 0.481445
    endloop
  endfacet
  facet normal 8.41967e-21 -0.998821 0.0485362
    outer loop
      vertex 78.4993 0.0185547 0.481445
      vertex 4 0 0.0996094
      vertex 78.5 0 0.0996094
    endloop
  endfacet
  facet normal -0.0671711 -0.939168 0.336824
    outer loop
      vertex 3.4731 0.335318 1.5918
      vertex 3.45471 0.207397 1.23145
      vertex 4.0106 0.296875 1.5918
    endloop
  endfacet
  facet normal -0.212313 -0.975995 0.0485398
    outer loop
      vertex 3.43339 0.0591269 0.481445
      vertex 2.87831 0.179876 0.481445
      vertex 3.43074 0.0407133 0.0996094
    endloop
  endfacet
  facet normal -0.670081 -0.0479307 0.740739
    outer loop
      vertex 1.42578 4.05092 3.11426
      vertex 1.14258 4.04081 2.85742
      vertex 1.45559 3.63417 3.11426
    endloop
  endfacet
  facet normal -0.8007 -0.0572678 0.596322
    outer loop
      vertex 0.885742 4.03163 2.57422
      vertex 0.692912 3.52451 2.2666
      vertex 0.91968 3.55712 2.57422
    endloop
  endfacet
  facet normal -0.967671 -0.0692083 0.242533
    outer loop
      vertex 0.167969 4.006 1.23145
      vertex 0.0751953 4.00269 0.860352
      vertex 0.115334 3.44147 0.860352
    endloop
  endfacet
  facet normal -0.920051 -0.200145 0.336821
    outer loop
      vertex 0.447605 2.95692 1.5918
      vertex 0.207397 3.45471 1.23145
      vertex 0.323605 2.92051 1.23145
    endloop
  endfacet
  facet normal -0.947973 -0.206219 0.242531
    outer loop
      vertex 0.323605 2.92051 1.23145
      vertex 0.207397 3.45471 1.23145
      vertex 0.234362 2.89431 0.860352
    endloop
  endfacet
  facet normal -0.941568 -1.04643e-08 0.336822
    outer loop
      vertex 0.296874 93.9894 1.5918
      vertex 0.167969 4.006 1.23145
      vertex 0.296875 4.0106 1.5918
    endloop
  endfacet
  facet normal -0.90159 -0.064482 0.427759
    outer loop
      vertex 0.460938 4.01646 1.93848
      vertex 0.296875 4.0106 1.5918
      vertex 0.498125 3.49651 1.93848
    endloop
  endfacet
  facet normal -0.784402 -0.170637 0.596319
    outer loop
      vertex 1.01406 3.12325 2.57422
      vertex 0.692912 3.52451 2.2666
      vertex 0.794243 3.0587 2.2666
    endloop
  endfacet
  facet normal -0.79333 -0.433184 0.42776
    outer loop
      vertex 0.781826 2.53031 1.93848
      vertex 0.632208 2.46198 1.5918
      vertex 1.02374 2.08727 1.93848
    endloop
  endfacet
  facet normal -0.883237 -0.192135 0.427758
    outer loop
      vertex 0.605424 3.00326 1.93848
      vertex 0.335318 3.4731 1.5918
      vertex 0.447605 2.95692 1.5918
    endloop
  endfacet
  facet normal -0.96641 -0.210228 0.14784
    outer loop
      vertex 0.115334 3.44147 0.860352
      vertex 0.0591269 3.43339 0.481445
      vertex 0.179876 2.87831 0.481445
    endloop
  endfacet
  facet normal -0.926653 -0.345625 0.147843
    outer loop
      vertex 0.430046 2.36966 0.860352
      vertex 0.179876 2.87831 0.481445
      vertex 0.378392 2.34607 0.481445
    endloop
  endfacet
  facet normal -0.903893 -1.00456e-08 0.427759
    outer loop
      vertex 0.460937 93.9835 1.93848
      vertex 0.296874 93.9894 1.5918
      vertex 0.296875 4.0106 1.5918
    endloop
  endfacet
  facet normal -0.93917 -0.067169 0.336821
    outer loop
      vertex 0.296875 4.0106 1.5918
      vertex 0.167969 4.006 1.23145
      vertex 0.207397 3.45471 1.23145
    endloop
  endfacet
  facet normal -0.998822 0 0.0485335
    outer loop
      vertex 0 94 0.0996094
      vertex 0 4 0.0996094
      vertex 0.0185537 93.9993 0.481445
    endloop
  endfacet
  facet normal -0.926643 0.345652 0.147845
    outer loop
      vertex 0.430046 95.6303 0.860352
      vertex 0.179876 95.1217 0.481445
      vertex 0.234362 95.1057 0.860352
    endloop
  endfacet
  facet normal -0.997453 0.0713325 -2.63108e-17
    outer loop
      vertex 0 94 0
      vertex 0.0407133 94.5693 0.0996094
      vertex 0.0407133 94.5693 0
    endloop
  endfacet
  facet normal -0.997453 0.0713325 -2.63108e-17
    outer loop
      vertex 0.0407133 94.5693 0.0996094
      vertex 0 94 0
      vertex 0 94 0.0996094
    endloop
  endfacet
  facet normal -0.986492 0.0705584 0.147838
    outer loop
      vertex 0.115334 94.5585 0.860352
      vertex 0.0185537 93.9993 0.481445
      vertex 0.0751944 93.9973 0.860352
    endloop
  endfacet
  facet normal -0.967672 0.0692123 0.242531
    outer loop
      vertex 0.115334 94.5585 0.860352
      vertex 0.0751944 93.9973 0.860352
      vertex 0.167968 93.994 1.23145
    endloop
  endfacet
  facet normal -0.882195 0.329051 0.336834
    outer loop
      vertex 0.514651 95.5917 1.23145
      vertex 0.323605 95.0795 1.23145
      vertex 0.632208 95.538 1.5918
    endloop
  endfacet
  facet normal -0.451271 0.826314 0.336987
    outer loop
      vertex 2.46198 97.3678 1.5918
      vertex 1.92848 97.2234 1.23145
      vertex 1.99835 97.1146 1.5918
    endloop
  endfacet
  facet normal -0.935838 0.349077 0.0484999
    outer loop
      vertex 0.378392 95.6539 0.481445
      vertex 0.162027 95.1269 0.0996094
      vertex 0.179876 95.1217 0.481445
    endloop
  endfacet
  facet normal -0.975991 0.21234 0.0485147
    outer loop
      vertex 0.162027 95.1269 0.0996094
      vertex 0.0407133 94.5693 0.0996094
      vertex 0.179876 95.1217 0.481445
    endloop
  endfacet
  facet normal -0.799553 0.598642 0.0484074
    outer loop
      vertex 0.977001 96.6194 0.0996094
      vertex 0.634985 96.1626 0.0996094
      vertex 0.991059 96.6073 0.481445
    endloop
  endfacet
  facet normal -0.0497908 -0.0107946 0.998701
    outer loop
      vertex 3.91127 3.98724 4
      vertex 3.53138 3.93262 3.98047
      vertex 3.91398 3.97474 4
    endloop
  endfacet
  facet normal 0.145316 -0.194192 0.970141
    outer loop
      vertex 79.0588 3.35511 3.9248
      vertex 78.9613 3.28215 3.9248
      vertex 79.3024 3.07394 3.83203
    endloop
  endfacet
  facet normal -0.335968 -0.0240267 0.941567
    outer loop
      vertex 2.76758 4.09884 3.83203
      vertex 2.42952 3.7742 3.70312
      vertex 2.78712 3.82561 3.83203
    endloop
  endfacet
  facet normal -0.512068 -0.0366329 0.858164
    outer loop
      vertex 2.06152 4.07363 3.53906
      vertex 1.7334 4.06191 3.34277
      vertex 2.08647 3.72487 3.53906
    endloop
  endfacet
  facet normal -0.35736 -0.477363 0.802757
    outer loop
      vertex 2.77698 2.09694 3.34277
      vertex 2.31663 2.05729 3.11426
      vertex 2.61024 1.83749 3.11426
    endloop
  endfacet
  facet normal 0.464911 -0.851486 0.242549
    outer loop
      vertex 80.5715 0.77665 1.23145
      vertex 80.1303 0.430046 0.860352
      vertex 80.6218 0.698405 0.860352
    endloop
  endfacet
  facet normal -0.269654 -0.20185 0.941565
    outer loop
      vertex 3.07394 3.19756 3.83203
      vertex 2.66525 3.14221 3.70312
      vertex 2.80091 2.96098 3.70312
    endloop
  endfacet
  facet normal -0.117714 -0.315594 0.941565
    outer loop
      vertex 3.49097 2.88538 3.83203
      vertex 3.34089 2.55676 3.70312
      vertex 3.65478 2.82428 3.83203
    endloop
  endfacet
  facet normal -0.194111 0.145368 0.970149
    outer loop
      vertex 3.07394 94.8024 3.83203
      vertex 2.96917 94.6625 3.83203
      vertex 3.28215 94.4613 3.9248
    endloop
  endfacet
  facet normal -0.336831 0 0.941565
    outer loop
      vertex 2.76758 93.9012 3.83203
      vertex 2.40723 4.08597 3.70312
      vertex 2.76758 4.09884 3.83203
    endloop
  endfacet
  facet normal -0.0509512 0 0.998701
    outer loop
      vertex 3.90039 93.8607 4
      vertex 3.51758 4.12563 3.98047
      vertex 3.90039 4.1393 4
    endloop
  endfacet
  facet normal -0.0644161 0.901658 0.427626
    outer loop
      vertex 4.0106 97.7031 1.5918
      vertex 3.4731 97.6647 1.5918
      vertex 4.01646 97.5391 1.93848
    endloop
  endfacet
  facet normal -0.227238 0.0847632 0.970143
    outer loop
      vertex 2.88538 94.509 3.83203
      vertex 2.82428 94.3452 3.83203
      vertex 3.18125 94.2404 3.9248
    endloop
  endfacet
  facet normal -0.513376 0 0.858164
    outer loop
      vertex 2.06152 93.9264 3.53906
      vertex 1.7334 4.06191 3.34277
      vertex 2.06152 4.07363 3.53906
    endloop
  endfacet
  facet normal -0.428732 9.1802e-20 0.903432
    outer loop
      vertex 2.40723 93.914 3.70312
      vertex 2.06152 93.9264 3.53906
      vertex 2.06152 4.07363 3.53906
    endloop
  endfacet
  facet normal -0.592976 0.443964 0.671771
    outer loop
      vertex 1.64811 96.0379 2.57422
      vertex 1.38202 95.6825 2.57422
      vertex 1.84271 95.8693 2.85742
    endloop
  endfacet
  facet normal -0.650122 0.35499 0.671806
    outer loop
      vertex 1.38202 95.6825 2.57422
      vertex 1.16923 95.2928 2.57422
      vertex 1.40345 95.1858 2.85742
    endloop
  endfacet
  facet normal -0.846923 0.315854 0.427736
    outer loop
      vertex 0.632208 95.538 1.5918
      vertex 0.605424 94.9967 1.93848
      vertex 0.781826 95.4697 1.93848
    endloop
  endfacet
  facet normal -0.901587 0.0644849 0.427765
    outer loop
      vertex 0.335318 94.5269 1.5918
      vertex 0.296874 93.9894 1.5918
      vertex 0.460937 93.9835 1.93848
    endloop
  endfacet
  facet normal -0.846875 0.315893 0.427802
    outer loop
      vertex 0.632208 95.538 1.5918
      vertex 0.447605 95.0431 1.5918
      vertex 0.605424 94.9967 1.93848
    endloop
  endfacet
  facet normal -0.838552 0.182433 0.51337
    outer loop
      vertex 0.605424 94.9967 1.93848
      vertex 0.498125 94.5035 1.93848
      vertex 0.692912 94.4755 2.2666
    endloop
  endfacet
  facet normal -0.8007 0.0572708 0.596321
    outer loop
      vertex 0.91968 94.4429 2.57422
      vertex 0.692912 94.4755 2.2666
      vertex 0.885741 93.9684 2.57422
    endloop
  endfacet
  facet normal -0.800708 0.0572626 0.596312
    outer loop
      vertex 0.692912 94.4755 2.2666
      vertex 0.657226 93.9765 2.2666
      vertex 0.885741 93.9684 2.57422
    endloop
  endfacet
  facet normal -0.582689 0.126754 0.802749
    outer loop
      vertex 1.82946 94.6373 3.34277
      vertex 1.45559 94.3658 3.11426
      vertex 1.76085 94.3219 3.34277
    endloop
  endfacet
  facet normal -0.656436 0.142783 0.740746
    outer loop
      vertex 1.26112 94.8042 2.85742
      vertex 1.17455 94.4062 2.85742
      vertex 1.45559 94.3658 3.11426
    endloop
  endfacet
  facet normal -0.752178 0.280499 0.596278
    outer loop
      vertex 1.16923 95.2928 2.57422
      vertex 0.960833 95.3879 2.2666
      vertex 1.01406 94.8767 2.57422
    endloop
  endfacet
  facet normal -0.704591 0.384725 0.59627
    outer loop
      vertex 1.18929 95.8063 2.2666
      vertex 0.960833 95.3879 2.2666
      vertex 1.38202 95.6825 2.57422
    endloop
  endfacet
  facet normal -0.58962 0.321956 0.740738
    outer loop
      vertex 1.83749 95.3898 3.11426
      vertex 1.59864 95.5433 2.85742
      vertex 1.66172 95.0679 3.11426
    endloop
  endfacet
  facet normal -0.558685 0.20838 0.802776
    outer loop
      vertex 1.94225 94.9397 3.34277
      vertex 1.66172 95.0679 3.11426
      vertex 1.82946 94.6373 3.34277
    endloop
  endfacet
  facet normal 0.802766 -0 0.596294
    outer loop
      vertex 81.6143 4.03163 2.57422
      vertex 81.8428 79.9247 2.2666
      vertex 81.6143 80.1276 2.57422
    endloop
  endfacet
  facet normal 0.802766 0 0.596294
    outer loop
      vertex 81.8428 79.9247 2.2666
      vertex 81.6143 4.03163 2.57422
      vertex 81.8428 4.02347 2.2666
    endloop
  endfacet
  facet normal 0.665698 -0.665822 0.336938
    outer loop
      vertex 81.0092 1.10427 1.23145
      vertex 81.2981 1.57547 1.5918
      vertex 80.9245 1.20194 1.5918
    endloop
  endfacet
  facet normal 0.665866 -0.665762 0.336724
    outer loop
      vertex 81.2981 1.57547 1.5918
      vertex 81.0092 1.10427 1.23145
      vertex 81.3957 1.49083 1.23145
    endloop
  endfacet
  facet normal 0.998816 -0 0.0486544
    outer loop
      vertex 82.4814 4.00066 0.481445
      vertex 82.5 79.341 0.0996094
      vertex 82.4814 79.3575 0.481445
    endloop
  endfacet
  facet normal 0.998816 0 0.0486544
    outer loop
      vertex 82.5 79.341 0.0996094
      vertex 82.4814 4.00066 0.481445
      vertex 82.5 4 0.0996094
    endloop
  endfacet
  facet normal 0.428742 -0 0.903427
    outer loop
      vertex 80.0928 4.08597 3.70312
      vertex 80.4385 81.1718 3.53906
      vertex 80.0928 81.4788 3.70312
    endloop
  endfacet
  facet normal 0.428742 0 0.903427
    outer loop
      vertex 80.4385 81.1718 3.53906
      vertex 80.0928 4.08597 3.70312
      vertex 80.4385 4.07363 3.53906
    endloop
  endfacet
  facet normal 0.800719 -0.0572905 0.596294
    outer loop
      vertex 81.8428 4.02347 2.2666
      vertex 81.6143 4.03163 2.57422
      vertex 81.8071 3.52451 2.2666
    endloop
  endfacet
  facet normal 0.670119 -0.0479674 0.740702
    outer loop
      vertex 81.3574 4.04081 2.85742
      vertex 81.0444 3.63417 3.11426
      vertex 81.3254 3.59376 2.85742
    endloop
  endfacet
  facet normal -0.975995 -0.212313 0.0485398
    outer loop
      vertex 0.0591269 3.43339 0.481445
      vertex 0.0407133 3.43074 0.0996094
      vertex 0.179876 2.87831 0.481445
    endloop
  endfacet
  facet normal -0.996276 -0.0712555 0.0485389
    outer loop
      vertex 0.0591269 3.43339 0.481445
      vertex 0.0185547 4.00066 0.481445
      vertex 0.0407133 3.43074 0.0996094
    endloop
  endfacet
  facet normal 0.200145 -0.920053 0.336816
    outer loop
      vertex 79.5431 0.447605 1.5918
      vertex 79.0453 0.207397 1.23145
      vertex 79.5795 0.323605 1.23145
    endloop
  endfacet
  facet normal 0.478685 -0.876639 0.0486266
    outer loop
      vertex 80.6626 0.634985 0.0996094
      vertex 80.1539 0.378392 0.481445
      vertex 80.1617 0.361471 0.0996094
    endloop
  endfacet
  facet normal 0.0712484 -0.996277 0.0485431
    outer loop
      vertex 79.0693 0.0407133 0.0996094
      vertex 78.4993 0.0185547 0.481445
      vertex 78.5 0 0.0996094
    endloop
  endfacet
  facet normal 0.0713325 -0.997453 0
    outer loop
      vertex 78.5 0 0
      vertex 79.0693 0.0407133 0.0996094
      vertex 78.5 0 0.0996094
    endloop
  endfacet
  facet normal 0.0713325 -0.997453 0
    outer loop
      vertex 79.0693 0.0407133 0.0996094
      vertex 78.5 0 0
      vertex 79.0693 0.0407133 0
    endloop
  endfacet
  facet normal -5.04498e-20 0.970127 0.242598
    outer loop
      vertex 61.5734 97.9248 0.860352
      vertex 4.006 97.832 1.23145
      vertex 61.6779 97.832 1.23145
    endloop
  endfacet
  facet normal -5.05385e-20 0.970127 0.242598
    outer loop
      vertex 4.006 97.832 1.23145
      vertex 61.5734 97.9248 0.860352
      vertex 4.00269 97.9248 0.860352
    endloop
  endfacet
  facet normal -0.345491 0.926697 0.14788
    outer loop
      vertex 2.87831 97.8201 0.481445
      vertex 2.36966 97.57 0.860352
      vertex 2.89431 97.7656 0.860352
    endloop
  endfacet
  facet normal -0.479233 0.877688 0
    outer loop
      vertex 2.33834 97.6385 0
      vertex 1.83744 97.365 0.0996094
      vertex 2.33834 97.6385 0.0996094
    endloop
  endfacet
  facet normal -0.479233 0.877688 0
    outer loop
      vertex 1.83744 97.365 0.0996094
      vertex 2.33834 97.6385 0
      vertex 1.83744 97.365 0
    endloop
  endfacet
  facet normal 0 1 -0
    outer loop
      vertex 61.5 98 0
      vertex 4 98 0.0996094
      vertex 61.5 98 0.0996094
    endloop
  endfacet
  facet normal 0 1 0
    outer loop
      vertex 4 98 0.0996094
      vertex 61.5 98 0
      vertex 4 98 0
    endloop
  endfacet
  facet normal -0.464934 -0.851476 0.242538
    outer loop
      vertex 1.92848 0.77665 1.23145
      vertex 1.87819 0.698405 0.860352
      vertex 2.36966 0.430046 0.860352
    endloop
  endfacet
  facet normal -0.642638 0.480976 0.596388
    outer loop
      vertex 1.47497 96.188 2.2666
      vertex 1.18929 95.8063 2.2666
      vertex 1.64811 96.0379 2.57422
    endloop
  endfacet
  facet normal 0.212591 -0.977141 0
    outer loop
      vertex 79.0693 0.0407133 0
      vertex 79.6269 0.162027 0.0996094
      vertex 79.0693 0.0407133 0.0996094
    endloop
  endfacet
  facet normal 0.212591 -0.977141 0
    outer loop
      vertex 79.6269 0.162027 0.0996094
      vertex 79.0693 0.0407133 0
      vertex 79.6269 0.162027 0
    endloop
  endfacet
  facet normal -0.200143 -0.92005 0.336824
    outer loop
      vertex 3.4731 0.335318 1.5918
      vertex 2.95692 0.447605 1.5918
      vertex 3.45471 0.207397 1.23145
    endloop
  endfacet
  facet normal -0.427656 -0.0305753 0.903424
    outer loop
      vertex 2.40723 4.08597 3.70312
      vertex 2.08647 3.72487 3.53906
      vertex 2.42952 3.7742 3.70312
    endloop
  endfacet
  facet normal -0.116367 -0.0871138 0.989379
    outer loop
      vertex 3.60172 3.74404 3.98047
      vertex 3.28215 3.53866 3.9248
      vertex 3.35511 3.4412 3.9248
    endloop
  endfacet
  facet normal -0.704555 -0.384712 0.596321
    outer loop
      vertex 1.16923 2.70723 2.57422
      vertex 0.960833 2.61206 2.2666
      vertex 1.38202 2.31753 2.57422
    endloop
  endfacet
  facet normal -0.752131 -0.280535 0.596321
    outer loop
      vertex 1.01406 3.12325 2.57422
      vertex 0.960833 2.61206 2.2666
      vertex 1.16923 2.70723 2.57422
    endloop
  endfacet
  facet normal -0.776639 -0.581383 0.242539
    outer loop
      vertex 0.77665 1.92848 1.23145
      vertex 0.698405 1.87819 0.860352
      vertex 1.10427 1.49083 1.23145
    endloop
  endfacet
  facet normal 0.212305 -0.975996 0.0485675
    outer loop
      vertex 79.6217 0.179876 0.481445
      vertex 79.0666 0.0591269 0.481445
      vertex 79.0693 0.0407133 0.0996094
    endloop
  endfacet
  facet normal 0.206219 -0.947973 0.242531
    outer loop
      vertex 79.5795 0.323605 1.23145
      vertex 79.0453 0.207397 1.23145
      vertex 79.6057 0.234362 0.860352
    endloop
  endfacet
  facet normal 0.0305979 -0.427635 0.903433
    outer loop
      vertex 78.7751 2.08647 3.53906
      vertex 78.414 2.40723 3.70312
      vertex 78.4264 2.06152 3.53906
    endloop
  endfacet
  facet normal 0.0425503 -0.59479 0.802754
    outer loop
      vertex 78.8658 1.45559 3.11426
      vertex 78.4381 1.7334 3.34277
      vertex 78.4491 1.42578 3.11426
    endloop
  endfacet
  facet normal -0.067169 -0.93917 0.336821
    outer loop
      vertex 4.0106 0.296875 1.5918
      vertex 3.45471 0.207397 1.23145
      vertex 4.006 0.167969 1.23145
    endloop
  endfacet
  facet normal -1.12439e-19 -0.903893 0.427759
    outer loop
      vertex 4.0106 0.296875 1.5918
      vertex 78.4835 0.460938 1.93848
      vertex 4.01646 0.460938 1.93848
    endloop
  endfacet
  facet normal -1.12421e-19 -0.903893 0.427759
    outer loop
      vertex 78.4835 0.460938 1.93848
      vertex 4.0106 0.296875 1.5918
      vertex 78.4894 0.296875 1.5918
    endloop
  endfacet
  facet normal 0.513399 -0 0.85815
    outer loop
      vertex 80.4385 4.07363 3.53906
      vertex 80.7666 80.8804 3.34277
      vertex 80.4385 81.1718 3.53906
    endloop
  endfacet
  facet normal 0.513399 0 0.85815
    outer loop
      vertex 80.7666 80.8804 3.34277
      vertex 80.4385 4.07363 3.53906
      vertex 80.7666 4.06191 3.34277
    endloop
  endfacet
  facet normal 0.826363 -0.451235 0.336914
    outer loop
      vertex 81.8678 2.46198 1.5918
      vertex 81.7234 1.92848 1.23145
      vertex 81.9854 2.40829 1.23145
    endloop
  endfacet
  facet normal 0.791672 -0.592775 0.147899
    outer loop
      vertex 81.8016 1.87819 0.860352
      vertex 81.5089 1.39274 0.481445
      vertex 81.8494 1.84749 0.481445
    endloop
  endfacet
  facet normal 0.582736 -0.126935 0.802687
    outer loop
      vertex 80.7392 3.67806 3.34277
      vertex 80.6705 3.36267 3.34277
      vertex 81.0444 3.63417 3.11426
    endloop
  endfacet
  facet normal 0.656501 -0.142692 0.740706
    outer loop
      vertex 81.3254 3.59376 2.85742
      vertex 81.0444 3.63417 3.11426
      vertex 81.2389 3.19579 2.85742
    endloop
  endfacet
  facet normal 0.149855 -0.401722 0.903417
    outer loop
      vertex 79.1591 2.55676 3.70312
      vertex 78.947 2.47764 3.70312
      vertex 79.0446 2.1451 3.53906
    endloop
  endfacet
  facet normal -0.512057 -0.0366184 0.85817
    outer loop
      vertex 2.08647 3.72487 3.53906
      vertex 1.7334 4.06191 3.34277
      vertex 1.76085 3.67806 3.34277
    endloop
  endfacet
  facet normal -0.73886 -0.0528383 0.671784
    outer loop
      vertex 1.14258 4.04081 2.85742
      vertex 0.91968 3.55712 2.57422
      vertex 1.17455 3.59376 2.85742
    endloop
  endfacet
  facet normal -0.629428 -0.234762 0.740748
    outer loop
      vertex 1.53355 3.27578 3.11426
      vertex 1.26112 3.19579 2.85742
      vertex 1.66172 2.93214 3.11426
    endloop
  endfacet
  facet normal -0.656431 -0.142793 0.740748
    outer loop
      vertex 1.45559 3.63417 3.11426
      vertex 1.17455 3.59376 2.85742
      vertex 1.26112 3.19579 2.85742
    endloop
  endfacet
  facet normal -0.855979 -0.0612185 0.513374
    outer loop
      vertex 0.657227 4.02347 2.2666
      vertex 0.460938 4.01646 1.93848
      vertex 0.692912 3.52451 2.2666
    endloop
  endfacet
  facet normal -0.858165 -9.54014e-09 0.513374
    outer loop
      vertex 0.657226 93.9765 2.2666
      vertex 0.460938 4.01646 1.93848
      vertex 0.657227 4.02347 2.2666
    endloop
  endfacet
  facet normal -0.79174 -0.592697 0.147843
    outer loop
      vertex 1.03398 1.42992 0.860352
      vertex 0.698405 1.87819 0.860352
      vertex 0.991059 1.39274 0.481445
    endloop
  endfacet
  facet normal -0.704555 -0.384714 0.596319
    outer loop
      vertex 1.38202 2.31753 2.57422
      vertex 0.960833 2.61206 2.2666
      vertex 1.18929 2.19367 2.2666
    endloop
  endfacet
  facet normal -0.826394 -0.451247 0.336823
    outer loop
      vertex 0.88537 1.99835 1.5918
      vertex 0.632208 2.46198 1.5918
      vertex 0.77665 1.92848 1.23145
    endloop
  endfacet
  facet normal -0.753765 -0.56426 0.336823
    outer loop
      vertex 0.88537 1.99835 1.5918
      vertex 0.77665 1.92848 1.23145
      vertex 1.10427 1.49083 1.23145
    endloop
  endfacet
  facet normal -0.996277 -0.0712534 0.0485357
    outer loop
      vertex 0.0185547 4.00066 0.481445
      vertex 0 4 0.0996094
      vertex 0.0407133 3.43074 0.0996094
    endloop
  endfacet
  facet normal -0.34955 0.936918 0
    outer loop
      vertex 2.87307 97.838 0
      vertex 2.33834 97.6385 0.0996094
      vertex 2.87307 97.838 0.0996094
    endloop
  endfacet
  facet normal -0.34955 0.936918 0
    outer loop
      vertex 2.33834 97.6385 0.0996094
      vertex 2.87307 97.838 0
      vertex 2.33834 97.6385 0
    endloop
  endfacet
  facet normal -0.846903 -0.315878 0.427758
    outer loop
      vertex 0.605424 3.00326 1.93848
      vertex 0.447605 2.95692 1.5918
      vertex 0.632208 2.46198 1.5918
    endloop
  endfacet
  facet normal -0.92005 -0.200143 0.336824
    outer loop
      vertex 0.335318 3.4731 1.5918
      vertex 0.207397 3.45471 1.23145
      vertex 0.447605 2.95692 1.5918
    endloop
  endfacet
  facet normal -0.967673 0.069208 0.242525
    outer loop
      vertex 0.207397 94.5453 1.23145
      vertex 0.115334 94.5585 0.860352
      vertex 0.167968 93.994 1.23145
    endloop
  endfacet
  facet normal -0.93917 0.0671695 0.336821
    outer loop
      vertex 0.207397 94.5453 1.23145
      vertex 0.167968 93.994 1.23145
      vertex 0.296874 93.9894 1.5918
    endloop
  endfacet
  facet normal -0.707143 0.707071 0
    outer loop
      vertex 1.38056 97.023 0
      vertex 0.977001 96.6194 0.0996094
      vertex 1.38056 97.023 0.0996094
    endloop
  endfacet
  facet normal -0.707143 0.707071 0
    outer loop
      vertex 0.977001 96.6194 0.0996094
      vertex 1.38056 97.023 0
      vertex 0.977001 96.6194 0
    endloop
  endfacet
  facet normal -0.977141 0.212591 -2.3466e-17
    outer loop
      vertex 0.0407133 94.5693 0
      vertex 0.162027 95.1269 0.0996094
      vertex 0.162027 95.1269 0
    endloop
  endfacet
  facet normal -0.977141 0.212591 -2.3466e-17
    outer loop
      vertex 0.162027 95.1269 0.0996094
      vertex 0.0407133 94.5693 0
      vertex 0.0407133 94.5693 0.0996094
    endloop
  endfacet
  facet normal -0.936965 0.349424 -2.47801e-17
    outer loop
      vertex 0.162027 95.1269 0
      vertex 0.361471 95.6617 0.0996094
      vertex 0.361471 95.6617 0
    endloop
  endfacet
  facet normal -0.936965 0.349424 -2.47801e-17
    outer loop
      vertex 0.361471 95.6617 0.0996094
      vertex 0.162027 95.1269 0
      vertex 0.162027 95.1269 0.0996094
    endloop
  endfacet
  facet normal -0.935857 0.349011 0.0486019
    outer loop
      vertex 0.361471 95.6617 0.0996094
      vertex 0.162027 95.1269 0.0996094
      vertex 0.378392 95.6539 0.481445
    endloop
  endfacet
  facet normal -0.851486 0.464911 0.242549
    outer loop
      vertex 0.698405 96.1218 0.860352
      vertex 0.430046 95.6303 0.860352
      vertex 0.77665 96.0715 1.23145
    endloop
  endfacet
  facet normal -0.851478 0.464957 0.242488
    outer loop
      vertex 0.77665 96.0715 1.23145
      vertex 0.430046 95.6303 0.860352
      vertex 0.514651 95.5917 1.23145
    endloop
  endfacet
  facet normal -0.876652 0.478665 0.0485919
    outer loop
      vertex 0.634985 96.1626 0.0996094
      vertex 0.378392 95.6539 0.481445
      vertex 0.650635 96.1525 0.481445
    endloop
  endfacet
  facet normal -0.723624 0.541683 0.427724
    outer loop
      vertex 1.20194 96.4245 1.5918
      vertex 0.88537 96.0016 1.5918
      vertex 1.02374 95.9127 1.93848
    endloop
  endfacet
  facet normal -0.236987 -0.0515527 0.970144
    outer loop
      vertex 3.15537 3.87856 3.9248
      vertex 2.78712 3.82561 3.83203
      vertex 3.18125 3.75959 3.9248
    endloop
  endfacet
  facet normal -0.0447208 -0.0244158 0.998701
    outer loop
      vertex 3.91845 3.96276 4
      vertex 3.56935 3.80333 3.98047
      vertex 3.60172 3.74404 3.98047
    endloop
  endfacet
  facet normal -0.0515509 -0.236987 0.970144
    outer loop
      vertex 3.75959 3.18125 3.9248
      vertex 3.65478 2.82428 3.83203
      vertex 3.82561 2.78712 3.83203
    endloop
  endfacet
  facet normal -0.136193 -0.050806 0.989379
    outer loop
      vertex 3.54574 3.86662 3.98047
      vertex 3.18125 3.75959 3.9248
      vertex 3.56935 3.80333 3.98047
    endloop
  endfacet
  facet normal -0.0407812 -0.0305461 0.998701
    outer loop
      vertex 3.92458 3.95153 4
      vertex 3.60172 3.74404 3.98047
      vertex 3.93225 3.94129 4
    endloop
  endfacet
  facet normal -0.0497867 -0.0108324 0.998701
    outer loop
      vertex 3.91398 3.97474 4
      vertex 3.53138 3.93262 3.98047
      vertex 3.54574 3.86662 3.98047
    endloop
  endfacet
  facet normal 0 -0.242529 0.970144
    outer loop
      vertex 4.1121 3.13867 3.9248
      vertex 78.4012 2.76758 3.83203
      vertex 78.3879 3.13867 3.9248
    endloop
  endfacet
  facet normal 0 -0.242529 0.970144
    outer loop
      vertex 78.4012 2.76758 3.83203
      vertex 4.1121 3.13867 3.9248
      vertex 4.09884 2.76758 3.83203
    endloop
  endfacet
  facet normal -0.335973 -0.0240204 0.941565
    outer loop
      vertex 2.76758 4.09884 3.83203
      vertex 2.40723 4.08597 3.70312
      vertex 2.42952 3.7742 3.70312
    endloop
  endfacet
  facet normal -0.242529 4.47539e-20 0.970144
    outer loop
      vertex 3.13867 93.8879 3.9248
      vertex 2.76758 93.9012 3.83203
      vertex 2.76758 4.09884 3.83203
    endloop
  endfacet
  facet normal 0.042541 -0.594799 0.802748
    outer loop
      vertex 78.8219 1.76085 3.34277
      vertex 78.4381 1.7334 3.34277
      vertex 78.8658 1.45559 3.11426
    endloop
  endfacet
  facet normal 0.142788 -0.65643 0.74075
    outer loop
      vertex 79.2242 1.53355 3.11426
      vertex 78.8658 1.45559 3.11426
      vertex 79.3042 1.26112 2.85742
    endloop
  endfacet
  facet normal 0.592986 -0.443957 0.671766
    outer loop
      vertex 80.9014 2.45674 2.85742
      vertex 80.6573 2.1307 2.85742
      vertex 81.118 2.31753 2.57422
    endloop
  endfacet
  facet normal -0.208389 -0.558717 0.802751
    outer loop
      vertex 3.36267 1.82946 3.34277
      vertex 2.93214 1.66172 3.11426
      vertex 3.27578 1.53355 3.11426
    endloop
  endfacet
  facet normal -0.450569 -0.246041 0.858168
    outer loop
      vertex 2.24149 3.19691 3.53906
      vertex 1.94225 3.06026 3.34277
      vertex 2.09694 2.77698 3.34277
    endloop
  endfacet
  facet normal -0.171491 -0.171491 0.970145
    outer loop
      vertex 3.35511 3.4412 3.9248
      vertex 3.19756 3.07394 3.83203
      vertex 3.4412 3.35511 3.9248
    endloop
  endfacet
  facet normal -0.171491 -0.171491 0.970145
    outer loop
      vertex 3.19756 3.07394 3.83203
      vertex 3.35511 3.4412 3.9248
      vertex 3.07394 3.19756 3.83203
    endloop
  endfacet
  facet normal -0.201854 -0.269653 0.941564
    outer loop
      vertex 3.19756 3.07394 3.83203
      vertex 3.14221 2.66525 3.70312
      vertex 3.33752 2.96917 3.83203
    endloop
  endfacet
  facet normal -0.335978 0.0240184 0.941564
    outer loop
      vertex 2.42952 94.2258 3.70312
      vertex 2.40723 93.914 3.70312
      vertex 2.76758 93.9012 3.83203
    endloop
  endfacet
  facet normal -0.480992 0.179402 0.858173
    outer loop
      vertex 1.94225 94.9397 3.34277
      vertex 1.82946 94.6373 3.34277
      vertex 2.1451 94.5446 3.53906
    endloop
  endfacet
  facet normal -0.24191 0.017302 0.970144
    outer loop
      vertex 2.78712 94.1744 3.83203
      vertex 2.76758 93.9012 3.83203
      vertex 3.15537 94.1214 3.9248
    endloop
  endfacet
  facet normal -0.315582 0.117722 0.941568
    outer loop
      vertex 2.55676 94.6591 3.70312
      vertex 2.47764 94.447 3.70312
      vertex 2.82428 94.3452 3.83203
    endloop
  endfacet
  facet normal 0.0243 -0.0447945 0.998701
    outer loop
      vertex 78.5485 3.92458 4
      vertex 78.5372 3.91845 4
      vertex 78.756 3.60172 3.98047
    endloop
  endfacet
  facet normal -4.64422e-20 0.428742 0.903427
    outer loop
      vertex 63.8102 95.9385 3.53906
      vertex 4.08597 95.5928 3.70312
      vertex 64.1994 95.5928 3.70312
    endloop
  endfacet
  facet normal -4.67352e-20 0.428742 0.903427
    outer loop
      vertex 4.08597 95.5928 3.70312
      vertex 63.8102 95.9385 3.53906
      vertex 4.07363 95.9385 3.53906
    endloop
  endfacet
  facet normal -0.35739 0.477403 0.80272
    outer loop
      vertex 2.61024 96.1625 3.11426
      vertex 2.31663 95.9427 3.11426
      vertex 2.77698 95.9031 3.34277
    endloop
  endfacet
  facet normal -0.384725 0.704545 0.596325
    outer loop
      vertex 2.61206 97.0392 2.2666
      vertex 2.31753 96.618 2.57422
      vertex 2.70723 96.8308 2.57422
    endloop
  endfacet
  facet normal -0.10908 0.501694 0.85814
    outer loop
      vertex 3.72487 95.9135 3.53906
      vertex 3.36267 96.1705 3.34277
      vertex 3.45535 95.8549 3.53906
    endloop
  endfacet
  facet normal -0.285841 0.523392 0.802718
    outer loop
      vertex 2.93214 96.3383 3.11426
      vertex 2.61024 96.1625 3.11426
      vertex 2.77698 95.9031 3.34277
    endloop
  endfacet
  facet normal -0.071561 0.329091 0.941583
    outer loop
      vertex 3.7742 95.5705 3.70312
      vertex 3.553 95.5224 3.70312
      vertex 3.65478 95.1757 3.83203
    endloop
  endfacet
  facet normal 7.4877e-20 0.941573 0.336808
    outer loop
      vertex 61.6779 97.832 1.23145
      vertex 4.0106 97.7031 1.5918
      vertex 61.823 97.7031 1.5918
    endloop
  endfacet
  facet normal 7.50594e-20 0.941573 0.336808
    outer loop
      vertex 4.0106 97.7031 1.5918
      vertex 61.6779 97.832 1.23145
      vertex 4.006 97.832 1.23145
    endloop
  endfacet
  facet normal -0.501637 0.109123 0.858168
    outer loop
      vertex 1.82946 94.6373 3.34277
      vertex 1.76085 94.3219 3.34277
      vertex 2.08647 94.2751 3.53906
    endloop
  endfacet
  facet normal -0.558723 0.208355 0.802756
    outer loop
      vertex 1.66172 95.0679 3.11426
      vertex 1.53355 94.7242 3.11426
      vertex 1.82946 94.6373 3.34277
    endloop
  endfacet
  facet normal -0.32197 0.589546 0.740791
    outer loop
      vertex 2.93214 96.3383 3.11426
      vertex 2.45674 96.4014 2.85742
      vertex 2.61024 96.1625 3.11426
    endloop
  endfacet
  facet normal -0.589652 0.321942 0.740719
    outer loop
      vertex 1.59864 95.5433 2.85742
      vertex 1.40345 95.1858 2.85742
      vertex 1.66172 95.0679 3.11426
    endloop
  endfacet
  facet normal -0.883235 0.192154 0.427753
    outer loop
      vertex 0.605424 94.9967 1.93848
      vertex 0.335318 94.5269 1.5918
      vertex 0.498125 94.5035 1.93848
    endloop
  endfacet
  facet normal -0.85598 0.0612157 0.513372
    outer loop
      vertex 0.498125 94.5035 1.93848
      vertex 0.460937 93.9835 1.93848
      vertex 0.692912 94.4755 2.2666
    endloop
  endfacet
  facet normal -0.740741 -8.23624e-09 0.671791
    outer loop
      vertex 1.14258 93.9592 2.85742
      vertex 0.885741 93.9684 2.57422
      vertex 0.885742 4.03163 2.57422
    endloop
  endfacet
  facet normal -0.740742 0 0.671789
    outer loop
      vertex 1.14258 93.9592 2.85742
      vertex 0.885742 4.03163 2.57422
      vertex 1.14258 4.04081 2.85742
    endloop
  endfacet
  facet normal -0.723826 0.15748 0.671771
    outer loop
      vertex 1.01406 94.8767 2.57422
      vertex 0.91968 94.4429 2.57422
      vertex 1.26112 94.8042 2.85742
    endloop
  endfacet
  facet normal -0.784397 0.170658 0.596319
    outer loop
      vertex 1.01406 94.8767 2.57422
      vertex 0.692912 94.4755 2.2666
      vertex 0.91968 94.4429 2.57422
    endloop
  endfacet
  facet normal -0.62945 0.234774 0.740725
    outer loop
      vertex 1.40345 95.1858 2.85742
      vertex 1.26112 94.8042 2.85742
      vertex 1.66172 95.0679 3.11426
    endloop
  endfacet
  facet normal -0.582686 0.126747 0.802753
    outer loop
      vertex 1.53355 94.7242 3.11426
      vertex 1.45559 94.3658 3.11426
      vertex 1.82946 94.6373 3.34277
    endloop
  endfacet
  facet normal 0.738769 -0.0529349 0.671877
    outer loop
      vertex 81.6143 4.03163 2.57422
      vertex 81.3574 4.04081 2.85742
      vertex 81.5803 3.55712 2.57422
    endloop
  endfacet
  facet normal 0.784355 -0.170657 0.596375
    outer loop
      vertex 81.5803 3.55712 2.57422
      vertex 81.4859 3.12325 2.57422
      vertex 81.8071 3.52451 2.2666
    endloop
  endfacet
  facet normal -0.474042 0.868022 0.147721
    outer loop
      vertex 2.34607 97.6216 0.481445
      vertex 1.87819 97.3016 0.860352
      vertex 2.36966 97.57 0.860352
    endloop
  endfacet
  facet normal 0.935849 -0.349027 0.0486612
    outer loop
      vertex 82.3201 2.87831 0.481445
      vertex 82.1216 2.34607 0.481445
      vertex 82.338 2.87307 0.0996094
    endloop
  endfacet
  facet normal 0.941573 -0 0.336808
    outer loop
      vertex 82.2031 4.0106 1.5918
      vertex 82.332 79.4902 1.23145
      vertex 82.2031 79.6047 1.5918
    endloop
  endfacet
  facet normal 0.941573 0 0.336808
    outer loop
      vertex 82.332 79.4902 1.23145
      vertex 82.2031 4.0106 1.5918
      vertex 82.332 4.006 1.23145
    endloop
  endfacet
  facet normal 0.145365 -0 0.989378
    outer loop
      vertex 78.9824 4.12563 3.98047
      vertex 79.3613 82.1283 3.9248
      vertex 78.9824 82.4648 3.98047
    endloop
  endfacet
  facet normal 0.145365 0 0.989378
    outer loop
      vertex 79.3613 82.1283 3.9248
      vertex 78.9824 4.12563 3.98047
      vertex 79.3613 4.1121 3.9248
    endloop
  endfacet
  facet normal 0.512087 -0.0367077 0.858149
    outer loop
      vertex 80.4385 4.07363 3.53906
      vertex 80.4135 3.72487 3.53906
      vertex 80.7666 4.06191 3.34277
    endloop
  endfacet
  facet normal 0.838587 -0.182368 0.513336
    outer loop
      vertex 81.8071 3.52451 2.2666
      vertex 81.7058 3.0587 2.2666
      vertex 81.8946 3.00326 1.93848
    endloop
  endfacet
  facet normal 0.80065 -0.0573689 0.596379
    outer loop
      vertex 81.6143 4.03163 2.57422
      vertex 81.5803 3.55712 2.57422
      vertex 81.8071 3.52451 2.2666
    endloop
  endfacet
  facet normal -0.0712534 -0.996277 0.0485357
    outer loop
      vertex 4.00066 0.0185547 0.481445
      vertex 3.43074 0.0407133 0.0996094
      vertex 4 0 0.0996094
    endloop
  endfacet
  facet normal 0.975994 -0.212291 0.0486667
    outer loop
      vertex 82.4593 3.43074 0.0996094
      vertex 82.3201 2.87831 0.481445
      vertex 82.338 2.87307 0.0996094
    endloop
  endfacet
  facet normal 0.793355 -0.433172 0.427727
    outer loop
      vertex 81.7182 2.53031 1.93848
      vertex 81.4763 2.08727 1.93848
      vertex 81.8678 2.46198 1.5918
    endloop
  endfacet
  facet normal -0.349052 -0.935845 0.0485382
    outer loop
      vertex 2.34607 0.378392 0.481445
      vertex 2.33834 0.361471 0.0996094
      vertex 2.87307 0.162027 0.0996094
    endloop
  endfacet
  facet normal -0.685995 -0.685995 0.24253
    outer loop
      vertex 1.42992 1.03398 0.860352
      vertex 1.10427 1.49083 1.23145
      vertex 1.03398 1.42992 0.860352
    endloop
  endfacet
  facet normal -0.685995 -0.685995 0.24253
    outer loop
      vertex 1.10427 1.49083 1.23145
      vertex 1.42992 1.03398 0.860352
      vertex 1.49083 1.10427 1.23145
    endloop
  endfacet
  facet normal -0.212291 0.975994 0.0486667
    outer loop
      vertex 3.43074 97.9593 0.0996094
      vertex 2.87307 97.838 0.0996094
      vertex 2.87831 97.8201 0.481445
    endloop
  endfacet
  facet normal -0.182413 0.838541 0.513395
    outer loop
      vertex 3.49651 97.5019 1.93848
      vertex 3.00326 97.3946 1.93848
      vertex 3.52451 97.3071 2.2666
    endloop
  endfacet
  facet normal 0.349424 -0.936965 0
    outer loop
      vertex 79.6269 0.162027 0
      vertex 80.1617 0.361471 0.0996094
      vertex 79.6269 0.162027 0.0996094
    endloop
  endfacet
  facet normal 0.349424 -0.936965 0
    outer loop
      vertex 80.1617 0.361471 0.0996094
      vertex 79.6269 0.162027 0
      vertex 80.1617 0.361471 0
    endloop
  endfacet
  facet normal 0.799608 -0.598551 0.0486199
    outer loop
      vertex 81.865 1.83744 0.0996094
      vertex 81.5089 1.39274 0.481445
      vertex 81.523 1.38056 0.0996094
    endloop
  endfacet
  facet normal -0.19216 0.88325 0.427719
    outer loop
      vertex 3.4731 97.6647 1.5918
      vertex 2.95692 97.5524 1.5918
      vertex 3.00326 97.3946 1.93848
    endloop
  endfacet
  facet normal -0.345607 0.92668 0.147713
    outer loop
      vertex 2.87831 97.8201 0.481445
      vertex 2.34607 97.6216 0.481445
      vertex 2.36966 97.57 0.860352
    endloop
  endfacet
  facet normal -0.799625 0.59853 0.0486054
    outer loop
      vertex 0.991059 96.6073 0.481445
      vertex 0.634985 96.1626 0.0996094
      vertex 0.650635 96.1525 0.481445
    endloop
  endfacet
  facet normal -0.338904 0.909028 0.242512
    outer loop
      vertex 2.89431 97.7656 0.860352
      vertex 2.36966 97.57 0.860352
      vertex 2.40829 97.4854 1.23145
    endloop
  endfacet
  facet normal -0.210351 0.966377 0.147881
    outer loop
      vertex 3.44147 97.8847 0.860352
      vertex 2.87831 97.8201 0.481445
      vertex 2.89431 97.7656 0.860352
    endloop
  endfacet
  facet normal -0.206211 0.948001 0.242428
    outer loop
      vertex 3.45471 97.7926 1.23145
      vertex 2.89431 97.7656 0.860352
      vertex 2.92051 97.6764 1.23145
    endloop
  endfacet
  facet normal 1.17687e-19 -0.970143 0.242534
    outer loop
      vertex 4.00269 0.0751953 0.860352
      vertex 78.494 0.167969 1.23145
      vertex 4.006 0.167969 1.23145
    endloop
  endfacet
  facet normal 1.17677e-19 -0.970143 0.242534
    outer loop
      vertex 78.494 0.167969 1.23145
      vertex 4.00269 0.0751953 0.860352
      vertex 78.4973 0.0751953 0.860352
    endloop
  endfacet
  facet normal -0.567627 -0.567627 0.596321
    outer loop
      vertex 1.64811 1.96208 2.57422
      vertex 1.81205 1.47497 2.2666
      vertex 1.96208 1.64811 2.57422
    endloop
  endfacet
  facet normal -0.567627 -0.567627 0.596321
    outer loop
      vertex 1.81205 1.47497 2.2666
      vertex 1.64811 1.96208 2.57422
      vertex 1.47497 1.81205 2.2666
    endloop
  endfacet
  facet normal -0.0692083 -0.967671 0.242533
    outer loop
      vertex 4.006 0.167969 1.23145
      vertex 3.44147 0.115334 0.860352
      vertex 4.00269 0.0751953 0.860352
    endloop
  endfacet
  facet normal -0.706274 -0.706274 0.0485319
    outer loop
      vertex 0.977001 1.38056 0.0996094
      vertex 1.39274 0.991059 0.481445
      vertex 0.991059 1.39274 0.481445
    endloop
  endfacet
  facet normal -0.706274 -0.706274 0.0485319
    outer loop
      vertex 1.39274 0.991059 0.481445
      vertex 0.977001 1.38056 0.0996094
      vertex 1.38056 0.977001 0.0996094
    endloop
  endfacet
  facet normal -0.799596 -0.598574 0.048527
    outer loop
      vertex 0.650635 1.84749 0.481445
      vertex 0.634985 1.83744 0.0996094
      vertex 0.991059 1.39274 0.481445
    endloop
  endfacet
  facet normal -0.58962 -0.321956 0.740738
    outer loop
      vertex 1.66172 2.93214 3.11426
      vertex 1.59864 2.45674 2.85742
      vertex 1.83749 2.61024 3.11426
    endloop
  endfacet
  facet normal -0.418946 -0.0911379 0.903426
    outer loop
      vertex 2.42952 3.7742 3.70312
      vertex 2.1451 3.45535 3.53906
      vertex 2.47764 3.553 3.70312
    endloop
  endfacet
  facet normal 0.704545 -0.384725 0.596325
    outer loop
      vertex 81.3308 2.70723 2.57422
      vertex 81.118 2.31753 2.57422
      vertex 81.5392 2.61206 2.2666
    endloop
  endfacet
  facet normal 0.339061 -0.908973 0.2425
    outer loop
      vertex 80.0917 0.514651 1.23145
      vertex 79.6057 0.234362 0.860352
      vertex 80.1303 0.430046 0.860352
    endloop
  endfacet
  facet normal 0.21022 -0.96641 0.147851
    outer loop
      vertex 79.6217 0.179876 0.481445
      vertex 79.0585 0.115334 0.860352
      vertex 79.0666 0.0591269 0.481445
    endloop
  endfacet
  facet normal 0.0705568 -0.986492 0.147837
    outer loop
      vertex 79.0585 0.115334 0.860352
      vertex 78.4973 0.0751953 0.860352
      vertex 78.4993 0.0185547 0.481445
    endloop
  endfacet
  facet normal 0.851467 -0.465001 0.242442
    outer loop
      vertex 82.07 2.36966 0.860352
      vertex 81.7234 1.92848 1.23145
      vertex 81.8016 1.87819 0.860352
    endloop
  endfacet
  facet normal 0.826314 -0.451271 0.336987
    outer loop
      vertex 81.8678 2.46198 1.5918
      vertex 81.6146 1.99835 1.5918
      vertex 81.7234 1.92848 1.23145
    endloop
  endfacet
  facet normal 0.067171 -0.939168 0.336826
    outer loop
      vertex 79.0269 0.335318 1.5918
      vertex 78.4894 0.296875 1.5918
      vertex 79.0453 0.207397 1.23145
    endloop
  endfacet
  facet normal 0.200135 -0.92005 0.336829
    outer loop
      vertex 79.5431 0.447605 1.5918
      vertex 79.0269 0.335318 1.5918
      vertex 79.0453 0.207397 1.23145
    endloop
  endfacet
  facet normal 0.335932 -0.0240282 0.94158
    outer loop
      vertex 80.0928 4.08597 3.70312
      vertex 79.7324 4.09884 3.83203
      vertex 80.0705 3.7742 3.70312
    endloop
  endfacet
  facet normal 0.582683 -0.126815 0.802744
    outer loop
      vertex 81.0444 3.63417 3.11426
      vertex 80.6705 3.36267 3.34277
      vertex 80.9664 3.27578 3.11426
    endloop
  endfacet
  facet normal 0.920054 -0.200132 0.336821
    outer loop
      vertex 82.2926 3.45471 1.23145
      vertex 82.0524 2.95692 1.5918
      vertex 82.1764 2.92051 1.23145
    endloop
  endfacet
  facet normal 0.966377 -0.210351 0.147881
    outer loop
      vertex 82.3847 3.44147 0.860352
      vertex 82.2656 2.89431 0.860352
      vertex 82.3201 2.87831 0.481445
    endloop
  endfacet
  facet normal 0.939192 -0.0670976 0.336774
    outer loop
      vertex 82.2031 4.0106 1.5918
      vertex 82.1647 3.4731 1.5918
      vertex 82.2926 3.45471 1.23145
    endloop
  endfacet
  facet normal 0.920062 -0.200169 0.336776
    outer loop
      vertex 82.1647 3.4731 1.5918
      vertex 82.0524 2.95692 1.5918
      vertex 82.2926 3.45471 1.23145
    endloop
  endfacet
  facet normal 0.450511 -0.246024 0.858203
    outer loop
      vertex 80.2585 3.19691 3.53906
      vertex 80.1263 2.95483 3.53906
      vertex 80.4031 2.77698 3.34277
    endloop
  endfacet
  facet normal 0.145368 -0.194111 0.970149
    outer loop
      vertex 79.3024 3.07394 3.83203
      vertex 78.9613 3.28215 3.9248
      vertex 79.1625 2.96917 3.83203
    endloop
  endfacet
  facet normal 0.205459 -0.376289 0.903434
    outer loop
      vertex 79.3578 2.66525 3.70312
      vertex 79.3031 2.24149 3.53906
      vertex 79.5452 2.37368 3.53906
    endloop
  endfacet
  facet normal -0.594801 -0.0425356 0.802747
    outer loop
      vertex 1.7334 4.06191 3.34277
      vertex 1.45559 3.63417 3.11426
      vertex 1.76085 3.67806 3.34277
    endloop
  endfacet
  facet normal -0.594791 -0.0425452 0.802754
    outer loop
      vertex 1.7334 4.06191 3.34277
      vertex 1.42578 4.05092 3.11426
      vertex 1.45559 3.63417 3.11426
    endloop
  endfacet
  facet normal -0.686991 -0.51428 0.513381
    outer loop
      vertex 1.18929 2.19367 2.2666
      vertex 1.02374 2.08727 1.93848
      vertex 1.47497 1.81205 2.2666
    endloop
  endfacet
  facet normal -0.753191 -0.411271 0.51338
    outer loop
      vertex 1.18929 2.19367 2.2666
      vertex 0.960833 2.61206 2.2666
      vertex 1.02374 2.08727 1.93848
    endloop
  endfacet
  facet normal -0.723821 -0.157453 0.671783
    outer loop
      vertex 1.26112 3.19579 2.85742
      vertex 0.91968 3.55712 2.57422
      vertex 1.01406 3.12325 2.57422
    endloop
  endfacet
  facet normal -0.7844 -0.170631 0.596324
    outer loop
      vertex 0.91968 3.55712 2.57422
      vertex 0.692912 3.52451 2.2666
      vertex 1.01406 3.12325 2.57422
    endloop
  endfacet
  facet normal -0.192135 -0.883237 0.427758
    outer loop
      vertex 3.00326 0.605424 1.93848
      vertex 2.95692 0.447605 1.5918
      vertex 3.4731 0.335318 1.5918
    endloop
  endfacet
  facet normal -0.321958 -0.589616 0.74074
    outer loop
      vertex 2.93214 1.66172 3.11426
      vertex 2.45674 1.59864 2.85742
      vertex 2.8142 1.40345 2.85742
    endloop
  endfacet
  facet normal -0.64263 -0.481071 0.59632
    outer loop
      vertex 1.64811 1.96208 2.57422
      vertex 1.18929 2.19367 2.2666
      vertex 1.47497 1.81205 2.2666
    endloop
  endfacet
  facet normal -0.64263 -0.481073 0.596319
    outer loop
      vertex 1.38202 2.31753 2.57422
      vertex 1.18929 2.19367 2.2666
      vertex 1.64811 1.96208 2.57422
    endloop
  endfacet
  facet normal -0.791742 -0.592695 0.147839
    outer loop
      vertex 0.698405 1.87819 0.860352
      vertex 0.650635 1.84749 0.481445
      vertex 0.991059 1.39274 0.481445
    endloop
  endfacet
  facet normal -0.908977 -0.33903 0.242526
    outer loop
      vertex 0.514651 2.40829 1.23145
      vertex 0.234362 2.89431 0.860352
      vertex 0.430046 2.36966 0.860352
    endloop
  endfacet
  facet normal -0.639154 -0.639154 0.427743
    outer loop
      vertex 1.20194 1.57547 1.5918
      vertex 1.68318 1.32624 1.93848
      vertex 1.32624 1.68318 1.93848
    endloop
  endfacet
  facet normal -0.639154 -0.639154 0.427743
    outer loop
      vertex 1.68318 1.32624 1.93848
      vertex 1.20194 1.57547 1.5918
      vertex 1.57547 1.20194 1.5918
    endloop
  endfacet
  facet normal -0.793331 -0.433193 0.427751
    outer loop
      vertex 1.02374 2.08727 1.93848
      vertex 0.632208 2.46198 1.5918
      vertex 0.88537 1.99835 1.5918
    endloop
  endfacet
  facet normal -0.599278 -0.800541 0
    outer loop
      vertex 1.38056 0.977001 0
      vertex 1.83744 0.634985 0.0996094
      vertex 1.38056 0.977001 0.0996094
    endloop
  endfacet
  facet normal -0.599278 -0.800541 -0
    outer loop
      vertex 1.83744 0.634985 0.0996094
      vertex 1.38056 0.977001 0
      vertex 1.83744 0.634985 0
    endloop
  endfacet
  facet normal -0.877678 0.479252 -1.16782e-16
    outer loop
      vertex 0.361471 95.6617 0
      vertex 0.634985 96.1626 0.0996094
      vertex 0.634985 96.1626 0
    endloop
  endfacet
  facet normal -0.877678 0.479252 -1.16782e-16
    outer loop
      vertex 0.634985 96.1626 0.0996094
      vertex 0.361471 95.6617 0
      vertex 0.361471 95.6617 0.0996094
    endloop
  endfacet
  facet normal -0.838555 -0.182415 0.513371
    outer loop
      vertex 0.692912 3.52451 2.2666
      vertex 0.498125 3.49651 1.93848
      vertex 0.605424 3.00326 1.93848
    endloop
  endfacet
  facet normal -0.883237 -0.192135 0.427758
    outer loop
      vertex 0.498125 3.49651 1.93848
      vertex 0.335318 3.4731 1.5918
      vertex 0.605424 3.00326 1.93848
    endloop
  endfacet
  facet normal -0.876639 0.478685 0.0486266
    outer loop
      vertex 0.634985 96.1626 0.0996094
      vertex 0.361471 95.6617 0.0996094
      vertex 0.378392 95.6539 0.481445
    endloop
  endfacet
  facet normal -0.753783 0.564209 0.336866
    outer loop
      vertex 1.10427 96.5092 1.23145
      vertex 0.77665 96.0715 1.23145
      vertex 0.88537 96.0016 1.5918
    endloop
  endfacet
  facet normal -0.926643 0.345647 0.147852
    outer loop
      vertex 0.378392 95.6539 0.481445
      vertex 0.179876 95.1217 0.481445
      vertex 0.430046 95.6303 0.860352
    endloop
  endfacet
  facet normal -0.793327 0.433219 0.427731
    outer loop
      vertex 0.88537 96.0016 1.5918
      vertex 0.632208 95.538 1.5918
      vertex 1.02374 95.9127 1.93848
    endloop
  endfacet
  facet normal -0.687036 0.514299 0.513302
    outer loop
      vertex 1.32624 96.3168 1.93848
      vertex 1.02374 95.9127 1.93848
      vertex 1.47497 96.188 2.2666
    endloop
  endfacet
  facet normal -0.592729 0.791724 0.1478
    outer loop
      vertex 1.87819 97.3016 0.860352
      vertex 1.39274 97.0089 0.481445
      vertex 1.42992 96.966 0.860352
    endloop
  endfacet
  facet normal -0.598571 -0.799598 0.0485323
    outer loop
      vertex 1.39274 0.991059 0.481445
      vertex 1.38056 0.977001 0.0996094
      vertex 1.83744 0.634985 0.0996094
    endloop
  endfacet
  facet normal -0.0172986 -0.241911 0.970144
    outer loop
      vertex 4.1121 3.13867 3.9248
      vertex 3.87856 3.15537 3.9248
      vertex 4.09884 2.76758 3.83203
    endloop
  endfacet
  facet normal -0.127583 -0.0696554 0.989379
    outer loop
      vertex 3.56935 3.80333 3.98047
      vertex 3.2238 3.64552 3.9248
      vertex 3.60172 3.74404 3.98047
    endloop
  endfacet
  facet normal -0.212862 -0.116231 0.970144
    outer loop
      vertex 3.2238 3.64552 3.9248
      vertex 2.88538 3.49097 3.83203
      vertex 2.96917 3.33752 3.83203
    endloop
  endfacet
  facet normal -0.194149 -0.145343 0.970145
    outer loop
      vertex 3.28215 3.53866 3.9248
      vertex 3.07394 3.19756 3.83203
      vertex 3.35511 3.4412 3.9248
    endloop
  endfacet
  facet normal -0.0508024 -0.136193 0.989379
    outer loop
      vertex 3.80333 3.56935 3.98047
      vertex 3.64552 3.2238 3.9248
      vertex 3.75959 3.18125 3.9248
    endloop
  endfacet
  facet normal 0.0508191 -0.00363351 0.998701
    outer loop
      vertex 78.9824 4.12563 3.98047
      vertex 78.5887 3.98724 4
      vertex 78.9686 3.93262 3.98047
    endloop
  endfacet
  facet normal -0.136193 -0.0508024 0.989379
    outer loop
      vertex 3.56935 3.80333 3.98047
      vertex 3.18125 3.75959 3.9248
      vertex 3.2238 3.64552 3.9248
    endloop
  endfacet
  facet normal -0.116374 -0.087108 0.989378
    outer loop
      vertex 3.60172 3.74404 3.98047
      vertex 3.35511 3.4412 3.9248
      vertex 3.6422 3.68996 3.98047
    endloop
  endfacet
  facet normal -0.116231 -0.212862 0.970144
    outer loop
      vertex 3.64552 3.2238 3.9248
      vertex 3.33752 2.96917 3.83203
      vertex 3.49097 2.88538 3.83203
    endloop
  endfacet
  facet normal -0.116397 0.0871005 0.989376
    outer loop
      vertex 3.35511 94.5588 3.9248
      vertex 3.28215 94.4613 3.9248
      vertex 3.60172 94.256 3.98047
    endloop
  endfacet
  facet normal -0.0103681 -0.144991 0.989379
    outer loop
      vertex 3.93262 3.53138 3.98047
      vertex 3.87856 3.15537 3.9248
      vertex 4.1121 3.13867 3.9248
    endloop
  endfacet
  facet normal 0.0103673 -0.144992 0.989379
    outer loop
      vertex 78.5674 3.53138 3.98047
      vertex 78.3744 3.51758 3.98047
      vertex 78.3879 3.13867 3.9248
    endloop
  endfacet
  facet normal -0.0305753 -0.427656 0.903424
    outer loop
      vertex 3.7742 2.42952 3.70312
      vertex 3.72487 2.08647 3.53906
      vertex 4.08597 2.40723 3.70312
    endloop
  endfacet
  facet normal 0 -0.513376 0.858164
    outer loop
      vertex 4.07363 2.06152 3.53906
      vertex 78.4381 1.7334 3.34277
      vertex 78.4264 2.06152 3.53906
    endloop
  endfacet
  facet normal 0 -0.513376 0.858164
    outer loop
      vertex 78.4381 1.7334 3.34277
      vertex 4.07363 2.06152 3.53906
      vertex 4.06191 1.7334 3.34277
    endloop
  endfacet
  facet normal 0.315854 -0.846923 0.427736
    outer loop
      vertex 79.9697 0.781826 1.93848
      vertex 79.4967 0.605424 1.93848
      vertex 80.038 0.632208 1.5918
    endloop
  endfacet
  facet normal 0.192154 -0.883235 0.427753
    outer loop
      vertex 79.4967 0.605424 1.93848
      vertex 79.0035 0.498125 1.93848
      vertex 79.0269 0.335318 1.5918
    endloop
  endfacet
  facet normal 0.057261 -0.800708 0.596312
    outer loop
      vertex 78.9755 0.692912 2.2666
      vertex 78.4684 0.885742 2.57422
      vertex 78.4765 0.657227 2.2666
    endloop
  endfacet
  facet normal 0.234724 -0.629436 0.740753
    outer loop
      vertex 79.5679 1.66172 3.11426
      vertex 79.2242 1.53355 3.11426
      vertex 79.3042 1.26112 2.85742
    endloop
  endfacet
  facet normal 0.142783 -0.656436 0.740746
    outer loop
      vertex 79.3042 1.26112 2.85742
      vertex 78.8658 1.45559 3.11426
      vertex 78.9062 1.17455 2.85742
    endloop
  endfacet
  facet normal -9.37225e-20 -0.802747 0.596319
    outer loop
      vertex 4.02347 0.657227 2.2666
      vertex 78.4684 0.885742 2.57422
      vertex 4.03163 0.885742 2.57422
    endloop
  endfacet
  facet normal -9.3702e-20 -0.802747 0.596319
    outer loop
      vertex 78.4684 0.885742 2.57422
      vertex 4.02347 0.657227 2.2666
      vertex 78.4765 0.657227 2.2666
    endloop
  endfacet
  facet normal -0.0425356 -0.594801 0.802747
    outer loop
      vertex 3.67806 1.76085 3.34277
      vertex 3.63417 1.45559 3.11426
      vertex 4.06191 1.7334 3.34277
    endloop
  endfacet
  facet normal -0.0515527 -0.236987 0.970144
    outer loop
      vertex 3.87856 3.15537 3.9248
      vertex 3.75959 3.18125 3.9248
      vertex 3.82561 2.78712 3.83203
    endloop
  endfacet
  facet normal -0.238176 -0.238176 0.941565
    outer loop
      vertex 3.07394 3.19756 3.83203
      vertex 2.96098 2.80091 3.70312
      vertex 3.19756 3.07394 3.83203
    endloop
  endfacet
  facet normal -0.238176 -0.238176 0.941565
    outer loop
      vertex 2.96098 2.80091 3.70312
      vertex 3.07394 3.19756 3.83203
      vertex 2.80091 2.96098 3.70312
    endloop
  endfacet
  facet normal -0.410996 0.307643 0.85816
    outer loop
      vertex 2.29036 95.4814 3.34277
      vertex 2.09694 95.223 3.34277
      vertex 2.53898 95.266 3.53906
    endloop
  endfacet
  facet normal -0.1362 0.0507914 0.989379
    outer loop
      vertex 3.2238 94.3545 3.9248
      vertex 3.18125 94.2404 3.9248
      vertex 3.56935 94.1967 3.98047
    endloop
  endfacet
  facet normal -0.481036 0.17937 0.858155
    outer loop
      vertex 2.24149 94.8031 3.53906
      vertex 1.94225 94.9397 3.34277
      vertex 2.1451 94.5446 3.53906
    endloop
  endfacet
  facet normal -0.212815 0.116271 0.97015
    outer loop
      vertex 3.28215 94.4613 3.9248
      vertex 2.96917 94.6625 3.83203
      vertex 3.2238 94.3545 3.9248
    endloop
  endfacet
  facet normal 0.0305608 -0.0407678 0.998701
    outer loop
      vertex 78.81 3.6422 3.98047
      vertex 78.5587 3.93225 4
      vertex 78.756 3.60172 3.98047
    endloop
  endfacet
  facet normal -0.144993 0.0103699 0.989378
    outer loop
      vertex 3.15537 94.1214 3.9248
      vertex 3.13867 93.8879 3.9248
      vertex 3.53138 94.0674 3.98047
    endloop
  endfacet
  facet normal -0.54169 0.723608 0.427743
    outer loop
      vertex 2.08727 96.9763 1.93848
      vertex 1.57547 96.7981 1.5918
      vertex 1.68318 96.6738 1.93848
    endloop
  endfacet
  facet normal -0.433272 0.793357 0.427621
    outer loop
      vertex 2.46198 97.3678 1.5918
      vertex 1.99835 97.1146 1.5918
      vertex 2.08727 96.9763 1.93848
    endloop
  endfacet
  facet normal -0.149992 0.401701 0.903404
    outer loop
      vertex 3.45535 95.8549 3.53906
      vertex 3.34089 95.4432 3.70312
      vertex 3.553 95.5224 3.70312
    endloop
  endfacet
  facet normal 2.01024e-19 0.596336 0.802735
    outer loop
      vertex 63.0943 96.5742 3.11426
      vertex 4.06191 96.2666 3.34277
      vertex 63.4407 96.2666 3.34277
    endloop
  endfacet
  facet normal 2.02166e-19 0.596336 0.802735
    outer loop
      vertex 4.06191 96.2666 3.34277
      vertex 63.0943 96.5742 3.11426
      vertex 4.05092 96.5742 3.11426
    endloop
  endfacet
  facet normal -1.9178e-19 0.858152 0.513395
    outer loop
      vertex 62.0078 97.5391 1.93848
      vertex 4.02347 97.3428 2.2666
      vertex 62.2288 97.3428 2.2666
    endloop
  endfacet
  facet normal -1.92488e-19 0.858152 0.513395
    outer loop
      vertex 4.02347 97.3428 2.2666
      vertex 62.0078 97.5391 1.93848
      vertex 4.01646 97.5391 1.93848
    endloop
  endfacet
  facet normal -0.0306549 0.427647 0.903426
    outer loop
      vertex 4.07363 95.9385 3.53906
      vertex 3.72487 95.9135 3.53906
      vertex 4.08597 95.5928 3.70312
    endloop
  endfacet
  facet normal -0.402568 0.537752 0.740785
    outer loop
      vertex 2.45674 96.4014 2.85742
      vertex 2.31663 95.9427 3.11426
      vertex 2.61024 96.1625 3.11426
    endloop
  endfacet
  facet normal -0.537788 0.402608 0.740737
    outer loop
      vertex 2.05729 95.6834 3.11426
      vertex 1.59864 95.5433 2.85742
      vertex 1.83749 95.3898 3.11426
    endloop
  endfacet
  facet normal -0.523334 0.285755 0.802786
    outer loop
      vertex 2.09694 95.223 3.34277
      vertex 1.66172 95.0679 3.11426
      vertex 1.94225 94.9397 3.34277
    endloop
  endfacet
  facet normal -0.903893 -1.00469e-08 0.427759
    outer loop
      vertex 0.460937 93.9835 1.93848
      vertex 0.296875 4.0106 1.5918
      vertex 0.460938 4.01646 1.93848
    endloop
  endfacet
  facet normal -0.858165 -9.53866e-09 0.513374
    outer loop
      vertex 0.657226 93.9765 2.2666
      vertex 0.460937 93.9835 1.93848
      vertex 0.460938 4.01646 1.93848
    endloop
  endfacet
  facet normal -0.92005 0.200135 0.336829
    outer loop
      vertex 0.447605 95.0431 1.5918
      vertex 0.207397 94.5453 1.23145
      vertex 0.335318 94.5269 1.5918
    endloop
  endfacet
  facet normal -0.939168 0.0671728 0.336826
    outer loop
      vertex 0.335318 94.5269 1.5918
      vertex 0.207397 94.5453 1.23145
      vertex 0.296874 93.9894 1.5918
    endloop
  endfacet
  facet normal -0.523334 0.285761 0.802784
    outer loop
      vertex 1.83749 95.3898 3.11426
      vertex 1.66172 95.0679 3.11426
      vertex 2.09694 95.223 3.34277
    endloop
  endfacet
  facet normal -0.537788 0.402631 0.740724
    outer loop
      vertex 1.84271 95.8693 2.85742
      vertex 1.59864 95.5433 2.85742
      vertex 2.05729 95.6834 3.11426
    endloop
  endfacet
  facet normal 0.858152 -0 0.513395
    outer loop
      vertex 81.8428 4.02347 2.2666
      vertex 82.0391 79.7504 1.93848
      vertex 81.8428 79.9247 2.2666
    endloop
  endfacet
  facet normal 0.858152 0 0.513395
    outer loop
      vertex 82.0391 79.7504 1.93848
      vertex 81.8428 4.02347 2.2666
      vertex 82.0391 4.01646 1.93848
    endloop
  endfacet
  facet normal 0.986511 -0.0704877 0.14774
    outer loop
      vertex 82.4248 4.00269 0.860352
      vertex 82.3847 3.44147 0.860352
      vertex 82.4814 4.00066 0.481445
    endloop
  endfacet
  facet normal 0.599345 -0.800491 0
    outer loop
      vertex 80.6626 0.634985 0
      vertex 81.1194 0.977001 0.0996094
      vertex 80.6626 0.634985 0.0996094
    endloop
  endfacet
  facet normal 0.599345 -0.800491 0
    outer loop
      vertex 81.1194 0.977001 0.0996094
      vertex 80.6626 0.634985 0
      vertex 81.1194 0.977001 0
    endloop
  endfacet
  facet normal 0.598642 -0.799553 0.0484074
    outer loop
      vertex 81.1073 0.991059 0.481445
      vertex 80.6626 0.634985 0.0996094
      vertex 81.1194 0.977001 0.0996094
    endloop
  endfacet
  facet normal -0.0172982 0.241905 0.970146
    outer loop
      vertex 4.09884 95.2324 3.83203
      vertex 3.87856 94.8446 3.9248
      vertex 4.1121 94.8613 3.9248
    endloop
  endfacet
  facet normal -4.33808e-20 0.33679 0.94158
    outer loop
      vertex 64.1994 95.5928 3.70312
      vertex 4.09884 95.2324 3.83203
      vertex 64.6052 95.2324 3.83203
    endloop
  endfacet
  facet normal -4.36643e-20 0.33679 0.94158
    outer loop
      vertex 4.09884 95.2324 3.83203
      vertex 64.1994 95.5928 3.70312
      vertex 4.08597 95.5928 3.70312
    endloop
  endfacet
  facet normal 0.596336 -0 0.802735
    outer loop
      vertex 80.7666 4.06191 3.34277
      vertex 81.0742 80.6072 3.11426
      vertex 80.7666 80.8804 3.34277
    endloop
  endfacet
  facet normal 0.596336 0 0.802735
    outer loop
      vertex 81.0742 80.6072 3.11426
      vertex 80.7666 4.06191 3.34277
      vertex 81.0742 4.05092 3.11426
    endloop
  endfacet
  facet normal 0.315513 -0.11781 0.94158
    outer loop
      vertex 80.0224 3.553 3.70312
      vertex 79.6757 3.65478 3.83203
      vertex 79.9432 3.34089 3.70312
    endloop
  endfacet
  facet normal 0.501523 -0.109245 0.858219
    outer loop
      vertex 80.7392 3.67806 3.34277
      vertex 80.4135 3.72487 3.53906
      vertex 80.6705 3.36267 3.34277
    endloop
  endfacet
  facet normal 0.629469 -0.234902 0.740668
    outer loop
      vertex 81.2389 3.19579 2.85742
      vertex 80.8383 2.93214 3.11426
      vertex 81.0965 2.8142 2.85742
    endloop
  endfacet
  facet normal 0.883243 -0.192138 0.427743
    outer loop
      vertex 82.0019 3.49651 1.93848
      vertex 81.8946 3.00326 1.93848
      vertex 82.1647 3.4731 1.5918
    endloop
  endfacet
  facet normal 0.855964 -0.0612432 0.513395
    outer loop
      vertex 81.8428 4.02347 2.2666
      vertex 81.8071 3.52451 2.2666
      vertex 82.0391 4.01646 1.93848
    endloop
  endfacet
  facet normal 0.935816 -0.349139 0.0484872
    outer loop
      vertex 82.338 2.87307 0.0996094
      vertex 82.1216 2.34607 0.481445
      vertex 82.1385 2.33834 0.0996094
    endloop
  endfacet
  facet normal 0.977152 -0.212542 -1.05226e-17
    outer loop
      vertex 82.338 2.87307 0.0996094
      vertex 82.4593 3.43074 0
      vertex 82.4593 3.43074 0.0996094
    endloop
  endfacet
  facet normal 0.977152 -0.212542 -1.05226e-17
    outer loop
      vertex 82.4593 3.43074 0
      vertex 82.338 2.87307 0.0996094
      vertex 82.338 2.87307 0
    endloop
  endfacet
  facet normal 0.799536 -0.598663 0.0484222
    outer loop
      vertex 81.8494 1.84749 0.481445
      vertex 81.5089 1.39274 0.481445
      vertex 81.865 1.83744 0.0996094
    endloop
  endfacet
  facet normal 7.28628e-20 0.989027 0.147738
    outer loop
      vertex 61.5096 97.9814 0.481445
      vertex 4.00269 97.9248 0.860352
      vertex 61.5734 97.9248 0.860352
    endloop
  endfacet
  facet normal 7.29411e-20 0.989027 0.147738
    outer loop
      vertex 4.00269 97.9248 0.860352
      vertex 61.5096 97.9814 0.481445
      vertex 4.00066 97.9814 0.481445
    endloop
  endfacet
  facet normal 0.345652 -0.926643 0.147845
    outer loop
      vertex 80.1303 0.430046 0.860352
      vertex 79.6057 0.234362 0.860352
      vertex 79.6217 0.179876 0.481445
    endloop
  endfacet
  facet normal 0.0705519 -0.986491 0.147844
    outer loop
      vertex 79.0585 0.115334 0.860352
      vertex 78.4993 0.0185547 0.481445
      vertex 79.0666 0.0591269 0.481445
    endloop
  endfacet
  facet normal -0.800491 0.599345 5.5428e-17
    outer loop
      vertex 0.634985 96.1626 0
      vertex 0.977001 96.6194 0.0996094
      vertex 0.977001 96.6194 0
    endloop
  endfacet
  facet normal -0.800491 0.599345 5.5428e-17
    outer loop
      vertex 0.977001 96.6194 0.0996094
      vertex 0.634985 96.1626 0
      vertex 0.634985 96.1626 0.0996094
    endloop
  endfacet
  facet normal -0.0712298 0.996273 0.0486536
    outer loop
      vertex 4 98 0.0996094
      vertex 3.43074 97.9593 0.0996094
      vertex 4.00066 97.9814 0.481445
    endloop
  endfacet
  facet normal -0.0713143 0.997454 0
    outer loop
      vertex 4 98 0
      vertex 3.43074 97.9593 0.0996094
      vertex 4 98 0.0996094
    endloop
  endfacet
  facet normal -0.0713143 0.997454 0
    outer loop
      vertex 3.43074 97.9593 0.0996094
      vertex 4 98 0
      vertex 3.43074 97.9593 0
    endloop
  endfacet
  facet normal -0.0691407 0.96766 0.242598
    outer loop
      vertex 4.00269 97.9248 0.860352
      vertex 3.44147 97.8847 0.860352
      vertex 4.006 97.832 1.23145
    endloop
  endfacet
  facet normal -0.0670976 0.939192 0.336774
    outer loop
      vertex 4.0106 97.7031 1.5918
      vertex 3.45471 97.7926 1.23145
      vertex 3.4731 97.6647 1.5918
    endloop
  endfacet
  facet normal -0.349139 0.935816 0.0484872
    outer loop
      vertex 2.87307 97.838 0.0996094
      vertex 2.33834 97.6385 0.0996094
      vertex 2.34607 97.6216 0.481445
    endloop
  endfacet
  facet normal -0.349027 0.935849 0.0486612
    outer loop
      vertex 2.87307 97.838 0.0996094
      vertex 2.34607 97.6216 0.481445
      vertex 2.87831 97.8201 0.481445
    endloop
  endfacet
  facet normal -0.59926 0.800555 0
    outer loop
      vertex 1.83744 97.365 0
      vertex 1.38056 97.023 0.0996094
      vertex 1.83744 97.365 0.0996094
    endloop
  endfacet
  facet normal -0.59926 0.800555 0
    outer loop
      vertex 1.38056 97.023 0.0996094
      vertex 1.83744 97.365 0
      vertex 1.38056 97.023 0
    endloop
  endfacet
  facet normal -0.581415 0.776612 0.24255
    outer loop
      vertex 1.87819 97.3016 0.860352
      vertex 1.42992 96.966 0.860352
      vertex 1.49083 96.8957 1.23145
    endloop
  endfacet
  facet normal -0.581488 0.776589 0.242449
    outer loop
      vertex 1.87819 97.3016 0.860352
      vertex 1.49083 96.8957 1.23145
      vertex 1.92848 97.2234 1.23145
    endloop
  endfacet
  facet normal -0.212315 -0.975995 0.0485368
    outer loop
      vertex 2.87831 0.179876 0.481445
      vertex 2.87307 0.162027 0.0996094
      vertex 3.43074 0.0407133 0.0996094
    endloop
  endfacet
  facet normal -6.86505e-20 -0.941568 0.336822
    outer loop
      vertex 4.006 0.167969 1.23145
      vertex 78.4894 0.296875 1.5918
      vertex 4.0106 0.296875 1.5918
    endloop
  endfacet
  facet normal -6.8642e-20 -0.941568 0.336822
    outer loop
      vertex 78.4894 0.296875 1.5918
      vertex 4.006 0.167969 1.23145
      vertex 78.494 0.167969 1.23145
    endloop
  endfacet
  facet normal -0.0692074 -0.967672 0.242532
    outer loop
      vertex 3.45471 0.207397 1.23145
      vertex 3.44147 0.115334 0.860352
      vertex 4.006 0.167969 1.23145
    endloop
  endfacet
  facet normal 9.58968e-21 -0.989011 0.147842
    outer loop
      vertex 4.00066 0.0185547 0.481445
      vertex 78.4973 0.0751953 0.860352
      vertex 4.00269 0.0751953 0.860352
    endloop
  endfacet
  facet normal 9.58916e-21 -0.989011 0.147842
    outer loop
      vertex 78.4973 0.0751953 0.860352
      vertex 4.00066 0.0185547 0.481445
      vertex 78.4993 0.0185547 0.481445
    endloop
  endfacet
  facet normal -0.723608 -0.54169 0.427743
    outer loop
      vertex 1.32624 1.68318 1.93848
      vertex 1.02374 2.08727 1.93848
      vertex 1.20194 1.57547 1.5918
    endloop
  endfacet
  facet normal -0.58139 -0.776637 0.24253
    outer loop
      vertex 1.49083 1.10427 1.23145
      vertex 1.42992 1.03398 0.860352
      vertex 1.87819 0.698405 0.860352
    endloop
  endfacet
  facet normal -0.182415 -0.838555 0.513371
    outer loop
      vertex 3.52451 0.692912 2.2666
      vertex 3.00326 0.605424 1.93848
      vertex 3.49651 0.498125 1.93848
    endloop
  endfacet
  facet normal -0.0612199 -0.855979 0.513373
    outer loop
      vertex 3.52451 0.692912 2.2666
      vertex 3.49651 0.498125 1.93848
      vertex 4.01646 0.460938 1.93848
    endloop
  endfacet
  facet normal -0.478687 -0.876643 0.048539
    outer loop
      vertex 2.34607 0.378392 0.481445
      vertex 1.83744 0.634985 0.0996094
      vertex 2.33834 0.361471 0.0996094
    endloop
  endfacet
  facet normal -0.598663 0.799536 0.0484222
    outer loop
      vertex 1.83744 97.365 0.0996094
      vertex 1.39274 97.0089 0.481445
      vertex 1.84749 97.3494 0.481445
    endloop
  endfacet
  facet normal -0.851476 -0.464934 0.242538
    outer loop
      vertex 0.77665 1.92848 1.23145
      vertex 0.430046 2.36966 0.860352
      vertex 0.698405 1.87819 0.860352
    endloop
  endfacet
  facet normal -0.776637 -0.58139 0.24253
    outer loop
      vertex 1.10427 1.49083 1.23145
      vertex 0.698405 1.87819 0.860352
      vertex 1.03398 1.42992 0.860352
    endloop
  endfacet
  facet normal -0.877678 -0.479252 1.79605e-16
    outer loop
      vertex 0.634985 1.83744 0
      vertex 0.361471 2.33834 0.0996094
      vertex 0.361471 2.33834 0
    endloop
  endfacet
  facet normal -0.877678 -0.479252 1.79605e-16
    outer loop
      vertex 0.361471 2.33834 0.0996094
      vertex 0.634985 1.83744 0
      vertex 0.634985 1.83744 0.0996094
    endloop
  endfacet
  facet normal -0.799598 -0.598571 0.0485323
    outer loop
      vertex 0.991059 1.39274 0.481445
      vertex 0.634985 1.83744 0.0996094
      vertex 0.977001 1.38056 0.0996094
    endloop
  endfacet
  facet normal -0.303168 -0.303168 0.903426
    outer loop
      vertex 2.80091 2.96098 3.70312
      vertex 2.73402 2.53898 3.53906
      vertex 2.96098 2.80091 3.70312
    endloop
  endfacet
  facet normal -0.303168 -0.303168 0.903426
    outer loop
      vertex 2.73402 2.53898 3.53906
      vertex 2.80091 2.96098 3.70312
      vertex 2.53898 2.73402 3.53906
    endloop
  endfacet
  facet normal -0.376289 -0.205476 0.90343
    outer loop
      vertex 2.66525 3.14221 3.70312
      vertex 2.24149 3.19691 3.53906
      vertex 2.37368 2.95483 3.53906
    endloop
  endfacet
  facet normal -0.450572 -0.246039 0.858166
    outer loop
      vertex 2.24149 3.19691 3.53906
      vertex 2.09694 2.77698 3.34277
      vertex 2.37368 2.95483 3.53906
    endloop
  endfacet
  facet normal -0.315589 -0.117719 0.941566
    outer loop
      vertex 2.82428 3.65478 3.83203
      vertex 2.47764 3.553 3.70312
      vertex 2.55676 3.34089 3.70312
    endloop
  endfacet
  facet normal -0.401708 -0.149843 0.903426
    outer loop
      vertex 2.47764 3.553 3.70312
      vertex 2.1451 3.45535 3.53906
      vertex 2.55676 3.34089 3.70312
    endloop
  endfacet
  facet normal 0.170658 -0.784397 0.596319
    outer loop
      vertex 79.3767 1.01406 2.57422
      vertex 78.9429 0.91968 2.57422
      vertex 78.9755 0.692912 2.2666
    endloop
  endfacet
  facet normal 0.51421 -0.687041 0.513384
    outer loop
      vertex 80.688 1.47497 2.2666
      vertex 80.3063 1.18929 2.2666
      vertex 80.4127 1.02374 1.93848
    endloop
  endfacet
  facet normal 0.581368 -0.776658 0.242514
    outer loop
      vertex 81.0092 1.10427 1.23145
      vertex 80.6218 0.698405 0.860352
      vertex 81.0701 1.03398 0.860352
    endloop
  endfacet
  facet normal 0.384732 -0.704592 0.596264
    outer loop
      vertex 80.1825 1.38202 2.57422
      vertex 79.7928 1.16923 2.57422
      vertex 79.8879 0.960833 2.2666
    endloop
  endfacet
  facet normal 0.210216 -0.966412 0.147845
    outer loop
      vertex 79.6057 0.234362 0.860352
      vertex 79.0585 0.115334 0.860352
      vertex 79.6217 0.179876 0.481445
    endloop
  endfacet
  facet normal 0.0712517 -0.996276 0.0485481
    outer loop
      vertex 79.0666 0.0591269 0.481445
      vertex 78.4993 0.0185547 0.481445
      vertex 79.0693 0.0407133 0.0996094
    endloop
  endfacet
  facet normal 0.846919 -0.315882 0.427724
    outer loop
      vertex 81.8946 3.00326 1.93848
      vertex 81.7182 2.53031 1.93848
      vertex 81.8678 2.46198 1.5918
    endloop
  endfacet
  facet normal 0.793357 -0.433272 0.427621
    outer loop
      vertex 81.8678 2.46198 1.5918
      vertex 81.4763 2.08727 1.93848
      vertex 81.6146 1.99835 1.5918
    endloop
  endfacet
  facet normal 0.473965 -0.868044 0.147839
    outer loop
      vertex 80.6218 0.698405 0.860352
      vertex 80.1539 0.378392 0.481445
      vertex 80.6525 0.650635 0.481445
    endloop
  endfacet
  facet normal 0.776589 -0.581488 0.242449
    outer loop
      vertex 81.7234 1.92848 1.23145
      vertex 81.3957 1.49083 1.23145
      vertex 81.8016 1.87819 0.860352
    endloop
  endfacet
  facet normal 2.19449e-20 -0.858165 0.513374
    outer loop
      vertex 4.01646 0.460938 1.93848
      vertex 78.4765 0.657227 2.2666
      vertex 4.02347 0.657227 2.2666
    endloop
  endfacet
  facet normal 2.19408e-20 -0.858165 0.513374
    outer loop
      vertex 78.4765 0.657227 2.2666
      vertex 4.01646 0.460938 1.93848
      vertex 78.4835 0.460938 1.93848
    endloop
  endfacet
  facet normal 0.335975 -0.023978 0.941566
    outer loop
      vertex 79.7324 4.09884 3.83203
      vertex 79.7129 3.82561 3.83203
      vertex 80.0705 3.7742 3.70312
    endloop
  endfacet
  facet normal 0.410923 -0.307727 0.858165
    outer loop
      vertex 80.4031 2.77698 3.34277
      vertex 79.961 2.73402 3.53906
      vertex 80.2096 2.51859 3.34277
    endloop
  endfacet
  facet normal 0.523365 -0.285626 0.802812
    outer loop
      vertex 80.5577 3.06026 3.34277
      vertex 80.4031 2.77698 3.34277
      vertex 80.8383 2.93214 3.11426
    endloop
  endfacet
  facet normal 0.629385 -0.234618 0.740829
    outer loop
      vertex 80.9664 3.27578 3.11426
      vertex 80.8383 2.93214 3.11426
      vertex 81.2389 3.19579 2.85742
    endloop
  endfacet
  facet normal 0.594817 -0.0425328 0.802735
    outer loop
      vertex 81.0742 4.05092 3.11426
      vertex 80.7666 4.06191 3.34277
      vertex 81.0444 3.63417 3.11426
    endloop
  endfacet
  facet normal 0.670082 -0.0479146 0.740739
    outer loop
      vertex 81.0742 4.05092 3.11426
      vertex 81.0444 3.63417 3.11426
      vertex 81.3574 4.04081 2.85742
    endloop
  endfacet
  facet normal 0.986503 -0.070431 0.147821
    outer loop
      vertex 82.4814 4.00066 0.481445
      vertex 82.3847 3.44147 0.860352
      vertex 82.4409 3.43339 0.481445
    endloop
  endfacet
  facet normal 0.966394 -0.210313 0.147822
    outer loop
      vertex 82.3847 3.44147 0.860352
      vertex 82.3201 2.87831 0.481445
      vertex 82.4409 3.43339 0.481445
    endloop
  endfacet
  facet normal 0.947925 -0.206334 0.24262
    outer loop
      vertex 82.2926 3.45471 1.23145
      vertex 82.2656 2.89431 0.860352
      vertex 82.3847 3.44147 0.860352
    endloop
  endfacet
  facet normal 0.939178 -0.0671219 0.336808
    outer loop
      vertex 82.332 4.006 1.23145
      vertex 82.2031 4.0106 1.5918
      vertex 82.2926 3.45471 1.23145
    endloop
  endfacet
  facet normal 0.92668 -0.345607 0.147713
    outer loop
      vertex 82.3201 2.87831 0.481445
      vertex 82.07 2.36966 0.860352
      vertex 82.1216 2.34607 0.481445
    endloop
  endfacet
  facet normal 0.926697 -0.345491 0.14788
    outer loop
      vertex 82.2656 2.89431 0.860352
      vertex 82.07 2.36966 0.860352
      vertex 82.3201 2.87831 0.481445
    endloop
  endfacet
  facet normal 0.523392 -0.285841 0.802718
    outer loop
      vertex 80.8383 2.93214 3.11426
      vertex 80.4031 2.77698 3.34277
      vertex 80.6625 2.61024 3.11426
    endloop
  endfacet
  facet normal 0.421674 -0.421609 0.802768
    outer loop
      vertex 80.2096 2.51859 3.34277
      vertex 80.1834 2.05729 3.11426
      vertex 80.4427 2.31663 3.11426
    endloop
  endfacet
  facet normal 0.421666 -0.421611 0.802772
    outer loop
      vertex 80.1834 2.05729 3.11426
      vertex 80.2096 2.51859 3.34277
      vertex 79.9814 2.29036 3.34277
    endloop
  endfacet
  facet normal 0.236952 -0.0515849 0.970151
    outer loop
      vertex 79.3446 3.87856 3.9248
      vertex 79.3187 3.75959 3.9248
      vertex 79.7129 3.82561 3.83203
    endloop
  endfacet
  facet normal 0.241905 -0.0172982 0.970146
    outer loop
      vertex 79.3613 4.1121 3.9248
      vertex 79.3446 3.87856 3.9248
      vertex 79.7324 4.09884 3.83203
    endloop
  endfacet
  facet normal 0.10278 -0.102792 0.989379
    outer loop
      vertex 78.8578 3.68996 3.98047
      vertex 79.0588 3.35511 3.9248
      vertex 79.1449 3.4412 3.9248
    endloop
  endfacet
  facet normal 0.102734 -0.10282 0.989381
    outer loop
      vertex 79.0588 3.35511 3.9248
      vertex 78.8578 3.68996 3.98047
      vertex 78.81 3.6422 3.98047
    endloop
  endfacet
  facet normal -0.694041 -0.258868 0.671785
    outer loop
      vertex 1.40345 2.8142 2.85742
      vertex 1.01406 3.12325 2.57422
      vertex 1.16923 2.70723 2.57422
    endloop
  endfacet
  facet normal -0.650139 -0.354999 0.671786
    outer loop
      vertex 1.40345 2.8142 2.85742
      vertex 1.16923 2.70723 2.57422
      vertex 1.38202 2.31753 2.57422
    endloop
  endfacet
  facet normal -0.72382 -0.157452 0.671784
    outer loop
      vertex 1.17455 3.59376 2.85742
      vertex 0.91968 3.55712 2.57422
      vertex 1.26112 3.19579 2.85742
    endloop
  endfacet
  facet normal -0.670072 -0.0479191 0.740747
    outer loop
      vertex 1.45559 3.63417 3.11426
      vertex 1.14258 4.04081 2.85742
      vertex 1.17455 3.59376 2.85742
    endloop
  endfacet
  facet normal -0.686991 -0.514278 0.513383
    outer loop
      vertex 1.47497 1.81205 2.2666
      vertex 1.02374 2.08727 1.93848
      vertex 1.32624 1.68318 1.93848
    endloop
  endfacet
  facet normal -0.752132 -0.280534 0.59632
    outer loop
      vertex 1.01406 3.12325 2.57422
      vertex 0.794243 3.0587 2.2666
      vertex 0.960833 2.61206 2.2666
    endloop
  endfacet
  facet normal -0.753196 -0.411269 0.513375
    outer loop
      vertex 0.960833 2.61206 2.2666
      vertex 0.781826 2.53031 1.93848
      vertex 1.02374 2.08727 1.93848
    endloop
  endfacet
  facet normal -0.851474 -0.464945 0.242523
    outer loop
      vertex 0.514651 2.40829 1.23145
      vertex 0.430046 2.36966 0.860352
      vertex 0.77665 1.92848 1.23145
    endloop
  endfacet
  facet normal -0.826391 -0.451249 0.336827
    outer loop
      vertex 0.632208 2.46198 1.5918
      vertex 0.514651 2.40829 1.23145
      vertex 0.77665 1.92848 1.23145
    endloop
  endfacet
  facet normal -0.947972 -0.20622 0.242533
    outer loop
      vertex 0.207397 3.45471 1.23145
      vertex 0.115334 3.44147 0.860352
      vertex 0.234362 2.89431 0.860352
    endloop
  endfacet
  facet normal -0.966408 -0.21023 0.147845
    outer loop
      vertex 0.234362 2.89431 0.860352
      vertex 0.115334 3.44147 0.860352
      vertex 0.179876 2.87831 0.481445
    endloop
  endfacet
  facet normal -0.876643 -0.478687 0.048539
    outer loop
      vertex 0.378392 2.34607 0.481445
      vertex 0.361471 2.33834 0.0996094
      vertex 0.634985 1.83744 0.0996094
    endloop
  endfacet
  facet normal -0.876647 -0.478681 0.0485294
    outer loop
      vertex 0.650635 1.84749 0.481445
      vertex 0.378392 2.34607 0.481445
      vertex 0.634985 1.83744 0.0996094
    endloop
  endfacet
  facet normal -0.868037 -0.473977 0.147843
    outer loop
      vertex 0.430046 2.36966 0.860352
      vertex 0.378392 2.34607 0.481445
      vertex 0.698405 1.87819 0.860352
    endloop
  endfacet
  facet normal -0.868036 -0.47398 0.147839
    outer loop
      vertex 0.698405 1.87819 0.860352
      vertex 0.378392 2.34607 0.481445
      vertex 0.650635 1.84749 0.481445
    endloop
  endfacet
  facet normal -0.723602 -0.541692 0.427749
    outer loop
      vertex 1.02374 2.08727 1.93848
      vertex 0.88537 1.99835 1.5918
      vertex 1.20194 1.57547 1.5918
    endloop
  endfacet
  facet normal -0.753755 -0.564265 0.336835
    outer loop
      vertex 1.20194 1.57547 1.5918
      vertex 0.88537 1.99835 1.5918
      vertex 1.10427 1.49083 1.23145
    endloop
  endfacet
  facet normal -0.901591 -0.0644834 0.427757
    outer loop
      vertex 0.498125 3.49651 1.93848
      vertex 0.296875 4.0106 1.5918
      vertex 0.335318 3.4731 1.5918
    endloop
  endfacet
  facet normal -0.939168 -0.0671711 0.336824
    outer loop
      vertex 0.296875 4.0106 1.5918
      vertex 0.207397 3.45471 1.23145
      vertex 0.335318 3.4731 1.5918
    endloop
  endfacet
  facet normal -0.804056 -0.299901 0.513375
    outer loop
      vertex 0.794243 3.0587 2.2666
      vertex 0.781826 2.53031 1.93848
      vertex 0.960833 2.61206 2.2666
    endloop
  endfacet
  facet normal -0.838554 -0.182417 0.513373
    outer loop
      vertex 0.692912 3.52451 2.2666
      vertex 0.605424 3.00326 1.93848
      vertex 0.794243 3.0587 2.2666
    endloop
  endfacet
  facet normal -0.868047 0.473954 0.147855
    outer loop
      vertex 0.698405 96.1218 0.860352
      vertex 0.378392 95.6539 0.481445
      vertex 0.430046 95.6303 0.860352
    endloop
  endfacet
  facet normal -0.753157 0.411285 0.51342
    outer loop
      vertex 1.02374 95.9127 1.93848
      vertex 0.781826 95.4697 1.93848
      vertex 0.960833 95.3879 2.2666
    endloop
  endfacet
  facet normal -0.753196 0.411264 0.513379
    outer loop
      vertex 1.02374 95.9127 1.93848
      vertex 0.960833 95.3879 2.2666
      vertex 1.18929 95.8063 2.2666
    endloop
  endfacet
  facet normal -0.723619 0.541685 0.42773
    outer loop
      vertex 1.20194 96.4245 1.5918
      vertex 1.02374 95.9127 1.93848
      vertex 1.32624 96.3168 1.93848
    endloop
  endfacet
  facet normal -0.685957 0.686027 0.242549
    outer loop
      vertex 1.03398 96.5701 0.860352
      vertex 1.49083 96.8957 1.23145
      vertex 1.42992 96.966 0.860352
    endloop
  endfacet
  facet normal -0.685945 0.686052 0.242512
    outer loop
      vertex 1.49083 96.8957 1.23145
      vertex 1.03398 96.5701 0.860352
      vertex 1.10427 96.5092 1.23145
    endloop
  endfacet
  facet normal -0.69927 0.699411 0.147803
    outer loop
      vertex 0.991059 96.6073 0.481445
      vertex 1.42992 96.966 0.860352
      vertex 1.39274 97.0089 0.481445
    endloop
  endfacet
  facet normal -0.699298 0.699368 0.147875
    outer loop
      vertex 1.42992 96.966 0.860352
      vertex 0.991059 96.6073 0.481445
      vertex 1.03398 96.5701 0.860352
    endloop
  endfacet
  facet normal -0.791756 0.592669 0.147873
    outer loop
      vertex 0.991059 96.6073 0.481445
      vertex 0.698405 96.1218 0.860352
      vertex 1.03398 96.5701 0.860352
    endloop
  endfacet
  facet normal -0.791774 0.592653 0.14784
    outer loop
      vertex 0.991059 96.6073 0.481445
      vertex 0.650635 96.1525 0.481445
      vertex 0.698405 96.1218 0.860352
    endloop
  endfacet
  facet normal -0.7062 0.706342 0.0486098
    outer loop
      vertex 1.38056 97.023 0.0996094
      vertex 0.991059 96.6073 0.481445
      vertex 1.39274 97.0089 0.481445
    endloop
  endfacet
  facet normal -0.706314 0.706243 0.0483845
    outer loop
      vertex 0.991059 96.6073 0.481445
      vertex 1.38056 97.023 0.0996094
      vertex 0.977001 96.6194 0.0996094
    endloop
  endfacet
  facet normal -0.144991 -0.0103681 0.989379
    outer loop
      vertex 3.53138 3.93262 3.98047
      vertex 3.13867 4.1121 3.9248
      vertex 3.15537 3.87856 3.9248
    endloop
  endfacet
  facet normal -0.241911 -0.0172986 0.970144
    outer loop
      vertex 3.13867 4.1121 3.9248
      vertex 2.76758 4.09884 3.83203
      vertex 3.15537 3.87856 3.9248
    endloop
  endfacet
  facet normal -0.20185 -0.269654 0.941565
    outer loop
      vertex 3.19756 3.07394 3.83203
      vertex 2.96098 2.80091 3.70312
      vertex 3.14221 2.66525 3.70312
    endloop
  endfacet
  facet normal -0.354999 -0.650139 0.671786
    outer loop
      vertex 2.8142 1.40345 2.85742
      vertex 2.31753 1.38202 2.57422
      vertex 2.70723 1.16923 2.57422
    endloop
  endfacet
  facet normal -0.0847619 -0.227233 0.970145
    outer loop
      vertex 3.64552 3.2238 3.9248
      vertex 3.49097 2.88538 3.83203
      vertex 3.75959 3.18125 3.9248
    endloop
  endfacet
  facet normal -0.0847578 -0.227237 0.970144
    outer loop
      vertex 3.75959 3.18125 3.9248
      vertex 3.49097 2.88538 3.83203
      vertex 3.65478 2.82428 3.83203
    endloop
  endfacet
  facet normal -0.0477368 -0.0178116 0.998701
    outer loop
      vertex 3.91398 3.97474 4
      vertex 3.56935 3.80333 3.98047
      vertex 3.91845 3.96276 4
    endloop
  endfacet
  facet normal -0.0477384 -0.0178085 0.998701
    outer loop
      vertex 3.91398 3.97474 4
      vertex 3.54574 3.86662 3.98047
      vertex 3.56935 3.80333 3.98047
    endloop
  endfacet
  facet normal -0.0407897 -0.0305319 0.998701
    outer loop
      vertex 3.93225 3.94129 4
      vertex 3.60172 3.74404 3.98047
      vertex 3.6422 3.68996 3.98047
    endloop
  endfacet
  facet normal 0.0476902 -0.0179137 0.998702
    outer loop
      vertex 78.586 3.97474 4
      vertex 78.5815 3.96276 4
      vertex 78.9306 3.80333 3.98047
    endloop
  endfacet
  facet normal -0.0846806 0.227283 0.97014
    outer loop
      vertex 3.75959 94.8187 3.9248
      vertex 3.49097 95.1146 3.83203
      vertex 3.64552 94.7762 3.9248
    endloop
  endfacet
  facet normal -0.0359387 0.0360985 0.998702
    outer loop
      vertex 3.68996 94.3578 3.98047
      vertex 3.93225 94.0587 4
      vertex 3.94129 94.0677 4
    endloop
  endfacet
  facet normal -0.0360436 0.0360135 0.998701
    outer loop
      vertex 3.93225 94.0587 4
      vertex 3.68996 94.3578 3.98047
      vertex 3.6422 94.31 3.98047
    endloop
  endfacet
  facet normal -0.0306241 0.040726 0.998701
    outer loop
      vertex 3.95153 94.0754 4
      vertex 3.74404 94.3983 3.98047
      vertex 3.94129 94.0677 4
    endloop
  endfacet
  facet normal 0.0305725 -0.427659 0.903423
    outer loop
      vertex 78.7258 2.42952 3.70312
      vertex 78.414 2.40723 3.70312
      vertex 78.7751 2.08647 3.53906
    endloop
  endfacet
  facet normal 0.0515388 -0.236983 0.970146
    outer loop
      vertex 78.7404 3.18125 3.9248
      vertex 78.6214 3.15537 3.9248
      vertex 78.6744 2.78712 3.83203
    endloop
  endfacet
  facet normal 0.0911402 -0.418957 0.903421
    outer loop
      vertex 78.947 2.47764 3.70312
      vertex 78.7258 2.42952 3.70312
      vertex 79.0446 2.1451 3.53906
    endloop
  endfacet
  facet normal 0 -0.428732 0.903432
    outer loop
      vertex 4.08597 2.40723 3.70312
      vertex 78.4264 2.06152 3.53906
      vertex 78.414 2.40723 3.70312
    endloop
  endfacet
  facet normal 0 -0.428732 0.903432
    outer loop
      vertex 78.4264 2.06152 3.53906
      vertex 4.08597 2.40723 3.70312
      vertex 4.07363 2.06152 3.53906
    endloop
  endfacet
  facet normal 0.0644835 -0.901591 0.427756
    outer loop
      vertex 79.0035 0.498125 1.93848
      vertex 78.4894 0.296875 1.5918
      vertex 79.0269 0.335318 1.5918
    endloop
  endfacet
  facet normal 0.192125 -0.883226 0.427785
    outer loop
      vertex 79.4967 0.605424 1.93848
      vertex 79.0269 0.335318 1.5918
      vertex 79.5431 0.447605 1.5918
    endloop
  endfacet
  facet normal 0.126754 -0.582689 0.802749
    outer loop
      vertex 79.1373 1.82946 3.34277
      vertex 78.8219 1.76085 3.34277
      vertex 78.8658 1.45559 3.11426
    endloop
  endfacet
  facet normal 0.357326 -0.47737 0.802768
    outer loop
      vertex 79.9814 2.29036 3.34277
      vertex 79.723 2.09694 3.34277
      vertex 80.1834 2.05729 3.11426
    endloop
  endfacet
  facet normal 0.126747 -0.582686 0.802753
    outer loop
      vertex 79.1373 1.82946 3.34277
      vertex 78.8658 1.45559 3.11426
      vertex 79.2242 1.53355 3.11426
    endloop
  endfacet
  facet normal 0.109123 -0.501637 0.858168
    outer loop
      vertex 79.1373 1.82946 3.34277
      vertex 78.7751 2.08647 3.53906
      vertex 78.8219 1.76085 3.34277
    endloop
  endfacet
  facet normal -0.16143 -0.295629 0.941565
    outer loop
      vertex 3.49097 2.88538 3.83203
      vertex 3.14221 2.66525 3.70312
      vertex 3.34089 2.55676 3.70312
    endloop
  endfacet
  facet normal -0.161427 -0.295632 0.941564
    outer loop
      vertex 3.33752 2.96917 3.83203
      vertex 3.14221 2.66525 3.70312
      vertex 3.49097 2.88538 3.83203
    endloop
  endfacet
  facet normal -0.315586 0.117719 0.941567
    outer loop
      vertex 2.88538 94.509 3.83203
      vertex 2.55676 94.6591 3.70312
      vertex 2.82428 94.3452 3.83203
    endloop
  endfacet
  facet normal -0.24191 0.0173015 0.970145
    outer loop
      vertex 3.15537 94.1214 3.9248
      vertex 2.76758 93.9012 3.83203
      vertex 3.13867 93.8879 3.9248
    endloop
  endfacet
  facet normal -0.343203 0.256936 0.903435
    outer loop
      vertex 2.53898 95.266 3.53906
      vertex 2.37368 95.0452 3.53906
      vertex 2.66525 94.8578 3.70312
    endloop
  endfacet
  facet normal -0.127575 0.0697004 0.989377
    outer loop
      vertex 3.28215 94.4613 3.9248
      vertex 3.2238 94.3545 3.9248
      vertex 3.60172 94.256 3.98047
    endloop
  endfacet
  facet normal -0.418957 0.0911402 0.903421
    outer loop
      vertex 2.47764 94.447 3.70312
      vertex 2.1451 94.5446 3.53906
      vertex 2.42952 94.2258 3.70312
    endloop
  endfacet
  facet normal -0.335968 0.0240294 0.941567
    outer loop
      vertex 2.78712 94.1744 3.83203
      vertex 2.42952 94.2258 3.70312
      vertex 2.76758 93.9012 3.83203
    endloop
  endfacet
  facet normal -0.0103667 -0.144991 0.989379
    outer loop
      vertex 4.12563 3.51758 3.98047
      vertex 3.93262 3.53138 3.98047
      vertex 4.1121 3.13867 3.9248
    endloop
  endfacet
  facet normal -0.0508211 0.00363533 0.998701
    outer loop
      vertex 3.91127 94.0128 4
      vertex 3.51758 93.8744 3.98047
      vertex 3.90039 93.8607 4
    endloop
  endfacet
  facet normal 0 -0.0509512 0.998701
    outer loop
      vertex 4.1393 3.90039 4
      vertex 78.3744 3.51758 3.98047
      vertex 78.3607 3.90039 4
    endloop
  endfacet
  facet normal 0 -0.0509512 0.998701
    outer loop
      vertex 78.3744 3.51758 3.98047
      vertex 4.1393 3.90039 4
      vertex 4.12563 3.51758 3.98047
    endloop
  endfacet
  facet normal -0.236983 0.0515388 0.970146
    outer loop
      vertex 3.18125 94.2404 3.9248
      vertex 2.78712 94.1744 3.83203
      vertex 3.15537 94.1214 3.9248
    endloop
  endfacet
  facet normal -0.0847518 0.227221 0.970148
    outer loop
      vertex 3.65478 95.1757 3.83203
      vertex 3.49097 95.1146 3.83203
      vertex 3.75959 94.8187 3.9248
    endloop
  endfacet
  facet normal -0.157501 0.723887 0.6717
    outer loop
      vertex 3.55712 97.0803 2.57422
      vertex 3.12325 96.9859 2.57422
      vertex 3.19579 96.7389 2.85742
    endloop
  endfacet
  facet normal -0.443926 0.592986 0.671786
    outer loop
      vertex 2.31753 96.618 2.57422
      vertex 1.96208 96.3519 2.57422
      vertex 2.1307 96.1573 2.85742
    endloop
  endfacet
  facet normal -0.321879 0.589744 0.740673
    outer loop
      vertex 2.8142 96.5965 2.85742
      vertex 2.45674 96.4014 2.85742
      vertex 2.93214 96.3383 3.11426
    endloop
  endfacet
  facet normal -0.639215 0.639095 0.427741
    outer loop
      vertex 1.20194 96.4245 1.5918
      vertex 1.68318 96.6738 1.93848
      vertex 1.57547 96.7981 1.5918
    endloop
  endfacet
  facet normal -0.639212 0.639105 0.427731
    outer loop
      vertex 1.68318 96.6738 1.93848
      vertex 1.20194 96.4245 1.5918
      vertex 1.32624 96.3168 1.93848
    endloop
  endfacet
  facet normal -0.477322 0.357341 0.80279
    outer loop
      vertex 2.05729 95.6834 3.11426
      vertex 1.83749 95.3898 3.11426
      vertex 2.09694 95.223 3.34277
    endloop
  endfacet
  facet normal -0.402605 0.537752 0.740764
    outer loop
      vertex 2.45674 96.4014 2.85742
      vertex 2.1307 96.1573 2.85742
      vertex 2.31663 95.9427 3.11426
    endloop
  endfacet
  facet normal -0.259011 0.694073 0.671697
    outer loop
      vertex 3.12325 96.9859 2.57422
      vertex 2.8142 96.5965 2.85742
      vertex 3.19579 96.7389 2.85742
    endloop
  endfacet
  facet normal -0.179429 0.481037 0.858143
    outer loop
      vertex 3.36267 96.1705 3.34277
      vertex 3.06026 96.0577 3.34277
      vertex 3.45535 95.8549 3.53906
    endloop
  endfacet
  facet normal -0.0305925 0.427705 0.903401
    outer loop
      vertex 4.08597 95.5928 3.70312
      vertex 3.72487 95.9135 3.53906
      vertex 3.7742 95.5705 3.70312
    endloop
  endfacet
  facet normal -0.0479146 0.670082 0.740739
    outer loop
      vertex 4.04081 96.8574 2.85742
      vertex 3.63417 96.5444 3.11426
      vertex 4.05092 96.5742 3.11426
    endloop
  endfacet
  facet normal 4.97113e-21 0.903956 0.427624
    outer loop
      vertex 61.823 97.7031 1.5918
      vertex 4.01646 97.5391 1.93848
      vertex 62.0078 97.5391 1.93848
    endloop
  endfacet
  facet normal 4.98652e-21 0.903956 0.427624
    outer loop
      vertex 4.01646 97.5391 1.93848
      vertex 61.823 97.7031 1.5918
      vertex 4.0106 97.7031 1.5918
    endloop
  endfacet
  facet normal -0.592976 0.44395 0.67178
    outer loop
      vertex 1.84271 95.8693 2.85742
      vertex 1.38202 95.6825 2.57422
      vertex 1.59864 95.5433 2.85742
    endloop
  endfacet
  facet normal -0.650154 0.354975 0.671783
    outer loop
      vertex 1.59864 95.5433 2.85742
      vertex 1.38202 95.6825 2.57422
      vertex 1.40345 95.1858 2.85742
    endloop
  endfacet
  facet normal -0.47737 0.357326 0.802768
    outer loop
      vertex 2.29036 95.4814 3.34277
      vertex 2.05729 95.6834 3.11426
      vertex 2.09694 95.223 3.34277
    endloop
  endfacet
  facet normal -0.474975 0.475048 0.740762
    outer loop
      vertex 2.1307 96.1573 2.85742
      vertex 2.05729 95.6834 3.11426
      vertex 2.31663 95.9427 3.11426
    endloop
  endfacet
  facet normal -0.475053 0.475037 0.740719
    outer loop
      vertex 2.05729 95.6834 3.11426
      vertex 2.1307 96.1573 2.85742
      vertex 1.84271 95.8693 2.85742
    endloop
  endfacet
  facet normal -0.56768 0.567626 0.596272
    outer loop
      vertex 1.81205 96.525 2.2666
      vertex 1.64811 96.0379 2.57422
      vertex 1.96208 96.3519 2.57422
    endloop
  endfacet
  facet normal -0.567518 0.567653 0.596401
    outer loop
      vertex 1.64811 96.0379 2.57422
      vertex 1.81205 96.525 2.2666
      vertex 1.47497 96.188 2.2666
    endloop
  endfacet
  facet normal -0.629436 0.234724 0.740753
    outer loop
      vertex 1.66172 95.0679 3.11426
      vertex 1.26112 94.8042 2.85742
      vertex 1.53355 94.7242 3.11426
    endloop
  endfacet
  facet normal -0.65643 0.142788 0.74075
    outer loop
      vertex 1.53355 94.7242 3.11426
      vertex 1.26112 94.8042 2.85742
      vertex 1.45559 94.3658 3.11426
    endloop
  endfacet
  facet normal 0.967653 -0.0691569 0.242622
    outer loop
      vertex 82.332 4.006 1.23145
      vertex 82.2926 3.45471 1.23145
      vertex 82.3847 3.44147 0.860352
    endloop
  endfacet
  facet normal 0.996273 -0.0712298 0.0486536
    outer loop
      vertex 82.4814 4.00066 0.481445
      vertex 82.4593 3.43074 0.0996094
      vertex 82.5 4 0.0996094
    endloop
  endfacet
  facet normal 0.997454 -0.0713143 2.42538e-17
    outer loop
      vertex 82.4593 3.43074 0.0996094
      vertex 82.5 4 0
      vertex 82.5 4 0.0996094
    endloop
  endfacet
  facet normal 0.997454 -0.0713143 2.42538e-17
    outer loop
      vertex 82.5 4 0
      vertex 82.4593 3.43074 0.0996094
      vertex 82.4593 3.43074 0
    endloop
  endfacet
  facet normal 0.0477134 -0.0178671 0.998701
    outer loop
      vertex 78.9543 3.86662 3.98047
      vertex 78.586 3.97474 4
      vertex 78.9306 3.80333 3.98047
    endloop
  endfacet
  facet normal 0.0508224 -0.00364307 0.998701
    outer loop
      vertex 78.5996 4.1393 4
      vertex 78.5887 3.98724 4
      vertex 78.9824 4.12563 3.98047
    endloop
  endfacet
  facet normal 0.144995 -0.0103669 0.989378
    outer loop
      vertex 78.9824 4.12563 3.98047
      vertex 78.9686 3.93262 3.98047
      vertex 79.3613 4.1121 3.9248
    endloop
  endfacet
  facet normal 0.0108325 -0.0497872 0.998701
    outer loop
      vertex 78.6334 3.54574 3.98047
      vertex 78.5253 3.91398 4
      vertex 78.5674 3.53138 3.98047
    endloop
  endfacet
  facet normal 0.242523 -0 0.970146
    outer loop
      vertex 79.3613 4.1121 3.9248
      vertex 79.7324 81.7988 3.83203
      vertex 79.3613 82.1283 3.9248
    endloop
  endfacet
  facet normal 0.242523 0 0.970146
    outer loop
      vertex 79.7324 81.7988 3.83203
      vertex 79.3613 4.1121 3.9248
      vertex 79.7324 4.09884 3.83203
    endloop
  endfacet
  facet normal 0.33679 -0 0.94158
    outer loop
      vertex 79.7324 4.09884 3.83203
      vertex 80.0928 81.4788 3.70312
      vertex 79.7324 81.7988 3.83203
    endloop
  endfacet
  facet normal 0.33679 0 0.94158
    outer loop
      vertex 80.0928 81.4788 3.70312
      vertex 79.7324 4.09884 3.83203
      vertex 80.0928 4.08597 3.70312
    endloop
  endfacet
  facet normal 0.723887 -0.157501 0.6717
    outer loop
      vertex 81.5803 3.55712 2.57422
      vertex 81.2389 3.19579 2.85742
      vertex 81.4859 3.12325 2.57422
    endloop
  endfacet
  facet normal 0.694073 -0.259011 0.671697
    outer loop
      vertex 81.2389 3.19579 2.85742
      vertex 81.0965 2.8142 2.85742
      vertex 81.4859 3.12325 2.57422
    endloop
  endfacet
  facet normal 0.723805 -0.157321 0.67183
    outer loop
      vertex 81.3254 3.59376 2.85742
      vertex 81.2389 3.19579 2.85742
      vertex 81.5803 3.55712 2.57422
    endloop
  endfacet
  facet normal 0.738816 -0.0528847 0.671829
    outer loop
      vertex 81.3574 4.04081 2.85742
      vertex 81.3254 3.59376 2.85742
      vertex 81.5803 3.55712 2.57422
    endloop
  endfacet
  facet normal 0.656327 -0.142843 0.740831
    outer loop
      vertex 81.0444 3.63417 3.11426
      vertex 80.9664 3.27578 3.11426
      vertex 81.2389 3.19579 2.85742
    endloop
  endfacet
  facet normal 0.37633 -0.205326 0.903447
    outer loop
      vertex 79.9432 3.34089 3.70312
      vertex 79.8348 3.14221 3.70312
      vertex 80.2585 3.19691 3.53906
    endloop
  endfacet
  facet normal 0.855963 -0.0612401 0.513398
    outer loop
      vertex 82.0391 4.01646 1.93848
      vertex 81.8071 3.52451 2.2666
      vertex 82.0019 3.49651 1.93848
    endloop
  endfacet
  facet normal 0.838541 -0.182413 0.513395
    outer loop
      vertex 82.0019 3.49651 1.93848
      vertex 81.8071 3.52451 2.2666
      vertex 81.8946 3.00326 1.93848
    endloop
  endfacet
  facet normal -0.349464 -0.93695 0
    outer loop
      vertex 2.33834 0.361471 0
      vertex 2.87307 0.162027 0.0996094
      vertex 2.33834 0.361471 0.0996094
    endloop
  endfacet
  facet normal -0.349464 -0.93695 -0
    outer loop
      vertex 2.87307 0.162027 0.0996094
      vertex 2.33834 0.361471 0
      vertex 2.87307 0.162027 0
    endloop
  endfacet
  facet normal 0.876655 -0.478669 0.048491
    outer loop
      vertex 82.1216 2.34607 0.481445
      vertex 81.865 1.83744 0.0996094
      vertex 82.1385 2.33834 0.0996094
    endloop
  endfacet
  facet normal 0.876683 -0.478626 0.0484147
    outer loop
      vertex 82.1216 2.34607 0.481445
      vertex 81.8494 1.84749 0.481445
      vertex 81.865 1.83744 0.0996094
    endloop
  endfacet
  facet normal 0.868059 -0.473917 0.147906
    outer loop
      vertex 82.1216 2.34607 0.481445
      vertex 81.8016 1.87819 0.860352
      vertex 81.8494 1.84749 0.481445
    endloop
  endfacet
  facet normal 0.706342 -0.7062 0.0486098
    outer loop
      vertex 81.1073 0.991059 0.481445
      vertex 81.523 1.38056 0.0996094
      vertex 81.5089 1.39274 0.481445
    endloop
  endfacet
  facet normal 0.706243 -0.706314 0.0483845
    outer loop
      vertex 81.523 1.38056 0.0996094
      vertex 81.1073 0.991059 0.481445
      vertex 81.1194 0.977001 0.0996094
    endloop
  endfacet
  facet normal 0.800555 -0.59926 -1.62026e-17
    outer loop
      vertex 81.523 1.38056 0.0996094
      vertex 81.865 1.83744 0
      vertex 81.865 1.83744 0.0996094
    endloop
  endfacet
  facet normal 0.800555 -0.59926 -1.62026e-17
    outer loop
      vertex 81.865 1.83744 0
      vertex 81.523 1.38056 0.0996094
      vertex 81.523 1.38056 0
    endloop
  endfacet
  facet normal 0.479252 -0.877678 0
    outer loop
      vertex 80.1617 0.361471 0
      vertex 80.6626 0.634985 0.0996094
      vertex 80.1617 0.361471 0.0996094
    endloop
  endfacet
  facet normal 0.479252 -0.877678 0
    outer loop
      vertex 80.6626 0.634985 0.0996094
      vertex 80.1617 0.361471 0
      vertex 80.6626 0.634985 0
    endloop
  endfacet
  facet normal 0.21234 -0.975991 0.0485147
    outer loop
      vertex 79.6217 0.179876 0.481445
      vertex 79.0693 0.0407133 0.0996094
      vertex 79.6269 0.162027 0.0996094
    endloop
  endfacet
  facet normal 0.345647 -0.926643 0.147852
    outer loop
      vertex 80.1303 0.430046 0.860352
      vertex 79.6217 0.179876 0.481445
      vertex 80.1539 0.378392 0.481445
    endloop
  endfacet
  facet normal 0.349077 -0.935838 0.0484999
    outer loop
      vertex 80.1539 0.378392 0.481445
      vertex 79.6217 0.179876 0.481445
      vertex 79.6269 0.162027 0.0996094
    endloop
  endfacet
  facet normal 5.35843e-21 0.99881 0.0487615
    outer loop
      vertex 61.5 97.99 0.305286
      vertex 4.00066 97.9814 0.481445
      vertex 61.5096 97.9814 0.481445
    endloop
  endfacet
  facet normal -6.10525e-07 0.99882 0.0485627
    outer loop
      vertex 61.5 98 0.0996094
      vertex 4.00066 97.9814 0.481445
      vertex 61.5 97.99 0.305286
    endloop
  endfacet
  facet normal 9.12622e-21 0.998816 0.0486544
    outer loop
      vertex 4.00066 97.9814 0.481445
      vertex 61.5 98 0.0996094
      vertex 4 98 0.0996094
    endloop
  endfacet
  facet normal -0.0711295 0.996287 0.048503
    outer loop
      vertex 4.00066 97.9814 0.481445
      vertex 3.43074 97.9593 0.0996094
      vertex 3.43339 97.9409 0.481445
    endloop
  endfacet
  facet normal -0.212399 0.975979 0.0485048
    outer loop
      vertex 3.43074 97.9593 0.0996094
      vertex 2.87831 97.8201 0.481445
      vertex 3.43339 97.9409 0.481445
    endloop
  endfacet
  facet normal -0.212542 0.977152 0
    outer loop
      vertex 3.43074 97.9593 0
      vertex 2.87307 97.838 0.0996094
      vertex 3.43074 97.9593 0.0996094
    endloop
  endfacet
  facet normal -0.212542 0.977152 0
    outer loop
      vertex 2.87307 97.838 0.0996094
      vertex 3.43074 97.9593 0
      vertex 2.87307 97.838 0
    endloop
  endfacet
  facet normal -0.478669 0.876655 0.048491
    outer loop
      vertex 2.33834 97.6385 0.0996094
      vertex 1.83744 97.365 0.0996094
      vertex 2.34607 97.6216 0.481445
    endloop
  endfacet
  facet normal -0.473917 0.868059 0.147906
    outer loop
      vertex 2.34607 97.6216 0.481445
      vertex 1.84749 97.3494 0.481445
      vertex 1.87819 97.3016 0.860352
    endloop
  endfacet
  facet normal -0.592775 0.791672 0.147899
    outer loop
      vertex 1.84749 97.3494 0.481445
      vertex 1.39274 97.0089 0.481445
      vertex 1.87819 97.3016 0.860352
    endloop
  endfacet
  facet normal -0.0712555 -0.996276 0.0485389
    outer loop
      vertex 3.43339 0.0591269 0.481445
      vertex 3.43074 0.0407133 0.0996094
      vertex 4.00066 0.0185547 0.481445
    endloop
  endfacet
  facet normal -0.0705543 -0.986491 0.147843
    outer loop
      vertex 4.00269 0.0751953 0.860352
      vertex 3.44147 0.115334 0.860352
      vertex 4.00066 0.0185547 0.481445
    endloop
  endfacet
  facet normal -0.200145 -0.920051 0.336821
    outer loop
      vertex 2.95692 0.447605 1.5918
      vertex 2.92051 0.323605 1.23145
      vertex 3.45471 0.207397 1.23145
    endloop
  endfacet
  facet normal -0.451247 -0.826394 0.336823
    outer loop
      vertex 1.99835 0.88537 1.5918
      vertex 1.92848 0.77665 1.23145
      vertex 2.46198 0.632208 1.5918
    endloop
  endfacet
  facet normal -0.21023 -0.966408 0.147845
    outer loop
      vertex 2.89431 0.234362 0.860352
      vertex 2.87831 0.179876 0.481445
      vertex 3.44147 0.115334 0.860352
    endloop
  endfacet
  facet normal -0.339027 -0.908977 0.24253
    outer loop
      vertex 2.92051 0.323605 1.23145
      vertex 2.40829 0.514651 1.23145
      vertex 2.89431 0.234362 0.860352
    endloop
  endfacet
  facet normal -0.433184 -0.79333 0.42776
    outer loop
      vertex 2.53031 0.781826 1.93848
      vertex 2.08727 1.02374 1.93848
      vertex 2.46198 0.632208 1.5918
    endloop
  endfacet
  facet normal -0.0528383 -0.73886 0.671784
    outer loop
      vertex 3.59376 1.17455 2.85742
      vertex 3.55712 0.91968 2.57422
      vertex 4.04081 1.14258 2.85742
    endloop
  endfacet
  facet normal -0.402587 -0.537794 0.740744
    outer loop
      vertex 2.31663 2.05729 3.11426
      vertex 2.1307 1.84271 2.85742
      vertex 2.45674 1.59864 2.85742
    endloop
  endfacet
  facet normal -0.192135 -0.883237 0.427758
    outer loop
      vertex 3.49651 0.498125 1.93848
      vertex 3.00326 0.605424 1.93848
      vertex 3.4731 0.335318 1.5918
    endloop
  endfacet
  facet normal -0.598574 -0.799596 0.048527
    outer loop
      vertex 1.84749 0.650635 0.481445
      vertex 1.39274 0.991059 0.481445
      vertex 1.83744 0.634985 0.0996094
    endloop
  endfacet
  facet normal -0.478681 -0.876647 0.0485294
    outer loop
      vertex 1.84749 0.650635 0.481445
      vertex 1.83744 0.634985 0.0996094
      vertex 2.34607 0.378392 0.481445
    endloop
  endfacet
  facet normal -0.707107 -0.707107 1.54277e-16
    outer loop
      vertex 1.38056 0.977001 0
      vertex 0.977001 1.38056 0.0996094
      vertex 0.977001 1.38056 0
    endloop
  endfacet
  facet normal -0.707107 -0.707107 1.54277e-16
    outer loop
      vertex 0.977001 1.38056 0.0996094
      vertex 1.38056 0.977001 0
      vertex 1.38056 0.977001 0.0996094
    endloop
  endfacet
  facet normal -0.501634 -0.109125 0.85817
    outer loop
      vertex 2.08647 3.72487 3.53906
      vertex 1.76085 3.67806 3.34277
      vertex 1.82946 3.36267 3.34277
    endloop
  endfacet
  facet normal -0.418948 -0.0911358 0.903425
    outer loop
      vertex 2.42952 3.7742 3.70312
      vertex 2.08647 3.72487 3.53906
      vertex 2.1451 3.45535 3.53906
    endloop
  endfacet
  facet normal -0.650131 -0.355002 0.671791
    outer loop
      vertex 1.40345 2.8142 2.85742
      vertex 1.38202 2.31753 2.57422
      vertex 1.59864 2.45674 2.85742
    endloop
  endfacet
  facet normal -0.582691 -0.126759 0.802747
    outer loop
      vertex 1.76085 3.67806 3.34277
      vertex 1.45559 3.63417 3.11426
      vertex 1.82946 3.36267 3.34277
    endloop
  endfacet
  facet normal -0.589616 -0.321958 0.74074
    outer loop
      vertex 1.66172 2.93214 3.11426
      vertex 1.40345 2.8142 2.85742
      vertex 1.59864 2.45674 2.85742
    endloop
  endfacet
  facet normal -0.295632 -0.161427 0.941564
    outer loop
      vertex 2.88538 3.49097 3.83203
      vertex 2.66525 3.14221 3.70312
      vertex 2.96917 3.33752 3.83203
    endloop
  endfacet
  facet normal -0.227237 -0.0847578 0.970144
    outer loop
      vertex 3.18125 3.75959 3.9248
      vertex 2.82428 3.65478 3.83203
      vertex 2.88538 3.49097 3.83203
    endloop
  endfacet
  facet normal -0.227233 -0.0847619 0.970145
    outer loop
      vertex 3.18125 3.75959 3.9248
      vertex 2.88538 3.49097 3.83203
      vertex 3.2238 3.64552 3.9248
    endloop
  endfacet
  facet normal -0.376289 -0.205474 0.903431
    outer loop
      vertex 2.55676 3.34089 3.70312
      vertex 2.24149 3.19691 3.53906
      vertex 2.66525 3.14221 3.70312
    endloop
  endfacet
  facet normal -0.32913 -0.0715943 0.941567
    outer loop
      vertex 2.78712 3.82561 3.83203
      vertex 2.42952 3.7742 3.70312
      vertex 2.82428 3.65478 3.83203
    endloop
  endfacet
  facet normal -0.329131 -0.0715993 0.941566
    outer loop
      vertex 2.82428 3.65478 3.83203
      vertex 2.42952 3.7742 3.70312
      vertex 2.47764 3.553 3.70312
    endloop
  endfacet
  facet normal 0.339039 -0.908973 0.24253
    outer loop
      vertex 80.0917 0.514651 1.23145
      vertex 79.5795 0.323605 1.23145
      vertex 79.6057 0.234362 0.860352
    endloop
  endfacet
  facet normal 0.464957 -0.851478 0.242488
    outer loop
      vertex 80.5715 0.77665 1.23145
      vertex 80.0917 0.514651 1.23145
      vertex 80.1303 0.430046 0.860352
    endloop
  endfacet
  facet normal 0.592653 -0.791774 0.14784
    outer loop
      vertex 81.1073 0.991059 0.481445
      vertex 80.6218 0.698405 0.860352
      vertex 80.6525 0.650635 0.481445
    endloop
  endfacet
  facet normal 0.329051 -0.882195 0.336834
    outer loop
      vertex 80.038 0.632208 1.5918
      vertex 79.5795 0.323605 1.23145
      vertex 80.0917 0.514651 1.23145
    endloop
  endfacet
  facet normal 0.170637 -0.784389 0.596337
    outer loop
      vertex 79.3767 1.01406 2.57422
      vertex 78.9755 0.692912 2.2666
      vertex 79.4413 0.794243 2.2666
    endloop
  endfacet
  facet normal 0.59853 -0.799625 0.0486054
    outer loop
      vertex 81.1073 0.991059 0.481445
      vertex 80.6525 0.650635 0.481445
      vertex 80.6626 0.634985 0.0996094
    endloop
  endfacet
  facet normal 0.478665 -0.876652 0.0485919
    outer loop
      vertex 80.6525 0.650635 0.481445
      vertex 80.1539 0.378392 0.481445
      vertex 80.6626 0.634985 0.0996094
    endloop
  endfacet
  facet normal 0.0692063 -0.967674 0.242525
    outer loop
      vertex 79.0453 0.207397 1.23145
      vertex 78.494 0.167969 1.23145
      vertex 79.0585 0.115334 0.860352
    endloop
  endfacet
  facet normal 0.0692108 -0.967672 0.242531
    outer loop
      vertex 79.0585 0.115334 0.860352
      vertex 78.494 0.167969 1.23145
      vertex 78.4973 0.0751953 0.860352
    endloop
  endfacet
  facet normal 0.589744 -0.321879 0.740673
    outer loop
      vertex 81.0965 2.8142 2.85742
      vertex 80.8383 2.93214 3.11426
      vertex 80.9014 2.45674 2.85742
    endloop
  endfacet
  facet normal 0.567718 -0.567583 0.596276
    outer loop
      vertex 80.8519 1.96208 2.57422
      vertex 80.688 1.47497 2.2666
      vertex 81.025 1.81205 2.2666
    endloop
  endfacet
  facet normal 0.567556 -0.56761 0.596405
    outer loop
      vertex 80.688 1.47497 2.2666
      vertex 80.8519 1.96208 2.57422
      vertex 80.5379 1.64811 2.57422
    endloop
  endfacet
  facet normal 0.882204 -0.32904 0.336822
    outer loop
      vertex 82.0524 2.95692 1.5918
      vertex 81.8678 2.46198 1.5918
      vertex 82.1764 2.92051 1.23145
    endloop
  endfacet
  facet normal 0.846921 -0.31588 0.42772
    outer loop
      vertex 81.8946 3.00326 1.93848
      vertex 81.8678 2.46198 1.5918
      vertex 82.0524 2.95692 1.5918
    endloop
  endfacet
  facet normal 0.909028 -0.338904 0.242512
    outer loop
      vertex 82.2656 2.89431 0.860352
      vertex 81.9854 2.40829 1.23145
      vertex 82.07 2.36966 0.860352
    endloop
  endfacet
  facet normal 0.851476 -0.464948 0.242512
    outer loop
      vertex 81.9854 2.40829 1.23145
      vertex 81.7234 1.92848 1.23145
      vertex 82.07 2.36966 0.860352
    endloop
  endfacet
  facet normal 0.19419 -0.145268 0.970148
    outer loop
      vertex 79.5308 3.33752 3.83203
      vertex 79.2178 3.53866 3.9248
      vertex 79.4261 3.19756 3.83203
    endloop
  endfacet
  facet normal 0.363035 -0.362988 0.858164
    outer loop
      vertex 79.961 2.73402 3.53906
      vertex 79.9814 2.29036 3.34277
      vertex 80.2096 2.51859 3.34277
    endloop
  endfacet
  facet normal 0.363058 -0.362983 0.858156
    outer loop
      vertex 79.9814 2.29036 3.34277
      vertex 79.961 2.73402 3.53906
      vertex 79.766 2.53898 3.53906
    endloop
  endfacet
  facet normal 0.481037 -0.179429 0.858143
    outer loop
      vertex 80.6705 3.36267 3.34277
      vertex 80.3549 3.45535 3.53906
      vertex 80.5577 3.06026 3.34277
    endloop
  endfacet
  facet normal 0.427705 -0.0305925 0.903401
    outer loop
      vertex 80.0928 4.08597 3.70312
      vertex 80.0705 3.7742 3.70312
      vertex 80.4135 3.72487 3.53906
    endloop
  endfacet
  facet normal 0.295572 -0.161414 0.941585
    outer loop
      vertex 79.6146 3.49097 3.83203
      vertex 79.5308 3.33752 3.83203
      vertex 79.8348 3.14221 3.70312
    endloop
  endfacet
  facet normal 0.087181 -0.116299 0.989381
    outer loop
      vertex 78.81 3.6422 3.98047
      vertex 78.756 3.60172 3.98047
      vertex 79.0588 3.35511 3.9248
    endloop
  endfacet
  facet normal 0.558637 -0.208374 0.802811
    outer loop
      vertex 80.6705 3.36267 3.34277
      vertex 80.5577 3.06026 3.34277
      vertex 80.8383 2.93214 3.11426
    endloop
  endfacet
  facet normal 0.55876 -0.208291 0.802746
    outer loop
      vertex 80.9664 3.27578 3.11426
      vertex 80.6705 3.36267 3.34277
      vertex 80.8383 2.93214 3.11426
    endloop
  endfacet
  facet normal 0.523762 -0.523812 0.671784
    outer loop
      vertex 80.6573 2.1307 2.85742
      vertex 80.5379 1.64811 2.57422
      vertex 80.8519 1.96208 2.57422
    endloop
  endfacet
  facet normal 0.52379 -0.523808 0.671766
    outer loop
      vertex 80.5379 1.64811 2.57422
      vertex 80.6573 2.1307 2.85742
      vertex 80.3693 1.84271 2.85742
    endloop
  endfacet
  facet normal 0.303213 -0.303151 0.903417
    outer loop
      vertex 79.6991 2.96098 3.70312
      vertex 79.766 2.53898 3.53906
      vertex 79.961 2.73402 3.53906
    endloop
  endfacet
  facet normal 0.303118 -0.303175 0.90344
    outer loop
      vertex 79.766 2.53898 3.53906
      vertex 79.6991 2.96098 3.70312
      vertex 79.539 2.80091 3.70312
    endloop
  endfacet
  facet normal -0.592994 -0.443909 0.67179
    outer loop
      vertex 1.59864 2.45674 2.85742
      vertex 1.38202 2.31753 2.57422
      vertex 1.84271 2.1307 2.85742
    endloop
  endfacet
  facet normal -0.537794 -0.402599 0.740737
    outer loop
      vertex 1.83749 2.61024 3.11426
      vertex 1.59864 2.45674 2.85742
      vertex 2.05729 2.31663 3.11426
    endloop
  endfacet
  facet normal -0.523366 -0.285778 0.802757
    outer loop
      vertex 2.09694 2.77698 3.34277
      vertex 1.66172 2.93214 3.11426
      vertex 1.83749 2.61024 3.11426
    endloop
  endfacet
  facet normal -0.523368 -0.285794 0.80275
    outer loop
      vertex 1.94225 3.06026 3.34277
      vertex 1.66172 2.93214 3.11426
      vertex 2.09694 2.77698 3.34277
    endloop
  endfacet
  facet normal -0.694042 -0.258872 0.671782
    outer loop
      vertex 1.26112 3.19579 2.85742
      vertex 1.01406 3.12325 2.57422
      vertex 1.40345 2.8142 2.85742
    endloop
  endfacet
  facet normal -0.629431 -0.234773 0.740742
    outer loop
      vertex 1.66172 2.93214 3.11426
      vertex 1.26112 3.19579 2.85742
      vertex 1.40345 2.8142 2.85742
    endloop
  endfacet
  facet normal -0.804058 -0.299899 0.513373
    outer loop
      vertex 0.794243 3.0587 2.2666
      vertex 0.605424 3.00326 1.93848
      vertex 0.781826 2.53031 1.93848
    endloop
  endfacet
  facet normal -0.846901 -0.315879 0.42776
    outer loop
      vertex 0.781826 2.53031 1.93848
      vertex 0.605424 3.00326 1.93848
      vertex 0.632208 2.46198 1.5918
    endloop
  endfacet
  facet normal -0.935845 -0.349052 0.0485382
    outer loop
      vertex 0.378392 2.34607 0.481445
      vertex 0.162027 2.87307 0.0996094
      vertex 0.361471 2.33834 0.0996094
    endloop
  endfacet
  facet normal -0.935845 -0.349053 0.0485364
    outer loop
      vertex 0.179876 2.87831 0.481445
      vertex 0.162027 2.87307 0.0996094
      vertex 0.378392 2.34607 0.481445
    endloop
  endfacet
  facet normal -0.753744 0.56423 0.336918
    outer loop
      vertex 1.10427 96.5092 1.23145
      vertex 0.88537 96.0016 1.5918
      vertex 1.20194 96.4245 1.5918
    endloop
  endfacet
  facet normal -0.665762 0.665866 0.336724
    outer loop
      vertex 1.10427 96.5092 1.23145
      vertex 1.57547 96.7981 1.5918
      vertex 1.49083 96.8957 1.23145
    endloop
  endfacet
  facet normal -0.665822 0.665698 0.336938
    outer loop
      vertex 1.57547 96.7981 1.5918
      vertex 1.10427 96.5092 1.23145
      vertex 1.20194 96.4245 1.5918
    endloop
  endfacet
  facet normal -0.0715943 -0.32913 0.941567
    outer loop
      vertex 3.82561 2.78712 3.83203
      vertex 3.65478 2.82428 3.83203
      vertex 3.7742 2.42952 3.70312
    endloop
  endfacet
  facet normal -0.087108 -0.116374 0.989378
    outer loop
      vertex 3.68996 3.6422 3.98047
      vertex 3.4412 3.35511 3.9248
      vertex 3.74404 3.60172 3.98047
    endloop
  endfacet
  facet normal -0.102788 -0.102788 0.989378
    outer loop
      vertex 3.6422 3.68996 3.98047
      vertex 3.4412 3.35511 3.9248
      vertex 3.68996 3.6422 3.98047
    endloop
  endfacet
  facet normal -0.102788 -0.102788 0.989378
    outer loop
      vertex 3.4412 3.35511 3.9248
      vertex 3.6422 3.68996 3.98047
      vertex 3.35511 3.4412 3.9248
    endloop
  endfacet
  facet normal -0.127581 -0.0696645 0.989379
    outer loop
      vertex 3.60172 3.74404 3.98047
      vertex 3.2238 3.64552 3.9248
      vertex 3.28215 3.53866 3.9248
    endloop
  endfacet
  facet normal -0.212862 -0.116231 0.970144
    outer loop
      vertex 3.2238 3.64552 3.9248
      vertex 2.96917 3.33752 3.83203
      vertex 3.28215 3.53866 3.9248
    endloop
  endfacet
  facet normal -0.194155 -0.145339 0.970144
    outer loop
      vertex 3.28215 3.53866 3.9248
      vertex 2.96917 3.33752 3.83203
      vertex 3.07394 3.19756 3.83203
    endloop
  endfacet
  facet normal -0.269653 -0.201854 0.941564
    outer loop
      vertex 2.96917 3.33752 3.83203
      vertex 2.66525 3.14221 3.70312
      vertex 3.07394 3.19756 3.83203
    endloop
  endfacet
  facet normal 0.040726 -0.0306241 0.998701
    outer loop
      vertex 78.5754 3.95153 4
      vertex 78.5677 3.94129 4
      vertex 78.8983 3.74404 3.98047
    endloop
  endfacet
  facet normal 0.0447401 -0.0243735 0.998701
    outer loop
      vertex 78.9306 3.80333 3.98047
      vertex 78.5815 3.96276 4
      vertex 78.8983 3.74404 3.98047
    endloop
  endfacet
  facet normal -0.0243217 0.0447758 0.998701
    outer loop
      vertex 3.96276 94.0815 4
      vertex 3.74404 94.3983 3.98047
      vertex 3.95153 94.0754 4
    endloop
  endfacet
  facet normal 1.66218e-20 0.145365 0.989378
    outer loop
      vertex 65.0231 94.8613 3.9248
      vertex 4.12563 94.4824 3.98047
      vertex 65.4498 94.4824 3.98047
    endloop
  endfacet
  facet normal 1.67345e-20 0.145365 0.989378
    outer loop
      vertex 4.12563 94.4824 3.98047
      vertex 65.0231 94.8613 3.9248
      vertex 4.1121 94.8613 3.9248
    endloop
  endfacet
  facet normal 0.0103699 -0.144993 0.989378
    outer loop
      vertex 78.5674 3.53138 3.98047
      vertex 78.3879 3.13867 3.9248
      vertex 78.6214 3.15537 3.9248
    endloop
  endfacet
  facet normal 0.0173015 -0.24191 0.970145
    outer loop
      vertex 78.6214 3.15537 3.9248
      vertex 78.3879 3.13867 3.9248
      vertex 78.4012 2.76758 3.83203
    endloop
  endfacet
  facet normal 0.017302 -0.24191 0.970144
    outer loop
      vertex 78.6214 3.15537 3.9248
      vertex 78.4012 2.76758 3.83203
      vertex 78.6744 2.78712 3.83203
    endloop
  endfacet
  facet normal 0.0308919 -0.142045 0.989378
    outer loop
      vertex 78.7404 3.18125 3.9248
      vertex 78.5674 3.53138 3.98047
      vertex 78.6214 3.15537 3.9248
    endloop
  endfacet
  facet normal 0.116415 -0.0870781 0.989376
    outer loop
      vertex 79.2178 3.53866 3.9248
      vertex 78.8983 3.74404 3.98047
      vertex 79.1449 3.4412 3.9248
    endloop
  endfacet
  facet normal -0.00363351 0.0508191 0.998701
    outer loop
      vertex 4.12563 94.4824 3.98047
      vertex 3.93262 94.4686 3.98047
      vertex 3.98724 94.0887 4
    endloop
  endfacet
  facet normal 0.0847632 -0.227238 0.970143
    outer loop
      vertex 79.009 2.88538 3.83203
      vertex 78.7404 3.18125 3.9248
      vertex 78.8452 2.82428 3.83203
    endloop
  endfacet
  facet normal 0.0240294 -0.335968 0.941567
    outer loop
      vertex 78.6744 2.78712 3.83203
      vertex 78.4012 2.76758 3.83203
      vertex 78.7258 2.42952 3.70312
    endloop
  endfacet
  facet normal -0.126751 -0.582688 0.802751
    outer loop
      vertex 3.36267 1.82946 3.34277
      vertex 3.27578 1.53355 3.11426
      vertex 3.63417 1.45559 3.11426
    endloop
  endfacet
  facet normal 0 -0.671792 0.74074
    outer loop
      vertex 4.05092 1.42578 3.11426
      vertex 78.4592 1.14258 2.85742
      vertex 78.4491 1.42578 3.11426
    endloop
  endfacet
  facet normal 0 -0.671792 0.74074
    outer loop
      vertex 78.4592 1.14258 2.85742
      vertex 4.05092 1.42578 3.11426
      vertex 4.04081 1.14258 2.85742
    endloop
  endfacet
  facet normal -0.117719 -0.315589 0.941566
    outer loop
      vertex 3.65478 2.82428 3.83203
      vertex 3.34089 2.55676 3.70312
      vertex 3.553 2.47764 3.70312
    endloop
  endfacet
  facet normal -0.109123 -0.501636 0.858169
    outer loop
      vertex 3.45535 2.1451 3.53906
      vertex 3.36267 1.82946 3.34277
      vertex 3.72487 2.08647 3.53906
    endloop
  endfacet
  facet normal 0.0572691 -0.800701 0.596321
    outer loop
      vertex 78.9429 0.91968 2.57422
      vertex 78.4684 0.885742 2.57422
      vertex 78.9755 0.692912 2.2666
    endloop
  endfacet
  facet normal 0.433221 -0.793327 0.427729
    outer loop
      vertex 80.4127 1.02374 1.93848
      vertex 79.9697 0.781826 1.93848
      vertex 80.038 0.632208 1.5918
    endloop
  endfacet
  facet normal 0.0366393 -0.512069 0.858163
    outer loop
      vertex 78.7751 2.08647 3.53906
      vertex 78.4264 2.06152 3.53906
      vertex 78.4381 1.7334 3.34277
    endloop
  endfacet
  facet normal 0.0366232 -0.512058 0.85817
    outer loop
      vertex 78.7751 2.08647 3.53906
      vertex 78.4381 1.7334 3.34277
      vertex 78.8219 1.76085 3.34277
    endloop
  endfacet
  facet normal -0.343218 -0.256936 0.90343
    outer loop
      vertex 2.66525 3.14221 3.70312
      vertex 2.37368 2.95483 3.53906
      vertex 2.53898 2.73402 3.53906
    endloop
  endfacet
  facet normal -0.234762 -0.629428 0.740748
    outer loop
      vertex 3.27578 1.53355 3.11426
      vertex 2.93214 1.66172 3.11426
      vertex 3.19579 1.26112 2.85742
    endloop
  endfacet
  facet normal -0.238271 0.238117 0.941556
    outer loop
      vertex 2.96098 95.1991 3.70312
      vertex 3.07394 94.8024 3.83203
      vertex 3.19756 94.9261 3.83203
    endloop
  endfacet
  facet normal -0.238189 0.238144 0.94157
    outer loop
      vertex 3.07394 94.8024 3.83203
      vertex 2.96098 95.1991 3.70312
      vertex 2.80091 95.039 3.70312
    endloop
  endfacet
  facet normal -0.427659 0.0305725 0.903423
    outer loop
      vertex 2.42952 94.2258 3.70312
      vertex 2.08647 94.2751 3.53906
      vertex 2.40723 93.914 3.70312
    endloop
  endfacet
  facet normal -0.501629 0.10913 0.858172
    outer loop
      vertex 2.1451 94.5446 3.53906
      vertex 1.82946 94.6373 3.34277
      vertex 2.08647 94.2751 3.53906
    endloop
  endfacet
  facet normal -0.418953 0.0911438 0.903422
    outer loop
      vertex 2.1451 94.5446 3.53906
      vertex 2.08647 94.2751 3.53906
      vertex 2.42952 94.2258 3.70312
    endloop
  endfacet
  facet normal -0.0103683 0.144995 0.989378
    outer loop
      vertex 4.1121 94.8613 3.9248
      vertex 3.87856 94.8446 3.9248
      vertex 3.93262 94.4686 3.98047
    endloop
  endfacet
  facet normal -0.0240282 0.335932 0.94158
    outer loop
      vertex 4.08597 95.5928 3.70312
      vertex 3.7742 95.5705 3.70312
      vertex 4.09884 95.2324 3.83203
    endloop
  endfacet
  facet normal -0.0367077 0.512087 0.858149
    outer loop
      vertex 4.06191 96.2666 3.34277
      vertex 3.72487 95.9135 3.53906
      vertex 4.07363 95.9385 3.53906
    endloop
  endfacet
  facet normal -0.102832 0.102746 0.989378
    outer loop
      vertex 3.4412 94.6449 3.9248
      vertex 3.6422 94.31 3.98047
      vertex 3.68996 94.3578 3.98047
    endloop
  endfacet
  facet normal -0.102786 0.102774 0.98938
    outer loop
      vertex 3.6422 94.31 3.98047
      vertex 3.4412 94.6449 3.9248
      vertex 3.35511 94.5588 3.9248
    endloop
  endfacet
  facet normal -0.401722 0.149855 0.903417
    outer loop
      vertex 2.55676 94.6591 3.70312
      vertex 2.1451 94.5446 3.53906
      vertex 2.47764 94.447 3.70312
    endloop
  endfacet
  facet normal -0.142692 0.656501 0.740706
    outer loop
      vertex 3.59376 96.8254 2.85742
      vertex 3.19579 96.7389 2.85742
      vertex 3.63417 96.5444 3.11426
    endloop
  endfacet
  facet normal -0.0612432 0.855964 0.513395
    outer loop
      vertex 4.01646 97.5391 1.93848
      vertex 3.52451 97.3071 2.2666
      vertex 4.02347 97.3428 2.2666
    endloop
  endfacet
  facet normal -0.064505 0.901596 0.427743
    outer loop
      vertex 4.01646 97.5391 1.93848
      vertex 3.4731 97.6647 1.5918
      vertex 3.49651 97.5019 1.93848
    endloop
  endfacet
  facet normal -0.31588 0.846921 0.42772
    outer loop
      vertex 2.95692 97.5524 1.5918
      vertex 2.46198 97.3678 1.5918
      vertex 3.00326 97.3946 1.93848
    endloop
  endfacet
  facet normal -0.541648 0.723704 0.427633
    outer loop
      vertex 1.99835 97.1146 1.5918
      vertex 1.57547 96.7981 1.5918
      vertex 2.08727 96.9763 1.93848
    endloop
  endfacet
  facet normal -0.192138 0.883243 0.427743
    outer loop
      vertex 3.4731 97.6647 1.5918
      vertex 3.00326 97.3946 1.93848
      vertex 3.49651 97.5019 1.93848
    endloop
  endfacet
  facet normal -0.299919 0.804057 0.513363
    outer loop
      vertex 3.0587 97.2058 2.2666
      vertex 2.53031 97.2182 1.93848
      vertex 2.61206 97.0392 2.2666
    endloop
  endfacet
  facet normal -0.443957 0.592986 0.671766
    outer loop
      vertex 2.31753 96.618 2.57422
      vertex 2.1307 96.1573 2.85742
      vertex 2.45674 96.4014 2.85742
    endloop
  endfacet
  facet normal -0.145261 0.1942 0.970147
    outer loop
      vertex 3.53866 94.7178 3.9248
      vertex 3.19756 94.9261 3.83203
      vertex 3.4412 94.6449 3.9248
    endloop
  endfacet
  facet normal -0.0911106 0.418995 0.903406
    outer loop
      vertex 3.7742 95.5705 3.70312
      vertex 3.45535 95.8549 3.53906
      vertex 3.553 95.5224 3.70312
    endloop
  endfacet
  facet normal -0.523796 0.523778 0.671785
    outer loop
      vertex 1.96208 96.3519 2.57422
      vertex 1.84271 95.8693 2.85742
      vertex 2.1307 96.1573 2.85742
    endloop
  endfacet
  facet normal -0.523824 0.523773 0.671766
    outer loop
      vertex 1.84271 95.8693 2.85742
      vertex 1.96208 96.3519 2.57422
      vertex 1.64811 96.0379 2.57422
    endloop
  endfacet
  facet normal -0.208374 0.558637 0.802811
    outer loop
      vertex 3.36267 96.1705 3.34277
      vertex 2.93214 96.3383 3.11426
      vertex 3.06026 96.0577 3.34277
    endloop
  endfacet
  facet normal -0.285626 0.523365 0.802812
    outer loop
      vertex 2.93214 96.3383 3.11426
      vertex 2.77698 95.9031 3.34277
      vertex 3.06026 96.0577 3.34277
    endloop
  endfacet
  facet normal -0.0424641 0.594884 0.802689
    outer loop
      vertex 4.06191 96.2666 3.34277
      vertex 3.63417 96.5444 3.11426
      vertex 3.67806 96.2392 3.34277
    endloop
  endfacet
  facet normal -0.126935 0.582736 0.802687
    outer loop
      vertex 3.63417 96.5444 3.11426
      vertex 3.36267 96.1705 3.34277
      vertex 3.67806 96.2392 3.34277
    endloop
  endfacet
  facet normal 3.0274e-19 0.802766 0.596294
    outer loop
      vertex 62.2288 97.3428 2.2666
      vertex 4.03163 97.1143 2.57422
      vertex 62.4862 97.1143 2.57422
    endloop
  endfacet
  facet normal 3.04036e-19 0.802766 0.596294
    outer loop
      vertex 4.03163 97.1143 2.57422
      vertex 62.2288 97.3428 2.2666
      vertex 4.02347 97.3428 2.2666
    endloop
  endfacet
  facet normal -0.0425328 0.594817 0.802735
    outer loop
      vertex 4.05092 96.5742 3.11426
      vertex 3.63417 96.5444 3.11426
      vertex 4.06191 96.2666 3.34277
    endloop
  endfacet
  facet normal 0.989027 -0 0.147738
    outer loop
      vertex 82.4248 4.00269 0.860352
      vertex 82.4814 79.3575 0.481445
      vertex 82.4248 79.4078 0.860352
    endloop
  endfacet
  facet normal 0.989027 0 0.147738
    outer loop
      vertex 82.4814 79.3575 0.481445
      vertex 82.4248 4.00269 0.860352
      vertex 82.4814 4.00066 0.481445
    endloop
  endfacet
  facet normal -0.0036363 -0.0508214 0.998701
    outer loop
      vertex 4.1393 3.90039 4
      vertex 3.98724 3.91127 4
      vertex 4.12563 3.51758 3.98047
    endloop
  endfacet
  facet normal -0.0243735 0.0447401 0.998701
    outer loop
      vertex 3.80333 94.4306 3.98047
      vertex 3.74404 94.3983 3.98047
      vertex 3.96276 94.0815 4
    endloop
  endfacet
  facet normal -0.0305319 -0.0407897 0.998701
    outer loop
      vertex 3.94129 3.93225 4
      vertex 3.68996 3.6422 3.98047
      vertex 3.74404 3.60172 3.98047
    endloop
  endfacet
  facet normal -0.0103669 0.144995 0.989378
    outer loop
      vertex 4.1121 94.8613 3.9248
      vertex 3.93262 94.4686 3.98047
      vertex 4.12563 94.4824 3.98047
    endloop
  endfacet
  facet normal 1.81687e-20 0.0509525 0.998701
    outer loop
      vertex 65.4498 94.4824 3.98047
      vertex 4.1393 94.0996 4
      vertex 65.8809 94.0996 4
    endloop
  endfacet
  facet normal 1.82924e-20 0.0509525 0.998701
    outer loop
      vertex 4.1393 94.0996 4
      vertex 65.4498 94.4824 3.98047
      vertex 4.12563 94.4824 3.98047
    endloop
  endfacet
  facet normal -0.00364307 0.0508224 0.998701
    outer loop
      vertex 4.12563 94.4824 3.98047
      vertex 3.98724 94.0887 4
      vertex 4.1393 94.0996 4
    endloop
  endfacet
  facet normal 0.295692 -0.16133 0.941562
    outer loop
      vertex 79.9432 3.34089 3.70312
      vertex 79.6146 3.49097 3.83203
      vertex 79.8348 3.14221 3.70312
    endloop
  endfacet
  facet normal 0.14204 -0.0309224 0.989378
    outer loop
      vertex 79.3446 3.87856 3.9248
      vertex 78.9686 3.93262 3.98047
      vertex 79.3187 3.75959 3.9248
    endloop
  endfacet
  facet normal 0.671792 -0 0.74074
    outer loop
      vertex 81.0742 4.05092 3.11426
      vertex 81.3574 80.3557 2.85742
      vertex 81.0742 80.6072 3.11426
    endloop
  endfacet
  facet normal 0.671792 0 0.74074
    outer loop
      vertex 81.3574 80.3557 2.85742
      vertex 81.0742 4.05092 3.11426
      vertex 81.3574 4.04081 2.85742
    endloop
  endfacet
  facet normal 0.804057 -0.299919 0.513363
    outer loop
      vertex 81.7058 3.0587 2.2666
      vertex 81.5392 2.61206 2.2666
      vertex 81.7182 2.53031 1.93848
    endloop
  endfacet
  facet normal 0.752036 -0.280515 0.59645
    outer loop
      vertex 81.7058 3.0587 2.2666
      vertex 81.4859 3.12325 2.57422
      vertex 81.5392 2.61206 2.2666
    endloop
  endfacet
  facet normal 0.901658 -0.0644161 0.427626
    outer loop
      vertex 82.2031 4.0106 1.5918
      vertex 82.0391 4.01646 1.93848
      vertex 82.1647 3.4731 1.5918
    endloop
  endfacet
  facet normal 0.901596 -0.064505 0.427743
    outer loop
      vertex 82.0391 4.01646 1.93848
      vertex 82.0019 3.49651 1.93848
      vertex 82.1647 3.4731 1.5918
    endloop
  endfacet
  facet normal 0.707071 -0.707143 -2.21094e-16
    outer loop
      vertex 81.1194 0.977001 0.0996094
      vertex 81.523 1.38056 0
      vertex 81.523 1.38056 0.0996094
    endloop
  endfacet
  facet normal 0.707071 -0.707143 -2.21094e-16
    outer loop
      vertex 81.523 1.38056 0
      vertex 81.1194 0.977001 0.0996094
      vertex 81.1194 0.977001 0
    endloop
  endfacet
  facet normal -0.0704877 0.986511 0.14774
    outer loop
      vertex 4.00066 97.9814 0.481445
      vertex 3.44147 97.8847 0.860352
      vertex 4.00269 97.9248 0.860352
    endloop
  endfacet
  facet normal -0.070431 0.986503 0.147821
    outer loop
      vertex 4.00066 97.9814 0.481445
      vertex 3.43339 97.9409 0.481445
      vertex 3.44147 97.8847 0.860352
    endloop
  endfacet
  facet normal -0.479252 -0.877678 0
    outer loop
      vertex 1.83744 0.634985 0
      vertex 2.33834 0.361471 0.0996094
      vertex 1.83744 0.634985 0.0996094
    endloop
  endfacet
  facet normal -0.479252 -0.877678 -0
    outer loop
      vertex 2.33834 0.361471 0.0996094
      vertex 1.83744 0.634985 0
      vertex 2.33834 0.361471 0
    endloop
  endfacet
  facet normal -0.56426 -0.753765 0.336823
    outer loop
      vertex 1.99835 0.88537 1.5918
      vertex 1.49083 1.10427 1.23145
      vertex 1.92848 0.77665 1.23145
    endloop
  endfacet
  facet normal -0.349053 -0.935845 0.0485364
    outer loop
      vertex 2.87831 0.179876 0.481445
      vertex 2.34607 0.378392 0.481445
      vertex 2.87307 0.162027 0.0996094
    endloop
  endfacet
  facet normal -0.33903 -0.908977 0.242526
    outer loop
      vertex 2.40829 0.514651 1.23145
      vertex 2.36966 0.430046 0.860352
      vertex 2.89431 0.234362 0.860352
    endloop
  endfacet
  facet normal -0.210228 -0.96641 0.14784
    outer loop
      vertex 3.44147 0.115334 0.860352
      vertex 2.87831 0.179876 0.481445
      vertex 3.43339 0.0591269 0.481445
    endloop
  endfacet
  facet normal -0.443916 -0.592994 0.671786
    outer loop
      vertex 2.1307 1.84271 2.85742
      vertex 1.96208 1.64811 2.57422
      vertex 2.31753 1.38202 2.57422
    endloop
  endfacet
  facet normal -0.564265 -0.753755 0.336835
    outer loop
      vertex 1.57547 1.20194 1.5918
      vertex 1.49083 1.10427 1.23145
      vertex 1.99835 0.88537 1.5918
    endloop
  endfacet
  facet normal -0.606811 -0.606811 0.513382
    outer loop
      vertex 1.32624 1.68318 1.93848
      vertex 1.81205 1.47497 2.2666
      vertex 1.47497 1.81205 2.2666
    endloop
  endfacet
  facet normal -0.606811 -0.606811 0.513382
    outer loop
      vertex 1.81205 1.47497 2.2666
      vertex 1.32624 1.68318 1.93848
      vertex 1.68318 1.32624 1.93848
    endloop
  endfacet
  facet normal -0.464945 -0.851474 0.242523
    outer loop
      vertex 2.40829 0.514651 1.23145
      vertex 1.92848 0.77665 1.23145
      vertex 2.36966 0.430046 0.860352
    endloop
  endfacet
  facet normal -0.54169 -0.723608 0.427743
    outer loop
      vertex 1.68318 1.32624 1.93848
      vertex 1.57547 1.20194 1.5918
      vertex 2.08727 1.02374 1.93848
    endloop
  endfacet
  facet normal -2.09894e-19 -0.740742 0.671789
    outer loop
      vertex 4.03163 0.885742 2.57422
      vertex 78.4592 1.14258 2.85742
      vertex 4.04081 1.14258 2.85742
    endloop
  endfacet
  facet normal -2.09843e-19 -0.740742 0.671789
    outer loop
      vertex 78.4592 1.14258 2.85742
      vertex 4.03163 0.885742 2.57422
      vertex 78.4684 0.885742 2.57422
    endloop
  endfacet
  facet normal -0.0528445 -0.738854 0.67179
    outer loop
      vertex 4.04081 1.14258 2.85742
      vertex 3.55712 0.91968 2.57422
      vertex 4.03163 0.885742 2.57422
    endloop
  endfacet
  facet normal -0.0366329 -0.512068 0.858164
    outer loop
      vertex 4.07363 2.06152 3.53906
      vertex 3.72487 2.08647 3.53906
      vertex 4.06191 1.7334 3.34277
    endloop
  endfacet
  facet normal -0.299901 -0.804056 0.513375
    outer loop
      vertex 2.61206 0.960833 2.2666
      vertex 2.53031 0.781826 1.93848
      vertex 3.0587 0.794243 2.2666
    endloop
  endfacet
  facet normal -0.523786 -0.523786 0.671786
    outer loop
      vertex 1.84271 2.1307 2.85742
      vertex 1.96208 1.64811 2.57422
      vertex 2.1307 1.84271 2.85742
    endloop
  endfacet
  facet normal -0.523786 -0.523786 0.671786
    outer loop
      vertex 1.96208 1.64811 2.57422
      vertex 1.84271 2.1307 2.85742
      vertex 1.64811 1.96208 2.57422
    endloop
  endfacet
  facet normal -0.157452 -0.72382 0.671784
    outer loop
      vertex 3.59376 1.17455 2.85742
      vertex 3.19579 1.26112 2.85742
      vertex 3.55712 0.91968 2.57422
    endloop
  endfacet
  facet normal -0.800541 -0.599278 1.36205e-16
    outer loop
      vertex 0.977001 1.38056 0
      vertex 0.634985 1.83744 0.0996094
      vertex 0.634985 1.83744 0
    endloop
  endfacet
  facet normal -0.800541 -0.599278 1.36205e-16
    outer loop
      vertex 0.634985 1.83744 0.0996094
      vertex 0.977001 1.38056 0
      vertex 0.977001 1.38056 0.0996094
    endloop
  endfacet
  facet normal -0.582688 -0.126751 0.802751
    outer loop
      vertex 1.82946 3.36267 3.34277
      vertex 1.45559 3.63417 3.11426
      vertex 1.53355 3.27578 3.11426
    endloop
  endfacet
  facet normal -0.55872 -0.208386 0.802749
    outer loop
      vertex 1.82946 3.36267 3.34277
      vertex 1.66172 2.93214 3.11426
      vertex 1.94225 3.06026 3.34277
    endloop
  endfacet
  facet normal -0.592994 -0.443916 0.671786
    outer loop
      vertex 1.84271 2.1307 2.85742
      vertex 1.38202 2.31753 2.57422
      vertex 1.64811 1.96208 2.57422
    endloop
  endfacet
  facet normal -0.537794 -0.402587 0.740744
    outer loop
      vertex 2.05729 2.31663 3.11426
      vertex 1.59864 2.45674 2.85742
      vertex 1.84271 2.1307 2.85742
    endloop
  endfacet
  facet normal -0.401704 -0.149823 0.903431
    outer loop
      vertex 2.55676 3.34089 3.70312
      vertex 2.1451 3.45535 3.53906
      vertex 2.24149 3.19691 3.53906
    endloop
  endfacet
  facet normal -0.481002 -0.179399 0.858168
    outer loop
      vertex 2.1451 3.45535 3.53906
      vertex 1.94225 3.06026 3.34277
      vertex 2.24149 3.19691 3.53906
    endloop
  endfacet
  facet normal -0.315594 -0.117714 0.941565
    outer loop
      vertex 2.82428 3.65478 3.83203
      vertex 2.55676 3.34089 3.70312
      vertex 2.88538 3.49097 3.83203
    endloop
  endfacet
  facet normal -0.295629 -0.16143 0.941565
    outer loop
      vertex 2.88538 3.49097 3.83203
      vertex 2.55676 3.34089 3.70312
      vertex 2.66525 3.14221 3.70312
    endloop
  endfacet
  facet normal 0.753657 -0.564317 0.336969
    outer loop
      vertex 81.6146 1.99835 1.5918
      vertex 81.3957 1.49083 1.23145
      vertex 81.7234 1.92848 1.23145
    endloop
  endfacet
  facet normal 0.723608 -0.54169 0.427743
    outer loop
      vertex 81.4763 2.08727 1.93848
      vertex 81.1738 1.68318 1.93848
      vertex 81.2981 1.57547 1.5918
    endloop
  endfacet
  facet normal 0.541683 -0.723624 0.427724
    outer loop
      vertex 80.9245 1.20194 1.5918
      vertex 80.4127 1.02374 1.93848
      vertex 80.5016 0.88537 1.5918
    endloop
  endfacet
  facet normal 0.433219 -0.793327 0.427731
    outer loop
      vertex 80.4127 1.02374 1.93848
      vertex 80.038 0.632208 1.5918
      vertex 80.5016 0.88537 1.5918
    endloop
  endfacet
  facet normal 0.451254 -0.826384 0.336838
    outer loop
      vertex 80.5715 0.77665 1.23145
      vertex 80.038 0.632208 1.5918
      vertex 80.0917 0.514651 1.23145
    endloop
  endfacet
  facet normal 0.473954 -0.868047 0.147855
    outer loop
      vertex 80.6218 0.698405 0.860352
      vertex 80.1303 0.430046 0.860352
      vertex 80.1539 0.378392 0.481445
    endloop
  endfacet
  facet normal 0.639105 -0.639212 0.427731
    outer loop
      vertex 80.9245 1.20194 1.5918
      vertex 81.1738 1.68318 1.93848
      vertex 80.8168 1.32624 1.93848
    endloop
  endfacet
  facet normal 0.639095 -0.639215 0.427741
    outer loop
      vertex 81.1738 1.68318 1.93848
      vertex 80.9245 1.20194 1.5918
      vertex 81.2981 1.57547 1.5918
    endloop
  endfacet
  facet normal 0.686939 -0.514239 0.513491
    outer loop
      vertex 81.4763 2.08727 1.93848
      vertex 81.025 1.81205 2.2666
      vertex 81.1738 1.68318 1.93848
    endloop
  endfacet
  facet normal 0.321942 -0.589652 0.740719
    outer loop
      vertex 80.0433 1.59864 2.85742
      vertex 79.5679 1.66172 3.11426
      vertex 79.6858 1.40345 2.85742
    endloop
  endfacet
  facet normal 0.44395 -0.592976 0.67178
    outer loop
      vertex 80.3693 1.84271 2.85742
      vertex 80.0433 1.59864 2.85742
      vertex 80.1825 1.38202 2.57422
    endloop
  endfacet
  facet normal 0.909027 -0.338964 0.242432
    outer loop
      vertex 82.1764 2.92051 1.23145
      vertex 81.9854 2.40829 1.23145
      vertex 82.2656 2.89431 0.860352
    endloop
  endfacet
  facet normal 0.882197 -0.32896 0.336918
    outer loop
      vertex 82.1764 2.92051 1.23145
      vertex 81.8678 2.46198 1.5918
      vertex 81.9854 2.40829 1.23145
    endloop
  endfacet
  facet normal 0.343215 -0.25699 0.903416
    outer loop
      vertex 79.8348 3.14221 3.70312
      vertex 79.6991 2.96098 3.70312
      vertex 79.961 2.73402 3.53906
    endloop
  endfacet
  facet normal 0.410928 -0.307624 0.858199
    outer loop
      vertex 80.1263 2.95483 3.53906
      vertex 79.961 2.73402 3.53906
      vertex 80.4031 2.77698 3.34277
    endloop
  endfacet
  facet normal 0.149791 -0.401711 0.903433
    outer loop
      vertex 79.1591 2.55676 3.70312
      vertex 79.0446 2.1451 3.53906
      vertex 79.3031 2.24149 3.53906
    endloop
  endfacet
  facet normal 0.161413 -0.295628 0.941568
    outer loop
      vertex 79.3578 2.66525 3.70312
      vertex 79.009 2.88538 3.83203
      vertex 79.1591 2.55676 3.70312
    endloop
  endfacet
  facet normal 0.227221 -0.0847518 0.970148
    outer loop
      vertex 79.6757 3.65478 3.83203
      vertex 79.3187 3.75959 3.9248
      vertex 79.6146 3.49097 3.83203
    endloop
  endfacet
  facet normal 0.329091 -0.071561 0.941583
    outer loop
      vertex 80.0705 3.7742 3.70312
      vertex 79.6757 3.65478 3.83203
      vertex 80.0224 3.553 3.70312
    endloop
  endfacet
  facet normal 0.127573 -0.0697197 0.989376
    outer loop
      vertex 79.2762 3.64552 3.9248
      vertex 78.8983 3.74404 3.98047
      vertex 79.2178 3.53866 3.9248
    endloop
  endfacet
  facet normal 0.1942 -0.145261 0.970147
    outer loop
      vertex 79.2178 3.53866 3.9248
      vertex 79.1449 3.4412 3.9248
      vertex 79.4261 3.19756 3.83203
    endloop
  endfacet
  facet normal 0.0847465 -0.227252 0.970141
    outer loop
      vertex 78.8545 3.2238 3.9248
      vertex 78.7404 3.18125 3.9248
      vertex 79.009 2.88538 3.83203
    endloop
  endfacet
  facet normal 0.501694 -0.10908 0.85814
    outer loop
      vertex 80.4135 3.72487 3.53906
      vertex 80.3549 3.45535 3.53906
      vertex 80.6705 3.36267 3.34277
    endloop
  endfacet
  facet normal 0.419004 -0.0911013 0.903403
    outer loop
      vertex 80.4135 3.72487 3.53906
      vertex 80.0705 3.7742 3.70312
      vertex 80.3549 3.45535 3.53906
    endloop
  endfacet
  facet normal 0.179402 -0.480992 0.858173
    outer loop
      vertex 79.4397 1.94225 3.34277
      vertex 79.0446 2.1451 3.53906
      vertex 79.1373 1.82946 3.34277
    endloop
  endfacet
  facet normal 0.20838 -0.558685 0.802776
    outer loop
      vertex 79.4397 1.94225 3.34277
      vertex 79.1373 1.82946 3.34277
      vertex 79.5679 1.66172 3.11426
    endloop
  endfacet
  facet normal 0.354975 -0.650154 0.671783
    outer loop
      vertex 80.0433 1.59864 2.85742
      vertex 79.6858 1.40345 2.85742
      vertex 80.1825 1.38202 2.57422
    endloop
  endfacet
  facet normal -0.145339 -0.194155 0.970144
    outer loop
      vertex 3.53866 3.28215 3.9248
      vertex 3.19756 3.07394 3.83203
      vertex 3.33752 2.96917 3.83203
    endloop
  endfacet
  facet normal -0.116231 -0.212862 0.970144
    outer loop
      vertex 3.53866 3.28215 3.9248
      vertex 3.33752 2.96917 3.83203
      vertex 3.64552 3.2238 3.9248
    endloop
  endfacet
  facet normal -0.0309038 -0.142037 0.989379
    outer loop
      vertex 3.86662 3.54574 3.98047
      vertex 3.75959 3.18125 3.9248
      vertex 3.93262 3.53138 3.98047
    endloop
  endfacet
  facet normal -0.0308984 -0.14204 0.989379
    outer loop
      vertex 3.93262 3.53138 3.98047
      vertex 3.75959 3.18125 3.9248
      vertex 3.87856 3.15537 3.9248
    endloop
  endfacet
  facet normal -0.0871138 -0.116367 0.989379
    outer loop
      vertex 3.74404 3.60172 3.98047
      vertex 3.4412 3.35511 3.9248
      vertex 3.53866 3.28215 3.9248
    endloop
  endfacet
  facet normal -0.0696645 -0.127581 0.989379
    outer loop
      vertex 3.74404 3.60172 3.98047
      vertex 3.53866 3.28215 3.9248
      vertex 3.64552 3.2238 3.9248
    endloop
  endfacet
  facet normal 0.0306264 -0.0407287 0.998701
    outer loop
      vertex 78.5587 3.93225 4
      vertex 78.5485 3.92458 4
      vertex 78.756 3.60172 3.98047
    endloop
  endfacet
  facet normal 0.0715986 -0.329127 0.941567
    outer loop
      vertex 78.8452 2.82428 3.83203
      vertex 78.7258 2.42952 3.70312
      vertex 78.947 2.47764 3.70312
    endloop
  endfacet
  facet normal 0.0696469 -0.127589 0.989379
    outer loop
      vertex 78.756 3.60172 3.98047
      vertex 78.6967 3.56935 3.98047
      vertex 78.8545 3.2238 3.9248
    endloop
  endfacet
  facet normal 0.116208 -0.212889 0.970141
    outer loop
      vertex 79.1625 2.96917 3.83203
      vertex 78.8545 3.2238 3.9248
      vertex 79.009 2.88538 3.83203
    endloop
  endfacet
  facet normal 0.10913 -0.501629 0.858172
    outer loop
      vertex 79.0446 2.1451 3.53906
      vertex 78.7751 2.08647 3.53906
      vertex 79.1373 1.82946 3.34277
    endloop
  endfacet
  facet normal 0.0911438 -0.418953 0.903422
    outer loop
      vertex 79.0446 2.1451 3.53906
      vertex 78.7258 2.42952 3.70312
      vertex 78.7751 2.08647 3.53906
    endloop
  endfacet
  facet normal -0.0479191 -0.670072 0.740747
    outer loop
      vertex 3.63417 1.45559 3.11426
      vertex 3.59376 1.17455 2.85742
      vertex 4.04081 1.14258 2.85742
    endloop
  endfacet
  facet normal -0.126759 -0.582691 0.802747
    outer loop
      vertex 3.67806 1.76085 3.34277
      vertex 3.36267 1.82946 3.34277
      vertex 3.63417 1.45559 3.11426
    endloop
  endfacet
  facet normal -0.030593 -0.42764 0.903431
    outer loop
      vertex 4.08597 2.40723 3.70312
      vertex 3.72487 2.08647 3.53906
      vertex 4.07363 2.06152 3.53906
    endloop
  endfacet
  facet normal -0.0911358 -0.418948 0.903425
    outer loop
      vertex 3.7742 2.42952 3.70312
      vertex 3.45535 2.1451 3.53906
      vertex 3.72487 2.08647 3.53906
    endloop
  endfacet
  facet normal -0.0240267 -0.335968 0.941567
    outer loop
      vertex 3.82561 2.78712 3.83203
      vertex 3.7742 2.42952 3.70312
      vertex 4.09884 2.76758 3.83203
    endloop
  endfacet
  facet normal -0.0173003 -0.241912 0.970144
    outer loop
      vertex 3.87856 3.15537 3.9248
      vertex 3.82561 2.78712 3.83203
      vertex 4.09884 2.76758 3.83203
    endloop
  endfacet
  facet normal -0.149843 -0.401708 0.903426
    outer loop
      vertex 3.553 2.47764 3.70312
      vertex 3.34089 2.55676 3.70312
      vertex 3.45535 2.1451 3.53906
    endloop
  endfacet
  facet normal -0.0911379 -0.418946 0.903426
    outer loop
      vertex 3.553 2.47764 3.70312
      vertex 3.45535 2.1451 3.53906
      vertex 3.7742 2.42952 3.70312
    endloop
  endfacet
  facet normal 0.182422 -0.838562 0.513357
    outer loop
      vertex 79.4413 0.794243 2.2666
      vertex 78.9755 0.692912 2.2666
      vertex 79.4967 0.605424 1.93848
    endloop
  endfacet
  facet normal 0.280549 -0.752104 0.596349
    outer loop
      vertex 79.8879 0.960833 2.2666
      vertex 79.3767 1.01406 2.57422
      vertex 79.4413 0.794243 2.2666
    endloop
  endfacet
  facet normal 0.0528455 -0.738852 0.671792
    outer loop
      vertex 78.9429 0.91968 2.57422
      vertex 78.4592 1.14258 2.85742
      vertex 78.4684 0.885742 2.57422
    endloop
  endfacet
  facet normal -0.363001 -0.363001 0.858173
    outer loop
      vertex 2.53898 2.73402 3.53906
      vertex 2.51859 2.29036 3.34277
      vertex 2.73402 2.53898 3.53906
    endloop
  endfacet
  facet normal -0.363001 -0.363001 0.858173
    outer loop
      vertex 2.51859 2.29036 3.34277
      vertex 2.53898 2.73402 3.53906
      vertex 2.29036 2.51859 3.34277
    endloop
  endfacet
  facet normal -0.410974 -0.307638 0.858172
    outer loop
      vertex 2.53898 2.73402 3.53906
      vertex 2.09694 2.77698 3.34277
      vertex 2.29036 2.51859 3.34277
    endloop
  endfacet
  facet normal -0.376289 0.205459 0.903434
    outer loop
      vertex 2.37368 95.0452 3.53906
      vertex 2.24149 94.8031 3.53906
      vertex 2.66525 94.8578 3.70312
    endloop
  endfacet
  facet normal -0.329127 0.0715986 0.941567
    outer loop
      vertex 2.47764 94.447 3.70312
      vertex 2.42952 94.2258 3.70312
      vertex 2.82428 94.3452 3.83203
    endloop
  endfacet
  facet normal -0.0305379 0.0407775 0.998701
    outer loop
      vertex 3.74404 94.3983 3.98047
      vertex 3.68996 94.3578 3.98047
      vertex 3.94129 94.0677 4
    endloop
  endfacet
  facet normal -0.0036336 -0.0508204 0.998701
    outer loop
      vertex 3.98724 3.91127 4
      vertex 3.93262 3.53138 3.98047
      vertex 4.12563 3.51758 3.98047
    endloop
  endfacet
  facet normal -0.050806 -0.136193 0.989379
    outer loop
      vertex 3.80333 3.56935 3.98047
      vertex 3.75959 3.18125 3.9248
      vertex 3.86662 3.54574 3.98047
    endloop
  endfacet
  facet normal -0.246024 0.450511 0.858203
    outer loop
      vertex 3.19691 95.7585 3.53906
      vertex 2.77698 95.9031 3.34277
      vertex 2.95483 95.6263 3.53906
    endloop
  endfacet
  facet normal -0.201732 0.269669 0.941585
    outer loop
      vertex 3.33752 95.0308 3.83203
      vertex 3.14221 95.3348 3.70312
      vertex 3.19756 94.9261 3.83203
    endloop
  endfacet
  facet normal -0.0172631 0.241887 0.970151
    outer loop
      vertex 4.09884 95.2324 3.83203
      vertex 3.82561 95.2129 3.83203
      vertex 3.87856 94.8446 3.9248
    endloop
  endfacet
  facet normal -0.023978 0.335975 0.941566
    outer loop
      vertex 4.09884 95.2324 3.83203
      vertex 3.7742 95.5705 3.70312
      vertex 3.82561 95.2129 3.83203
    endloop
  endfacet
  facet normal -0.145268 0.19419 0.970148
    outer loop
      vertex 3.33752 95.0308 3.83203
      vertex 3.19756 94.9261 3.83203
      vertex 3.53866 94.7178 3.9248
    endloop
  endfacet
  facet normal -0.16133 0.295692 0.941562
    outer loop
      vertex 3.34089 95.4432 3.70312
      vertex 3.14221 95.3348 3.70312
      vertex 3.49097 95.1146 3.83203
    endloop
  endfacet
  facet normal -0.0612401 0.855963 0.513398
    outer loop
      vertex 4.01646 97.5391 1.93848
      vertex 3.49651 97.5019 1.93848
      vertex 3.52451 97.3071 2.2666
    endloop
  endfacet
  facet normal -0.206334 0.947925 0.24262
    outer loop
      vertex 3.44147 97.8847 0.860352
      vertex 2.89431 97.7656 0.860352
      vertex 3.45471 97.7926 1.23145
    endloop
  endfacet
  facet normal -0.299904 0.804078 0.513338
    outer loop
      vertex 3.00326 97.3946 1.93848
      vertex 2.53031 97.2182 1.93848
      vertex 3.0587 97.2058 2.2666
    endloop
  endfacet
  facet normal -0.315882 0.846919 0.427724
    outer loop
      vertex 3.00326 97.3946 1.93848
      vertex 2.46198 97.3678 1.5918
      vertex 2.53031 97.2182 1.93848
    endloop
  endfacet
  facet normal -0.32896 0.882197 0.336918
    outer loop
      vertex 2.92051 97.6764 1.23145
      vertex 2.40829 97.4854 1.23145
      vertex 2.46198 97.3678 1.5918
    endloop
  endfacet
  facet normal -0.338964 0.909027 0.242432
    outer loop
      vertex 2.89431 97.7656 0.860352
      vertex 2.40829 97.4854 1.23145
      vertex 2.92051 97.6764 1.23145
    endloop
  endfacet
  facet normal -0.564317 0.753657 0.336969
    outer loop
      vertex 1.92848 97.2234 1.23145
      vertex 1.49083 96.8957 1.23145
      vertex 1.99835 97.1146 1.5918
    endloop
  endfacet
  facet normal -0.564213 0.753853 0.336703
    outer loop
      vertex 1.99835 97.1146 1.5918
      vertex 1.49083 96.8957 1.23145
      vertex 1.57547 96.7981 1.5918
    endloop
  endfacet
  facet normal -0.433172 0.793355 0.427727
    outer loop
      vertex 2.46198 97.3678 1.5918
      vertex 2.08727 96.9763 1.93848
      vertex 2.53031 97.2182 1.93848
    endloop
  endfacet
  facet normal -0.514276 0.686937 0.513457
    outer loop
      vertex 2.08727 96.9763 1.93848
      vertex 1.81205 96.525 2.2666
      vertex 2.19367 96.8107 2.2666
    endloop
  endfacet
  facet normal -0.126815 0.582683 0.802744
    outer loop
      vertex 3.63417 96.5444 3.11426
      vertex 3.27578 96.4664 3.11426
      vertex 3.36267 96.1705 3.34277
    endloop
  endfacet
  facet normal -0.258733 0.693991 0.671888
    outer loop
      vertex 3.12325 96.9859 2.57422
      vertex 2.70723 96.8308 2.57422
      vertex 2.8142 96.5965 2.85742
    endloop
  endfacet
  facet normal -0.307624 0.410928 0.858199
    outer loop
      vertex 2.77698 95.9031 3.34277
      vertex 2.73402 95.461 3.53906
      vertex 2.95483 95.6263 3.53906
    endloop
  endfacet
  facet normal -0.201898 0.269639 0.941558
    outer loop
      vertex 3.14221 95.3348 3.70312
      vertex 2.96098 95.1991 3.70312
      vertex 3.19756 94.9261 3.83203
    endloop
  endfacet
  facet normal -0.401711 0.149791 0.903433
    outer loop
      vertex 2.24149 94.8031 3.53906
      vertex 2.1451 94.5446 3.53906
      vertex 2.55676 94.6591 3.70312
    endloop
  endfacet
  facet normal -0.0507452 0.1362 0.989381
    outer loop
      vertex 3.75959 94.8187 3.9248
      vertex 3.64552 94.7762 3.9248
      vertex 3.80333 94.4306 3.98047
    endloop
  endfacet
  facet normal -0.354889 0.650224 0.671761
    outer loop
      vertex 2.8142 96.5965 2.85742
      vertex 2.31753 96.618 2.57422
      vertex 2.45674 96.4014 2.85742
    endloop
  endfacet
  facet normal -0.0365458 0.511974 0.858223
    outer loop
      vertex 4.06191 96.2666 3.34277
      vertex 3.67806 96.2392 3.34277
      vertex 3.72487 95.9135 3.53906
    endloop
  endfacet
  facet normal -0.109245 0.501523 0.858219
    outer loop
      vertex 3.67806 96.2392 3.34277
      vertex 3.36267 96.1705 3.34277
      vertex 3.72487 95.9135 3.53906
    endloop
  endfacet
  facet normal 1.46718e-19 0.671792 0.74074
    outer loop
      vertex 62.7754 96.8574 2.85742
      vertex 4.05092 96.5742 3.11426
      vertex 63.0943 96.5742 3.11426
    endloop
  endfacet
  facet normal 1.47489e-19 0.671792 0.74074
    outer loop
      vertex 4.05092 96.5742 3.11426
      vertex 62.7754 96.8574 2.85742
      vertex 4.04081 96.8574 2.85742
    endloop
  endfacet
  facet normal 0.970127 -0 0.242598
    outer loop
      vertex 82.332 4.006 1.23145
      vertex 82.4248 79.4078 0.860352
      vertex 82.332 79.4902 1.23145
    endloop
  endfacet
  facet normal 0.970127 0 0.242598
    outer loop
      vertex 82.4248 79.4078 0.860352
      vertex 82.332 4.006 1.23145
      vertex 82.4248 4.00269 0.860352
    endloop
  endfacet
  facet normal 0.0036338 -0.0508206 0.998701
    outer loop
      vertex 78.5128 3.91127 4
      vertex 78.3744 3.51758 3.98047
      vertex 78.5674 3.53138 3.98047
    endloop
  endfacet
  facet normal 0.0107948 -0.0497914 0.998701
    outer loop
      vertex 78.5253 3.91398 4
      vertex 78.5128 3.91127 4
      vertex 78.5674 3.53138 3.98047
    endloop
  endfacet
  facet normal 0.00363533 -0.0508211 0.998701
    outer loop
      vertex 78.5128 3.91127 4
      vertex 78.3607 3.90039 4
      vertex 78.3744 3.51758 3.98047
    endloop
  endfacet
  facet normal 0.136171 -0.0509915 0.989372
    outer loop
      vertex 78.9543 3.86662 3.98047
      vertex 78.9306 3.80333 3.98047
      vertex 79.3187 3.75959 3.9248
    endloop
  endfacet
  facet normal 0.142105 -0.0307894 0.989373
    outer loop
      vertex 78.9686 3.93262 3.98047
      vertex 78.9543 3.86662 3.98047
      vertex 79.3187 3.75959 3.9248
    endloop
  endfacet
  facet normal 0.753113 -0.411306 0.513466
    outer loop
      vertex 81.5392 2.61206 2.2666
      vertex 81.3107 2.19367 2.2666
      vertex 81.4763 2.08727 1.93848
    endloop
  endfacet
  facet normal 0.752172 -0.280424 0.596322
    outer loop
      vertex 81.4859 3.12325 2.57422
      vertex 81.3308 2.70723 2.57422
      vertex 81.5392 2.61206 2.2666
    endloop
  endfacet
  facet normal 0 0 -1
    outer loop
      vertex 16.9102 21.2055 0
      vertex 82.5 4 0
      vertex 17.0427 20.8153 0
    endloop
  endfacet
  facet normal 0 0 -1
    outer loop
      vertex 82.5 79.341 0
      vertex 17.1231 77.5888 0
      vertex 17.15 78 0
    endloop
  endfacet
  facet normal 0 0 -1
    outer loop
      vertex 82.5 4 0
      vertex 16.9102 21.2055 0
      vertex 82.5 79.341 0
    endloop
  endfacet
  facet normal 0 0 -1
    outer loop
      vertex 82.5 79.341 0
      vertex 17.0427 77.1847 0
      vertex 17.1231 77.5888 0
    endloop
  endfacet
  facet normal 0 0 -1
    outer loop
      vertex 16.728 21.575 0
      vertex 82.5 79.341 0
      vertex 16.9102 21.2055 0
    endloop
  endfacet
  facet normal 0 0 -1
    outer loop
      vertex 82.5 79.341 0
      vertex 16.9102 76.7945 0
      vertex 17.0427 77.1847 0
    endloop
  endfacet
  facet normal 0 0 -1
    outer loop
      vertex 16.4991 21.9176 0
      vertex 82.5 79.341 0
      vertex 16.728 21.575 0
    endloop
  endfacet
  facet normal 0 0 -1
    outer loop
      vertex 82.5 79.341 0
      vertex 16.728 76.425 0
      vertex 16.9102 76.7945 0
    endloop
  endfacet
  facet normal 0 0 -1
    outer loop
      vertex 16.4991 76.0824 0
      vertex 82.5 79.341 0
      vertex 16.4991 21.9176 0
    endloop
  endfacet
  facet normal 0 0 -1
    outer loop
      vertex 82.5 79.341 0
      vertex 16.4991 76.0824 0
      vertex 16.728 76.425 0
    endloop
  endfacet
  facet normal 0 0 -1
    outer loop
      vertex 16.2274 22.2274 0
      vertex 16.4991 76.0824 0
      vertex 16.4991 21.9176 0
    endloop
  endfacet
  facet normal 0 0 -1
    outer loop
      vertex 16.2274 22.2274 0
      vertex 16.2274 75.7726 0
      vertex 16.4991 76.0824 0
    endloop
  endfacet
  facet normal 0 0 -1
    outer loop
      vertex 15.9176 22.4991 0
      vertex 16.2274 75.7726 0
      vertex 16.2274 22.2274 0
    endloop
  endfacet
  facet normal 0 0 -1
    outer loop
      vertex 15.9176 22.4991 0
      vertex 15.9176 75.5009 0
      vertex 16.2274 75.7726 0
    endloop
  endfacet
  facet normal 0 0 -1
    outer loop
      vertex 15.575 22.728 0
      vertex 15.9176 75.5009 0
      vertex 15.9176 22.4991 0
    endloop
  endfacet
  facet normal 0 0 -1
    outer loop
      vertex 15.575 22.728 0
      vertex 15.575 75.272 0
      vertex 15.9176 75.5009 0
    endloop
  endfacet
  facet normal 0 0 -1
    outer loop
      vertex 15.2055 22.9102 0
      vertex 15.575 75.272 0
      vertex 15.575 22.728 0
    endloop
  endfacet
  facet normal 0 0 -1
    outer loop
      vertex 15.2055 22.9102 0
      vertex 15.2055 75.0898 0
      vertex 15.575 75.272 0
    endloop
  endfacet
  facet normal 0 0 -1
    outer loop
      vertex 14.8153 23.0427 0
      vertex 15.2055 75.0898 0
      vertex 15.2055 22.9102 0
    endloop
  endfacet
  facet normal 0 0 -1
    outer loop
      vertex 14.8153 23.0427 0
      vertex 14.8153 74.9573 0
      vertex 15.2055 75.0898 0
    endloop
  endfacet
  facet normal 0 0 -1
    outer loop
      vertex 14.4112 23.1231 0
      vertex 14.8153 74.9573 0
      vertex 14.8153 23.0427 0
    endloop
  endfacet
  facet normal 0 0 -1
    outer loop
      vertex 14.4112 23.1231 0
      vertex 14.4112 74.8769 0
      vertex 14.8153 74.9573 0
    endloop
  endfacet
  facet normal 0 0 -1
    outer loop
      vertex 14 23.15 0
      vertex 14.4112 74.8769 0
      vertex 14.4112 23.1231 0
    endloop
  endfacet
  facet normal 0 0 -1
    outer loop
      vertex 14 23.15 0
      vertex 14 74.85 0
      vertex 14.4112 74.8769 0
    endloop
  endfacet
  facet normal 0 0 -1
    outer loop
      vertex 13.5888 23.1231 0
      vertex 14 74.85 0
      vertex 14 23.15 0
    endloop
  endfacet
  facet normal 0 0 -1
    outer loop
      vertex 13.5888 23.1231 0
      vertex 13.5888 74.8769 0
      vertex 14 74.85 0
    endloop
  endfacet
  facet normal 0 0 -1
    outer loop
      vertex 13.1847 23.0427 0
      vertex 13.5888 74.8769 0
      vertex 13.5888 23.1231 0
    endloop
  endfacet
  facet normal 0 0 -1
    outer loop
      vertex 13.1847 23.0427 0
      vertex 13.1847 74.9573 0
      vertex 13.5888 74.8769 0
    endloop
  endfacet
  facet normal 0 0 -1
    outer loop
      vertex 12.7945 22.9102 0
      vertex 13.1847 74.9573 0
      vertex 13.1847 23.0427 0
    endloop
  endfacet
  facet normal 0 0 -1
    outer loop
      vertex 12.7945 22.9102 0
      vertex 12.7945 75.0898 0
      vertex 13.1847 74.9573 0
    endloop
  endfacet
  facet normal 0 0 -1
    outer loop
      vertex 12.425 22.728 0
      vertex 12.7945 75.0898 0
      vertex 12.7945 22.9102 0
    endloop
  endfacet
  facet normal 0 0 -1
    outer loop
      vertex 12.425 22.728 0
      vertex 12.425 75.272 0
      vertex 12.7945 75.0898 0
    endloop
  endfacet
  facet normal 0 0 -1
    outer loop
      vertex 12.0824 22.4991 0
      vertex 12.425 75.272 0
      vertex 12.425 22.728 0
    endloop
  endfacet
  facet normal 0 0 -1
    outer loop
      vertex 12.0824 22.4991 0
      vertex 12.0824 75.5009 0
      vertex 12.425 75.272 0
    endloop
  endfacet
  facet normal 0 0 -1
    outer loop
      vertex 11.7726 22.2274 0
      vertex 12.0824 75.5009 0
      vertex 12.0824 22.4991 0
    endloop
  endfacet
  facet normal 0 0 -1
    outer loop
      vertex 11.7726 22.2274 0
      vertex 11.7726 75.7726 0
      vertex 12.0824 75.5009 0
    endloop
  endfacet
  facet normal 0 0 -1
    outer loop
      vertex 11.5009 21.9176 0
      vertex 11.7726 75.7726 0
      vertex 11.7726 22.2274 0
    endloop
  endfacet
  facet normal 0 0 -1
    outer loop
      vertex 11.5009 21.9176 0
      vertex 11.5009 76.0824 0
      vertex 11.7726 75.7726 0
    endloop
  endfacet
  facet normal 0 0 -1
    outer loop
      vertex 11.272 21.575 0
      vertex 11.5009 76.0824 0
      vertex 11.5009 21.9176 0
    endloop
  endfacet
  facet normal 0 0 -1
    outer loop
      vertex 11.272 21.575 0
      vertex 11.272 76.425 0
      vertex 11.5009 76.0824 0
    endloop
  endfacet
  facet normal 0 0 -1
    outer loop
      vertex 11.0898 21.2055 0
      vertex 11.272 76.425 0
      vertex 11.272 21.575 0
    endloop
  endfacet
  facet normal 0 0 -1
    outer loop
      vertex 11.0898 21.2055 0
      vertex 11.0898 76.7945 0
      vertex 11.272 76.425 0
    endloop
  endfacet
  facet normal 0 0 -1
    outer loop
      vertex 0 4 0
      vertex 11.0898 21.2055 0
      vertex 10.9573 20.8153 0
    endloop
  endfacet
  facet normal -0 0 -1
    outer loop
      vertex 11.0898 21.2055 0
      vertex 0 4 0
      vertex 11.0898 76.7945 0
    endloop
  endfacet
  facet normal 0 0 -1
    outer loop
      vertex 0 4 0
      vertex 10.9573 20.8153 0
      vertex 10.8769 20.4112 0
    endloop
  endfacet
  facet normal 0 0 -1
    outer loop
      vertex 0 94 0
      vertex 11.0898 76.7945 0
      vertex 0 4 0
    endloop
  endfacet
  facet normal 0 0 -1
    outer loop
      vertex 0 4 0
      vertex 10.8769 20.4112 0
      vertex 10.85 20 0
    endloop
  endfacet
  facet normal 0 0 -1
    outer loop
      vertex 11.0898 76.7945 0
      vertex 0 94 0
      vertex 10.9573 77.1847 0
    endloop
  endfacet
  facet normal 0 0 -1
    outer loop
      vertex 78.5 0 0
      vertex 82.5 4 0
      vertex 82.4593 3.43074 0
    endloop
  endfacet
  facet normal 0 0 -1
    outer loop
      vertex 78.5 0 0
      vertex 82.4593 3.43074 0
      vertex 82.338 2.87307 0
    endloop
  endfacet
  facet normal 0 0 -1
    outer loop
      vertex 78.5 0 0
      vertex 82.338 2.87307 0
      vertex 82.1385 2.33834 0
    endloop
  endfacet
  facet normal 0 0 -1
    outer loop
      vertex 78.5 0 0
      vertex 82.1385 2.33834 0
      vertex 81.865 1.83744 0
    endloop
  endfacet
  facet normal 0 0 -1
    outer loop
      vertex 78.5 0 0
      vertex 81.865 1.83744 0
      vertex 81.523 1.38056 0
    endloop
  endfacet
  facet normal 0 0 -1
    outer loop
      vertex 78.5 0 0
      vertex 81.523 1.38056 0
      vertex 81.1194 0.977001 0
    endloop
  endfacet
  facet normal 0 0 -1
    outer loop
      vertex 78.5 0 0
      vertex 81.1194 0.977001 0
      vertex 80.6626 0.634985 0
    endloop
  endfacet
  facet normal 0 0 -1
    outer loop
      vertex 78.5 0 0
      vertex 80.6626 0.634985 0
      vertex 80.1617 0.361471 0
    endloop
  endfacet
  facet normal 0 0 -1
    outer loop
      vertex 78.5 0 0
      vertex 80.1617 0.361471 0
      vertex 79.6269 0.162027 0
    endloop
  endfacet
  facet normal 0 0 -1
    outer loop
      vertex 78.5 0 0
      vertex 79.6269 0.162027 0
      vertex 79.0693 0.0407133 0
    endloop
  endfacet
  facet normal 0 0 -1
    outer loop
      vertex 17.1231 20.4112 0
      vertex 78.5 0 0
      vertex 17.15 20 0
    endloop
  endfacet
  facet normal 0 0 -1
    outer loop
      vertex 17.0427 20.8153 0
      vertex 78.5 0 0
      vertex 17.1231 20.4112 0
    endloop
  endfacet
  facet normal -0 0 -1
    outer loop
      vertex 82.5 79.341 0
      vertex 17.15 78 0
      vertex 61.5 97.99 0
    endloop
  endfacet
  facet normal 0 0 -1
    outer loop
      vertex 78.5 0 0
      vertex 17.0427 20.8153 0
      vertex 82.5 4 0
    endloop
  endfacet
  facet normal 0 0 -1
    outer loop
      vertex 78.5 0 0
      vertex 17.1231 19.5888 0
      vertex 17.15 20 0
    endloop
  endfacet
  facet normal 0 0 -1
    outer loop
      vertex 78.5 0 0
      vertex 17.0427 19.1847 0
      vertex 17.1231 19.5888 0
    endloop
  endfacet
  facet normal 0 0 -1
    outer loop
      vertex 78.5 0 0
      vertex 16.9102 18.7945 0
      vertex 17.0427 19.1847 0
    endloop
  endfacet
  facet normal 0 0 -1
    outer loop
      vertex 78.5 0 0
      vertex 16.728 18.425 0
      vertex 16.9102 18.7945 0
    endloop
  endfacet
  facet normal 0 0 -1
    outer loop
      vertex 78.5 0 0
      vertex 16.4991 18.0824 0
      vertex 16.728 18.425 0
    endloop
  endfacet
  facet normal 0 0 -1
    outer loop
      vertex 78.5 0 0
      vertex 16.2274 17.7726 0
      vertex 16.4991 18.0824 0
    endloop
  endfacet
  facet normal 0 0 -1
    outer loop
      vertex 78.5 0 0
      vertex 15.9176 17.5009 0
      vertex 16.2274 17.7726 0
    endloop
  endfacet
  facet normal 0 0 -1
    outer loop
      vertex 4 0 0
      vertex 15.9176 17.5009 0
      vertex 78.5 0 0
    endloop
  endfacet
  facet normal 0 0 -1
    outer loop
      vertex 15.9176 17.5009 0
      vertex 4 0 0
      vertex 15.575 17.272 0
    endloop
  endfacet
  facet normal 0 0 -1
    outer loop
      vertex 15.575 17.272 0
      vertex 4 0 0
      vertex 15.2055 17.0898 0
    endloop
  endfacet
  facet normal 0 0 -1
    outer loop
      vertex 15.2055 17.0898 0
      vertex 4 0 0
      vertex 14.8153 16.9573 0
    endloop
  endfacet
  facet normal 0 0 -1
    outer loop
      vertex 14.8153 16.9573 0
      vertex 4 0 0
      vertex 14.4112 16.8769 0
    endloop
  endfacet
  facet normal 0 0 -1
    outer loop
      vertex 14.4112 16.8769 0
      vertex 4 0 0
      vertex 14 16.85 0
    endloop
  endfacet
  facet normal -0 0 -1
    outer loop
      vertex 14 16.85 0
      vertex 4 0 0
      vertex 13.5888 16.8769 0
    endloop
  endfacet
  facet normal -0 0 -1
    outer loop
      vertex 10.8769 19.5888 0
      vertex 0 4 0
      vertex 10.85 20 0
    endloop
  endfacet
  facet normal -0 0 -1
    outer loop
      vertex 10.9573 19.1847 0
      vertex 0 4 0
      vertex 10.8769 19.5888 0
    endloop
  endfacet
  facet normal -0 0 -1
    outer loop
      vertex 11.0898 18.7945 0
      vertex 0 4 0
      vertex 10.9573 19.1847 0
    endloop
  endfacet
  facet normal -0 0 -1
    outer loop
      vertex 11.272 18.425 0
      vertex 0 4 0
      vertex 11.0898 18.7945 0
    endloop
  endfacet
  facet normal -0 0 -1
    outer loop
      vertex 11.5009 18.0824 0
      vertex 0 4 0
      vertex 11.272 18.425 0
    endloop
  endfacet
  facet normal -0 0 -1
    outer loop
      vertex 11.7726 17.7726 0
      vertex 0 4 0
      vertex 11.5009 18.0824 0
    endloop
  endfacet
  facet normal -0 0 -1
    outer loop
      vertex 12.0824 17.5009 0
      vertex 0 4 0
      vertex 11.7726 17.7726 0
    endloop
  endfacet
  facet normal -0 0 -1
    outer loop
      vertex 12.425 17.272 0
      vertex 0 4 0
      vertex 12.0824 17.5009 0
    endloop
  endfacet
  facet normal -0 0 -1
    outer loop
      vertex 12.7945 17.0898 0
      vertex 0 4 0
      vertex 12.425 17.272 0
    endloop
  endfacet
  facet normal 0 0 -1
    outer loop
      vertex 0 4 0
      vertex 12.7945 17.0898 0
      vertex 4 0 0
    endloop
  endfacet
  facet normal -0 0 -1
    outer loop
      vertex 13.1847 16.9573 0
      vertex 4 0 0
      vertex 12.7945 17.0898 0
    endloop
  endfacet
  facet normal -0 0 -1
    outer loop
      vertex 13.5888 16.8769 0
      vertex 4 0 0
      vertex 13.1847 16.9573 0
    endloop
  endfacet
  facet normal 0 0 -1
    outer loop
      vertex 17.1231 78.4112 0
      vertex 61.5 97.99 0
      vertex 17.15 78 0
    endloop
  endfacet
  facet normal 0 0 -1
    outer loop
      vertex 17.0427 78.8153 0
      vertex 61.5 97.99 0
      vertex 17.1231 78.4112 0
    endloop
  endfacet
  facet normal 0 0 -1
    outer loop
      vertex 16.9102 79.2055 0
      vertex 61.5 97.99 0
      vertex 17.0427 78.8153 0
    endloop
  endfacet
  facet normal 0 0 -1
    outer loop
      vertex 16.728 79.575 0
      vertex 61.5 97.99 0
      vertex 16.9102 79.2055 0
    endloop
  endfacet
  facet normal 0 0 -1
    outer loop
      vertex 16.4991 79.9176 0
      vertex 61.5 97.99 0
      vertex 16.728 79.575 0
    endloop
  endfacet
  facet normal 0 0 -1
    outer loop
      vertex 16.2274 80.2274 0
      vertex 61.5 97.99 0
      vertex 16.4991 79.9176 0
    endloop
  endfacet
  facet normal -0 0 -1
    outer loop
      vertex 61.5 97.99 0
      vertex 16.2274 80.2274 0
      vertex 61.5 98 0
    endloop
  endfacet
  facet normal 0 0 -1
    outer loop
      vertex 15.9176 80.4991 0
      vertex 61.5 98 0
      vertex 16.2274 80.2274 0
    endloop
  endfacet
  facet normal 0 0 -1
    outer loop
      vertex 4 98 0
      vertex 15.9176 80.4991 0
      vertex 15.575 80.728 0
    endloop
  endfacet
  facet normal 0 0 -1
    outer loop
      vertex 4 98 0
      vertex 15.575 80.728 0
      vertex 15.2055 80.9102 0
    endloop
  endfacet
  facet normal 0 0 -1
    outer loop
      vertex 4 98 0
      vertex 15.2055 80.9102 0
      vertex 14.8153 81.0427 0
    endloop
  endfacet
  facet normal 0 0 -1
    outer loop
      vertex 4 98 0
      vertex 14.8153 81.0427 0
      vertex 14.4112 81.123 0
    endloop
  endfacet
  facet normal 0 0 -1
    outer loop
      vertex 4 98 0
      vertex 14.4112 81.123 0
      vertex 14 81.15 0
    endloop
  endfacet
  facet normal 0 0 -1
    outer loop
      vertex 4 98 0
      vertex 14 81.15 0
      vertex 13.5888 81.123 0
    endloop
  endfacet
  facet normal 0 0 -1
    outer loop
      vertex 4 98 0
      vertex 13.5888 81.123 0
      vertex 13.1847 81.0427 0
    endloop
  endfacet
  facet normal 0 0 -1
    outer loop
      vertex 4 98 0
      vertex 13.1847 81.0427 0
      vertex 12.7945 80.9102 0
    endloop
  endfacet
  facet normal 0 0 -1
    outer loop
      vertex 10.9573 77.1847 0
      vertex 0 94 0
      vertex 10.8769 77.5888 0
    endloop
  endfacet
  facet normal 0 0 -1
    outer loop
      vertex 15.9176 80.4991 0
      vertex 4 98 0
      vertex 61.5 98 0
    endloop
  endfacet
  facet normal 0 0 -1
    outer loop
      vertex 0 94 0
      vertex 12.7945 80.9102 0
      vertex 12.425 80.728 0
    endloop
  endfacet
  facet normal 0 0 -1
    outer loop
      vertex 0 94 0
      vertex 12.425 80.728 0
      vertex 12.0824 80.4991 0
    endloop
  endfacet
  facet normal 0 0 -1
    outer loop
      vertex 0 94 0
      vertex 12.0824 80.4991 0
      vertex 11.7726 80.2274 0
    endloop
  endfacet
  facet normal 0 0 -1
    outer loop
      vertex 0 94 0
      vertex 11.7726 80.2274 0
      vertex 11.5009 79.9176 0
    endloop
  endfacet
  facet normal 0 0 -1
    outer loop
      vertex 0 94 0
      vertex 11.5009 79.9176 0
      vertex 11.272 79.575 0
    endloop
  endfacet
  facet normal 0 0 -1
    outer loop
      vertex 0 94 0
      vertex 11.272 79.575 0
      vertex 11.0898 79.2055 0
    endloop
  endfacet
  facet normal 0 0 -1
    outer loop
      vertex 0 94 0
      vertex 11.0898 79.2055 0
      vertex 10.9573 78.8153 0
    endloop
  endfacet
  facet normal 0 0 -1
    outer loop
      vertex 0 94 0
      vertex 10.9573 78.8153 0
      vertex 10.8769 78.4112 0
    endloop
  endfacet
  facet normal 0 0 -1
    outer loop
      vertex 10.8769 77.5888 0
      vertex 0 94 0
      vertex 10.85 78 0
    endloop
  endfacet
  facet normal 0 0 -1
    outer loop
      vertex 0 4 0
      vertex 4 0 0
      vertex 3.43074 0.0407133 0
    endloop
  endfacet
  facet normal 0 0 -1
    outer loop
      vertex 10.85 78 0
      vertex 0 94 0
      vertex 10.8769 78.4112 0
    endloop
  endfacet
  facet normal 0 0 -1
    outer loop
      vertex 0 4 0
      vertex 3.43074 0.0407133 0
      vertex 2.87307 0.162027 0
    endloop
  endfacet
  facet normal 0 0 -1
    outer loop
      vertex 12.7945 80.9102 0
      vertex 0 94 0
      vertex 4 98 0
    endloop
  endfacet
  facet normal 0 0 -1
    outer loop
      vertex 0 4 0
      vertex 2.87307 0.162027 0
      vertex 2.33834 0.361471 0
    endloop
  endfacet
  facet normal 0 0 -1
    outer loop
      vertex 4 98 0
      vertex 0 94 0
      vertex 3.43074 97.9593 0
    endloop
  endfacet
  facet normal 0 0 -1
    outer loop
      vertex 0 4 0
      vertex 2.33834 0.361471 0
      vertex 1.83744 0.634985 0
    endloop
  endfacet
  facet normal 0 0 -1
    outer loop
      vertex 3.43074 97.9593 0
      vertex 0 94 0
      vertex 2.87307 97.838 0
    endloop
  endfacet
  facet normal 0 0 -1
    outer loop
      vertex 0 4 0
      vertex 1.83744 0.634985 0
      vertex 1.38056 0.977001 0
    endloop
  endfacet
  facet normal 0 0 -1
    outer loop
      vertex 2.87307 97.838 0
      vertex 0 94 0
      vertex 2.33834 97.6385 0
    endloop
  endfacet
  facet normal 0 0 -1
    outer loop
      vertex 0 4 0
      vertex 1.38056 0.977001 0
      vertex 0.977001 1.38056 0
    endloop
  endfacet
  facet normal 0 0 -1
    outer loop
      vertex 2.33834 97.6385 0
      vertex 0 94 0
      vertex 1.83744 97.365 0
    endloop
  endfacet
  facet normal 0 0 -1
    outer loop
      vertex 0 4 0
      vertex 0.977001 1.38056 0
      vertex 0.634985 1.83744 0
    endloop
  endfacet
  facet normal 0 0 -1
    outer loop
      vertex 1.83744 97.365 0
      vertex 0 94 0
      vertex 1.38056 97.023 0
    endloop
  endfacet
  facet normal 0 0 -1
    outer loop
      vertex 0 4 0
      vertex 0.634985 1.83744 0
      vertex 0.361471 2.33834 0
    endloop
  endfacet
  facet normal 0 0 -1
    outer loop
      vertex 1.38056 97.023 0
      vertex 0 94 0
      vertex 0.977001 96.6194 0
    endloop
  endfacet
  facet normal 0 0 -1
    outer loop
      vertex 0 4 0
      vertex 0.361471 2.33834 0
      vertex 0.162027 2.87307 0
    endloop
  endfacet
  facet normal 0 0 -1
    outer loop
      vertex 0.977001 96.6194 0
      vertex 0 94 0
      vertex 0.634985 96.1626 0
    endloop
  endfacet
  facet normal 0 0 -1
    outer loop
      vertex 0 4 0
      vertex 0.162027 2.87307 0
      vertex 0.0407133 3.43074 0
    endloop
  endfacet
  facet normal 0 0 -1
    outer loop
      vertex 0.634985 96.1626 0
      vertex 0 94 0
      vertex 0.361471 95.6617 0
    endloop
  endfacet
  facet normal 0 0 -1
    outer loop
      vertex 0.361471 95.6617 0
      vertex 0 94 0
      vertex 0.162027 95.1269 0
    endloop
  endfacet
  facet normal 0 0 -1
    outer loop
      vertex 0.162027 95.1269 0
      vertex 0 94 0
      vertex 0.0407133 94.5693 0
    endloop
  endfacet
  facet normal -0.345625 -0.926653 0.147843
    outer loop
      vertex 2.36966 0.430046 0.860352
      vertex 2.34607 0.378392 0.481445
      vertex 2.87831 0.179876 0.481445
    endloop
  endfacet
  facet normal -0.345623 -0.926653 0.147845
    outer loop
      vertex 2.89431 0.234362 0.860352
      vertex 2.36966 0.430046 0.860352
      vertex 2.87831 0.179876 0.481445
    endloop
  endfacet
  facet normal -0.20622 -0.947972 0.242533
    outer loop
      vertex 3.45471 0.207397 1.23145
      vertex 2.89431 0.234362 0.860352
      vertex 3.44147 0.115334 0.860352
    endloop
  endfacet
  facet normal -0.206219 -0.947973 0.242531
    outer loop
      vertex 2.92051 0.323605 1.23145
      vertex 2.89431 0.234362 0.860352
      vertex 3.45471 0.207397 1.23145
    endloop
  endfacet
  facet normal -0.142793 -0.656431 0.740748
    outer loop
      vertex 3.63417 1.45559 3.11426
      vertex 3.19579 1.26112 2.85742
      vertex 3.59376 1.17455 2.85742
    endloop
  endfacet
  facet normal -0.170637 -0.784402 0.596319
    outer loop
      vertex 3.12325 1.01406 2.57422
      vertex 3.0587 0.794243 2.2666
      vertex 3.52451 0.692912 2.2666
    endloop
  endfacet
  facet normal -0.329044 -0.882202 0.336821
    outer loop
      vertex 2.95692 0.447605 1.5918
      vertex 2.46198 0.632208 1.5918
      vertex 2.92051 0.323605 1.23145
    endloop
  endfacet
  facet normal -0.51428 -0.686991 0.513381
    outer loop
      vertex 2.19367 1.18929 2.2666
      vertex 1.81205 1.47497 2.2666
      vertex 2.08727 1.02374 1.93848
    endloop
  endfacet
  facet normal -0.514278 -0.686991 0.513383
    outer loop
      vertex 1.81205 1.47497 2.2666
      vertex 1.68318 1.32624 1.93848
      vertex 2.08727 1.02374 1.93848
    endloop
  endfacet
  facet normal 0 -0.596311 0.802753
    outer loop
      vertex 4.06191 1.7334 3.34277
      vertex 78.4491 1.42578 3.11426
      vertex 78.4381 1.7334 3.34277
    endloop
  endfacet
  facet normal 0 -0.596311 0.802753
    outer loop
      vertex 78.4491 1.42578 3.11426
      vertex 4.06191 1.7334 3.34277
      vertex 4.05092 1.42578 3.11426
    endloop
  endfacet
  facet normal -0.208386 -0.55872 0.802749
    outer loop
      vertex 3.06026 1.94225 3.34277
      vertex 2.93214 1.66172 3.11426
      vertex 3.36267 1.82946 3.34277
    endloop
  endfacet
  facet normal -0.179399 -0.481001 0.858169
    outer loop
      vertex 3.45535 2.1451 3.53906
      vertex 3.06026 1.94225 3.34277
      vertex 3.36267 1.82946 3.34277
    endloop
  endfacet
  facet normal -0.411269 -0.753196 0.513375
    outer loop
      vertex 2.61206 0.960833 2.2666
      vertex 2.08727 1.02374 1.93848
      vertex 2.53031 0.781826 1.93848
    endloop
  endfacet
  facet normal -0.280534 -0.752132 0.59632
    outer loop
      vertex 3.12325 1.01406 2.57422
      vertex 2.61206 0.960833 2.2666
      vertex 3.0587 0.794243 2.2666
    endloop
  endfacet
  facet normal -0.481001 -0.179399 0.858169
    outer loop
      vertex 2.1451 3.45535 3.53906
      vertex 1.82946 3.36267 3.34277
      vertex 1.94225 3.06026 3.34277
    endloop
  endfacet
  facet normal -0.501636 -0.109123 0.858169
    outer loop
      vertex 2.08647 3.72487 3.53906
      vertex 1.82946 3.36267 3.34277
      vertex 2.1451 3.45535 3.53906
    endloop
  endfacet
  facet normal -0.475026 -0.475026 0.740744
    outer loop
      vertex 2.05729 2.31663 3.11426
      vertex 2.1307 1.84271 2.85742
      vertex 2.31663 2.05729 3.11426
    endloop
  endfacet
  facet normal -0.475026 -0.475026 0.740744
    outer loop
      vertex 2.1307 1.84271 2.85742
      vertex 2.05729 2.31663 3.11426
      vertex 1.84271 2.1307 2.85742
    endloop
  endfacet
  facet normal 0.592669 -0.791756 0.147873
    outer loop
      vertex 81.0701 1.03398 0.860352
      vertex 80.6218 0.698405 0.860352
      vertex 81.1073 0.991059 0.481445
    endloop
  endfacet
  facet normal 0.753853 -0.564213 0.336703
    outer loop
      vertex 81.6146 1.99835 1.5918
      vertex 81.2981 1.57547 1.5918
      vertex 81.3957 1.49083 1.23145
    endloop
  endfacet
  facet normal 0.35499 -0.650122 0.671806
    outer loop
      vertex 80.1825 1.38202 2.57422
      vertex 79.6858 1.40345 2.85742
      vertex 79.7928 1.16923 2.57422
    endloop
  endfacet
  facet normal 0.481144 -0.642634 0.596257
    outer loop
      vertex 80.5379 1.64811 2.57422
      vertex 80.1825 1.38202 2.57422
      vertex 80.3063 1.18929 2.2666
    endloop
  endfacet
  facet normal 0.315893 -0.846875 0.427802
    outer loop
      vertex 80.038 0.632208 1.5918
      vertex 79.4967 0.605424 1.93848
      vertex 79.5431 0.447605 1.5918
    endloop
  endfacet
  facet normal 0.329069 -0.882197 0.336813
    outer loop
      vertex 80.038 0.632208 1.5918
      vertex 79.5431 0.447605 1.5918
      vertex 79.5795 0.323605 1.23145
    endloop
  endfacet
  facet normal 0.723704 -0.541648 0.427633
    outer loop
      vertex 81.4763 2.08727 1.93848
      vertex 81.2981 1.57547 1.5918
      vertex 81.6146 1.99835 1.5918
    endloop
  endfacet
  facet normal 0.606841 -0.606697 0.51348
    outer loop
      vertex 80.688 1.47497 2.2666
      vertex 81.1738 1.68318 1.93848
      vertex 81.025 1.81205 2.2666
    endloop
  endfacet
  facet normal 0.606799 -0.606901 0.513288
    outer loop
      vertex 81.1738 1.68318 1.93848
      vertex 80.688 1.47497 2.2666
      vertex 80.8168 1.32624 1.93848
    endloop
  endfacet
  facet normal 0.753212 -0.411254 0.513364
    outer loop
      vertex 81.5392 2.61206 2.2666
      vertex 81.4763 2.08727 1.93848
      vertex 81.7182 2.53031 1.93848
    endloop
  endfacet
  facet normal 0.650052 -0.354968 0.671886
    outer loop
      vertex 81.3308 2.70723 2.57422
      vertex 81.0965 2.8142 2.85742
      vertex 81.118 2.31753 2.57422
    endloop
  endfacet
  facet normal 0.480976 -0.642638 0.596388
    outer loop
      vertex 80.5379 1.64811 2.57422
      vertex 80.3063 1.18929 2.2666
      vertex 80.688 1.47497 2.2666
    endloop
  endfacet
  facet normal 0.477403 -0.35739 0.80272
    outer loop
      vertex 80.6625 2.61024 3.11426
      vertex 80.4031 2.77698 3.34277
      vertex 80.4427 2.31663 3.11426
    endloop
  endfacet
  facet normal 0.477288 -0.357426 0.802772
    outer loop
      vertex 80.4031 2.77698 3.34277
      vertex 80.2096 2.51859 3.34277
      vertex 80.4427 2.31663 3.11426
    endloop
  endfacet
  facet normal 0.376337 -0.205518 0.903401
    outer loop
      vertex 80.2585 3.19691 3.53906
      vertex 79.8348 3.14221 3.70312
      vertex 80.1263 2.95483 3.53906
    endloop
  endfacet
  facet normal 0.343264 -0.25697 0.903403
    outer loop
      vertex 80.1263 2.95483 3.53906
      vertex 79.8348 3.14221 3.70312
      vertex 79.961 2.73402 3.53906
    endloop
  endfacet
  facet normal 0.236954 -0.0515992 0.97015
    outer loop
      vertex 79.7129 3.82561 3.83203
      vertex 79.3187 3.75959 3.9248
      vertex 79.6757 3.65478 3.83203
    endloop
  endfacet
  facet normal 0.329118 -0.0716689 0.941565
    outer loop
      vertex 79.7129 3.82561 3.83203
      vertex 79.6757 3.65478 3.83203
      vertex 80.0705 3.7742 3.70312
    endloop
  endfacet
  facet normal 0.227283 -0.0846806 0.97014
    outer loop
      vertex 79.3187 3.75959 3.9248
      vertex 79.2762 3.64552 3.9248
      vertex 79.6146 3.49097 3.83203
    endloop
  endfacet
  facet normal 0.212866 -0.116248 0.970141
    outer loop
      vertex 79.6146 3.49097 3.83203
      vertex 79.2762 3.64552 3.9248
      vertex 79.5308 3.33752 3.83203
    endloop
  endfacet
  facet normal 0.401701 -0.149992 0.903404
    outer loop
      vertex 80.0224 3.553 3.70312
      vertex 79.9432 3.34089 3.70312
      vertex 80.3549 3.45535 3.53906
    endloop
  endfacet
  facet normal 0.418995 -0.0911106 0.903406
    outer loop
      vertex 80.0705 3.7742 3.70312
      vertex 80.0224 3.553 3.70312
      vertex 80.3549 3.45535 3.53906
    endloop
  endfacet
  facet normal 0.0871005 -0.116397 0.989376
    outer loop
      vertex 79.0588 3.35511 3.9248
      vertex 78.756 3.60172 3.98047
      vertex 78.9613 3.28215 3.9248
    endloop
  endfacet
  facet normal 0.201864 -0.269628 0.941569
    outer loop
      vertex 79.539 2.80091 3.70312
      vertex 79.3024 3.07394 3.83203
      vertex 79.3578 2.66525 3.70312
    endloop
  endfacet
  facet normal 0.17143 -0.171541 0.970147
    outer loop
      vertex 79.1449 3.4412 3.9248
      vertex 79.3024 3.07394 3.83203
      vertex 79.4261 3.19756 3.83203
    endloop
  endfacet
  facet normal 0.171493 -0.171513 0.970141
    outer loop
      vertex 79.3024 3.07394 3.83203
      vertex 79.1449 3.4412 3.9248
      vertex 79.0588 3.35511 3.9248
    endloop
  endfacet
  facet normal 0.116349 -0.0871324 0.989379
    outer loop
      vertex 78.8983 3.74404 3.98047
      vertex 78.8578 3.68996 3.98047
      vertex 79.1449 3.4412 3.9248
    endloop
  endfacet
  facet normal 0.117722 -0.315582 0.941568
    outer loop
      vertex 79.1591 2.55676 3.70312
      vertex 78.8452 2.82428 3.83203
      vertex 78.947 2.47764 3.70312
    endloop
  endfacet
  facet normal 0.117719 -0.315586 0.941567
    outer loop
      vertex 79.009 2.88538 3.83203
      vertex 78.8452 2.82428 3.83203
      vertex 79.1591 2.55676 3.70312
    endloop
  endfacet
  facet normal 0.25694 -0.343193 0.903438
    outer loop
      vertex 79.539 2.80091 3.70312
      vertex 79.3578 2.66525 3.70312
      vertex 79.766 2.53898 3.53906
    endloop
  endfacet
  facet normal 0.238168 -0.238213 0.941558
    outer loop
      vertex 79.4261 3.19756 3.83203
      vertex 79.539 2.80091 3.70312
      vertex 79.6991 2.96098 3.70312
    endloop
  endfacet
  facet normal 0.238086 -0.23824 0.941571
    outer loop
      vertex 79.539 2.80091 3.70312
      vertex 79.4261 3.19756 3.83203
      vertex 79.3024 3.07394 3.83203
    endloop
  endfacet
  facet normal 0.17937 -0.481036 0.858155
    outer loop
      vertex 79.3031 2.24149 3.53906
      vertex 79.0446 2.1451 3.53906
      vertex 79.4397 1.94225 3.34277
    endloop
  endfacet
  facet normal 0.285755 -0.523334 0.802786
    outer loop
      vertex 79.723 2.09694 3.34277
      vertex 79.4397 1.94225 3.34277
      vertex 79.5679 1.66172 3.11426
    endloop
  endfacet
  facet normal 0.280499 -0.752178 0.596278
    outer loop
      vertex 79.7928 1.16923 2.57422
      vertex 79.3767 1.01406 2.57422
      vertex 79.8879 0.960833 2.2666
    endloop
  endfacet
  facet normal 0.234774 -0.62945 0.740725
    outer loop
      vertex 79.5679 1.66172 3.11426
      vertex 79.3042 1.26112 2.85742
      vertex 79.6858 1.40345 2.85742
    endloop
  endfacet
  facet normal 0.0178063 -0.04774 0.998701
    outer loop
      vertex 78.6967 3.56935 3.98047
      vertex 78.5253 3.91398 4
      vertex 78.6334 3.54574 3.98047
    endloop
  endfacet
  facet normal 0.0508002 -0.136199 0.989378
    outer loop
      vertex 78.6967 3.56935 3.98047
      vertex 78.6334 3.54574 3.98047
      vertex 78.7404 3.18125 3.9248
    endloop
  endfacet
  facet normal 0.0407775 -0.0305379 0.998701
    outer loop
      vertex 78.8983 3.74404 3.98047
      vertex 78.5677 3.94129 4
      vertex 78.8578 3.68996 3.98047
    endloop
  endfacet
  facet normal -0.0696554 -0.127583 0.989379
    outer loop
      vertex 3.74404 3.60172 3.98047
      vertex 3.64552 3.2238 3.9248
      vertex 3.80333 3.56935 3.98047
    endloop
  endfacet
  facet normal -0.0407287 0.0306264 0.998701
    outer loop
      vertex 3.93225 94.0587 4
      vertex 3.60172 94.256 3.98047
      vertex 3.92458 94.0485 4
    endloop
  endfacet
  facet normal -0.0407678 0.0305608 0.998701
    outer loop
      vertex 3.6422 94.31 3.98047
      vertex 3.60172 94.256 3.98047
      vertex 3.93225 94.0587 4
    endloop
  endfacet
  facet normal 0.0509525 -0 0.998701
    outer loop
      vertex 78.5996 4.1393 4
      vertex 78.9824 82.4648 3.98047
      vertex 78.5996 82.8048 4
    endloop
  endfacet
  facet normal 0.0509525 0 0.998701
    outer loop
      vertex 78.9824 82.4648 3.98047
      vertex 78.5996 4.1393 4
      vertex 78.9824 4.12563 3.98047
    endloop
  endfacet
  facet normal 0 -0.336831 0.941565
    outer loop
      vertex 4.09884 2.76758 3.83203
      vertex 78.414 2.40723 3.70312
      vertex 78.4012 2.76758 3.83203
    endloop
  endfacet
  facet normal 0 -0.336831 0.941565
    outer loop
      vertex 78.414 2.40723 3.70312
      vertex 4.09884 2.76758 3.83203
      vertex 4.08597 2.40723 3.70312
    endloop
  endfacet
  facet normal -0.0240204 -0.335973 0.941565
    outer loop
      vertex 4.09884 2.76758 3.83203
      vertex 3.7742 2.42952 3.70312
      vertex 4.08597 2.40723 3.70312
    endloop
  endfacet
  facet normal -0.109125 -0.501634 0.85817
    outer loop
      vertex 3.72487 2.08647 3.53906
      vertex 3.36267 1.82946 3.34277
      vertex 3.67806 1.76085 3.34277
    endloop
  endfacet
  facet normal -0.0366184 -0.512057 0.85817
    outer loop
      vertex 3.72487 2.08647 3.53906
      vertex 3.67806 1.76085 3.34277
      vertex 4.06191 1.7334 3.34277
    endloop
  endfacet
  facet normal 0.25882 -0.694046 0.671798
    outer loop
      vertex 79.6858 1.40345 2.85742
      vertex 79.3767 1.01406 2.57422
      vertex 79.7928 1.16923 2.57422
    endloop
  endfacet
  facet normal 0.299877 -0.804083 0.513347
    outer loop
      vertex 79.9697 0.781826 1.93848
      vertex 79.4413 0.794243 2.2666
      vertex 79.4967 0.605424 1.93848
    endloop
  endfacet
  facet normal 0.0612141 -0.85598 0.513372
    outer loop
      vertex 78.9755 0.692912 2.2666
      vertex 78.4835 0.460938 1.93848
      vertex 79.0035 0.498125 1.93848
    endloop
  endfacet
  facet normal 0.182433 -0.838552 0.51337
    outer loop
      vertex 79.4967 0.605424 1.93848
      vertex 78.9755 0.692912 2.2666
      vertex 79.0035 0.498125 1.93848
    endloop
  endfacet
  facet normal -0.179399 -0.481002 0.858168
    outer loop
      vertex 3.19691 2.24149 3.53906
      vertex 3.06026 1.94225 3.34277
      vertex 3.45535 2.1451 3.53906
    endloop
  endfacet
  facet normal -0.256936 -0.343218 0.90343
    outer loop
      vertex 3.14221 2.66525 3.70312
      vertex 2.73402 2.53898 3.53906
      vertex 2.95483 2.37368 3.53906
    endloop
  endfacet
  facet normal -0.149823 -0.401704 0.903431
    outer loop
      vertex 3.34089 2.55676 3.70312
      vertex 3.19691 2.24149 3.53906
      vertex 3.45535 2.1451 3.53906
    endloop
  endfacet
  facet normal -0.256929 -0.343235 0.903425
    outer loop
      vertex 2.96098 2.80091 3.70312
      vertex 2.73402 2.53898 3.53906
      vertex 3.14221 2.66525 3.70312
    endloop
  endfacet
  facet normal -0.236986 0.0515597 0.970144
    outer loop
      vertex 2.82428 94.3452 3.83203
      vertex 2.78712 94.1744 3.83203
      vertex 3.18125 94.2404 3.9248
    endloop
  endfacet
  facet normal -0.329129 0.0716068 0.941566
    outer loop
      vertex 2.82428 94.3452 3.83203
      vertex 2.42952 94.2258 3.70312
      vertex 2.78712 94.1744 3.83203
    endloop
  endfacet
  facet normal -0.227252 0.0847465 0.970141
    outer loop
      vertex 3.2238 94.3545 3.9248
      vertex 2.88538 94.509 3.83203
      vertex 3.18125 94.2404 3.9248
    endloop
  endfacet
  facet normal -0.212889 0.116208 0.970141
    outer loop
      vertex 2.96917 94.6625 3.83203
      vertex 2.88538 94.509 3.83203
      vertex 3.2238 94.3545 3.9248
    endloop
  endfacet
  facet normal -0.0360276 -0.0360276 0.998701
    outer loop
      vertex 3.93225 3.94129 4
      vertex 3.68996 3.6422 3.98047
      vertex 3.94129 3.93225 4
    endloop
  endfacet
  facet normal -0.0360276 -0.0360276 0.998701
    outer loop
      vertex 3.68996 3.6422 3.98047
      vertex 3.93225 3.94129 4
      vertex 3.6422 3.68996 3.98047
    endloop
  endfacet
  facet normal -0.0509915 0.136171 0.989372
    outer loop
      vertex 3.86662 94.4543 3.98047
      vertex 3.75959 94.8187 3.9248
      vertex 3.80333 94.4306 3.98047
    endloop
  endfacet
  facet normal -0.0447184 0.0244104 0.998701
    outer loop
      vertex 3.60172 94.256 3.98047
      vertex 3.56935 94.1967 3.98047
      vertex 3.91845 94.0372 4
    endloop
  endfacet
  facet normal -0.127589 0.0696469 0.989379
    outer loop
      vertex 3.60172 94.256 3.98047
      vertex 3.2238 94.3545 3.9248
      vertex 3.56935 94.1967 3.98047
    endloop
  endfacet
  facet normal -0.11781 0.315513 0.94158
    outer loop
      vertex 3.553 95.5224 3.70312
      vertex 3.34089 95.4432 3.70312
      vertex 3.65478 95.1757 3.83203
    endloop
  endfacet
  facet normal -0.11772 0.315609 0.941559
    outer loop
      vertex 3.65478 95.1757 3.83203
      vertex 3.34089 95.4432 3.70312
      vertex 3.49097 95.1146 3.83203
    endloop
  endfacet
  facet normal -0.069527 0.127624 0.989383
    outer loop
      vertex 3.80333 94.4306 3.98047
      vertex 3.64552 94.7762 3.9248
      vertex 3.74404 94.3983 3.98047
    endloop
  endfacet
  facet normal -0.0307894 0.142105 0.989373
    outer loop
      vertex 3.93262 94.4686 3.98047
      vertex 3.75959 94.8187 3.9248
      vertex 3.86662 94.4543 3.98047
    endloop
  endfacet
  facet normal -0.194192 0.145316 0.970141
    outer loop
      vertex 3.35511 94.5588 3.9248
      vertex 3.07394 94.8024 3.83203
      vertex 3.28215 94.4613 3.9248
    endloop
  endfacet
  facet normal -0.116299 0.087181 0.989381
    outer loop
      vertex 3.6422 94.31 3.98047
      vertex 3.35511 94.5588 3.9248
      vertex 3.60172 94.256 3.98047
    endloop
  endfacet
  facet normal -0.411254 0.753212 0.513364
    outer loop
      vertex 2.53031 97.2182 1.93848
      vertex 2.08727 96.9763 1.93848
      vertex 2.61206 97.0392 2.2666
    endloop
  endfacet
  facet normal -0.411306 0.753113 0.513466
    outer loop
      vertex 2.61206 97.0392 2.2666
      vertex 2.08727 96.9763 1.93848
      vertex 2.19367 96.8107 2.2666
    endloop
  endfacet
  facet normal -0.200132 0.920054 0.336821
    outer loop
      vertex 3.45471 97.7926 1.23145
      vertex 2.92051 97.6764 1.23145
      vertex 2.95692 97.5524 1.5918
    endloop
  endfacet
  facet normal -0.32904 0.882204 0.336822
    outer loop
      vertex 2.92051 97.6764 1.23145
      vertex 2.46198 97.3678 1.5918
      vertex 2.95692 97.5524 1.5918
    endloop
  endfacet
  facet normal -0.0671219 0.939178 0.336808
    outer loop
      vertex 4.006 97.832 1.23145
      vertex 3.45471 97.7926 1.23145
      vertex 4.0106 97.7031 1.5918
    endloop
  endfacet
  facet normal -0.0691569 0.967653 0.242622
    outer loop
      vertex 4.006 97.832 1.23145
      vertex 3.44147 97.8847 0.860352
      vertex 3.45471 97.7926 1.23145
    endloop
  endfacet
  facet normal -0.464948 0.851476 0.242512
    outer loop
      vertex 2.36966 97.57 0.860352
      vertex 1.92848 97.2234 1.23145
      vertex 2.40829 97.4854 1.23145
    endloop
  endfacet
  facet normal -0.451235 0.826363 0.336914
    outer loop
      vertex 2.40829 97.4854 1.23145
      vertex 1.92848 97.2234 1.23145
      vertex 2.46198 97.3678 1.5918
    endloop
  endfacet
  facet normal -0.384785 0.704552 0.596277
    outer loop
      vertex 2.61206 97.0392 2.2666
      vertex 2.19367 96.8107 2.2666
      vertex 2.31753 96.618 2.57422
    endloop
  endfacet
  facet normal -0.481102 0.642645 0.596278
    outer loop
      vertex 2.19367 96.8107 2.2666
      vertex 1.96208 96.3519 2.57422
      vertex 2.31753 96.618 2.57422
    endloop
  endfacet
  facet normal -0.170657 0.784355 0.596375
    outer loop
      vertex 3.52451 97.3071 2.2666
      vertex 3.12325 96.9859 2.57422
      vertex 3.55712 97.0803 2.57422
    endloop
  endfacet
  facet normal -0.170566 0.784315 0.596453
    outer loop
      vertex 3.52451 97.3071 2.2666
      vertex 3.0587 97.2058 2.2666
      vertex 3.12325 96.9859 2.57422
    endloop
  endfacet
  facet normal -0.234618 0.629385 0.740829
    outer loop
      vertex 3.19579 96.7389 2.85742
      vertex 2.93214 96.3383 3.11426
      vertex 3.27578 96.4664 3.11426
    endloop
  endfacet
  facet normal -0.208291 0.55876 0.802746
    outer loop
      vertex 3.27578 96.4664 3.11426
      vertex 2.93214 96.3383 3.11426
      vertex 3.36267 96.1705 3.34277
    endloop
  endfacet
  facet normal -0.362974 0.363048 0.858165
    outer loop
      vertex 2.51859 95.7096 3.34277
      vertex 2.53898 95.266 3.53906
      vertex 2.73402 95.461 3.53906
    endloop
  endfacet
  facet normal -0.362996 0.363044 0.858157
    outer loop
      vertex 2.53898 95.266 3.53906
      vertex 2.51859 95.7096 3.34277
      vertex 2.29036 95.4814 3.34277
    endloop
  endfacet
  facet normal -0.307727 0.410923 0.858165
    outer loop
      vertex 2.77698 95.9031 3.34277
      vertex 2.51859 95.7096 3.34277
      vertex 2.73402 95.461 3.53906
    endloop
  endfacet
  facet normal -0.410994 0.307687 0.858145
    outer loop
      vertex 2.53898 95.266 3.53906
      vertex 2.09694 95.223 3.34277
      vertex 2.37368 95.0452 3.53906
    endloop
  endfacet
  facet normal -0.269619 0.201915 0.94156
    outer loop
      vertex 3.07394 94.8024 3.83203
      vertex 2.66525 94.8578 3.70312
      vertex 2.96917 94.6625 3.83203
    endloop
  endfacet
  facet normal -0.205518 0.376337 0.903401
    outer loop
      vertex 3.19691 95.7585 3.53906
      vertex 2.95483 95.6263 3.53906
      vertex 3.14221 95.3348 3.70312
    endloop
  endfacet
  facet normal -0.149826 0.401672 0.903444
    outer loop
      vertex 3.45535 95.8549 3.53906
      vertex 3.19691 95.7585 3.53906
      vertex 3.34089 95.4432 3.70312
    endloop
  endfacet
  facet normal -0.303214 0.303157 0.903414
    outer loop
      vertex 2.73402 95.461 3.53906
      vertex 2.80091 95.039 3.70312
      vertex 2.96098 95.1991 3.70312
    endloop
  endfacet
  facet normal -0.303119 0.303181 0.903438
    outer loop
      vertex 2.80091 95.039 3.70312
      vertex 2.73402 95.461 3.53906
      vertex 2.53898 95.266 3.53906
    endloop
  endfacet
  facet normal -0.205326 0.37633 0.903447
    outer loop
      vertex 3.19691 95.7585 3.53906
      vertex 3.14221 95.3348 3.70312
      vertex 3.34089 95.4432 3.70312
    endloop
  endfacet
  facet normal -0.161414 0.295572 0.941585
    outer loop
      vertex 3.49097 95.1146 3.83203
      vertex 3.14221 95.3348 3.70312
      vertex 3.33752 95.0308 3.83203
    endloop
  endfacet
  facet normal -0.357426 0.477288 0.802772
    outer loop
      vertex 2.77698 95.9031 3.34277
      vertex 2.31663 95.9427 3.11426
      vertex 2.51859 95.7096 3.34277
    endloop
  endfacet
  facet normal -8.42559e-20 0.513399 0.85815
    outer loop
      vertex 63.4407 96.2666 3.34277
      vertex 4.07363 95.9385 3.53906
      vertex 63.8102 95.9385 3.53906
    endloop
  endfacet
  facet normal -8.47636e-20 0.513399 0.85815
    outer loop
      vertex 4.07363 95.9385 3.53906
      vertex 63.4407 96.2666 3.34277
      vertex 4.06191 96.2666 3.34277
    endloop
  endfacet
  facet normal -0.0529349 0.738769 0.671877
    outer loop
      vertex 4.03163 97.1143 2.57422
      vertex 3.55712 97.0803 2.57422
      vertex 4.04081 96.8574 2.85742
    endloop
  endfacet
  facet normal 3.05748e-19 0.740662 0.671878
    outer loop
      vertex 62.4862 97.1143 2.57422
      vertex 4.04081 96.8574 2.85742
      vertex 62.7754 96.8574 2.85742
    endloop
  endfacet
  facet normal 3.07213e-19 0.740662 0.671878
    outer loop
      vertex 4.04081 96.8574 2.85742
      vertex 62.4862 97.1143 2.57422
      vertex 4.03163 97.1143 2.57422
    endloop
  endfacet
  facet normal -0.0497914 0.0107948 0.998701
    outer loop
      vertex 3.91398 94.0253 4
      vertex 3.53138 94.0674 3.98047
      vertex 3.91127 94.0128 4
    endloop
  endfacet
  facet normal -0.0178671 0.0477134 0.998701
    outer loop
      vertex 3.86662 94.4543 3.98047
      vertex 3.80333 94.4306 3.98047
      vertex 3.97474 94.086 4
    endloop
  endfacet
  facet normal -0.0178116 -0.0477368 0.998701
    outer loop
      vertex 3.96276 3.91845 4
      vertex 3.80333 3.56935 3.98047
      vertex 3.97474 3.91398 4
    endloop
  endfacet
  facet normal 0.650224 -0.354889 0.671761
    outer loop
      vertex 81.0965 2.8142 2.85742
      vertex 80.9014 2.45674 2.85742
      vertex 81.118 2.31753 2.57422
    endloop
  endfacet
  facet normal 0.592986 -0.443926 0.671786
    outer loop
      vertex 81.118 2.31753 2.57422
      vertex 80.6573 2.1307 2.85742
      vertex 80.8519 1.96208 2.57422
    endloop
  endfacet
  facet normal -0.0572652 -0.800702 0.596319
    outer loop
      vertex 4.03163 0.885742 2.57422
      vertex 3.52451 0.692912 2.2666
      vertex 4.02347 0.657227 2.2666
    endloop
  endfacet
  facet normal -0.0572678 -0.8007 0.596322
    outer loop
      vertex 3.55712 0.91968 2.57422
      vertex 3.52451 0.692912 2.2666
      vertex 4.03163 0.885742 2.57422
    endloop
  endfacet
  facet normal -0.182417 -0.838554 0.513373
    outer loop
      vertex 3.0587 0.794243 2.2666
      vertex 3.00326 0.605424 1.93848
      vertex 3.52451 0.692912 2.2666
    endloop
  endfacet
  facet normal -0.142793 -0.656432 0.740748
    outer loop
      vertex 3.27578 1.53355 3.11426
      vertex 3.19579 1.26112 2.85742
      vertex 3.63417 1.45559 3.11426
    endloop
  endfacet
  facet normal -0.581383 -0.776639 0.242539
    outer loop
      vertex 1.92848 0.77665 1.23145
      vertex 1.49083 1.10427 1.23145
      vertex 1.87819 0.698405 0.860352
    endloop
  endfacet
  facet normal -0.473977 -0.868037 0.147843
    outer loop
      vertex 2.36966 0.430046 0.860352
      vertex 1.87819 0.698405 0.860352
      vertex 2.34607 0.378392 0.481445
    endloop
  endfacet
  facet normal -0.315878 -0.846903 0.427758
    outer loop
      vertex 3.00326 0.605424 1.93848
      vertex 2.46198 0.632208 1.5918
      vertex 2.95692 0.447605 1.5918
    endloop
  endfacet
  facet normal -0.315879 -0.846901 0.42776
    outer loop
      vertex 2.53031 0.781826 1.93848
      vertex 2.46198 0.632208 1.5918
      vertex 3.00326 0.605424 1.93848
    endloop
  endfacet
  facet normal -0.0479307 -0.670081 0.740739
    outer loop
      vertex 4.05092 1.42578 3.11426
      vertex 3.63417 1.45559 3.11426
      vertex 4.04081 1.14258 2.85742
    endloop
  endfacet
  facet normal -0.0425452 -0.594791 0.802754
    outer loop
      vertex 4.06191 1.7334 3.34277
      vertex 3.63417 1.45559 3.11426
      vertex 4.05092 1.42578 3.11426
    endloop
  endfacet
  facet normal -0.285794 -0.523368 0.80275
    outer loop
      vertex 3.06026 1.94225 3.34277
      vertex 2.77698 2.09694 3.34277
      vertex 2.93214 1.66172 3.11426
    endloop
  endfacet
  facet normal -0.246041 -0.450569 0.858168
    outer loop
      vertex 3.19691 2.24149 3.53906
      vertex 2.77698 2.09694 3.34277
      vertex 3.06026 1.94225 3.34277
    endloop
  endfacet
  facet normal 0.699368 -0.699298 0.147875
    outer loop
      vertex 81.1073 0.991059 0.481445
      vertex 81.466 1.42992 0.860352
      vertex 81.0701 1.03398 0.860352
    endloop
  endfacet
  facet normal 0.699411 -0.69927 0.147803
    outer loop
      vertex 81.466 1.42992 0.860352
      vertex 81.1073 0.991059 0.481445
      vertex 81.5089 1.39274 0.481445
    endloop
  endfacet
  facet normal 0.686052 -0.685945 0.242512
    outer loop
      vertex 81.0701 1.03398 0.860352
      vertex 81.3957 1.49083 1.23145
      vertex 81.0092 1.10427 1.23145
    endloop
  endfacet
  facet normal 0.686027 -0.685957 0.242549
    outer loop
      vertex 81.3957 1.49083 1.23145
      vertex 81.0701 1.03398 0.860352
      vertex 81.466 1.42992 0.860352
    endloop
  endfacet
  facet normal 0.443964 -0.592976 0.671771
    outer loop
      vertex 80.3693 1.84271 2.85742
      vertex 80.1825 1.38202 2.57422
      vertex 80.5379 1.64811 2.57422
    endloop
  endfacet
  facet normal 0.299917 -0.804028 0.513409
    outer loop
      vertex 79.8879 0.960833 2.2666
      vertex 79.4413 0.794243 2.2666
      vertex 79.9697 0.781826 1.93848
    endloop
  endfacet
  facet normal 0.411285 -0.753157 0.51342
    outer loop
      vertex 80.4127 1.02374 1.93848
      vertex 79.8879 0.960833 2.2666
      vertex 79.9697 0.781826 1.93848
    endloop
  endfacet
  facet normal 0.581338 -0.776668 0.242555
    outer loop
      vertex 81.0092 1.10427 1.23145
      vertex 80.5715 0.77665 1.23145
      vertex 80.6218 0.698405 0.860352
    endloop
  endfacet
  facet normal 0.451263 -0.826371 0.336857
    outer loop
      vertex 80.5016 0.88537 1.5918
      vertex 80.038 0.632208 1.5918
      vertex 80.5715 0.77665 1.23145
    endloop
  endfacet
  facet normal 0.642645 -0.481116 0.596267
    outer loop
      vertex 81.3107 2.19367 2.2666
      vertex 80.8519 1.96208 2.57422
      vertex 81.025 1.81205 2.2666
    endloop
  endfacet
  facet normal 0.686937 -0.514276 0.513457
    outer loop
      vertex 81.3107 2.19367 2.2666
      vertex 81.025 1.81205 2.2666
      vertex 81.4763 2.08727 1.93848
    endloop
  endfacet
  facet normal 0.514299 -0.687036 0.513302
    outer loop
      vertex 80.688 1.47497 2.2666
      vertex 80.4127 1.02374 1.93848
      vertex 80.8168 1.32624 1.93848
    endloop
  endfacet
  facet normal 0.541685 -0.723619 0.42773
    outer loop
      vertex 80.8168 1.32624 1.93848
      vertex 80.4127 1.02374 1.93848
      vertex 80.9245 1.20194 1.5918
    endloop
  endfacet
  facet normal 0.384725 -0.704591 0.59627
    outer loop
      vertex 80.1825 1.38202 2.57422
      vertex 79.8879 0.960833 2.2666
      vertex 80.3063 1.18929 2.2666
    endloop
  endfacet
  facet normal 0.411264 -0.753196 0.513379
    outer loop
      vertex 80.3063 1.18929 2.2666
      vertex 79.8879 0.960833 2.2666
      vertex 80.4127 1.02374 1.93848
    endloop
  endfacet
  facet normal 0.475005 -0.475021 0.74076
    outer loop
      vertex 80.4427 2.31663 3.11426
      vertex 80.3693 1.84271 2.85742
      vertex 80.6573 2.1307 2.85742
    endloop
  endfacet
  facet normal 0.475083 -0.47501 0.740717
    outer loop
      vertex 80.3693 1.84271 2.85742
      vertex 80.4427 2.31663 3.11426
      vertex 80.1834 2.05729 3.11426
    endloop
  endfacet
  facet normal 0.269669 -0.201732 0.941585
    outer loop
      vertex 79.5308 3.33752 3.83203
      vertex 79.4261 3.19756 3.83203
      vertex 79.8348 3.14221 3.70312
    endloop
  endfacet
  facet normal 0.269639 -0.201898 0.941558
    outer loop
      vertex 79.8348 3.14221 3.70312
      vertex 79.4261 3.19756 3.83203
      vertex 79.6991 2.96098 3.70312
    endloop
  endfacet
  facet normal 0.450659 -0.245947 0.858147
    outer loop
      vertex 80.5577 3.06026 3.34277
      vertex 80.2585 3.19691 3.53906
      vertex 80.4031 2.77698 3.34277
    endloop
  endfacet
  facet normal 0.481036 -0.17943 0.858143
    outer loop
      vertex 80.3549 3.45535 3.53906
      vertex 80.2585 3.19691 3.53906
      vertex 80.5577 3.06026 3.34277
    endloop
  endfacet
  facet normal 0.0507914 -0.1362 0.989379
    outer loop
      vertex 78.8545 3.2238 3.9248
      vertex 78.6967 3.56935 3.98047
      vertex 78.7404 3.18125 3.9248
    endloop
  endfacet
  facet normal 0.0309043 -0.142039 0.989378
    outer loop
      vertex 78.6334 3.54574 3.98047
      vertex 78.5674 3.53138 3.98047
      vertex 78.7404 3.18125 3.9248
    endloop
  endfacet
  facet normal 0.24604 -0.4506 0.858152
    outer loop
      vertex 79.723 2.09694 3.34277
      vertex 79.3031 2.24149 3.53906
      vertex 79.4397 1.94225 3.34277
    endloop
  endfacet
  facet normal 0.307643 -0.410996 0.85816
    outer loop
      vertex 79.766 2.53898 3.53906
      vertex 79.723 2.09694 3.34277
      vertex 79.9814 2.29036 3.34277
    endloop
  endfacet
  facet normal 0.16139 -0.295661 0.941561
    outer loop
      vertex 79.1625 2.96917 3.83203
      vertex 79.009 2.88538 3.83203
      vertex 79.3578 2.66525 3.70312
    endloop
  endfacet
  facet normal 0.201915 -0.269619 0.94156
    outer loop
      vertex 79.3024 3.07394 3.83203
      vertex 79.1625 2.96917 3.83203
      vertex 79.3578 2.66525 3.70312
    endloop
  endfacet
  facet normal 0.246037 -0.450606 0.858149
    outer loop
      vertex 79.5452 2.37368 3.53906
      vertex 79.3031 2.24149 3.53906
      vertex 79.723 2.09694 3.34277
    endloop
  endfacet
  facet normal 0.205453 -0.376288 0.903436
    outer loop
      vertex 79.3578 2.66525 3.70312
      vertex 79.1591 2.55676 3.70312
      vertex 79.3031 2.24149 3.53906
    endloop
  endfacet
  facet normal 0.0479244 -0.670073 0.740747
    outer loop
      vertex 78.8658 1.45559 3.11426
      vertex 78.4592 1.14258 2.85742
      vertex 78.9062 1.17455 2.85742
    endloop
  endfacet
  facet normal 0.0528438 -0.738854 0.67179
    outer loop
      vertex 78.9062 1.17455 2.85742
      vertex 78.4592 1.14258 2.85742
      vertex 78.9429 0.91968 2.57422
    endloop
  endfacet
  facet normal 0.258872 -0.694061 0.671762
    outer loop
      vertex 79.6858 1.40345 2.85742
      vertex 79.3042 1.26112 2.85742
      vertex 79.3767 1.01406 2.57422
    endloop
  endfacet
  facet normal 0.15748 -0.723826 0.671771
    outer loop
      vertex 79.3042 1.26112 2.85742
      vertex 78.9429 0.91968 2.57422
      vertex 79.3767 1.01406 2.57422
    endloop
  endfacet
  facet normal 0.0360103 -0.0360405 0.998701
    outer loop
      vertex 78.5677 3.94129 4
      vertex 78.81 3.6422 3.98047
      vertex 78.8578 3.68996 3.98047
    endloop
  endfacet
  facet normal 0.0361152 -0.0359554 0.998701
    outer loop
      vertex 78.81 3.6422 3.98047
      vertex 78.5677 3.94129 4
      vertex 78.5587 3.93225 4
    endloop
  endfacet
  facet normal 0.0244104 -0.0447184 0.998701
    outer loop
      vertex 78.756 3.60172 3.98047
      vertex 78.5372 3.91845 4
      vertex 78.6967 3.56935 3.98047
    endloop
  endfacet
  facet normal 0.0179127 -0.0476871 0.998702
    outer loop
      vertex 78.5372 3.91845 4
      vertex 78.5253 3.91398 4
      vertex 78.6967 3.56935 3.98047
    endloop
  endfacet
  facet normal 0.0497915 -0.0107882 0.998701
    outer loop
      vertex 78.9686 3.93262 3.98047
      vertex 78.586 3.97474 4
      vertex 78.9543 3.86662 3.98047
    endloop
  endfacet
  facet normal 0.0497951 -0.0107557 0.998702
    outer loop
      vertex 78.5887 3.98724 4
      vertex 78.586 3.97474 4
      vertex 78.9686 3.93262 3.98047
    endloop
  endfacet
  facet normal -0.343235 -0.256929 0.903425
    outer loop
      vertex 2.66525 3.14221 3.70312
      vertex 2.53898 2.73402 3.53906
      vertex 2.80091 2.96098 3.70312
    endloop
  endfacet
  facet normal -0.0870781 0.116415 0.989376
    outer loop
      vertex 3.53866 94.7178 3.9248
      vertex 3.4412 94.6449 3.9248
      vertex 3.74404 94.3983 3.98047
    endloop
  endfacet
  facet normal -0.0871324 0.116349 0.989379
    outer loop
      vertex 3.74404 94.3983 3.98047
      vertex 3.4412 94.6449 3.9248
      vertex 3.68996 94.3578 3.98047
    endloop
  endfacet
  facet normal -0.0107557 0.0497951 0.998702
    outer loop
      vertex 3.98724 94.0887 4
      vertex 3.93262 94.4686 3.98047
      vertex 3.97474 94.086 4
    endloop
  endfacet
  facet normal -0.0107946 -0.0497908 0.998701
    outer loop
      vertex 3.97474 3.91398 4
      vertex 3.93262 3.53138 3.98047
      vertex 3.98724 3.91127 4
    endloop
  endfacet
  facet normal -0.0179137 0.0476902 0.998702
    outer loop
      vertex 3.97474 94.086 4
      vertex 3.80333 94.4306 3.98047
      vertex 3.96276 94.0815 4
    endloop
  endfacet
  facet normal -0.0107882 0.0497915 0.998701
    outer loop
      vertex 3.93262 94.4686 3.98047
      vertex 3.86662 94.4543 3.98047
      vertex 3.97474 94.086 4
    endloop
  endfacet
  facet normal -0.136199 0.0508002 0.989378
    outer loop
      vertex 3.56935 94.1967 3.98047
      vertex 3.18125 94.2404 3.9248
      vertex 3.54574 94.1334 3.98047
    endloop
  endfacet
  facet normal -0.0515992 0.236954 0.97015
    outer loop
      vertex 3.82561 95.2129 3.83203
      vertex 3.65478 95.1757 3.83203
      vertex 3.75959 94.8187 3.9248
    endloop
  endfacet
  facet normal -0.0716689 0.329118 0.941565
    outer loop
      vertex 3.7742 95.5705 3.70312
      vertex 3.65478 95.1757 3.83203
      vertex 3.82561 95.2129 3.83203
    endloop
  endfacet
  facet normal -0.0515849 0.236952 0.970151
    outer loop
      vertex 3.82561 95.2129 3.83203
      vertex 3.75959 94.8187 3.9248
      vertex 3.87856 94.8446 3.9248
    endloop
  endfacet
  facet normal -0.0309224 0.14204 0.989378
    outer loop
      vertex 3.87856 94.8446 3.9248
      vertex 3.75959 94.8187 3.9248
      vertex 3.93262 94.4686 3.98047
    endloop
  endfacet
  facet normal -0.116248 0.212866 0.970141
    outer loop
      vertex 3.49097 95.1146 3.83203
      vertex 3.33752 95.0308 3.83203
      vertex 3.64552 94.7762 3.9248
    endloop
  endfacet
  facet normal -0.1163 0.212805 0.970149
    outer loop
      vertex 3.64552 94.7762 3.9248
      vertex 3.33752 95.0308 3.83203
      vertex 3.53866 94.7178 3.9248
    endloop
  endfacet
  facet normal -0.280424 0.752172 0.596322
    outer loop
      vertex 3.12325 96.9859 2.57422
      vertex 2.61206 97.0392 2.2666
      vertex 2.70723 96.8308 2.57422
    endloop
  endfacet
  facet normal -0.280515 0.752036 0.59645
    outer loop
      vertex 3.0587 97.2058 2.2666
      vertex 2.61206 97.0392 2.2666
      vertex 3.12325 96.9859 2.57422
    endloop
  endfacet
  facet normal -0.142843 0.656327 0.740831
    outer loop
      vertex 3.63417 96.5444 3.11426
      vertex 3.19579 96.7389 2.85742
      vertex 3.27578 96.4664 3.11426
    endloop
  endfacet
  facet normal -0.157321 0.723805 0.67183
    outer loop
      vertex 3.55712 97.0803 2.57422
      vertex 3.19579 96.7389 2.85742
      vertex 3.59376 96.8254 2.85742
    endloop
  endfacet
  facet normal -0.450606 0.246037 0.858149
    outer loop
      vertex 2.37368 95.0452 3.53906
      vertex 2.09694 95.223 3.34277
      vertex 2.24149 94.8031 3.53906
    endloop
  endfacet
  facet normal -0.376288 0.205453 0.903436
    outer loop
      vertex 2.66525 94.8578 3.70312
      vertex 2.24149 94.8031 3.53906
      vertex 2.55676 94.6591 3.70312
    endloop
  endfacet
  facet normal -0.343193 0.25694 0.903438
    outer loop
      vertex 2.80091 95.039 3.70312
      vertex 2.53898 95.266 3.53906
      vertex 2.66525 94.8578 3.70312
    endloop
  endfacet
  facet normal -0.269628 0.201864 0.941569
    outer loop
      vertex 2.80091 95.039 3.70312
      vertex 2.66525 94.8578 3.70312
      vertex 3.07394 94.8024 3.83203
    endloop
  endfacet
  facet normal -0.25697 0.343264 0.903403
    outer loop
      vertex 2.95483 95.6263 3.53906
      vertex 2.73402 95.461 3.53906
      vertex 3.14221 95.3348 3.70312
    endloop
  endfacet
  facet normal -0.25699 0.343215 0.903416
    outer loop
      vertex 3.14221 95.3348 3.70312
      vertex 2.73402 95.461 3.53906
      vertex 2.96098 95.1991 3.70312
    endloop
  endfacet
  facet normal -0.17943 0.481036 0.858143
    outer loop
      vertex 3.45535 95.8549 3.53906
      vertex 3.06026 96.0577 3.34277
      vertex 3.19691 95.7585 3.53906
    endloop
  endfacet
  facet normal -0.245947 0.450659 0.858147
    outer loop
      vertex 3.06026 96.0577 3.34277
      vertex 2.77698 95.9031 3.34277
      vertex 3.19691 95.7585 3.53906
    endloop
  endfacet
  facet normal -0.0305461 -0.0407812 0.998701
    outer loop
      vertex 3.94129 3.93225 4
      vertex 3.74404 3.60172 3.98047
      vertex 3.95153 3.92458 4
    endloop
  endfacet
  facet normal -0.0178085 -0.0477384 0.998701
    outer loop
      vertex 3.97474 3.91398 4
      vertex 3.80333 3.56935 3.98047
      vertex 3.86662 3.54574 3.98047
    endloop
  endfacet
  facet normal 0.0447758 -0.0243217 0.998701
    outer loop
      vertex 78.5815 3.96276 4
      vertex 78.5754 3.95153 4
      vertex 78.8983 3.74404 3.98047
    endloop
  endfacet
  facet normal -0.0108324 -0.0497867 0.998701
    outer loop
      vertex 3.97474 3.91398 4
      vertex 3.86662 3.54574 3.98047
      vertex 3.93262 3.53138 3.98047
    endloop
  endfacet
  facet normal 0.537752 -0.402568 0.740785
    outer loop
      vertex 80.6625 2.61024 3.11426
      vertex 80.4427 2.31663 3.11426
      vertex 80.9014 2.45674 2.85742
    endloop
  endfacet
  facet normal 0.537752 -0.402605 0.740764
    outer loop
      vertex 80.9014 2.45674 2.85742
      vertex 80.4427 2.31663 3.11426
      vertex 80.6573 2.1307 2.85742
    endloop
  endfacet
  facet normal -0.384712 -0.704555 0.596321
    outer loop
      vertex 2.70723 1.16923 2.57422
      vertex 2.31753 1.38202 2.57422
      vertex 2.61206 0.960833 2.2666
    endloop
  endfacet
  facet normal -0.170631 -0.7844 0.596324
    outer loop
      vertex 3.55712 0.91968 2.57422
      vertex 3.12325 1.01406 2.57422
      vertex 3.52451 0.692912 2.2666
    endloop
  endfacet
  facet normal -0.321956 -0.58962 0.740738
    outer loop
      vertex 2.61024 1.83749 3.11426
      vertex 2.45674 1.59864 2.85742
      vertex 2.93214 1.66172 3.11426
    endloop
  endfacet
  facet normal -0.402599 -0.537794 0.740737
    outer loop
      vertex 2.61024 1.83749 3.11426
      vertex 2.31663 2.05729 3.11426
      vertex 2.45674 1.59864 2.85742
    endloop
  endfacet
  facet normal -0.481073 -0.64263 0.596319
    outer loop
      vertex 2.31753 1.38202 2.57422
      vertex 1.96208 1.64811 2.57422
      vertex 2.19367 1.18929 2.2666
    endloop
  endfacet
  facet normal -0.481071 -0.64263 0.59632
    outer loop
      vertex 1.96208 1.64811 2.57422
      vertex 1.81205 1.47497 2.2666
      vertex 2.19367 1.18929 2.2666
    endloop
  endfacet
  facet normal -0.592697 -0.79174 0.147843
    outer loop
      vertex 1.42992 1.03398 0.860352
      vertex 1.39274 0.991059 0.481445
      vertex 1.87819 0.698405 0.860352
    endloop
  endfacet
  facet normal -0.592695 -0.791742 0.147839
    outer loop
      vertex 1.87819 0.698405 0.860352
      vertex 1.39274 0.991059 0.481445
      vertex 1.84749 0.650635 0.481445
    endloop
  endfacet
  facet normal -0.451249 -0.826391 0.336827
    outer loop
      vertex 2.46198 0.632208 1.5918
      vertex 1.92848 0.77665 1.23145
      vertex 2.40829 0.514651 1.23145
    endloop
  endfacet
  facet normal -0.329041 -0.882202 0.336826
    outer loop
      vertex 2.46198 0.632208 1.5918
      vertex 2.40829 0.514651 1.23145
      vertex 2.92051 0.323605 1.23145
    endloop
  endfacet
  facet normal -0.307657 -0.410973 0.858166
    outer loop
      vertex 2.95483 2.37368 3.53906
      vertex 2.73402 2.53898 3.53906
      vertex 2.77698 2.09694 3.34277
    endloop
  endfacet
  facet normal -0.285778 -0.523366 0.802757
    outer loop
      vertex 2.77698 2.09694 3.34277
      vertex 2.61024 1.83749 3.11426
      vertex 2.93214 1.66172 3.11426
    endloop
  endfacet
  facet normal 0.791724 -0.592729 0.1478
    outer loop
      vertex 81.8016 1.87819 0.860352
      vertex 81.466 1.42992 0.860352
      vertex 81.5089 1.39274 0.481445
    endloop
  endfacet
  facet normal 0.776612 -0.581415 0.24255
    outer loop
      vertex 81.8016 1.87819 0.860352
      vertex 81.3957 1.49083 1.23145
      vertex 81.466 1.42992 0.860352
    endloop
  endfacet
  facet normal 0.402631 -0.537788 0.740724
    outer loop
      vertex 80.1834 2.05729 3.11426
      vertex 80.0433 1.59864 2.85742
      vertex 80.3693 1.84271 2.85742
    endloop
  endfacet
  facet normal 0.321956 -0.58962 0.740738
    outer loop
      vertex 79.8898 1.83749 3.11426
      vertex 79.5679 1.66172 3.11426
      vertex 80.0433 1.59864 2.85742
    endloop
  endfacet
  facet normal 0.564209 -0.753783 0.336866
    outer loop
      vertex 81.0092 1.10427 1.23145
      vertex 80.5016 0.88537 1.5918
      vertex 80.5715 0.77665 1.23145
    endloop
  endfacet
  facet normal 0.56423 -0.753744 0.336918
    outer loop
      vertex 80.9245 1.20194 1.5918
      vertex 80.5016 0.88537 1.5918
      vertex 81.0092 1.10427 1.23145
    endloop
  endfacet
  facet normal 0.704552 -0.384785 0.596277
    outer loop
      vertex 81.5392 2.61206 2.2666
      vertex 81.118 2.31753 2.57422
      vertex 81.3107 2.19367 2.2666
    endloop
  endfacet
  facet normal 0.642645 -0.481102 0.596278
    outer loop
      vertex 81.118 2.31753 2.57422
      vertex 80.8519 1.96208 2.57422
      vertex 81.3107 2.19367 2.2666
    endloop
  endfacet
  facet normal 0.0515597 -0.236986 0.970144
    outer loop
      vertex 78.7404 3.18125 3.9248
      vertex 78.6744 2.78712 3.83203
      vertex 78.8452 2.82428 3.83203
    endloop
  endfacet
  facet normal 0.0716068 -0.329129 0.941566
    outer loop
      vertex 78.8452 2.82428 3.83203
      vertex 78.6744 2.78712 3.83203
      vertex 78.7258 2.42952 3.70312
    endloop
  endfacet
  facet normal 0.116271 -0.212815 0.97015
    outer loop
      vertex 78.9613 3.28215 3.9248
      vertex 78.8545 3.2238 3.9248
      vertex 79.1625 2.96917 3.83203
    endloop
  endfacet
  facet normal 0.0697004 -0.127575 0.989377
    outer loop
      vertex 78.9613 3.28215 3.9248
      vertex 78.756 3.60172 3.98047
      vertex 78.8545 3.2238 3.9248
    endloop
  endfacet
  facet normal 0.307687 -0.410994 0.858145
    outer loop
      vertex 79.766 2.53898 3.53906
      vertex 79.5452 2.37368 3.53906
      vertex 79.723 2.09694 3.34277
    endloop
  endfacet
  facet normal 0.256936 -0.343203 0.903435
    outer loop
      vertex 79.766 2.53898 3.53906
      vertex 79.3578 2.66525 3.70312
      vertex 79.5452 2.37368 3.53906
    endloop
  endfacet
  facet normal -0.0476871 0.0179127 0.998702
    outer loop
      vertex 3.91845 94.0372 4
      vertex 3.56935 94.1967 3.98047
      vertex 3.91398 94.0253 4
    endloop
  endfacet
  facet normal -0.477387 -0.357352 0.802746
    outer loop
      vertex 2.09694 2.77698 3.34277
      vertex 2.05729 2.31663 3.11426
      vertex 2.29036 2.51859 3.34277
    endloop
  endfacet
  facet normal -0.421662 -0.421662 0.802747
    outer loop
      vertex 2.29036 2.51859 3.34277
      vertex 2.31663 2.05729 3.11426
      vertex 2.51859 2.29036 3.34277
    endloop
  endfacet
  facet normal -0.421662 -0.421662 0.802747
    outer loop
      vertex 2.31663 2.05729 3.11426
      vertex 2.29036 2.51859 3.34277
      vertex 2.05729 2.31663 3.11426
    endloop
  endfacet
  facet normal -0.0244125 -0.0447231 0.998701
    outer loop
      vertex 3.95153 3.92458 4
      vertex 3.74404 3.60172 3.98047
      vertex 3.96276 3.91845 4
    endloop
  endfacet
  facet normal -0.0497872 0.0108325 0.998701
    outer loop
      vertex 3.54574 94.1334 3.98047
      vertex 3.53138 94.0674 3.98047
      vertex 3.91398 94.0253 4
    endloop
  endfacet
  facet normal -0.142039 0.0309043 0.989378
    outer loop
      vertex 3.54574 94.1334 3.98047
      vertex 3.18125 94.2404 3.9248
      vertex 3.53138 94.0674 3.98047
    endloop
  endfacet
  facet normal -0.0479674 0.670119 0.740702
    outer loop
      vertex 4.04081 96.8574 2.85742
      vertex 3.59376 96.8254 2.85742
      vertex 3.63417 96.5444 3.11426
    endloop
  endfacet
  facet normal -0.0528847 0.738816 0.671829
    outer loop
      vertex 4.04081 96.8574 2.85742
      vertex 3.55712 97.0803 2.57422
      vertex 3.59376 96.8254 2.85742
    endloop
  endfacet
  facet normal -0.295628 0.161413 0.941568
    outer loop
      vertex 2.66525 94.8578 3.70312
      vertex 2.55676 94.6591 3.70312
      vertex 2.88538 94.509 3.83203
    endloop
  endfacet
  facet normal -0.295661 0.16139 0.941561
    outer loop
      vertex 2.96917 94.6625 3.83203
      vertex 2.66525 94.8578 3.70312
      vertex 2.88538 94.509 3.83203
    endloop
  endfacet
  facet normal -0.04774 0.0178063 0.998701
    outer loop
      vertex 3.56935 94.1967 3.98047
      vertex 3.54574 94.1334 3.98047
      vertex 3.91398 94.0253 4
    endloop
  endfacet
  facet normal -0.355002 -0.650131 0.671791
    outer loop
      vertex 2.45674 1.59864 2.85742
      vertex 2.31753 1.38202 2.57422
      vertex 2.8142 1.40345 2.85742
    endloop
  endfacet
  facet normal -0.157453 -0.723821 0.671783
    outer loop
      vertex 3.19579 1.26112 2.85742
      vertex 3.12325 1.01406 2.57422
      vertex 3.55712 0.91968 2.57422
    endloop
  endfacet
  facet normal -0.280535 -0.752131 0.596321
    outer loop
      vertex 2.70723 1.16923 2.57422
      vertex 2.61206 0.960833 2.2666
      vertex 3.12325 1.01406 2.57422
    endloop
  endfacet
  facet normal -0.299899 -0.804058 0.513373
    outer loop
      vertex 3.0587 0.794243 2.2666
      vertex 2.53031 0.781826 1.93848
      vertex 3.00326 0.605424 1.93848
    endloop
  endfacet
  facet normal -0.258868 -0.694041 0.671785
    outer loop
      vertex 2.8142 1.40345 2.85742
      vertex 2.70723 1.16923 2.57422
      vertex 3.12325 1.01406 2.57422
    endloop
  endfacet
  facet normal -0.443909 -0.592994 0.67179
    outer loop
      vertex 2.45674 1.59864 2.85742
      vertex 2.1307 1.84271 2.85742
      vertex 2.31753 1.38202 2.57422
    endloop
  endfacet
  facet normal -0.384714 -0.704555 0.596319
    outer loop
      vertex 2.31753 1.38202 2.57422
      vertex 2.19367 1.18929 2.2666
      vertex 2.61206 0.960833 2.2666
    endloop
  endfacet
  facet normal -0.411271 -0.753191 0.51338
    outer loop
      vertex 2.19367 1.18929 2.2666
      vertex 2.08727 1.02374 1.93848
      vertex 2.61206 0.960833 2.2666
    endloop
  endfacet
  facet normal -0.433193 -0.793331 0.427751
    outer loop
      vertex 2.08727 1.02374 1.93848
      vertex 1.99835 0.88537 1.5918
      vertex 2.46198 0.632208 1.5918
    endloop
  endfacet
  facet normal -0.541692 -0.723602 0.427749
    outer loop
      vertex 2.08727 1.02374 1.93848
      vertex 1.57547 1.20194 1.5918
      vertex 1.99835 0.88537 1.5918
    endloop
  endfacet
  facet normal -0.307638 -0.410974 0.858172
    outer loop
      vertex 2.73402 2.53898 3.53906
      vertex 2.51859 2.29036 3.34277
      vertex 2.77698 2.09694 3.34277
    endloop
  endfacet
  facet normal -0.357352 -0.477387 0.802746
    outer loop
      vertex 2.51859 2.29036 3.34277
      vertex 2.31663 2.05729 3.11426
      vertex 2.77698 2.09694 3.34277
    endloop
  endfacet
  facet normal 0.357341 -0.477322 0.80279
    outer loop
      vertex 80.1834 2.05729 3.11426
      vertex 79.723 2.09694 3.34277
      vertex 79.8898 1.83749 3.11426
    endloop
  endfacet
  facet normal 0.285761 -0.523334 0.802784
    outer loop
      vertex 79.723 2.09694 3.34277
      vertex 79.5679 1.66172 3.11426
      vertex 79.8898 1.83749 3.11426
    endloop
  endfacet
  facet normal 0 0 1
    outer loop
      vertex 16.9102 76.7945 4
      vertex 65.8809 94.0996 4
      vertex 17.0427 77.1847 4
    endloop
  endfacet
  facet normal 0 0 1
    outer loop
      vertex 78.5996 82.8048 4
      vertex 17.1231 20.4112 4
      vertex 17.15 20 4
    endloop
  endfacet
  facet normal 0 0 1
    outer loop
      vertex 65.8809 94.0996 4
      vertex 16.9102 76.7945 4
      vertex 78.5996 82.8048 4
    endloop
  endfacet
  facet normal 0 0 1
    outer loop
      vertex 78.5996 82.8048 4
      vertex 17.0427 20.8153 4
      vertex 17.1231 20.4112 4
    endloop
  endfacet
  facet normal 0 0 1
    outer loop
      vertex 16.728 76.425 4
      vertex 78.5996 82.8048 4
      vertex 16.9102 76.7945 4
    endloop
  endfacet
  facet normal 0 0 1
    outer loop
      vertex 78.5996 82.8048 4
      vertex 16.9102 21.2055 4
      vertex 17.0427 20.8153 4
    endloop
  endfacet
  facet normal 0 0 1
    outer loop
      vertex 16.4991 76.0824 4
      vertex 78.5996 82.8048 4
      vertex 16.728 76.425 4
    endloop
  endfacet
  facet normal 0 0 1
    outer loop
      vertex 78.5996 82.8048 4
      vertex 16.728 21.575 4
      vertex 16.9102 21.2055 4
    endloop
  endfacet
  facet normal 0 0 1
    outer loop
      vertex 16.4991 21.9176 4
      vertex 78.5996 82.8048 4
      vertex 16.4991 76.0824 4
    endloop
  endfacet
  facet normal 0 0 1
    outer loop
      vertex 78.5996 82.8048 4
      vertex 16.4991 21.9176 4
      vertex 16.728 21.575 4
    endloop
  endfacet
  facet normal -0 0 1
    outer loop
      vertex 16.2274 75.7726 4
      vertex 16.4991 21.9176 4
      vertex 16.4991 76.0824 4
    endloop
  endfacet
  facet normal 0 0 1
    outer loop
      vertex 16.2274 75.7726 4
      vertex 16.2274 22.2274 4
      vertex 16.4991 21.9176 4
    endloop
  endfacet
  facet normal -0 0 1
    outer loop
      vertex 15.9176 75.5009 4
      vertex 16.2274 22.2274 4
      vertex 16.2274 75.7726 4
    endloop
  endfacet
  facet normal 0 0 1
    outer loop
      vertex 15.9176 75.5009 4
      vertex 15.9176 22.4991 4
      vertex 16.2274 22.2274 4
    endloop
  endfacet
  facet normal -0 0 1
    outer loop
      vertex 15.575 75.272 4
      vertex 15.9176 22.4991 4
      vertex 15.9176 75.5009 4
    endloop
  endfacet
  facet normal 0 0 1
    outer loop
      vertex 15.575 75.272 4
      vertex 15.575 22.728 4
      vertex 15.9176 22.4991 4
    endloop
  endfacet
  facet normal -0 0 1
    outer loop
      vertex 15.2055 75.0898 4
      vertex 15.575 22.728 4
      vertex 15.575 75.272 4
    endloop
  endfacet
  facet normal 0 0 1
    outer loop
      vertex 15.2055 75.0898 4
      vertex 15.2055 22.9102 4
      vertex 15.575 22.728 4
    endloop
  endfacet
  facet normal -0 0 1
    outer loop
      vertex 14.8153 74.9573 4
      vertex 15.2055 22.9102 4
      vertex 15.2055 75.0898 4
    endloop
  endfacet
  facet normal 0 0 1
    outer loop
      vertex 14.8153 74.9573 4
      vertex 14.8153 23.0427 4
      vertex 15.2055 22.9102 4
    endloop
  endfacet
  facet normal -0 0 1
    outer loop
      vertex 14.4112 74.8769 4
      vertex 14.8153 23.0427 4
      vertex 14.8153 74.9573 4
    endloop
  endfacet
  facet normal 0 0 1
    outer loop
      vertex 14.4112 74.8769 4
      vertex 14.4112 23.1231 4
      vertex 14.8153 23.0427 4
    endloop
  endfacet
  facet normal -0 0 1
    outer loop
      vertex 14 74.85 4
      vertex 14.4112 23.1231 4
      vertex 14.4112 74.8769 4
    endloop
  endfacet
  facet normal 0 0 1
    outer loop
      vertex 14 74.85 4
      vertex 14 23.15 4
      vertex 14.4112 23.1231 4
    endloop
  endfacet
  facet normal 0 0 1
    outer loop
      vertex 13.5888 74.8769 4
      vertex 14 23.15 4
      vertex 14 74.85 4
    endloop
  endfacet
  facet normal 0 0 1
    outer loop
      vertex 13.5888 74.8769 4
      vertex 13.5888 23.1231 4
      vertex 14 23.15 4
    endloop
  endfacet
  facet normal 0 0 1
    outer loop
      vertex 13.1847 74.9573 4
      vertex 13.5888 23.1231 4
      vertex 13.5888 74.8769 4
    endloop
  endfacet
  facet normal 0 0 1
    outer loop
      vertex 13.1847 74.9573 4
      vertex 13.1847 23.0427 4
      vertex 13.5888 23.1231 4
    endloop
  endfacet
  facet normal 0 0 1
    outer loop
      vertex 12.7945 75.0898 4
      vertex 13.1847 23.0427 4
      vertex 13.1847 74.9573 4
    endloop
  endfacet
  facet normal 0 0 1
    outer loop
      vertex 12.7945 75.0898 4
      vertex 12.7945 22.9102 4
      vertex 13.1847 23.0427 4
    endloop
  endfacet
  facet normal 0 0 1
    outer loop
      vertex 12.425 75.272 4
      vertex 12.7945 22.9102 4
      vertex 12.7945 75.0898 4
    endloop
  endfacet
  facet normal 0 0 1
    outer loop
      vertex 12.425 75.272 4
      vertex 12.425 22.728 4
      vertex 12.7945 22.9102 4
    endloop
  endfacet
  facet normal 0 0 1
    outer loop
      vertex 12.0824 75.5009 4
      vertex 12.425 22.728 4
      vertex 12.425 75.272 4
    endloop
  endfacet
  facet normal 0 0 1
    outer loop
      vertex 12.0824 75.5009 4
      vertex 12.0824 22.4991 4
      vertex 12.425 22.728 4
    endloop
  endfacet
  facet normal 0 0 1
    outer loop
      vertex 11.7726 75.7726 4
      vertex 12.0824 22.4991 4
      vertex 12.0824 75.5009 4
    endloop
  endfacet
  facet normal 0 0 1
    outer loop
      vertex 11.7726 75.7726 4
      vertex 11.7726 22.2274 4
      vertex 12.0824 22.4991 4
    endloop
  endfacet
  facet normal 0 0 1
    outer loop
      vertex 11.5009 76.0824 4
      vertex 11.7726 22.2274 4
      vertex 11.7726 75.7726 4
    endloop
  endfacet
  facet normal 0 0 1
    outer loop
      vertex 11.5009 76.0824 4
      vertex 11.5009 21.9176 4
      vertex 11.7726 22.2274 4
    endloop
  endfacet
  facet normal 0 0 1
    outer loop
      vertex 11.272 76.425 4
      vertex 11.5009 21.9176 4
      vertex 11.5009 76.0824 4
    endloop
  endfacet
  facet normal 0 0 1
    outer loop
      vertex 11.272 76.425 4
      vertex 11.272 21.575 4
      vertex 11.5009 21.9176 4
    endloop
  endfacet
  facet normal 0 0 1
    outer loop
      vertex 11.0898 76.7945 4
      vertex 11.272 21.575 4
      vertex 11.272 76.425 4
    endloop
  endfacet
  facet normal 0 0 1
    outer loop
      vertex 11.0898 76.7945 4
      vertex 11.0898 21.2055 4
      vertex 11.272 21.575 4
    endloop
  endfacet
  facet normal 0 0 1
    outer loop
      vertex 10.9573 77.1847 4
      vertex 11.0898 21.2055 4
      vertex 11.0898 76.7945 4
    endloop
  endfacet
  facet normal 0 0 1
    outer loop
      vertex 10.9573 77.1847 4
      vertex 10.9573 20.8153 4
      vertex 11.0898 21.2055 4
    endloop
  endfacet
  facet normal 0 0 1
    outer loop
      vertex 3.90039 93.8607 4
      vertex 10.9573 77.1847 4
      vertex 10.8769 77.5888 4
    endloop
  endfacet
  facet normal 0 0 1
    outer loop
      vertex 10.9573 77.1847 4
      vertex 3.90039 93.8607 4
      vertex 10.9573 20.8153 4
    endloop
  endfacet
  facet normal 0 0 1
    outer loop
      vertex 3.90039 93.8607 4
      vertex 10.8769 77.5888 4
      vertex 10.85 78 4
    endloop
  endfacet
  facet normal 0 0 1
    outer loop
      vertex 3.90039 4.1393 4
      vertex 10.9573 20.8153 4
      vertex 3.90039 93.8607 4
    endloop
  endfacet
  facet normal 0 0 1
    outer loop
      vertex 65.8809 94.0996 4
      vertex 17.1231 78.4112 4
      vertex 17.15 78 4
    endloop
  endfacet
  facet normal 0 0 1
    outer loop
      vertex 65.8809 94.0996 4
      vertex 17.0427 78.8153 4
      vertex 17.1231 78.4112 4
    endloop
  endfacet
  facet normal 0 0 1
    outer loop
      vertex 65.8809 94.0996 4
      vertex 16.9102 79.2055 4
      vertex 17.0427 78.8153 4
    endloop
  endfacet
  facet normal 0 0 1
    outer loop
      vertex 65.8809 94.0996 4
      vertex 16.728 79.575 4
      vertex 16.9102 79.2055 4
    endloop
  endfacet
  facet normal 0 0 1
    outer loop
      vertex 65.8809 94.0996 4
      vertex 16.4991 79.9176 4
      vertex 16.728 79.575 4
    endloop
  endfacet
  facet normal 0 0 1
    outer loop
      vertex 65.8809 94.0996 4
      vertex 16.2274 80.2274 4
      vertex 16.4991 79.9176 4
    endloop
  endfacet
  facet normal 0 0 1
    outer loop
      vertex 65.8809 94.0996 4
      vertex 15.9176 80.4991 4
      vertex 16.2274 80.2274 4
    endloop
  endfacet
  facet normal 0 0 1
    outer loop
      vertex 65.8809 94.0996 4
      vertex 15.575 80.728 4
      vertex 15.9176 80.4991 4
    endloop
  endfacet
  facet normal -0 0 1
    outer loop
      vertex 4.1393 94.0996 4
      vertex 15.575 80.728 4
      vertex 65.8809 94.0996 4
    endloop
  endfacet
  facet normal 0 0 1
    outer loop
      vertex 15.575 80.728 4
      vertex 4.1393 94.0996 4
      vertex 15.2055 80.9102 4
    endloop
  endfacet
  facet normal 0 0 1
    outer loop
      vertex 15.2055 80.9102 4
      vertex 4.1393 94.0996 4
      vertex 14.8153 81.0427 4
    endloop
  endfacet
  facet normal 0 0 1
    outer loop
      vertex 14.8153 81.0427 4
      vertex 4.1393 94.0996 4
      vertex 14.4112 81.123 4
    endloop
  endfacet
  facet normal 0 0 1
    outer loop
      vertex 14.4112 81.123 4
      vertex 4.1393 94.0996 4
      vertex 14 81.15 4
    endloop
  endfacet
  facet normal 0 0 1
    outer loop
      vertex 14 81.15 4
      vertex 4.1393 94.0996 4
      vertex 13.5888 81.123 4
    endloop
  endfacet
  facet normal 0 0 1
    outer loop
      vertex 10.8769 78.4112 4
      vertex 3.90039 93.8607 4
      vertex 10.85 78 4
    endloop
  endfacet
  facet normal 0 0 1
    outer loop
      vertex 10.9573 78.8153 4
      vertex 3.90039 93.8607 4
      vertex 10.8769 78.4112 4
    endloop
  endfacet
  facet normal 0 0 1
    outer loop
      vertex 11.0898 79.2055 4
      vertex 3.90039 93.8607 4
      vertex 10.9573 78.8153 4
    endloop
  endfacet
  facet normal 0 0 1
    outer loop
      vertex 11.272 79.575 4
      vertex 3.90039 93.8607 4
      vertex 11.0898 79.2055 4
    endloop
  endfacet
  facet normal 0 0 1
    outer loop
      vertex 11.5009 79.9176 4
      vertex 3.90039 93.8607 4
      vertex 11.272 79.575 4
    endloop
  endfacet
  facet normal 0 0 1
    outer loop
      vertex 11.7726 80.2274 4
      vertex 3.90039 93.8607 4
      vertex 11.5009 79.9176 4
    endloop
  endfacet
  facet normal 0 0 1
    outer loop
      vertex 12.0824 80.4991 4
      vertex 3.90039 93.8607 4
      vertex 11.7726 80.2274 4
    endloop
  endfacet
  facet normal 0 0 1
    outer loop
      vertex 12.425 80.728 4
      vertex 3.90039 93.8607 4
      vertex 12.0824 80.4991 4
    endloop
  endfacet
  facet normal 0 0 1
    outer loop
      vertex 12.7945 80.9102 4
      vertex 3.90039 93.8607 4
      vertex 12.425 80.728 4
    endloop
  endfacet
  facet normal -0 0 1
    outer loop
      vertex 3.90039 93.8607 4
      vertex 12.7945 80.9102 4
      vertex 4.1393 94.0996 4
    endloop
  endfacet
  facet normal 0 0 1
    outer loop
      vertex 13.1847 81.0427 4
      vertex 4.1393 94.0996 4
      vertex 12.7945 80.9102 4
    endloop
  endfacet
  facet normal 0 0 1
    outer loop
      vertex 13.5888 81.123 4
      vertex 4.1393 94.0996 4
      vertex 13.1847 81.0427 4
    endloop
  endfacet
  facet normal -0 0 1
    outer loop
      vertex 17.15 20 4
      vertex 78.5996 4.1393 4
      vertex 78.5996 82.8048 4
    endloop
  endfacet
  facet normal 0 0 1
    outer loop
      vertex 78.5996 4.1393 4
      vertex 78.3607 3.90039 4
      vertex 78.5887 3.98724 4
    endloop
  endfacet
  facet normal 0 -0 1
    outer loop
      vertex 78.5128 3.91127 4
      vertex 78.5887 3.98724 4
      vertex 78.3607 3.90039 4
    endloop
  endfacet
  facet normal 0 0 1
    outer loop
      vertex 78.5887 3.98724 4
      vertex 78.5128 3.91127 4
      vertex 78.586 3.97474 4
    endloop
  endfacet
  facet normal 0 0 1
    outer loop
      vertex 78.586 3.97474 4
      vertex 78.5128 3.91127 4
      vertex 78.5815 3.96276 4
    endloop
  endfacet
  facet normal 0 0 1
    outer loop
      vertex 78.5815 3.96276 4
      vertex 78.5128 3.91127 4
      vertex 78.5754 3.95153 4
    endloop
  endfacet
  facet normal 0 0 1
    outer loop
      vertex 78.5754 3.95153 4
      vertex 78.5128 3.91127 4
      vertex 78.5677 3.94129 4
    endloop
  endfacet
  facet normal 0 0 1
    outer loop
      vertex 78.5677 3.94129 4
      vertex 78.5128 3.91127 4
      vertex 78.5587 3.93225 4
    endloop
  endfacet
  facet normal 0 0 1
    outer loop
      vertex 78.5587 3.93225 4
      vertex 78.5128 3.91127 4
      vertex 78.5485 3.92458 4
    endloop
  endfacet
  facet normal 0 0 1
    outer loop
      vertex 78.5485 3.92458 4
      vertex 78.5128 3.91127 4
      vertex 78.5372 3.91845 4
    endloop
  endfacet
  facet normal 0 0 1
    outer loop
      vertex 78.5372 3.91845 4
      vertex 78.5128 3.91127 4
      vertex 78.5253 3.91398 4
    endloop
  endfacet
  facet normal 0 0 1
    outer loop
      vertex 17.1231 77.5888 4
      vertex 65.8809 94.0996 4
      vertex 17.15 78 4
    endloop
  endfacet
  facet normal 0 0 1
    outer loop
      vertex 17.0427 77.1847 4
      vertex 65.8809 94.0996 4
      vertex 17.1231 77.5888 4
    endloop
  endfacet
  facet normal 0 0 1
    outer loop
      vertex 78.5996 4.1393 4
      vertex 17.15 20 4
      vertex 78.3607 3.90039 4
    endloop
  endfacet
  facet normal -0 0 1
    outer loop
      vertex 17.1231 19.5888 4
      vertex 78.3607 3.90039 4
      vertex 17.15 20 4
    endloop
  endfacet
  facet normal -0 0 1
    outer loop
      vertex 17.0427 19.1847 4
      vertex 78.3607 3.90039 4
      vertex 17.1231 19.5888 4
    endloop
  endfacet
  facet normal -0 0 1
    outer loop
      vertex 16.9102 18.7945 4
      vertex 78.3607 3.90039 4
      vertex 17.0427 19.1847 4
    endloop
  endfacet
  facet normal -0 0 1
    outer loop
      vertex 16.728 18.425 4
      vertex 78.3607 3.90039 4
      vertex 16.9102 18.7945 4
    endloop
  endfacet
  facet normal -0 0 1
    outer loop
      vertex 16.4991 18.0824 4
      vertex 78.3607 3.90039 4
      vertex 16.728 18.425 4
    endloop
  endfacet
  facet normal -0 0 1
    outer loop
      vertex 16.2274 17.7726 4
      vertex 78.3607 3.90039 4
      vertex 16.4991 18.0824 4
    endloop
  endfacet
  facet normal -0 0 1
    outer loop
      vertex 15.9176 17.5009 4
      vertex 78.3607 3.90039 4
      vertex 16.2274 17.7726 4
    endloop
  endfacet
  facet normal 0 0 1
    outer loop
      vertex 4.1393 3.90039 4
      vertex 15.9176 17.5009 4
      vertex 15.575 17.272 4
    endloop
  endfacet
  facet normal 0 0 1
    outer loop
      vertex 4.1393 3.90039 4
      vertex 15.575 17.272 4
      vertex 15.2055 17.0898 4
    endloop
  endfacet
  facet normal 0 0 1
    outer loop
      vertex 4.1393 3.90039 4
      vertex 15.2055 17.0898 4
      vertex 14.8153 16.9573 4
    endloop
  endfacet
  facet normal 0 0 1
    outer loop
      vertex 4.1393 3.90039 4
      vertex 14.8153 16.9573 4
      vertex 14.4112 16.8769 4
    endloop
  endfacet
  facet normal 0 0 1
    outer loop
      vertex 4.1393 3.90039 4
      vertex 14.4112 16.8769 4
      vertex 14 16.85 4
    endloop
  endfacet
  facet normal 0 0 1
    outer loop
      vertex 4.1393 3.90039 4
      vertex 14 16.85 4
      vertex 13.5888 16.8769 4
    endloop
  endfacet
  facet normal 0 0 1
    outer loop
      vertex 4.1393 3.90039 4
      vertex 13.5888 16.8769 4
      vertex 13.1847 16.9573 4
    endloop
  endfacet
  facet normal 0 0 1
    outer loop
      vertex 10.9573 20.8153 4
      vertex 3.90039 4.1393 4
      vertex 10.8769 20.4112 4
    endloop
  endfacet
  facet normal 0 0 1
    outer loop
      vertex 15.9176 17.5009 4
      vertex 4.1393 3.90039 4
      vertex 78.3607 3.90039 4
    endloop
  endfacet
  facet normal 0 0 1
    outer loop
      vertex 12.7945 17.0898 4
      vertex 4.1393 3.90039 4
      vertex 13.1847 16.9573 4
    endloop
  endfacet
  facet normal 0 0 1
    outer loop
      vertex 3.90039 4.1393 4
      vertex 12.7945 17.0898 4
      vertex 12.425 17.272 4
    endloop
  endfacet
  facet normal 0 0 1
    outer loop
      vertex 3.90039 4.1393 4
      vertex 12.425 17.272 4
      vertex 12.0824 17.5009 4
    endloop
  endfacet
  facet normal 0 0 1
    outer loop
      vertex 3.90039 4.1393 4
      vertex 12.0824 17.5009 4
      vertex 11.7726 17.7726 4
    endloop
  endfacet
  facet normal 0 0 1
    outer loop
      vertex 3.90039 4.1393 4
      vertex 11.7726 17.7726 4
      vertex 11.5009 18.0824 4
    endloop
  endfacet
  facet normal 0 0 1
    outer loop
      vertex 3.90039 4.1393 4
      vertex 11.5009 18.0824 4
      vertex 11.272 18.425 4
    endloop
  endfacet
  facet normal 0 0 1
    outer loop
      vertex 3.90039 4.1393 4
      vertex 11.272 18.425 4
      vertex 11.0898 18.7945 4
    endloop
  endfacet
  facet normal 0 0 1
    outer loop
      vertex 3.90039 4.1393 4
      vertex 11.0898 18.7945 4
      vertex 10.9573 19.1847 4
    endloop
  endfacet
  facet normal 0 0 1
    outer loop
      vertex 3.90039 4.1393 4
      vertex 10.9573 19.1847 4
      vertex 10.8769 19.5888 4
    endloop
  endfacet
  facet normal 0 0 1
    outer loop
      vertex 10.8769 20.4112 4
      vertex 3.90039 4.1393 4
      vertex 10.85 20 4
    endloop
  endfacet
  facet normal 0 0 1
    outer loop
      vertex 3.90039 93.8607 4
      vertex 4.1393 94.0996 4
      vertex 3.98724 94.0887 4
    endloop
  endfacet
  facet normal 0 0 1
    outer loop
      vertex 10.85 20 4
      vertex 3.90039 4.1393 4
      vertex 10.8769 19.5888 4
    endloop
  endfacet
  facet normal 0 0 1
    outer loop
      vertex 3.91127 94.0128 4
      vertex 3.98724 94.0887 4
      vertex 3.97474 94.086 4
    endloop
  endfacet
  facet normal 0 0 1
    outer loop
      vertex 12.7945 17.0898 4
      vertex 3.90039 4.1393 4
      vertex 4.1393 3.90039 4
    endloop
  endfacet
  facet normal 0 0 1
    outer loop
      vertex 3.91127 94.0128 4
      vertex 3.97474 94.086 4
      vertex 3.96276 94.0815 4
    endloop
  endfacet
  facet normal 0 0 1
    outer loop
      vertex 4.1393 3.90039 4
      vertex 3.90039 4.1393 4
      vertex 3.98724 3.91127 4
    endloop
  endfacet
  facet normal 0 0 1
    outer loop
      vertex 3.91127 94.0128 4
      vertex 3.96276 94.0815 4
      vertex 3.95153 94.0754 4
    endloop
  endfacet
  facet normal -0 -0 1
    outer loop
      vertex 3.91127 3.98724 4
      vertex 3.98724 3.91127 4
      vertex 3.90039 4.1393 4
    endloop
  endfacet
  facet normal 0 0 1
    outer loop
      vertex 3.91127 94.0128 4
      vertex 3.95153 94.0754 4
      vertex 3.94129 94.0677 4
    endloop
  endfacet
  facet normal 0 0 1
    outer loop
      vertex 3.98724 3.91127 4
      vertex 3.91127 3.98724 4
      vertex 3.97474 3.91398 4
    endloop
  endfacet
  facet normal 0 0 1
    outer loop
      vertex 3.91127 94.0128 4
      vertex 3.94129 94.0677 4
      vertex 3.93225 94.0587 4
    endloop
  endfacet
  facet normal 0 0 1
    outer loop
      vertex 3.97474 3.91398 4
      vertex 3.91127 3.98724 4
      vertex 3.96276 3.91845 4
    endloop
  endfacet
  facet normal 0 0 1
    outer loop
      vertex 3.91127 94.0128 4
      vertex 3.93225 94.0587 4
      vertex 3.92458 94.0485 4
    endloop
  endfacet
  facet normal 0 0 1
    outer loop
      vertex 3.96276 3.91845 4
      vertex 3.91127 3.98724 4
      vertex 3.95153 3.92458 4
    endloop
  endfacet
  facet normal 0 0 1
    outer loop
      vertex 3.91127 94.0128 4
      vertex 3.92458 94.0485 4
      vertex 3.91845 94.0372 4
    endloop
  endfacet
  facet normal 0 0 1
    outer loop
      vertex 3.95153 3.92458 4
      vertex 3.91127 3.98724 4
      vertex 3.94129 3.93225 4
    endloop
  endfacet
  facet normal 0 0 1
    outer loop
      vertex 3.91127 94.0128 4
      vertex 3.91845 94.0372 4
      vertex 3.91398 94.0253 4
    endloop
  endfacet
  facet normal 0 0 1
    outer loop
      vertex 3.94129 3.93225 4
      vertex 3.91127 3.98724 4
      vertex 3.93225 3.94129 4
    endloop
  endfacet
  facet normal 0 0 1
    outer loop
      vertex 3.98724 94.0887 4
      vertex 3.91127 94.0128 4
      vertex 3.90039 93.8607 4
    endloop
  endfacet
  facet normal 0 0 1
    outer loop
      vertex 3.93225 3.94129 4
      vertex 3.91127 3.98724 4
      vertex 3.92458 3.95153 4
    endloop
  endfacet
  facet normal 0 0 1
    outer loop
      vertex 3.91845 3.96276 4
      vertex 3.91127 3.98724 4
      vertex 3.91398 3.97474 4
    endloop
  endfacet
  facet normal 0 0 1
    outer loop
      vertex 3.92458 3.95153 4
      vertex 3.91127 3.98724 4
      vertex 3.91845 3.96276 4
    endloop
  endfacet
  facet normal -0.144992 0.0103673 0.989379
    outer loop
      vertex 3.53138 94.0674 3.98047
      vertex 3.13867 93.8879 3.9248
      vertex 3.51758 93.8744 3.98047
    endloop
  endfacet
  facet normal -0.0508206 0.0036338 0.998701
    outer loop
      vertex 3.53138 94.0674 3.98047
      vertex 3.51758 93.8744 3.98047
      vertex 3.91127 94.0128 4
    endloop
  endfacet
  facet normal -0.258872 -0.694042 0.671782
    outer loop
      vertex 3.19579 1.26112 2.85742
      vertex 2.8142 1.40345 2.85742
      vertex 3.12325 1.01406 2.57422
    endloop
  endfacet
  facet normal -0.234773 -0.629431 0.740742
    outer loop
      vertex 2.93214 1.66172 3.11426
      vertex 2.8142 1.40345 2.85742
      vertex 3.19579 1.26112 2.85742
    endloop
  endfacet
  facet normal -0.246039 -0.450572 0.858166
    outer loop
      vertex 2.95483 2.37368 3.53906
      vertex 2.77698 2.09694 3.34277
      vertex 3.19691 2.24149 3.53906
    endloop
  endfacet
  facet normal -0.205476 -0.376289 0.90343
    outer loop
      vertex 3.14221 2.66525 3.70312
      vertex 2.95483 2.37368 3.53906
      vertex 3.19691 2.24149 3.53906
    endloop
  endfacet
  facet normal 1 0 0
    outer loop
      vertex 61.5 97.99 0
      vertex 61.5 98 0.0996094
      vertex 61.5 97.99 0.305286
    endloop
  endfacet
  facet normal 1 0 0
    outer loop
      vertex 61.5 98 0.0996094
      vertex 61.5 97.99 0
      vertex 61.5 98 0
    endloop
  endfacet
  facet normal 0.664076 0.747665 0.000102032
    outer loop
      vertex 82.5 79.341 0.0996094
      vertex 78.5996 82.8048 4
      vertex 78.9824 82.4648 3.98047
    endloop
  endfacet
  facet normal 0.664012 0.747722 -1.16864e-05
    outer loop
      vertex 78.5996 82.8048 4
      vertex 82.5 79.341 0
      vertex 65.8809 94.0996 4
    endloop
  endfacet
  facet normal 0.664036 0.7477 3.78827e-05
    outer loop
      vertex 82.5 79.341 0.0996094
      vertex 78.9824 82.4648 3.98047
      vertex 79.3613 82.1283 3.9248
    endloop
  endfacet
  facet normal 0.664012 0.747722 -8.93794e-06
    outer loop
      vertex 61.5 97.99 0
      vertex 65.8809 94.0996 4
      vertex 82.5 79.341 0
    endloop
  endfacet
  facet normal 0.663936 0.74779 -0.000109602
    outer loop
      vertex 82.5 79.341 0.0996094
      vertex 79.3613 82.1283 3.9248
      vertex 79.7324 81.7988 3.83203
    endloop
  endfacet
  facet normal 0.663975 0.747755 6.52102e-05
    outer loop
      vertex 65.8809 94.0996 4
      vertex 61.5 97.99 0
      vertex 65.4498 94.4824 3.98047
    endloop
  endfacet
  facet normal 0.663928 0.747797 -0.000120387
    outer loop
      vertex 82.5 79.341 0.0996094
      vertex 79.7324 81.7988 3.83203
      vertex 80.0928 81.4788 3.70312
    endloop
  endfacet
  facet normal 0.663979 0.747751 5.75006e-05
    outer loop
      vertex 65.4498 94.4824 3.98047
      vertex 61.5 97.99 0
      vertex 65.0231 94.8613 3.9248
    endloop
  endfacet
  facet normal 0.664008 0.747725 -2.37814e-05
    outer loop
      vertex 82.5 79.341 0.0996094
      vertex 80.0928 81.4788 3.70312
      vertex 80.4385 81.1718 3.53906
    endloop
  endfacet
  facet normal 0.663993 0.747739 3.49121e-05
    outer loop
      vertex 65.0231 94.8613 3.9248
      vertex 61.5 97.99 0
      vertex 64.6052 95.2324 3.83203
    endloop
  endfacet
  facet normal 0.664065 0.747675 3.67933e-05
    outer loop
      vertex 82.5 79.341 0.0996094
      vertex 80.4385 81.1718 3.53906
      vertex 80.7666 80.8804 3.34277
    endloop
  endfacet
  facet normal 0.664053 0.747686 -5.17991e-05
    outer loop
      vertex 64.6052 95.2324 3.83203
      vertex 61.5 97.99 0
      vertex 64.1994 95.5928 3.70312
    endloop
  endfacet
  facet normal 0.664085 0.747657 5.64816e-05
    outer loop
      vertex 82.5 79.341 0.0996094
      vertex 80.7666 80.8804 3.34277
      vertex 81.0742 80.6072 3.11426
    endloop
  endfacet
  facet normal 0.664123 0.747623 -0.00014403
    outer loop
      vertex 64.1994 95.5928 3.70312
      vertex 61.5 97.99 0
      vertex 63.8102 95.9385 3.53906
    endloop
  endfacet
  facet normal 0.66402 0.747715 1.31892e-06
    outer loop
      vertex 82.5 79.341 0.0996094
      vertex 81.0742 80.6072 3.11426
      vertex 81.3574 80.3557 2.85742
    endloop
  endfacet
  facet normal 0.663961 0.747767 4.60716e-05
    outer loop
      vertex 63.8102 95.9385 3.53906
      vertex 61.5 97.99 0
      vertex 63.4407 96.2666 3.34277
    endloop
  endfacet
  facet normal 0.663889 0.747831 -9.59228e-05
    outer loop
      vertex 82.5 79.341 0.0996094
      vertex 81.3574 80.3557 2.85742
      vertex 81.6143 80.1276 2.57422
    endloop
  endfacet
  facet normal 0.663978 0.747752 2.76718e-05
    outer loop
      vertex 63.4407 96.2666 3.34277
      vertex 61.5 97.99 0
      vertex 63.0943 96.5742 3.11426
    endloop
  endfacet
  facet normal 0.663921 0.747803 -7.54721e-05
    outer loop
      vertex 82.5 79.341 0.0996094
      vertex 81.6143 80.1276 2.57422
      vertex 81.8428 79.9247 2.2666
    endloop
  endfacet
  facet normal 0.664019 0.747716 -9.14696e-06
    outer loop
      vertex 63.0943 96.5742 3.11426
      vertex 61.5 97.99 0
      vertex 62.7754 96.8574 2.85742
    endloop
  endfacet
  facet normal 0.663861 0.747856 -0.000108217
    outer loop
      vertex 82.5 79.341 0.0996094
      vertex 81.8428 79.9247 2.2666
      vertex 82.0391 79.7504 1.93848
    endloop
  endfacet
  facet normal 0.664213 0.747543 -0.000164463
    outer loop
      vertex 62.7754 96.8574 2.85742
      vertex 61.5 97.99 0
      vertex 62.4862 97.1143 2.57422
    endloop
  endfacet
  facet normal 0.664238 0.747522 6.07866e-05
    outer loop
      vertex 82.5 79.341 0.0996094
      vertex 82.0391 79.7504 1.93848
      vertex 82.2031 79.6047 1.5918
    endloop
  endfacet
  facet normal 0.663795 0.747914 0.000121755
    outer loop
      vertex 62.4862 97.1143 2.57422
      vertex 61.5 97.99 0
      vertex 62.2288 97.3428 2.2666
    endloop
  endfacet
  facet normal 0.664168 0.747583 3.60849e-05
    outer loop
      vertex 82.5 79.341 0.0996094
      vertex 82.2031 79.6047 1.5918
      vertex 82.332 79.4902 1.23145
    endloop
  endfacet
  facet normal 0.664167 0.747584 -9.20684e-05
    outer loop
      vertex 62.2288 97.3428 2.2666
      vertex 61.5 97.99 0
      vertex 62.0078 97.5391 1.93848
    endloop
  endfacet
  facet normal 0.663863 0.747854 -4.48463e-05
    outer loop
      vertex 82.5 79.341 0.0996094
      vertex 82.332 79.4902 1.23145
      vertex 82.4248 79.4078 0.860352
    endloop
  endfacet
  facet normal 0.663558 0.748125 0.000193492
    outer loop
      vertex 62.0078 97.5391 1.93848
      vertex 61.5 97.99 0
      vertex 61.823 97.7031 1.5918
    endloop
  endfacet
  facet normal 0.664604 0.747196 8.61899e-05
    outer loop
      vertex 82.5 79.341 0.0996094
      vertex 82.4248 79.4078 0.860352
      vertex 82.4814 79.3575 0.481445
    endloop
  endfacet
  facet normal 0.66419 0.747564 -3.59503e-05
    outer loop
      vertex 61.823 97.7031 1.5918
      vertex 61.5 97.99 0
      vertex 61.6779 97.832 1.23145
    endloop
  endfacet
  facet normal 0.664111 0.747634 0
    outer loop
      vertex 61.5 97.99 0.305286
      vertex 61.5734 97.9248 0.860352
      vertex 61.5 97.99 0
    endloop
  endfacet
  facet normal 0.664019 0.747716 -5.60518e-16
    outer loop
      vertex 78.5996 82.8048 4
      vertex 82.5 79.341 0.0996094
      vertex 82.5 79.341 0
    endloop
  endfacet
  facet normal 0.663964 0.747765 2.24324e-05
    outer loop
      vertex 61.6779 97.832 1.23145
      vertex 61.5 97.99 0
      vertex 61.5734 97.9248 0.860352
    endloop
  endfacet
  facet normal 0.66189 0.7496 0.000524621
    outer loop
      vertex 61.5734 97.9248 0.860352
      vertex 61.5 97.99 0.305286
      vertex 61.5096 97.9814 0.481445
    endloop
  endfacet
endsolid OpenSCAD_Model
