solid OpenSCAD_Model
  facet normal 1 -0 0
    outer loop
      vertex 164.5 97 13.5
      vertex 164.5 99.7 6.5
      vertex 164.5 99.7 13.5
    endloop
  endfacet
  facet normal 1 0 0
    outer loop
      vertex 164.5 99.7 6.5
      vertex 164.5 97 13.5
      vertex 164.5 97 6.5
    endloop
  endfacet
  facet normal 0 0 -1
    outer loop
      vertex 23.1084 99.6743 6.4
      vertex 22.5 99.7 6.4
      vertex 23.5 99.7 6.4
    endloop
  endfacet
  facet normal 0 0 -1
    outer loop
      vertex 22.7235 99.5978 6.4
      vertex 22.5 99.7 6.4
      vertex 23.1084 99.6743 6.4
    endloop
  endfacet
  facet normal 0 0 -1
    outer loop
      vertex 22.5 99.7 6.4
      vertex 22.7235 99.5978 6.4
      vertex 22.5 99.5219 6.4
    endloop
  endfacet
  facet normal -0 0 1
    outer loop
      vertex 22.5 99.7 13.5
      vertex 164.5 97 13.5
      vertex 164.5 99.7 13.5
    endloop
  endfacet
  facet normal 0 0 1
    outer loop
      vertex 164.5 97 13.5
      vertex 22.5 99.7 13.5
      vertex 22.5 97 13.5
    endloop
  endfacet
  facet normal -1 0 0
    outer loop
      vertex 22.5 99.5219 6.5
      vertex 22.5 99.7 6.4
      vertex 22.5 99.5219 6.4
    endloop
  endfacet
  facet normal -1 0 0
    outer loop
      vertex 22.5 99.7 6.4
      vertex 22.5 99.5219 6.5
      vertex 22.5 99.7 13.5
    endloop
  endfacet
  facet normal -1 0 0
    outer loop
      vertex 22.5 97 13.5
      vertex 22.5 99.5219 6.5
      vertex 22.5 97 6.5
    endloop
  endfacet
  facet normal -1 0 0
    outer loop
      vertex 22.5 99.5219 6.5
      vertex 22.5 97 13.5
      vertex 22.5 99.7 13.5
    endloop
  endfacet
  facet normal 0 -1 0
    outer loop
      vertex 22.5 97 6.5
      vertex 164.5 97 13.5
      vertex 22.5 97 13.5
    endloop
  endfacet
  facet normal 0 -1 -0
    outer loop
      vertex 164.5 97 13.5
      vertex 22.5 97 6.5
      vertex 164.5 97 6.5
    endloop
  endfacet
  facet normal 0 1 -0
    outer loop
      vertex 165 99.7 0
      vertex 164.5 99.7 6.5
      vertex 165 99.7 6.5
    endloop
  endfacet
  facet normal 0 1 0
    outer loop
      vertex 23.5 99.7 0
      vertex 164.5 99.7 6.5
      vertex 165 99.7 0
    endloop
  endfacet
  facet normal 0 1 0
    outer loop
      vertex 164.5 99.7 6.5
      vertex 23.5 99.7 0
      vertex 23.5 99.7 6.4
    endloop
  endfacet
  facet normal 0 1 0
    outer loop
      vertex 23.5 99.7 6.4
      vertex 164.5 99.7 13.5
      vertex 164.5 99.7 6.5
    endloop
  endfacet
  facet normal 0 1 0
    outer loop
      vertex 164.5 99.7 13.5
      vertex 23.5 99.7 6.4
      vertex 22.5 99.7 13.5
    endloop
  endfacet
  facet normal 0 1 0
    outer loop
      vertex 22.5 99.7 13.5
      vertex 23.5 99.7 6.4
      vertex 22.5 99.7 6.4
    endloop
  endfacet
  facet normal 1 -0 0
    outer loop
      vertex 100.7 86.7 11.5
      vertex 100.7 89.7 6.5
      vertex 100.7 89.7 11.5
    endloop
  endfacet
  facet normal 1 0 0
    outer loop
      vertex 100.7 89.7 6.5
      vertex 100.7 86.7 11.5
      vertex 100.7 86.7 6.5
    endloop
  endfacet
  facet normal -0 0 1
    outer loop
      vertex 22.5 89.7 11.5
      vertex 100.7 86.7 11.5
      vertex 100.7 89.7 11.5
    endloop
  endfacet
  facet normal 0 0 1
    outer loop
      vertex 100.7 86.7 11.5
      vertex 22.5 89.7 11.5
      vertex 22.5 86.7 11.5
    endloop
  endfacet
  facet normal -1 0 0
    outer loop
      vertex 22.5 86.7 6.5
      vertex 22.5 89.7 11.5
      vertex 22.5 89.7 6.5
    endloop
  endfacet
  facet normal -1 -0 0
    outer loop
      vertex 22.5 89.7 11.5
      vertex 22.5 86.7 6.5
      vertex 22.5 86.7 11.5
    endloop
  endfacet
  facet normal 0 -1 0
    outer loop
      vertex 22.5 86.7 6.5
      vertex 100.7 86.7 11.5
      vertex 22.5 86.7 11.5
    endloop
  endfacet
  facet normal 0 -1 -0
    outer loop
      vertex 100.7 86.7 11.5
      vertex 22.5 86.7 6.5
      vertex 100.7 86.7 6.5
    endloop
  endfacet
  facet normal 0 1 -0
    outer loop
      vertex 100.7 89.7 6.5
      vertex 22.5 89.7 11.5
      vertex 100.7 89.7 11.5
    endloop
  endfacet
  facet normal 0 1 0
    outer loop
      vertex 22.5 89.7 11.5
      vertex 100.7 89.7 6.5
      vertex 22.5 89.7 6.5
    endloop
  endfacet
  facet normal 0 0 1
    outer loop
      vertex 14.5 95.7 6.5
      vertex 20.5 89.6836 6.5
      vertex 20.5 94.7164 6.5
    endloop
  endfacet
  facet normal 0 0 1
    outer loop
      vertex 20.5 89.6836 6.5
      vertex 14.5 95.7 6.5
      vertex 14.5 88.7 6.5
    endloop
  endfacet
  facet normal -0 0 1
    outer loop
      vertex 22.3519 99.4716 6.5
      vertex 22.5 97 6.5
      vertex 22.5 99.5219 6.5
    endloop
  endfacet
  facet normal 0 0 1
    outer loop
      vertex 22.5 97 6.5
      vertex 20.5 94.7164 6.5
      vertex 22.5 89.7 6.5
    endloop
  endfacet
  facet normal 0 0 1
    outer loop
      vertex 22.5 97 6.5
      vertex 22.3519 99.4716 6.5
      vertex 22 99.2981 6.5
    endloop
  endfacet
  facet normal -0 0 1
    outer loop
      vertex 102.1 40.5 6.5
      vertex 106.3 19.9 6.5
      vertex 106.3 40.5 6.5
    endloop
  endfacet
  facet normal 0 0 1
    outer loop
      vertex 106.3 19.9 6.5
      vertex 102.1 40.5 6.5
      vertex 102.1 19.9 6.5
    endloop
  endfacet
  facet normal -0 0 1
    outer loop
      vertex 102.1 75.5 6.5
      vertex 106.3 52.9 6.5
      vertex 106.3 75.5 6.5
    endloop
  endfacet
  facet normal 0 0 1
    outer loop
      vertex 106.3 52.9 6.5
      vertex 102.1 75.5 6.5
      vertex 102.1 52.9 6.5
    endloop
  endfacet
  facet normal 0 0 1
    outer loop
      vertex 123.919 67.508 6.5
      vertex 106.3 75.5 6.5
      vertex 123.891 67.2921 6.5
    endloop
  endfacet
  facet normal 0 0 1
    outer loop
      vertex 106.3 75.5 6.5
      vertex 123.919 67.508 6.5
      vertex 123.502 72.4325 6.5
    endloop
  endfacet
  facet normal 0 0 1
    outer loop
      vertex 123.965 67.715 6.5
      vertex 123.502 72.4325 6.5
      vertex 123.919 67.508 6.5
    endloop
  endfacet
  facet normal 0 0 1
    outer loop
      vertex 124.03 67.9131 6.5
      vertex 123.502 72.4325 6.5
      vertex 123.965 67.715 6.5
    endloop
  endfacet
  facet normal 0 0 1
    outer loop
      vertex 124.114 68.1021 6.5
      vertex 123.502 72.4325 6.5
      vertex 124.03 67.9131 6.5
    endloop
  endfacet
  facet normal 0 0 1
    outer loop
      vertex 124.216 68.2822 6.5
      vertex 123.502 72.4325 6.5
      vertex 124.114 68.1021 6.5
    endloop
  endfacet
  facet normal 0 0 1
    outer loop
      vertex 124.337 68.4533 6.5
      vertex 123.502 72.4325 6.5
      vertex 124.216 68.2822 6.5
    endloop
  endfacet
  facet normal 0 0 1
    outer loop
      vertex 124.474 68.6118 6.5
      vertex 123.502 72.4325 6.5
      vertex 124.337 68.4533 6.5
    endloop
  endfacet
  facet normal 0 0 1
    outer loop
      vertex 124.624 68.754 6.5
      vertex 123.502 72.4325 6.5
      vertex 124.474 68.6118 6.5
    endloop
  endfacet
  facet normal 0 0 1
    outer loop
      vertex 124.786 68.8799 6.5
      vertex 123.502 72.4325 6.5
      vertex 124.624 68.754 6.5
    endloop
  endfacet
  facet normal 0 0 1
    outer loop
      vertex 124.962 68.9895 6.5
      vertex 123.502 72.4325 6.5
      vertex 124.786 68.8799 6.5
    endloop
  endfacet
  facet normal 0 0 1
    outer loop
      vertex 125.151 69.0829 6.5
      vertex 123.502 72.4325 6.5
      vertex 124.962 68.9895 6.5
    endloop
  endfacet
  facet normal 0 0 1
    outer loop
      vertex 125.353 69.16 6.5
      vertex 123.502 72.4325 6.5
      vertex 125.151 69.0829 6.5
    endloop
  endfacet
  facet normal 0 0 1
    outer loop
      vertex 123.502 72.4325 6.5
      vertex 125.353 69.16 6.5
      vertex 125.569 69.2209 6.5
    endloop
  endfacet
  facet normal -0 0 1
    outer loop
      vertex 160.55 40.5 6.5
      vertex 165.95 19.9 6.5
      vertex 165.95 40.5 6.5
    endloop
  endfacet
  facet normal 0 0 1
    outer loop
      vertex 165.95 19.9 6.5
      vertex 160.55 40.5 6.5
      vertex 160.55 19.9 6.5
    endloop
  endfacet
  facet normal -0 0 1
    outer loop
      vertex 160.55 75.5 6.5
      vertex 165.95 52.9 6.5
      vertex 165.95 75.5 6.5
    endloop
  endfacet
  facet normal 0 0 1
    outer loop
      vertex 165.95 52.9 6.5
      vertex 160.55 75.5 6.5
      vertex 160.55 52.9 6.5
    endloop
  endfacet
  facet normal -0 0 1
    outer loop
      vertex 164.5 97 6.5
      vertex 168 96.7 6.5
      vertex 167.974 97.0916 6.5
    endloop
  endfacet
  facet normal 0 0 1
    outer loop
      vertex 168 96.7 6.5
      vertex 165.95 52.9 6.5
      vertex 168 4.49999 6.5
    endloop
  endfacet
  facet normal 0 0 1
    outer loop
      vertex 164.5 97 6.5
      vertex 167.974 97.0916 6.5
      vertex 167.898 97.4765 6.5
    endloop
  endfacet
  facet normal -0 0 1
    outer loop
      vertex 165.95 40.5 6.5
      vertex 168 4.49999 6.5
      vertex 165.95 52.9 6.5
    endloop
  endfacet
  facet normal 0 0 1
    outer loop
      vertex 164.5 97 6.5
      vertex 167.898 97.4765 6.5
      vertex 167.772 97.8481 6.5
    endloop
  endfacet
  facet normal -0 0 1
    outer loop
      vertex 165.95 19.9 6.5
      vertex 168 4.49999 6.5
      vertex 165.95 40.5 6.5
    endloop
  endfacet
  facet normal 0 0 1
    outer loop
      vertex 164.5 97 6.5
      vertex 167.772 97.8481 6.5
      vertex 167.598 98.2 6.5
    endloop
  endfacet
  facet normal -0 0 1
    outer loop
      vertex 165.95 7.49999 6.5
      vertex 168 4.49999 6.5
      vertex 165.95 19.9 6.5
    endloop
  endfacet
  facet normal 0 0 1
    outer loop
      vertex 164.5 97 6.5
      vertex 167.598 98.2 6.5
      vertex 167.38 98.5263 6.5
    endloop
  endfacet
  facet normal 0 0 1
    outer loop
      vertex 168 4.49999 6.5
      vertex 165.95 7.49999 6.5
      vertex 167.974 4.10842 6.5
    endloop
  endfacet
  facet normal 0 0 1
    outer loop
      vertex 164.5 97 6.5
      vertex 167.38 98.5263 6.5
      vertex 167.121 98.8213 6.5
    endloop
  endfacet
  facet normal 0 0 1
    outer loop
      vertex 167.974 4.10842 6.5
      vertex 165.95 7.49999 6.5
      vertex 167.898 3.72353 6.5
    endloop
  endfacet
  facet normal 0 0 1
    outer loop
      vertex 164.5 97 6.5
      vertex 167.121 98.8213 6.5
      vertex 166.826 99.0801 6.5
    endloop
  endfacet
  facet normal 0 0 1
    outer loop
      vertex 167.898 3.72353 6.5
      vertex 165.95 7.49999 6.5
      vertex 167.772 3.35193 6.5
    endloop
  endfacet
  facet normal 0 0 1
    outer loop
      vertex 164.5 97 6.5
      vertex 166.826 99.0801 6.5
      vertex 166.5 99.2981 6.5
    endloop
  endfacet
  facet normal 0 0 1
    outer loop
      vertex 167.772 3.35193 6.5
      vertex 165.95 7.49999 6.5
      vertex 167.598 2.99999 6.5
    endloop
  endfacet
  facet normal 0 0 1
    outer loop
      vertex 164.5 97 6.5
      vertex 166.5 99.2981 6.5
      vertex 166.148 99.4716 6.5
    endloop
  endfacet
  facet normal 0 0 1
    outer loop
      vertex 168 96.7 6.5
      vertex 165.95 75.5 6.5
      vertex 165.95 52.9 6.5
    endloop
  endfacet
  facet normal 0 0 1
    outer loop
      vertex 168 96.7 6.5
      vertex 165.95 87.9 6.5
      vertex 165.95 75.5 6.5
    endloop
  endfacet
  facet normal 0 0 1
    outer loop
      vertex 164.5 97 6.5
      vertex 166.148 99.4716 6.5
      vertex 165.776 99.5978 6.5
    endloop
  endfacet
  facet normal 0 0 1
    outer loop
      vertex 164.5 97 6.5
      vertex 165.776 99.5978 6.5
      vertex 165.392 99.6743 6.5
    endloop
  endfacet
  facet normal 0 0 1
    outer loop
      vertex 164.5 97 6.5
      vertex 165.392 99.6743 6.5
      vertex 165 99.7 6.5
    endloop
  endfacet
  facet normal 0 0 1
    outer loop
      vertex 164.5 97 6.5
      vertex 165 99.7 6.5
      vertex 164.5 99.7 6.5
    endloop
  endfacet
  facet normal 0 0 1
    outer loop
      vertex 168 96.7 6.5
      vertex 164.5 97 6.5
      vertex 165.95 87.9 6.5
    endloop
  endfacet
  facet normal 0 0 1
    outer loop
      vertex 164.5 97 6.5
      vertex 160.55 87.9 6.5
      vertex 165.95 87.9 6.5
    endloop
  endfacet
  facet normal 0 0 1
    outer loop
      vertex 139.559 72.4325 6.5
      vertex 160.55 75.5 6.5
      vertex 160.55 87.9 6.5
    endloop
  endfacet
  facet normal 0 0 1
    outer loop
      vertex 160.55 75.5 6.5
      vertex 141.528 64.7887 6.5
      vertex 160.55 52.9 6.5
    endloop
  endfacet
  facet normal 0 0 1
    outer loop
      vertex 160.55 52.9 6.5
      vertex 141.528 64.7887 6.5
      vertex 160.55 40.5 6.5
    endloop
  endfacet
  facet normal -0 0 1
    outer loop
      vertex 139.906 64.7887 6.5
      vertex 160.55 40.5 6.5
      vertex 141.528 64.7887 6.5
    endloop
  endfacet
  facet normal -0 0 1
    outer loop
      vertex 137.172 64.7887 6.5
      vertex 160.55 40.5 6.5
      vertex 139.906 64.7887 6.5
    endloop
  endfacet
  facet normal 0 0 1
    outer loop
      vertex 106.3 87.9 6.5
      vertex 160.55 87.9 6.5
      vertex 164.5 97 6.5
    endloop
  endfacet
  facet normal 0 0 1
    outer loop
      vertex 160.55 75.5 6.5
      vertex 139.559 72.4325 6.5
      vertex 141.528 64.7887 6.5
    endloop
  endfacet
  facet normal 0 0 1
    outer loop
      vertex 160.55 87.9 6.5
      vertex 137.66 72.4325 6.5
      vertex 139.559 72.4325 6.5
    endloop
  endfacet
  facet normal 0 0 1
    outer loop
      vertex 136.329 66.5743 6.5
      vertex 136.254 66.6201 6.5
      vertex 136.293 66.3782 6.5
    endloop
  endfacet
  facet normal 0 0 1
    outer loop
      vertex 136.363 66.7566 6.5
      vertex 136.254 66.6201 6.5
      vertex 136.329 66.5743 6.5
    endloop
  endfacet
  facet normal -0 0 1
    outer loop
      vertex 136.213 66.8591 6.5
      vertex 136.363 66.7566 6.5
      vertex 136.395 66.9251 6.5
    endloop
  endfacet
  facet normal 0 0 1
    outer loop
      vertex 136.17 67.0953 6.5
      vertex 136.395 66.9251 6.5
      vertex 136.426 67.0797 6.5
    endloop
  endfacet
  facet normal -0 0 1
    outer loop
      vertex 136.17 67.0953 6.5
      vertex 136.426 67.0797 6.5
      vertex 136.454 67.2205 6.5
    endloop
  endfacet
  facet normal -0 0 1
    outer loop
      vertex 136.124 67.3286 6.5
      vertex 136.454 67.2205 6.5
      vertex 136.48 67.3474 6.5
    endloop
  endfacet
  facet normal 0 0 1
    outer loop
      vertex 136.124 67.3286 6.5
      vertex 136.48 67.3474 6.5
      vertex 136.504 67.4605 6.5
    endloop
  endfacet
  facet normal -0 0 1
    outer loop
      vertex 136.076 67.559 6.5
      vertex 136.504 67.4605 6.5
      vertex 136.548 67.653 6.5
    endloop
  endfacet
  facet normal -0 0 1
    outer loop
      vertex 136.026 67.7865 6.5
      vertex 136.548 67.653 6.5
      vertex 136.632 68.0181 6.5
    endloop
  endfacet
  facet normal 0 0 1
    outer loop
      vertex 135.973 68.0111 6.5
      vertex 136.632 68.0181 6.5
      vertex 136.756 68.5557 6.5
    endloop
  endfacet
  facet normal 0 0 1
    outer loop
      vertex 135.973 68.0111 6.5
      vertex 136.756 68.5557 6.5
      vertex 136.921 69.266 6.5
    endloop
  endfacet
  facet normal 0 0 1
    outer loop
      vertex 134.936 72.4325 6.5
      vertex 136.921 69.266 6.5
      vertex 137.127 70.1489 6.5
    endloop
  endfacet
  facet normal 0 0 1
    outer loop
      vertex 134.936 72.4325 6.5
      vertex 137.127 70.1489 6.5
      vertex 137.373 71.2044 6.5
    endloop
  endfacet
  facet normal -0 0 1
    outer loop
      vertex 134.936 72.4325 6.5
      vertex 137.373 71.2044 6.5
      vertex 137.66 72.4325 6.5
    endloop
  endfacet
  facet normal 0 0 1
    outer loop
      vertex 136.363 66.7566 6.5
      vertex 136.213 66.8591 6.5
      vertex 136.254 66.6201 6.5
    endloop
  endfacet
  facet normal 0 0 1
    outer loop
      vertex 136.395 66.9251 6.5
      vertex 136.17 67.0953 6.5
      vertex 136.213 66.8591 6.5
    endloop
  endfacet
  facet normal 0 0 1
    outer loop
      vertex 136.454 67.2205 6.5
      vertex 136.124 67.3286 6.5
      vertex 136.17 67.0953 6.5
    endloop
  endfacet
  facet normal 0 0 1
    outer loop
      vertex 136.504 67.4605 6.5
      vertex 136.076 67.559 6.5
      vertex 136.124 67.3286 6.5
    endloop
  endfacet
  facet normal 0 0 1
    outer loop
      vertex 136.548 67.653 6.5
      vertex 136.026 67.7865 6.5
      vertex 136.076 67.559 6.5
    endloop
  endfacet
  facet normal 0 0 1
    outer loop
      vertex 136.632 68.0181 6.5
      vertex 135.973 68.0111 6.5
      vertex 136.026 67.7865 6.5
    endloop
  endfacet
  facet normal 0 0 1
    outer loop
      vertex 136.921 69.266 6.5
      vertex 134.936 72.4325 6.5
      vertex 135.973 68.0111 6.5
    endloop
  endfacet
  facet normal 0 0 1
    outer loop
      vertex 160.55 87.9 6.5
      vertex 134.936 72.4325 6.5
      vertex 137.66 72.4325 6.5
    endloop
  endfacet
  facet normal 0 0 1
    outer loop
      vertex 160.55 87.9 6.5
      vertex 133.038 72.4325 6.5
      vertex 134.936 72.4325 6.5
    endloop
  endfacet
  facet normal 0 0 1
    outer loop
      vertex 133.038 72.4325 6.5
      vertex 130.554 72.4325 6.5
      vertex 131.063 64.7887 6.5
    endloop
  endfacet
  facet normal 0 0 1
    outer loop
      vertex 160.55 87.9 6.5
      vertex 106.3 87.9 6.5
      vertex 133.038 72.4325 6.5
    endloop
  endfacet
  facet normal 0 0 1
    outer loop
      vertex 133.038 72.4325 6.5
      vertex 106.3 87.9 6.5
      vertex 130.554 72.4325 6.5
    endloop
  endfacet
  facet normal 0 0 1
    outer loop
      vertex 128.954 72.4325 6.5
      vertex 127.077 69.5301 6.5
      vertex 128.954 69.5301 6.5
    endloop
  endfacet
  facet normal 0 0 1
    outer loop
      vertex 128.954 72.4325 6.5
      vertex 125.303 72.4325 6.5
      vertex 127.077 69.5301 6.5
    endloop
  endfacet
  facet normal 0 0 1
    outer loop
      vertex 130.554 72.4325 6.5
      vertex 106.3 87.9 6.5
      vertex 128.954 72.4325 6.5
    endloop
  endfacet
  facet normal 0 0 1
    outer loop
      vertex 128.954 72.4325 6.5
      vertex 106.3 87.9 6.5
      vertex 125.303 72.4325 6.5
    endloop
  endfacet
  facet normal 0 0 1
    outer loop
      vertex 125.303 72.4325 6.5
      vertex 106.3 87.9 6.5
      vertex 123.502 72.4325 6.5
    endloop
  endfacet
  facet normal -0 0 1
    outer loop
      vertex 100.7 89.7 6.5
      vertex 106.3 87.9 6.5
      vertex 164.5 97 6.5
    endloop
  endfacet
  facet normal 0 0 1
    outer loop
      vertex 100.7 86.7 6.5
      vertex 100.9 87.9 6.5
      vertex 100.7 89.7 6.5
    endloop
  endfacet
  facet normal 0 0 1
    outer loop
      vertex 106.3 87.9 6.5
      vertex 100.7 89.7 6.5
      vertex 100.9 87.9 6.5
    endloop
  endfacet
  facet normal -0 0 1
    outer loop
      vertex 22.5 97 6.5
      vertex 100.7 89.7 6.5
      vertex 164.5 97 6.5
    endloop
  endfacet
  facet normal 0 0 1
    outer loop
      vertex 100.7 89.7 6.5
      vertex 22.5 97 6.5
      vertex 22.5 89.7 6.5
    endloop
  endfacet
  facet normal 0 0 1
    outer loop
      vertex 167.598 2.99999 6.5
      vertex 165.95 7.49999 6.5
      vertex 167.38 2.67371 6.5
    endloop
  endfacet
  facet normal 0 0 1
    outer loop
      vertex 167.38 2.67371 6.5
      vertex 165.95 7.49999 6.5
      vertex 167.121 2.37867 6.5
    endloop
  endfacet
  facet normal 0 0 1
    outer loop
      vertex 167.121 2.37867 6.5
      vertex 165.95 7.49999 6.5
      vertex 166.826 2.11992 6.5
    endloop
  endfacet
  facet normal 0 0 1
    outer loop
      vertex 166.826 2.11992 6.5
      vertex 165.95 7.49999 6.5
      vertex 166.5 1.9019 6.5
    endloop
  endfacet
  facet normal 0 0 1
    outer loop
      vertex 166.5 1.9019 6.5
      vertex 165.95 7.49999 6.5
      vertex 166.148 1.72835 6.5
    endloop
  endfacet
  facet normal 0 0 1
    outer loop
      vertex 165.95 7.49999 6.5
      vertex 165.776 1.60221 6.5
      vertex 166.148 1.72835 6.5
    endloop
  endfacet
  facet normal 0 0 1
    outer loop
      vertex 165.95 7.49999 6.5
      vertex 165.392 1.52565 6.5
      vertex 165.776 1.60221 6.5
    endloop
  endfacet
  facet normal 0 0 1
    outer loop
      vertex 165.95 7.49999 6.5
      vertex 165 1.49999 6.5
      vertex 165.392 1.52565 6.5
    endloop
  endfacet
  facet normal -0 0 1
    outer loop
      vertex 160.55 7.49999 6.5
      vertex 165 1.49999 6.5
      vertex 165.95 7.49999 6.5
    endloop
  endfacet
  facet normal -0 0 1
    outer loop
      vertex 135.381 64.7887 6.5
      vertex 160.55 40.5 6.5
      vertex 137.172 64.7887 6.5
    endloop
  endfacet
  facet normal -0 0 1
    outer loop
      vertex 138.506 70.7048 6.5
      vertex 138.799 69.7254 6.5
      vertex 138.549 70.9189 6.5
    endloop
  endfacet
  facet normal -0 0 1
    outer loop
      vertex 138.463 70.4935 6.5
      vertex 138.799 69.7254 6.5
      vertex 138.506 70.7048 6.5
    endloop
  endfacet
  facet normal -0 0 1
    outer loop
      vertex 138.421 70.285 6.5
      vertex 138.799 69.7254 6.5
      vertex 138.463 70.4935 6.5
    endloop
  endfacet
  facet normal -0 0 1
    outer loop
      vertex 138.379 70.0792 6.5
      vertex 138.799 69.7254 6.5
      vertex 138.421 70.285 6.5
    endloop
  endfacet
  facet normal -0 0 1
    outer loop
      vertex 138.337 69.8763 6.5
      vertex 138.799 69.7254 6.5
      vertex 138.379 70.0792 6.5
    endloop
  endfacet
  facet normal 0 0 1
    outer loop
      vertex 138.295 69.676 6.5
      vertex 138.799 69.7254 6.5
      vertex 138.337 69.8763 6.5
    endloop
  endfacet
  facet normal 0 0 1
    outer loop
      vertex 138.254 69.4786 6.5
      vertex 138.799 69.7254 6.5
      vertex 138.295 69.676 6.5
    endloop
  endfacet
  facet normal 0 0 1
    outer loop
      vertex 138.197 69.2148 6.5
      vertex 138.799 69.7254 6.5
      vertex 138.254 69.4786 6.5
    endloop
  endfacet
  facet normal 0 0 1
    outer loop
      vertex 138.107 68.8156 6.5
      vertex 138.799 69.7254 6.5
      vertex 138.197 69.2148 6.5
    endloop
  endfacet
  facet normal 0 0 1
    outer loop
      vertex 137.985 68.2811 6.5
      vertex 138.799 69.7254 6.5
      vertex 138.107 68.8156 6.5
    endloop
  endfacet
  facet normal 0 0 1
    outer loop
      vertex 138.799 69.7254 6.5
      vertex 137.985 68.2811 6.5
      vertex 139.906 64.7887 6.5
    endloop
  endfacet
  facet normal -0 0 1
    outer loop
      vertex 137.83 67.6111 6.5
      vertex 139.906 64.7887 6.5
      vertex 137.985 68.2811 6.5
    endloop
  endfacet
  facet normal -0 0 1
    outer loop
      vertex 137.643 66.8057 6.5
      vertex 139.906 64.7887 6.5
      vertex 137.83 67.6111 6.5
    endloop
  endfacet
  facet normal -0 0 1
    outer loop
      vertex 137.424 65.8649 6.5
      vertex 139.906 64.7887 6.5
      vertex 137.643 66.8057 6.5
    endloop
  endfacet
  facet normal 0 0 1
    outer loop
      vertex 137.172 64.7887 6.5
      vertex 139.906 64.7887 6.5
      vertex 137.424 65.8649 6.5
    endloop
  endfacet
  facet normal -0 0 1
    outer loop
      vertex 132.685 64.7887 6.5
      vertex 160.55 40.5 6.5
      vertex 135.381 64.7887 6.5
    endloop
  endfacet
  facet normal 0 0 1
    outer loop
      vertex 160.55 40.5 6.5
      vertex 106.3 40.5 6.5
      vertex 160.55 19.9 6.5
    endloop
  endfacet
  facet normal 0 0 1
    outer loop
      vertex 133.895 70.2896 6.5
      vertex 134.105 70.4836 6.5
      vertex 134.03 70.9189 6.5
    endloop
  endfacet
  facet normal -0 0 1
    outer loop
      vertex 133.895 70.2896 6.5
      vertex 134.173 70.0952 6.5
      vertex 134.105 70.4836 6.5
    endloop
  endfacet
  facet normal 0 0 1
    outer loop
      vertex 133.895 70.2896 6.5
      vertex 134.234 69.7538 6.5
      vertex 134.173 70.0952 6.5
    endloop
  endfacet
  facet normal 0 0 1
    outer loop
      vertex 133.607 69.0419 6.5
      vertex 134.234 69.7538 6.5
      vertex 133.895 70.2896 6.5
    endloop
  endfacet
  facet normal 0 0 1
    outer loop
      vertex 134.234 69.7538 6.5
      vertex 133.607 69.0419 6.5
      vertex 134.289 69.4593 6.5
    endloop
  endfacet
  facet normal 0 0 1
    outer loop
      vertex 134.289 69.4593 6.5
      vertex 133.607 69.0419 6.5
      vertex 134.338 69.2117 6.5
    endloop
  endfacet
  facet normal 0 0 1
    outer loop
      vertex 134.338 69.2117 6.5
      vertex 133.607 69.0419 6.5
      vertex 134.38 69.0111 6.5
    endloop
  endfacet
  facet normal 0 0 1
    outer loop
      vertex 134.38 69.0111 6.5
      vertex 133.607 69.0419 6.5
      vertex 134.416 68.8575 6.5
    endloop
  endfacet
  facet normal 0 0 1
    outer loop
      vertex 132.685 64.7887 6.5
      vertex 134.416 68.8575 6.5
      vertex 133.607 69.0419 6.5
    endloop
  endfacet
  facet normal 0 0 1
    outer loop
      vertex 134.416 68.8575 6.5
      vertex 132.685 64.7887 6.5
      vertex 135.381 64.7887 6.5
    endloop
  endfacet
  facet normal 0 0 1
    outer loop
      vertex 160.55 40.5 6.5
      vertex 132.685 64.7887 6.5
      vertex 106.3 40.5 6.5
    endloop
  endfacet
  facet normal 0 0 1
    outer loop
      vertex 106.3 40.5 6.5
      vertex 132.685 64.7887 6.5
      vertex 131.063 64.7887 6.5
    endloop
  endfacet
  facet normal 0 0 1
    outer loop
      vertex 130.554 64.7887 6.5
      vertex 131.063 64.7887 6.5
      vertex 130.554 72.4325 6.5
    endloop
  endfacet
  facet normal 0 0 1
    outer loop
      vertex 106.3 40.5 6.5
      vertex 131.063 64.7887 6.5
      vertex 130.554 64.7887 6.5
    endloop
  endfacet
  facet normal 0 0 1
    outer loop
      vertex 106.3 40.5 6.5
      vertex 130.554 64.7887 6.5
      vertex 126.735 64.7887 6.5
    endloop
  endfacet
  facet normal 0 0 1
    outer loop
      vertex 106.3 40.5 6.5
      vertex 126.735 64.7887 6.5
      vertex 126.357 64.8007 6.5
    endloop
  endfacet
  facet normal 0 0 1
    outer loop
      vertex 106.3 40.5 6.5
      vertex 126.357 64.8007 6.5
      vertex 126.005 64.8367 6.5
    endloop
  endfacet
  facet normal 0 0 1
    outer loop
      vertex 106.3 52.9 6.5
      vertex 126.005 64.8367 6.5
      vertex 125.678 64.8968 6.5
    endloop
  endfacet
  facet normal 0 0 1
    outer loop
      vertex 106.3 52.9 6.5
      vertex 125.678 64.8968 6.5
      vertex 125.376 64.9809 6.5
    endloop
  endfacet
  facet normal 0 0 1
    outer loop
      vertex 106.3 52.9 6.5
      vertex 125.376 64.9809 6.5
      vertex 125.1 65.089 6.5
    endloop
  endfacet
  facet normal 0 0 1
    outer loop
      vertex 106.3 52.9 6.5
      vertex 125.1 65.089 6.5
      vertex 124.85 65.2211 6.5
    endloop
  endfacet
  facet normal 0 0 1
    outer loop
      vertex 106.3 52.9 6.5
      vertex 124.85 65.2211 6.5
      vertex 124.625 65.3773 6.5
    endloop
  endfacet
  facet normal 0 0 1
    outer loop
      vertex 106.3 52.9 6.5
      vertex 124.625 65.3773 6.5
      vertex 124.427 65.5559 6.5
    endloop
  endfacet
  facet normal 0 0 1
    outer loop
      vertex 106.3 52.9 6.5
      vertex 124.427 65.5559 6.5
      vertex 124.261 65.7555 6.5
    endloop
  endfacet
  facet normal 0 0 1
    outer loop
      vertex 123.891 67.2921 6.5
      vertex 106.3 75.5 6.5
      vertex 123.881 67.0671 6.5
    endloop
  endfacet
  facet normal -0 0 1
    outer loop
      vertex 106.3 75.5 6.5
      vertex 123.502 72.4325 6.5
      vertex 106.3 87.9 6.5
    endloop
  endfacet
  facet normal 0 0 1
    outer loop
      vertex 123.881 67.0671 6.5
      vertex 106.3 75.5 6.5
      vertex 123.896 66.763 6.5
    endloop
  endfacet
  facet normal 0 0 1
    outer loop
      vertex 123.896 66.763 6.5
      vertex 106.3 75.5 6.5
      vertex 123.942 66.4797 6.5
    endloop
  endfacet
  facet normal 0 0 1
    outer loop
      vertex 106.3 52.9 6.5
      vertex 123.942 66.4797 6.5
      vertex 106.3 75.5 6.5
    endloop
  endfacet
  facet normal 0 0 1
    outer loop
      vertex 123.942 66.4797 6.5
      vertex 106.3 52.9 6.5
      vertex 124.018 66.2174 6.5
    endloop
  endfacet
  facet normal 0 0 1
    outer loop
      vertex 124.018 66.2174 6.5
      vertex 106.3 52.9 6.5
      vertex 124.124 65.976 6.5
    endloop
  endfacet
  facet normal 0 0 1
    outer loop
      vertex 124.124 65.976 6.5
      vertex 106.3 52.9 6.5
      vertex 124.261 65.7555 6.5
    endloop
  endfacet
  facet normal 0 0 1
    outer loop
      vertex 126.005 64.8367 6.5
      vertex 106.3 52.9 6.5
      vertex 106.3 40.5 6.5
    endloop
  endfacet
  facet normal 0 0 1
    outer loop
      vertex 106.3 19.9 6.5
      vertex 160.55 19.9 6.5
      vertex 106.3 40.5 6.5
    endloop
  endfacet
  facet normal 0 0 1
    outer loop
      vertex 160.55 19.9 6.5
      vertex 106.3 19.9 6.5
      vertex 160.55 7.49999 6.5
    endloop
  endfacet
  facet normal 0 0 1
    outer loop
      vertex 106.3 7.49999 6.5
      vertex 160.55 7.49999 6.5
      vertex 106.3 19.9 6.5
    endloop
  endfacet
  facet normal 0 0 1
    outer loop
      vertex 102.1 1.49999 6.5
      vertex 160.55 7.49999 6.5
      vertex 106.3 7.49999 6.5
    endloop
  endfacet
  facet normal 0 0 1
    outer loop
      vertex 102.1 1.49999 6.5
      vertex 106.3 7.49999 6.5
      vertex 102.1 7.49999 6.5
    endloop
  endfacet
  facet normal 0 0 1
    outer loop
      vertex 160.55 7.49999 6.5
      vertex 102.1 1.49999 6.5
      vertex 165 1.49999 6.5
    endloop
  endfacet
  facet normal 0 0 1
    outer loop
      vertex 100.9 87.9 6.5
      vertex 100.7 86.7 6.5
      vertex 100.9 86.2 6.5
    endloop
  endfacet
  facet normal 0 0 1
    outer loop
      vertex 100.7 86.7 6.5
      vertex 85.5 86.2 6.5
      vertex 100.9 86.2 6.5
    endloop
  endfacet
  facet normal -0 0 1
    outer loop
      vertex 22.5 86.7 6.5
      vertex 85.5 86.2 6.5
      vertex 100.7 86.7 6.5
    endloop
  endfacet
  facet normal 0 0 1
    outer loop
      vertex 85.5 86.2 6.5
      vertex 22.5 86.7 6.5
      vertex 23.5 86.2 6.5
    endloop
  endfacet
  facet normal 0 0 1
    outer loop
      vertex 23.5 86.2 6.5
      vertex 22.5 86.7 6.5
      vertex 23.1084 86.2257 6.5
    endloop
  endfacet
  facet normal 0 0 1
    outer loop
      vertex 23.1084 86.2257 6.5
      vertex 22.5 86.7 6.5
      vertex 22.7235 86.3022 6.5
    endloop
  endfacet
  facet normal 0 0 1
    outer loop
      vertex 22.5 86.7 6.5
      vertex 22.3519 86.4284 6.5
      vertex 22.7235 86.3022 6.5
    endloop
  endfacet
  facet normal 0 0 1
    outer loop
      vertex 20.5 89.6836 6.5
      vertex 22.5 89.7 6.5
      vertex 20.5 94.7164 6.5
    endloop
  endfacet
  facet normal -0 0 1
    outer loop
      vertex 21.6737 99.0801 6.5
      vertex 22.5 97 6.5
      vertex 22 99.2981 6.5
    endloop
  endfacet
  facet normal 0 0 1
    outer loop
      vertex 20.5 89.2 6.5
      vertex 22.5 89.7 6.5
      vertex 20.5 89.6836 6.5
    endloop
  endfacet
  facet normal -0 0 1
    outer loop
      vertex 21.3787 98.8213 6.5
      vertex 22.5 97 6.5
      vertex 21.6737 99.0801 6.5
    endloop
  endfacet
  facet normal 0 -0 1
    outer loop
      vertex 20.5257 88.8084 6.5
      vertex 22.5 89.7 6.5
      vertex 20.5 89.2 6.5
    endloop
  endfacet
  facet normal -0 0 1
    outer loop
      vertex 21.1199 98.5263 6.5
      vertex 22.5 97 6.5
      vertex 21.3787 98.8213 6.5
    endloop
  endfacet
  facet normal 0 -0 1
    outer loop
      vertex 20.6022 88.4235 6.5
      vertex 22.5 89.7 6.5
      vertex 20.5257 88.8084 6.5
    endloop
  endfacet
  facet normal -0 0 1
    outer loop
      vertex 20.9019 98.2 6.5
      vertex 22.5 97 6.5
      vertex 21.1199 98.5263 6.5
    endloop
  endfacet
  facet normal 0 0 1
    outer loop
      vertex 22.5 86.7 6.5
      vertex 22 86.6019 6.5
      vertex 22.3519 86.4284 6.5
    endloop
  endfacet
  facet normal -0 0 1
    outer loop
      vertex 20.7284 97.8481 6.5
      vertex 22.5 97 6.5
      vertex 20.9019 98.2 6.5
    endloop
  endfacet
  facet normal 0 0 1
    outer loop
      vertex 22.5 86.7 6.5
      vertex 21.6737 86.8199 6.5
      vertex 22 86.6019 6.5
    endloop
  endfacet
  facet normal -0 0 1
    outer loop
      vertex 20.6022 97.4765 6.5
      vertex 22.5 97 6.5
      vertex 20.7284 97.8481 6.5
    endloop
  endfacet
  facet normal 0 0 1
    outer loop
      vertex 22.5 86.7 6.5
      vertex 21.3787 87.0787 6.5
      vertex 21.6737 86.8199 6.5
    endloop
  endfacet
  facet normal -0 0 1
    outer loop
      vertex 20.5257 97.0916 6.5
      vertex 22.5 97 6.5
      vertex 20.6022 97.4765 6.5
    endloop
  endfacet
  facet normal 0 0 1
    outer loop
      vertex 22.5 89.7 6.5
      vertex 21.3787 87.0787 6.5
      vertex 22.5 86.7 6.5
    endloop
  endfacet
  facet normal 0 0 1
    outer loop
      vertex 22.5 97 6.5
      vertex 20.5257 97.0916 6.5
      vertex 20.5 96.7 6.5
    endloop
  endfacet
  facet normal 0 -0 1
    outer loop
      vertex 21.3787 87.0787 6.5
      vertex 22.5 89.7 6.5
      vertex 21.1199 87.3737 6.5
    endloop
  endfacet
  facet normal 0 0 1
    outer loop
      vertex 22.5 97 6.5
      vertex 20.5 96.7 6.5
      vertex 20.5 94.7164 6.5
    endloop
  endfacet
  facet normal 0 -0 1
    outer loop
      vertex 21.1199 87.3737 6.5
      vertex 22.5 89.7 6.5
      vertex 20.9019 87.7 6.5
    endloop
  endfacet
  facet normal 0 -0 1
    outer loop
      vertex 20.9019 87.7 6.5
      vertex 22.5 89.7 6.5
      vertex 20.7284 88.0519 6.5
    endloop
  endfacet
  facet normal 0 -0 1
    outer loop
      vertex 20.7284 88.0519 6.5
      vertex 22.5 89.7 6.5
      vertex 20.6022 88.4235 6.5
    endloop
  endfacet
  facet normal 0 0 1
    outer loop
      vertex 128.954 68.2878 6.5
      vertex 126.903 66.031 6.5
      vertex 128.954 66.031 6.5
    endloop
  endfacet
  facet normal -0 0 1
    outer loop
      vertex 126.86 68.2878 6.5
      vertex 126.903 66.031 6.5
      vertex 128.954 68.2878 6.5
    endloop
  endfacet
  facet normal -0 0 1
    outer loop
      vertex 126.674 68.2816 6.5
      vertex 126.903 66.031 6.5
      vertex 126.86 68.2878 6.5
    endloop
  endfacet
  facet normal 0 0 1
    outer loop
      vertex 126.674 68.2816 6.5
      vertex 126.529 66.0535 6.5
      vertex 126.903 66.031 6.5
    endloop
  endfacet
  facet normal -0 0 1
    outer loop
      vertex 126.502 68.263 6.5
      vertex 126.529 66.0535 6.5
      vertex 126.674 68.2816 6.5
    endloop
  endfacet
  facet normal -0 0 1
    outer loop
      vertex 126.343 68.232 6.5
      vertex 126.529 66.0535 6.5
      vertex 126.502 68.263 6.5
    endloop
  endfacet
  facet normal 0 0 1
    outer loop
      vertex 126.343 68.232 6.5
      vertex 126.212 66.1209 6.5
      vertex 126.529 66.0535 6.5
    endloop
  endfacet
  facet normal 0 0 1
    outer loop
      vertex 125.5 67.2838 6.5
      vertex 126.343 68.232 6.5
      vertex 126.197 68.1886 6.5
    endloop
  endfacet
  facet normal 0 0 1
    outer loop
      vertex 125.5 67.2838 6.5
      vertex 126.197 68.1886 6.5
      vertex 126.065 68.1328 6.5
    endloop
  endfacet
  facet normal 0 0 1
    outer loop
      vertex 126.343 68.232 6.5
      vertex 125.493 67.1323 6.5
      vertex 126.212 66.1209 6.5
    endloop
  endfacet
  facet normal 0 0 1
    outer loop
      vertex 125.521 67.4254 6.5
      vertex 126.065 68.1328 6.5
      vertex 125.946 68.0646 6.5
    endloop
  endfacet
  facet normal 0 0 1
    outer loop
      vertex 125.521 67.4254 6.5
      vertex 125.946 68.0646 6.5
      vertex 125.84 67.984 6.5
    endloop
  endfacet
  facet normal -0 -0 1
    outer loop
      vertex 125.521 66.8401 6.5
      vertex 126.212 66.1209 6.5
      vertex 125.493 67.1323 6.5
    endloop
  endfacet
  facet normal 0 0 1
    outer loop
      vertex 125.521 67.4254 6.5
      vertex 125.84 67.984 6.5
      vertex 125.748 67.8922 6.5
    endloop
  endfacet
  facet normal 0 0 1
    outer loop
      vertex 125.521 67.4254 6.5
      vertex 125.748 67.8922 6.5
      vertex 125.67 67.7905 6.5
    endloop
  endfacet
  facet normal 0 0 1
    outer loop
      vertex 126.212 66.1209 6.5
      vertex 125.521 66.8401 6.5
      vertex 125.953 66.2333 6.5
    endloop
  endfacet
  facet normal 0 0 1
    outer loop
      vertex 125.521 67.4254 6.5
      vertex 125.67 67.7905 6.5
      vertex 125.606 67.6788 6.5
    endloop
  endfacet
  facet normal 0 0 1
    outer loop
      vertex 125.521 67.4254 6.5
      vertex 125.606 67.6788 6.5
      vertex 125.556 67.5571 6.5
    endloop
  endfacet
  facet normal 0 0 1
    outer loop
      vertex 125.953 66.2333 6.5
      vertex 125.521 66.8401 6.5
      vertex 125.752 66.3906 6.5
    endloop
  endfacet
  facet normal 0 0 1
    outer loop
      vertex 126.065 68.1328 6.5
      vertex 125.521 67.4254 6.5
      vertex 125.5 67.2838 6.5
    endloop
  endfacet
  facet normal 0 0 1
    outer loop
      vertex 126.343 68.232 6.5
      vertex 125.5 67.2838 6.5
      vertex 125.493 67.1323 6.5
    endloop
  endfacet
  facet normal 0 0 1
    outer loop
      vertex 125.752 66.3906 6.5
      vertex 125.521 66.8401 6.5
      vertex 125.608 66.5929 6.5
    endloop
  endfacet
  facet normal 0 0 -1
    outer loop
      vertex 14.5 88.7 0
      vertex 20.5 94.7164 0
      vertex 20.5 89.6836 0
    endloop
  endfacet
  facet normal -0 0 -1
    outer loop
      vertex 20.5 94.7164 0
      vertex 14.5 88.7 0
      vertex 14.5 95.7 0
    endloop
  endfacet
  facet normal 0 0 -1
    outer loop
      vertex 100.9 52.9 0
      vertex 106.3 75.5 0
      vertex 106.3 52.9 0
    endloop
  endfacet
  facet normal -0 0 -1
    outer loop
      vertex 106.3 75.5 0
      vertex 100.9 52.9 0
      vertex 100.9 75.5 0
    endloop
  endfacet
  facet normal 0 0 -1
    outer loop
      vertex 100.9 19.9 0
      vertex 106.3 40.5 0
      vertex 106.3 19.9 0
    endloop
  endfacet
  facet normal -0 0 -1
    outer loop
      vertex 106.3 40.5 0
      vertex 100.9 19.9 0
      vertex 100.9 40.5 0
    endloop
  endfacet
  facet normal 0 0 -1
    outer loop
      vertex 160.55 52.9 0
      vertex 165.95 75.5 0
      vertex 165.95 52.9 0
    endloop
  endfacet
  facet normal -0 0 -1
    outer loop
      vertex 165.95 75.5 0
      vertex 160.55 52.9 0
      vertex 160.55 75.5 0
    endloop
  endfacet
  facet normal 0 0 -1
    outer loop
      vertex 160.55 19.9 0
      vertex 165.95 40.5 0
      vertex 165.95 19.9 0
    endloop
  endfacet
  facet normal -0 0 -1
    outer loop
      vertex 165.95 40.5 0
      vertex 160.55 19.9 0
      vertex 160.55 40.5 0
    endloop
  endfacet
  facet normal 0 0 -1
    outer loop
      vertex 165.95 7.49999 0
      vertex 168 4.49999 0
      vertex 167.974 4.10842 0
    endloop
  endfacet
  facet normal 0 0 -1
    outer loop
      vertex 165.95 52.9 0
      vertex 168 4.49999 0
      vertex 165.95 40.5 0
    endloop
  endfacet
  facet normal 0 0 -1
    outer loop
      vertex 165.95 7.49999 0
      vertex 167.974 4.10842 0
      vertex 167.898 3.72353 0
    endloop
  endfacet
  facet normal 0 0 -1
    outer loop
      vertex 168 4.49999 0
      vertex 165.95 52.9 0
      vertex 168 96.7 0
    endloop
  endfacet
  facet normal 0 0 -1
    outer loop
      vertex 165.95 7.49999 0
      vertex 167.898 3.72353 0
      vertex 167.772 3.35193 0
    endloop
  endfacet
  facet normal 0 0 -1
    outer loop
      vertex 165.95 75.5 0
      vertex 168 96.7 0
      vertex 165.95 52.9 0
    endloop
  endfacet
  facet normal 0 0 -1
    outer loop
      vertex 165.95 7.49999 0
      vertex 167.772 3.35193 0
      vertex 167.598 2.99999 0
    endloop
  endfacet
  facet normal 0 0 -1
    outer loop
      vertex 165.95 87.9 0
      vertex 168 96.7 0
      vertex 165.95 75.5 0
    endloop
  endfacet
  facet normal 0 0 -1
    outer loop
      vertex 165.95 7.49999 0
      vertex 167.598 2.99999 0
      vertex 167.38 2.67371 0
    endloop
  endfacet
  facet normal 0 0 -1
    outer loop
      vertex 160.55 87.9 0
      vertex 168 96.7 0
      vertex 165.95 87.9 0
    endloop
  endfacet
  facet normal 0 0 -1
    outer loop
      vertex 165.95 7.49999 0
      vertex 167.38 2.67371 0
      vertex 167.121 2.37867 0
    endloop
  endfacet
  facet normal 0 -0 -1
    outer loop
      vertex 165 99.7 0
      vertex 168 96.7 0
      vertex 160.55 87.9 0
    endloop
  endfacet
  facet normal 0 0 -1
    outer loop
      vertex 165.95 7.49999 0
      vertex 167.121 2.37867 0
      vertex 166.826 2.11992 0
    endloop
  endfacet
  facet normal 0 0 -1
    outer loop
      vertex 168 96.7 0
      vertex 165 99.7 0
      vertex 167.974 97.0916 0
    endloop
  endfacet
  facet normal 0 0 -1
    outer loop
      vertex 165.95 7.49999 0
      vertex 166.826 2.11992 0
      vertex 166.5 1.9019 0
    endloop
  endfacet
  facet normal 0 0 -1
    outer loop
      vertex 167.974 97.0916 0
      vertex 165 99.7 0
      vertex 167.898 97.4765 0
    endloop
  endfacet
  facet normal 0 0 -1
    outer loop
      vertex 165.95 7.49999 0
      vertex 166.5 1.9019 0
      vertex 166.148 1.72835 0
    endloop
  endfacet
  facet normal 0 0 -1
    outer loop
      vertex 168 4.49999 0
      vertex 165.95 19.9 0
      vertex 165.95 40.5 0
    endloop
  endfacet
  facet normal 0 0 -1
    outer loop
      vertex 168 4.49999 0
      vertex 165.95 7.49999 0
      vertex 165.95 19.9 0
    endloop
  endfacet
  facet normal 0 0 -1
    outer loop
      vertex 165.776 1.60221 0
      vertex 165.95 7.49999 0
      vertex 166.148 1.72835 0
    endloop
  endfacet
  facet normal 0 0 -1
    outer loop
      vertex 165.392 1.52565 0
      vertex 165.95 7.49999 0
      vertex 165.776 1.60221 0
    endloop
  endfacet
  facet normal 0 0 -1
    outer loop
      vertex 165 1.49999 0
      vertex 165.95 7.49999 0
      vertex 165.392 1.52565 0
    endloop
  endfacet
  facet normal 0 0 -1
    outer loop
      vertex 165 1.49999 0
      vertex 160.55 7.49999 0
      vertex 165.95 7.49999 0
    endloop
  endfacet
  facet normal 0 0 -1
    outer loop
      vertex 106.3 19.9 0
      vertex 160.55 19.9 0
      vertex 160.55 7.49999 0
    endloop
  endfacet
  facet normal 0 0 -1
    outer loop
      vertex 160.55 19.9 0
      vertex 106.3 19.9 0
      vertex 160.55 40.5 0
    endloop
  endfacet
  facet normal 0 0 -1
    outer loop
      vertex 160.55 40.5 0
      vertex 106.3 40.5 0
      vertex 160.55 52.9 0
    endloop
  endfacet
  facet normal 0 0 -1
    outer loop
      vertex 106.3 52.9 0
      vertex 160.55 52.9 0
      vertex 106.3 40.5 0
    endloop
  endfacet
  facet normal 0 0 -1
    outer loop
      vertex 106.3 19.9 0
      vertex 160.55 7.49999 0
      vertex 106.3 7.49999 0
    endloop
  endfacet
  facet normal 0 0 -1
    outer loop
      vertex 165 1.49999 0
      vertex 106.3 7.49999 0
      vertex 160.55 7.49999 0
    endloop
  endfacet
  facet normal 0 0 -1
    outer loop
      vertex 88.5 1.49999 0
      vertex 106.3 7.49999 0
      vertex 165 1.49999 0
    endloop
  endfacet
  facet normal 0 0 -1
    outer loop
      vertex 85.5 4.49999 0
      vertex 100.9 19.9 0
      vertex 100.9 7.49999 0
    endloop
  endfacet
  facet normal -0 0 -1
    outer loop
      vertex 100.9 19.9 0
      vertex 85.5 4.49999 0
      vertex 100.9 40.5 0
    endloop
  endfacet
  facet normal 0 0 -1
    outer loop
      vertex 85.5 86.2 0
      vertex 100.9 40.5 0
      vertex 85.5 4.49999 0
    endloop
  endfacet
  facet normal 0 0 -1
    outer loop
      vertex 100.9 40.5 0
      vertex 85.5 86.2 0
      vertex 100.9 52.9 0
    endloop
  endfacet
  facet normal 0 0 -1
    outer loop
      vertex 85.5 4.49999 0
      vertex 100.9 7.49999 0
      vertex 88.5 1.49999 0
    endloop
  endfacet
  facet normal -0 0 -1
    outer loop
      vertex 106.3 7.49999 0
      vertex 88.5 1.49999 0
      vertex 100.9 7.49999 0
    endloop
  endfacet
  facet normal 0 0 -1
    outer loop
      vertex 167.772 97.8481 0
      vertex 165 99.7 0
      vertex 167.598 98.2 0
    endloop
  endfacet
  facet normal 0 0 -1
    outer loop
      vertex 167.598 98.2 0
      vertex 165 99.7 0
      vertex 167.38 98.5263 0
    endloop
  endfacet
  facet normal 0 0 -1
    outer loop
      vertex 167.38 98.5263 0
      vertex 165 99.7 0
      vertex 167.121 98.8213 0
    endloop
  endfacet
  facet normal 0 0 -1
    outer loop
      vertex 167.121 98.8213 0
      vertex 165 99.7 0
      vertex 166.826 99.0801 0
    endloop
  endfacet
  facet normal 0 0 -1
    outer loop
      vertex 166.826 99.0801 0
      vertex 165 99.7 0
      vertex 166.5 99.2981 0
    endloop
  endfacet
  facet normal 0 0 -1
    outer loop
      vertex 166.5 99.2981 0
      vertex 165 99.7 0
      vertex 166.148 99.4716 0
    endloop
  endfacet
  facet normal 0 0 -1
    outer loop
      vertex 166.148 99.4716 0
      vertex 165 99.7 0
      vertex 165.776 99.5978 0
    endloop
  endfacet
  facet normal 0 0 -1
    outer loop
      vertex 165.776 99.5978 0
      vertex 165 99.7 0
      vertex 165.392 99.6743 0
    endloop
  endfacet
  facet normal 0 0 -1
    outer loop
      vertex 167.898 97.4765 0
      vertex 165 99.7 0
      vertex 167.772 97.8481 0
    endloop
  endfacet
  facet normal -0 0 -1
    outer loop
      vertex 160.55 40.5 0
      vertex 106.3 19.9 0
      vertex 106.3 40.5 0
    endloop
  endfacet
  facet normal 0 0 -1
    outer loop
      vertex 160.55 52.9 0
      vertex 106.3 52.9 0
      vertex 160.55 75.5 0
    endloop
  endfacet
  facet normal 0 0 -1
    outer loop
      vertex 106.3 75.5 0
      vertex 160.55 75.5 0
      vertex 106.3 52.9 0
    endloop
  endfacet
  facet normal 0 0 -1
    outer loop
      vertex 160.55 75.5 0
      vertex 106.3 75.5 0
      vertex 160.55 87.9 0
    endloop
  endfacet
  facet normal 0 0 -1
    outer loop
      vertex 106.3 87.9 0
      vertex 160.55 87.9 0
      vertex 106.3 75.5 0
    endloop
  endfacet
  facet normal 0 0 -1
    outer loop
      vertex 160.55 87.9 0
      vertex 106.3 87.9 0
      vertex 165 99.7 0
    endloop
  endfacet
  facet normal 0 0 -1
    outer loop
      vertex 100.9 87.9 0
      vertex 165 99.7 0
      vertex 106.3 87.9 0
    endloop
  endfacet
  facet normal 0 0 -1
    outer loop
      vertex 85.5 4.49999 0
      vertex 88.5 1.49999 0
      vertex 88.1084 1.52565 0
    endloop
  endfacet
  facet normal 0 0 -1
    outer loop
      vertex 85.5 4.49999 0
      vertex 88.1084 1.52565 0
      vertex 87.7235 1.60221 0
    endloop
  endfacet
  facet normal 0 0 -1
    outer loop
      vertex 85.5 4.49999 0
      vertex 87.7235 1.60221 0
      vertex 87.3519 1.72835 0
    endloop
  endfacet
  facet normal 0 0 -1
    outer loop
      vertex 85.5 4.49999 0
      vertex 87.3519 1.72835 0
      vertex 87 1.9019 0
    endloop
  endfacet
  facet normal 0 0 -1
    outer loop
      vertex 85.5 4.49999 0
      vertex 87 1.9019 0
      vertex 86.6737 2.11992 0
    endloop
  endfacet
  facet normal 0 0 -1
    outer loop
      vertex 85.5 4.49999 0
      vertex 86.6737 2.11992 0
      vertex 86.3787 2.37867 0
    endloop
  endfacet
  facet normal 0 0 -1
    outer loop
      vertex 85.5 4.49999 0
      vertex 86.3787 2.37867 0
      vertex 86.1199 2.67371 0
    endloop
  endfacet
  facet normal 0 0 -1
    outer loop
      vertex 85.5 4.49999 0
      vertex 86.1199 2.67371 0
      vertex 85.9019 2.99999 0
    endloop
  endfacet
  facet normal 0 0 -1
    outer loop
      vertex 85.5 4.49999 0
      vertex 85.9019 2.99999 0
      vertex 85.7284 3.35193 0
    endloop
  endfacet
  facet normal 0 0 -1
    outer loop
      vertex 85.5 4.49999 0
      vertex 85.7284 3.35193 0
      vertex 85.6022 3.72353 0
    endloop
  endfacet
  facet normal 0 0 -1
    outer loop
      vertex 85.5 4.49999 0
      vertex 85.6022 3.72353 0
      vertex 85.5257 4.10842 0
    endloop
  endfacet
  facet normal 0 0 -1
    outer loop
      vertex 100.9 52.9 0
      vertex 85.5 86.2 0
      vertex 100.9 75.5 0
    endloop
  endfacet
  facet normal 0 0 -1
    outer loop
      vertex 100.9 75.5 0
      vertex 85.5 86.2 0
      vertex 100.9 87.9 0
    endloop
  endfacet
  facet normal 0 0 -1
    outer loop
      vertex 23.5 99.7 0
      vertex 100.9 87.9 0
      vertex 85.5 86.2 0
    endloop
  endfacet
  facet normal 0 0 -1
    outer loop
      vertex 23.5 99.7 0
      vertex 85.5 86.2 0
      vertex 23.5 86.2 0
    endloop
  endfacet
  facet normal 0 0 -1
    outer loop
      vertex 100.9 87.9 0
      vertex 23.5 99.7 0
      vertex 165 99.7 0
    endloop
  endfacet
  facet normal 0 0 -1
    outer loop
      vertex 20.5 89.2 0
      vertex 23.5 86.2 0
      vertex 23.1084 86.2257 0
    endloop
  endfacet
  facet normal 0 0 -1
    outer loop
      vertex 23.5 86.2 0
      vertex 20.5 94.7164 0
      vertex 23.5 99.7 0
    endloop
  endfacet
  facet normal 0 0 -1
    outer loop
      vertex 20.5 89.2 0
      vertex 23.1084 86.2257 0
      vertex 22.7235 86.3022 0
    endloop
  endfacet
  facet normal 0 0 -1
    outer loop
      vertex 20.5 96.7 0
      vertex 23.5 99.7 0
      vertex 20.5 94.7164 0
    endloop
  endfacet
  facet normal 0 0 -1
    outer loop
      vertex 20.5 89.2 0
      vertex 22.7235 86.3022 0
      vertex 22.3519 86.4284 0
    endloop
  endfacet
  facet normal 0 0 -1
    outer loop
      vertex 23.5 99.7 0
      vertex 20.5 96.7 0
      vertex 23.1084 99.6743 0
    endloop
  endfacet
  facet normal 0 0 -1
    outer loop
      vertex 20.5 89.2 0
      vertex 22.3519 86.4284 0
      vertex 22 86.6019 0
    endloop
  endfacet
  facet normal 0 0 -1
    outer loop
      vertex 23.1084 99.6743 0
      vertex 20.5 96.7 0
      vertex 22.7235 99.5978 0
    endloop
  endfacet
  facet normal 0 0 -1
    outer loop
      vertex 20.5 89.2 0
      vertex 22 86.6019 0
      vertex 21.6737 86.8199 0
    endloop
  endfacet
  facet normal 0 0 -1
    outer loop
      vertex 22.7235 99.5978 0
      vertex 20.5 96.7 0
      vertex 22.3519 99.4716 0
    endloop
  endfacet
  facet normal 0 0 -1
    outer loop
      vertex 20.5 89.2 0
      vertex 21.6737 86.8199 0
      vertex 21.3787 87.0787 0
    endloop
  endfacet
  facet normal 0 0 -1
    outer loop
      vertex 22.3519 99.4716 0
      vertex 20.5 96.7 0
      vertex 22 99.2981 0
    endloop
  endfacet
  facet normal 0 0 -1
    outer loop
      vertex 20.5 89.2 0
      vertex 21.3787 87.0787 0
      vertex 21.1199 87.3737 0
    endloop
  endfacet
  facet normal 0 0 -1
    outer loop
      vertex 22 99.2981 0
      vertex 20.5 96.7 0
      vertex 21.6737 99.0801 0
    endloop
  endfacet
  facet normal 0 0 -1
    outer loop
      vertex 20.5 89.2 0
      vertex 21.1199 87.3737 0
      vertex 20.9019 87.7 0
    endloop
  endfacet
  facet normal 0 0 -1
    outer loop
      vertex 21.6737 99.0801 0
      vertex 20.5 96.7 0
      vertex 21.3787 98.8213 0
    endloop
  endfacet
  facet normal 0 0 -1
    outer loop
      vertex 20.5 89.2 0
      vertex 20.9019 87.7 0
      vertex 20.7284 88.0519 0
    endloop
  endfacet
  facet normal 0 0 -1
    outer loop
      vertex 21.3787 98.8213 0
      vertex 20.5 96.7 0
      vertex 21.1199 98.5263 0
    endloop
  endfacet
  facet normal 0 0 -1
    outer loop
      vertex 20.5 89.2 0
      vertex 20.7284 88.0519 0
      vertex 20.6022 88.4235 0
    endloop
  endfacet
  facet normal 0 0 -1
    outer loop
      vertex 21.1199 98.5263 0
      vertex 20.5 96.7 0
      vertex 20.9019 98.2 0
    endloop
  endfacet
  facet normal 0 0 -1
    outer loop
      vertex 20.5 89.2 0
      vertex 20.6022 88.4235 0
      vertex 20.5257 88.8084 0
    endloop
  endfacet
  facet normal 0 0 -1
    outer loop
      vertex 20.9019 98.2 0
      vertex 20.5 96.7 0
      vertex 20.7284 97.8481 0
    endloop
  endfacet
  facet normal 0 0 -1
    outer loop
      vertex 23.5 86.2 0
      vertex 20.5 89.2 0
      vertex 20.5 89.6836 0
    endloop
  endfacet
  facet normal 0 0 -1
    outer loop
      vertex 23.5 86.2 0
      vertex 20.5 89.6836 0
      vertex 20.5 94.7164 0
    endloop
  endfacet
  facet normal 0 0 -1
    outer loop
      vertex 20.7284 97.8481 0
      vertex 20.5 96.7 0
      vertex 20.6022 97.4765 0
    endloop
  endfacet
  facet normal 0 0 -1
    outer loop
      vertex 20.6022 97.4765 0
      vertex 20.5 96.7 0
      vertex 20.5257 97.0916 0
    endloop
  endfacet
  facet normal 0.195379 0.980728 -0
    outer loop
      vertex 165.776 99.5978 0
      vertex 165.392 99.6743 6.5
      vertex 165.776 99.5978 6.5
    endloop
  endfacet
  facet normal 0.195379 0.980728 0
    outer loop
      vertex 165.392 99.6743 6.5
      vertex 165.776 99.5978 0
      vertex 165.392 99.6743 0
    endloop
  endfacet
  facet normal 0.321264 0.94699 -0
    outer loop
      vertex 166.148 99.4716 0
      vertex 165.776 99.5978 6.5
      vertex 166.148 99.4716 6.5
    endloop
  endfacet
  facet normal 0.321264 0.94699 0
    outer loop
      vertex 165.776 99.5978 6.5
      vertex 166.148 99.4716 0
      vertex 165.776 99.5978 0
    endloop
  endfacet
  facet normal 0.44211 0.896961 -0
    outer loop
      vertex 166.5 99.2981 0
      vertex 166.148 99.4716 6.5
      vertex 166.5 99.2981 6.5
    endloop
  endfacet
  facet normal 0.44211 0.896961 0
    outer loop
      vertex 166.148 99.4716 6.5
      vertex 166.5 99.2981 0
      vertex 166.148 99.4716 0
    endloop
  endfacet
  facet normal 0.555877 0.831265 -0
    outer loop
      vertex 166.826 99.0801 0
      vertex 166.5 99.2981 6.5
      vertex 166.826 99.0801 6.5
    endloop
  endfacet
  facet normal 0.555877 0.831265 0
    outer loop
      vertex 166.5 99.2981 6.5
      vertex 166.826 99.0801 0
      vertex 166.5 99.2981 0
    endloop
  endfacet
  facet normal 0.659478 0.751724 -0
    outer loop
      vertex 167.121 98.8213 0
      vertex 166.826 99.0801 6.5
      vertex 167.121 98.8213 6.5
    endloop
  endfacet
  facet normal 0.659478 0.751724 0
    outer loop
      vertex 166.826 99.0801 6.5
      vertex 167.121 98.8213 0
      vertex 166.826 99.0801 0
    endloop
  endfacet
  facet normal 0.751471 0.659766 1.46889e-18
    outer loop
      vertex 167.38 98.5263 6.5
      vertex 167.121 98.8213 0
      vertex 167.121 98.8213 6.5
    endloop
  endfacet
  facet normal 0.751471 0.659766 1.46889e-18
    outer loop
      vertex 167.121 98.8213 0
      vertex 167.38 98.5263 6.5
      vertex 167.38 98.5263 0
    endloop
  endfacet
  facet normal 0.831501 0.555523 5.45495e-19
    outer loop
      vertex 167.598 98.2 6.5
      vertex 167.38 98.5263 0
      vertex 167.38 98.5263 6.5
    endloop
  endfacet
  facet normal 0.831501 0.555523 5.45495e-19
    outer loop
      vertex 167.38 98.5263 0
      vertex 167.598 98.2 6.5
      vertex 167.598 98.2 0
    endloop
  endfacet
  facet normal 0.896405 0.443235 -7.02449e-19
    outer loop
      vertex 167.772 97.8481 6.5
      vertex 167.598 98.2 0
      vertex 167.598 98.2 6.5
    endloop
  endfacet
  facet normal 0.896405 0.443235 -7.02449e-19
    outer loop
      vertex 167.598 98.2 0
      vertex 167.772 97.8481 6.5
      vertex 167.772 97.8481 0
    endloop
  endfacet
  facet normal 0.94704 0.321117 3.58131e-19
    outer loop
      vertex 167.898 97.4765 6.5
      vertex 167.772 97.8481 0
      vertex 167.772 97.8481 6.5
    endloop
  endfacet
  facet normal 0.94704 0.321117 3.58131e-19
    outer loop
      vertex 167.772 97.8481 0
      vertex 167.898 97.4765 6.5
      vertex 167.898 97.4765 0
    endloop
  endfacet
  facet normal 0.981058 0.193714 -6.10333e-19
    outer loop
      vertex 167.974 97.0916 6.5
      vertex 167.898 97.4765 0
      vertex 167.898 97.4765 6.5
    endloop
  endfacet
  facet normal 0.981058 0.193714 -6.10333e-19
    outer loop
      vertex 167.898 97.4765 0
      vertex 167.974 97.0916 6.5
      vertex 167.974 97.0916 0
    endloop
  endfacet
  facet normal 0.997803 0.0662484 -2.00319e-19
    outer loop
      vertex 168 96.7 6.5
      vertex 167.974 97.0916 0
      vertex 167.974 97.0916 6.5
    endloop
  endfacet
  facet normal 0.997803 0.0662484 -2.00319e-19
    outer loop
      vertex 167.974 97.0916 0
      vertex 168 96.7 6.5
      vertex 168 96.7 0
    endloop
  endfacet
  facet normal 1 -0 0
    outer loop
      vertex 168 4.49999 6.5
      vertex 168 96.7 0
      vertex 168 96.7 6.5
    endloop
  endfacet
  facet normal 1 0 0
    outer loop
      vertex 168 96.7 0
      vertex 168 4.49999 6.5
      vertex 168 4.49999 0
    endloop
  endfacet
  facet normal 0.997803 -0.0662535 2.73183e-19
    outer loop
      vertex 167.974 4.10842 6.5
      vertex 168 4.49999 0
      vertex 168 4.49999 6.5
    endloop
  endfacet
  facet normal 0.997803 -0.0662535 2.73183e-19
    outer loop
      vertex 168 4.49999 0
      vertex 167.974 4.10842 6.5
      vertex 167.974 4.10842 0
    endloop
  endfacet
  facet normal 0.981057 -0.193719 -2.45411e-19
    outer loop
      vertex 167.898 3.72353 6.5
      vertex 167.974 4.10842 0
      vertex 167.974 4.10842 6.5
    endloop
  endfacet
  facet normal 0.981057 -0.193719 -2.45411e-19
    outer loop
      vertex 167.974 4.10842 0
      vertex 167.898 3.72353 6.5
      vertex 167.898 3.72353 0
    endloop
  endfacet
  facet normal 0.94704 -0.321117 -7.06371e-19
    outer loop
      vertex 167.772 3.35193 6.5
      vertex 167.898 3.72353 0
      vertex 167.898 3.72353 6.5
    endloop
  endfacet
  facet normal 0.94704 -0.321117 -7.06371e-19
    outer loop
      vertex 167.898 3.72353 0
      vertex 167.772 3.35193 6.5
      vertex 167.772 3.35193 0
    endloop
  endfacet
  facet normal 0.896425 -0.443195 1.05633e-18
    outer loop
      vertex 167.598 2.99999 6.5
      vertex 167.772 3.35193 0
      vertex 167.772 3.35193 6.5
    endloop
  endfacet
  facet normal 0.896425 -0.443195 1.05633e-18
    outer loop
      vertex 167.772 3.35193 0
      vertex 167.598 2.99999 6.5
      vertex 167.598 2.99999 0
    endloop
  endfacet
  facet normal 0.831485 -0.555547 -2.07745e-18
    outer loop
      vertex 167.38 2.67371 6.5
      vertex 167.598 2.99999 0
      vertex 167.598 2.99999 6.5
    endloop
  endfacet
  facet normal 0.831485 -0.555547 -2.07745e-18
    outer loop
      vertex 167.598 2.99999 0
      vertex 167.38 2.67371 6.5
      vertex 167.38 2.67371 0
    endloop
  endfacet
  facet normal 0.751515 -0.659716 1.5768e-18
    outer loop
      vertex 167.121 2.37867 6.5
      vertex 167.38 2.67371 0
      vertex 167.38 2.67371 6.5
    endloop
  endfacet
  facet normal 0.751515 -0.659716 1.5768e-18
    outer loop
      vertex 167.38 2.67371 0
      vertex 167.121 2.37867 6.5
      vertex 167.121 2.37867 0
    endloop
  endfacet
  facet normal 0.659406 -0.751787 0
    outer loop
      vertex 166.826 2.11992 0
      vertex 167.121 2.37867 6.5
      vertex 166.826 2.11992 6.5
    endloop
  endfacet
  facet normal 0.659406 -0.751787 0
    outer loop
      vertex 167.121 2.37867 6.5
      vertex 166.826 2.11992 0
      vertex 167.121 2.37867 0
    endloop
  endfacet
  facet normal 0.555912 -0.831241 0
    outer loop
      vertex 166.5 1.9019 0
      vertex 166.826 2.11992 6.5
      vertex 166.5 1.9019 6.5
    endloop
  endfacet
  facet normal 0.555912 -0.831241 0
    outer loop
      vertex 166.826 2.11992 6.5
      vertex 166.5 1.9019 0
      vertex 166.826 2.11992 0
    endloop
  endfacet
  facet normal 0.442212 -0.89691 0
    outer loop
      vertex 166.148 1.72835 0
      vertex 166.5 1.9019 6.5
      vertex 166.148 1.72835 6.5
    endloop
  endfacet
  facet normal 0.442212 -0.89691 0
    outer loop
      vertex 166.5 1.9019 6.5
      vertex 166.148 1.72835 0
      vertex 166.5 1.9019 0
    endloop
  endfacet
  facet normal 0.321127 -0.947036 0
    outer loop
      vertex 165.776 1.60221 0
      vertex 166.148 1.72835 6.5
      vertex 165.776 1.60221 6.5
    endloop
  endfacet
  facet normal 0.321127 -0.947036 0
    outer loop
      vertex 166.148 1.72835 6.5
      vertex 165.776 1.60221 0
      vertex 166.148 1.72835 0
    endloop
  endfacet
  facet normal 0.195527 -0.980698 0
    outer loop
      vertex 165.392 1.52565 0
      vertex 165.776 1.60221 6.5
      vertex 165.392 1.52565 6.5
    endloop
  endfacet
  facet normal 0.195527 -0.980698 0
    outer loop
      vertex 165.776 1.60221 6.5
      vertex 165.392 1.52565 0
      vertex 165.776 1.60221 0
    endloop
  endfacet
  facet normal 0.0653194 -0.997864 0
    outer loop
      vertex 165 1.49999 0
      vertex 165.392 1.52565 6.5
      vertex 165 1.49999 6.5
    endloop
  endfacet
  facet normal 0.0653194 -0.997864 0
    outer loop
      vertex 165.392 1.52565 6.5
      vertex 165 1.49999 0
      vertex 165.392 1.52565 0
    endloop
  endfacet
  facet normal 0 -1 0
    outer loop
      vertex 88.5 1.49999 3
      vertex 88.5 1.49999 0
      vertex 102.1 1.49999 3
    endloop
  endfacet
  facet normal 0 -1 0
    outer loop
      vertex 102.1 1.49999 3
      vertex 165 1.49999 6.5
      vertex 102.1 1.49999 6.5
    endloop
  endfacet
  facet normal 0 -1 0
    outer loop
      vertex 165 1.49999 0
      vertex 102.1 1.49999 3
      vertex 88.5 1.49999 0
    endloop
  endfacet
  facet normal 0 -1 0
    outer loop
      vertex 102.1 1.49999 3
      vertex 165 1.49999 0
      vertex 165 1.49999 6.5
    endloop
  endfacet
  facet normal -0.0653858 -0.99786 0
    outer loop
      vertex 88.1084 1.52565 0
      vertex 88.5 1.49999 3
      vertex 88.1084 1.52565 3
    endloop
  endfacet
  facet normal -0.0653858 -0.99786 -0
    outer loop
      vertex 88.5 1.49999 3
      vertex 88.1084 1.52565 0
      vertex 88.5 1.49999 0
    endloop
  endfacet
  facet normal -0.195087 -0.980786 0
    outer loop
      vertex 87.7235 1.60221 0
      vertex 88.1084 1.52565 3
      vertex 87.7235 1.60221 3
    endloop
  endfacet
  facet normal -0.195087 -0.980786 -0
    outer loop
      vertex 88.1084 1.52565 3
      vertex 87.7235 1.60221 0
      vertex 88.1084 1.52565 0
    endloop
  endfacet
  facet normal -0.321437 -0.946931 0
    outer loop
      vertex 87.3519 1.72835 0
      vertex 87.7235 1.60221 3
      vertex 87.3519 1.72835 3
    endloop
  endfacet
  facet normal -0.321437 -0.946931 -0
    outer loop
      vertex 87.7235 1.60221 3
      vertex 87.3519 1.72835 0
      vertex 87.7235 1.60221 0
    endloop
  endfacet
  facet normal -0.442314 -0.89686 0
    outer loop
      vertex 87 1.9019 0
      vertex 87.3519 1.72835 3
      vertex 87 1.9019 3
    endloop
  endfacet
  facet normal -0.442314 -0.89686 -0
    outer loop
      vertex 87.3519 1.72835 3
      vertex 87 1.9019 0
      vertex 87.3519 1.72835 0
    endloop
  endfacet
  facet normal -0.555558 -0.831477 0
    outer loop
      vertex 86.6737 2.11992 0
      vertex 87 1.9019 3
      vertex 86.6737 2.11992 3
    endloop
  endfacet
  facet normal -0.555558 -0.831477 -0
    outer loop
      vertex 87 1.9019 3
      vertex 86.6737 2.11992 0
      vertex 87 1.9019 0
    endloop
  endfacet
  facet normal -0.659406 -0.751787 0
    outer loop
      vertex 86.3787 2.37867 0
      vertex 86.6737 2.11992 3
      vertex 86.3787 2.37867 3
    endloop
  endfacet
  facet normal -0.659406 -0.751787 -0
    outer loop
      vertex 86.6737 2.11992 3
      vertex 86.3787 2.37867 0
      vertex 86.6737 2.11992 0
    endloop
  endfacet
  facet normal -0.751768 -0.659428 -2.49872e-18
    outer loop
      vertex 86.3787 2.37867 0
      vertex 86.1199 2.67371 3
      vertex 86.1199 2.67371 0
    endloop
  endfacet
  facet normal -0.751768 -0.659428 -2.49872e-18
    outer loop
      vertex 86.1199 2.67371 3
      vertex 86.3787 2.37867 0
      vertex 86.3787 2.37867 3
    endloop
  endfacet
  facet normal -0.831485 -0.555547 5.80639e-18
    outer loop
      vertex 86.1199 2.67371 0
      vertex 85.9019 2.99999 3
      vertex 85.9019 2.99999 0
    endloop
  endfacet
  facet normal -0.831485 -0.555547 5.80639e-18
    outer loop
      vertex 85.9019 2.99999 3
      vertex 86.1199 2.67371 0
      vertex 86.1199 2.67371 3
    endloop
  endfacet
  facet normal -0.896931 -0.442171 -2.90515e-18
    outer loop
      vertex 85.9019 2.99999 0
      vertex 85.7284 3.35193 3
      vertex 85.7284 3.35193 0
    endloop
  endfacet
  facet normal -0.896931 -0.442171 -2.90515e-18
    outer loop
      vertex 85.7284 3.35193 3
      vertex 85.9019 2.99999 0
      vertex 85.9019 2.99999 3
    endloop
  endfacet
  facet normal -0.946885 -0.321574 7.87651e-19
    outer loop
      vertex 85.7284 3.35193 0
      vertex 85.6022 3.72353 3
      vertex 85.6022 3.72353 0
    endloop
  endfacet
  facet normal -0.946885 -0.321574 7.87651e-19
    outer loop
      vertex 85.6022 3.72353 3
      vertex 85.7284 3.35193 0
      vertex 85.7284 3.35193 3
    endloop
  endfacet
  facet normal -0.980814 -0.194945 4.91553e-19
    outer loop
      vertex 85.6022 3.72353 0
      vertex 85.5257 4.10842 3
      vertex 85.5257 4.10842 0
    endloop
  endfacet
  facet normal -0.980814 -0.194945 4.91553e-19
    outer loop
      vertex 85.5257 4.10842 3
      vertex 85.6022 3.72353 0
      vertex 85.6022 3.72353 3
    endloop
  endfacet
  facet normal -0.997853 -0.0654923 2.27961e-19
    outer loop
      vertex 85.5257 4.10842 0
      vertex 85.5 4.49999 3
      vertex 85.5 4.49999 0
    endloop
  endfacet
  facet normal -0.997853 -0.0654923 2.27961e-19
    outer loop
      vertex 85.5 4.49999 3
      vertex 85.5257 4.10842 0
      vertex 85.5257 4.10842 3
    endloop
  endfacet
  facet normal -1 0 0
    outer loop
      vertex 85.5 4.49999 0
      vertex 85.5 86.2 3
      vertex 85.5 86.2 0
    endloop
  endfacet
  facet normal -1 -0 0
    outer loop
      vertex 85.5 86.2 3
      vertex 85.5 4.49999 0
      vertex 85.5 4.49999 3
    endloop
  endfacet
  facet normal 0 -1 0
    outer loop
      vertex 23.5 86.2 6.5
      vertex 85.5 86.2 3
      vertex 85.5 86.2 6.5
    endloop
  endfacet
  facet normal 0 -1 0
    outer loop
      vertex 23.5 86.2 0
      vertex 85.5 86.2 3
      vertex 23.5 86.2 6.5
    endloop
  endfacet
  facet normal 0 -1 -0
    outer loop
      vertex 85.5 86.2 3
      vertex 23.5 86.2 0
      vertex 85.5 86.2 0
    endloop
  endfacet
  facet normal -0.0654873 -0.997853 0
    outer loop
      vertex 23.1084 86.2257 0
      vertex 23.5 86.2 6.5
      vertex 23.1084 86.2257 6.5
    endloop
  endfacet
  facet normal -0.0654873 -0.997853 -0
    outer loop
      vertex 23.5 86.2 6.5
      vertex 23.1084 86.2257 0
      vertex 23.5 86.2 0
    endloop
  endfacet
  facet normal -0.19494 -0.980815 0
    outer loop
      vertex 22.7235 86.3022 0
      vertex 23.1084 86.2257 6.5
      vertex 22.7235 86.3022 6.5
    endloop
  endfacet
  facet normal -0.19494 -0.980815 -0
    outer loop
      vertex 23.1084 86.2257 6.5
      vertex 22.7235 86.3022 0
      vertex 23.1084 86.2257 0
    endloop
  endfacet
  facet normal -0.321574 -0.946885 0
    outer loop
      vertex 22.3519 86.4284 0
      vertex 22.7235 86.3022 6.5
      vertex 22.3519 86.4284 6.5
    endloop
  endfacet
  facet normal -0.321574 -0.946885 -0
    outer loop
      vertex 22.7235 86.3022 6.5
      vertex 22.3519 86.4284 0
      vertex 22.7235 86.3022 0
    endloop
  endfacet
  facet normal -0.442211 -0.896911 0
    outer loop
      vertex 22 86.6019 0
      vertex 22.3519 86.4284 6.5
      vertex 22 86.6019 6.5
    endloop
  endfacet
  facet normal -0.442211 -0.896911 -0
    outer loop
      vertex 22.3519 86.4284 6.5
      vertex 22 86.6019 0
      vertex 22.3519 86.4284 0
    endloop
  endfacet
  facet normal -0.555523 -0.831501 0
    outer loop
      vertex 21.6737 86.8199 0
      vertex 22 86.6019 6.5
      vertex 21.6737 86.8199 6.5
    endloop
  endfacet
  facet normal -0.555523 -0.831501 -0
    outer loop
      vertex 22 86.6019 6.5
      vertex 21.6737 86.8199 0
      vertex 22 86.6019 0
    endloop
  endfacet
  facet normal -0.659478 -0.751724 0
    outer loop
      vertex 21.3787 87.0787 0
      vertex 21.6737 86.8199 6.5
      vertex 21.3787 87.0787 6.5
    endloop
  endfacet
  facet normal -0.659478 -0.751724 -0
    outer loop
      vertex 21.6737 86.8199 6.5
      vertex 21.3787 87.0787 0
      vertex 21.6737 86.8199 0
    endloop
  endfacet
  facet normal -0.751724 -0.659478 1.95129e-18
    outer loop
      vertex 21.3787 87.0787 0
      vertex 21.1199 87.3737 6.5
      vertex 21.1199 87.3737 0
    endloop
  endfacet
  facet normal -0.751724 -0.659478 1.95129e-18
    outer loop
      vertex 21.1199 87.3737 6.5
      vertex 21.3787 87.0787 0
      vertex 21.3787 87.0787 6.5
    endloop
  endfacet
  facet normal -0.831501 -0.555523 -1.28257e-18
    outer loop
      vertex 21.1199 87.3737 0
      vertex 20.9019 87.7 6.5
      vertex 20.9019 87.7 0
    endloop
  endfacet
  facet normal -0.831501 -0.555523 -1.28257e-18
    outer loop
      vertex 20.9019 87.7 6.5
      vertex 21.1199 87.3737 0
      vertex 21.1199 87.3737 6.5
    endloop
  endfacet
  facet normal -0.896911 -0.442211 1.32834e-18
    outer loop
      vertex 20.9019 87.7 0
      vertex 20.7284 88.0519 6.5
      vertex 20.7284 88.0519 0
    endloop
  endfacet
  facet normal -0.896911 -0.442211 1.32834e-18
    outer loop
      vertex 20.7284 88.0519 6.5
      vertex 20.9019 87.7 0
      vertex 20.9019 87.7 6.5
    endloop
  endfacet
  facet normal -0.946885 -0.321574 -7.5936e-19
    outer loop
      vertex 20.7284 88.0519 0
      vertex 20.6022 88.4235 6.5
      vertex 20.6022 88.4235 0
    endloop
  endfacet
  facet normal -0.946885 -0.321574 -7.5936e-19
    outer loop
      vertex 20.6022 88.4235 6.5
      vertex 20.7284 88.0519 0
      vertex 20.7284 88.0519 6.5
    endloop
  endfacet
  facet normal -0.980815 -0.19494 5.02328e-19
    outer loop
      vertex 20.6022 88.4235 0
      vertex 20.5257 88.8084 6.5
      vertex 20.5257 88.8084 0
    endloop
  endfacet
  facet normal -0.980815 -0.19494 5.02328e-19
    outer loop
      vertex 20.5257 88.8084 6.5
      vertex 20.6022 88.4235 0
      vertex 20.6022 88.4235 6.5
    endloop
  endfacet
  facet normal -0.997853 -0.0654873 -3.34822e-19
    outer loop
      vertex 20.5257 88.8084 0
      vertex 20.5 89.2 6.5
      vertex 20.5 89.2 0
    endloop
  endfacet
  facet normal -0.997853 -0.0654873 -3.34822e-19
    outer loop
      vertex 20.5 89.2 6.5
      vertex 20.5257 88.8084 0
      vertex 20.5257 88.8084 6.5
    endloop
  endfacet
  facet normal -1 0 0
    outer loop
      vertex 20.5 89.2 0
      vertex 20.5 89.6836 6.5
      vertex 20.5 89.6836 0
    endloop
  endfacet
  facet normal -1 -0 0
    outer loop
      vertex 20.5 89.6836 6.5
      vertex 20.5 89.2 0
      vertex 20.5 89.2 6.5
    endloop
  endfacet
  facet normal 0.161774 -0.986828 0
    outer loop
      vertex 14.5 88.7 0
      vertex 20.5 89.6836 6.5
      vertex 14.5 88.7 6.5
    endloop
  endfacet
  facet normal 0.161774 -0.986828 0
    outer loop
      vertex 20.5 89.6836 6.5
      vertex 14.5 88.7 0
      vertex 20.5 89.6836 0
    endloop
  endfacet
  facet normal -1 0 0
    outer loop
      vertex 14.5 88.7 0
      vertex 14.5 95.7 6.5
      vertex 14.5 95.7 0
    endloop
  endfacet
  facet normal -1 -0 0
    outer loop
      vertex 14.5 95.7 6.5
      vertex 14.5 88.7 0
      vertex 14.5 88.7 6.5
    endloop
  endfacet
  facet normal 0.161774 0.986828 -0
    outer loop
      vertex 20.5 94.7164 0
      vertex 14.5 95.7 6.5
      vertex 20.5 94.7164 6.5
    endloop
  endfacet
  facet normal 0.161774 0.986828 0
    outer loop
      vertex 14.5 95.7 6.5
      vertex 20.5 94.7164 0
      vertex 14.5 95.7 0
    endloop
  endfacet
  facet normal -1 0 0
    outer loop
      vertex 20.5 94.7164 0
      vertex 20.5 96.7 6.5
      vertex 20.5 96.7 0
    endloop
  endfacet
  facet normal -1 -0 0
    outer loop
      vertex 20.5 96.7 6.5
      vertex 20.5 94.7164 0
      vertex 20.5 94.7164 6.5
    endloop
  endfacet
  facet normal -0.997853 0.0654873 3.34822e-19
    outer loop
      vertex 20.5 96.7 0
      vertex 20.5257 97.0916 6.5
      vertex 20.5257 97.0916 0
    endloop
  endfacet
  facet normal -0.997853 0.0654873 3.34822e-19
    outer loop
      vertex 20.5257 97.0916 6.5
      vertex 20.5 96.7 0
      vertex 20.5 96.7 6.5
    endloop
  endfacet
  facet normal -0.980815 0.19494 -5.02328e-19
    outer loop
      vertex 20.5257 97.0916 0
      vertex 20.6022 97.4765 6.5
      vertex 20.6022 97.4765 0
    endloop
  endfacet
  facet normal -0.980815 0.19494 -5.02328e-19
    outer loop
      vertex 20.6022 97.4765 6.5
      vertex 20.5257 97.0916 0
      vertex 20.5257 97.0916 6.5
    endloop
  endfacet
  facet normal -0.946885 0.321574 7.5936e-19
    outer loop
      vertex 20.6022 97.4765 0
      vertex 20.7284 97.8481 6.5
      vertex 20.7284 97.8481 0
    endloop
  endfacet
  facet normal -0.946885 0.321574 7.5936e-19
    outer loop
      vertex 20.7284 97.8481 6.5
      vertex 20.6022 97.4765 0
      vertex 20.6022 97.4765 6.5
    endloop
  endfacet
  facet normal -0.896911 0.442211 -1.32834e-18
    outer loop
      vertex 20.7284 97.8481 0
      vertex 20.9019 98.2 6.5
      vertex 20.9019 98.2 0
    endloop
  endfacet
  facet normal -0.896911 0.442211 -1.32834e-18
    outer loop
      vertex 20.9019 98.2 6.5
      vertex 20.7284 97.8481 0
      vertex 20.7284 97.8481 6.5
    endloop
  endfacet
  facet normal -0.831501 0.555523 1.28257e-18
    outer loop
      vertex 20.9019 98.2 0
      vertex 21.1199 98.5263 6.5
      vertex 21.1199 98.5263 0
    endloop
  endfacet
  facet normal -0.831501 0.555523 1.28257e-18
    outer loop
      vertex 21.1199 98.5263 6.5
      vertex 20.9019 98.2 0
      vertex 20.9019 98.2 6.5
    endloop
  endfacet
  facet normal -0.751724 0.659478 -2.01222e-18
    outer loop
      vertex 21.1199 98.5263 0
      vertex 21.3787 98.8213 6.5
      vertex 21.3787 98.8213 0
    endloop
  endfacet
  facet normal -0.751724 0.659478 -2.01222e-18
    outer loop
      vertex 21.3787 98.8213 6.5
      vertex 21.1199 98.5263 0
      vertex 21.1199 98.5263 6.5
    endloop
  endfacet
  facet normal -0.659478 0.751724 0
    outer loop
      vertex 21.6737 99.0801 0
      vertex 21.3787 98.8213 6.5
      vertex 21.6737 99.0801 6.5
    endloop
  endfacet
  facet normal -0.659478 0.751724 0
    outer loop
      vertex 21.3787 98.8213 6.5
      vertex 21.6737 99.0801 0
      vertex 21.3787 98.8213 0
    endloop
  endfacet
  facet normal -0.555523 0.831501 0
    outer loop
      vertex 22 99.2981 0
      vertex 21.6737 99.0801 6.5
      vertex 22 99.2981 6.5
    endloop
  endfacet
  facet normal -0.555523 0.831501 0
    outer loop
      vertex 21.6737 99.0801 6.5
      vertex 22 99.2981 0
      vertex 21.6737 99.0801 0
    endloop
  endfacet
  facet normal -0.442211 0.896911 0
    outer loop
      vertex 22.3519 99.4716 0
      vertex 22 99.2981 6.5
      vertex 22.3519 99.4716 6.5
    endloop
  endfacet
  facet normal -0.442211 0.896911 0
    outer loop
      vertex 22 99.2981 6.5
      vertex 22.3519 99.4716 0
      vertex 22 99.2981 0
    endloop
  endfacet
  facet normal -0.321561 0.946889 0
    outer loop
      vertex 22.7235 99.5978 6.4
      vertex 22.7235 99.5978 0
      vertex 22.5 99.5219 6.4
    endloop
  endfacet
  facet normal -0.321593 0.946878 0
    outer loop
      vertex 22.5 99.5219 6.4
      vertex 22.3519 99.4716 6.5
      vertex 22.5 99.5219 6.5
    endloop
  endfacet
  facet normal -0.321574 0.946885 -5.01663e-07
    outer loop
      vertex 22.3519 99.4716 0
      vertex 22.5 99.5219 6.4
      vertex 22.7235 99.5978 0
    endloop
  endfacet
  facet normal -0.321593 0.946878 -3.42304e-19
    outer loop
      vertex 22.5 99.5219 6.4
      vertex 22.3519 99.4716 0
      vertex 22.3519 99.4716 6.5
    endloop
  endfacet
  facet normal -0.19494 0.980815 0
    outer loop
      vertex 23.1084 99.6743 0
      vertex 22.7235 99.5978 6.4
      vertex 23.1084 99.6743 6.4
    endloop
  endfacet
  facet normal -0.19494 0.980815 0
    outer loop
      vertex 22.7235 99.5978 6.4
      vertex 23.1084 99.6743 0
      vertex 22.7235 99.5978 0
    endloop
  endfacet
  facet normal -0.0654873 0.997853 0
    outer loop
      vertex 23.5 99.7 0
      vertex 23.1084 99.6743 6.4
      vertex 23.5 99.7 6.4
    endloop
  endfacet
  facet normal -0.0654873 0.997853 0
    outer loop
      vertex 23.1084 99.6743 6.4
      vertex 23.5 99.7 0
      vertex 23.1084 99.6743 0
    endloop
  endfacet
  facet normal 0.0654208 0.997858 -0
    outer loop
      vertex 165.392 99.6743 0
      vertex 165 99.7 6.5
      vertex 165.392 99.6743 6.5
    endloop
  endfacet
  facet normal 0.0654208 0.997858 0
    outer loop
      vertex 165 99.7 6.5
      vertex 165.392 99.6743 0
      vertex 165 99.7 0
    endloop
  endfacet
  facet normal 1 -0 0
    outer loop
      vertex 100.9 7.49999 3
      vertex 100.9 19.9 0
      vertex 100.9 19.9 3
    endloop
  endfacet
  facet normal 1 0 0
    outer loop
      vertex 100.9 19.9 0
      vertex 100.9 7.49999 3
      vertex 100.9 7.49999 0
    endloop
  endfacet
  facet normal 0 1 0
    outer loop
      vertex 106.3 7.49999 6.5
      vertex 102.1 7.49999 3
      vertex 102.1 7.49999 6.5
    endloop
  endfacet
  facet normal 0 1 -0
    outer loop
      vertex 106.3 7.49999 0
      vertex 102.1 7.49999 3
      vertex 106.3 7.49999 6.5
    endloop
  endfacet
  facet normal 0 1 0
    outer loop
      vertex 100.9 7.49999 0
      vertex 102.1 7.49999 3
      vertex 106.3 7.49999 0
    endloop
  endfacet
  facet normal 0 1 0
    outer loop
      vertex 102.1 7.49999 3
      vertex 100.9 7.49999 0
      vertex 100.9 7.49999 3
    endloop
  endfacet
  facet normal -1 0 0
    outer loop
      vertex 106.3 7.49999 0
      vertex 106.3 19.9 6.5
      vertex 106.3 19.9 0
    endloop
  endfacet
  facet normal -1 -0 0
    outer loop
      vertex 106.3 19.9 6.5
      vertex 106.3 7.49999 0
      vertex 106.3 7.49999 6.5
    endloop
  endfacet
  facet normal 0 -1 0
    outer loop
      vertex 100.9 19.9 3
      vertex 100.9 19.9 0
      vertex 102.1 19.9 3
    endloop
  endfacet
  facet normal 0 -1 0
    outer loop
      vertex 102.1 19.9 3
      vertex 106.3 19.9 6.5
      vertex 102.1 19.9 6.5
    endloop
  endfacet
  facet normal 0 -1 0
    outer loop
      vertex 106.3 19.9 0
      vertex 102.1 19.9 3
      vertex 100.9 19.9 0
    endloop
  endfacet
  facet normal 0 -1 0
    outer loop
      vertex 102.1 19.9 3
      vertex 106.3 19.9 0
      vertex 106.3 19.9 6.5
    endloop
  endfacet
  facet normal 1 -0 0
    outer loop
      vertex 160.55 7.49999 6.5
      vertex 160.55 19.9 0
      vertex 160.55 19.9 6.5
    endloop
  endfacet
  facet normal 1 0 0
    outer loop
      vertex 160.55 19.9 0
      vertex 160.55 7.49999 6.5
      vertex 160.55 7.49999 0
    endloop
  endfacet
  facet normal 0 1 -0
    outer loop
      vertex 165.95 7.49999 0
      vertex 160.55 7.49999 6.5
      vertex 165.95 7.49999 6.5
    endloop
  endfacet
  facet normal 0 1 0
    outer loop
      vertex 160.55 7.49999 6.5
      vertex 165.95 7.49999 0
      vertex 160.55 7.49999 0
    endloop
  endfacet
  facet normal -1 0 0
    outer loop
      vertex 165.95 7.49999 0
      vertex 165.95 19.9 6.5
      vertex 165.95 19.9 0
    endloop
  endfacet
  facet normal -1 -0 0
    outer loop
      vertex 165.95 19.9 6.5
      vertex 165.95 7.49999 0
      vertex 165.95 7.49999 6.5
    endloop
  endfacet
  facet normal 0 -1 0
    outer loop
      vertex 160.55 19.9 0
      vertex 165.95 19.9 6.5
      vertex 160.55 19.9 6.5
    endloop
  endfacet
  facet normal 0 -1 -0
    outer loop
      vertex 165.95 19.9 6.5
      vertex 160.55 19.9 0
      vertex 165.95 19.9 0
    endloop
  endfacet
  facet normal 1 -0 0
    outer loop
      vertex 100.9 40.5 3
      vertex 100.9 52.9 0
      vertex 100.9 52.9 3
    endloop
  endfacet
  facet normal 1 0 0
    outer loop
      vertex 100.9 52.9 0
      vertex 100.9 40.5 3
      vertex 100.9 40.5 0
    endloop
  endfacet
  facet normal 0 1 0
    outer loop
      vertex 106.3 40.5 6.5
      vertex 102.1 40.5 3
      vertex 102.1 40.5 6.5
    endloop
  endfacet
  facet normal 0 1 -0
    outer loop
      vertex 106.3 40.5 0
      vertex 102.1 40.5 3
      vertex 106.3 40.5 6.5
    endloop
  endfacet
  facet normal 0 1 0
    outer loop
      vertex 100.9 40.5 0
      vertex 102.1 40.5 3
      vertex 106.3 40.5 0
    endloop
  endfacet
  facet normal 0 1 0
    outer loop
      vertex 102.1 40.5 3
      vertex 100.9 40.5 0
      vertex 100.9 40.5 3
    endloop
  endfacet
  facet normal -1 0 0
    outer loop
      vertex 106.3 40.5 0
      vertex 106.3 52.9 6.5
      vertex 106.3 52.9 0
    endloop
  endfacet
  facet normal -1 -0 0
    outer loop
      vertex 106.3 52.9 6.5
      vertex 106.3 40.5 0
      vertex 106.3 40.5 6.5
    endloop
  endfacet
  facet normal 0 -1 0
    outer loop
      vertex 100.9 52.9 3
      vertex 100.9 52.9 0
      vertex 102.1 52.9 3
    endloop
  endfacet
  facet normal 0 -1 0
    outer loop
      vertex 102.1 52.9 3
      vertex 106.3 52.9 6.5
      vertex 102.1 52.9 6.5
    endloop
  endfacet
  facet normal 0 -1 0
    outer loop
      vertex 106.3 52.9 0
      vertex 102.1 52.9 3
      vertex 100.9 52.9 0
    endloop
  endfacet
  facet normal 0 -1 0
    outer loop
      vertex 102.1 52.9 3
      vertex 106.3 52.9 0
      vertex 106.3 52.9 6.5
    endloop
  endfacet
  facet normal 1 -0 0
    outer loop
      vertex 160.55 40.5 6.5
      vertex 160.55 52.9 0
      vertex 160.55 52.9 6.5
    endloop
  endfacet
  facet normal 1 0 0
    outer loop
      vertex 160.55 52.9 0
      vertex 160.55 40.5 6.5
      vertex 160.55 40.5 0
    endloop
  endfacet
  facet normal 0 1 -0
    outer loop
      vertex 165.95 40.5 0
      vertex 160.55 40.5 6.5
      vertex 165.95 40.5 6.5
    endloop
  endfacet
  facet normal 0 1 0
    outer loop
      vertex 160.55 40.5 6.5
      vertex 165.95 40.5 0
      vertex 160.55 40.5 0
    endloop
  endfacet
  facet normal -1 0 0
    outer loop
      vertex 165.95 40.5 0
      vertex 165.95 52.9 6.5
      vertex 165.95 52.9 0
    endloop
  endfacet
  facet normal -1 -0 0
    outer loop
      vertex 165.95 52.9 6.5
      vertex 165.95 40.5 0
      vertex 165.95 40.5 6.5
    endloop
  endfacet
  facet normal 0 -1 0
    outer loop
      vertex 160.55 52.9 0
      vertex 165.95 52.9 6.5
      vertex 160.55 52.9 6.5
    endloop
  endfacet
  facet normal 0 -1 -0
    outer loop
      vertex 165.95 52.9 6.5
      vertex 160.55 52.9 0
      vertex 165.95 52.9 0
    endloop
  endfacet
  facet normal 1 0 0
    outer loop
      vertex 100.9 86.2 3
      vertex 100.9 87.9 6.5
      vertex 100.9 86.2 6.5
    endloop
  endfacet
  facet normal 1 0 0
    outer loop
      vertex 100.9 87.9 6.5
      vertex 100.9 86.2 3
      vertex 100.9 87.9 0
    endloop
  endfacet
  facet normal 1 0 0
    outer loop
      vertex 100.9 75.5 0
      vertex 100.9 86.2 3
      vertex 100.9 75.5 3
    endloop
  endfacet
  facet normal 1 0 0
    outer loop
      vertex 100.9 86.2 3
      vertex 100.9 75.5 0
      vertex 100.9 87.9 0
    endloop
  endfacet
  facet normal 0 1 0
    outer loop
      vertex 106.3 75.5 6.5
      vertex 102.1 75.5 3
      vertex 102.1 75.5 6.5
    endloop
  endfacet
  facet normal 0 1 -0
    outer loop
      vertex 106.3 75.5 0
      vertex 102.1 75.5 3
      vertex 106.3 75.5 6.5
    endloop
  endfacet
  facet normal 0 1 0
    outer loop
      vertex 100.9 75.5 0
      vertex 102.1 75.5 3
      vertex 106.3 75.5 0
    endloop
  endfacet
  facet normal 0 1 0
    outer loop
      vertex 102.1 75.5 3
      vertex 100.9 75.5 0
      vertex 100.9 75.5 3
    endloop
  endfacet
  facet normal -1 0 0
    outer loop
      vertex 106.3 75.5 0
      vertex 106.3 87.9 6.5
      vertex 106.3 87.9 0
    endloop
  endfacet
  facet normal -1 -0 0
    outer loop
      vertex 106.3 87.9 6.5
      vertex 106.3 75.5 0
      vertex 106.3 75.5 6.5
    endloop
  endfacet
  facet normal 0 -1 0
    outer loop
      vertex 100.9 87.9 0
      vertex 106.3 87.9 6.5
      vertex 100.9 87.9 6.5
    endloop
  endfacet
  facet normal 0 -1 -0
    outer loop
      vertex 106.3 87.9 6.5
      vertex 100.9 87.9 0
      vertex 106.3 87.9 0
    endloop
  endfacet
  facet normal 1 -0 0
    outer loop
      vertex 160.55 75.5 6.5
      vertex 160.55 87.9 0
      vertex 160.55 87.9 6.5
    endloop
  endfacet
  facet normal 1 0 0
    outer loop
      vertex 160.55 87.9 0
      vertex 160.55 75.5 6.5
      vertex 160.55 75.5 0
    endloop
  endfacet
  facet normal 0 1 -0
    outer loop
      vertex 165.95 75.5 0
      vertex 160.55 75.5 6.5
      vertex 165.95 75.5 6.5
    endloop
  endfacet
  facet normal 0 1 0
    outer loop
      vertex 160.55 75.5 6.5
      vertex 165.95 75.5 0
      vertex 160.55 75.5 0
    endloop
  endfacet
  facet normal -1 0 0
    outer loop
      vertex 165.95 75.5 0
      vertex 165.95 87.9 6.5
      vertex 165.95 87.9 0
    endloop
  endfacet
  facet normal -1 -0 0
    outer loop
      vertex 165.95 87.9 6.5
      vertex 165.95 75.5 0
      vertex 165.95 75.5 6.5
    endloop
  endfacet
  facet normal 0 -1 0
    outer loop
      vertex 160.55 87.9 0
      vertex 165.95 87.9 6.5
      vertex 160.55 87.9 6.5
    endloop
  endfacet
  facet normal 0 -1 -0
    outer loop
      vertex 165.95 87.9 6.5
      vertex 160.55 87.9 0
      vertex 165.95 87.9 0
    endloop
  endfacet
  facet normal -1 0 0
    outer loop
      vertex 102.1 1.49999 3
      vertex 102.1 7.49999 6.5
      vertex 102.1 7.49999 3
    endloop
  endfacet
  facet normal -1 -0 0
    outer loop
      vertex 102.1 7.49999 6.5
      vertex 102.1 1.49999 3
      vertex 102.1 1.49999 6.5
    endloop
  endfacet
  facet normal -1 0 0
    outer loop
      vertex 102.1 19.9 3
      vertex 102.1 40.5 6.5
      vertex 102.1 40.5 3
    endloop
  endfacet
  facet normal -1 -0 0
    outer loop
      vertex 102.1 40.5 6.5
      vertex 102.1 19.9 3
      vertex 102.1 19.9 6.5
    endloop
  endfacet
  facet normal -1 0 0
    outer loop
      vertex 102.1 52.9 3
      vertex 102.1 75.5 6.5
      vertex 102.1 75.5 3
    endloop
  endfacet
  facet normal -1 -0 0
    outer loop
      vertex 102.1 75.5 6.5
      vertex 102.1 52.9 3
      vertex 102.1 52.9 6.5
    endloop
  endfacet
  facet normal -0 0 1
    outer loop
      vertex 85.5 86.2 3
      vertex 100.9 75.5 3
      vertex 100.9 86.2 3
    endloop
  endfacet
  facet normal 0 0 1
    outer loop
      vertex 100.9 75.5 3
      vertex 85.5 86.2 3
      vertex 100.9 52.9 3
    endloop
  endfacet
  facet normal 0 0 1
    outer loop
      vertex 100.9 52.9 3
      vertex 85.5 86.2 3
      vertex 100.9 40.5 3
    endloop
  endfacet
  facet normal 0 0 1
    outer loop
      vertex 85.5 4.49999 3
      vertex 100.9 40.5 3
      vertex 85.5 86.2 3
    endloop
  endfacet
  facet normal 0 0 1
    outer loop
      vertex 100.9 40.5 3
      vertex 85.5 4.49999 3
      vertex 100.9 19.9 3
    endloop
  endfacet
  facet normal 0 0 1
    outer loop
      vertex 100.9 7.49999 3
      vertex 85.5 4.49999 3
      vertex 88.5 1.49999 3
    endloop
  endfacet
  facet normal 0 0 1
    outer loop
      vertex 88.5 1.49999 3
      vertex 85.5 4.49999 3
      vertex 88.1084 1.52565 3
    endloop
  endfacet
  facet normal 0 0 1
    outer loop
      vertex 88.1084 1.52565 3
      vertex 85.5 4.49999 3
      vertex 87.7235 1.60221 3
    endloop
  endfacet
  facet normal 0 0 1
    outer loop
      vertex 87.7235 1.60221 3
      vertex 85.5 4.49999 3
      vertex 87.3519 1.72835 3
    endloop
  endfacet
  facet normal 0 0 1
    outer loop
      vertex 87.3519 1.72835 3
      vertex 85.5 4.49999 3
      vertex 87 1.9019 3
    endloop
  endfacet
  facet normal 0 0 1
    outer loop
      vertex 87 1.9019 3
      vertex 85.5 4.49999 3
      vertex 86.6737 2.11992 3
    endloop
  endfacet
  facet normal 0 0 1
    outer loop
      vertex 86.6737 2.11992 3
      vertex 85.5 4.49999 3
      vertex 86.3787 2.37867 3
    endloop
  endfacet
  facet normal 0 0 1
    outer loop
      vertex 86.3787 2.37867 3
      vertex 85.5 4.49999 3
      vertex 86.1199 2.67371 3
    endloop
  endfacet
  facet normal 0 0 1
    outer loop
      vertex 86.1199 2.67371 3
      vertex 85.5 4.49999 3
      vertex 85.9019 2.99999 3
    endloop
  endfacet
  facet normal 0 0 1
    outer loop
      vertex 85.9019 2.99999 3
      vertex 85.5 4.49999 3
      vertex 85.7284 3.35193 3
    endloop
  endfacet
  facet normal 0 0 1
    outer loop
      vertex 85.7284 3.35193 3
      vertex 85.5 4.49999 3
      vertex 85.6022 3.72353 3
    endloop
  endfacet
  facet normal 0 0 1
    outer loop
      vertex 100.9 19.9 3
      vertex 85.5 4.49999 3
      vertex 100.9 7.49999 3
    endloop
  endfacet
  facet normal 0 0 1
    outer loop
      vertex 85.6022 3.72353 3
      vertex 85.5 4.49999 3
      vertex 85.5257 4.10842 3
    endloop
  endfacet
  facet normal -0 0 1
    outer loop
      vertex 100.9 75.5 3
      vertex 102.1 52.9 3
      vertex 102.1 75.5 3
    endloop
  endfacet
  facet normal 0 0 1
    outer loop
      vertex 102.1 52.9 3
      vertex 100.9 75.5 3
      vertex 100.9 52.9 3
    endloop
  endfacet
  facet normal -0 0 1
    outer loop
      vertex 100.9 40.5 3
      vertex 102.1 19.9 3
      vertex 102.1 40.5 3
    endloop
  endfacet
  facet normal 0 0 1
    outer loop
      vertex 102.1 19.9 3
      vertex 100.9 40.5 3
      vertex 100.9 19.9 3
    endloop
  endfacet
  facet normal -0 0 1
    outer loop
      vertex 100.9 7.49999 3
      vertex 102.1 1.49999 3
      vertex 102.1 7.49999 3
    endloop
  endfacet
  facet normal 0 0 1
    outer loop
      vertex 102.1 1.49999 3
      vertex 100.9 7.49999 3
      vertex 88.5 1.49999 3
    endloop
  endfacet
  facet normal 0 -1 0
    outer loop
      vertex 85.5 86.2 3
      vertex 100.9 86.2 6.5
      vertex 85.5 86.2 6.5
    endloop
  endfacet
  facet normal 0 -1 -0
    outer loop
      vertex 100.9 86.2 6.5
      vertex 85.5 86.2 3
      vertex 100.9 86.2 3
    endloop
  endfacet
  facet normal -0 0 1
    outer loop
      vertex 138.799 69.7254 5.9
      vertex 141.528 64.7887 5.9
      vertex 139.559 72.4325 5.9
    endloop
  endfacet
  facet normal 0 0 1
    outer loop
      vertex 141.528 64.7887 5.9
      vertex 138.799 69.7254 5.9
      vertex 139.906 64.7887 5.9
    endloop
  endfacet
  facet normal 0 0 1
    outer loop
      vertex 139.559 72.4325 5.9
      vertex 138.549 70.9189 5.9
      vertex 138.799 69.7254 5.9
    endloop
  endfacet
  facet normal 0 0 1
    outer loop
      vertex 137.373 71.2044 5.9
      vertex 138.506 70.7048 5.9
      vertex 138.549 70.9189 5.9
    endloop
  endfacet
  facet normal 0 0 1
    outer loop
      vertex 138.506 70.7048 5.9
      vertex 137.373 71.2044 5.9
      vertex 138.463 70.4935 5.9
    endloop
  endfacet
  facet normal 0 0 1
    outer loop
      vertex 137.127 70.1489 5.9
      vertex 138.463 70.4935 5.9
      vertex 137.373 71.2044 5.9
    endloop
  endfacet
  facet normal 0 0 1
    outer loop
      vertex 138.463 70.4935 5.9
      vertex 137.127 70.1489 5.9
      vertex 138.421 70.285 5.9
    endloop
  endfacet
  facet normal 0 0 1
    outer loop
      vertex 138.379 70.0792 5.9
      vertex 137.127 70.1489 5.9
      vertex 138.337 69.8763 5.9
    endloop
  endfacet
  facet normal 0 0 1
    outer loop
      vertex 138.337 69.8763 5.9
      vertex 137.127 70.1489 5.9
      vertex 138.295 69.676 5.9
    endloop
  endfacet
  facet normal 0 0 1
    outer loop
      vertex 138.295 69.676 5.9
      vertex 137.127 70.1489 5.9
      vertex 138.254 69.4786 5.9
    endloop
  endfacet
  facet normal 0 0 1
    outer loop
      vertex 136.921 69.266 5.9
      vertex 138.254 69.4786 5.9
      vertex 137.127 70.1489 5.9
    endloop
  endfacet
  facet normal 0 0 1
    outer loop
      vertex 138.254 69.4786 5.9
      vertex 136.921 69.266 5.9
      vertex 138.197 69.2148 5.9
    endloop
  endfacet
  facet normal 0 0 1
    outer loop
      vertex 138.197 69.2148 5.9
      vertex 136.921 69.266 5.9
      vertex 138.107 68.8156 5.9
    endloop
  endfacet
  facet normal -0 0 1
    outer loop
      vertex 137.66 72.4325 5.9
      vertex 138.549 70.9189 5.9
      vertex 139.559 72.4325 5.9
    endloop
  endfacet
  facet normal -0 0 1
    outer loop
      vertex 137.373 71.2044 5.9
      vertex 138.549 70.9189 5.9
      vertex 137.66 72.4325 5.9
    endloop
  endfacet
  facet normal 0 0 1
    outer loop
      vertex 138.421 70.285 5.9
      vertex 137.127 70.1489 5.9
      vertex 138.379 70.0792 5.9
    endloop
  endfacet
  facet normal 0 0 1
    outer loop
      vertex 136.756 68.5557 5.9
      vertex 138.107 68.8156 5.9
      vertex 136.921 69.266 5.9
    endloop
  endfacet
  facet normal 0 0 1
    outer loop
      vertex 138.107 68.8156 5.9
      vertex 136.756 68.5557 5.9
      vertex 137.985 68.2811 5.9
    endloop
  endfacet
  facet normal 0 0 1
    outer loop
      vertex 136.632 68.0181 5.9
      vertex 137.985 68.2811 5.9
      vertex 136.756 68.5557 5.9
    endloop
  endfacet
  facet normal 0 0 1
    outer loop
      vertex 137.985 68.2811 5.9
      vertex 136.632 68.0181 5.9
      vertex 137.83 67.6111 5.9
    endloop
  endfacet
  facet normal -0 0 1
    outer loop
      vertex 136.548 67.653 5.9
      vertex 137.83 67.6111 5.9
      vertex 136.632 68.0181 5.9
    endloop
  endfacet
  facet normal 0 0 1
    outer loop
      vertex 136.504 67.4605 5.9
      vertex 137.83 67.6111 5.9
      vertex 136.548 67.653 5.9
    endloop
  endfacet
  facet normal 0 0 1
    outer loop
      vertex 137.83 67.6111 5.9
      vertex 136.504 67.4605 5.9
      vertex 137.643 66.8057 5.9
    endloop
  endfacet
  facet normal -0 0 1
    outer loop
      vertex 136.48 67.3474 5.9
      vertex 137.643 66.8057 5.9
      vertex 136.504 67.4605 5.9
    endloop
  endfacet
  facet normal -0 0 1
    outer loop
      vertex 136.454 67.2205 5.9
      vertex 137.643 66.8057 5.9
      vertex 136.48 67.3474 5.9
    endloop
  endfacet
  facet normal -0 0 1
    outer loop
      vertex 136.426 67.0797 5.9
      vertex 137.643 66.8057 5.9
      vertex 136.454 67.2205 5.9
    endloop
  endfacet
  facet normal -0 0 1
    outer loop
      vertex 136.395 66.9251 5.9
      vertex 137.643 66.8057 5.9
      vertex 136.426 67.0797 5.9
    endloop
  endfacet
  facet normal 0 0 1
    outer loop
      vertex 136.363 66.7566 5.9
      vertex 137.643 66.8057 5.9
      vertex 136.395 66.9251 5.9
    endloop
  endfacet
  facet normal 0 0 1
    outer loop
      vertex 136.329 66.5743 5.9
      vertex 137.643 66.8057 5.9
      vertex 136.363 66.7566 5.9
    endloop
  endfacet
  facet normal 0 0 1
    outer loop
      vertex 137.643 66.8057 5.9
      vertex 136.329 66.5743 5.9
      vertex 137.424 65.8649 5.9
    endloop
  endfacet
  facet normal -0 0 1
    outer loop
      vertex 136.293 66.3782 5.9
      vertex 137.424 65.8649 5.9
      vertex 136.329 66.5743 5.9
    endloop
  endfacet
  facet normal 0 0 1
    outer loop
      vertex 137.424 65.8649 5.9
      vertex 136.293 66.3782 5.9
      vertex 137.172 64.7887 5.9
    endloop
  endfacet
  facet normal 0 0 1
    outer loop
      vertex 135.381 64.7887 5.9
      vertex 136.254 66.6201 5.9
      vertex 136.213 66.8591 5.9
    endloop
  endfacet
  facet normal 0 0 1
    outer loop
      vertex 135.381 64.7887 5.9
      vertex 136.213 66.8591 5.9
      vertex 136.17 67.0953 5.9
    endloop
  endfacet
  facet normal 0 0 1
    outer loop
      vertex 134.416 68.8575 5.9
      vertex 136.17 67.0953 5.9
      vertex 136.124 67.3286 5.9
    endloop
  endfacet
  facet normal 0 0 1
    outer loop
      vertex 134.416 68.8575 5.9
      vertex 136.124 67.3286 5.9
      vertex 136.076 67.559 5.9
    endloop
  endfacet
  facet normal 0 0 1
    outer loop
      vertex 134.416 68.8575 5.9
      vertex 136.076 67.559 5.9
      vertex 136.026 67.7865 5.9
    endloop
  endfacet
  facet normal 0 0 1
    outer loop
      vertex 134.416 68.8575 5.9
      vertex 136.026 67.7865 5.9
      vertex 135.973 68.0111 5.9
    endloop
  endfacet
  facet normal 0 0 1
    outer loop
      vertex 136.293 66.3782 5.9
      vertex 135.381 64.7887 5.9
      vertex 137.172 64.7887 5.9
    endloop
  endfacet
  facet normal 0 0 1
    outer loop
      vertex 136.17 67.0953 5.9
      vertex 134.416 68.8575 5.9
      vertex 135.381 64.7887 5.9
    endloop
  endfacet
  facet normal -0 0 1
    outer loop
      vertex 134.173 70.0952 5.9
      vertex 135.973 68.0111 5.9
      vertex 134.936 72.4325 5.9
    endloop
  endfacet
  facet normal 0 0 1
    outer loop
      vertex 136.254 66.6201 5.9
      vertex 135.381 64.7887 5.9
      vertex 136.293 66.3782 5.9
    endloop
  endfacet
  facet normal 0 0 1
    outer loop
      vertex 135.973 68.0111 5.9
      vertex 134.38 69.0111 5.9
      vertex 134.416 68.8575 5.9
    endloop
  endfacet
  facet normal 0 0 1
    outer loop
      vertex 135.973 68.0111 5.9
      vertex 134.338 69.2117 5.9
      vertex 134.38 69.0111 5.9
    endloop
  endfacet
  facet normal 0 0 1
    outer loop
      vertex 135.973 68.0111 5.9
      vertex 134.289 69.4593 5.9
      vertex 134.338 69.2117 5.9
    endloop
  endfacet
  facet normal 0 0 1
    outer loop
      vertex 135.973 68.0111 5.9
      vertex 134.234 69.7538 5.9
      vertex 134.289 69.4593 5.9
    endloop
  endfacet
  facet normal 0 0 1
    outer loop
      vertex 135.973 68.0111 5.9
      vertex 134.173 70.0952 5.9
      vertex 134.234 69.7538 5.9
    endloop
  endfacet
  facet normal 0 0 1
    outer loop
      vertex 134.936 72.4325 5.9
      vertex 134.105 70.4836 5.9
      vertex 134.173 70.0952 5.9
    endloop
  endfacet
  facet normal 0 0 1
    outer loop
      vertex 134.936 72.4325 5.9
      vertex 134.03 70.9189 5.9
      vertex 134.105 70.4836 5.9
    endloop
  endfacet
  facet normal 0 0 1
    outer loop
      vertex 133.038 72.4325 5.9
      vertex 133.895 70.2896 5.9
      vertex 134.03 70.9189 5.9
    endloop
  endfacet
  facet normal -0 0 1
    outer loop
      vertex 133.038 72.4325 5.9
      vertex 134.03 70.9189 5.9
      vertex 134.936 72.4325 5.9
    endloop
  endfacet
  facet normal 0 0 1
    outer loop
      vertex 133.895 70.2896 5.9
      vertex 133.038 72.4325 5.9
      vertex 133.607 69.0419 5.9
    endloop
  endfacet
  facet normal 0 0 1
    outer loop
      vertex 131.063 64.7887 5.9
      vertex 133.607 69.0419 5.9
      vertex 133.038 72.4325 5.9
    endloop
  endfacet
  facet normal 0 0 1
    outer loop
      vertex 133.607 69.0419 5.9
      vertex 131.063 64.7887 5.9
      vertex 132.685 64.7887 5.9
    endloop
  endfacet
  facet normal -0 0 1
    outer loop
      vertex 127.077 69.5301 5.9
      vertex 128.954 68.2878 5.9
      vertex 128.954 69.5301 5.9
    endloop
  endfacet
  facet normal 0 0 1
    outer loop
      vertex 127.077 69.5301 5.9
      vertex 126.86 68.2878 5.9
      vertex 128.954 68.2878 5.9
    endloop
  endfacet
  facet normal 0 0 1
    outer loop
      vertex 127.077 69.5301 5.9
      vertex 126.674 68.2816 5.9
      vertex 126.86 68.2878 5.9
    endloop
  endfacet
  facet normal 0 0 1
    outer loop
      vertex 127.077 69.5301 5.9
      vertex 126.502 68.263 5.9
      vertex 126.674 68.2816 5.9
    endloop
  endfacet
  facet normal -0 0 1
    outer loop
      vertex 125.569 69.2209 5.9
      vertex 126.502 68.263 5.9
      vertex 127.077 69.5301 5.9
    endloop
  endfacet
  facet normal 0 0 1
    outer loop
      vertex 126.502 68.263 5.9
      vertex 125.569 69.2209 5.9
      vertex 126.343 68.232 5.9
    endloop
  endfacet
  facet normal 0 0 1
    outer loop
      vertex 126.343 68.232 5.9
      vertex 125.569 69.2209 5.9
      vertex 126.197 68.1886 5.9
    endloop
  endfacet
  facet normal 0 0 1
    outer loop
      vertex 126.197 68.1886 5.9
      vertex 125.569 69.2209 5.9
      vertex 126.065 68.1328 5.9
    endloop
  endfacet
  facet normal 0 0 1
    outer loop
      vertex 126.065 68.1328 5.9
      vertex 125.569 69.2209 5.9
      vertex 125.946 68.0646 5.9
    endloop
  endfacet
  facet normal -0 0 1
    outer loop
      vertex 125.353 69.16 5.9
      vertex 125.946 68.0646 5.9
      vertex 125.569 69.2209 5.9
    endloop
  endfacet
  facet normal -0 0 1
    outer loop
      vertex 124.962 68.9895 5.9
      vertex 125.84 67.984 5.9
      vertex 125.151 69.0829 5.9
    endloop
  endfacet
  facet normal -0 0 1
    outer loop
      vertex 125.151 69.0829 5.9
      vertex 125.84 67.984 5.9
      vertex 125.353 69.16 5.9
    endloop
  endfacet
  facet normal 0 0 1
    outer loop
      vertex 125.946 68.0646 5.9
      vertex 125.353 69.16 5.9
      vertex 125.84 67.984 5.9
    endloop
  endfacet
  facet normal 0 0 1
    outer loop
      vertex 125.303 72.4325 5.9
      vertex 125.569 69.2209 5.9
      vertex 127.077 69.5301 5.9
    endloop
  endfacet
  facet normal 0 0 1
    outer loop
      vertex 125.569 69.2209 5.9
      vertex 125.303 72.4325 5.9
      vertex 123.502 72.4325 5.9
    endloop
  endfacet
  facet normal 0 0 1
    outer loop
      vertex 128.954 69.5301 5.9
      vertex 130.554 72.4325 5.9
      vertex 128.954 72.4325 5.9
    endloop
  endfacet
  facet normal 0 0 1
    outer loop
      vertex 128.954 68.2878 5.9
      vertex 130.554 72.4325 5.9
      vertex 128.954 69.5301 5.9
    endloop
  endfacet
  facet normal 0 0 1
    outer loop
      vertex 130.554 72.4325 5.9
      vertex 128.954 68.2878 5.9
      vertex 130.554 64.7887 5.9
    endloop
  endfacet
  facet normal -0 0 1
    outer loop
      vertex 128.954 66.031 5.9
      vertex 130.554 64.7887 5.9
      vertex 128.954 68.2878 5.9
    endloop
  endfacet
  facet normal 0 0 1
    outer loop
      vertex 126.735 64.7887 5.9
      vertex 128.954 66.031 5.9
      vertex 126.903 66.031 5.9
    endloop
  endfacet
  facet normal 0 0 1
    outer loop
      vertex 128.954 66.031 5.9
      vertex 126.735 64.7887 5.9
      vertex 130.554 64.7887 5.9
    endloop
  endfacet
  facet normal 0 0 1
    outer loop
      vertex 126.529 66.0535 5.9
      vertex 126.735 64.7887 5.9
      vertex 126.903 66.031 5.9
    endloop
  endfacet
  facet normal 0 0 1
    outer loop
      vertex 126.529 66.0535 5.9
      vertex 126.357 64.8007 5.9
      vertex 126.735 64.7887 5.9
    endloop
  endfacet
  facet normal 0 0 1
    outer loop
      vertex 126.005 64.8367 5.9
      vertex 126.529 66.0535 5.9
      vertex 126.212 66.1209 5.9
    endloop
  endfacet
  facet normal 0 0 1
    outer loop
      vertex 126.529 66.0535 5.9
      vertex 126.005 64.8367 5.9
      vertex 126.357 64.8007 5.9
    endloop
  endfacet
  facet normal 0 0 1
    outer loop
      vertex 125.678 64.8968 5.9
      vertex 126.212 66.1209 5.9
      vertex 125.953 66.2333 5.9
    endloop
  endfacet
  facet normal 0 0 1
    outer loop
      vertex 125.1 65.089 5.9
      vertex 125.953 66.2333 5.9
      vertex 125.752 66.3906 5.9
    endloop
  endfacet
  facet normal 0 0 1
    outer loop
      vertex 126.212 66.1209 5.9
      vertex 125.678 64.8968 5.9
      vertex 126.005 64.8367 5.9
    endloop
  endfacet
  facet normal 0 0 1
    outer loop
      vertex 124.625 65.3773 5.9
      vertex 125.752 66.3906 5.9
      vertex 125.608 66.5929 5.9
    endloop
  endfacet
  facet normal 0 0 1
    outer loop
      vertex 124.018 66.2174 5.9
      vertex 125.608 66.5929 5.9
      vertex 125.521 66.8401 5.9
    endloop
  endfacet
  facet normal 0 0 1
    outer loop
      vertex 123.896 66.763 5.9
      vertex 125.521 66.8401 5.9
      vertex 125.493 67.1323 5.9
    endloop
  endfacet
  facet normal 0 0 1
    outer loop
      vertex 125.953 66.2333 5.9
      vertex 125.376 64.9809 5.9
      vertex 125.678 64.8968 5.9
    endloop
  endfacet
  facet normal 0 0 1
    outer loop
      vertex 125.84 67.984 5.9
      vertex 124.962 68.9895 5.9
      vertex 125.748 67.8922 5.9
    endloop
  endfacet
  facet normal -0 0 1
    outer loop
      vertex 124.786 68.8799 5.9
      vertex 125.748 67.8922 5.9
      vertex 124.962 68.9895 5.9
    endloop
  endfacet
  facet normal 0 0 1
    outer loop
      vertex 125.748 67.8922 5.9
      vertex 124.786 68.8799 5.9
      vertex 125.67 67.7905 5.9
    endloop
  endfacet
  facet normal -0 0 1
    outer loop
      vertex 124.624 68.754 5.9
      vertex 125.67 67.7905 5.9
      vertex 124.786 68.8799 5.9
    endloop
  endfacet
  facet normal -0 0 1
    outer loop
      vertex 124.474 68.6118 5.9
      vertex 125.67 67.7905 5.9
      vertex 124.624 68.754 5.9
    endloop
  endfacet
  facet normal 0 0 1
    outer loop
      vertex 125.67 67.7905 5.9
      vertex 124.474 68.6118 5.9
      vertex 125.606 67.6788 5.9
    endloop
  endfacet
  facet normal -0 0 1
    outer loop
      vertex 124.337 68.4533 5.9
      vertex 125.606 67.6788 5.9
      vertex 124.474 68.6118 5.9
    endloop
  endfacet
  facet normal 0 -0 1
    outer loop
      vertex 123.896 66.763 5.9
      vertex 125.493 67.1323 5.9
      vertex 123.881 67.0671 5.9
    endloop
  endfacet
  facet normal -0 0 1
    outer loop
      vertex 124.216 68.2822 5.9
      vertex 125.606 67.6788 5.9
      vertex 124.337 68.4533 5.9
    endloop
  endfacet
  facet normal 0 0 1
    outer loop
      vertex 125.953 66.2333 5.9
      vertex 125.1 65.089 5.9
      vertex 125.376 64.9809 5.9
    endloop
  endfacet
  facet normal 0 0 1
    outer loop
      vertex 125.606 67.6788 5.9
      vertex 124.216 68.2822 5.9
      vertex 125.556 67.5571 5.9
    endloop
  endfacet
  facet normal 0 0 1
    outer loop
      vertex 125.521 66.8401 5.9
      vertex 123.896 66.763 5.9
      vertex 123.942 66.4797 5.9
    endloop
  endfacet
  facet normal -0 0 1
    outer loop
      vertex 124.114 68.1021 5.9
      vertex 125.556 67.5571 5.9
      vertex 124.216 68.2822 5.9
    endloop
  endfacet
  facet normal 0 0 1
    outer loop
      vertex 125.556 67.5571 5.9
      vertex 124.114 68.1021 5.9
      vertex 125.521 67.4254 5.9
    endloop
  endfacet
  facet normal 0 0 1
    outer loop
      vertex 125.752 66.3906 5.9
      vertex 124.85 65.2211 5.9
      vertex 125.1 65.089 5.9
    endloop
  endfacet
  facet normal -0 0 1
    outer loop
      vertex 124.03 67.9131 5.9
      vertex 125.521 67.4254 5.9
      vertex 124.114 68.1021 5.9
    endloop
  endfacet
  facet normal 0 0 1
    outer loop
      vertex 125.521 66.8401 5.9
      vertex 123.942 66.4797 5.9
      vertex 124.018 66.2174 5.9
    endloop
  endfacet
  facet normal -0 0 1
    outer loop
      vertex 123.965 67.715 5.9
      vertex 125.521 67.4254 5.9
      vertex 124.03 67.9131 5.9
    endloop
  endfacet
  facet normal 0 0 1
    outer loop
      vertex 125.752 66.3906 5.9
      vertex 124.625 65.3773 5.9
      vertex 124.85 65.2211 5.9
    endloop
  endfacet
  facet normal 0 0 1
    outer loop
      vertex 125.521 67.4254 5.9
      vertex 123.965 67.715 5.9
      vertex 125.5 67.2838 5.9
    endloop
  endfacet
  facet normal -0 0 1
    outer loop
      vertex 123.919 67.508 5.9
      vertex 125.5 67.2838 5.9
      vertex 123.965 67.715 5.9
    endloop
  endfacet
  facet normal 0 0 1
    outer loop
      vertex 125.608 66.5929 5.9
      vertex 124.261 65.7555 5.9
      vertex 124.427 65.5559 5.9
    endloop
  endfacet
  facet normal -0 0 1
    outer loop
      vertex 123.891 67.2921 5.9
      vertex 125.5 67.2838 5.9
      vertex 123.919 67.508 5.9
    endloop
  endfacet
  facet normal 0 0 1
    outer loop
      vertex 125.608 66.5929 5.9
      vertex 124.124 65.976 5.9
      vertex 124.261 65.7555 5.9
    endloop
  endfacet
  facet normal 0 0 1
    outer loop
      vertex 125.5 67.2838 5.9
      vertex 123.891 67.2921 5.9
      vertex 125.493 67.1323 5.9
    endloop
  endfacet
  facet normal 0 0 1
    outer loop
      vertex 125.608 66.5929 5.9
      vertex 124.018 66.2174 5.9
      vertex 124.124 65.976 5.9
    endloop
  endfacet
  facet normal 0 0 1
    outer loop
      vertex 125.493 67.1323 5.9
      vertex 123.891 67.2921 5.9
      vertex 123.881 67.0671 5.9
    endloop
  endfacet
  facet normal 0 0 1
    outer loop
      vertex 125.608 66.5929 5.9
      vertex 124.427 65.5559 5.9
      vertex 124.625 65.3773 5.9
    endloop
  endfacet
  facet normal -0.973269 -0.229667 -7.86114e-19
    outer loop
      vertex 136.026 67.7865 5.9
      vertex 135.973 68.0111 6.5
      vertex 135.973 68.0111 5.9
    endloop
  endfacet
  facet normal -0.973269 -0.229667 -7.86114e-19
    outer loop
      vertex 135.973 68.0111 6.5
      vertex 136.026 67.7865 5.9
      vertex 136.026 67.7865 6.5
    endloop
  endfacet
  facet normal -0.976689 -0.214657 1.98598e-19
    outer loop
      vertex 136.076 67.559 5.9
      vertex 136.026 67.7865 6.5
      vertex 136.026 67.7865 5.9
    endloop
  endfacet
  facet normal -0.976689 -0.214657 1.98598e-19
    outer loop
      vertex 136.026 67.7865 6.5
      vertex 136.076 67.559 5.9
      vertex 136.076 67.559 6.5
    endloop
  endfacet
  facet normal -0.97898 -0.203954 7.87332e-19
    outer loop
      vertex 136.124 67.3286 5.9
      vertex 136.076 67.559 6.5
      vertex 136.076 67.559 5.9
    endloop
  endfacet
  facet normal -0.97898 -0.203954 7.87332e-19
    outer loop
      vertex 136.076 67.559 6.5
      vertex 136.124 67.3286 5.9
      vertex 136.124 67.3286 6.5
    endloop
  endfacet
  facet normal -0.981111 -0.193447 -3.38837e-18
    outer loop
      vertex 136.17 67.0953 5.9
      vertex 136.124 67.3286 6.5
      vertex 136.124 67.3286 5.9
    endloop
  endfacet
  facet normal -0.981111 -0.193447 -3.38837e-18
    outer loop
      vertex 136.124 67.3286 6.5
      vertex 136.17 67.0953 5.9
      vertex 136.17 67.0953 6.5
    endloop
  endfacet
  facet normal -0.98383 -0.179105 -5.32016e-18
    outer loop
      vertex 136.213 66.8591 5.9
      vertex 136.17 67.0953 6.5
      vertex 136.17 67.0953 5.9
    endloop
  endfacet
  facet normal -0.98383 -0.179105 -5.32016e-18
    outer loop
      vertex 136.17 67.0953 6.5
      vertex 136.213 66.8591 5.9
      vertex 136.213 66.8591 6.5
    endloop
  endfacet
  facet normal -0.985603 -0.169078 -3.54216e-18
    outer loop
      vertex 136.254 66.6201 5.9
      vertex 136.213 66.8591 6.5
      vertex 136.213 66.8591 5.9
    endloop
  endfacet
  facet normal -0.985603 -0.169078 -3.54216e-18
    outer loop
      vertex 136.213 66.8591 6.5
      vertex 136.254 66.6201 5.9
      vertex 136.254 66.6201 6.5
    endloop
  endfacet
  facet normal -0.987251 -0.159168 2.07841e-18
    outer loop
      vertex 136.293 66.3782 5.9
      vertex 136.254 66.6201 6.5
      vertex 136.254 66.6201 5.9
    endloop
  endfacet
  facet normal -0.987251 -0.159168 2.07841e-18
    outer loop
      vertex 136.254 66.6201 6.5
      vertex 136.293 66.3782 5.9
      vertex 136.293 66.3782 6.5
    endloop
  endfacet
  facet normal 0.983564 -0.180562 2.71629e-18
    outer loop
      vertex 136.293 66.3782 6.5
      vertex 136.329 66.5743 5.9
      vertex 136.329 66.5743 6.5
    endloop
  endfacet
  facet normal 0.983564 -0.180562 2.71629e-18
    outer loop
      vertex 136.329 66.5743 5.9
      vertex 136.293 66.3782 6.5
      vertex 136.293 66.3782 5.9
    endloop
  endfacet
  facet normal 0.983049 -0.183344 -3.2323e-18
    outer loop
      vertex 136.329 66.5743 6.5
      vertex 136.363 66.7566 5.9
      vertex 136.363 66.7566 6.5
    endloop
  endfacet
  facet normal 0.983049 -0.183344 -3.2323e-18
    outer loop
      vertex 136.363 66.7566 5.9
      vertex 136.329 66.5743 6.5
      vertex 136.329 66.5743 5.9
    endloop
  endfacet
  facet normal 0.98244 -0.186576 -3.22471e-18
    outer loop
      vertex 136.363 66.7566 6.5
      vertex 136.395 66.9251 5.9
      vertex 136.395 66.9251 6.5
    endloop
  endfacet
  facet normal 0.98244 -0.186576 -3.22471e-18
    outer loop
      vertex 136.395 66.9251 5.9
      vertex 136.363 66.7566 6.5
      vertex 136.363 66.7566 5.9
    endloop
  endfacet
  facet normal 0.980483 -0.196604 -4.13278e-18
    outer loop
      vertex 136.395 66.9251 6.5
      vertex 136.426 67.0797 5.9
      vertex 136.426 67.0797 6.5
    endloop
  endfacet
  facet normal 0.980483 -0.196604 -4.13278e-18
    outer loop
      vertex 136.426 67.0797 5.9
      vertex 136.395 66.9251 6.5
      vertex 136.395 66.9251 5.9
    endloop
  endfacet
  facet normal 0.980794 -0.195044 -2.52736e-18
    outer loop
      vertex 136.426 67.0797 6.5
      vertex 136.454 67.2205 5.9
      vertex 136.454 67.2205 6.5
    endloop
  endfacet
  facet normal 0.980794 -0.195044 -2.52736e-18
    outer loop
      vertex 136.454 67.2205 5.9
      vertex 136.426 67.0797 6.5
      vertex 136.426 67.0797 5.9
    endloop
  endfacet
  facet normal 0.979649 -0.200716 1.78765e-18
    outer loop
      vertex 136.454 67.2205 6.5
      vertex 136.48 67.3474 5.9
      vertex 136.48 67.3474 6.5
    endloop
  endfacet
  facet normal 0.979649 -0.200716 1.78765e-18
    outer loop
      vertex 136.48 67.3474 5.9
      vertex 136.454 67.2205 6.5
      vertex 136.454 67.2205 5.9
    endloop
  endfacet
  facet normal 0.978218 -0.207579 -2.52633e-18
    outer loop
      vertex 136.48 67.3474 6.5
      vertex 136.504 67.4605 5.9
      vertex 136.504 67.4605 6.5
    endloop
  endfacet
  facet normal 0.978218 -0.207579 -2.52633e-18
    outer loop
      vertex 136.504 67.4605 5.9
      vertex 136.48 67.3474 6.5
      vertex 136.48 67.3474 5.9
    endloop
  endfacet
  facet normal 0.974859 -0.222825 5.63176e-18
    outer loop
      vertex 136.504 67.4605 6.5
      vertex 136.548 67.653 5.9
      vertex 136.548 67.653 6.5
    endloop
  endfacet
  facet normal 0.974859 -0.222825 5.63176e-18
    outer loop
      vertex 136.548 67.653 5.9
      vertex 136.504 67.4605 6.5
      vertex 136.504 67.4605 5.9
    endloop
  endfacet
  facet normal 0.974539 -0.224216 -9.15114e-19
    outer loop
      vertex 136.548 67.653 6.5
      vertex 136.632 68.0181 5.9
      vertex 136.632 68.0181 6.5
    endloop
  endfacet
  facet normal 0.974539 -0.224216 -9.15114e-19
    outer loop
      vertex 136.632 68.0181 5.9
      vertex 136.548 67.653 6.5
      vertex 136.548 67.653 5.9
    endloop
  endfacet
  facet normal 0.974416 -0.224754 6.00313e-18
    outer loop
      vertex 136.632 68.0181 6.5
      vertex 136.756 68.5557 5.9
      vertex 136.756 68.5557 6.5
    endloop
  endfacet
  facet normal 0.974416 -0.224754 6.00313e-18
    outer loop
      vertex 136.756 68.5557 5.9
      vertex 136.632 68.0181 6.5
      vertex 136.632 68.0181 5.9
    endloop
  endfacet
  facet normal 0.974064 -0.226271 -3.62963e-18
    outer loop
      vertex 136.756 68.5557 6.5
      vertex 136.921 69.266 5.9
      vertex 136.921 69.266 6.5
    endloop
  endfacet
  facet normal 0.974064 -0.226271 -3.62963e-18
    outer loop
      vertex 136.921 69.266 5.9
      vertex 136.756 68.5557 6.5
      vertex 136.756 68.5557 5.9
    endloop
  endfacet
  facet normal 0.973844 -0.227219 1.70664e-17
    outer loop
      vertex 136.921 69.266 6.5
      vertex 137.127 70.1489 5.9
      vertex 137.127 70.1489 6.5
    endloop
  endfacet
  facet normal 0.973844 -0.227219 1.70664e-17
    outer loop
      vertex 137.127 70.1489 5.9
      vertex 136.921 69.266 6.5
      vertex 136.921 69.266 5.9
    endloop
  endfacet
  facet normal 0.973899 -0.226982 2.05261e-17
    outer loop
      vertex 137.127 70.1489 6.5
      vertex 137.373 71.2044 5.9
      vertex 137.373 71.2044 6.5
    endloop
  endfacet
  facet normal 0.973899 -0.226982 2.05261e-17
    outer loop
      vertex 137.373 71.2044 5.9
      vertex 137.127 70.1489 6.5
      vertex 137.127 70.1489 5.9
    endloop
  endfacet
  facet normal 0.973763 -0.227563 -1.27617e-17
    outer loop
      vertex 137.373 71.2044 6.5
      vertex 137.66 72.4325 5.9
      vertex 137.66 72.4325 6.5
    endloop
  endfacet
  facet normal 0.973763 -0.227563 -1.27617e-17
    outer loop
      vertex 137.66 72.4325 5.9
      vertex 137.373 71.2044 6.5
      vertex 137.373 71.2044 5.9
    endloop
  endfacet
  facet normal 0 -1 0
    outer loop
      vertex 137.66 72.4325 5.9
      vertex 139.559 72.4325 6.5
      vertex 137.66 72.4325 6.5
    endloop
  endfacet
  facet normal 0 -1 -0
    outer loop
      vertex 139.559 72.4325 6.5
      vertex 137.66 72.4325 5.9
      vertex 139.559 72.4325 5.9
    endloop
  endfacet
  facet normal -0.968387 -0.249451 -6.53892e-18
    outer loop
      vertex 141.528 64.7887 5.9
      vertex 139.559 72.4325 6.5
      vertex 139.559 72.4325 5.9
    endloop
  endfacet
  facet normal -0.968387 -0.249451 -6.53892e-18
    outer loop
      vertex 139.559 72.4325 6.5
      vertex 141.528 64.7887 5.9
      vertex 141.528 64.7887 6.5
    endloop
  endfacet
  facet normal 0 1 -0
    outer loop
      vertex 141.528 64.7887 5.9
      vertex 139.906 64.7887 6.5
      vertex 141.528 64.7887 6.5
    endloop
  endfacet
  facet normal 0 1 0
    outer loop
      vertex 139.906 64.7887 6.5
      vertex 141.528 64.7887 5.9
      vertex 139.906 64.7887 5.9
    endloop
  endfacet
  facet normal 0.975769 0.218805 6.30196e-17
    outer loop
      vertex 139.906 64.7887 6.5
      vertex 138.799 69.7254 5.9
      vertex 138.799 69.7254 6.5
    endloop
  endfacet
  facet normal 0.975769 0.218805 6.30196e-17
    outer loop
      vertex 138.799 69.7254 5.9
      vertex 139.906 64.7887 6.5
      vertex 139.906 64.7887 5.9
    endloop
  endfacet
  facet normal 0.978758 0.205018 0
    outer loop
      vertex 138.799 69.7254 6.5
      vertex 138.549 70.9189 5.9
      vertex 138.549 70.9189 6.5
    endloop
  endfacet
  facet normal 0.978758 0.205018 0
    outer loop
      vertex 138.549 70.9189 5.9
      vertex 138.799 69.7254 6.5
      vertex 138.799 69.7254 5.9
    endloop
  endfacet
  facet normal -0.980422 0.196909 -4.99894e-18
    outer loop
      vertex 138.506 70.7048 5.9
      vertex 138.549 70.9189 6.5
      vertex 138.549 70.9189 5.9
    endloop
  endfacet
  facet normal -0.980422 0.196909 -4.99894e-18
    outer loop
      vertex 138.549 70.9189 6.5
      vertex 138.506 70.7048 5.9
      vertex 138.506 70.7048 6.5
    endloop
  endfacet
  facet normal -0.979915 0.199415 2.28449e-18
    outer loop
      vertex 138.463 70.4935 5.9
      vertex 138.506 70.7048 6.5
      vertex 138.506 70.7048 5.9
    endloop
  endfacet
  facet normal -0.979915 0.199415 2.28449e-18
    outer loop
      vertex 138.506 70.7048 6.5
      vertex 138.463 70.4935 5.9
      vertex 138.463 70.4935 6.5
    endloop
  endfacet
  facet normal -0.980308 0.197472 7.01214e-19
    outer loop
      vertex 138.421 70.285 5.9
      vertex 138.463 70.4935 6.5
      vertex 138.463 70.4935 5.9
    endloop
  endfacet
  facet normal -0.980308 0.197472 7.01214e-19
    outer loop
      vertex 138.463 70.4935 6.5
      vertex 138.421 70.285 5.9
      vertex 138.421 70.285 6.5
    endloop
  endfacet
  facet normal -0.979804 0.19996 -4.7582e-18
    outer loop
      vertex 138.379 70.0792 5.9
      vertex 138.421 70.285 6.5
      vertex 138.421 70.285 5.9
    endloop
  endfacet
  facet normal -0.979804 0.19996 -4.7582e-18
    outer loop
      vertex 138.421 70.285 6.5
      vertex 138.379 70.0792 5.9
      vertex 138.379 70.0792 6.5
    endloop
  endfacet
  facet normal -0.979241 0.202701 -5.11314e-18
    outer loop
      vertex 138.337 69.8763 5.9
      vertex 138.379 70.0792 6.5
      vertex 138.379 70.0792 5.9
    endloop
  endfacet
  facet normal -0.979241 0.202701 -5.11314e-18
    outer loop
      vertex 138.379 70.0792 6.5
      vertex 138.337 69.8763 5.9
      vertex 138.337 69.8763 6.5
    endloop
  endfacet
  facet normal -0.978715 0.205222 1.1309e-18
    outer loop
      vertex 138.295 69.676 5.9
      vertex 138.337 69.8763 6.5
      vertex 138.337 69.8763 5.9
    endloop
  endfacet
  facet normal -0.978715 0.205222 1.1309e-18
    outer loop
      vertex 138.337 69.8763 6.5
      vertex 138.295 69.676 5.9
      vertex 138.295 69.676 6.5
    endloop
  endfacet
  facet normal -0.979104 0.20336 -1.70047e-18
    outer loop
      vertex 138.254 69.4786 5.9
      vertex 138.295 69.676 6.5
      vertex 138.295 69.676 5.9
    endloop
  endfacet
  facet normal -0.979104 0.20336 -1.70047e-18
    outer loop
      vertex 138.295 69.676 6.5
      vertex 138.254 69.4786 5.9
      vertex 138.254 69.4786 6.5
    endloop
  endfacet
  facet normal -0.977443 0.211199 -4.05002e-18
    outer loop
      vertex 138.197 69.2148 5.9
      vertex 138.254 69.4786 6.5
      vertex 138.254 69.4786 5.9
    endloop
  endfacet
  facet normal -0.977443 0.211199 -4.05002e-18
    outer loop
      vertex 138.254 69.4786 6.5
      vertex 138.197 69.2148 5.9
      vertex 138.197 69.2148 6.5
    endloop
  endfacet
  facet normal -0.975515 0.219931 -1.20169e-17
    outer loop
      vertex 138.107 68.8156 5.9
      vertex 138.197 69.2148 6.5
      vertex 138.197 69.2148 5.9
    endloop
  endfacet
  facet normal -0.975515 0.219931 -1.20169e-17
    outer loop
      vertex 138.197 69.2148 6.5
      vertex 138.107 68.8156 5.9
      vertex 138.107 68.8156 6.5
    endloop
  endfacet
  facet normal -0.974926 0.222528 1.23933e-18
    outer loop
      vertex 137.985 68.2811 5.9
      vertex 138.107 68.8156 6.5
      vertex 138.107 68.8156 5.9
    endloop
  endfacet
  facet normal -0.974926 0.222528 1.23933e-18
    outer loop
      vertex 138.107 68.8156 6.5
      vertex 137.985 68.2811 5.9
      vertex 137.985 68.2811 6.5
    endloop
  endfacet
  facet normal -0.974269 0.22539 2.90594e-18
    outer loop
      vertex 137.83 67.6111 5.9
      vertex 137.985 68.2811 6.5
      vertex 137.985 68.2811 5.9
    endloop
  endfacet
  facet normal -0.974269 0.22539 2.90594e-18
    outer loop
      vertex 137.985 68.2811 6.5
      vertex 137.83 67.6111 5.9
      vertex 137.83 67.6111 6.5
    endloop
  endfacet
  facet normal -0.974089 0.226167 2.50376e-17
    outer loop
      vertex 137.643 66.8057 5.9
      vertex 137.83 67.6111 6.5
      vertex 137.83 67.6111 5.9
    endloop
  endfacet
  facet normal -0.974089 0.226167 2.50376e-17
    outer loop
      vertex 137.83 67.6111 6.5
      vertex 137.643 66.8057 5.9
      vertex 137.643 66.8057 6.5
    endloop
  endfacet
  facet normal -0.97396 0.226719 -4.54348e-18
    outer loop
      vertex 137.424 65.8649 5.9
      vertex 137.643 66.8057 6.5
      vertex 137.643 66.8057 5.9
    endloop
  endfacet
  facet normal -0.97396 0.226719 -4.54348e-18
    outer loop
      vertex 137.643 66.8057 6.5
      vertex 137.424 65.8649 5.9
      vertex 137.424 65.8649 6.5
    endloop
  endfacet
  facet normal -0.973663 0.22799 1.37976e-17
    outer loop
      vertex 137.172 64.7887 5.9
      vertex 137.424 65.8649 6.5
      vertex 137.424 65.8649 5.9
    endloop
  endfacet
  facet normal -0.973663 0.22799 1.37976e-17
    outer loop
      vertex 137.424 65.8649 6.5
      vertex 137.172 64.7887 5.9
      vertex 137.172 64.7887 6.5
    endloop
  endfacet
  facet normal 0 1 -0
    outer loop
      vertex 137.172 64.7887 5.9
      vertex 135.381 64.7887 6.5
      vertex 137.172 64.7887 6.5
    endloop
  endfacet
  facet normal 0 1 0
    outer loop
      vertex 135.381 64.7887 6.5
      vertex 137.172 64.7887 5.9
      vertex 135.381 64.7887 5.9
    endloop
  endfacet
  facet normal 0.973009 0.230769 4.09957e-17
    outer loop
      vertex 135.381 64.7887 6.5
      vertex 134.416 68.8575 5.9
      vertex 134.416 68.8575 6.5
    endloop
  endfacet
  facet normal 0.973009 0.230769 4.09957e-17
    outer loop
      vertex 134.416 68.8575 5.9
      vertex 135.381 64.7887 6.5
      vertex 135.381 64.7887 5.9
    endloop
  endfacet
  facet normal 0.973616 0.228191 -3.0047e-18
    outer loop
      vertex 134.416 68.8575 6.5
      vertex 134.38 69.0111 5.9
      vertex 134.38 69.0111 6.5
    endloop
  endfacet
  facet normal 0.973616 0.228191 -3.0047e-18
    outer loop
      vertex 134.38 69.0111 5.9
      vertex 134.416 68.8575 6.5
      vertex 134.416 68.8575 5.9
    endloop
  endfacet
  facet normal 0.978777 0.204928 6.38616e-18
    outer loop
      vertex 134.38 69.0111 6.5
      vertex 134.338 69.2117 5.9
      vertex 134.338 69.2117 6.5
    endloop
  endfacet
  facet normal 0.978777 0.204928 6.38616e-18
    outer loop
      vertex 134.338 69.2117 5.9
      vertex 134.38 69.0111 6.5
      vertex 134.38 69.0111 5.9
    endloop
  endfacet
  facet normal 0.980975 0.194135 -3.08579e-18
    outer loop
      vertex 134.338 69.2117 6.5
      vertex 134.289 69.4593 5.9
      vertex 134.289 69.4593 6.5
    endloop
  endfacet
  facet normal 0.980975 0.194135 -3.08579e-18
    outer loop
      vertex 134.289 69.4593 5.9
      vertex 134.338 69.2117 6.5
      vertex 134.338 69.2117 5.9
    endloop
  endfacet
  facet normal 0.983004 0.183583 7.20775e-18
    outer loop
      vertex 134.289 69.4593 6.5
      vertex 134.234 69.7538 5.9
      vertex 134.234 69.7538 6.5
    endloop
  endfacet
  facet normal 0.983004 0.183583 7.20775e-18
    outer loop
      vertex 134.234 69.7538 5.9
      vertex 134.289 69.4593 6.5
      vertex 134.289 69.4593 5.9
    endloop
  endfacet
  facet normal 0.98441 0.17589 2.1058e-18
    outer loop
      vertex 134.234 69.7538 6.5
      vertex 134.173 70.0952 5.9
      vertex 134.173 70.0952 6.5
    endloop
  endfacet
  facet normal 0.98441 0.17589 2.1058e-18
    outer loop
      vertex 134.173 70.0952 5.9
      vertex 134.234 69.7538 6.5
      vertex 134.234 69.7538 5.9
    endloop
  endfacet
  facet normal 0.985018 0.172454 2.39516e-19
    outer loop
      vertex 134.173 70.0952 6.5
      vertex 134.105 70.4836 5.9
      vertex 134.105 70.4836 6.5
    endloop
  endfacet
  facet normal 0.985018 0.172454 2.39516e-19
    outer loop
      vertex 134.105 70.4836 5.9
      vertex 134.173 70.0952 6.5
      vertex 134.173 70.0952 5.9
    endloop
  endfacet
  facet normal 0.98548 0.169793 -1.17294e-19
    outer loop
      vertex 134.105 70.4836 6.5
      vertex 134.03 70.9189 5.9
      vertex 134.03 70.9189 6.5
    endloop
  endfacet
  facet normal 0.98548 0.169793 -1.17294e-19
    outer loop
      vertex 134.03 70.9189 5.9
      vertex 134.105 70.4836 6.5
      vertex 134.105 70.4836 5.9
    endloop
  endfacet
  facet normal -0.977755 0.209752 -1.64608e-17
    outer loop
      vertex 133.895 70.2896 5.9
      vertex 134.03 70.9189 6.5
      vertex 134.03 70.9189 5.9
    endloop
  endfacet
  facet normal -0.977755 0.209752 -1.64608e-17
    outer loop
      vertex 134.03 70.9189 6.5
      vertex 133.895 70.2896 5.9
      vertex 133.895 70.2896 6.5
    endloop
  endfacet
  facet normal -0.974379 0.224911 1.4147e-17
    outer loop
      vertex 133.607 69.0419 5.9
      vertex 133.895 70.2896 6.5
      vertex 133.895 70.2896 5.9
    endloop
  endfacet
  facet normal -0.974379 0.224911 1.4147e-17
    outer loop
      vertex 133.895 70.2896 6.5
      vertex 133.607 69.0419 5.9
      vertex 133.607 69.0419 6.5
    endloop
  endfacet
  facet normal -0.977301 0.211857 7.66513e-17
    outer loop
      vertex 132.685 64.7887 5.9
      vertex 133.607 69.0419 6.5
      vertex 133.607 69.0419 5.9
    endloop
  endfacet
  facet normal -0.977301 0.211857 7.66513e-17
    outer loop
      vertex 133.607 69.0419 6.5
      vertex 132.685 64.7887 5.9
      vertex 132.685 64.7887 6.5
    endloop
  endfacet
  facet normal 0 1 -0
    outer loop
      vertex 132.685 64.7887 5.9
      vertex 131.063 64.7887 6.5
      vertex 132.685 64.7887 6.5
    endloop
  endfacet
  facet normal 0 1 0
    outer loop
      vertex 131.063 64.7887 6.5
      vertex 132.685 64.7887 5.9
      vertex 131.063 64.7887 5.9
    endloop
  endfacet
  facet normal 0.968204 -0.250164 9.0241e-17
    outer loop
      vertex 131.063 64.7887 6.5
      vertex 133.038 72.4325 5.9
      vertex 133.038 72.4325 6.5
    endloop
  endfacet
  facet normal 0.968204 -0.250164 9.0241e-17
    outer loop
      vertex 133.038 72.4325 5.9
      vertex 131.063 64.7887 6.5
      vertex 131.063 64.7887 5.9
    endloop
  endfacet
  facet normal 0 -1 0
    outer loop
      vertex 133.038 72.4325 5.9
      vertex 134.936 72.4325 6.5
      vertex 133.038 72.4325 6.5
    endloop
  endfacet
  facet normal 0 -1 -0
    outer loop
      vertex 134.936 72.4325 6.5
      vertex 133.038 72.4325 5.9
      vertex 134.936 72.4325 5.9
    endloop
  endfacet
  facet normal -0.97358 -0.228345 1.0197e-17
    outer loop
      vertex 135.973 68.0111 5.9
      vertex 134.936 72.4325 6.5
      vertex 134.936 72.4325 5.9
    endloop
  endfacet
  facet normal -0.97358 -0.228345 1.0197e-17
    outer loop
      vertex 134.936 72.4325 6.5
      vertex 135.973 68.0111 5.9
      vertex 135.973 68.0111 6.5
    endloop
  endfacet
  facet normal 0 -1 0
    outer loop
      vertex 127.077 69.5301 5.9
      vertex 128.954 69.5301 6.5
      vertex 127.077 69.5301 6.5
    endloop
  endfacet
  facet normal 0 -1 -0
    outer loop
      vertex 128.954 69.5301 6.5
      vertex 127.077 69.5301 5.9
      vertex 128.954 69.5301 5.9
    endloop
  endfacet
  facet normal 1 -0 0
    outer loop
      vertex 128.954 69.5301 6.5
      vertex 128.954 72.4325 5.9
      vertex 128.954 72.4325 6.5
    endloop
  endfacet
  facet normal 1 0 0
    outer loop
      vertex 128.954 72.4325 5.9
      vertex 128.954 69.5301 6.5
      vertex 128.954 69.5301 5.9
    endloop
  endfacet
  facet normal 0 -1 0
    outer loop
      vertex 128.954 72.4325 5.9
      vertex 130.554 72.4325 6.5
      vertex 128.954 72.4325 6.5
    endloop
  endfacet
  facet normal 0 -1 -0
    outer loop
      vertex 130.554 72.4325 6.5
      vertex 128.954 72.4325 5.9
      vertex 130.554 72.4325 5.9
    endloop
  endfacet
  facet normal -1 0 0
    outer loop
      vertex 130.554 64.7887 5.9
      vertex 130.554 72.4325 6.5
      vertex 130.554 72.4325 5.9
    endloop
  endfacet
  facet normal -1 -0 0
    outer loop
      vertex 130.554 72.4325 6.5
      vertex 130.554 64.7887 5.9
      vertex 130.554 64.7887 6.5
    endloop
  endfacet
  facet normal 0 1 -0
    outer loop
      vertex 130.554 64.7887 5.9
      vertex 126.735 64.7887 6.5
      vertex 130.554 64.7887 6.5
    endloop
  endfacet
  facet normal 0 1 0
    outer loop
      vertex 126.735 64.7887 6.5
      vertex 130.554 64.7887 5.9
      vertex 126.735 64.7887 5.9
    endloop
  endfacet
  facet normal 0.03173 0.999496 -0
    outer loop
      vertex 126.735 64.7887 5.9
      vertex 126.357 64.8007 6.5
      vertex 126.735 64.7887 6.5
    endloop
  endfacet
  facet normal 0.03173 0.999496 0
    outer loop
      vertex 126.357 64.8007 6.5
      vertex 126.735 64.7887 5.9
      vertex 126.357 64.8007 5.9
    endloop
  endfacet
  facet normal 0.101742 0.994811 -0
    outer loop
      vertex 126.357 64.8007 5.9
      vertex 126.005 64.8367 6.5
      vertex 126.357 64.8007 6.5
    endloop
  endfacet
  facet normal 0.101742 0.994811 0
    outer loop
      vertex 126.005 64.8367 6.5
      vertex 126.357 64.8007 5.9
      vertex 126.005 64.8367 5.9
    endloop
  endfacet
  facet normal 0.180764 0.983526 -0
    outer loop
      vertex 126.005 64.8367 5.9
      vertex 125.678 64.8968 6.5
      vertex 126.005 64.8367 6.5
    endloop
  endfacet
  facet normal 0.180764 0.983526 0
    outer loop
      vertex 125.678 64.8968 6.5
      vertex 126.005 64.8367 5.9
      vertex 125.678 64.8968 5.9
    endloop
  endfacet
  facet normal 0.268269 0.963344 -0
    outer loop
      vertex 125.678 64.8968 5.9
      vertex 125.376 64.9809 6.5
      vertex 125.678 64.8968 6.5
    endloop
  endfacet
  facet normal 0.268269 0.963344 0
    outer loop
      vertex 125.376 64.9809 6.5
      vertex 125.678 64.8968 5.9
      vertex 125.376 64.9809 5.9
    endloop
  endfacet
  facet normal 0.364692 0.931128 -0
    outer loop
      vertex 125.376 64.9809 5.9
      vertex 125.1 65.089 6.5
      vertex 125.376 64.9809 6.5
    endloop
  endfacet
  facet normal 0.364692 0.931128 0
    outer loop
      vertex 125.1 65.089 6.5
      vertex 125.376 64.9809 5.9
      vertex 125.1 65.089 5.9
    endloop
  endfacet
  facet normal 0.467189 0.884158 -0
    outer loop
      vertex 125.1 65.089 5.9
      vertex 124.85 65.2211 6.5
      vertex 125.1 65.089 6.5
    endloop
  endfacet
  facet normal 0.467189 0.884158 0
    outer loop
      vertex 124.85 65.2211 6.5
      vertex 125.1 65.089 5.9
      vertex 124.85 65.2211 5.9
    endloop
  endfacet
  facet normal 0.570273 0.821455 -0
    outer loop
      vertex 124.85 65.2211 5.9
      vertex 124.625 65.3773 6.5
      vertex 124.85 65.2211 6.5
    endloop
  endfacet
  facet normal 0.570273 0.821455 0
    outer loop
      vertex 124.625 65.3773 6.5
      vertex 124.85 65.2211 5.9
      vertex 124.625 65.3773 5.9
    endloop
  endfacet
  facet normal 0.669793 0.742548 -0
    outer loop
      vertex 124.625 65.3773 5.9
      vertex 124.427 65.5559 6.5
      vertex 124.625 65.3773 6.5
    endloop
  endfacet
  facet normal 0.669793 0.742548 0
    outer loop
      vertex 124.427 65.5559 6.5
      vertex 124.625 65.3773 5.9
      vertex 124.427 65.5559 5.9
    endloop
  endfacet
  facet normal 0.768852 0.639426 1.64869e-17
    outer loop
      vertex 124.427 65.5559 6.5
      vertex 124.261 65.7555 5.9
      vertex 124.261 65.7555 6.5
    endloop
  endfacet
  facet normal 0.768852 0.639426 1.64869e-17
    outer loop
      vertex 124.261 65.7555 5.9
      vertex 124.427 65.5559 6.5
      vertex 124.427 65.5559 5.9
    endloop
  endfacet
  facet normal 0.849402 0.527746 1.11067e-17
    outer loop
      vertex 124.261 65.7555 6.5
      vertex 124.124 65.976 5.9
      vertex 124.124 65.976 6.5
    endloop
  endfacet
  facet normal 0.849402 0.527746 1.11067e-17
    outer loop
      vertex 124.124 65.976 5.9
      vertex 124.261 65.7555 6.5
      vertex 124.261 65.7555 5.9
    endloop
  endfacet
  facet normal 0.915617 0.402052 -4.35643e-18
    outer loop
      vertex 124.124 65.976 6.5
      vertex 124.018 66.2174 5.9
      vertex 124.018 66.2174 6.5
    endloop
  endfacet
  facet normal 0.915617 0.402052 -4.35643e-18
    outer loop
      vertex 124.018 66.2174 5.9
      vertex 124.124 65.976 6.5
      vertex 124.124 65.976 5.9
    endloop
  endfacet
  facet normal 0.960495 0.278298 7.59965e-19
    outer loop
      vertex 124.018 66.2174 6.5
      vertex 123.942 66.4797 5.9
      vertex 123.942 66.4797 6.5
    endloop
  endfacet
  facet normal 0.960495 0.278298 7.59965e-19
    outer loop
      vertex 123.942 66.4797 5.9
      vertex 124.018 66.2174 6.5
      vertex 124.018 66.2174 5.9
    endloop
  endfacet
  facet normal 0.987073 0.160273 5.61281e-19
    outer loop
      vertex 123.942 66.4797 6.5
      vertex 123.896 66.763 5.9
      vertex 123.896 66.763 6.5
    endloop
  endfacet
  facet normal 0.987073 0.160273 5.61281e-19
    outer loop
      vertex 123.896 66.763 5.9
      vertex 123.942 66.4797 6.5
      vertex 123.942 66.4797 5.9
    endloop
  endfacet
  facet normal 0.998786 0.049266 8.78482e-19
    outer loop
      vertex 123.896 66.763 6.5
      vertex 123.881 67.0671 5.9
      vertex 123.881 67.0671 6.5
    endloop
  endfacet
  facet normal 0.998786 0.049266 8.78482e-19
    outer loop
      vertex 123.881 67.0671 5.9
      vertex 123.896 66.763 6.5
      vertex 123.896 66.763 5.9
    endloop
  endfacet
  facet normal 0.999014 -0.0444006 6.67531e-19
    outer loop
      vertex 123.881 67.0671 6.5
      vertex 123.891 67.2921 5.9
      vertex 123.891 67.2921 6.5
    endloop
  endfacet
  facet normal 0.999014 -0.0444006 6.67531e-19
    outer loop
      vertex 123.891 67.2921 5.9
      vertex 123.881 67.0671 6.5
      vertex 123.881 67.0671 5.9
    endloop
  endfacet
  facet normal 0.991695 -0.128613 -2.79492e-18
    outer loop
      vertex 123.891 67.2921 6.5
      vertex 123.919 67.508 5.9
      vertex 123.919 67.508 6.5
    endloop
  endfacet
  facet normal 0.991695 -0.128613 -2.79492e-18
    outer loop
      vertex 123.919 67.508 5.9
      vertex 123.891 67.2921 6.5
      vertex 123.891 67.2921 5.9
    endloop
  endfacet
  facet normal 0.976187 -0.21693 -3.77318e-18
    outer loop
      vertex 123.919 67.508 6.5
      vertex 123.965 67.715 5.9
      vertex 123.965 67.715 6.5
    endloop
  endfacet
  facet normal 0.976187 -0.21693 -3.77318e-18
    outer loop
      vertex 123.965 67.715 5.9
      vertex 123.919 67.508 6.5
      vertex 123.919 67.508 5.9
    endloop
  endfacet
  facet normal 0.95016 -0.311764 -7.4373e-19
    outer loop
      vertex 123.965 67.715 6.5
      vertex 124.03 67.9131 5.9
      vertex 124.03 67.9131 6.5
    endloop
  endfacet
  facet normal 0.95016 -0.311764 -7.4373e-19
    outer loop
      vertex 124.03 67.9131 5.9
      vertex 123.965 67.715 6.5
      vertex 123.965 67.715 5.9
    endloop
  endfacet
  facet normal 0.913812 -0.406138 1.11903e-17
    outer loop
      vertex 124.03 67.9131 6.5
      vertex 124.114 68.1021 5.9
      vertex 124.114 68.1021 6.5
    endloop
  endfacet
  facet normal 0.913812 -0.406138 1.11903e-17
    outer loop
      vertex 124.114 68.1021 5.9
      vertex 124.03 67.9131 6.5
      vertex 124.03 67.9131 5.9
    endloop
  endfacet
  facet normal 0.87014 -0.492805 4.97203e-18
    outer loop
      vertex 124.114 68.1021 6.5
      vertex 124.216 68.2822 5.9
      vertex 124.216 68.2822 6.5
    endloop
  endfacet
  facet normal 0.87014 -0.492805 4.97203e-18
    outer loop
      vertex 124.216 68.2822 5.9
      vertex 124.114 68.1021 6.5
      vertex 124.114 68.1021 5.9
    endloop
  endfacet
  facet normal 0.816465 -0.577395 8.54257e-18
    outer loop
      vertex 124.216 68.2822 6.5
      vertex 124.337 68.4533 5.9
      vertex 124.337 68.4533 6.5
    endloop
  endfacet
  facet normal 0.816465 -0.577395 8.54257e-18
    outer loop
      vertex 124.337 68.4533 5.9
      vertex 124.216 68.2822 6.5
      vertex 124.216 68.2822 5.9
    endloop
  endfacet
  facet normal 0.756555 -0.65393 2.61964e-18
    outer loop
      vertex 124.337 68.4533 6.5
      vertex 124.474 68.6118 5.9
      vertex 124.474 68.6118 6.5
    endloop
  endfacet
  facet normal 0.756555 -0.65393 2.61964e-18
    outer loop
      vertex 124.474 68.6118 5.9
      vertex 124.337 68.4533 6.5
      vertex 124.337 68.4533 5.9
    endloop
  endfacet
  facet normal 0.687986 -0.725724 0
    outer loop
      vertex 124.474 68.6118 5.9
      vertex 124.624 68.754 6.5
      vertex 124.474 68.6118 6.5
    endloop
  endfacet
  facet normal 0.687986 -0.725724 0
    outer loop
      vertex 124.624 68.754 6.5
      vertex 124.474 68.6118 5.9
      vertex 124.624 68.754 5.9
    endloop
  endfacet
  facet normal 0.613637 -0.789588 0
    outer loop
      vertex 124.624 68.754 5.9
      vertex 124.786 68.8799 6.5
      vertex 124.624 68.754 6.5
    endloop
  endfacet
  facet normal 0.613637 -0.789588 0
    outer loop
      vertex 124.786 68.8799 6.5
      vertex 124.624 68.754 5.9
      vertex 124.786 68.8799 5.9
    endloop
  endfacet
  facet normal 0.528611 -0.848864 0
    outer loop
      vertex 124.786 68.8799 5.9
      vertex 124.962 68.9895 6.5
      vertex 124.786 68.8799 6.5
    endloop
  endfacet
  facet normal 0.528611 -0.848864 0
    outer loop
      vertex 124.962 68.9895 6.5
      vertex 124.786 68.8799 5.9
      vertex 124.962 68.9895 5.9
    endloop
  endfacet
  facet normal 0.443035 -0.896505 0
    outer loop
      vertex 124.962 68.9895 5.9
      vertex 125.151 69.0829 6.5
      vertex 124.962 68.9895 6.5
    endloop
  endfacet
  facet normal 0.443035 -0.896505 0
    outer loop
      vertex 125.151 69.0829 6.5
      vertex 124.962 68.9895 5.9
      vertex 125.151 69.0829 5.9
    endloop
  endfacet
  facet normal 0.356591 -0.93426 0
    outer loop
      vertex 125.151 69.0829 5.9
      vertex 125.353 69.16 6.5
      vertex 125.151 69.0829 6.5
    endloop
  endfacet
  facet normal 0.356591 -0.93426 0
    outer loop
      vertex 125.353 69.16 6.5
      vertex 125.151 69.0829 5.9
      vertex 125.353 69.16 5.9
    endloop
  endfacet
  facet normal 0.271365 -0.962477 0
    outer loop
      vertex 125.353 69.16 5.9
      vertex 125.569 69.2209 6.5
      vertex 125.353 69.16 6.5
    endloop
  endfacet
  facet normal 0.271365 -0.962477 0
    outer loop
      vertex 125.569 69.2209 6.5
      vertex 125.353 69.16 5.9
      vertex 125.569 69.2209 5.9
    endloop
  endfacet
  facet normal 0.840893 0.541202 -1.16829e-16
    outer loop
      vertex 125.569 69.2209 6.5
      vertex 123.502 72.4325 5.9
      vertex 123.502 72.4325 6.5
    endloop
  endfacet
  facet normal 0.840893 0.541202 -1.16829e-16
    outer loop
      vertex 123.502 72.4325 5.9
      vertex 125.569 69.2209 6.5
      vertex 125.569 69.2209 5.9
    endloop
  endfacet
  facet normal 0 -1 0
    outer loop
      vertex 123.502 72.4325 5.9
      vertex 125.303 72.4325 6.5
      vertex 123.502 72.4325 6.5
    endloop
  endfacet
  facet normal 0 -1 -0
    outer loop
      vertex 125.303 72.4325 6.5
      vertex 123.502 72.4325 5.9
      vertex 125.303 72.4325 5.9
    endloop
  endfacet
  facet normal -0.853241 -0.521517 1.1312e-16
    outer loop
      vertex 127.077 69.5301 5.9
      vertex 125.303 72.4325 6.5
      vertex 125.303 72.4325 5.9
    endloop
  endfacet
  facet normal -0.853241 -0.521517 1.1312e-16
    outer loop
      vertex 125.303 72.4325 6.5
      vertex 127.077 69.5301 5.9
      vertex 127.077 69.5301 6.5
    endloop
  endfacet
  facet normal -0.0333148 0.999445 0
    outer loop
      vertex 126.86 68.2878 5.9
      vertex 126.674 68.2816 6.5
      vertex 126.86 68.2878 6.5
    endloop
  endfacet
  facet normal -0.0333148 0.999445 0
    outer loop
      vertex 126.674 68.2816 6.5
      vertex 126.86 68.2878 5.9
      vertex 126.674 68.2816 5.9
    endloop
  endfacet
  facet normal -0.107513 0.994204 0
    outer loop
      vertex 126.674 68.2816 5.9
      vertex 126.502 68.263 6.5
      vertex 126.674 68.2816 6.5
    endloop
  endfacet
  facet normal -0.107513 0.994204 0
    outer loop
      vertex 126.502 68.263 6.5
      vertex 126.674 68.2816 5.9
      vertex 126.502 68.263 5.9
    endloop
  endfacet
  facet normal -0.191365 0.981519 0
    outer loop
      vertex 126.502 68.263 5.9
      vertex 126.343 68.232 6.5
      vertex 126.502 68.263 6.5
    endloop
  endfacet
  facet normal -0.191365 0.981519 0
    outer loop
      vertex 126.343 68.232 6.5
      vertex 126.502 68.263 5.9
      vertex 126.343 68.232 5.9
    endloop
  endfacet
  facet normal -0.284938 0.958546 0
    outer loop
      vertex 126.343 68.232 5.9
      vertex 126.197 68.1886 6.5
      vertex 126.343 68.232 6.5
    endloop
  endfacet
  facet normal -0.284938 0.958546 0
    outer loop
      vertex 126.197 68.1886 6.5
      vertex 126.343 68.232 5.9
      vertex 126.197 68.1886 5.9
    endloop
  endfacet
  facet normal -0.389367 0.921083 0
    outer loop
      vertex 126.197 68.1886 5.9
      vertex 126.065 68.1328 6.5
      vertex 126.197 68.1886 6.5
    endloop
  endfacet
  facet normal -0.389367 0.921083 0
    outer loop
      vertex 126.065 68.1328 6.5
      vertex 126.197 68.1886 5.9
      vertex 126.065 68.1328 5.9
    endloop
  endfacet
  facet normal -0.497238 0.867614 0
    outer loop
      vertex 126.065 68.1328 5.9
      vertex 125.946 68.0646 6.5
      vertex 126.065 68.1328 6.5
    endloop
  endfacet
  facet normal -0.497238 0.867614 0
    outer loop
      vertex 125.946 68.0646 6.5
      vertex 126.065 68.1328 5.9
      vertex 125.946 68.0646 5.9
    endloop
  endfacet
  facet normal -0.605274 0.796017 0
    outer loop
      vertex 125.946 68.0646 5.9
      vertex 125.84 67.984 6.5
      vertex 125.946 68.0646 6.5
    endloop
  endfacet
  facet normal -0.605274 0.796017 0
    outer loop
      vertex 125.84 67.984 6.5
      vertex 125.946 68.0646 5.9
      vertex 125.84 67.984 5.9
    endloop
  endfacet
  facet normal -0.706337 0.707876 0
    outer loop
      vertex 125.84 67.984 5.9
      vertex 125.748 67.8922 6.5
      vertex 125.84 67.984 6.5
    endloop
  endfacet
  facet normal -0.706337 0.707876 0
    outer loop
      vertex 125.748 67.8922 6.5
      vertex 125.84 67.984 5.9
      vertex 125.748 67.8922 5.9
    endloop
  endfacet
  facet normal -0.793493 0.608579 9.79676e-18
    outer loop
      vertex 125.67 67.7905 5.9
      vertex 125.748 67.8922 6.5
      vertex 125.748 67.8922 5.9
    endloop
  endfacet
  facet normal -0.793493 0.608579 9.79676e-18
    outer loop
      vertex 125.748 67.8922 6.5
      vertex 125.67 67.7905 5.9
      vertex 125.67 67.7905 6.5
    endloop
  endfacet
  facet normal -0.867669 0.497142 -1.27147e-18
    outer loop
      vertex 125.606 67.6788 5.9
      vertex 125.67 67.7905 6.5
      vertex 125.67 67.7905 5.9
    endloop
  endfacet
  facet normal -0.867669 0.497142 -1.27147e-18
    outer loop
      vertex 125.67 67.7905 6.5
      vertex 125.606 67.6788 5.9
      vertex 125.606 67.6788 6.5
    endloop
  endfacet
  facet normal -0.924977 0.380023 4.54257e-18
    outer loop
      vertex 125.556 67.5571 5.9
      vertex 125.606 67.6788 6.5
      vertex 125.606 67.6788 5.9
    endloop
  endfacet
  facet normal -0.924977 0.380023 4.54257e-18
    outer loop
      vertex 125.606 67.6788 6.5
      vertex 125.556 67.5571 5.9
      vertex 125.556 67.5571 6.5
    endloop
  endfacet
  facet normal -0.966454 0.25684 -3.24053e-18
    outer loop
      vertex 125.521 67.4254 5.9
      vertex 125.556 67.5571 6.5
      vertex 125.556 67.5571 5.9
    endloop
  endfacet
  facet normal -0.966454 0.25684 -3.24053e-18
    outer loop
      vertex 125.556 67.5571 6.5
      vertex 125.521 67.4254 5.9
      vertex 125.521 67.4254 6.5
    endloop
  endfacet
  facet normal -0.989181 0.146701 6.72228e-19
    outer loop
      vertex 125.5 67.2838 5.9
      vertex 125.521 67.4254 6.5
      vertex 125.521 67.4254 5.9
    endloop
  endfacet
  facet normal -0.989181 0.146701 6.72228e-19
    outer loop
      vertex 125.521 67.4254 6.5
      vertex 125.5 67.2838 5.9
      vertex 125.5 67.2838 6.5
    endloop
  endfacet
  facet normal -0.998934 0.0461554 -6.29554e-19
    outer loop
      vertex 125.493 67.1323 5.9
      vertex 125.5 67.2838 6.5
      vertex 125.5 67.2838 5.9
    endloop
  endfacet
  facet normal -0.998934 0.0461554 -6.29554e-19
    outer loop
      vertex 125.5 67.2838 6.5
      vertex 125.493 67.1323 5.9
      vertex 125.493 67.1323 6.5
    endloop
  endfacet
  facet normal -0.99544 -0.0953878 2.77185e-18
    outer loop
      vertex 125.521 66.8401 5.9
      vertex 125.493 67.1323 6.5
      vertex 125.493 67.1323 5.9
    endloop
  endfacet
  facet normal -0.99544 -0.0953878 2.77185e-18
    outer loop
      vertex 125.493 67.1323 6.5
      vertex 125.521 66.8401 5.9
      vertex 125.521 66.8401 6.5
    endloop
  endfacet
  facet normal -0.943286 -0.331982 1.05065e-19
    outer loop
      vertex 125.608 66.5929 5.9
      vertex 125.521 66.8401 6.5
      vertex 125.521 66.8401 5.9
    endloop
  endfacet
  facet normal -0.943286 -0.331982 1.05065e-19
    outer loop
      vertex 125.521 66.8401 6.5
      vertex 125.608 66.5929 5.9
      vertex 125.608 66.5929 6.5
    endloop
  endfacet
  facet normal -0.814685 -0.579904 5.73807e-18
    outer loop
      vertex 125.752 66.3906 5.9
      vertex 125.608 66.5929 6.5
      vertex 125.608 66.5929 5.9
    endloop
  endfacet
  facet normal -0.814685 -0.579904 5.73807e-18
    outer loop
      vertex 125.608 66.5929 6.5
      vertex 125.752 66.3906 5.9
      vertex 125.752 66.3906 6.5
    endloop
  endfacet
  facet normal -0.616298 -0.787513 0
    outer loop
      vertex 125.752 66.3906 5.9
      vertex 125.953 66.2333 6.5
      vertex 125.752 66.3906 6.5
    endloop
  endfacet
  facet normal -0.616298 -0.787513 -0
    outer loop
      vertex 125.953 66.2333 6.5
      vertex 125.752 66.3906 5.9
      vertex 125.953 66.2333 5.9
    endloop
  endfacet
  facet normal -0.398104 -0.91734 0
    outer loop
      vertex 125.953 66.2333 5.9
      vertex 126.212 66.1209 6.5
      vertex 125.953 66.2333 6.5
    endloop
  endfacet
  facet normal -0.398104 -0.91734 -0
    outer loop
      vertex 126.212 66.1209 6.5
      vertex 125.953 66.2333 5.9
      vertex 126.212 66.1209 5.9
    endloop
  endfacet
  facet normal -0.207969 -0.978135 0
    outer loop
      vertex 126.212 66.1209 5.9
      vertex 126.529 66.0535 6.5
      vertex 126.212 66.1209 6.5
    endloop
  endfacet
  facet normal -0.207969 -0.978135 -0
    outer loop
      vertex 126.529 66.0535 6.5
      vertex 126.212 66.1209 5.9
      vertex 126.529 66.0535 5.9
    endloop
  endfacet
  facet normal -0.0600519 -0.998195 0
    outer loop
      vertex 126.529 66.0535 5.9
      vertex 126.903 66.031 6.5
      vertex 126.529 66.0535 6.5
    endloop
  endfacet
  facet normal -0.0600519 -0.998195 -0
    outer loop
      vertex 126.903 66.031 6.5
      vertex 126.529 66.0535 5.9
      vertex 126.903 66.031 5.9
    endloop
  endfacet
  facet normal 0 -1 0
    outer loop
      vertex 126.903 66.031 5.9
      vertex 128.954 66.031 6.5
      vertex 126.903 66.031 6.5
    endloop
  endfacet
  facet normal 0 -1 -0
    outer loop
      vertex 128.954 66.031 6.5
      vertex 126.903 66.031 5.9
      vertex 128.954 66.031 5.9
    endloop
  endfacet
  facet normal 1 -0 0
    outer loop
      vertex 128.954 66.031 6.5
      vertex 128.954 68.2878 5.9
      vertex 128.954 68.2878 6.5
    endloop
  endfacet
  facet normal 1 0 0
    outer loop
      vertex 128.954 68.2878 5.9
      vertex 128.954 66.031 6.5
      vertex 128.954 66.031 5.9
    endloop
  endfacet
  facet normal 0 1 -0
    outer loop
      vertex 128.954 68.2878 5.9
      vertex 126.86 68.2878 6.5
      vertex 128.954 68.2878 6.5
    endloop
  endfacet
  facet normal 0 1 0
    outer loop
      vertex 126.86 68.2878 6.5
      vertex 128.954 68.2878 5.9
      vertex 126.86 68.2878 5.9
    endloop
  endfacet
  facet normal 0 0 -1
    outer loop
      vertex 1.59999 108.8 0
      vertex 10.65 106.977 0
      vertex 1.59999 105.485 0
    endloop
  endfacet
  facet normal 0 0 -1
    outer loop
      vertex 10.65 106.977 0
      vertex 1.59999 108.8 0
      vertex 10.5 108.8 0
    endloop
  endfacet
  facet normal 0 0 -1
    outer loop
      vertex 71 101.2 0
      vertex 64.9 108.8 0
      vertex 71 125.8 0
    endloop
  endfacet
  facet normal 0 0 -1
    outer loop
      vertex 71 101.2 0
      vertex 62.5 108.8 0
      vertex 64.9 108.8 0
    endloop
  endfacet
  facet normal 0 0 -1
    outer loop
      vertex 62.5 108.8 0
      vertex 50.5 108.8 0
      vertex 62.5 113.8 0
    endloop
  endfacet
  facet normal 0 0 -1
    outer loop
      vertex 71 101.2 0
      vertex 50.5 108.8 0
      vertex 62.5 108.8 0
    endloop
  endfacet
  facet normal 0 0 -1
    outer loop
      vertex 71 101.2 0
      vertex 45.5 108.8 0
      vertex 50.5 108.8 0
    endloop
  endfacet
  facet normal 0 0 -1
    outer loop
      vertex 45.5 108.8 0
      vertex 33.5 108.8 0
      vertex 45.5 119.3 0
    endloop
  endfacet
  facet normal 0 0 -1
    outer loop
      vertex 10.65 101.2 0
      vertex 45.5 108.8 0
      vertex 71 101.2 0
    endloop
  endfacet
  facet normal -0 0 -1
    outer loop
      vertex 45.5 108.8 0
      vertex 10.65 101.2 0
      vertex 33.5 108.8 0
    endloop
  endfacet
  facet normal -0 0 -1
    outer loop
      vertex 33.5 108.8 0
      vertex 10.65 101.2 0
      vertex 22.5 108.8 0
    endloop
  endfacet
  facet normal 0 0 -1
    outer loop
      vertex 10.65 106.977 0
      vertex 22.5 108.8 0
      vertex 10.65 101.2 0
    endloop
  endfacet
  facet normal 0 0 -1
    outer loop
      vertex 10.5 108.8 0
      vertex 22.5 108.8 0
      vertex 10.65 106.977 0
    endloop
  endfacet
  facet normal 0 0 -1
    outer loop
      vertex 22.5 108.8 0
      vertex 10.5 108.8 0
      vertex 22.5 119.3 0
    endloop
  endfacet
  facet normal -0 0 -1
    outer loop
      vertex 22.5 119.3 0
      vertex 10.5 108.8 0
      vertex 10.5 119.3 0
    endloop
  endfacet
  facet normal -0 0 -1
    outer loop
      vertex 71 125.8 0
      vertex 64.9 108.8 0
      vertex 64.9 125.8 0
    endloop
  endfacet
  facet normal -0 0 -1
    outer loop
      vertex 62.5 113.8 0
      vertex 50.5 108.8 0
      vertex 50.5 113.8 0
    endloop
  endfacet
  facet normal -0 0 -1
    outer loop
      vertex 45.5 119.3 0
      vertex 33.5 108.8 0
      vertex 33.5 119.3 0
    endloop
  endfacet
  facet normal 0 0 1
    outer loop
      vertex 10.5 108.8 5
      vertex 22.5 108.8 5
      vertex 22.5 119.3 5
    endloop
  endfacet
  facet normal 0 0 1
    outer loop
      vertex 10.5 108.8 5
      vertex 22.5 119.3 5
      vertex 10.5 119.3 5
    endloop
  endfacet
  facet normal 0 0 1
    outer loop
      vertex 22.5 108.8 5
      vertex 10.5 108.8 5
      vertex 10.65 106.977 5
    endloop
  endfacet
  facet normal -0 0 1
    outer loop
      vertex 1.59999 108.8 5
      vertex 10.65 106.977 5
      vertex 10.5 108.8 5
    endloop
  endfacet
  facet normal 0 0 1
    outer loop
      vertex 10.65 106.977 5
      vertex 1.59999 108.8 5
      vertex 1.59999 105.485 5
    endloop
  endfacet
  facet normal 0 0 1
    outer loop
      vertex 38.9548 106.832 5
      vertex 45.5 108.8 5
      vertex 45.5 119.3 5
    endloop
  endfacet
  facet normal 0 0 1
    outer loop
      vertex 39.7556 105.734 5
      vertex 45.5 108.8 5
      vertex 39.7578 105.81 5
    endloop
  endfacet
  facet normal 0 0 1
    outer loop
      vertex 45.5 108.8 5
      vertex 39.751 105.951 5
      vertex 39.7578 105.81 5
    endloop
  endfacet
  facet normal 0 0 1
    outer loop
      vertex 45.5 108.8 5
      vertex 39.7308 106.083 5
      vertex 39.751 105.951 5
    endloop
  endfacet
  facet normal 0 0 1
    outer loop
      vertex 45.5 108.8 5
      vertex 39.697 106.205 5
      vertex 39.7308 106.083 5
    endloop
  endfacet
  facet normal 0 0 1
    outer loop
      vertex 45.5 108.8 5
      vertex 39.6497 106.318 5
      vertex 39.697 106.205 5
    endloop
  endfacet
  facet normal 0 0 1
    outer loop
      vertex 45.5 108.8 5
      vertex 39.5889 106.422 5
      vertex 39.6497 106.318 5
    endloop
  endfacet
  facet normal 0 0 1
    outer loop
      vertex 45.5 108.8 5
      vertex 39.5147 106.517 5
      vertex 39.5889 106.422 5
    endloop
  endfacet
  facet normal 0 0 1
    outer loop
      vertex 45.5 108.8 5
      vertex 39.4269 106.602 5
      vertex 39.5147 106.517 5
    endloop
  endfacet
  facet normal 0 0 1
    outer loop
      vertex 45.5 108.8 5
      vertex 39.3264 106.677 5
      vertex 39.4269 106.602 5
    endloop
  endfacet
  facet normal 0 0 1
    outer loop
      vertex 45.5 108.8 5
      vertex 39.2143 106.74 5
      vertex 39.3264 106.677 5
    endloop
  endfacet
  facet normal 0 0 1
    outer loop
      vertex 45.5 108.8 5
      vertex 39.0904 106.792 5
      vertex 39.2143 106.74 5
    endloop
  endfacet
  facet normal 0 0 1
    outer loop
      vertex 45.5 108.8 5
      vertex 38.9548 106.832 5
      vertex 39.0904 106.792 5
    endloop
  endfacet
  facet normal 0 0 1
    outer loop
      vertex 45.5 119.3 5
      vertex 38.8074 106.861 5
      vertex 38.9548 106.832 5
    endloop
  endfacet
  facet normal 0 0 1
    outer loop
      vertex 45.5 119.3 5
      vertex 38.6483 106.878 5
      vertex 38.8074 106.861 5
    endloop
  endfacet
  facet normal -0 0 1
    outer loop
      vertex 33.5 119.3 5
      vertex 38.6483 106.878 5
      vertex 45.5 119.3 5
    endloop
  endfacet
  facet normal 0 0 1
    outer loop
      vertex 38.6483 106.878 5
      vertex 33.5 119.3 5
      vertex 38.4775 106.884 5
    endloop
  endfacet
  facet normal -0 0 1
    outer loop
      vertex 33.5 108.8 5
      vertex 38.4775 106.884 5
      vertex 33.5 119.3 5
    endloop
  endfacet
  facet normal 0 0 1
    outer loop
      vertex 38.4775 106.884 5
      vertex 33.5 108.8 5
      vertex 38.3188 106.878 5
    endloop
  endfacet
  facet normal 0 0 1
    outer loop
      vertex 38.3188 106.878 5
      vertex 33.5 108.8 5
      vertex 38.17 106.861 5
    endloop
  endfacet
  facet normal 0 0 1
    outer loop
      vertex 38.17 106.861 5
      vertex 33.5 108.8 5
      vertex 38.031 106.833 5
    endloop
  endfacet
  facet normal 0 0 1
    outer loop
      vertex 38.031 106.833 5
      vertex 33.5 108.8 5
      vertex 37.9018 106.793 5
    endloop
  endfacet
  facet normal -0 -0 1
    outer loop
      vertex 35.5089 106.827 5
      vertex 37.9018 106.793 5
      vertex 33.5 108.8 5
    endloop
  endfacet
  facet normal 0 0 1
    outer loop
      vertex 37.9018 106.793 5
      vertex 35.5089 106.827 5
      vertex 37.7823 106.741 5
    endloop
  endfacet
  facet normal 0 0 1
    outer loop
      vertex 37.7823 106.741 5
      vertex 35.5089 106.827 5
      vertex 37.6727 106.679 5
    endloop
  endfacet
  facet normal 0 0 1
    outer loop
      vertex 37.6727 106.679 5
      vertex 35.5089 106.827 5
      vertex 37.5729 106.604 5
    endloop
  endfacet
  facet normal 0 0 1
    outer loop
      vertex 37.1429 103.534 5
      vertex 36.8977 103.005 5
      vertex 37.1429 103.005 5
    endloop
  endfacet
  facet normal 0 0 1
    outer loop
      vertex 37.1881 103.627 5
      vertex 35.5089 106.827 5
      vertex 37.1429 103.534 5
    endloop
  endfacet
  facet normal 0 0 1
    outer loop
      vertex 37.1429 103.534 5
      vertex 35.5089 106.827 5
      vertex 36.8977 103.005 5
    endloop
  endfacet
  facet normal 0 0 1
    outer loop
      vertex 37.1995 105.94 5
      vertex 35.5089 106.827 5
      vertex 37.1755 105.793 5
    endloop
  endfacet
  facet normal 0 0 1
    outer loop
      vertex 37.2345 106.077 5
      vertex 35.5089 106.827 5
      vertex 37.1995 105.94 5
    endloop
  endfacet
  facet normal 0 0 1
    outer loop
      vertex 37.2803 106.203 5
      vertex 35.5089 106.827 5
      vertex 37.2345 106.077 5
    endloop
  endfacet
  facet normal 0 0 1
    outer loop
      vertex 37.3371 106.319 5
      vertex 35.5089 106.827 5
      vertex 37.2803 106.203 5
    endloop
  endfacet
  facet normal 0 0 1
    outer loop
      vertex 37.4834 106.52 5
      vertex 35.5089 106.827 5
      vertex 37.4048 106.424 5
    endloop
  endfacet
  facet normal 0 0 1
    outer loop
      vertex 37.4048 106.424 5
      vertex 35.5089 106.827 5
      vertex 37.3371 106.319 5
    endloop
  endfacet
  facet normal 0 0 1
    outer loop
      vertex 37.5729 106.604 5
      vertex 35.5089 106.827 5
      vertex 37.4834 106.52 5
    endloop
  endfacet
  facet normal 0 0 1
    outer loop
      vertex 35.5089 106.827 5
      vertex 33.5 108.8 5
      vertex 34.5649 106.827 5
    endloop
  endfacet
  facet normal 0 0 1
    outer loop
      vertex 33.5 108.8 5
      vertex 33.1707 103.005 5
      vertex 34.5649 106.827 5
    endloop
  endfacet
  facet normal 0 -0 1
    outer loop
      vertex 33.1707 103.005 5
      vertex 33.5 108.8 5
      vertex 22.5 108.8 5
    endloop
  endfacet
  facet normal 0 0 1
    outer loop
      vertex 62.5 113.8 5
      vertex 50.5 113.8 5
      vertex 62.5 108.8 5
    endloop
  endfacet
  facet normal 0 0 1
    outer loop
      vertex 64.9 108.8 5
      vertex 71 125.8 5
      vertex 64.9 125.8 5
    endloop
  endfacet
  facet normal 0 0 1
    outer loop
      vertex 71 125.8 5
      vertex 64.9 108.8 5
      vertex 71 101.2 5
    endloop
  endfacet
  facet normal -0 0 1
    outer loop
      vertex 62.5 108.8 5
      vertex 71 101.2 5
      vertex 64.9 108.8 5
    endloop
  endfacet
  facet normal 0 0 1
    outer loop
      vertex 50.5 108.8 5
      vertex 62.5 108.8 5
      vertex 50.5 113.8 5
    endloop
  endfacet
  facet normal 0 0 1
    outer loop
      vertex 62.5 108.8 5
      vertex 50.5 108.8 5
      vertex 71 101.2 5
    endloop
  endfacet
  facet normal 0 0 1
    outer loop
      vertex 39.8175 103.005 5
      vertex 50.5 108.8 5
      vertex 45.5 108.8 5
    endloop
  endfacet
  facet normal 0 0 1
    outer loop
      vertex 39.8175 103.005 5
      vertex 45.5 108.8 5
      vertex 39.8175 103.632 5
    endloop
  endfacet
  facet normal 0 0 1
    outer loop
      vertex 50.5 108.8 5
      vertex 39.8175 103.005 5
      vertex 71 101.2 5
    endloop
  endfacet
  facet normal 0 0 1
    outer loop
      vertex 10.65 101.2 5
      vertex 39.8175 103.005 5
      vertex 37.1429 103.005 5
    endloop
  endfacet
  facet normal 0 0 1
    outer loop
      vertex 10.65 101.2 5
      vertex 37.1429 103.005 5
      vertex 36.8977 103.005 5
    endloop
  endfacet
  facet normal 0 0 1
    outer loop
      vertex 10.65 101.2 5
      vertex 36.8977 103.005 5
      vertex 36.1056 103.005 5
    endloop
  endfacet
  facet normal -0 0 1
    outer loop
      vertex 34.31 103.982 5
      vertex 36.1056 103.005 5
      vertex 35.7666 103.982 5
    endloop
  endfacet
  facet normal 0 0 1
    outer loop
      vertex 33.9709 103.005 5
      vertex 36.1056 103.005 5
      vertex 34.31 103.982 5
    endloop
  endfacet
  facet normal 0 0 1
    outer loop
      vertex 10.65 101.2 5
      vertex 36.1056 103.005 5
      vertex 33.9709 103.005 5
    endloop
  endfacet
  facet normal 0 0 1
    outer loop
      vertex 10.65 101.2 5
      vertex 33.9709 103.005 5
      vertex 33.1707 103.005 5
    endloop
  endfacet
  facet normal 0 0 1
    outer loop
      vertex 10.65 101.2 5
      vertex 22.5 108.8 5
      vertex 10.65 106.977 5
    endloop
  endfacet
  facet normal 0 0 1
    outer loop
      vertex 39.8175 103.005 5
      vertex 10.65 101.2 5
      vertex 71 101.2 5
    endloop
  endfacet
  facet normal 0 0 1
    outer loop
      vertex 22.5 108.8 5
      vertex 10.65 101.2 5
      vertex 33.1707 103.005 5
    endloop
  endfacet
  facet normal 0 0 1
    outer loop
      vertex 39.7491 105.66 5
      vertex 45.5 108.8 5
      vertex 39.7556 105.734 5
    endloop
  endfacet
  facet normal 0 0 1
    outer loop
      vertex 39.7384 105.589 5
      vertex 45.5 108.8 5
      vertex 39.7491 105.66 5
    endloop
  endfacet
  facet normal 0 0 1
    outer loop
      vertex 45.5 108.8 5
      vertex 39.7384 105.589 5
      vertex 39.8175 103.632 5
    endloop
  endfacet
  facet normal -0 0 1
    outer loop
      vertex 39.7232 105.52 5
      vertex 39.8175 103.632 5
      vertex 39.7384 105.589 5
    endloop
  endfacet
  facet normal -0 0 1
    outer loop
      vertex 39.7038 105.452 5
      vertex 39.8175 103.632 5
      vertex 39.7232 105.52 5
    endloop
  endfacet
  facet normal -0 0 1
    outer loop
      vertex 39.6801 105.387 5
      vertex 39.8175 103.632 5
      vertex 39.7038 105.452 5
    endloop
  endfacet
  facet normal -0 0 1
    outer loop
      vertex 39.652 105.324 5
      vertex 39.8175 103.632 5
      vertex 39.6801 105.387 5
    endloop
  endfacet
  facet normal -0 0 1
    outer loop
      vertex 39.6205 105.263 5
      vertex 39.8175 103.632 5
      vertex 39.652 105.324 5
    endloop
  endfacet
  facet normal -0 0 1
    outer loop
      vertex 39.5867 105.203 5
      vertex 39.8175 103.632 5
      vertex 39.6205 105.263 5
    endloop
  endfacet
  facet normal -0 0 1
    outer loop
      vertex 39.5504 105.144 5
      vertex 39.8175 103.632 5
      vertex 39.5867 105.203 5
    endloop
  endfacet
  facet normal -0 0 1
    outer loop
      vertex 39.5116 105.087 5
      vertex 39.8175 103.632 5
      vertex 39.5504 105.144 5
    endloop
  endfacet
  facet normal -0 0 1
    outer loop
      vertex 39.4704 105.031 5
      vertex 39.8175 103.632 5
      vertex 39.5116 105.087 5
    endloop
  endfacet
  facet normal -0 0 1
    outer loop
      vertex 39.4268 104.977 5
      vertex 39.8175 103.632 5
      vertex 39.4704 105.031 5
    endloop
  endfacet
  facet normal -0 0 1
    outer loop
      vertex 39.3807 104.924 5
      vertex 39.8175 103.632 5
      vertex 39.4268 104.977 5
    endloop
  endfacet
  facet normal -0 0 1
    outer loop
      vertex 39.3327 104.872 5
      vertex 39.8175 103.632 5
      vertex 39.3807 104.924 5
    endloop
  endfacet
  facet normal -0 0 1
    outer loop
      vertex 39.2832 104.821 5
      vertex 39.8175 103.632 5
      vertex 39.3327 104.872 5
    endloop
  endfacet
  facet normal -0 0 1
    outer loop
      vertex 39.2322 104.771 5
      vertex 39.8175 103.632 5
      vertex 39.2832 104.821 5
    endloop
  endfacet
  facet normal -0 0 1
    outer loop
      vertex 39.1797 104.722 5
      vertex 39.8175 103.632 5
      vertex 39.2322 104.771 5
    endloop
  endfacet
  facet normal -0 0 1
    outer loop
      vertex 39.1257 104.674 5
      vertex 39.8175 103.632 5
      vertex 39.1797 104.722 5
    endloop
  endfacet
  facet normal -0 0 1
    outer loop
      vertex 39.0702 104.627 5
      vertex 39.8175 103.632 5
      vertex 39.1257 104.674 5
    endloop
  endfacet
  facet normal -0 0 1
    outer loop
      vertex 39.0132 104.581 5
      vertex 39.8175 103.632 5
      vertex 39.0702 104.627 5
    endloop
  endfacet
  facet normal -0 0 1
    outer loop
      vertex 38.9557 104.535 5
      vertex 39.8175 103.632 5
      vertex 39.0132 104.581 5
    endloop
  endfacet
  facet normal -0 0 1
    outer loop
      vertex 38.8422 104.445 5
      vertex 39.8175 103.632 5
      vertex 38.9557 104.535 5
    endloop
  endfacet
  facet normal -0 0 1
    outer loop
      vertex 38.7862 104.401 5
      vertex 39.8175 103.632 5
      vertex 38.8422 104.445 5
    endloop
  endfacet
  facet normal -0 0 1
    outer loop
      vertex 38.6757 104.313 5
      vertex 39.8175 103.632 5
      vertex 38.7862 104.401 5
    endloop
  endfacet
  facet normal -0 0 1
    outer loop
      vertex 38.6212 104.269 5
      vertex 39.8175 103.632 5
      vertex 38.6757 104.313 5
    endloop
  endfacet
  facet normal -0 0 1
    outer loop
      vertex 38.5677 104.226 5
      vertex 39.8175 103.632 5
      vertex 38.6212 104.269 5
    endloop
  endfacet
  facet normal -0 0 1
    outer loop
      vertex 38.5155 104.182 5
      vertex 39.8175 103.632 5
      vertex 38.5677 104.226 5
    endloop
  endfacet
  facet normal -0 0 1
    outer loop
      vertex 38.4647 104.138 5
      vertex 39.8175 103.632 5
      vertex 38.5155 104.182 5
    endloop
  endfacet
  facet normal -0 0 1
    outer loop
      vertex 38.4153 104.095 5
      vertex 39.8175 103.632 5
      vertex 38.4647 104.138 5
    endloop
  endfacet
  facet normal -0 0 1
    outer loop
      vertex 38.3673 104.051 5
      vertex 39.8175 103.632 5
      vertex 38.4153 104.095 5
    endloop
  endfacet
  facet normal -0 0 1
    outer loop
      vertex 38.3206 104.007 5
      vertex 39.8175 103.632 5
      vertex 38.3673 104.051 5
    endloop
  endfacet
  facet normal -0 0 1
    outer loop
      vertex 38.2754 103.963 5
      vertex 39.8175 103.632 5
      vertex 38.3206 104.007 5
    endloop
  endfacet
  facet normal -0 0 1
    outer loop
      vertex 38.2325 103.918 5
      vertex 39.8175 103.632 5
      vertex 38.2754 103.963 5
    endloop
  endfacet
  facet normal -0 0 1
    outer loop
      vertex 38.1928 103.872 5
      vertex 39.8175 103.632 5
      vertex 38.2325 103.918 5
    endloop
  endfacet
  facet normal -0 0 1
    outer loop
      vertex 38.1564 103.826 5
      vertex 39.8175 103.632 5
      vertex 38.1928 103.872 5
    endloop
  endfacet
  facet normal -0 0 1
    outer loop
      vertex 38.1233 103.779 5
      vertex 39.8175 103.632 5
      vertex 38.1564 103.826 5
    endloop
  endfacet
  facet normal -0 0 1
    outer loop
      vertex 38.0934 103.731 5
      vertex 39.8175 103.632 5
      vertex 38.1233 103.779 5
    endloop
  endfacet
  facet normal -0 0 1
    outer loop
      vertex 38.0668 103.682 5
      vertex 39.8175 103.632 5
      vertex 38.0934 103.731 5
    endloop
  endfacet
  facet normal 0 0 1
    outer loop
      vertex 39.8175 103.632 5
      vertex 38.0668 103.682 5
      vertex 38.0435 103.632 5
    endloop
  endfacet
  facet normal 0 0 1
    outer loop
      vertex 38.4829 106.276 5
      vertex 38.9847 105.777 5
      vertex 38.9745 105.91 5
    endloop
  endfacet
  facet normal 0 0 1
    outer loop
      vertex 38.9847 105.777 5
      vertex 38.4829 106.276 5
      vertex 38.9814 105.719 5
    endloop
  endfacet
  facet normal 0 0 1
    outer loop
      vertex 38.9814 105.719 5
      vertex 38.4829 106.276 5
      vertex 38.9715 105.66 5
    endloop
  endfacet
  facet normal 0 0 1
    outer loop
      vertex 38.616 106.266 5
      vertex 38.9745 105.91 5
      vertex 38.9437 106.022 5
    endloop
  endfacet
  facet normal 0 0 1
    outer loop
      vertex 38.4829 106.276 5
      vertex 38.9745 105.91 5
      vertex 38.616 106.266 5
    endloop
  endfacet
  facet normal 0 0 1
    outer loop
      vertex 38.9715 105.66 5
      vertex 38.4829 106.276 5
      vertex 38.9551 105.601 5
    endloop
  endfacet
  facet normal 0 0 1
    outer loop
      vertex 38.7287 106.236 5
      vertex 38.9437 106.022 5
      vertex 38.8925 106.113 5
    endloop
  endfacet
  facet normal -0 0 1
    outer loop
      vertex 37.9722 105.89 5
      vertex 38.9551 105.601 5
      vertex 38.4829 106.276 5
    endloop
  endfacet
  facet normal 0 0 1
    outer loop
      vertex 38.9551 105.601 5
      vertex 37.9722 105.89 5
      vertex 38.932 105.542 5
    endloop
  endfacet
  facet normal 0 0 1
    outer loop
      vertex 38.7287 106.236 5
      vertex 38.8925 106.113 5
      vertex 38.8208 106.185 5
    endloop
  endfacet
  facet normal 0 0 1
    outer loop
      vertex 38.932 105.542 5
      vertex 37.9722 105.89 5
      vertex 38.9024 105.482 5
    endloop
  endfacet
  facet normal 0 0 1
    outer loop
      vertex 38.9437 106.022 5
      vertex 38.7287 106.236 5
      vertex 38.616 106.266 5
    endloop
  endfacet
  facet normal -0 0 1
    outer loop
      vertex 37.9558 105.823 5
      vertex 38.9024 105.482 5
      vertex 37.9722 105.89 5
    endloop
  endfacet
  facet normal 0 0 1
    outer loop
      vertex 38.9024 105.482 5
      vertex 37.9558 105.823 5
      vertex 38.8661 105.422 5
    endloop
  endfacet
  facet normal -0 0 1
    outer loop
      vertex 37.9431 105.75 5
      vertex 38.8661 105.422 5
      vertex 37.9558 105.823 5
    endloop
  endfacet
  facet normal 0 0 1
    outer loop
      vertex 38.7723 105.299 5
      vertex 37.9431 105.75 5
      vertex 38.7115 105.232 5
    endloop
  endfacet
  facet normal 0 0 1
    outer loop
      vertex 38.8233 105.362 5
      vertex 37.9431 105.75 5
      vertex 38.7723 105.299 5
    endloop
  endfacet
  facet normal 0 0 1
    outer loop
      vertex 38.6409 105.16 5
      vertex 37.9431 105.75 5
      vertex 38.5605 105.083 5
    endloop
  endfacet
  facet normal 0 0 1
    outer loop
      vertex 37.9722 105.89 5
      vertex 38.4829 106.276 5
      vertex 38.4155 106.274 5
    endloop
  endfacet
  facet normal 0 0 1
    outer loop
      vertex 38.5605 105.083 5
      vertex 37.9431 105.75 5
      vertex 38.4703 105.002 5
    endloop
  endfacet
  facet normal 0 0 1
    outer loop
      vertex 37.9924 105.951 5
      vertex 38.4155 106.274 5
      vertex 38.3528 106.266 5
    endloop
  endfacet
  facet normal 0 0 1
    outer loop
      vertex 38.0162 106.008 5
      vertex 38.3528 106.266 5
      vertex 38.2948 106.252 5
    endloop
  endfacet
  facet normal 0 0 1
    outer loop
      vertex 38.4703 105.002 5
      vertex 37.9431 105.75 5
      vertex 38.3703 104.916 5
    endloop
  endfacet
  facet normal 0 0 1
    outer loop
      vertex 38.0437 106.059 5
      vertex 38.2948 106.252 5
      vertex 38.2415 106.233 5
    endloop
  endfacet
  facet normal 0 0 1
    outer loop
      vertex 38.075 106.104 5
      vertex 38.2415 106.233 5
      vertex 38.193 106.209 5
    endloop
  endfacet
  facet normal 0 0 1
    outer loop
      vertex 38.075 106.104 5
      vertex 38.193 106.209 5
      vertex 38.1491 106.18 5
    endloop
  endfacet
  facet normal 0 0 1
    outer loop
      vertex 38.3703 104.916 5
      vertex 37.9431 105.75 5
      vertex 38.2605 104.825 5
    endloop
  endfacet
  facet normal 0 0 1
    outer loop
      vertex 38.075 106.104 5
      vertex 38.1491 106.18 5
      vertex 38.1099 106.145 5
    endloop
  endfacet
  facet normal 0 0 1
    outer loop
      vertex 38.2415 106.233 5
      vertex 38.075 106.104 5
      vertex 38.0437 106.059 5
    endloop
  endfacet
  facet normal 0 0 1
    outer loop
      vertex 38.2948 106.252 5
      vertex 38.0437 106.059 5
      vertex 38.0162 106.008 5
    endloop
  endfacet
  facet normal 0 0 1
    outer loop
      vertex 38.2605 104.825 5
      vertex 37.9431 105.75 5
      vertex 38.144 104.729 5
    endloop
  endfacet
  facet normal 0 0 1
    outer loop
      vertex 38.3528 106.266 5
      vertex 38.0162 106.008 5
      vertex 37.9924 105.951 5
    endloop
  endfacet
  facet normal 0 0 1
    outer loop
      vertex 38.4155 106.274 5
      vertex 37.9924 105.951 5
      vertex 37.9722 105.89 5
    endloop
  endfacet
  facet normal 0 0 1
    outer loop
      vertex 38.8661 105.422 5
      vertex 37.9431 105.75 5
      vertex 38.8233 105.362 5
    endloop
  endfacet
  facet normal 0 0 1
    outer loop
      vertex 38.7115 105.232 5
      vertex 37.9431 105.75 5
      vertex 38.6409 105.16 5
    endloop
  endfacet
  facet normal 0 0 1
    outer loop
      vertex 38.144 104.729 5
      vertex 37.9431 105.75 5
      vertex 38.0334 104.634 5
    endloop
  endfacet
  facet normal 0 0 1
    outer loop
      vertex 37.1755 105.793 5
      vertex 38.0334 104.634 5
      vertex 37.9431 105.75 5
    endloop
  endfacet
  facet normal 0 0 1
    outer loop
      vertex 38.0334 104.634 5
      vertex 37.1755 105.793 5
      vertex 37.9286 104.539 5
    endloop
  endfacet
  facet normal 0 0 1
    outer loop
      vertex 37.9286 104.539 5
      vertex 37.1755 105.793 5
      vertex 37.8296 104.446 5
    endloop
  endfacet
  facet normal 0 0 1
    outer loop
      vertex 37.8296 104.446 5
      vertex 37.1755 105.793 5
      vertex 37.7364 104.355 5
    endloop
  endfacet
  facet normal 0 0 1
    outer loop
      vertex 37.7364 104.355 5
      vertex 37.1755 105.793 5
      vertex 37.649 104.264 5
    endloop
  endfacet
  facet normal 0 0 1
    outer loop
      vertex 37.649 104.264 5
      vertex 37.1755 105.793 5
      vertex 37.5674 104.174 5
    endloop
  endfacet
  facet normal 0 0 1
    outer loop
      vertex 37.5674 104.174 5
      vertex 37.1755 105.793 5
      vertex 37.4913 104.085 5
    endloop
  endfacet
  facet normal 0 0 1
    outer loop
      vertex 37.4913 104.085 5
      vertex 37.1755 105.793 5
      vertex 37.4204 103.995 5
    endloop
  endfacet
  facet normal 0 0 1
    outer loop
      vertex 37.4204 103.995 5
      vertex 37.1755 105.793 5
      vertex 37.3546 103.904 5
    endloop
  endfacet
  facet normal 0 0 1
    outer loop
      vertex 37.3546 103.904 5
      vertex 37.1755 105.793 5
      vertex 37.294 103.812 5
    endloop
  endfacet
  facet normal 0 0 1
    outer loop
      vertex 37.294 103.812 5
      vertex 37.1755 105.793 5
      vertex 37.2385 103.72 5
    endloop
  endfacet
  facet normal 0 0 1
    outer loop
      vertex 37.2385 103.72 5
      vertex 37.1755 105.793 5
      vertex 37.1881 103.627 5
    endloop
  endfacet
  facet normal 0 0 1
    outer loop
      vertex 35.5089 106.827 5
      vertex 37.1881 103.627 5
      vertex 37.1755 105.793 5
    endloop
  endfacet
  facet normal -0 0 1
    outer loop
      vertex 35.0206 106.179 5
      vertex 35.0939 106.051 5
      vertex 35.0369 106.238 5
    endloop
  endfacet
  facet normal -0 0 1
    outer loop
      vertex 35.0126 106.15 5
      vertex 35.0939 106.051 5
      vertex 35.0206 106.179 5
    endloop
  endfacet
  facet normal -0 0 1
    outer loop
      vertex 35.0042 106.121 5
      vertex 35.0939 106.051 5
      vertex 35.0126 106.15 5
    endloop
  endfacet
  facet normal -0 0 1
    outer loop
      vertex 34.9954 106.09 5
      vertex 35.0939 106.051 5
      vertex 35.0042 106.121 5
    endloop
  endfacet
  facet normal -0 0 1
    outer loop
      vertex 34.9861 106.058 5
      vertex 35.0939 106.051 5
      vertex 34.9954 106.09 5
    endloop
  endfacet
  facet normal 0 0 1
    outer loop
      vertex 34.9763 106.025 5
      vertex 35.0939 106.051 5
      vertex 34.9861 106.058 5
    endloop
  endfacet
  facet normal 0 0 1
    outer loop
      vertex 34.9661 105.991 5
      vertex 35.0939 106.051 5
      vertex 34.9763 106.025 5
    endloop
  endfacet
  facet normal 0 0 1
    outer loop
      vertex 34.9555 105.956 5
      vertex 35.0939 106.051 5
      vertex 34.9661 105.991 5
    endloop
  endfacet
  facet normal 0 0 1
    outer loop
      vertex 34.9367 105.898 5
      vertex 35.0939 106.051 5
      vertex 34.9555 105.956 5
    endloop
  endfacet
  facet normal 0 0 1
    outer loop
      vertex 35.0939 106.051 5
      vertex 34.9367 105.898 5
      vertex 35.2105 105.682 5
    endloop
  endfacet
  facet normal -0 0 1
    outer loop
      vertex 34.9019 105.793 5
      vertex 35.2105 105.682 5
      vertex 34.9367 105.898 5
    endloop
  endfacet
  facet normal 0 0 1
    outer loop
      vertex 34.8512 105.643 5
      vertex 35.2105 105.682 5
      vertex 34.9019 105.793 5
    endloop
  endfacet
  facet normal 0 0 1
    outer loop
      vertex 34.7846 105.447 5
      vertex 35.2105 105.682 5
      vertex 34.8512 105.643 5
    endloop
  endfacet
  facet normal 0 0 1
    outer loop
      vertex 34.702 105.205 5
      vertex 35.2105 105.682 5
      vertex 34.7846 105.447 5
    endloop
  endfacet
  facet normal 0 0 1
    outer loop
      vertex 35.2105 105.682 5
      vertex 34.702 105.205 5
      vertex 35.5875 104.584 5
    endloop
  endfacet
  facet normal -0 0 1
    outer loop
      vertex 34.6034 104.917 5
      vertex 35.5875 104.584 5
      vertex 34.702 105.205 5
    endloop
  endfacet
  facet normal 0 0 1
    outer loop
      vertex 35.5875 104.584 5
      vertex 34.6034 104.917 5
      vertex 34.489 104.584 5
    endloop
  endfacet
  facet normal 0 1 -0
    outer loop
      vertex 71 125.8 0
      vertex 64.9 125.8 5
      vertex 71 125.8 5
    endloop
  endfacet
  facet normal 0 1 0
    outer loop
      vertex 64.9 125.8 5
      vertex 71 125.8 0
      vertex 64.9 125.8 0
    endloop
  endfacet
  facet normal -1 0 0
    outer loop
      vertex 64.9 108.8 0
      vertex 64.9 125.8 5
      vertex 64.9 125.8 0
    endloop
  endfacet
  facet normal -1 -0 0
    outer loop
      vertex 64.9 125.8 5
      vertex 64.9 108.8 0
      vertex 64.9 108.8 5
    endloop
  endfacet
  facet normal 0 1 -0
    outer loop
      vertex 64.9 108.8 0
      vertex 62.5 108.8 5
      vertex 64.9 108.8 5
    endloop
  endfacet
  facet normal 0 1 0
    outer loop
      vertex 62.5 108.8 5
      vertex 64.9 108.8 0
      vertex 62.5 108.8 0
    endloop
  endfacet
  facet normal 1 -0 0
    outer loop
      vertex 62.5 108.8 5
      vertex 62.5 113.8 0
      vertex 62.5 113.8 5
    endloop
  endfacet
  facet normal 1 0 0
    outer loop
      vertex 62.5 113.8 0
      vertex 62.5 108.8 5
      vertex 62.5 108.8 0
    endloop
  endfacet
  facet normal 0 1 -0
    outer loop
      vertex 62.5 113.8 0
      vertex 50.5 113.8 5
      vertex 62.5 113.8 5
    endloop
  endfacet
  facet normal 0 1 0
    outer loop
      vertex 50.5 113.8 5
      vertex 62.5 113.8 0
      vertex 50.5 113.8 0
    endloop
  endfacet
  facet normal -1 0 0
    outer loop
      vertex 50.5 108.8 0
      vertex 50.5 113.8 5
      vertex 50.5 113.8 0
    endloop
  endfacet
  facet normal -1 -0 0
    outer loop
      vertex 50.5 113.8 5
      vertex 50.5 108.8 0
      vertex 50.5 108.8 5
    endloop
  endfacet
  facet normal 0 1 -0
    outer loop
      vertex 50.5 108.8 0
      vertex 45.5 108.8 5
      vertex 50.5 108.8 5
    endloop
  endfacet
  facet normal 0 1 0
    outer loop
      vertex 45.5 108.8 5
      vertex 50.5 108.8 0
      vertex 45.5 108.8 0
    endloop
  endfacet
  facet normal 1 -0 0
    outer loop
      vertex 45.5 108.8 5
      vertex 45.5 119.3 0
      vertex 45.5 119.3 5
    endloop
  endfacet
  facet normal 1 0 0
    outer loop
      vertex 45.5 119.3 0
      vertex 45.5 108.8 5
      vertex 45.5 108.8 0
    endloop
  endfacet
  facet normal 0 1 -0
    outer loop
      vertex 45.5 119.3 0
      vertex 33.5 119.3 5
      vertex 45.5 119.3 5
    endloop
  endfacet
  facet normal 0 1 0
    outer loop
      vertex 33.5 119.3 5
      vertex 45.5 119.3 0
      vertex 33.5 119.3 0
    endloop
  endfacet
  facet normal -1 0 0
    outer loop
      vertex 33.5 108.8 0
      vertex 33.5 119.3 5
      vertex 33.5 119.3 0
    endloop
  endfacet
  facet normal -1 -0 0
    outer loop
      vertex 33.5 119.3 5
      vertex 33.5 108.8 0
      vertex 33.5 108.8 5
    endloop
  endfacet
  facet normal 0 1 -0
    outer loop
      vertex 33.5 108.8 0
      vertex 22.5 108.8 5
      vertex 33.5 108.8 5
    endloop
  endfacet
  facet normal 0 1 0
    outer loop
      vertex 22.5 108.8 5
      vertex 33.5 108.8 0
      vertex 22.5 108.8 0
    endloop
  endfacet
  facet normal 1 -0 0
    outer loop
      vertex 22.5 108.8 5
      vertex 22.5 119.3 0
      vertex 22.5 119.3 5
    endloop
  endfacet
  facet normal 1 0 0
    outer loop
      vertex 22.5 119.3 0
      vertex 22.5 108.8 5
      vertex 22.5 108.8 0
    endloop
  endfacet
  facet normal 0 1 -0
    outer loop
      vertex 22.5 119.3 0
      vertex 10.5 119.3 5
      vertex 22.5 119.3 5
    endloop
  endfacet
  facet normal 0 1 0
    outer loop
      vertex 10.5 119.3 5
      vertex 22.5 119.3 0
      vertex 10.5 119.3 0
    endloop
  endfacet
  facet normal -1 0 0
    outer loop
      vertex 10.5 108.8 0
      vertex 10.5 119.3 5
      vertex 10.5 119.3 0
    endloop
  endfacet
  facet normal -1 -0 0
    outer loop
      vertex 10.5 119.3 5
      vertex 10.5 108.8 0
      vertex 10.5 108.8 5
    endloop
  endfacet
  facet normal 0 1 -0
    outer loop
      vertex 10.5 108.8 0
      vertex 1.59999 108.8 5
      vertex 10.5 108.8 5
    endloop
  endfacet
  facet normal 0 1 0
    outer loop
      vertex 1.59999 108.8 5
      vertex 10.5 108.8 0
      vertex 1.59999 108.8 0
    endloop
  endfacet
  facet normal -1 0 0
    outer loop
      vertex 1.59999 105.485 0
      vertex 1.59999 108.8 5
      vertex 1.59999 108.8 0
    endloop
  endfacet
  facet normal -1 -0 0
    outer loop
      vertex 1.59999 108.8 5
      vertex 1.59999 105.485 0
      vertex 1.59999 105.485 5
    endloop
  endfacet
  facet normal 0.162666 -0.986681 0
    outer loop
      vertex 1.59999 105.485 0
      vertex 10.65 106.977 5
      vertex 1.59999 105.485 5
    endloop
  endfacet
  facet normal 0.162666 -0.986681 0
    outer loop
      vertex 10.65 106.977 5
      vertex 1.59999 105.485 0
      vertex 10.65 106.977 0
    endloop
  endfacet
  facet normal -1 0 0
    outer loop
      vertex 10.65 101.2 0
      vertex 10.65 106.977 5
      vertex 10.65 106.977 0
    endloop
  endfacet
  facet normal -1 -0 0
    outer loop
      vertex 10.65 106.977 5
      vertex 10.65 101.2 0
      vertex 10.65 101.2 5
    endloop
  endfacet
  facet normal 0 -1 0
    outer loop
      vertex 10.65 101.2 0
      vertex 71 101.2 5
      vertex 10.65 101.2 5
    endloop
  endfacet
  facet normal 0 -1 -0
    outer loop
      vertex 71 101.2 5
      vertex 10.65 101.2 0
      vertex 71 101.2 0
    endloop
  endfacet
  facet normal 1 -0 0
    outer loop
      vertex 71 101.2 5
      vertex 71 125.8 0
      vertex 71 125.8 5
    endloop
  endfacet
  facet normal 1 0 0
    outer loop
      vertex 71 125.8 0
      vertex 71 101.2 5
      vertex 71 101.2 0
    endloop
  endfacet
  facet normal 0 0 1
    outer loop
      vertex 38.9847 105.777 4.4
      vertex 39.7578 105.81 4.4
      vertex 39.751 105.951 4.4
    endloop
  endfacet
  facet normal 0 0 1
    outer loop
      vertex 39.7578 105.81 4.4
      vertex 38.9847 105.777 4.4
      vertex 39.7556 105.734 4.4
    endloop
  endfacet
  facet normal 0 0 1
    outer loop
      vertex 39.7556 105.734 4.4
      vertex 38.9847 105.777 4.4
      vertex 39.7491 105.66 4.4
    endloop
  endfacet
  facet normal 0 0 1
    outer loop
      vertex 38.9745 105.91 4.4
      vertex 39.751 105.951 4.4
      vertex 39.7308 106.083 4.4
    endloop
  endfacet
  facet normal -0 0 1
    outer loop
      vertex 38.9814 105.719 4.4
      vertex 39.7491 105.66 4.4
      vertex 38.9847 105.777 4.4
    endloop
  endfacet
  facet normal 0 0 1
    outer loop
      vertex 39.7491 105.66 4.4
      vertex 38.9814 105.719 4.4
      vertex 39.7384 105.589 4.4
    endloop
  endfacet
  facet normal 0 0 1
    outer loop
      vertex 38.9745 105.91 4.4
      vertex 39.7308 106.083 4.4
      vertex 39.697 106.205 4.4
    endloop
  endfacet
  facet normal 0 0 1
    outer loop
      vertex 39.7384 105.589 4.4
      vertex 38.9814 105.719 4.4
      vertex 39.7232 105.52 4.4
    endloop
  endfacet
  facet normal -0 0 1
    outer loop
      vertex 38.9715 105.66 4.4
      vertex 39.7232 105.52 4.4
      vertex 38.9814 105.719 4.4
    endloop
  endfacet
  facet normal 0 0 1
    outer loop
      vertex 38.9437 106.022 4.4
      vertex 39.697 106.205 4.4
      vertex 39.6497 106.318 4.4
    endloop
  endfacet
  facet normal 0 0 1
    outer loop
      vertex 39.7232 105.52 4.4
      vertex 38.9715 105.66 4.4
      vertex 39.7038 105.452 4.4
    endloop
  endfacet
  facet normal 0 0 1
    outer loop
      vertex 38.9437 106.022 4.4
      vertex 39.6497 106.318 4.4
      vertex 39.5889 106.422 4.4
    endloop
  endfacet
  facet normal 0 0 1
    outer loop
      vertex 39.7038 105.452 4.4
      vertex 38.9715 105.66 4.4
      vertex 39.6801 105.387 4.4
    endloop
  endfacet
  facet normal -0 0 1
    outer loop
      vertex 38.9551 105.601 4.4
      vertex 39.6801 105.387 4.4
      vertex 38.9715 105.66 4.4
    endloop
  endfacet
  facet normal 0 0 1
    outer loop
      vertex 38.9437 106.022 4.4
      vertex 39.5889 106.422 4.4
      vertex 39.5147 106.517 4.4
    endloop
  endfacet
  facet normal 0 0 1
    outer loop
      vertex 39.6801 105.387 4.4
      vertex 38.9551 105.601 4.4
      vertex 39.652 105.324 4.4
    endloop
  endfacet
  facet normal 0 0 1
    outer loop
      vertex 39.652 105.324 4.4
      vertex 38.9551 105.601 4.4
      vertex 39.6205 105.263 4.4
    endloop
  endfacet
  facet normal 0 0 1
    outer loop
      vertex 38.8925 106.113 4.4
      vertex 39.5147 106.517 4.4
      vertex 39.4269 106.602 4.4
    endloop
  endfacet
  facet normal -0 0 1
    outer loop
      vertex 38.932 105.542 4.4
      vertex 39.6205 105.263 4.4
      vertex 38.9551 105.601 4.4
    endloop
  endfacet
  facet normal 0 0 1
    outer loop
      vertex 39.6205 105.263 4.4
      vertex 38.932 105.542 4.4
      vertex 39.5867 105.203 4.4
    endloop
  endfacet
  facet normal 0 0 1
    outer loop
      vertex 39.5867 105.203 4.4
      vertex 38.932 105.542 4.4
      vertex 39.5504 105.144 4.4
    endloop
  endfacet
  facet normal 0 0 1
    outer loop
      vertex 38.8925 106.113 4.4
      vertex 39.4269 106.602 4.4
      vertex 39.3264 106.677 4.4
    endloop
  endfacet
  facet normal -0 0 1
    outer loop
      vertex 38.9024 105.482 4.4
      vertex 39.5504 105.144 4.4
      vertex 38.932 105.542 4.4
    endloop
  endfacet
  facet normal 0 0 1
    outer loop
      vertex 39.5504 105.144 4.4
      vertex 38.9024 105.482 4.4
      vertex 39.5116 105.087 4.4
    endloop
  endfacet
  facet normal 0 0 1
    outer loop
      vertex 38.8208 106.185 4.4
      vertex 39.3264 106.677 4.4
      vertex 39.2143 106.74 4.4
    endloop
  endfacet
  facet normal 0 0 1
    outer loop
      vertex 39.5116 105.087 4.4
      vertex 38.9024 105.482 4.4
      vertex 39.4704 105.031 4.4
    endloop
  endfacet
  facet normal -0 0 1
    outer loop
      vertex 38.8661 105.422 4.4
      vertex 39.4704 105.031 4.4
      vertex 38.9024 105.482 4.4
    endloop
  endfacet
  facet normal 0 0 1
    outer loop
      vertex 38.8208 106.185 4.4
      vertex 39.2143 106.74 4.4
      vertex 39.0904 106.792 4.4
    endloop
  endfacet
  facet normal 0 0 1
    outer loop
      vertex 39.4704 105.031 4.4
      vertex 38.8661 105.422 4.4
      vertex 39.4268 104.977 4.4
    endloop
  endfacet
  facet normal 0 0 1
    outer loop
      vertex 39.4268 104.977 4.4
      vertex 38.8661 105.422 4.4
      vertex 39.3807 104.924 4.4
    endloop
  endfacet
  facet normal -0 0 1
    outer loop
      vertex 38.8233 105.362 4.4
      vertex 39.3807 104.924 4.4
      vertex 38.8661 105.422 4.4
    endloop
  endfacet
  facet normal 0 0 1
    outer loop
      vertex 39.751 105.951 4.4
      vertex 38.9745 105.91 4.4
      vertex 38.9847 105.777 4.4
    endloop
  endfacet
  facet normal 0 0 1
    outer loop
      vertex 38.7287 106.236 4.4
      vertex 39.0904 106.792 4.4
      vertex 38.9548 106.832 4.4
    endloop
  endfacet
  facet normal 0 0 1
    outer loop
      vertex 39.697 106.205 4.4
      vertex 38.9437 106.022 4.4
      vertex 38.9745 105.91 4.4
    endloop
  endfacet
  facet normal 0 0 1
    outer loop
      vertex 39.5147 106.517 4.4
      vertex 38.8925 106.113 4.4
      vertex 38.9437 106.022 4.4
    endloop
  endfacet
  facet normal 0 0 1
    outer loop
      vertex 39.3264 106.677 4.4
      vertex 38.8208 106.185 4.4
      vertex 38.8925 106.113 4.4
    endloop
  endfacet
  facet normal 0 0 1
    outer loop
      vertex 38.7287 106.236 4.4
      vertex 38.9548 106.832 4.4
      vertex 38.8074 106.861 4.4
    endloop
  endfacet
  facet normal 0 0 1
    outer loop
      vertex 39.0904 106.792 4.4
      vertex 38.7287 106.236 4.4
      vertex 38.8208 106.185 4.4
    endloop
  endfacet
  facet normal 0 0 1
    outer loop
      vertex 38.616 106.266 4.4
      vertex 38.8074 106.861 4.4
      vertex 38.6483 106.878 4.4
    endloop
  endfacet
  facet normal 0 0 1
    outer loop
      vertex 38.8074 106.861 4.4
      vertex 38.616 106.266 4.4
      vertex 38.7287 106.236 4.4
    endloop
  endfacet
  facet normal 0 0 1
    outer loop
      vertex 38.6483 106.878 4.4
      vertex 38.4829 106.276 4.4
      vertex 38.616 106.266 4.4
    endloop
  endfacet
  facet normal 0 0 1
    outer loop
      vertex 38.4775 106.884 4.4
      vertex 38.4829 106.276 4.4
      vertex 38.6483 106.878 4.4
    endloop
  endfacet
  facet normal 0 0 1
    outer loop
      vertex 38.4775 106.884 4.4
      vertex 38.4155 106.274 4.4
      vertex 38.4829 106.276 4.4
    endloop
  endfacet
  facet normal -0 0 1
    outer loop
      vertex 38.3188 106.878 4.4
      vertex 38.4155 106.274 4.4
      vertex 38.4775 106.884 4.4
    endloop
  endfacet
  facet normal 0 0 1
    outer loop
      vertex 38.4155 106.274 4.4
      vertex 38.3188 106.878 4.4
      vertex 38.3528 106.266 4.4
    endloop
  endfacet
  facet normal -0 0 1
    outer loop
      vertex 38.17 106.861 4.4
      vertex 38.3528 106.266 4.4
      vertex 38.3188 106.878 4.4
    endloop
  endfacet
  facet normal 0 0 1
    outer loop
      vertex 38.3528 106.266 4.4
      vertex 38.17 106.861 4.4
      vertex 38.2948 106.252 4.4
    endloop
  endfacet
  facet normal 0 0 1
    outer loop
      vertex 38.2948 106.252 4.4
      vertex 38.17 106.861 4.4
      vertex 38.2415 106.233 4.4
    endloop
  endfacet
  facet normal -0 0 1
    outer loop
      vertex 38.031 106.833 4.4
      vertex 38.2415 106.233 4.4
      vertex 38.17 106.861 4.4
    endloop
  endfacet
  facet normal 0 0 1
    outer loop
      vertex 38.2415 106.233 4.4
      vertex 38.031 106.833 4.4
      vertex 38.193 106.209 4.4
    endloop
  endfacet
  facet normal -0 0 1
    outer loop
      vertex 37.9018 106.793 4.4
      vertex 38.193 106.209 4.4
      vertex 38.031 106.833 4.4
    endloop
  endfacet
  facet normal 0 0 1
    outer loop
      vertex 38.193 106.209 4.4
      vertex 37.9018 106.793 4.4
      vertex 38.1491 106.18 4.4
    endloop
  endfacet
  facet normal -0 0 1
    outer loop
      vertex 37.7823 106.741 4.4
      vertex 38.1491 106.18 4.4
      vertex 37.9018 106.793 4.4
    endloop
  endfacet
  facet normal 0 0 1
    outer loop
      vertex 38.1491 106.18 4.4
      vertex 37.7823 106.741 4.4
      vertex 38.1099 106.145 4.4
    endloop
  endfacet
  facet normal -0 0 1
    outer loop
      vertex 37.6727 106.679 4.4
      vertex 38.1099 106.145 4.4
      vertex 37.7823 106.741 4.4
    endloop
  endfacet
  facet normal -0 0 1
    outer loop
      vertex 37.5729 106.604 4.4
      vertex 38.1099 106.145 4.4
      vertex 37.6727 106.679 4.4
    endloop
  endfacet
  facet normal 0 0 1
    outer loop
      vertex 38.1099 106.145 4.4
      vertex 37.5729 106.604 4.4
      vertex 38.075 106.104 4.4
    endloop
  endfacet
  facet normal -0 0 1
    outer loop
      vertex 37.4834 106.52 4.4
      vertex 38.075 106.104 4.4
      vertex 37.5729 106.604 4.4
    endloop
  endfacet
  facet normal 0 0 1
    outer loop
      vertex 38.075 106.104 4.4
      vertex 37.4834 106.52 4.4
      vertex 38.0437 106.059 4.4
    endloop
  endfacet
  facet normal -0 0 1
    outer loop
      vertex 37.4048 106.424 4.4
      vertex 38.0437 106.059 4.4
      vertex 37.4834 106.52 4.4
    endloop
  endfacet
  facet normal 0 0 1
    outer loop
      vertex 38.0437 106.059 4.4
      vertex 37.4048 106.424 4.4
      vertex 38.0162 106.008 4.4
    endloop
  endfacet
  facet normal -0 0 1
    outer loop
      vertex 37.3371 106.319 4.4
      vertex 38.0162 106.008 4.4
      vertex 37.4048 106.424 4.4
    endloop
  endfacet
  facet normal 0 0 1
    outer loop
      vertex 38.0162 106.008 4.4
      vertex 37.3371 106.319 4.4
      vertex 37.9924 105.951 4.4
    endloop
  endfacet
  facet normal -0 0 1
    outer loop
      vertex 37.2803 106.203 4.4
      vertex 37.9924 105.951 4.4
      vertex 37.3371 106.319 4.4
    endloop
  endfacet
  facet normal 0 0 1
    outer loop
      vertex 37.9924 105.951 4.4
      vertex 37.2803 106.203 4.4
      vertex 37.9722 105.89 4.4
    endloop
  endfacet
  facet normal -0 0 1
    outer loop
      vertex 37.2345 106.077 4.4
      vertex 37.9722 105.89 4.4
      vertex 37.2803 106.203 4.4
    endloop
  endfacet
  facet normal 0 0 1
    outer loop
      vertex 37.9722 105.89 4.4
      vertex 37.2345 106.077 4.4
      vertex 37.9558 105.823 4.4
    endloop
  endfacet
  facet normal -0 0 1
    outer loop
      vertex 37.1995 105.94 4.4
      vertex 37.9558 105.823 4.4
      vertex 37.2345 106.077 4.4
    endloop
  endfacet
  facet normal 0 0 1
    outer loop
      vertex 37.9558 105.823 4.4
      vertex 37.1995 105.94 4.4
      vertex 37.9431 105.75 4.4
    endloop
  endfacet
  facet normal 0 0 1
    outer loop
      vertex 37.9431 105.75 4.4
      vertex 37.1995 105.94 4.4
      vertex 37.1755 105.793 4.4
    endloop
  endfacet
  facet normal 0 0 1
    outer loop
      vertex 39.3807 104.924 4.4
      vertex 38.8233 105.362 4.4
      vertex 39.3327 104.872 4.4
    endloop
  endfacet
  facet normal -0 0 1
    outer loop
      vertex 38.7723 105.299 4.4
      vertex 39.3327 104.872 4.4
      vertex 38.8233 105.362 4.4
    endloop
  endfacet
  facet normal 0 0 1
    outer loop
      vertex 39.3327 104.872 4.4
      vertex 38.7723 105.299 4.4
      vertex 39.2832 104.821 4.4
    endloop
  endfacet
  facet normal 0 0 1
    outer loop
      vertex 39.2832 104.821 4.4
      vertex 38.7723 105.299 4.4
      vertex 39.2322 104.771 4.4
    endloop
  endfacet
  facet normal -0 0 1
    outer loop
      vertex 38.7115 105.232 4.4
      vertex 39.2322 104.771 4.4
      vertex 38.7723 105.299 4.4
    endloop
  endfacet
  facet normal 0 0 1
    outer loop
      vertex 39.2322 104.771 4.4
      vertex 38.7115 105.232 4.4
      vertex 39.1797 104.722 4.4
    endloop
  endfacet
  facet normal 0 0 1
    outer loop
      vertex 39.1797 104.722 4.4
      vertex 38.7115 105.232 4.4
      vertex 39.1257 104.674 4.4
    endloop
  endfacet
  facet normal -0 0 1
    outer loop
      vertex 38.6409 105.16 4.4
      vertex 39.1257 104.674 4.4
      vertex 38.7115 105.232 4.4
    endloop
  endfacet
  facet normal 0 0 1
    outer loop
      vertex 39.1257 104.674 4.4
      vertex 38.6409 105.16 4.4
      vertex 39.0702 104.627 4.4
    endloop
  endfacet
  facet normal -0 0 1
    outer loop
      vertex 38.5605 105.083 4.4
      vertex 39.0702 104.627 4.4
      vertex 38.6409 105.16 4.4
    endloop
  endfacet
  facet normal 0 0 1
    outer loop
      vertex 39.0702 104.627 4.4
      vertex 38.5605 105.083 4.4
      vertex 39.0132 104.581 4.4
    endloop
  endfacet
  facet normal 0 0 1
    outer loop
      vertex 39.0132 104.581 4.4
      vertex 38.5605 105.083 4.4
      vertex 38.9557 104.535 4.4
    endloop
  endfacet
  facet normal -0 0 1
    outer loop
      vertex 38.4703 105.002 4.4
      vertex 38.9557 104.535 4.4
      vertex 38.5605 105.083 4.4
    endloop
  endfacet
  facet normal 0 0 1
    outer loop
      vertex 38.9557 104.535 4.4
      vertex 38.4703 105.002 4.4
      vertex 38.8422 104.445 4.4
    endloop
  endfacet
  facet normal -0 0 1
    outer loop
      vertex 38.3703 104.916 4.4
      vertex 38.8422 104.445 4.4
      vertex 38.4703 105.002 4.4
    endloop
  endfacet
  facet normal 0 0 1
    outer loop
      vertex 38.8422 104.445 4.4
      vertex 38.3703 104.916 4.4
      vertex 38.7862 104.401 4.4
    endloop
  endfacet
  facet normal 0 0 1
    outer loop
      vertex 38.7862 104.401 4.4
      vertex 38.3703 104.916 4.4
      vertex 38.6757 104.313 4.4
    endloop
  endfacet
  facet normal -0 0 1
    outer loop
      vertex 38.2605 104.825 4.4
      vertex 38.6757 104.313 4.4
      vertex 38.3703 104.916 4.4
    endloop
  endfacet
  facet normal 0 0 1
    outer loop
      vertex 38.6757 104.313 4.4
      vertex 38.2605 104.825 4.4
      vertex 38.6212 104.269 4.4
    endloop
  endfacet
  facet normal -0 0 1
    outer loop
      vertex 38.144 104.729 4.4
      vertex 38.6212 104.269 4.4
      vertex 38.2605 104.825 4.4
    endloop
  endfacet
  facet normal 0 0 1
    outer loop
      vertex 38.6212 104.269 4.4
      vertex 38.144 104.729 4.4
      vertex 38.5677 104.226 4.4
    endloop
  endfacet
  facet normal 0 0 1
    outer loop
      vertex 38.5677 104.226 4.4
      vertex 38.144 104.729 4.4
      vertex 38.5155 104.182 4.4
    endloop
  endfacet
  facet normal -0 0 1
    outer loop
      vertex 38.0334 104.634 4.4
      vertex 38.5155 104.182 4.4
      vertex 38.144 104.729 4.4
    endloop
  endfacet
  facet normal 0 0 1
    outer loop
      vertex 38.5155 104.182 4.4
      vertex 38.0334 104.634 4.4
      vertex 38.4647 104.138 4.4
    endloop
  endfacet
  facet normal 0 0 1
    outer loop
      vertex 38.4647 104.138 4.4
      vertex 38.0334 104.634 4.4
      vertex 38.4153 104.095 4.4
    endloop
  endfacet
  facet normal -0 0 1
    outer loop
      vertex 37.9286 104.539 4.4
      vertex 38.4153 104.095 4.4
      vertex 38.0334 104.634 4.4
    endloop
  endfacet
  facet normal 0 0 1
    outer loop
      vertex 38.4153 104.095 4.4
      vertex 37.9286 104.539 4.4
      vertex 38.3673 104.051 4.4
    endloop
  endfacet
  facet normal 0 0 1
    outer loop
      vertex 38.3673 104.051 4.4
      vertex 37.9286 104.539 4.4
      vertex 38.3206 104.007 4.4
    endloop
  endfacet
  facet normal -0 0 1
    outer loop
      vertex 37.8296 104.446 4.4
      vertex 38.3206 104.007 4.4
      vertex 37.9286 104.539 4.4
    endloop
  endfacet
  facet normal 0 0 1
    outer loop
      vertex 38.3206 104.007 4.4
      vertex 37.8296 104.446 4.4
      vertex 38.2754 103.963 4.4
    endloop
  endfacet
  facet normal 0 0 1
    outer loop
      vertex 38.2754 103.963 4.4
      vertex 37.8296 104.446 4.4
      vertex 38.2325 103.918 4.4
    endloop
  endfacet
  facet normal -0 0 1
    outer loop
      vertex 37.7364 104.355 4.4
      vertex 38.2325 103.918 4.4
      vertex 37.8296 104.446 4.4
    endloop
  endfacet
  facet normal 0 0 1
    outer loop
      vertex 38.2325 103.918 4.4
      vertex 37.7364 104.355 4.4
      vertex 38.1928 103.872 4.4
    endloop
  endfacet
  facet normal -0 0 1
    outer loop
      vertex 37.649 104.264 4.4
      vertex 38.1928 103.872 4.4
      vertex 37.7364 104.355 4.4
    endloop
  endfacet
  facet normal 0 0 1
    outer loop
      vertex 38.1928 103.872 4.4
      vertex 37.649 104.264 4.4
      vertex 38.1564 103.826 4.4
    endloop
  endfacet
  facet normal -0 0 1
    outer loop
      vertex 38.0435 103.632 4.4
      vertex 39.8175 103.005 4.4
      vertex 39.8175 103.632 4.4
    endloop
  endfacet
  facet normal 0 0 1
    outer loop
      vertex 38.1564 103.826 4.4
      vertex 37.649 104.264 4.4
      vertex 38.1233 103.779 4.4
    endloop
  endfacet
  facet normal -0 0 1
    outer loop
      vertex 37.5674 104.174 4.4
      vertex 38.1233 103.779 4.4
      vertex 37.649 104.264 4.4
    endloop
  endfacet
  facet normal 0 0 1
    outer loop
      vertex 38.1233 103.779 4.4
      vertex 37.5674 104.174 4.4
      vertex 38.0934 103.731 4.4
    endloop
  endfacet
  facet normal -0 0 1
    outer loop
      vertex 37.4913 104.085 4.4
      vertex 38.0934 103.731 4.4
      vertex 37.5674 104.174 4.4
    endloop
  endfacet
  facet normal 0 0 1
    outer loop
      vertex 38.0934 103.731 4.4
      vertex 37.4913 104.085 4.4
      vertex 38.0668 103.682 4.4
    endloop
  endfacet
  facet normal -0 0 1
    outer loop
      vertex 37.4204 103.995 4.4
      vertex 38.0668 103.682 4.4
      vertex 37.4913 104.085 4.4
    endloop
  endfacet
  facet normal 0 0 1
    outer loop
      vertex 38.0668 103.682 4.4
      vertex 37.4204 103.995 4.4
      vertex 38.0435 103.632 4.4
    endloop
  endfacet
  facet normal -0 0 1
    outer loop
      vertex 37.3546 103.904 4.4
      vertex 38.0435 103.632 4.4
      vertex 37.4204 103.995 4.4
    endloop
  endfacet
  facet normal -0 0 1
    outer loop
      vertex 37.294 103.812 4.4
      vertex 38.0435 103.632 4.4
      vertex 37.3546 103.904 4.4
    endloop
  endfacet
  facet normal -0 0 1
    outer loop
      vertex 37.2385 103.72 4.4
      vertex 38.0435 103.632 4.4
      vertex 37.294 103.812 4.4
    endloop
  endfacet
  facet normal 0 0 1
    outer loop
      vertex 37.1881 103.627 4.4
      vertex 38.0435 103.632 4.4
      vertex 37.2385 103.72 4.4
    endloop
  endfacet
  facet normal 0 0 1
    outer loop
      vertex 37.1429 103.534 4.4
      vertex 38.0435 103.632 4.4
      vertex 37.1881 103.627 4.4
    endloop
  endfacet
  facet normal 0 0 1
    outer loop
      vertex 38.0435 103.632 4.4
      vertex 37.1429 103.534 4.4
      vertex 37.1429 103.005 4.4
    endloop
  endfacet
  facet normal 0 0 1
    outer loop
      vertex 38.0435 103.632 4.4
      vertex 37.1429 103.005 4.4
      vertex 39.8175 103.005 4.4
    endloop
  endfacet
  facet normal 0 0 1
    outer loop
      vertex 36.8977 103.005 4.4
      vertex 35.7666 103.982 4.4
      vertex 36.1056 103.005 4.4
    endloop
  endfacet
  facet normal 0 0 1
    outer loop
      vertex 36.8977 103.005 4.4
      vertex 35.5875 104.584 4.4
      vertex 35.7666 103.982 4.4
    endloop
  endfacet
  facet normal 0 0 1
    outer loop
      vertex 35.5089 106.827 4.4
      vertex 35.5875 104.584 4.4
      vertex 36.8977 103.005 4.4
    endloop
  endfacet
  facet normal 0 0 1
    outer loop
      vertex 35.5089 106.827 4.4
      vertex 35.2105 105.682 4.4
      vertex 35.5875 104.584 4.4
    endloop
  endfacet
  facet normal 0 0 1
    outer loop
      vertex 35.5089 106.827 4.4
      vertex 35.0939 106.051 4.4
      vertex 35.2105 105.682 4.4
    endloop
  endfacet
  facet normal 0 0 1
    outer loop
      vertex 35.5089 106.827 4.4
      vertex 35.0369 106.238 4.4
      vertex 35.0939 106.051 4.4
    endloop
  endfacet
  facet normal 0 0 1
    outer loop
      vertex 34.5649 106.827 4.4
      vertex 35.0206 106.179 4.4
      vertex 35.0369 106.238 4.4
    endloop
  endfacet
  facet normal 0 0 1
    outer loop
      vertex 35.0206 106.179 4.4
      vertex 34.5649 106.827 4.4
      vertex 35.0126 106.15 4.4
    endloop
  endfacet
  facet normal 0 0 1
    outer loop
      vertex 35.0126 106.15 4.4
      vertex 34.5649 106.827 4.4
      vertex 35.0042 106.121 4.4
    endloop
  endfacet
  facet normal 0 0 1
    outer loop
      vertex 35.0042 106.121 4.4
      vertex 34.5649 106.827 4.4
      vertex 34.9954 106.09 4.4
    endloop
  endfacet
  facet normal 0 0 1
    outer loop
      vertex 34.9954 106.09 4.4
      vertex 34.5649 106.827 4.4
      vertex 34.9861 106.058 4.4
    endloop
  endfacet
  facet normal 0 0 1
    outer loop
      vertex 34.9861 106.058 4.4
      vertex 34.5649 106.827 4.4
      vertex 34.9763 106.025 4.4
    endloop
  endfacet
  facet normal 0 0 1
    outer loop
      vertex 34.9763 106.025 4.4
      vertex 34.5649 106.827 4.4
      vertex 34.9661 105.991 4.4
    endloop
  endfacet
  facet normal 0 0 1
    outer loop
      vertex 34.9661 105.991 4.4
      vertex 34.5649 106.827 4.4
      vertex 34.9555 105.956 4.4
    endloop
  endfacet
  facet normal 0 0 1
    outer loop
      vertex 34.9555 105.956 4.4
      vertex 34.5649 106.827 4.4
      vertex 34.9367 105.898 4.4
    endloop
  endfacet
  facet normal 0 0 1
    outer loop
      vertex 34.9367 105.898 4.4
      vertex 34.5649 106.827 4.4
      vertex 34.9019 105.793 4.4
    endloop
  endfacet
  facet normal 0 0 1
    outer loop
      vertex 34.9019 105.793 4.4
      vertex 34.5649 106.827 4.4
      vertex 34.8512 105.643 4.4
    endloop
  endfacet
  facet normal 0 0 1
    outer loop
      vertex 34.8512 105.643 4.4
      vertex 34.5649 106.827 4.4
      vertex 34.7846 105.447 4.4
    endloop
  endfacet
  facet normal 0 0 1
    outer loop
      vertex 34.7846 105.447 4.4
      vertex 34.5649 106.827 4.4
      vertex 34.702 105.205 4.4
    endloop
  endfacet
  facet normal -0 0 1
    outer loop
      vertex 34.5649 106.827 4.4
      vertex 35.0369 106.238 4.4
      vertex 35.5089 106.827 4.4
    endloop
  endfacet
  facet normal 0 0 1
    outer loop
      vertex 34.702 105.205 4.4
      vertex 34.5649 106.827 4.4
      vertex 34.6034 104.917 4.4
    endloop
  endfacet
  facet normal 0 0 1
    outer loop
      vertex 34.5649 106.827 4.4
      vertex 34.489 104.584 4.4
      vertex 34.6034 104.917 4.4
    endloop
  endfacet
  facet normal 0 0 1
    outer loop
      vertex 33.1707 103.005 4.4
      vertex 34.489 104.584 4.4
      vertex 34.5649 106.827 4.4
    endloop
  endfacet
  facet normal 0 0 1
    outer loop
      vertex 34.489 104.584 4.4
      vertex 33.1707 103.005 4.4
      vertex 34.31 103.982 4.4
    endloop
  endfacet
  facet normal 0 0 1
    outer loop
      vertex 34.31 103.982 4.4
      vertex 33.1707 103.005 4.4
      vertex 33.9709 103.005 4.4
    endloop
  endfacet
  facet normal -0 0 1
    outer loop
      vertex 34.489 104.584 4.4
      vertex 35.7666 103.982 4.4
      vertex 35.5875 104.584 4.4
    endloop
  endfacet
  facet normal 0 0 1
    outer loop
      vertex 35.7666 103.982 4.4
      vertex 34.489 104.584 4.4
      vertex 34.31 103.982 4.4
    endloop
  endfacet
  facet normal 0 -1 0
    outer loop
      vertex 38.0435 103.632 4.4
      vertex 39.8175 103.632 5
      vertex 38.0435 103.632 5
    endloop
  endfacet
  facet normal 0 -1 -0
    outer loop
      vertex 39.8175 103.632 5
      vertex 38.0435 103.632 4.4
      vertex 39.8175 103.632 4.4
    endloop
  endfacet
  facet normal -0.906415 0.422389 1.32499e-18
    outer loop
      vertex 38.0435 103.632 4.4
      vertex 38.0668 103.682 5
      vertex 38.0668 103.682 4.4
    endloop
  endfacet
  facet normal -0.906415 0.422389 1.32499e-18
    outer loop
      vertex 38.0668 103.682 5
      vertex 38.0435 103.632 4.4
      vertex 38.0435 103.632 5
    endloop
  endfacet
  facet normal -0.878853 0.477092 -7.91282e-19
    outer loop
      vertex 38.0668 103.682 4.4
      vertex 38.0934 103.731 5
      vertex 38.0934 103.731 4.4
    endloop
  endfacet
  facet normal -0.878853 0.477092 -7.91282e-19
    outer loop
      vertex 38.0934 103.731 5
      vertex 38.0668 103.682 4.4
      vertex 38.0668 103.682 5
    endloop
  endfacet
  facet normal -0.848792 0.528727 -1.5633e-18
    outer loop
      vertex 38.0934 103.731 4.4
      vertex 38.1233 103.779 5
      vertex 38.1233 103.779 4.4
    endloop
  endfacet
  facet normal -0.848792 0.528727 -1.5633e-18
    outer loop
      vertex 38.1233 103.779 5
      vertex 38.0934 103.731 4.4
      vertex 38.0934 103.731 5
    endloop
  endfacet
  facet normal -0.817594 0.575795 -2.17682e-18
    outer loop
      vertex 38.1233 103.779 4.4
      vertex 38.1564 103.826 5
      vertex 38.1564 103.826 4.4
    endloop
  endfacet
  facet normal -0.817594 0.575795 -2.17682e-18
    outer loop
      vertex 38.1564 103.826 5
      vertex 38.1233 103.779 4.4
      vertex 38.1233 103.779 5
    endloop
  endfacet
  facet normal -0.784184 0.620528 -1.57263e-18
    outer loop
      vertex 38.1564 103.826 4.4
      vertex 38.1928 103.872 5
      vertex 38.1928 103.872 4.4
    endloop
  endfacet
  facet normal -0.784184 0.620528 -1.57263e-18
    outer loop
      vertex 38.1928 103.872 5
      vertex 38.1564 103.826 4.4
      vertex 38.1564 103.826 5
    endloop
  endfacet
  facet normal -0.757045 0.653363 1.82783e-18
    outer loop
      vertex 38.1928 103.872 4.4
      vertex 38.2325 103.918 5
      vertex 38.2325 103.918 4.4
    endloop
  endfacet
  facet normal -0.757045 0.653363 1.82783e-18
    outer loop
      vertex 38.2325 103.918 5
      vertex 38.1928 103.872 4.4
      vertex 38.1928 103.872 5
    endloop
  endfacet
  facet normal -0.723794 0.690017 -2.03869e-19
    outer loop
      vertex 38.2325 103.918 4.4
      vertex 38.2754 103.963 5
      vertex 38.2754 103.963 4.4
    endloop
  endfacet
  facet normal -0.723794 0.690017 -2.03869e-19
    outer loop
      vertex 38.2754 103.963 5
      vertex 38.2325 103.918 4.4
      vertex 38.2325 103.918 5
    endloop
  endfacet
  facet normal -0.697531 0.716555 0
    outer loop
      vertex 38.3206 104.007 4.4
      vertex 38.2754 103.963 5
      vertex 38.3206 104.007 5
    endloop
  endfacet
  facet normal -0.697531 0.716555 0
    outer loop
      vertex 38.2754 103.963 5
      vertex 38.3206 104.007 4.4
      vertex 38.2754 103.963 4.4
    endloop
  endfacet
  facet normal -0.685754 0.727834 0
    outer loop
      vertex 38.3673 104.051 4.4
      vertex 38.3206 104.007 5
      vertex 38.3673 104.051 5
    endloop
  endfacet
  facet normal -0.685754 0.727834 0
    outer loop
      vertex 38.3206 104.007 5
      vertex 38.3673 104.051 4.4
      vertex 38.3206 104.007 4.4
    endloop
  endfacet
  facet normal -0.675725 0.737154 0
    outer loop
      vertex 38.4153 104.095 4.4
      vertex 38.3673 104.051 5
      vertex 38.4153 104.095 5
    endloop
  endfacet
  facet normal -0.675725 0.737154 0
    outer loop
      vertex 38.3673 104.051 5
      vertex 38.4153 104.095 4.4
      vertex 38.3673 104.051 4.4
    endloop
  endfacet
  facet normal -0.656557 0.754277 0
    outer loop
      vertex 38.4647 104.138 4.4
      vertex 38.4153 104.095 5
      vertex 38.4647 104.138 5
    endloop
  endfacet
  facet normal -0.656557 0.754277 0
    outer loop
      vertex 38.4153 104.095 5
      vertex 38.4647 104.138 4.4
      vertex 38.4153 104.095 4.4
    endloop
  endfacet
  facet normal -0.654704 0.755885 0
    outer loop
      vertex 38.5155 104.182 4.4
      vertex 38.4647 104.138 5
      vertex 38.5155 104.182 5
    endloop
  endfacet
  facet normal -0.654704 0.755885 0
    outer loop
      vertex 38.4647 104.138 5
      vertex 38.5155 104.182 4.4
      vertex 38.4647 104.138 4.4
    endloop
  endfacet
  facet normal -0.644497 0.764607 0
    outer loop
      vertex 38.5677 104.226 4.4
      vertex 38.5155 104.182 5
      vertex 38.5677 104.226 5
    endloop
  endfacet
  facet normal -0.644497 0.764607 0
    outer loop
      vertex 38.5155 104.182 5
      vertex 38.5677 104.226 4.4
      vertex 38.5155 104.182 4.4
    endloop
  endfacet
  facet normal -0.62647 0.779445 0
    outer loop
      vertex 38.6212 104.269 4.4
      vertex 38.5677 104.226 5
      vertex 38.6212 104.269 5
    endloop
  endfacet
  facet normal -0.62647 0.779445 0
    outer loop
      vertex 38.5677 104.226 5
      vertex 38.6212 104.269 4.4
      vertex 38.5677 104.226 4.4
    endloop
  endfacet
  facet normal -0.628171 0.778075 0
    outer loop
      vertex 38.6757 104.313 4.4
      vertex 38.6212 104.269 5
      vertex 38.6757 104.313 5
    endloop
  endfacet
  facet normal -0.628171 0.778075 0
    outer loop
      vertex 38.6212 104.269 5
      vertex 38.6757 104.313 4.4
      vertex 38.6212 104.269 4.4
    endloop
  endfacet
  facet normal -0.622967 0.782248 0
    outer loop
      vertex 38.7862 104.401 4.4
      vertex 38.6757 104.313 5
      vertex 38.7862 104.401 5
    endloop
  endfacet
  facet normal -0.622967 0.782248 0
    outer loop
      vertex 38.6757 104.313 5
      vertex 38.7862 104.401 4.4
      vertex 38.6757 104.313 4.4
    endloop
  endfacet
  facet normal -0.617822 0.786318 0
    outer loop
      vertex 38.8422 104.445 4.4
      vertex 38.7862 104.401 5
      vertex 38.8422 104.445 5
    endloop
  endfacet
  facet normal -0.617822 0.786318 0
    outer loop
      vertex 38.7862 104.401 5
      vertex 38.8422 104.445 4.4
      vertex 38.7862 104.401 4.4
    endloop
  endfacet
  facet normal -0.621322 0.783556 0
    outer loop
      vertex 38.9557 104.535 4.4
      vertex 38.8422 104.445 5
      vertex 38.9557 104.535 5
    endloop
  endfacet
  facet normal -0.621322 0.783556 0
    outer loop
      vertex 38.8422 104.445 5
      vertex 38.9557 104.535 4.4
      vertex 38.8422 104.445 4.4
    endloop
  endfacet
  facet normal -0.624695 0.780869 0
    outer loop
      vertex 39.0132 104.581 4.4
      vertex 38.9557 104.535 5
      vertex 39.0132 104.581 5
    endloop
  endfacet
  facet normal -0.624695 0.780869 0
    outer loop
      vertex 38.9557 104.535 5
      vertex 39.0132 104.581 4.4
      vertex 38.9557 104.535 4.4
    endloop
  endfacet
  facet normal -0.628019 0.778198 0
    outer loop
      vertex 39.0702 104.627 4.4
      vertex 39.0132 104.581 5
      vertex 39.0702 104.627 5
    endloop
  endfacet
  facet normal -0.628019 0.778198 0
    outer loop
      vertex 39.0132 104.581 5
      vertex 39.0702 104.627 4.4
      vertex 39.0132 104.581 4.4
    endloop
  endfacet
  facet normal -0.64625 0.763125 0
    outer loop
      vertex 39.1257 104.674 4.4
      vertex 39.0702 104.627 5
      vertex 39.1257 104.674 5
    endloop
  endfacet
  facet normal -0.64625 0.763125 0
    outer loop
      vertex 39.0702 104.627 5
      vertex 39.1257 104.674 4.4
      vertex 39.0702 104.627 4.4
    endloop
  endfacet
  facet normal -0.664364 0.747409 0
    outer loop
      vertex 39.1797 104.722 4.4
      vertex 39.1257 104.674 5
      vertex 39.1797 104.722 5
    endloop
  endfacet
  facet normal -0.664364 0.747409 0
    outer loop
      vertex 39.1257 104.674 5
      vertex 39.1797 104.722 4.4
      vertex 39.1257 104.674 4.4
    endloop
  endfacet
  facet normal -0.682318 0.731055 0
    outer loop
      vertex 39.2322 104.771 4.4
      vertex 39.1797 104.722 5
      vertex 39.2322 104.771 5
    endloop
  endfacet
  facet normal -0.682318 0.731055 0
    outer loop
      vertex 39.1797 104.722 5
      vertex 39.2322 104.771 4.4
      vertex 39.1797 104.722 4.4
    endloop
  endfacet
  facet normal -0.700071 0.714073 0
    outer loop
      vertex 39.2832 104.821 4.4
      vertex 39.2322 104.771 5
      vertex 39.2832 104.821 5
    endloop
  endfacet
  facet normal -0.700071 0.714073 0
    outer loop
      vertex 39.2322 104.771 5
      vertex 39.2832 104.821 4.4
      vertex 39.2322 104.771 4.4
    endloop
  endfacet
  facet normal -0.717581 0.696475 -4.3713e-18
    outer loop
      vertex 39.2832 104.821 4.4
      vertex 39.3327 104.872 5
      vertex 39.3327 104.872 4.4
    endloop
  endfacet
  facet normal -0.717581 0.696475 -4.3713e-18
    outer loop
      vertex 39.3327 104.872 5
      vertex 39.2832 104.821 4.4
      vertex 39.2832 104.821 5
    endloop
  endfacet
  facet normal -0.734803 0.67828 -3.76064e-18
    outer loop
      vertex 39.3327 104.872 4.4
      vertex 39.3807 104.924 5
      vertex 39.3807 104.924 4.4
    endloop
  endfacet
  facet normal -0.734803 0.67828 -3.76064e-18
    outer loop
      vertex 39.3807 104.924 5
      vertex 39.3327 104.872 4.4
      vertex 39.3327 104.872 5
    endloop
  endfacet
  facet normal -0.754514 0.656284 -3.33517e-18
    outer loop
      vertex 39.3807 104.924 4.4
      vertex 39.4268 104.977 5
      vertex 39.4268 104.977 4.4
    endloop
  endfacet
  facet normal -0.754514 0.656284 -3.33517e-18
    outer loop
      vertex 39.4268 104.977 5
      vertex 39.3807 104.924 4.4
      vertex 39.3807 104.924 5
    endloop
  endfacet
  facet normal -0.77805 0.628203 -3.72197e-18
    outer loop
      vertex 39.4268 104.977 4.4
      vertex 39.4704 105.031 5
      vertex 39.4704 105.031 4.4
    endloop
  endfacet
  facet normal -0.77805 0.628203 -3.72197e-18
    outer loop
      vertex 39.4704 105.031 5
      vertex 39.4268 104.977 4.4
      vertex 39.4268 104.977 5
    endloop
  endfacet
  facet normal -0.805489 0.59261 -4.65408e-18
    outer loop
      vertex 39.4704 105.031 4.4
      vertex 39.5116 105.087 5
      vertex 39.5116 105.087 4.4
    endloop
  endfacet
  facet normal -0.805489 0.59261 -4.65408e-18
    outer loop
      vertex 39.5116 105.087 5
      vertex 39.4704 105.031 4.4
      vertex 39.4704 105.031 5
    endloop
  endfacet
  facet normal -0.826657 0.562707 3.23448e-18
    outer loop
      vertex 39.5116 105.087 4.4
      vertex 39.5504 105.144 5
      vertex 39.5504 105.144 4.4
    endloop
  endfacet
  facet normal -0.826657 0.562707 3.23448e-18
    outer loop
      vertex 39.5504 105.144 5
      vertex 39.5116 105.087 4.4
      vertex 39.5116 105.087 5
    endloop
  endfacet
  facet normal -0.851708 0.524017 1.45871e-18
    outer loop
      vertex 39.5504 105.144 4.4
      vertex 39.5867 105.203 5
      vertex 39.5867 105.203 4.4
    endloop
  endfacet
  facet normal -0.851708 0.524017 1.45871e-18
    outer loop
      vertex 39.5867 105.203 5
      vertex 39.5504 105.144 4.4
      vertex 39.5504 105.144 5
    endloop
  endfacet
  facet normal -0.871265 0.490813 -4.10027e-18
    outer loop
      vertex 39.5867 105.203 4.4
      vertex 39.6205 105.263 5
      vertex 39.6205 105.263 4.4
    endloop
  endfacet
  facet normal -0.871265 0.490813 -4.10027e-18
    outer loop
      vertex 39.6205 105.263 5
      vertex 39.5867 105.203 4.4
      vertex 39.5867 105.203 5
    endloop
  endfacet
  facet normal -0.888525 0.458828 1.12897e-18
    outer loop
      vertex 39.6205 105.263 4.4
      vertex 39.652 105.324 5
      vertex 39.652 105.324 4.4
    endloop
  endfacet
  facet normal -0.888525 0.458828 1.12897e-18
    outer loop
      vertex 39.652 105.324 5
      vertex 39.6205 105.263 4.4
      vertex 39.6205 105.263 5
    endloop
  endfacet
  facet normal -0.913273 0.407349 -9.30716e-19
    outer loop
      vertex 39.652 105.324 4.4
      vertex 39.6801 105.387 5
      vertex 39.6801 105.387 4.4
    endloop
  endfacet
  facet normal -0.913273 0.407349 -9.30716e-19
    outer loop
      vertex 39.6801 105.387 5
      vertex 39.652 105.324 4.4
      vertex 39.652 105.324 5
    endloop
  endfacet
  facet normal -0.939498 0.342555 -1.00561e-18
    outer loop
      vertex 39.6801 105.387 4.4
      vertex 39.7038 105.452 5
      vertex 39.7038 105.452 4.4
    endloop
  endfacet
  facet normal -0.939498 0.342555 -1.00561e-18
    outer loop
      vertex 39.7038 105.452 5
      vertex 39.6801 105.387 4.4
      vertex 39.6801 105.387 5
    endloop
  endfacet
  facet normal -0.961631 0.274348 -2.14938e-18
    outer loop
      vertex 39.7038 105.452 4.4
      vertex 39.7232 105.52 5
      vertex 39.7232 105.52 4.4
    endloop
  endfacet
  facet normal -0.961631 0.274348 -2.14938e-18
    outer loop
      vertex 39.7232 105.52 5
      vertex 39.7038 105.452 4.4
      vertex 39.7038 105.452 5
    endloop
  endfacet
  facet normal -0.976585 0.215132 1.44799e-18
    outer loop
      vertex 39.7232 105.52 4.4
      vertex 39.7384 105.589 5
      vertex 39.7384 105.589 4.4
    endloop
  endfacet
  facet normal -0.976585 0.215132 1.44799e-18
    outer loop
      vertex 39.7384 105.589 5
      vertex 39.7232 105.52 4.4
      vertex 39.7232 105.52 5
    endloop
  endfacet
  facet normal -0.988834 0.149021 -1.11674e-18
    outer loop
      vertex 39.7384 105.589 4.4
      vertex 39.7491 105.66 5
      vertex 39.7491 105.66 4.4
    endloop
  endfacet
  facet normal -0.988834 0.149021 -1.11674e-18
    outer loop
      vertex 39.7491 105.66 5
      vertex 39.7384 105.589 4.4
      vertex 39.7384 105.589 5
    endloop
  endfacet
  facet normal -0.996164 0.0875009 -6.72546e-20
    outer loop
      vertex 39.7491 105.66 4.4
      vertex 39.7556 105.734 5
      vertex 39.7556 105.734 4.4
    endloop
  endfacet
  facet normal -0.996164 0.0875009 -6.72546e-20
    outer loop
      vertex 39.7556 105.734 5
      vertex 39.7491 105.66 4.4
      vertex 39.7491 105.66 5
    endloop
  endfacet
  facet normal -0.999581 0.0289352 -9.0069e-20
    outer loop
      vertex 39.7556 105.734 4.4
      vertex 39.7578 105.81 5
      vertex 39.7578 105.81 4.4
    endloop
  endfacet
  facet normal -0.999581 0.0289352 -9.0069e-20
    outer loop
      vertex 39.7578 105.81 5
      vertex 39.7556 105.734 4.4
      vertex 39.7556 105.734 5
    endloop
  endfacet
  facet normal -0.998839 -0.048171 -5.46963e-19
    outer loop
      vertex 39.7578 105.81 4.4
      vertex 39.751 105.951 5
      vertex 39.751 105.951 4.4
    endloop
  endfacet
  facet normal -0.998839 -0.048171 -5.46963e-19
    outer loop
      vertex 39.751 105.951 5
      vertex 39.7578 105.81 4.4
      vertex 39.7578 105.81 5
    endloop
  endfacet
  facet normal -0.988493 -0.151269 2.32972e-18
    outer loop
      vertex 39.751 105.951 4.4
      vertex 39.7308 106.083 5
      vertex 39.7308 106.083 4.4
    endloop
  endfacet
  facet normal -0.988493 -0.151269 2.32972e-18
    outer loop
      vertex 39.7308 106.083 5
      vertex 39.751 105.951 4.4
      vertex 39.751 105.951 5
    endloop
  endfacet
  facet normal -0.963699 -0.266992 -4.67915e-18
    outer loop
      vertex 39.7308 106.083 4.4
      vertex 39.697 106.205 5
      vertex 39.697 106.205 4.4
    endloop
  endfacet
  facet normal -0.963699 -0.266992 -4.67915e-18
    outer loop
      vertex 39.697 106.205 5
      vertex 39.7308 106.083 4.4
      vertex 39.7308 106.083 5
    endloop
  endfacet
  facet normal -0.922448 -0.386122 -3.22372e-18
    outer loop
      vertex 39.697 106.205 4.4
      vertex 39.6497 106.318 5
      vertex 39.6497 106.318 4.4
    endloop
  endfacet
  facet normal -0.922448 -0.386122 -3.22372e-18
    outer loop
      vertex 39.6497 106.318 5
      vertex 39.697 106.205 4.4
      vertex 39.697 106.205 5
    endloop
  endfacet
  facet normal -0.863297 -0.504697 -1.05307e-18
    outer loop
      vertex 39.6497 106.318 4.4
      vertex 39.5889 106.422 5
      vertex 39.5889 106.422 4.4
    endloop
  endfacet
  facet normal -0.863297 -0.504697 -1.05307e-18
    outer loop
      vertex 39.5889 106.422 5
      vertex 39.6497 106.318 4.4
      vertex 39.6497 106.318 5
    endloop
  endfacet
  facet normal -0.7881 -0.615547 4.98194e-18
    outer loop
      vertex 39.5889 106.422 4.4
      vertex 39.5147 106.517 5
      vertex 39.5147 106.517 4.4
    endloop
  endfacet
  facet normal -0.7881 -0.615547 4.98194e-18
    outer loop
      vertex 39.5147 106.517 5
      vertex 39.5889 106.422 4.4
      vertex 39.5889 106.422 5
    endloop
  endfacet
  facet normal -0.695558 -0.71847 0
    outer loop
      vertex 39.4269 106.602 4.4
      vertex 39.5147 106.517 5
      vertex 39.4269 106.602 5
    endloop
  endfacet
  facet normal -0.695558 -0.71847 -0
    outer loop
      vertex 39.5147 106.517 5
      vertex 39.4269 106.602 4.4
      vertex 39.5147 106.517 4.4
    endloop
  endfacet
  facet normal -0.598084 -0.801433 0
    outer loop
      vertex 39.3264 106.677 4.4
      vertex 39.4269 106.602 5
      vertex 39.3264 106.677 5
    endloop
  endfacet
  facet normal -0.598084 -0.801433 -0
    outer loop
      vertex 39.4269 106.602 5
      vertex 39.3264 106.677 4.4
      vertex 39.4269 106.602 4.4
    endloop
  endfacet
  facet normal -0.489929 -0.871762 0
    outer loop
      vertex 39.2143 106.74 4.4
      vertex 39.3264 106.677 5
      vertex 39.2143 106.74 5
    endloop
  endfacet
  facet normal -0.489929 -0.871762 -0
    outer loop
      vertex 39.3264 106.677 5
      vertex 39.2143 106.74 4.4
      vertex 39.3264 106.677 4.4
    endloop
  endfacet
  facet normal -0.386992 -0.922083 0
    outer loop
      vertex 39.0904 106.792 4.4
      vertex 39.2143 106.74 5
      vertex 39.0904 106.792 5
    endloop
  endfacet
  facet normal -0.386992 -0.922083 -0
    outer loop
      vertex 39.2143 106.74 5
      vertex 39.0904 106.792 4.4
      vertex 39.2143 106.74 4.4
    endloop
  endfacet
  facet normal -0.282932 -0.95914 0
    outer loop
      vertex 38.9548 106.832 4.4
      vertex 39.0904 106.792 5
      vertex 38.9548 106.832 5
    endloop
  endfacet
  facet normal -0.282932 -0.95914 -0
    outer loop
      vertex 39.0904 106.792 5
      vertex 38.9548 106.832 4.4
      vertex 39.0904 106.792 4.4
    endloop
  endfacet
  facet normal -0.193043 -0.98119 0
    outer loop
      vertex 38.8074 106.861 4.4
      vertex 38.9548 106.832 5
      vertex 38.8074 106.861 5
    endloop
  endfacet
  facet normal -0.193043 -0.98119 -0
    outer loop
      vertex 38.9548 106.832 5
      vertex 38.8074 106.861 4.4
      vertex 38.9548 106.832 4.4
    endloop
  endfacet
  facet normal -0.106246 -0.99434 0
    outer loop
      vertex 38.6483 106.878 4.4
      vertex 38.8074 106.861 5
      vertex 38.6483 106.878 5
    endloop
  endfacet
  facet normal -0.106246 -0.99434 -0
    outer loop
      vertex 38.8074 106.861 5
      vertex 38.6483 106.878 4.4
      vertex 38.8074 106.861 4.4
    endloop
  endfacet
  facet normal -0.0351072 -0.999384 0
    outer loop
      vertex 38.4775 106.884 4.4
      vertex 38.6483 106.878 5
      vertex 38.4775 106.884 5
    endloop
  endfacet
  facet normal -0.0351072 -0.999384 -0
    outer loop
      vertex 38.6483 106.878 5
      vertex 38.4775 106.884 4.4
      vertex 38.6483 106.878 4.4
    endloop
  endfacet
  facet normal 0.0377802 -0.999286 0
    outer loop
      vertex 38.3188 106.878 4.4
      vertex 38.4775 106.884 5
      vertex 38.3188 106.878 5
    endloop
  endfacet
  facet normal 0.0377802 -0.999286 0
    outer loop
      vertex 38.4775 106.884 5
      vertex 38.3188 106.878 4.4
      vertex 38.4775 106.884 4.4
    endloop
  endfacet
  facet normal 0.113509 -0.993537 0
    outer loop
      vertex 38.17 106.861 4.4
      vertex 38.3188 106.878 5
      vertex 38.17 106.861 5
    endloop
  endfacet
  facet normal 0.113509 -0.993537 0
    outer loop
      vertex 38.3188 106.878 5
      vertex 38.17 106.861 4.4
      vertex 38.3188 106.878 4.4
    endloop
  endfacet
  facet normal 0.197472 -0.980308 0
    outer loop
      vertex 38.031 106.833 4.4
      vertex 38.17 106.861 5
      vertex 38.031 106.833 5
    endloop
  endfacet
  facet normal 0.197472 -0.980308 0
    outer loop
      vertex 38.17 106.861 5
      vertex 38.031 106.833 4.4
      vertex 38.17 106.861 4.4
    endloop
  endfacet
  facet normal 0.295748 -0.955266 0
    outer loop
      vertex 37.9018 106.793 4.4
      vertex 38.031 106.833 5
      vertex 37.9018 106.793 5
    endloop
  endfacet
  facet normal 0.295748 -0.955266 0
    outer loop
      vertex 38.031 106.833 5
      vertex 37.9018 106.793 4.4
      vertex 38.031 106.833 4.4
    endloop
  endfacet
  facet normal 0.399007 -0.916948 0
    outer loop
      vertex 37.7823 106.741 4.4
      vertex 37.9018 106.793 5
      vertex 37.7823 106.741 5
    endloop
  endfacet
  facet normal 0.399007 -0.916948 0
    outer loop
      vertex 37.9018 106.793 5
      vertex 37.7823 106.741 4.4
      vertex 37.9018 106.793 4.4
    endloop
  endfacet
  facet normal 0.492371 -0.870385 0
    outer loop
      vertex 37.6727 106.679 4.4
      vertex 37.7823 106.741 5
      vertex 37.6727 106.679 5
    endloop
  endfacet
  facet normal 0.492371 -0.870385 0
    outer loop
      vertex 37.7823 106.741 5
      vertex 37.6727 106.679 4.4
      vertex 37.7823 106.741 4.4
    endloop
  endfacet
  facet normal 0.600769 -0.799423 0
    outer loop
      vertex 37.5729 106.604 4.4
      vertex 37.6727 106.679 5
      vertex 37.5729 106.604 5
    endloop
  endfacet
  facet normal 0.600769 -0.799423 0
    outer loop
      vertex 37.6727 106.679 5
      vertex 37.5729 106.604 4.4
      vertex 37.6727 106.679 4.4
    endloop
  endfacet
  facet normal 0.684348 -0.729156 0
    outer loop
      vertex 37.4834 106.52 4.4
      vertex 37.5729 106.604 5
      vertex 37.4834 106.52 5
    endloop
  endfacet
  facet normal 0.684348 -0.729156 0
    outer loop
      vertex 37.5729 106.604 5
      vertex 37.4834 106.52 4.4
      vertex 37.5729 106.604 4.4
    endloop
  endfacet
  facet normal 0.773742 -0.633501 -2.12176e-18
    outer loop
      vertex 37.4048 106.424 5
      vertex 37.4834 106.52 4.4
      vertex 37.4834 106.52 5
    endloop
  endfacet
  facet normal 0.773742 -0.633501 -2.12176e-18
    outer loop
      vertex 37.4834 106.52 4.4
      vertex 37.4048 106.424 5
      vertex 37.4048 106.424 4.4
    endloop
  endfacet
  facet normal 0.84045 -0.54189 -5.37932e-18
    outer loop
      vertex 37.3371 106.319 5
      vertex 37.4048 106.424 4.4
      vertex 37.4048 106.424 5
    endloop
  endfacet
  facet normal 0.84045 -0.54189 -5.37932e-18
    outer loop
      vertex 37.4048 106.424 4.4
      vertex 37.3371 106.319 5
      vertex 37.3371 106.319 4.4
    endloop
  endfacet
  facet normal 0.898113 -0.439765 2.70107e-18
    outer loop
      vertex 37.2803 106.203 5
      vertex 37.3371 106.319 4.4
      vertex 37.3371 106.319 5
    endloop
  endfacet
  facet normal 0.898113 -0.439765 2.70107e-18
    outer loop
      vertex 37.3371 106.319 4.4
      vertex 37.2803 106.203 5
      vertex 37.2803 106.203 4.4
    endloop
  endfacet
  facet normal 0.939837 -0.341623 -4.98058e-18
    outer loop
      vertex 37.2345 106.077 5
      vertex 37.2803 106.203 4.4
      vertex 37.2803 106.203 5
    endloop
  endfacet
  facet normal 0.939837 -0.341623 -4.98058e-18
    outer loop
      vertex 37.2803 106.203 4.4
      vertex 37.2345 106.077 5
      vertex 37.2345 106.077 4.4
    endloop
  endfacet
  facet normal 0.968882 -0.247525 -1.08287e-18
    outer loop
      vertex 37.1995 105.94 5
      vertex 37.2345 106.077 4.4
      vertex 37.2345 106.077 5
    endloop
  endfacet
  facet normal 0.968882 -0.247525 -1.08287e-18
    outer loop
      vertex 37.2345 106.077 4.4
      vertex 37.1995 105.94 5
      vertex 37.1995 105.94 4.4
    endloop
  endfacet
  facet normal 0.986933 -0.161132 1.90881e-18
    outer loop
      vertex 37.1755 105.793 5
      vertex 37.1995 105.94 4.4
      vertex 37.1995 105.94 5
    endloop
  endfacet
  facet normal 0.986933 -0.161132 1.90881e-18
    outer loop
      vertex 37.1995 105.94 4.4
      vertex 37.1755 105.793 5
      vertex 37.1755 105.793 4.4
    endloop
  endfacet
  facet normal 0.0559311 0.998435 -0
    outer loop
      vertex 37.9431 105.75 4.4
      vertex 37.1755 105.793 5
      vertex 37.9431 105.75 5
    endloop
  endfacet
  facet normal 0.0559311 0.998435 0
    outer loop
      vertex 37.1755 105.793 5
      vertex 37.9431 105.75 4.4
      vertex 37.1755 105.793 4.4
    endloop
  endfacet
  facet normal -0.985202 0.171398 -5.70652e-19
    outer loop
      vertex 37.9431 105.75 4.4
      vertex 37.9558 105.823 5
      vertex 37.9558 105.823 4.4
    endloop
  endfacet
  facet normal -0.985202 0.171398 -5.70652e-19
    outer loop
      vertex 37.9558 105.823 5
      vertex 37.9431 105.75 4.4
      vertex 37.9431 105.75 5
    endloop
  endfacet
  facet normal -0.971325 0.237757 -2.0712e-18
    outer loop
      vertex 37.9558 105.823 4.4
      vertex 37.9722 105.89 5
      vertex 37.9722 105.89 4.4
    endloop
  endfacet
  facet normal -0.971325 0.237757 -2.0712e-18
    outer loop
      vertex 37.9722 105.89 5
      vertex 37.9558 105.823 4.4
      vertex 37.9558 105.823 5
    endloop
  endfacet
  facet normal -0.949304 0.31436 -2.61476e-18
    outer loop
      vertex 37.9722 105.89 4.4
      vertex 37.9924 105.951 5
      vertex 37.9924 105.951 4.4
    endloop
  endfacet
  facet normal -0.949304 0.31436 -2.61476e-18
    outer loop
      vertex 37.9924 105.951 5
      vertex 37.9722 105.89 4.4
      vertex 37.9722 105.89 5
    endloop
  endfacet
  facet normal -0.922789 0.385305 1.98362e-18
    outer loop
      vertex 37.9924 105.951 4.4
      vertex 38.0162 106.008 5
      vertex 38.0162 106.008 4.4
    endloop
  endfacet
  facet normal -0.922789 0.385305 1.98362e-18
    outer loop
      vertex 38.0162 106.008 5
      vertex 37.9924 105.951 4.4
      vertex 37.9924 105.951 5
    endloop
  endfacet
  facet normal -0.880194 0.474614 -1.24347e-18
    outer loop
      vertex 38.0162 106.008 4.4
      vertex 38.0437 106.059 5
      vertex 38.0437 106.059 4.4
    endloop
  endfacet
  facet normal -0.880194 0.474614 -1.24347e-18
    outer loop
      vertex 38.0437 106.059 5
      vertex 38.0162 106.008 4.4
      vertex 38.0162 106.008 5
    endloop
  endfacet
  facet normal -0.820942 0.571011 3.11996e-18
    outer loop
      vertex 38.0437 106.059 4.4
      vertex 38.075 106.104 5
      vertex 38.075 106.104 4.4
    endloop
  endfacet
  facet normal -0.820942 0.571011 3.11996e-18
    outer loop
      vertex 38.075 106.104 5
      vertex 38.0437 106.059 4.4
      vertex 38.0437 106.059 5
    endloop
  endfacet
  facet normal -0.761481 0.648187 -3.10329e-19
    outer loop
      vertex 38.075 106.104 4.4
      vertex 38.1099 106.145 5
      vertex 38.1099 106.145 4.4
    endloop
  endfacet
  facet normal -0.761481 0.648187 -3.10329e-19
    outer loop
      vertex 38.1099 106.145 5
      vertex 38.075 106.104 4.4
      vertex 38.075 106.104 5
    endloop
  endfacet
  facet normal -0.666016 0.745938 0
    outer loop
      vertex 38.1491 106.18 4.4
      vertex 38.1099 106.145 5
      vertex 38.1491 106.18 5
    endloop
  endfacet
  facet normal -0.666016 0.745938 0
    outer loop
      vertex 38.1099 106.145 5
      vertex 38.1491 106.18 4.4
      vertex 38.1099 106.145 4.4
    endloop
  endfacet
  facet normal -0.551186 0.834382 0
    outer loop
      vertex 38.193 106.209 4.4
      vertex 38.1491 106.18 5
      vertex 38.193 106.209 5
    endloop
  endfacet
  facet normal -0.551186 0.834382 0
    outer loop
      vertex 38.1491 106.18 5
      vertex 38.193 106.209 4.4
      vertex 38.1491 106.18 4.4
    endloop
  endfacet
  facet normal -0.443514 0.896268 0
    outer loop
      vertex 38.2415 106.233 4.4
      vertex 38.193 106.209 5
      vertex 38.2415 106.233 5
    endloop
  endfacet
  facet normal -0.443514 0.896268 0
    outer loop
      vertex 38.193 106.209 5
      vertex 38.2415 106.233 4.4
      vertex 38.193 106.209 4.4
    endloop
  endfacet
  facet normal -0.335777 0.941942 0
    outer loop
      vertex 38.2948 106.252 4.4
      vertex 38.2415 106.233 5
      vertex 38.2948 106.252 5
    endloop
  endfacet
  facet normal -0.335777 0.941942 0
    outer loop
      vertex 38.2415 106.233 5
      vertex 38.2948 106.252 4.4
      vertex 38.2415 106.233 4.4
    endloop
  endfacet
  facet normal -0.234641 0.972082 0
    outer loop
      vertex 38.3528 106.266 4.4
      vertex 38.2948 106.252 5
      vertex 38.3528 106.266 5
    endloop
  endfacet
  facet normal -0.234641 0.972082 0
    outer loop
      vertex 38.2948 106.252 5
      vertex 38.3528 106.266 4.4
      vertex 38.2948 106.252 4.4
    endloop
  endfacet
  facet normal -0.126566 0.991958 0
    outer loop
      vertex 38.4155 106.274 4.4
      vertex 38.3528 106.266 5
      vertex 38.4155 106.274 5
    endloop
  endfacet
  facet normal -0.126566 0.991958 0
    outer loop
      vertex 38.3528 106.266 5
      vertex 38.4155 106.274 4.4
      vertex 38.3528 106.266 4.4
    endloop
  endfacet
  facet normal -0.0296605 0.99956 0
    outer loop
      vertex 38.4829 106.276 4.4
      vertex 38.4155 106.274 5
      vertex 38.4829 106.276 5
    endloop
  endfacet
  facet normal -0.0296605 0.99956 0
    outer loop
      vertex 38.4155 106.274 5
      vertex 38.4829 106.276 4.4
      vertex 38.4155 106.274 4.4
    endloop
  endfacet
  facet normal 0.0749203 0.99719 -0
    outer loop
      vertex 38.616 106.266 4.4
      vertex 38.4829 106.276 5
      vertex 38.616 106.266 5
    endloop
  endfacet
  facet normal 0.0749203 0.99719 0
    outer loop
      vertex 38.4829 106.276 5
      vertex 38.616 106.266 4.4
      vertex 38.4829 106.276 4.4
    endloop
  endfacet
  facet normal 0.257236 0.966349 -0
    outer loop
      vertex 38.7287 106.236 4.4
      vertex 38.616 106.266 5
      vertex 38.7287 106.236 5
    endloop
  endfacet
  facet normal 0.257236 0.966349 0
    outer loop
      vertex 38.616 106.266 5
      vertex 38.7287 106.236 4.4
      vertex 38.616 106.266 4.4
    endloop
  endfacet
  facet normal 0.484433 0.874829 -0
    outer loop
      vertex 38.8208 106.185 4.4
      vertex 38.7287 106.236 5
      vertex 38.8208 106.185 5
    endloop
  endfacet
  facet normal 0.484433 0.874829 0
    outer loop
      vertex 38.7287 106.236 5
      vertex 38.8208 106.185 4.4
      vertex 38.7287 106.236 4.4
    endloop
  endfacet
  facet normal 0.708581 0.705629 -0
    outer loop
      vertex 38.8925 106.113 4.4
      vertex 38.8208 106.185 5
      vertex 38.8925 106.113 5
    endloop
  endfacet
  facet normal 0.708581 0.705629 0
    outer loop
      vertex 38.8208 106.185 5
      vertex 38.8925 106.113 4.4
      vertex 38.8208 106.185 4.4
    endloop
  endfacet
  facet normal 0.871524 0.490352 5.27459e-18
    outer loop
      vertex 38.9437 106.022 5
      vertex 38.8925 106.113 4.4
      vertex 38.8925 106.113 5
    endloop
  endfacet
  facet normal 0.871524 0.490352 5.27459e-18
    outer loop
      vertex 38.8925 106.113 4.4
      vertex 38.9437 106.022 5
      vertex 38.9437 106.022 4.4
    endloop
  endfacet
  facet normal 0.964205 0.265156 2.48417e-18
    outer loop
      vertex 38.9745 105.91 5
      vertex 38.9437 106.022 4.4
      vertex 38.9437 106.022 5
    endloop
  endfacet
  facet normal 0.964205 0.265156 2.48417e-18
    outer loop
      vertex 38.9437 106.022 4.4
      vertex 38.9745 105.91 5
      vertex 38.9745 105.91 4.4
    endloop
  endfacet
  facet normal 0.997072 0.0764672 8.28426e-19
    outer loop
      vertex 38.9847 105.777 5
      vertex 38.9745 105.91 4.4
      vertex 38.9745 105.91 5
    endloop
  endfacet
  facet normal 0.997072 0.0764672 8.28426e-19
    outer loop
      vertex 38.9745 105.91 4.4
      vertex 38.9847 105.777 5
      vertex 38.9847 105.777 4.4
    endloop
  endfacet
  facet normal 0.998385 -0.0568047 -2.66417e-19
    outer loop
      vertex 38.9814 105.719 5
      vertex 38.9847 105.777 4.4
      vertex 38.9847 105.777 5
    endloop
  endfacet
  facet normal 0.998385 -0.0568047 -2.66417e-19
    outer loop
      vertex 38.9847 105.777 4.4
      vertex 38.9814 105.719 5
      vertex 38.9814 105.719 4.4
    endloop
  endfacet
  facet normal 0.986213 -0.165483 -1.05069e-18
    outer loop
      vertex 38.9715 105.66 5
      vertex 38.9814 105.719 4.4
      vertex 38.9814 105.719 5
    endloop
  endfacet
  facet normal 0.986213 -0.165483 -1.05069e-18
    outer loop
      vertex 38.9814 105.719 4.4
      vertex 38.9715 105.66 5
      vertex 38.9715 105.66 4.4
    endloop
  endfacet
  facet normal 0.963471 -0.267812 -1.41115e-18
    outer loop
      vertex 38.9551 105.601 5
      vertex 38.9715 105.66 4.4
      vertex 38.9715 105.66 5
    endloop
  endfacet
  facet normal 0.963471 -0.267812 -1.41115e-18
    outer loop
      vertex 38.9715 105.66 4.4
      vertex 38.9551 105.601 5
      vertex 38.9551 105.601 4.4
    endloop
  endfacet
  facet normal 0.931173 -0.364578 3.01382e-19
    outer loop
      vertex 38.932 105.542 5
      vertex 38.9551 105.601 4.4
      vertex 38.9551 105.601 5
    endloop
  endfacet
  facet normal 0.931173 -0.364578 3.01382e-19
    outer loop
      vertex 38.9551 105.601 4.4
      vertex 38.932 105.542 5
      vertex 38.932 105.542 4.4
    endloop
  endfacet
  facet normal 0.896806 -0.442424 -9.80443e-19
    outer loop
      vertex 38.9024 105.482 5
      vertex 38.932 105.542 4.4
      vertex 38.932 105.542 5
    endloop
  endfacet
  facet normal 0.896806 -0.442424 -9.80443e-19
    outer loop
      vertex 38.932 105.542 4.4
      vertex 38.9024 105.482 5
      vertex 38.9024 105.482 4.4
    endloop
  endfacet
  facet normal 0.8556 -0.517638 2.43809e-18
    outer loop
      vertex 38.8661 105.422 5
      vertex 38.9024 105.482 4.4
      vertex 38.9024 105.482 5
    endloop
  endfacet
  facet normal 0.8556 -0.517638 2.43809e-18
    outer loop
      vertex 38.9024 105.482 4.4
      vertex 38.8661 105.422 5
      vertex 38.8661 105.422 4.4
    endloop
  endfacet
  facet normal 0.8141 -0.580725 -2.79247e-18
    outer loop
      vertex 38.8233 105.362 5
      vertex 38.8661 105.422 4.4
      vertex 38.8661 105.422 5
    endloop
  endfacet
  facet normal 0.8141 -0.580725 -2.79247e-18
    outer loop
      vertex 38.8661 105.422 4.4
      vertex 38.8233 105.362 5
      vertex 38.8233 105.362 4.4
    endloop
  endfacet
  facet normal 0.777245 -0.629198 1.09006e-19
    outer loop
      vertex 38.7723 105.299 5
      vertex 38.8233 105.362 4.4
      vertex 38.8233 105.362 5
    endloop
  endfacet
  facet normal 0.777245 -0.629198 1.09006e-19
    outer loop
      vertex 38.8233 105.362 4.4
      vertex 38.7723 105.299 5
      vertex 38.7723 105.299 4.4
    endloop
  endfacet
  facet normal 0.74054 -0.672012 7.72323e-18
    outer loop
      vertex 38.7115 105.232 5
      vertex 38.7723 105.299 4.4
      vertex 38.7723 105.299 5
    endloop
  endfacet
  facet normal 0.74054 -0.672012 7.72323e-18
    outer loop
      vertex 38.7723 105.299 4.4
      vertex 38.7115 105.232 5
      vertex 38.7115 105.232 4.4
    endloop
  endfacet
  facet normal 0.714015 -0.700131 2.18474e-18
    outer loop
      vertex 38.6409 105.16 5
      vertex 38.7115 105.232 4.4
      vertex 38.7115 105.232 5
    endloop
  endfacet
  facet normal 0.714015 -0.700131 2.18474e-18
    outer loop
      vertex 38.7115 105.232 4.4
      vertex 38.6409 105.16 5
      vertex 38.6409 105.16 4.4
    endloop
  endfacet
  facet normal 0.691671 -0.722213 0
    outer loop
      vertex 38.5605 105.083 4.4
      vertex 38.6409 105.16 5
      vertex 38.5605 105.083 5
    endloop
  endfacet
  facet normal 0.691671 -0.722213 0
    outer loop
      vertex 38.6409 105.16 5
      vertex 38.5605 105.083 4.4
      vertex 38.6409 105.16 4.4
    endloop
  endfacet
  facet normal 0.668144 -0.744032 0
    outer loop
      vertex 38.4703 105.002 4.4
      vertex 38.5605 105.083 5
      vertex 38.4703 105.002 5
    endloop
  endfacet
  facet normal 0.668144 -0.744032 0
    outer loop
      vertex 38.5605 105.083 5
      vertex 38.4703 105.002 4.4
      vertex 38.5605 105.083 4.4
    endloop
  endfacet
  facet normal 0.652039 -0.758185 0
    outer loop
      vertex 38.3703 104.916 4.4
      vertex 38.4703 105.002 5
      vertex 38.3703 104.916 5
    endloop
  endfacet
  facet normal 0.652039 -0.758185 0
    outer loop
      vertex 38.4703 105.002 5
      vertex 38.3703 104.916 4.4
      vertex 38.4703 105.002 4.4
    endloop
  endfacet
  facet normal 0.638113 -0.769943 0
    outer loop
      vertex 38.2605 104.825 4.4
      vertex 38.3703 104.916 5
      vertex 38.2605 104.825 5
    endloop
  endfacet
  facet normal 0.638113 -0.769943 0
    outer loop
      vertex 38.3703 104.916 5
      vertex 38.2605 104.825 4.4
      vertex 38.3703 104.916 4.4
    endloop
  endfacet
  facet normal 0.635939 -0.771739 0
    outer loop
      vertex 38.144 104.729 4.4
      vertex 38.2605 104.825 5
      vertex 38.144 104.729 5
    endloop
  endfacet
  facet normal 0.635939 -0.771739 0
    outer loop
      vertex 38.2605 104.825 5
      vertex 38.144 104.729 4.4
      vertex 38.2605 104.825 4.4
    endloop
  endfacet
  facet normal 0.651582 -0.758578 0
    outer loop
      vertex 38.0334 104.634 4.4
      vertex 38.144 104.729 5
      vertex 38.0334 104.634 5
    endloop
  endfacet
  facet normal 0.651582 -0.758578 0
    outer loop
      vertex 38.144 104.729 5
      vertex 38.0334 104.634 4.4
      vertex 38.144 104.729 4.4
    endloop
  endfacet
  facet normal 0.671616 -0.740899 0
    outer loop
      vertex 37.9286 104.539 4.4
      vertex 38.0334 104.634 5
      vertex 37.9286 104.539 5
    endloop
  endfacet
  facet normal 0.671616 -0.740899 0
    outer loop
      vertex 38.0334 104.634 5
      vertex 37.9286 104.539 4.4
      vertex 38.0334 104.634 4.4
    endloop
  endfacet
  facet normal 0.684675 -0.728848 0
    outer loop
      vertex 37.8296 104.446 4.4
      vertex 37.9286 104.539 5
      vertex 37.8296 104.446 5
    endloop
  endfacet
  facet normal 0.684675 -0.728848 0
    outer loop
      vertex 37.9286 104.539 5
      vertex 37.8296 104.446 4.4
      vertex 37.9286 104.539 4.4
    endloop
  endfacet
  facet normal 0.698612 -0.715501 0
    outer loop
      vertex 37.7364 104.355 4.4
      vertex 37.8296 104.446 5
      vertex 37.7364 104.355 5
    endloop
  endfacet
  facet normal 0.698612 -0.715501 0
    outer loop
      vertex 37.8296 104.446 5
      vertex 37.7364 104.355 4.4
      vertex 37.8296 104.446 4.4
    endloop
  endfacet
  facet normal 0.721229 -0.692697 -4.10306e-18
    outer loop
      vertex 37.649 104.264 5
      vertex 37.7364 104.355 4.4
      vertex 37.7364 104.355 5
    endloop
  endfacet
  facet normal 0.721229 -0.692697 -4.10306e-18
    outer loop
      vertex 37.7364 104.355 4.4
      vertex 37.649 104.264 5
      vertex 37.649 104.264 4.4
    endloop
  endfacet
  facet normal 0.740833 -0.671689 -5.59446e-18
    outer loop
      vertex 37.5674 104.174 5
      vertex 37.649 104.264 4.4
      vertex 37.649 104.264 5
    endloop
  endfacet
  facet normal 0.740833 -0.671689 -5.59446e-18
    outer loop
      vertex 37.649 104.264 4.4
      vertex 37.5674 104.174 5
      vertex 37.5674 104.174 4.4
    endloop
  endfacet
  facet normal 0.76004 -0.649877 5.85771e-19
    outer loop
      vertex 37.4913 104.085 5
      vertex 37.5674 104.174 4.4
      vertex 37.5674 104.174 5
    endloop
  endfacet
  facet normal 0.76004 -0.649877 5.85771e-19
    outer loop
      vertex 37.5674 104.174 4.4
      vertex 37.4913 104.085 5
      vertex 37.4913 104.085 4.4
    endloop
  endfacet
  facet normal 0.78553 -0.618823 2.58081e-18
    outer loop
      vertex 37.4204 103.995 5
      vertex 37.4913 104.085 4.4
      vertex 37.4913 104.085 5
    endloop
  endfacet
  facet normal 0.78553 -0.618823 2.58081e-18
    outer loop
      vertex 37.4913 104.085 4.4
      vertex 37.4204 103.995 5
      vertex 37.4204 103.995 4.4
    endloop
  endfacet
  facet normal 0.81035 -0.585946 -5.16585e-18
    outer loop
      vertex 37.3546 103.904 5
      vertex 37.4204 103.995 4.4
      vertex 37.4204 103.995 5
    endloop
  endfacet
  facet normal 0.81035 -0.585946 -5.16585e-18
    outer loop
      vertex 37.4204 103.995 4.4
      vertex 37.3546 103.904 5
      vertex 37.3546 103.904 4.4
    endloop
  endfacet
  facet normal 0.83511 -0.550083 -3.41957e-18
    outer loop
      vertex 37.294 103.812 5
      vertex 37.3546 103.904 4.4
      vertex 37.3546 103.904 5
    endloop
  endfacet
  facet normal 0.83511 -0.550083 -3.41957e-18
    outer loop
      vertex 37.3546 103.904 4.4
      vertex 37.294 103.812 5
      vertex 37.294 103.812 4.4
    endloop
  endfacet
  facet normal 0.856259 -0.516547 8.14587e-19
    outer loop
      vertex 37.2385 103.72 5
      vertex 37.294 103.812 4.4
      vertex 37.294 103.812 5
    endloop
  endfacet
  facet normal 0.856259 -0.516547 8.14587e-19
    outer loop
      vertex 37.294 103.812 4.4
      vertex 37.2385 103.72 5
      vertex 37.2385 103.72 4.4
    endloop
  endfacet
  facet normal 0.879193 -0.476466 1.24217e-18
    outer loop
      vertex 37.1881 103.627 5
      vertex 37.2385 103.72 4.4
      vertex 37.2385 103.72 5
    endloop
  endfacet
  facet normal 0.879193 -0.476466 1.24217e-18
    outer loop
      vertex 37.2385 103.72 4.4
      vertex 37.1881 103.627 5
      vertex 37.1881 103.627 4.4
    endloop
  endfacet
  facet normal 0.8994 -0.437128 -1.15637e-18
    outer loop
      vertex 37.1429 103.534 5
      vertex 37.1881 103.627 4.4
      vertex 37.1881 103.627 5
    endloop
  endfacet
  facet normal 0.8994 -0.437128 -1.15637e-18
    outer loop
      vertex 37.1881 103.627 4.4
      vertex 37.1429 103.534 5
      vertex 37.1429 103.534 4.4
    endloop
  endfacet
  facet normal 1 -0 0
    outer loop
      vertex 37.1429 103.005 5
      vertex 37.1429 103.534 4.4
      vertex 37.1429 103.534 5
    endloop
  endfacet
  facet normal 1 0 0
    outer loop
      vertex 37.1429 103.534 4.4
      vertex 37.1429 103.005 5
      vertex 37.1429 103.005 4.4
    endloop
  endfacet
  facet normal 0 1 -0
    outer loop
      vertex 39.8175 103.005 4.4
      vertex 37.1429 103.005 5
      vertex 39.8175 103.005 5
    endloop
  endfacet
  facet normal 0 1 0
    outer loop
      vertex 37.1429 103.005 5
      vertex 39.8175 103.005 4.4
      vertex 37.1429 103.005 4.4
    endloop
  endfacet
  facet normal -1 0 0
    outer loop
      vertex 39.8175 103.005 4.4
      vertex 39.8175 103.632 5
      vertex 39.8175 103.632 4.4
    endloop
  endfacet
  facet normal -1 -0 0
    outer loop
      vertex 39.8175 103.632 5
      vertex 39.8175 103.005 4.4
      vertex 39.8175 103.005 5
    endloop
  endfacet
  facet normal 0 1 -0
    outer loop
      vertex 35.7666 103.982 4.4
      vertex 34.31 103.982 5
      vertex 35.7666 103.982 5
    endloop
  endfacet
  facet normal 0 1 0
    outer loop
      vertex 34.31 103.982 5
      vertex 35.7666 103.982 4.4
      vertex 34.31 103.982 4.4
    endloop
  endfacet
  facet normal 0.944744 0.327808 -1.76466e-17
    outer loop
      vertex 36.1056 103.005 5
      vertex 35.7666 103.982 4.4
      vertex 35.7666 103.982 5
    endloop
  endfacet
  facet normal 0.944744 0.327808 -1.76466e-17
    outer loop
      vertex 35.7666 103.982 4.4
      vertex 36.1056 103.005 5
      vertex 36.1056 103.005 4.4
    endloop
  endfacet
  facet normal 0 1 -0
    outer loop
      vertex 36.8977 103.005 4.4
      vertex 36.1056 103.005 5
      vertex 36.8977 103.005 5
    endloop
  endfacet
  facet normal 0 1 0
    outer loop
      vertex 36.1056 103.005 5
      vertex 36.8977 103.005 4.4
      vertex 36.1056 103.005 4.4
    endloop
  endfacet
  facet normal -0.939874 -0.341522 -5.32905e-17
    outer loop
      vertex 36.8977 103.005 4.4
      vertex 35.5089 106.827 5
      vertex 35.5089 106.827 4.4
    endloop
  endfacet
  facet normal -0.939874 -0.341522 -5.32905e-17
    outer loop
      vertex 35.5089 106.827 5
      vertex 36.8977 103.005 4.4
      vertex 36.8977 103.005 5
    endloop
  endfacet
  facet normal 0 -1 0
    outer loop
      vertex 34.5649 106.827 4.4
      vertex 35.5089 106.827 5
      vertex 34.5649 106.827 5
    endloop
  endfacet
  facet normal 0 -1 -0
    outer loop
      vertex 35.5089 106.827 5
      vertex 34.5649 106.827 4.4
      vertex 35.5089 106.827 4.4
    endloop
  endfacet
  facet normal 0.939447 -0.342694 -1.06616e-16
    outer loop
      vertex 33.1707 103.005 5
      vertex 34.5649 106.827 4.4
      vertex 34.5649 106.827 5
    endloop
  endfacet
  facet normal 0.939447 -0.342694 -1.06616e-16
    outer loop
      vertex 34.5649 106.827 4.4
      vertex 33.1707 103.005 5
      vertex 33.1707 103.005 4.4
    endloop
  endfacet
  facet normal 0 1 -0
    outer loop
      vertex 33.9709 103.005 4.4
      vertex 33.1707 103.005 5
      vertex 33.9709 103.005 5
    endloop
  endfacet
  facet normal 0 1 0
    outer loop
      vertex 33.1707 103.005 5
      vertex 33.9709 103.005 4.4
      vertex 33.1707 103.005 4.4
    endloop
  endfacet
  facet normal -0.944714 0.327894 -3.20171e-18
    outer loop
      vertex 33.9709 103.005 4.4
      vertex 34.31 103.982 5
      vertex 34.31 103.982 4.4
    endloop
  endfacet
  facet normal -0.944714 0.327894 -3.20171e-18
    outer loop
      vertex 34.31 103.982 5
      vertex 33.9709 103.005 4.4
      vertex 33.9709 103.005 5
    endloop
  endfacet
  facet normal -0.945747 0.324905 -1.33398e-18
    outer loop
      vertex 34.489 104.584 4.4
      vertex 34.6034 104.917 5
      vertex 34.6034 104.917 4.4
    endloop
  endfacet
  facet normal -0.945747 0.324905 -1.33398e-18
    outer loop
      vertex 34.6034 104.917 5
      vertex 34.489 104.584 4.4
      vertex 34.489 104.584 5
    endloop
  endfacet
  facet normal -0.94609 0.323904 6.51886e-18
    outer loop
      vertex 34.6034 104.917 4.4
      vertex 34.702 105.205 5
      vertex 34.702 105.205 4.4
    endloop
  endfacet
  facet normal -0.94609 0.323904 6.51886e-18
    outer loop
      vertex 34.702 105.205 5
      vertex 34.6034 104.917 4.4
      vertex 34.6034 104.917 5
    endloop
  endfacet
  facet normal -0.946391 0.323024 -9.30872e-19
    outer loop
      vertex 34.702 105.205 4.4
      vertex 34.7846 105.447 5
      vertex 34.7846 105.447 4.4
    endloop
  endfacet
  facet normal -0.946391 0.323024 -9.30872e-19
    outer loop
      vertex 34.7846 105.447 5
      vertex 34.702 105.205 4.4
      vertex 34.702 105.205 5
    endloop
  endfacet
  facet normal -0.946832 0.32173 -1.73965e-18
    outer loop
      vertex 34.7846 105.447 4.4
      vertex 34.8512 105.643 5
      vertex 34.8512 105.643 4.4
    endloop
  endfacet
  facet normal -0.946832 0.32173 -1.73965e-18
    outer loop
      vertex 34.8512 105.643 5
      vertex 34.7846 105.447 4.4
      vertex 34.7846 105.447 5
    endloop
  endfacet
  facet normal -0.947349 0.320204 2.44244e-18
    outer loop
      vertex 34.8512 105.643 4.4
      vertex 34.9019 105.793 5
      vertex 34.9019 105.793 4.4
    endloop
  endfacet
  facet normal -0.947349 0.320204 2.44244e-18
    outer loop
      vertex 34.9019 105.793 5
      vertex 34.8512 105.643 4.4
      vertex 34.8512 105.643 5
    endloop
  endfacet
  facet normal -0.949224 0.3146 5.55363e-19
    outer loop
      vertex 34.9019 105.793 4.4
      vertex 34.9367 105.898 5
      vertex 34.9367 105.898 4.4
    endloop
  endfacet
  facet normal -0.949224 0.3146 5.55363e-19
    outer loop
      vertex 34.9367 105.898 5
      vertex 34.9019 105.793 4.4
      vertex 34.9019 105.793 5
    endloop
  endfacet
  facet normal -0.951275 0.308344 -1.34269e-18
    outer loop
      vertex 34.9367 105.898 4.4
      vertex 34.9555 105.956 5
      vertex 34.9555 105.956 4.4
    endloop
  endfacet
  facet normal -0.951275 0.308344 -1.34269e-18
    outer loop
      vertex 34.9555 105.956 5
      vertex 34.9367 105.898 4.4
      vertex 34.9367 105.898 5
    endloop
  endfacet
  facet normal -0.95707 0.289856 1.05165e-18
    outer loop
      vertex 34.9555 105.956 4.4
      vertex 34.9661 105.991 5
      vertex 34.9661 105.991 4.4
    endloop
  endfacet
  facet normal -0.95707 0.289856 1.05165e-18
    outer loop
      vertex 34.9661 105.991 5
      vertex 34.9555 105.956 4.4
      vertex 34.9555 105.956 5
    endloop
  endfacet
  facet normal -0.957826 0.287348 -1.22079e-18
    outer loop
      vertex 34.9661 105.991 4.4
      vertex 34.9763 106.025 5
      vertex 34.9763 106.025 4.4
    endloop
  endfacet
  facet normal -0.957826 0.287348 -1.22079e-18
    outer loop
      vertex 34.9763 106.025 5
      vertex 34.9661 105.991 4.4
      vertex 34.9661 105.991 5
    endloop
  endfacet
  facet normal -0.958622 0.284682 -7.74294e-19
    outer loop
      vertex 34.9763 106.025 4.4
      vertex 34.9861 106.058 5
      vertex 34.9861 106.058 4.4
    endloop
  endfacet
  facet normal -0.958622 0.284682 -7.74294e-19
    outer loop
      vertex 34.9861 106.058 5
      vertex 34.9763 106.025 4.4
      vertex 34.9763 106.025 5
    endloop
  endfacet
  facet normal -0.960268 0.279078 1.1037e-18
    outer loop
      vertex 34.9861 106.058 4.4
      vertex 34.9954 106.09 5
      vertex 34.9954 106.09 4.4
    endloop
  endfacet
  facet normal -0.960268 0.279078 1.1037e-18
    outer loop
      vertex 34.9954 106.09 5
      vertex 34.9861 106.058 4.4
      vertex 34.9861 106.058 5
    endloop
  endfacet
  facet normal -0.961991 0.273081 1.50155e-19
    outer loop
      vertex 34.9954 106.09 4.4
      vertex 35.0042 106.121 5
      vertex 35.0042 106.121 4.4
    endloop
  endfacet
  facet normal -0.961991 0.273081 1.50155e-19
    outer loop
      vertex 35.0042 106.121 5
      vertex 34.9954 106.09 4.4
      vertex 34.9954 106.09 5
    endloop
  endfacet
  facet normal -0.960518 0.278219 2.24865e-19
    outer loop
      vertex 35.0042 106.121 4.4
      vertex 35.0126 106.15 5
      vertex 35.0126 106.15 4.4
    endloop
  endfacet
  facet normal -0.960518 0.278219 2.24865e-19
    outer loop
      vertex 35.0126 106.15 5
      vertex 35.0042 106.121 4.4
      vertex 35.0042 106.121 5
    endloop
  endfacet
  facet normal -0.963993 0.265929 -5.61361e-19
    outer loop
      vertex 35.0126 106.15 4.4
      vertex 35.0206 106.179 5
      vertex 35.0206 106.179 4.4
    endloop
  endfacet
  facet normal -0.963993 0.265929 -5.61361e-19
    outer loop
      vertex 35.0206 106.179 5
      vertex 35.0126 106.15 4.4
      vertex 35.0126 106.15 5
    endloop
  endfacet
  facet normal -0.963891 0.266295 -6.23943e-19
    outer loop
      vertex 35.0206 106.179 4.4
      vertex 35.0369 106.238 5
      vertex 35.0369 106.238 4.4
    endloop
  endfacet
  facet normal -0.963891 0.266295 -6.23943e-19
    outer loop
      vertex 35.0369 106.238 5
      vertex 35.0206 106.179 4.4
      vertex 35.0206 106.179 5
    endloop
  endfacet
  facet normal 0.95655 0.291569 -6.05482e-18
    outer loop
      vertex 35.0939 106.051 5
      vertex 35.0369 106.238 4.4
      vertex 35.0369 106.238 5
    endloop
  endfacet
  facet normal 0.95655 0.291569 -6.05482e-18
    outer loop
      vertex 35.0369 106.238 4.4
      vertex 35.0939 106.051 5
      vertex 35.0939 106.051 4.4
    endloop
  endfacet
  facet normal 0.953528 0.301305 6.83604e-18
    outer loop
      vertex 35.2105 105.682 5
      vertex 35.0939 106.051 4.4
      vertex 35.0939 106.051 5
    endloop
  endfacet
  facet normal 0.953528 0.301305 6.83604e-18
    outer loop
      vertex 35.0939 106.051 4.4
      vertex 35.2105 105.682 5
      vertex 35.2105 105.682 4.4
    endloop
  endfacet
  facet normal 0.945802 0.324743 -1.61888e-17
    outer loop
      vertex 35.5875 104.584 5
      vertex 35.2105 105.682 4.4
      vertex 35.2105 105.682 5
    endloop
  endfacet
  facet normal 0.945802 0.324743 -1.61888e-17
    outer loop
      vertex 35.2105 105.682 4.4
      vertex 35.5875 104.584 5
      vertex 35.5875 104.584 4.4
    endloop
  endfacet
  facet normal 0 -1 0
    outer loop
      vertex 34.489 104.584 4.4
      vertex 35.5875 104.584 5
      vertex 34.489 104.584 5
    endloop
  endfacet
  facet normal 0 -1 -0
    outer loop
      vertex 35.5875 104.584 5
      vertex 34.489 104.584 4.4
      vertex 35.5875 104.584 4.4
    endloop
  endfacet
  facet normal 0 0 -1
    outer loop
      vertex 72.6 108.8 0
      vertex 81.65 106.977 0
      vertex 72.6 105.485 0
    endloop
  endfacet
  facet normal 0 0 -1
    outer loop
      vertex 81.65 106.977 0
      vertex 72.6 108.8 0
      vertex 81.5 108.8 0
    endloop
  endfacet
  facet normal 0 0 -1
    outer loop
      vertex 142 101.2 0
      vertex 135.9 108.8 0
      vertex 142 125.8 0
    endloop
  endfacet
  facet normal 0 0 -1
    outer loop
      vertex 142 101.2 0
      vertex 133.5 108.8 0
      vertex 135.9 108.8 0
    endloop
  endfacet
  facet normal 0 0 -1
    outer loop
      vertex 133.5 108.8 0
      vertex 121.5 108.8 0
      vertex 133.5 113.8 0
    endloop
  endfacet
  facet normal 0 0 -1
    outer loop
      vertex 142 101.2 0
      vertex 121.5 108.8 0
      vertex 133.5 108.8 0
    endloop
  endfacet
  facet normal 0 0 -1
    outer loop
      vertex 142 101.2 0
      vertex 116.5 108.8 0
      vertex 121.5 108.8 0
    endloop
  endfacet
  facet normal 0 0 -1
    outer loop
      vertex 116.5 108.8 0
      vertex 104.5 108.8 0
      vertex 116.5 119.3 0
    endloop
  endfacet
  facet normal 0 0 -1
    outer loop
      vertex 81.65 101.2 0
      vertex 116.5 108.8 0
      vertex 142 101.2 0
    endloop
  endfacet
  facet normal -0 0 -1
    outer loop
      vertex 116.5 108.8 0
      vertex 81.65 101.2 0
      vertex 104.5 108.8 0
    endloop
  endfacet
  facet normal -0 0 -1
    outer loop
      vertex 104.5 108.8 0
      vertex 81.65 101.2 0
      vertex 93.5 108.8 0
    endloop
  endfacet
  facet normal 0 0 -1
    outer loop
      vertex 81.65 106.977 0
      vertex 93.5 108.8 0
      vertex 81.65 101.2 0
    endloop
  endfacet
  facet normal 0 0 -1
    outer loop
      vertex 81.5 108.8 0
      vertex 93.5 108.8 0
      vertex 81.65 106.977 0
    endloop
  endfacet
  facet normal 0 0 -1
    outer loop
      vertex 93.5 108.8 0
      vertex 81.5 108.8 0
      vertex 93.5 119.3 0
    endloop
  endfacet
  facet normal -0 0 -1
    outer loop
      vertex 93.5 119.3 0
      vertex 81.5 108.8 0
      vertex 81.5 119.3 0
    endloop
  endfacet
  facet normal -0 0 -1
    outer loop
      vertex 142 125.8 0
      vertex 135.9 108.8 0
      vertex 135.9 125.8 0
    endloop
  endfacet
  facet normal -0 0 -1
    outer loop
      vertex 133.5 113.8 0
      vertex 121.5 108.8 0
      vertex 121.5 113.8 0
    endloop
  endfacet
  facet normal -0 0 -1
    outer loop
      vertex 116.5 119.3 0
      vertex 104.5 108.8 0
      vertex 104.5 119.3 0
    endloop
  endfacet
  facet normal 0 0 1
    outer loop
      vertex 81.5 108.8 5
      vertex 93.5 108.8 5
      vertex 93.5 119.3 5
    endloop
  endfacet
  facet normal 0 0 1
    outer loop
      vertex 81.5 108.8 5
      vertex 93.5 119.3 5
      vertex 81.5 119.3 5
    endloop
  endfacet
  facet normal 0 0 1
    outer loop
      vertex 93.5 108.8 5
      vertex 81.5 108.8 5
      vertex 81.65 106.977 5
    endloop
  endfacet
  facet normal -0 0 1
    outer loop
      vertex 72.6 108.8 5
      vertex 81.65 106.977 5
      vertex 81.5 108.8 5
    endloop
  endfacet
  facet normal 0 0 1
    outer loop
      vertex 81.65 106.977 5
      vertex 72.6 108.8 5
      vertex 72.6 105.485 5
    endloop
  endfacet
  facet normal 0 0 1
    outer loop
      vertex 109.955 106.832 5
      vertex 116.5 108.8 5
      vertex 116.5 119.3 5
    endloop
  endfacet
  facet normal 0 0 1
    outer loop
      vertex 110.756 105.734 5
      vertex 116.5 108.8 5
      vertex 110.758 105.81 5
    endloop
  endfacet
  facet normal 0 0 1
    outer loop
      vertex 116.5 108.8 5
      vertex 110.751 105.951 5
      vertex 110.758 105.81 5
    endloop
  endfacet
  facet normal 0 0 1
    outer loop
      vertex 116.5 108.8 5
      vertex 110.731 106.083 5
      vertex 110.751 105.951 5
    endloop
  endfacet
  facet normal 0 0 1
    outer loop
      vertex 116.5 108.8 5
      vertex 110.697 106.205 5
      vertex 110.731 106.083 5
    endloop
  endfacet
  facet normal 0 0 1
    outer loop
      vertex 116.5 108.8 5
      vertex 110.65 106.318 5
      vertex 110.697 106.205 5
    endloop
  endfacet
  facet normal 0 0 1
    outer loop
      vertex 116.5 108.8 5
      vertex 110.589 106.422 5
      vertex 110.65 106.318 5
    endloop
  endfacet
  facet normal 0 0 1
    outer loop
      vertex 116.5 108.8 5
      vertex 110.515 106.517 5
      vertex 110.589 106.422 5
    endloop
  endfacet
  facet normal 0 0 1
    outer loop
      vertex 116.5 108.8 5
      vertex 110.427 106.602 5
      vertex 110.515 106.517 5
    endloop
  endfacet
  facet normal 0 0 1
    outer loop
      vertex 116.5 108.8 5
      vertex 110.326 106.677 5
      vertex 110.427 106.602 5
    endloop
  endfacet
  facet normal 0 0 1
    outer loop
      vertex 116.5 108.8 5
      vertex 110.214 106.74 5
      vertex 110.326 106.677 5
    endloop
  endfacet
  facet normal 0 0 1
    outer loop
      vertex 116.5 108.8 5
      vertex 110.09 106.792 5
      vertex 110.214 106.74 5
    endloop
  endfacet
  facet normal 0 0 1
    outer loop
      vertex 116.5 108.8 5
      vertex 109.955 106.832 5
      vertex 110.09 106.792 5
    endloop
  endfacet
  facet normal 0 0 1
    outer loop
      vertex 116.5 119.3 5
      vertex 109.807 106.861 5
      vertex 109.955 106.832 5
    endloop
  endfacet
  facet normal 0 0 1
    outer loop
      vertex 116.5 119.3 5
      vertex 109.648 106.878 5
      vertex 109.807 106.861 5
    endloop
  endfacet
  facet normal -0 0 1
    outer loop
      vertex 104.5 119.3 5
      vertex 109.648 106.878 5
      vertex 116.5 119.3 5
    endloop
  endfacet
  facet normal 0 0 1
    outer loop
      vertex 109.648 106.878 5
      vertex 104.5 119.3 5
      vertex 109.477 106.884 5
    endloop
  endfacet
  facet normal -0 0 1
    outer loop
      vertex 104.5 108.8 5
      vertex 109.477 106.884 5
      vertex 104.5 119.3 5
    endloop
  endfacet
  facet normal 0 0 1
    outer loop
      vertex 109.477 106.884 5
      vertex 104.5 108.8 5
      vertex 109.319 106.878 5
    endloop
  endfacet
  facet normal 0 0 1
    outer loop
      vertex 109.319 106.878 5
      vertex 104.5 108.8 5
      vertex 109.17 106.861 5
    endloop
  endfacet
  facet normal 0 0 1
    outer loop
      vertex 109.17 106.861 5
      vertex 104.5 108.8 5
      vertex 109.031 106.833 5
    endloop
  endfacet
  facet normal 0 0 1
    outer loop
      vertex 109.031 106.833 5
      vertex 104.5 108.8 5
      vertex 108.902 106.793 5
    endloop
  endfacet
  facet normal -0 -0 1
    outer loop
      vertex 106.509 106.827 5
      vertex 108.902 106.793 5
      vertex 104.5 108.8 5
    endloop
  endfacet
  facet normal 0 0 1
    outer loop
      vertex 108.902 106.793 5
      vertex 106.509 106.827 5
      vertex 108.782 106.741 5
    endloop
  endfacet
  facet normal 0 0 1
    outer loop
      vertex 108.782 106.741 5
      vertex 106.509 106.827 5
      vertex 108.673 106.679 5
    endloop
  endfacet
  facet normal 0 0 1
    outer loop
      vertex 108.673 106.679 5
      vertex 106.509 106.827 5
      vertex 108.573 106.604 5
    endloop
  endfacet
  facet normal 0 0 1
    outer loop
      vertex 108.143 103.534 5
      vertex 107.898 103.005 5
      vertex 108.143 103.005 5
    endloop
  endfacet
  facet normal 0 0 1
    outer loop
      vertex 108.188 103.627 5
      vertex 106.509 106.827 5
      vertex 108.143 103.534 5
    endloop
  endfacet
  facet normal 0 0 1
    outer loop
      vertex 108.143 103.534 5
      vertex 106.509 106.827 5
      vertex 107.898 103.005 5
    endloop
  endfacet
  facet normal 0 0 1
    outer loop
      vertex 108.2 105.94 5
      vertex 106.509 106.827 5
      vertex 108.175 105.793 5
    endloop
  endfacet
  facet normal 0 0 1
    outer loop
      vertex 108.234 106.077 5
      vertex 106.509 106.827 5
      vertex 108.2 105.94 5
    endloop
  endfacet
  facet normal 0 0 1
    outer loop
      vertex 108.28 106.203 5
      vertex 106.509 106.827 5
      vertex 108.234 106.077 5
    endloop
  endfacet
  facet normal 0 0 1
    outer loop
      vertex 108.337 106.319 5
      vertex 106.509 106.827 5
      vertex 108.28 106.203 5
    endloop
  endfacet
  facet normal 0 0 1
    outer loop
      vertex 108.483 106.52 5
      vertex 106.509 106.827 5
      vertex 108.405 106.424 5
    endloop
  endfacet
  facet normal 0 0 1
    outer loop
      vertex 108.405 106.424 5
      vertex 106.509 106.827 5
      vertex 108.337 106.319 5
    endloop
  endfacet
  facet normal 0 0 1
    outer loop
      vertex 108.573 106.604 5
      vertex 106.509 106.827 5
      vertex 108.483 106.52 5
    endloop
  endfacet
  facet normal 0 0 1
    outer loop
      vertex 106.509 106.827 5
      vertex 104.5 108.8 5
      vertex 105.565 106.827 5
    endloop
  endfacet
  facet normal 0 0 1
    outer loop
      vertex 104.5 108.8 5
      vertex 104.171 103.005 5
      vertex 105.565 106.827 5
    endloop
  endfacet
  facet normal 0 -0 1
    outer loop
      vertex 104.171 103.005 5
      vertex 104.5 108.8 5
      vertex 93.5 108.8 5
    endloop
  endfacet
  facet normal 0 0 1
    outer loop
      vertex 133.5 113.8 5
      vertex 121.5 113.8 5
      vertex 133.5 108.8 5
    endloop
  endfacet
  facet normal 0 0 1
    outer loop
      vertex 135.9 108.8 5
      vertex 142 125.8 5
      vertex 135.9 125.8 5
    endloop
  endfacet
  facet normal 0 0 1
    outer loop
      vertex 142 125.8 5
      vertex 135.9 108.8 5
      vertex 142 101.2 5
    endloop
  endfacet
  facet normal -0 0 1
    outer loop
      vertex 133.5 108.8 5
      vertex 142 101.2 5
      vertex 135.9 108.8 5
    endloop
  endfacet
  facet normal 0 0 1
    outer loop
      vertex 121.5 108.8 5
      vertex 133.5 108.8 5
      vertex 121.5 113.8 5
    endloop
  endfacet
  facet normal 0 0 1
    outer loop
      vertex 133.5 108.8 5
      vertex 121.5 108.8 5
      vertex 142 101.2 5
    endloop
  endfacet
  facet normal 0 0 1
    outer loop
      vertex 110.817 103.005 5
      vertex 121.5 108.8 5
      vertex 116.5 108.8 5
    endloop
  endfacet
  facet normal 0 0 1
    outer loop
      vertex 110.817 103.005 5
      vertex 116.5 108.8 5
      vertex 110.817 103.632 5
    endloop
  endfacet
  facet normal 0 0 1
    outer loop
      vertex 121.5 108.8 5
      vertex 110.817 103.005 5
      vertex 142 101.2 5
    endloop
  endfacet
  facet normal 0 0 1
    outer loop
      vertex 81.65 101.2 5
      vertex 110.817 103.005 5
      vertex 108.143 103.005 5
    endloop
  endfacet
  facet normal 0 0 1
    outer loop
      vertex 81.65 101.2 5
      vertex 108.143 103.005 5
      vertex 107.898 103.005 5
    endloop
  endfacet
  facet normal 0 0 1
    outer loop
      vertex 81.65 101.2 5
      vertex 107.898 103.005 5
      vertex 107.106 103.005 5
    endloop
  endfacet
  facet normal -0 0 1
    outer loop
      vertex 105.31 103.982 5
      vertex 107.106 103.005 5
      vertex 106.767 103.982 5
    endloop
  endfacet
  facet normal 0 0 1
    outer loop
      vertex 104.971 103.005 5
      vertex 107.106 103.005 5
      vertex 105.31 103.982 5
    endloop
  endfacet
  facet normal 0 0 1
    outer loop
      vertex 81.65 101.2 5
      vertex 107.106 103.005 5
      vertex 104.971 103.005 5
    endloop
  endfacet
  facet normal 0 0 1
    outer loop
      vertex 81.65 101.2 5
      vertex 104.971 103.005 5
      vertex 104.171 103.005 5
    endloop
  endfacet
  facet normal 0 0 1
    outer loop
      vertex 81.65 101.2 5
      vertex 93.5 108.8 5
      vertex 81.65 106.977 5
    endloop
  endfacet
  facet normal 0 0 1
    outer loop
      vertex 110.817 103.005 5
      vertex 81.65 101.2 5
      vertex 142 101.2 5
    endloop
  endfacet
  facet normal 0 0 1
    outer loop
      vertex 93.5 108.8 5
      vertex 81.65 101.2 5
      vertex 104.171 103.005 5
    endloop
  endfacet
  facet normal 0 0 1
    outer loop
      vertex 110.749 105.66 5
      vertex 116.5 108.8 5
      vertex 110.756 105.734 5
    endloop
  endfacet
  facet normal 0 0 1
    outer loop
      vertex 110.738 105.589 5
      vertex 116.5 108.8 5
      vertex 110.749 105.66 5
    endloop
  endfacet
  facet normal 0 0 1
    outer loop
      vertex 116.5 108.8 5
      vertex 110.738 105.589 5
      vertex 110.817 103.632 5
    endloop
  endfacet
  facet normal -0 0 1
    outer loop
      vertex 110.723 105.52 5
      vertex 110.817 103.632 5
      vertex 110.738 105.589 5
    endloop
  endfacet
  facet normal -0 0 1
    outer loop
      vertex 110.704 105.452 5
      vertex 110.817 103.632 5
      vertex 110.723 105.52 5
    endloop
  endfacet
  facet normal -0 0 1
    outer loop
      vertex 110.68 105.387 5
      vertex 110.817 103.632 5
      vertex 110.704 105.452 5
    endloop
  endfacet
  facet normal -0 0 1
    outer loop
      vertex 110.652 105.324 5
      vertex 110.817 103.632 5
      vertex 110.68 105.387 5
    endloop
  endfacet
  facet normal -0 0 1
    outer loop
      vertex 110.621 105.263 5
      vertex 110.817 103.632 5
      vertex 110.652 105.324 5
    endloop
  endfacet
  facet normal -0 0 1
    outer loop
      vertex 110.587 105.203 5
      vertex 110.817 103.632 5
      vertex 110.621 105.263 5
    endloop
  endfacet
  facet normal -0 0 1
    outer loop
      vertex 110.55 105.144 5
      vertex 110.817 103.632 5
      vertex 110.587 105.203 5
    endloop
  endfacet
  facet normal -0 0 1
    outer loop
      vertex 110.512 105.087 5
      vertex 110.817 103.632 5
      vertex 110.55 105.144 5
    endloop
  endfacet
  facet normal -0 0 1
    outer loop
      vertex 110.47 105.031 5
      vertex 110.817 103.632 5
      vertex 110.512 105.087 5
    endloop
  endfacet
  facet normal -0 0 1
    outer loop
      vertex 110.427 104.977 5
      vertex 110.817 103.632 5
      vertex 110.47 105.031 5
    endloop
  endfacet
  facet normal -0 0 1
    outer loop
      vertex 110.381 104.924 5
      vertex 110.817 103.632 5
      vertex 110.427 104.977 5
    endloop
  endfacet
  facet normal -0 0 1
    outer loop
      vertex 110.333 104.872 5
      vertex 110.817 103.632 5
      vertex 110.381 104.924 5
    endloop
  endfacet
  facet normal -0 0 1
    outer loop
      vertex 110.283 104.821 5
      vertex 110.817 103.632 5
      vertex 110.333 104.872 5
    endloop
  endfacet
  facet normal -0 0 1
    outer loop
      vertex 110.232 104.771 5
      vertex 110.817 103.632 5
      vertex 110.283 104.821 5
    endloop
  endfacet
  facet normal -0 0 1
    outer loop
      vertex 110.18 104.722 5
      vertex 110.817 103.632 5
      vertex 110.232 104.771 5
    endloop
  endfacet
  facet normal -0 0 1
    outer loop
      vertex 110.126 104.674 5
      vertex 110.817 103.632 5
      vertex 110.18 104.722 5
    endloop
  endfacet
  facet normal -0 0 1
    outer loop
      vertex 110.07 104.627 5
      vertex 110.817 103.632 5
      vertex 110.126 104.674 5
    endloop
  endfacet
  facet normal -0 0 1
    outer loop
      vertex 110.013 104.581 5
      vertex 110.817 103.632 5
      vertex 110.07 104.627 5
    endloop
  endfacet
  facet normal -0 0 1
    outer loop
      vertex 109.956 104.535 5
      vertex 110.817 103.632 5
      vertex 110.013 104.581 5
    endloop
  endfacet
  facet normal -0 0 1
    outer loop
      vertex 109.842 104.445 5
      vertex 110.817 103.632 5
      vertex 109.956 104.535 5
    endloop
  endfacet
  facet normal -0 0 1
    outer loop
      vertex 109.786 104.401 5
      vertex 110.817 103.632 5
      vertex 109.842 104.445 5
    endloop
  endfacet
  facet normal -0 0 1
    outer loop
      vertex 109.676 104.313 5
      vertex 110.817 103.632 5
      vertex 109.786 104.401 5
    endloop
  endfacet
  facet normal -0 0 1
    outer loop
      vertex 109.621 104.269 5
      vertex 110.817 103.632 5
      vertex 109.676 104.313 5
    endloop
  endfacet
  facet normal -0 0 1
    outer loop
      vertex 109.568 104.226 5
      vertex 110.817 103.632 5
      vertex 109.621 104.269 5
    endloop
  endfacet
  facet normal -0 0 1
    outer loop
      vertex 109.516 104.182 5
      vertex 110.817 103.632 5
      vertex 109.568 104.226 5
    endloop
  endfacet
  facet normal -0 0 1
    outer loop
      vertex 109.465 104.138 5
      vertex 110.817 103.632 5
      vertex 109.516 104.182 5
    endloop
  endfacet
  facet normal -0 0 1
    outer loop
      vertex 109.415 104.095 5
      vertex 110.817 103.632 5
      vertex 109.465 104.138 5
    endloop
  endfacet
  facet normal -0 0 1
    outer loop
      vertex 109.367 104.051 5
      vertex 110.817 103.632 5
      vertex 109.415 104.095 5
    endloop
  endfacet
  facet normal -0 0 1
    outer loop
      vertex 109.321 104.007 5
      vertex 110.817 103.632 5
      vertex 109.367 104.051 5
    endloop
  endfacet
  facet normal -0 0 1
    outer loop
      vertex 109.275 103.963 5
      vertex 110.817 103.632 5
      vertex 109.321 104.007 5
    endloop
  endfacet
  facet normal -0 0 1
    outer loop
      vertex 109.232 103.918 5
      vertex 110.817 103.632 5
      vertex 109.275 103.963 5
    endloop
  endfacet
  facet normal -0 0 1
    outer loop
      vertex 109.193 103.872 5
      vertex 110.817 103.632 5
      vertex 109.232 103.918 5
    endloop
  endfacet
  facet normal -0 0 1
    outer loop
      vertex 109.156 103.826 5
      vertex 110.817 103.632 5
      vertex 109.193 103.872 5
    endloop
  endfacet
  facet normal -0 0 1
    outer loop
      vertex 109.123 103.779 5
      vertex 110.817 103.632 5
      vertex 109.156 103.826 5
    endloop
  endfacet
  facet normal -0 0 1
    outer loop
      vertex 109.093 103.731 5
      vertex 110.817 103.632 5
      vertex 109.123 103.779 5
    endloop
  endfacet
  facet normal -0 0 1
    outer loop
      vertex 109.067 103.682 5
      vertex 110.817 103.632 5
      vertex 109.093 103.731 5
    endloop
  endfacet
  facet normal 0 0 1
    outer loop
      vertex 110.817 103.632 5
      vertex 109.067 103.682 5
      vertex 109.043 103.632 5
    endloop
  endfacet
  facet normal 0 0 1
    outer loop
      vertex 109.483 106.276 5
      vertex 109.985 105.777 5
      vertex 109.974 105.91 5
    endloop
  endfacet
  facet normal 0 0 1
    outer loop
      vertex 109.985 105.777 5
      vertex 109.483 106.276 5
      vertex 109.981 105.719 5
    endloop
  endfacet
  facet normal 0 0 1
    outer loop
      vertex 109.981 105.719 5
      vertex 109.483 106.276 5
      vertex 109.972 105.66 5
    endloop
  endfacet
  facet normal 0 0 1
    outer loop
      vertex 109.616 106.266 5
      vertex 109.974 105.91 5
      vertex 109.944 106.022 5
    endloop
  endfacet
  facet normal 0 0 1
    outer loop
      vertex 109.483 106.276 5
      vertex 109.974 105.91 5
      vertex 109.616 106.266 5
    endloop
  endfacet
  facet normal 0 0 1
    outer loop
      vertex 109.972 105.66 5
      vertex 109.483 106.276 5
      vertex 109.955 105.601 5
    endloop
  endfacet
  facet normal 0 0 1
    outer loop
      vertex 109.729 106.236 5
      vertex 109.944 106.022 5
      vertex 109.893 106.113 5
    endloop
  endfacet
  facet normal -0 0 1
    outer loop
      vertex 108.972 105.89 5
      vertex 109.955 105.601 5
      vertex 109.483 106.276 5
    endloop
  endfacet
  facet normal 0 0 1
    outer loop
      vertex 109.955 105.601 5
      vertex 108.972 105.89 5
      vertex 109.932 105.542 5
    endloop
  endfacet
  facet normal 0 0 1
    outer loop
      vertex 109.729 106.236 5
      vertex 109.893 106.113 5
      vertex 109.821 106.185 5
    endloop
  endfacet
  facet normal 0 0 1
    outer loop
      vertex 109.932 105.542 5
      vertex 108.972 105.89 5
      vertex 109.902 105.482 5
    endloop
  endfacet
  facet normal 0 0 1
    outer loop
      vertex 109.944 106.022 5
      vertex 109.729 106.236 5
      vertex 109.616 106.266 5
    endloop
  endfacet
  facet normal -0 0 1
    outer loop
      vertex 108.956 105.823 5
      vertex 109.902 105.482 5
      vertex 108.972 105.89 5
    endloop
  endfacet
  facet normal 0 0 1
    outer loop
      vertex 109.902 105.482 5
      vertex 108.956 105.823 5
      vertex 109.866 105.422 5
    endloop
  endfacet
  facet normal -0 0 1
    outer loop
      vertex 108.943 105.75 5
      vertex 109.866 105.422 5
      vertex 108.956 105.823 5
    endloop
  endfacet
  facet normal 0 0 1
    outer loop
      vertex 109.772 105.299 5
      vertex 108.943 105.75 5
      vertex 109.712 105.232 5
    endloop
  endfacet
  facet normal 0 0 1
    outer loop
      vertex 109.823 105.362 5
      vertex 108.943 105.75 5
      vertex 109.772 105.299 5
    endloop
  endfacet
  facet normal 0 0 1
    outer loop
      vertex 109.641 105.16 5
      vertex 108.943 105.75 5
      vertex 109.56 105.083 5
    endloop
  endfacet
  facet normal 0 0 1
    outer loop
      vertex 108.972 105.89 5
      vertex 109.483 106.276 5
      vertex 109.416 106.274 5
    endloop
  endfacet
  facet normal 0 0 1
    outer loop
      vertex 109.56 105.083 5
      vertex 108.943 105.75 5
      vertex 109.47 105.002 5
    endloop
  endfacet
  facet normal 0 0 1
    outer loop
      vertex 108.992 105.951 5
      vertex 109.416 106.274 5
      vertex 109.353 106.266 5
    endloop
  endfacet
  facet normal 0 0 1
    outer loop
      vertex 109.016 106.008 5
      vertex 109.353 106.266 5
      vertex 109.295 106.252 5
    endloop
  endfacet
  facet normal 0 0 1
    outer loop
      vertex 109.47 105.002 5
      vertex 108.943 105.75 5
      vertex 109.37 104.916 5
    endloop
  endfacet
  facet normal 0 0 1
    outer loop
      vertex 109.044 106.059 5
      vertex 109.295 106.252 5
      vertex 109.242 106.233 5
    endloop
  endfacet
  facet normal 0 0 1
    outer loop
      vertex 109.075 106.104 5
      vertex 109.242 106.233 5
      vertex 109.193 106.209 5
    endloop
  endfacet
  facet normal 0 0 1
    outer loop
      vertex 109.075 106.104 5
      vertex 109.193 106.209 5
      vertex 109.149 106.18 5
    endloop
  endfacet
  facet normal 0 0 1
    outer loop
      vertex 109.37 104.916 5
      vertex 108.943 105.75 5
      vertex 109.26 104.825 5
    endloop
  endfacet
  facet normal 0 0 1
    outer loop
      vertex 109.075 106.104 5
      vertex 109.149 106.18 5
      vertex 109.11 106.145 5
    endloop
  endfacet
  facet normal 0 0 1
    outer loop
      vertex 109.242 106.233 5
      vertex 109.075 106.104 5
      vertex 109.044 106.059 5
    endloop
  endfacet
  facet normal 0 0 1
    outer loop
      vertex 109.295 106.252 5
      vertex 109.044 106.059 5
      vertex 109.016 106.008 5
    endloop
  endfacet
  facet normal 0 0 1
    outer loop
      vertex 109.26 104.825 5
      vertex 108.943 105.75 5
      vertex 109.144 104.729 5
    endloop
  endfacet
  facet normal 0 0 1
    outer loop
      vertex 109.353 106.266 5
      vertex 109.016 106.008 5
      vertex 108.992 105.951 5
    endloop
  endfacet
  facet normal 0 0 1
    outer loop
      vertex 109.416 106.274 5
      vertex 108.992 105.951 5
      vertex 108.972 105.89 5
    endloop
  endfacet
  facet normal 0 0 1
    outer loop
      vertex 109.866 105.422 5
      vertex 108.943 105.75 5
      vertex 109.823 105.362 5
    endloop
  endfacet
  facet normal 0 0 1
    outer loop
      vertex 109.712 105.232 5
      vertex 108.943 105.75 5
      vertex 109.641 105.16 5
    endloop
  endfacet
  facet normal 0 0 1
    outer loop
      vertex 109.144 104.729 5
      vertex 108.943 105.75 5
      vertex 109.033 104.634 5
    endloop
  endfacet
  facet normal 0 0 1
    outer loop
      vertex 108.175 105.793 5
      vertex 109.033 104.634 5
      vertex 108.943 105.75 5
    endloop
  endfacet
  facet normal 0 0 1
    outer loop
      vertex 109.033 104.634 5
      vertex 108.175 105.793 5
      vertex 108.929 104.539 5
    endloop
  endfacet
  facet normal 0 0 1
    outer loop
      vertex 108.929 104.539 5
      vertex 108.175 105.793 5
      vertex 108.83 104.446 5
    endloop
  endfacet
  facet normal 0 0 1
    outer loop
      vertex 108.83 104.446 5
      vertex 108.175 105.793 5
      vertex 108.736 104.355 5
    endloop
  endfacet
  facet normal 0 0 1
    outer loop
      vertex 108.736 104.355 5
      vertex 108.175 105.793 5
      vertex 108.649 104.264 5
    endloop
  endfacet
  facet normal 0 0 1
    outer loop
      vertex 108.649 104.264 5
      vertex 108.175 105.793 5
      vertex 108.567 104.174 5
    endloop
  endfacet
  facet normal 0 0 1
    outer loop
      vertex 108.567 104.174 5
      vertex 108.175 105.793 5
      vertex 108.491 104.085 5
    endloop
  endfacet
  facet normal 0 0 1
    outer loop
      vertex 108.491 104.085 5
      vertex 108.175 105.793 5
      vertex 108.42 103.995 5
    endloop
  endfacet
  facet normal 0 0 1
    outer loop
      vertex 108.42 103.995 5
      vertex 108.175 105.793 5
      vertex 108.355 103.904 5
    endloop
  endfacet
  facet normal 0 0 1
    outer loop
      vertex 108.355 103.904 5
      vertex 108.175 105.793 5
      vertex 108.294 103.812 5
    endloop
  endfacet
  facet normal 0 0 1
    outer loop
      vertex 108.294 103.812 5
      vertex 108.175 105.793 5
      vertex 108.238 103.72 5
    endloop
  endfacet
  facet normal 0 0 1
    outer loop
      vertex 108.238 103.72 5
      vertex 108.175 105.793 5
      vertex 108.188 103.627 5
    endloop
  endfacet
  facet normal 0 0 1
    outer loop
      vertex 106.509 106.827 5
      vertex 108.188 103.627 5
      vertex 108.175 105.793 5
    endloop
  endfacet
  facet normal -0 0 1
    outer loop
      vertex 106.021 106.179 5
      vertex 106.094 106.051 5
      vertex 106.037 106.238 5
    endloop
  endfacet
  facet normal -0 0 1
    outer loop
      vertex 106.013 106.15 5
      vertex 106.094 106.051 5
      vertex 106.021 106.179 5
    endloop
  endfacet
  facet normal -0 0 1
    outer loop
      vertex 106.004 106.121 5
      vertex 106.094 106.051 5
      vertex 106.013 106.15 5
    endloop
  endfacet
  facet normal -0 0 1
    outer loop
      vertex 105.995 106.09 5
      vertex 106.094 106.051 5
      vertex 106.004 106.121 5
    endloop
  endfacet
  facet normal -0 0 1
    outer loop
      vertex 105.986 106.058 5
      vertex 106.094 106.051 5
      vertex 105.995 106.09 5
    endloop
  endfacet
  facet normal 0 0 1
    outer loop
      vertex 105.976 106.025 5
      vertex 106.094 106.051 5
      vertex 105.986 106.058 5
    endloop
  endfacet
  facet normal 0 0 1
    outer loop
      vertex 105.966 105.991 5
      vertex 106.094 106.051 5
      vertex 105.976 106.025 5
    endloop
  endfacet
  facet normal 0 0 1
    outer loop
      vertex 105.956 105.956 5
      vertex 106.094 106.051 5
      vertex 105.966 105.991 5
    endloop
  endfacet
  facet normal 0 0 1
    outer loop
      vertex 105.937 105.898 5
      vertex 106.094 106.051 5
      vertex 105.956 105.956 5
    endloop
  endfacet
  facet normal 0 0 1
    outer loop
      vertex 106.094 106.051 5
      vertex 105.937 105.898 5
      vertex 106.21 105.682 5
    endloop
  endfacet
  facet normal -0 0 1
    outer loop
      vertex 105.902 105.793 5
      vertex 106.21 105.682 5
      vertex 105.937 105.898 5
    endloop
  endfacet
  facet normal 0 0 1
    outer loop
      vertex 105.851 105.643 5
      vertex 106.21 105.682 5
      vertex 105.902 105.793 5
    endloop
  endfacet
  facet normal 0 0 1
    outer loop
      vertex 105.785 105.447 5
      vertex 106.21 105.682 5
      vertex 105.851 105.643 5
    endloop
  endfacet
  facet normal 0 0 1
    outer loop
      vertex 105.702 105.205 5
      vertex 106.21 105.682 5
      vertex 105.785 105.447 5
    endloop
  endfacet
  facet normal 0 0 1
    outer loop
      vertex 106.21 105.682 5
      vertex 105.702 105.205 5
      vertex 106.588 104.584 5
    endloop
  endfacet
  facet normal -0 0 1
    outer loop
      vertex 105.603 104.917 5
      vertex 106.588 104.584 5
      vertex 105.702 105.205 5
    endloop
  endfacet
  facet normal 0 0 1
    outer loop
      vertex 106.588 104.584 5
      vertex 105.603 104.917 5
      vertex 105.489 104.584 5
    endloop
  endfacet
  facet normal 0 1 -0
    outer loop
      vertex 142 125.8 0
      vertex 135.9 125.8 5
      vertex 142 125.8 5
    endloop
  endfacet
  facet normal 0 1 0
    outer loop
      vertex 135.9 125.8 5
      vertex 142 125.8 0
      vertex 135.9 125.8 0
    endloop
  endfacet
  facet normal -1 0 0
    outer loop
      vertex 135.9 108.8 0
      vertex 135.9 125.8 5
      vertex 135.9 125.8 0
    endloop
  endfacet
  facet normal -1 -0 0
    outer loop
      vertex 135.9 125.8 5
      vertex 135.9 108.8 0
      vertex 135.9 108.8 5
    endloop
  endfacet
  facet normal 0 1 -0
    outer loop
      vertex 135.9 108.8 0
      vertex 133.5 108.8 5
      vertex 135.9 108.8 5
    endloop
  endfacet
  facet normal 0 1 0
    outer loop
      vertex 133.5 108.8 5
      vertex 135.9 108.8 0
      vertex 133.5 108.8 0
    endloop
  endfacet
  facet normal 1 -0 0
    outer loop
      vertex 133.5 108.8 5
      vertex 133.5 113.8 0
      vertex 133.5 113.8 5
    endloop
  endfacet
  facet normal 1 0 0
    outer loop
      vertex 133.5 113.8 0
      vertex 133.5 108.8 5
      vertex 133.5 108.8 0
    endloop
  endfacet
  facet normal 0 1 -0
    outer loop
      vertex 133.5 113.8 0
      vertex 121.5 113.8 5
      vertex 133.5 113.8 5
    endloop
  endfacet
  facet normal 0 1 0
    outer loop
      vertex 121.5 113.8 5
      vertex 133.5 113.8 0
      vertex 121.5 113.8 0
    endloop
  endfacet
  facet normal -1 0 0
    outer loop
      vertex 121.5 108.8 0
      vertex 121.5 113.8 5
      vertex 121.5 113.8 0
    endloop
  endfacet
  facet normal -1 -0 0
    outer loop
      vertex 121.5 113.8 5
      vertex 121.5 108.8 0
      vertex 121.5 108.8 5
    endloop
  endfacet
  facet normal 0 1 -0
    outer loop
      vertex 121.5 108.8 0
      vertex 116.5 108.8 5
      vertex 121.5 108.8 5
    endloop
  endfacet
  facet normal 0 1 0
    outer loop
      vertex 116.5 108.8 5
      vertex 121.5 108.8 0
      vertex 116.5 108.8 0
    endloop
  endfacet
  facet normal 1 -0 0
    outer loop
      vertex 116.5 108.8 5
      vertex 116.5 119.3 0
      vertex 116.5 119.3 5
    endloop
  endfacet
  facet normal 1 0 0
    outer loop
      vertex 116.5 119.3 0
      vertex 116.5 108.8 5
      vertex 116.5 108.8 0
    endloop
  endfacet
  facet normal 0 1 -0
    outer loop
      vertex 116.5 119.3 0
      vertex 104.5 119.3 5
      vertex 116.5 119.3 5
    endloop
  endfacet
  facet normal 0 1 0
    outer loop
      vertex 104.5 119.3 5
      vertex 116.5 119.3 0
      vertex 104.5 119.3 0
    endloop
  endfacet
  facet normal -1 0 0
    outer loop
      vertex 104.5 108.8 0
      vertex 104.5 119.3 5
      vertex 104.5 119.3 0
    endloop
  endfacet
  facet normal -1 -0 0
    outer loop
      vertex 104.5 119.3 5
      vertex 104.5 108.8 0
      vertex 104.5 108.8 5
    endloop
  endfacet
  facet normal 0 1 -0
    outer loop
      vertex 104.5 108.8 0
      vertex 93.5 108.8 5
      vertex 104.5 108.8 5
    endloop
  endfacet
  facet normal 0 1 0
    outer loop
      vertex 93.5 108.8 5
      vertex 104.5 108.8 0
      vertex 93.5 108.8 0
    endloop
  endfacet
  facet normal 1 -0 0
    outer loop
      vertex 93.5 108.8 5
      vertex 93.5 119.3 0
      vertex 93.5 119.3 5
    endloop
  endfacet
  facet normal 1 0 0
    outer loop
      vertex 93.5 119.3 0
      vertex 93.5 108.8 5
      vertex 93.5 108.8 0
    endloop
  endfacet
  facet normal 0 1 -0
    outer loop
      vertex 93.5 119.3 0
      vertex 81.5 119.3 5
      vertex 93.5 119.3 5
    endloop
  endfacet
  facet normal 0 1 0
    outer loop
      vertex 81.5 119.3 5
      vertex 93.5 119.3 0
      vertex 81.5 119.3 0
    endloop
  endfacet
  facet normal -1 0 0
    outer loop
      vertex 81.5 108.8 0
      vertex 81.5 119.3 5
      vertex 81.5 119.3 0
    endloop
  endfacet
  facet normal -1 -0 0
    outer loop
      vertex 81.5 119.3 5
      vertex 81.5 108.8 0
      vertex 81.5 108.8 5
    endloop
  endfacet
  facet normal 0 1 -0
    outer loop
      vertex 81.5 108.8 0
      vertex 72.6 108.8 5
      vertex 81.5 108.8 5
    endloop
  endfacet
  facet normal 0 1 0
    outer loop
      vertex 72.6 108.8 5
      vertex 81.5 108.8 0
      vertex 72.6 108.8 0
    endloop
  endfacet
  facet normal -1 0 0
    outer loop
      vertex 72.6 105.485 0
      vertex 72.6 108.8 5
      vertex 72.6 108.8 0
    endloop
  endfacet
  facet normal -1 -0 0
    outer loop
      vertex 72.6 108.8 5
      vertex 72.6 105.485 0
      vertex 72.6 105.485 5
    endloop
  endfacet
  facet normal 0.162666 -0.986681 0
    outer loop
      vertex 72.6 105.485 0
      vertex 81.65 106.977 5
      vertex 72.6 105.485 5
    endloop
  endfacet
  facet normal 0.162666 -0.986681 0
    outer loop
      vertex 81.65 106.977 5
      vertex 72.6 105.485 0
      vertex 81.65 106.977 0
    endloop
  endfacet
  facet normal -1 0 0
    outer loop
      vertex 81.65 101.2 0
      vertex 81.65 106.977 5
      vertex 81.65 106.977 0
    endloop
  endfacet
  facet normal -1 -0 0
    outer loop
      vertex 81.65 106.977 5
      vertex 81.65 101.2 0
      vertex 81.65 101.2 5
    endloop
  endfacet
  facet normal 0 -1 0
    outer loop
      vertex 81.65 101.2 0
      vertex 142 101.2 5
      vertex 81.65 101.2 5
    endloop
  endfacet
  facet normal 0 -1 -0
    outer loop
      vertex 142 101.2 5
      vertex 81.65 101.2 0
      vertex 142 101.2 0
    endloop
  endfacet
  facet normal 1 -0 0
    outer loop
      vertex 142 101.2 5
      vertex 142 125.8 0
      vertex 142 125.8 5
    endloop
  endfacet
  facet normal 1 0 0
    outer loop
      vertex 142 125.8 0
      vertex 142 101.2 5
      vertex 142 101.2 0
    endloop
  endfacet
  facet normal 0 0 1
    outer loop
      vertex 109.985 105.777 4.4
      vertex 110.758 105.81 4.4
      vertex 110.751 105.951 4.4
    endloop
  endfacet
  facet normal 0 0 1
    outer loop
      vertex 110.758 105.81 4.4
      vertex 109.985 105.777 4.4
      vertex 110.756 105.734 4.4
    endloop
  endfacet
  facet normal 0 0 1
    outer loop
      vertex 110.756 105.734 4.4
      vertex 109.985 105.777 4.4
      vertex 110.749 105.66 4.4
    endloop
  endfacet
  facet normal 0 0 1
    outer loop
      vertex 109.974 105.91 4.4
      vertex 110.751 105.951 4.4
      vertex 110.731 106.083 4.4
    endloop
  endfacet
  facet normal -0 0 1
    outer loop
      vertex 109.981 105.719 4.4
      vertex 110.749 105.66 4.4
      vertex 109.985 105.777 4.4
    endloop
  endfacet
  facet normal 0 0 1
    outer loop
      vertex 110.749 105.66 4.4
      vertex 109.981 105.719 4.4
      vertex 110.738 105.589 4.4
    endloop
  endfacet
  facet normal 0 0 1
    outer loop
      vertex 109.974 105.91 4.4
      vertex 110.731 106.083 4.4
      vertex 110.697 106.205 4.4
    endloop
  endfacet
  facet normal 0 0 1
    outer loop
      vertex 110.738 105.589 4.4
      vertex 109.981 105.719 4.4
      vertex 110.723 105.52 4.4
    endloop
  endfacet
  facet normal -0 0 1
    outer loop
      vertex 109.972 105.66 4.4
      vertex 110.723 105.52 4.4
      vertex 109.981 105.719 4.4
    endloop
  endfacet
  facet normal 0 0 1
    outer loop
      vertex 109.944 106.022 4.4
      vertex 110.697 106.205 4.4
      vertex 110.65 106.318 4.4
    endloop
  endfacet
  facet normal 0 0 1
    outer loop
      vertex 110.723 105.52 4.4
      vertex 109.972 105.66 4.4
      vertex 110.704 105.452 4.4
    endloop
  endfacet
  facet normal 0 0 1
    outer loop
      vertex 109.944 106.022 4.4
      vertex 110.65 106.318 4.4
      vertex 110.589 106.422 4.4
    endloop
  endfacet
  facet normal 0 0 1
    outer loop
      vertex 110.704 105.452 4.4
      vertex 109.972 105.66 4.4
      vertex 110.68 105.387 4.4
    endloop
  endfacet
  facet normal -0 0 1
    outer loop
      vertex 109.955 105.601 4.4
      vertex 110.68 105.387 4.4
      vertex 109.972 105.66 4.4
    endloop
  endfacet
  facet normal 0 0 1
    outer loop
      vertex 109.944 106.022 4.4
      vertex 110.589 106.422 4.4
      vertex 110.515 106.517 4.4
    endloop
  endfacet
  facet normal 0 0 1
    outer loop
      vertex 110.68 105.387 4.4
      vertex 109.955 105.601 4.4
      vertex 110.652 105.324 4.4
    endloop
  endfacet
  facet normal 0 0 1
    outer loop
      vertex 110.652 105.324 4.4
      vertex 109.955 105.601 4.4
      vertex 110.621 105.263 4.4
    endloop
  endfacet
  facet normal 0 0 1
    outer loop
      vertex 109.893 106.113 4.4
      vertex 110.515 106.517 4.4
      vertex 110.427 106.602 4.4
    endloop
  endfacet
  facet normal -0 0 1
    outer loop
      vertex 109.932 105.542 4.4
      vertex 110.621 105.263 4.4
      vertex 109.955 105.601 4.4
    endloop
  endfacet
  facet normal 0 0 1
    outer loop
      vertex 110.621 105.263 4.4
      vertex 109.932 105.542 4.4
      vertex 110.587 105.203 4.4
    endloop
  endfacet
  facet normal 0 0 1
    outer loop
      vertex 110.587 105.203 4.4
      vertex 109.932 105.542 4.4
      vertex 110.55 105.144 4.4
    endloop
  endfacet
  facet normal 0 0 1
    outer loop
      vertex 109.893 106.113 4.4
      vertex 110.427 106.602 4.4
      vertex 110.326 106.677 4.4
    endloop
  endfacet
  facet normal -0 0 1
    outer loop
      vertex 109.902 105.482 4.4
      vertex 110.55 105.144 4.4
      vertex 109.932 105.542 4.4
    endloop
  endfacet
  facet normal 0 0 1
    outer loop
      vertex 110.55 105.144 4.4
      vertex 109.902 105.482 4.4
      vertex 110.512 105.087 4.4
    endloop
  endfacet
  facet normal 0 0 1
    outer loop
      vertex 109.821 106.185 4.4
      vertex 110.326 106.677 4.4
      vertex 110.214 106.74 4.4
    endloop
  endfacet
  facet normal 0 0 1
    outer loop
      vertex 110.512 105.087 4.4
      vertex 109.902 105.482 4.4
      vertex 110.47 105.031 4.4
    endloop
  endfacet
  facet normal -0 0 1
    outer loop
      vertex 109.866 105.422 4.4
      vertex 110.47 105.031 4.4
      vertex 109.902 105.482 4.4
    endloop
  endfacet
  facet normal 0 0 1
    outer loop
      vertex 109.821 106.185 4.4
      vertex 110.214 106.74 4.4
      vertex 110.09 106.792 4.4
    endloop
  endfacet
  facet normal 0 0 1
    outer loop
      vertex 110.47 105.031 4.4
      vertex 109.866 105.422 4.4
      vertex 110.427 104.977 4.4
    endloop
  endfacet
  facet normal 0 0 1
    outer loop
      vertex 110.427 104.977 4.4
      vertex 109.866 105.422 4.4
      vertex 110.381 104.924 4.4
    endloop
  endfacet
  facet normal -0 0 1
    outer loop
      vertex 109.823 105.362 4.4
      vertex 110.381 104.924 4.4
      vertex 109.866 105.422 4.4
    endloop
  endfacet
  facet normal 0 0 1
    outer loop
      vertex 110.751 105.951 4.4
      vertex 109.974 105.91 4.4
      vertex 109.985 105.777 4.4
    endloop
  endfacet
  facet normal 0 0 1
    outer loop
      vertex 109.729 106.236 4.4
      vertex 110.09 106.792 4.4
      vertex 109.955 106.832 4.4
    endloop
  endfacet
  facet normal 0 0 1
    outer loop
      vertex 110.697 106.205 4.4
      vertex 109.944 106.022 4.4
      vertex 109.974 105.91 4.4
    endloop
  endfacet
  facet normal 0 0 1
    outer loop
      vertex 110.515 106.517 4.4
      vertex 109.893 106.113 4.4
      vertex 109.944 106.022 4.4
    endloop
  endfacet
  facet normal 0 0 1
    outer loop
      vertex 110.326 106.677 4.4
      vertex 109.821 106.185 4.4
      vertex 109.893 106.113 4.4
    endloop
  endfacet
  facet normal 0 0 1
    outer loop
      vertex 109.729 106.236 4.4
      vertex 109.955 106.832 4.4
      vertex 109.807 106.861 4.4
    endloop
  endfacet
  facet normal 0 0 1
    outer loop
      vertex 110.09 106.792 4.4
      vertex 109.729 106.236 4.4
      vertex 109.821 106.185 4.4
    endloop
  endfacet
  facet normal 0 0 1
    outer loop
      vertex 109.616 106.266 4.4
      vertex 109.807 106.861 4.4
      vertex 109.648 106.878 4.4
    endloop
  endfacet
  facet normal 0 0 1
    outer loop
      vertex 109.807 106.861 4.4
      vertex 109.616 106.266 4.4
      vertex 109.729 106.236 4.4
    endloop
  endfacet
  facet normal 0 0 1
    outer loop
      vertex 109.648 106.878 4.4
      vertex 109.483 106.276 4.4
      vertex 109.616 106.266 4.4
    endloop
  endfacet
  facet normal 0 0 1
    outer loop
      vertex 109.477 106.884 4.4
      vertex 109.483 106.276 4.4
      vertex 109.648 106.878 4.4
    endloop
  endfacet
  facet normal 0 0 1
    outer loop
      vertex 109.477 106.884 4.4
      vertex 109.416 106.274 4.4
      vertex 109.483 106.276 4.4
    endloop
  endfacet
  facet normal -0 0 1
    outer loop
      vertex 109.319 106.878 4.4
      vertex 109.416 106.274 4.4
      vertex 109.477 106.884 4.4
    endloop
  endfacet
  facet normal 0 0 1
    outer loop
      vertex 109.416 106.274 4.4
      vertex 109.319 106.878 4.4
      vertex 109.353 106.266 4.4
    endloop
  endfacet
  facet normal -0 0 1
    outer loop
      vertex 109.17 106.861 4.4
      vertex 109.353 106.266 4.4
      vertex 109.319 106.878 4.4
    endloop
  endfacet
  facet normal 0 0 1
    outer loop
      vertex 109.353 106.266 4.4
      vertex 109.17 106.861 4.4
      vertex 109.295 106.252 4.4
    endloop
  endfacet
  facet normal 0 0 1
    outer loop
      vertex 109.295 106.252 4.4
      vertex 109.17 106.861 4.4
      vertex 109.242 106.233 4.4
    endloop
  endfacet
  facet normal -0 0 1
    outer loop
      vertex 109.031 106.833 4.4
      vertex 109.242 106.233 4.4
      vertex 109.17 106.861 4.4
    endloop
  endfacet
  facet normal 0 0 1
    outer loop
      vertex 109.242 106.233 4.4
      vertex 109.031 106.833 4.4
      vertex 109.193 106.209 4.4
    endloop
  endfacet
  facet normal -0 0 1
    outer loop
      vertex 108.902 106.793 4.4
      vertex 109.193 106.209 4.4
      vertex 109.031 106.833 4.4
    endloop
  endfacet
  facet normal 0 0 1
    outer loop
      vertex 109.193 106.209 4.4
      vertex 108.902 106.793 4.4
      vertex 109.149 106.18 4.4
    endloop
  endfacet
  facet normal -0 0 1
    outer loop
      vertex 108.782 106.741 4.4
      vertex 109.149 106.18 4.4
      vertex 108.902 106.793 4.4
    endloop
  endfacet
  facet normal 0 0 1
    outer loop
      vertex 109.149 106.18 4.4
      vertex 108.782 106.741 4.4
      vertex 109.11 106.145 4.4
    endloop
  endfacet
  facet normal -0 0 1
    outer loop
      vertex 108.673 106.679 4.4
      vertex 109.11 106.145 4.4
      vertex 108.782 106.741 4.4
    endloop
  endfacet
  facet normal -0 0 1
    outer loop
      vertex 108.573 106.604 4.4
      vertex 109.11 106.145 4.4
      vertex 108.673 106.679 4.4
    endloop
  endfacet
  facet normal 0 0 1
    outer loop
      vertex 109.11 106.145 4.4
      vertex 108.573 106.604 4.4
      vertex 109.075 106.104 4.4
    endloop
  endfacet
  facet normal -0 0 1
    outer loop
      vertex 108.483 106.52 4.4
      vertex 109.075 106.104 4.4
      vertex 108.573 106.604 4.4
    endloop
  endfacet
  facet normal 0 0 1
    outer loop
      vertex 109.075 106.104 4.4
      vertex 108.483 106.52 4.4
      vertex 109.044 106.059 4.4
    endloop
  endfacet
  facet normal -0 0 1
    outer loop
      vertex 108.405 106.424 4.4
      vertex 109.044 106.059 4.4
      vertex 108.483 106.52 4.4
    endloop
  endfacet
  facet normal 0 0 1
    outer loop
      vertex 109.044 106.059 4.4
      vertex 108.405 106.424 4.4
      vertex 109.016 106.008 4.4
    endloop
  endfacet
  facet normal -0 0 1
    outer loop
      vertex 108.337 106.319 4.4
      vertex 109.016 106.008 4.4
      vertex 108.405 106.424 4.4
    endloop
  endfacet
  facet normal 0 0 1
    outer loop
      vertex 109.016 106.008 4.4
      vertex 108.337 106.319 4.4
      vertex 108.992 105.951 4.4
    endloop
  endfacet
  facet normal -0 0 1
    outer loop
      vertex 108.28 106.203 4.4
      vertex 108.992 105.951 4.4
      vertex 108.337 106.319 4.4
    endloop
  endfacet
  facet normal 0 0 1
    outer loop
      vertex 108.992 105.951 4.4
      vertex 108.28 106.203 4.4
      vertex 108.972 105.89 4.4
    endloop
  endfacet
  facet normal -0 0 1
    outer loop
      vertex 108.234 106.077 4.4
      vertex 108.972 105.89 4.4
      vertex 108.28 106.203 4.4
    endloop
  endfacet
  facet normal 0 0 1
    outer loop
      vertex 108.972 105.89 4.4
      vertex 108.234 106.077 4.4
      vertex 108.956 105.823 4.4
    endloop
  endfacet
  facet normal -0 0 1
    outer loop
      vertex 108.2 105.94 4.4
      vertex 108.956 105.823 4.4
      vertex 108.234 106.077 4.4
    endloop
  endfacet
  facet normal 0 0 1
    outer loop
      vertex 108.956 105.823 4.4
      vertex 108.2 105.94 4.4
      vertex 108.943 105.75 4.4
    endloop
  endfacet
  facet normal 0 0 1
    outer loop
      vertex 108.943 105.75 4.4
      vertex 108.2 105.94 4.4
      vertex 108.175 105.793 4.4
    endloop
  endfacet
  facet normal 0 0 1
    outer loop
      vertex 110.381 104.924 4.4
      vertex 109.823 105.362 4.4
      vertex 110.333 104.872 4.4
    endloop
  endfacet
  facet normal -0 0 1
    outer loop
      vertex 109.772 105.299 4.4
      vertex 110.333 104.872 4.4
      vertex 109.823 105.362 4.4
    endloop
  endfacet
  facet normal 0 0 1
    outer loop
      vertex 110.333 104.872 4.4
      vertex 109.772 105.299 4.4
      vertex 110.283 104.821 4.4
    endloop
  endfacet
  facet normal 0 0 1
    outer loop
      vertex 110.283 104.821 4.4
      vertex 109.772 105.299 4.4
      vertex 110.232 104.771 4.4
    endloop
  endfacet
  facet normal -0 0 1
    outer loop
      vertex 109.712 105.232 4.4
      vertex 110.232 104.771 4.4
      vertex 109.772 105.299 4.4
    endloop
  endfacet
  facet normal 0 0 1
    outer loop
      vertex 110.232 104.771 4.4
      vertex 109.712 105.232 4.4
      vertex 110.18 104.722 4.4
    endloop
  endfacet
  facet normal 0 0 1
    outer loop
      vertex 110.18 104.722 4.4
      vertex 109.712 105.232 4.4
      vertex 110.126 104.674 4.4
    endloop
  endfacet
  facet normal -0 0 1
    outer loop
      vertex 109.641 105.16 4.4
      vertex 110.126 104.674 4.4
      vertex 109.712 105.232 4.4
    endloop
  endfacet
  facet normal 0 0 1
    outer loop
      vertex 110.126 104.674 4.4
      vertex 109.641 105.16 4.4
      vertex 110.07 104.627 4.4
    endloop
  endfacet
  facet normal -0 0 1
    outer loop
      vertex 109.56 105.083 4.4
      vertex 110.07 104.627 4.4
      vertex 109.641 105.16 4.4
    endloop
  endfacet
  facet normal 0 0 1
    outer loop
      vertex 110.07 104.627 4.4
      vertex 109.56 105.083 4.4
      vertex 110.013 104.581 4.4
    endloop
  endfacet
  facet normal 0 0 1
    outer loop
      vertex 110.013 104.581 4.4
      vertex 109.56 105.083 4.4
      vertex 109.956 104.535 4.4
    endloop
  endfacet
  facet normal -0 0 1
    outer loop
      vertex 109.47 105.002 4.4
      vertex 109.956 104.535 4.4
      vertex 109.56 105.083 4.4
    endloop
  endfacet
  facet normal 0 0 1
    outer loop
      vertex 109.956 104.535 4.4
      vertex 109.47 105.002 4.4
      vertex 109.842 104.445 4.4
    endloop
  endfacet
  facet normal -0 0 1
    outer loop
      vertex 109.37 104.916 4.4
      vertex 109.842 104.445 4.4
      vertex 109.47 105.002 4.4
    endloop
  endfacet
  facet normal 0 0 1
    outer loop
      vertex 109.842 104.445 4.4
      vertex 109.37 104.916 4.4
      vertex 109.786 104.401 4.4
    endloop
  endfacet
  facet normal 0 0 1
    outer loop
      vertex 109.786 104.401 4.4
      vertex 109.37 104.916 4.4
      vertex 109.676 104.313 4.4
    endloop
  endfacet
  facet normal -0 0 1
    outer loop
      vertex 109.26 104.825 4.4
      vertex 109.676 104.313 4.4
      vertex 109.37 104.916 4.4
    endloop
  endfacet
  facet normal 0 0 1
    outer loop
      vertex 109.676 104.313 4.4
      vertex 109.26 104.825 4.4
      vertex 109.621 104.269 4.4
    endloop
  endfacet
  facet normal -0 0 1
    outer loop
      vertex 109.144 104.729 4.4
      vertex 109.621 104.269 4.4
      vertex 109.26 104.825 4.4
    endloop
  endfacet
  facet normal 0 0 1
    outer loop
      vertex 109.621 104.269 4.4
      vertex 109.144 104.729 4.4
      vertex 109.568 104.226 4.4
    endloop
  endfacet
  facet normal 0 0 1
    outer loop
      vertex 109.568 104.226 4.4
      vertex 109.144 104.729 4.4
      vertex 109.516 104.182 4.4
    endloop
  endfacet
  facet normal -0 0 1
    outer loop
      vertex 109.033 104.634 4.4
      vertex 109.516 104.182 4.4
      vertex 109.144 104.729 4.4
    endloop
  endfacet
  facet normal 0 0 1
    outer loop
      vertex 109.516 104.182 4.4
      vertex 109.033 104.634 4.4
      vertex 109.465 104.138 4.4
    endloop
  endfacet
  facet normal 0 0 1
    outer loop
      vertex 109.465 104.138 4.4
      vertex 109.033 104.634 4.4
      vertex 109.415 104.095 4.4
    endloop
  endfacet
  facet normal -0 0 1
    outer loop
      vertex 108.929 104.539 4.4
      vertex 109.415 104.095 4.4
      vertex 109.033 104.634 4.4
    endloop
  endfacet
  facet normal 0 0 1
    outer loop
      vertex 109.415 104.095 4.4
      vertex 108.929 104.539 4.4
      vertex 109.367 104.051 4.4
    endloop
  endfacet
  facet normal 0 0 1
    outer loop
      vertex 109.367 104.051 4.4
      vertex 108.929 104.539 4.4
      vertex 109.321 104.007 4.4
    endloop
  endfacet
  facet normal -0 0 1
    outer loop
      vertex 108.83 104.446 4.4
      vertex 109.321 104.007 4.4
      vertex 108.929 104.539 4.4
    endloop
  endfacet
  facet normal 0 0 1
    outer loop
      vertex 109.321 104.007 4.4
      vertex 108.83 104.446 4.4
      vertex 109.275 103.963 4.4
    endloop
  endfacet
  facet normal 0 0 1
    outer loop
      vertex 109.275 103.963 4.4
      vertex 108.83 104.446 4.4
      vertex 109.232 103.918 4.4
    endloop
  endfacet
  facet normal -0 0 1
    outer loop
      vertex 108.736 104.355 4.4
      vertex 109.232 103.918 4.4
      vertex 108.83 104.446 4.4
    endloop
  endfacet
  facet normal 0 0 1
    outer loop
      vertex 109.232 103.918 4.4
      vertex 108.736 104.355 4.4
      vertex 109.193 103.872 4.4
    endloop
  endfacet
  facet normal -0 0 1
    outer loop
      vertex 108.649 104.264 4.4
      vertex 109.193 103.872 4.4
      vertex 108.736 104.355 4.4
    endloop
  endfacet
  facet normal 0 0 1
    outer loop
      vertex 109.193 103.872 4.4
      vertex 108.649 104.264 4.4
      vertex 109.156 103.826 4.4
    endloop
  endfacet
  facet normal -0 0 1
    outer loop
      vertex 109.043 103.632 4.4
      vertex 110.817 103.005 4.4
      vertex 110.817 103.632 4.4
    endloop
  endfacet
  facet normal 0 0 1
    outer loop
      vertex 109.156 103.826 4.4
      vertex 108.649 104.264 4.4
      vertex 109.123 103.779 4.4
    endloop
  endfacet
  facet normal -0 0 1
    outer loop
      vertex 108.567 104.174 4.4
      vertex 109.123 103.779 4.4
      vertex 108.649 104.264 4.4
    endloop
  endfacet
  facet normal 0 0 1
    outer loop
      vertex 109.123 103.779 4.4
      vertex 108.567 104.174 4.4
      vertex 109.093 103.731 4.4
    endloop
  endfacet
  facet normal -0 0 1
    outer loop
      vertex 108.491 104.085 4.4
      vertex 109.093 103.731 4.4
      vertex 108.567 104.174 4.4
    endloop
  endfacet
  facet normal 0 0 1
    outer loop
      vertex 109.093 103.731 4.4
      vertex 108.491 104.085 4.4
      vertex 109.067 103.682 4.4
    endloop
  endfacet
  facet normal -0 0 1
    outer loop
      vertex 108.42 103.995 4.4
      vertex 109.067 103.682 4.4
      vertex 108.491 104.085 4.4
    endloop
  endfacet
  facet normal 0 0 1
    outer loop
      vertex 109.067 103.682 4.4
      vertex 108.42 103.995 4.4
      vertex 109.043 103.632 4.4
    endloop
  endfacet
  facet normal -0 0 1
    outer loop
      vertex 108.355 103.904 4.4
      vertex 109.043 103.632 4.4
      vertex 108.42 103.995 4.4
    endloop
  endfacet
  facet normal -0 0 1
    outer loop
      vertex 108.294 103.812 4.4
      vertex 109.043 103.632 4.4
      vertex 108.355 103.904 4.4
    endloop
  endfacet
  facet normal -0 0 1
    outer loop
      vertex 108.238 103.72 4.4
      vertex 109.043 103.632 4.4
      vertex 108.294 103.812 4.4
    endloop
  endfacet
  facet normal 0 0 1
    outer loop
      vertex 108.188 103.627 4.4
      vertex 109.043 103.632 4.4
      vertex 108.238 103.72 4.4
    endloop
  endfacet
  facet normal 0 0 1
    outer loop
      vertex 108.143 103.534 4.4
      vertex 109.043 103.632 4.4
      vertex 108.188 103.627 4.4
    endloop
  endfacet
  facet normal 0 0 1
    outer loop
      vertex 109.043 103.632 4.4
      vertex 108.143 103.534 4.4
      vertex 108.143 103.005 4.4
    endloop
  endfacet
  facet normal 0 0 1
    outer loop
      vertex 109.043 103.632 4.4
      vertex 108.143 103.005 4.4
      vertex 110.817 103.005 4.4
    endloop
  endfacet
  facet normal 0 0 1
    outer loop
      vertex 107.898 103.005 4.4
      vertex 106.767 103.982 4.4
      vertex 107.106 103.005 4.4
    endloop
  endfacet
  facet normal 0 0 1
    outer loop
      vertex 107.898 103.005 4.4
      vertex 106.588 104.584 4.4
      vertex 106.767 103.982 4.4
    endloop
  endfacet
  facet normal 0 0 1
    outer loop
      vertex 106.509 106.827 4.4
      vertex 106.588 104.584 4.4
      vertex 107.898 103.005 4.4
    endloop
  endfacet
  facet normal 0 0 1
    outer loop
      vertex 106.509 106.827 4.4
      vertex 106.21 105.682 4.4
      vertex 106.588 104.584 4.4
    endloop
  endfacet
  facet normal 0 0 1
    outer loop
      vertex 106.509 106.827 4.4
      vertex 106.094 106.051 4.4
      vertex 106.21 105.682 4.4
    endloop
  endfacet
  facet normal 0 0 1
    outer loop
      vertex 106.509 106.827 4.4
      vertex 106.037 106.238 4.4
      vertex 106.094 106.051 4.4
    endloop
  endfacet
  facet normal 0 0 1
    outer loop
      vertex 105.565 106.827 4.4
      vertex 106.021 106.179 4.4
      vertex 106.037 106.238 4.4
    endloop
  endfacet
  facet normal 0 0 1
    outer loop
      vertex 106.021 106.179 4.4
      vertex 105.565 106.827 4.4
      vertex 106.013 106.15 4.4
    endloop
  endfacet
  facet normal 0 0 1
    outer loop
      vertex 106.013 106.15 4.4
      vertex 105.565 106.827 4.4
      vertex 106.004 106.121 4.4
    endloop
  endfacet
  facet normal 0 0 1
    outer loop
      vertex 106.004 106.121 4.4
      vertex 105.565 106.827 4.4
      vertex 105.995 106.09 4.4
    endloop
  endfacet
  facet normal 0 0 1
    outer loop
      vertex 105.995 106.09 4.4
      vertex 105.565 106.827 4.4
      vertex 105.986 106.058 4.4
    endloop
  endfacet
  facet normal 0 0 1
    outer loop
      vertex 105.986 106.058 4.4
      vertex 105.565 106.827 4.4
      vertex 105.976 106.025 4.4
    endloop
  endfacet
  facet normal 0 0 1
    outer loop
      vertex 105.976 106.025 4.4
      vertex 105.565 106.827 4.4
      vertex 105.966 105.991 4.4
    endloop
  endfacet
  facet normal 0 0 1
    outer loop
      vertex 105.966 105.991 4.4
      vertex 105.565 106.827 4.4
      vertex 105.956 105.956 4.4
    endloop
  endfacet
  facet normal 0 0 1
    outer loop
      vertex 105.956 105.956 4.4
      vertex 105.565 106.827 4.4
      vertex 105.937 105.898 4.4
    endloop
  endfacet
  facet normal 0 0 1
    outer loop
      vertex 105.937 105.898 4.4
      vertex 105.565 106.827 4.4
      vertex 105.902 105.793 4.4
    endloop
  endfacet
  facet normal 0 0 1
    outer loop
      vertex 105.902 105.793 4.4
      vertex 105.565 106.827 4.4
      vertex 105.851 105.643 4.4
    endloop
  endfacet
  facet normal 0 0 1
    outer loop
      vertex 105.851 105.643 4.4
      vertex 105.565 106.827 4.4
      vertex 105.785 105.447 4.4
    endloop
  endfacet
  facet normal 0 0 1
    outer loop
      vertex 105.785 105.447 4.4
      vertex 105.565 106.827 4.4
      vertex 105.702 105.205 4.4
    endloop
  endfacet
  facet normal -0 0 1
    outer loop
      vertex 105.565 106.827 4.4
      vertex 106.037 106.238 4.4
      vertex 106.509 106.827 4.4
    endloop
  endfacet
  facet normal 0 0 1
    outer loop
      vertex 105.702 105.205 4.4
      vertex 105.565 106.827 4.4
      vertex 105.603 104.917 4.4
    endloop
  endfacet
  facet normal 0 0 1
    outer loop
      vertex 105.565 106.827 4.4
      vertex 105.489 104.584 4.4
      vertex 105.603 104.917 4.4
    endloop
  endfacet
  facet normal 0 0 1
    outer loop
      vertex 104.171 103.005 4.4
      vertex 105.489 104.584 4.4
      vertex 105.565 106.827 4.4
    endloop
  endfacet
  facet normal 0 0 1
    outer loop
      vertex 105.489 104.584 4.4
      vertex 104.171 103.005 4.4
      vertex 105.31 103.982 4.4
    endloop
  endfacet
  facet normal 0 0 1
    outer loop
      vertex 105.31 103.982 4.4
      vertex 104.171 103.005 4.4
      vertex 104.971 103.005 4.4
    endloop
  endfacet
  facet normal -0 0 1
    outer loop
      vertex 105.489 104.584 4.4
      vertex 106.767 103.982 4.4
      vertex 106.588 104.584 4.4
    endloop
  endfacet
  facet normal 0 0 1
    outer loop
      vertex 106.767 103.982 4.4
      vertex 105.489 104.584 4.4
      vertex 105.31 103.982 4.4
    endloop
  endfacet
  facet normal 0 -1 0
    outer loop
      vertex 109.043 103.632 4.4
      vertex 110.817 103.632 5
      vertex 109.043 103.632 5
    endloop
  endfacet
  facet normal 0 -1 -0
    outer loop
      vertex 110.817 103.632 5
      vertex 109.043 103.632 4.4
      vertex 110.817 103.632 4.4
    endloop
  endfacet
  facet normal -0.901523 0.432731 -1.126e-18
    outer loop
      vertex 109.043 103.632 4.4
      vertex 109.067 103.682 5
      vertex 109.067 103.682 4.4
    endloop
  endfacet
  facet normal -0.901523 0.432731 -1.126e-18
    outer loop
      vertex 109.067 103.682 5
      vertex 109.043 103.632 4.4
      vertex 109.043 103.632 5
    endloop
  endfacet
  facet normal -0.883349 0.468716 2.41259e-18
    outer loop
      vertex 109.067 103.682 4.4
      vertex 109.093 103.731 5
      vertex 109.093 103.731 4.4
    endloop
  endfacet
  facet normal -0.883349 0.468716 2.41259e-18
    outer loop
      vertex 109.093 103.731 5
      vertex 109.067 103.682 4.4
      vertex 109.067 103.682 5
    endloop
  endfacet
  facet normal -0.847998 0.529999 -6.4971e-19
    outer loop
      vertex 109.093 103.731 4.4
      vertex 109.123 103.779 5
      vertex 109.123 103.779 4.4
    endloop
  endfacet
  facet normal -0.847998 0.529999 -6.4971e-19
    outer loop
      vertex 109.123 103.779 5
      vertex 109.093 103.731 4.4
      vertex 109.093 103.731 5
    endloop
  endfacet
  facet normal -0.818413 0.57463 -9.00566e-19
    outer loop
      vertex 109.123 103.779 4.4
      vertex 109.156 103.826 5
      vertex 109.156 103.826 4.4
    endloop
  endfacet
  facet normal -0.818413 0.57463 -9.00566e-19
    outer loop
      vertex 109.156 103.826 5
      vertex 109.123 103.779 4.4
      vertex 109.123 103.779 5
    endloop
  endfacet
  facet normal -0.779213 0.626759 -2.37903e-18
    outer loop
      vertex 109.156 103.826 4.4
      vertex 109.193 103.872 5
      vertex 109.193 103.872 4.4
    endloop
  endfacet
  facet normal -0.779213 0.626759 -2.37903e-18
    outer loop
      vertex 109.193 103.872 5
      vertex 109.156 103.826 4.4
      vertex 109.156 103.826 5
    endloop
  endfacet
  facet normal -0.762757 0.646685 -5.02038e-19
    outer loop
      vertex 109.193 103.872 4.4
      vertex 109.232 103.918 5
      vertex 109.232 103.918 4.4
    endloop
  endfacet
  facet normal -0.762757 0.646685 -5.02038e-19
    outer loop
      vertex 109.232 103.918 5
      vertex 109.193 103.872 4.4
      vertex 109.193 103.872 5
    endloop
  endfacet
  facet normal -0.722991 0.690858 -4.77521e-19
    outer loop
      vertex 109.232 103.918 4.4
      vertex 109.275 103.963 5
      vertex 109.275 103.963 4.4
    endloop
  endfacet
  facet normal -0.722991 0.690858 -4.77521e-19
    outer loop
      vertex 109.275 103.963 5
      vertex 109.232 103.918 4.4
      vertex 109.232 103.918 5
    endloop
  endfacet
  facet normal -0.691223 0.722642 0
    outer loop
      vertex 109.321 104.007 4.4
      vertex 109.275 103.963 5
      vertex 109.321 104.007 5
    endloop
  endfacet
  facet normal -0.691223 0.722642 0
    outer loop
      vertex 109.275 103.963 5
      vertex 109.321 104.007 4.4
      vertex 109.275 103.963 4.4
    endloop
  endfacet
  facet normal -0.691223 0.722642 0
    outer loop
      vertex 109.367 104.051 4.4
      vertex 109.321 104.007 5
      vertex 109.367 104.051 5
    endloop
  endfacet
  facet normal -0.691223 0.722642 0
    outer loop
      vertex 109.321 104.007 5
      vertex 109.367 104.051 4.4
      vertex 109.321 104.007 4.4
    endloop
  endfacet
  facet normal -0.675725 0.737154 0
    outer loop
      vertex 109.415 104.095 4.4
      vertex 109.367 104.051 5
      vertex 109.415 104.095 5
    endloop
  endfacet
  facet normal -0.675725 0.737154 0
    outer loop
      vertex 109.367 104.051 5
      vertex 109.415 104.095 4.4
      vertex 109.367 104.051 4.4
    endloop
  endfacet
  facet normal -0.652039 0.758185 0
    outer loop
      vertex 109.465 104.138 4.4
      vertex 109.415 104.095 5
      vertex 109.465 104.138 5
    endloop
  endfacet
  facet normal -0.652039 0.758185 0
    outer loop
      vertex 109.415 104.095 5
      vertex 109.465 104.138 4.4
      vertex 109.415 104.095 4.4
    endloop
  endfacet
  facet normal -0.653233 0.757157 0
    outer loop
      vertex 109.516 104.182 4.4
      vertex 109.465 104.138 5
      vertex 109.516 104.182 5
    endloop
  endfacet
  facet normal -0.653233 0.757157 0
    outer loop
      vertex 109.465 104.138 5
      vertex 109.516 104.182 4.4
      vertex 109.465 104.138 4.4
    endloop
  endfacet
  facet normal -0.645942 0.763386 0
    outer loop
      vertex 109.568 104.226 4.4
      vertex 109.516 104.182 5
      vertex 109.568 104.226 5
    endloop
  endfacet
  facet normal -0.645942 0.763386 0
    outer loop
      vertex 109.516 104.182 5
      vertex 109.568 104.226 4.4
      vertex 109.516 104.182 4.4
    endloop
  endfacet
  facet normal -0.630041 0.776562 0
    outer loop
      vertex 109.621 104.269 4.4
      vertex 109.568 104.226 5
      vertex 109.621 104.269 5
    endloop
  endfacet
  facet normal -0.630041 0.776562 0
    outer loop
      vertex 109.568 104.226 5
      vertex 109.621 104.269 4.4
      vertex 109.568 104.226 4.4
    endloop
  endfacet
  facet normal -0.624695 0.780869 0
    outer loop
      vertex 109.676 104.313 4.4
      vertex 109.621 104.269 5
      vertex 109.676 104.313 5
    endloop
  endfacet
  facet normal -0.624695 0.780869 0
    outer loop
      vertex 109.621 104.269 5
      vertex 109.676 104.313 4.4
      vertex 109.621 104.269 4.4
    endloop
  endfacet
  facet normal -0.624695 0.780869 0
    outer loop
      vertex 109.786 104.401 4.4
      vertex 109.676 104.313 5
      vertex 109.786 104.401 5
    endloop
  endfacet
  facet normal -0.624695 0.780869 0
    outer loop
      vertex 109.676 104.313 5
      vertex 109.786 104.401 4.4
      vertex 109.676 104.313 4.4
    endloop
  endfacet
  facet normal -0.617822 0.786318 0
    outer loop
      vertex 109.842 104.445 4.4
      vertex 109.786 104.401 5
      vertex 109.842 104.445 5
    endloop
  endfacet
  facet normal -0.617822 0.786318 0
    outer loop
      vertex 109.786 104.401 5
      vertex 109.842 104.445 4.4
      vertex 109.786 104.401 4.4
    endloop
  endfacet
  facet normal -0.619644 0.784883 0
    outer loop
      vertex 109.956 104.535 4.4
      vertex 109.842 104.445 5
      vertex 109.956 104.535 5
    endloop
  endfacet
  facet normal -0.619644 0.784883 0
    outer loop
      vertex 109.842 104.445 5
      vertex 109.956 104.535 4.4
      vertex 109.842 104.445 4.4
    endloop
  endfacet
  facet normal -0.628019 0.778198 0
    outer loop
      vertex 110.013 104.581 4.4
      vertex 109.956 104.535 5
      vertex 110.013 104.581 5
    endloop
  endfacet
  facet normal -0.628019 0.778198 0
    outer loop
      vertex 109.956 104.535 5
      vertex 110.013 104.581 4.4
      vertex 109.956 104.535 4.4
    endloop
  endfacet
  facet normal -0.628019 0.778198 0
    outer loop
      vertex 110.07 104.627 4.4
      vertex 110.013 104.581 5
      vertex 110.07 104.627 5
    endloop
  endfacet
  facet normal -0.628019 0.778198 0
    outer loop
      vertex 110.013 104.581 5
      vertex 110.07 104.627 4.4
      vertex 110.013 104.581 4.4
    endloop
  endfacet
  facet normal -0.642871 0.765974 0
    outer loop
      vertex 110.126 104.674 4.4
      vertex 110.07 104.627 5
      vertex 110.126 104.674 5
    endloop
  endfacet
  facet normal -0.642871 0.765974 0
    outer loop
      vertex 110.07 104.627 5
      vertex 110.126 104.674 4.4
      vertex 110.07 104.627 4.4
    endloop
  endfacet
  facet normal -0.664364 0.747409 0
    outer loop
      vertex 110.18 104.722 4.4
      vertex 110.126 104.674 5
      vertex 110.18 104.722 5
    endloop
  endfacet
  facet normal -0.664364 0.747409 0
    outer loop
      vertex 110.126 104.674 5
      vertex 110.18 104.722 4.4
      vertex 110.126 104.674 4.4
    endloop
  endfacet
  facet normal -0.685801 0.727789 0
    outer loop
      vertex 110.232 104.771 4.4
      vertex 110.18 104.722 5
      vertex 110.232 104.771 5
    endloop
  endfacet
  facet normal -0.685801 0.727789 0
    outer loop
      vertex 110.18 104.722 5
      vertex 110.232 104.771 4.4
      vertex 110.18 104.722 4.4
    endloop
  endfacet
  facet normal -0.700071 0.714073 0
    outer loop
      vertex 110.283 104.821 4.4
      vertex 110.232 104.771 5
      vertex 110.283 104.821 5
    endloop
  endfacet
  facet normal -0.700071 0.714073 0
    outer loop
      vertex 110.232 104.771 5
      vertex 110.283 104.821 4.4
      vertex 110.232 104.771 4.4
    endloop
  endfacet
  facet normal -0.714073 0.700071 1.68401e-18
    outer loop
      vertex 110.283 104.821 4.4
      vertex 110.333 104.872 5
      vertex 110.333 104.872 4.4
    endloop
  endfacet
  facet normal -0.714073 0.700071 1.68401e-18
    outer loop
      vertex 110.333 104.872 5
      vertex 110.283 104.821 4.4
      vertex 110.283 104.821 5
    endloop
  endfacet
  facet normal -0.734803 0.67828 -4.08748e-18
    outer loop
      vertex 110.333 104.872 4.4
      vertex 110.381 104.924 5
      vertex 110.381 104.924 4.4
    endloop
  endfacet
  facet normal -0.734803 0.67828 -4.08748e-18
    outer loop
      vertex 110.381 104.924 5
      vertex 110.333 104.872 4.4
      vertex 110.333 104.872 5
    endloop
  endfacet
  facet normal -0.755219 0.655473 3.96555e-18
    outer loop
      vertex 110.381 104.924 4.4
      vertex 110.427 104.977 5
      vertex 110.427 104.977 4.4
    endloop
  endfacet
  facet normal -0.755219 0.655473 3.96555e-18
    outer loop
      vertex 110.427 104.977 5
      vertex 110.381 104.924 4.4
      vertex 110.381 104.924 5
    endloop
  endfacet
  facet normal -0.78228 0.622927 -5.15742e-18
    outer loop
      vertex 110.427 104.977 4.4
      vertex 110.47 105.031 5
      vertex 110.47 105.031 4.4
    endloop
  endfacet
  facet normal -0.78228 0.622927 -5.15742e-18
    outer loop
      vertex 110.47 105.031 5
      vertex 110.427 104.977 4.4
      vertex 110.427 104.977 5
    endloop
  endfacet
  facet normal -0.8 0.6 4.80039e-18
    outer loop
      vertex 110.47 105.031 4.4
      vertex 110.512 105.087 5
      vertex 110.512 105.087 4.4
    endloop
  endfacet
  facet normal -0.8 0.6 4.80039e-18
    outer loop
      vertex 110.512 105.087 5
      vertex 110.47 105.031 4.4
      vertex 110.47 105.031 5
    endloop
  endfacet
  facet normal -0.83205 0.5547 4.63906e-19
    outer loop
      vertex 110.512 105.087 4.4
      vertex 110.55 105.144 5
      vertex 110.55 105.144 4.4
    endloop
  endfacet
  facet normal -0.83205 0.5547 4.63906e-19
    outer loop
      vertex 110.55 105.144 5
      vertex 110.512 105.087 4.4
      vertex 110.512 105.087 5
    endloop
  endfacet
  facet normal -0.847191 0.531289 -3.08475e-18
    outer loop
      vertex 110.55 105.144 4.4
      vertex 110.587 105.203 5
      vertex 110.587 105.203 4.4
    endloop
  endfacet
  facet normal -0.847191 0.531289 -3.08475e-18
    outer loop
      vertex 110.587 105.203 5
      vertex 110.55 105.144 4.4
      vertex 110.55 105.144 5
    endloop
  endfacet
  facet normal -0.870022 0.493013 4.79941e-18
    outer loop
      vertex 110.587 105.203 4.4
      vertex 110.621 105.263 5
      vertex 110.621 105.263 4.4
    endloop
  endfacet
  facet normal -0.870022 0.493013 4.79941e-18
    outer loop
      vertex 110.621 105.263 5
      vertex 110.587 105.203 4.4
      vertex 110.587 105.203 5
    endloop
  endfacet
  facet normal -0.891485 0.45305 -1.93555e-18
    outer loop
      vertex 110.621 105.263 4.4
      vertex 110.652 105.324 5
      vertex 110.652 105.324 4.4
    endloop
  endfacet
  facet normal -0.891485 0.45305 -1.93555e-18
    outer loop
      vertex 110.652 105.324 5
      vertex 110.621 105.263 4.4
      vertex 110.621 105.263 5
    endloop
  endfacet
  facet normal -0.913812 0.406138 4.26413e-19
    outer loop
      vertex 110.652 105.324 4.4
      vertex 110.68 105.387 5
      vertex 110.68 105.387 4.4
    endloop
  endfacet
  facet normal -0.913812 0.406138 4.26413e-19
    outer loop
      vertex 110.68 105.387 5
      vertex 110.652 105.324 4.4
      vertex 110.652 105.324 5
    endloop
  endfacet
  facet normal -0.938096 0.346374 1.36529e-18
    outer loop
      vertex 110.68 105.387 4.4
      vertex 110.704 105.452 5
      vertex 110.704 105.452 4.4
    endloop
  endfacet
  facet normal -0.938096 0.346374 1.36529e-18
    outer loop
      vertex 110.704 105.452 5
      vertex 110.68 105.387 4.4
      vertex 110.68 105.387 5
    endloop
  endfacet
  facet normal -0.963111 0.269105 9.21523e-19
    outer loop
      vertex 110.704 105.452 4.4
      vertex 110.723 105.52 5
      vertex 110.723 105.52 4.4
    endloop
  endfacet
  facet normal -0.963111 0.269105 9.21523e-19
    outer loop
      vertex 110.723 105.52 5
      vertex 110.704 105.452 4.4
      vertex 110.704 105.452 5
    endloop
  endfacet
  facet normal -0.977176 0.21243 1.22508e-18
    outer loop
      vertex 110.723 105.52 4.4
      vertex 110.738 105.589 5
      vertex 110.738 105.589 4.4
    endloop
  endfacet
  facet normal -0.977176 0.21243 1.22508e-18
    outer loop
      vertex 110.738 105.589 5
      vertex 110.723 105.52 4.4
      vertex 110.723 105.52 5
    endloop
  endfacet
  facet normal -0.98821 0.153103 5.78345e-19
    outer loop
      vertex 110.738 105.589 4.4
      vertex 110.749 105.66 5
      vertex 110.749 105.66 4.4
    endloop
  endfacet
  facet normal -0.98821 0.153103 5.78345e-19
    outer loop
      vertex 110.749 105.66 5
      vertex 110.738 105.589 4.4
      vertex 110.738 105.589 5
    endloop
  endfacet
  facet normal -0.995556 0.0941742 6.11301e-19
    outer loop
      vertex 110.749 105.66 4.4
      vertex 110.756 105.734 5
      vertex 110.756 105.734 4.4
    endloop
  endfacet
  facet normal -0.995556 0.0941742 6.11301e-19
    outer loop
      vertex 110.756 105.734 5
      vertex 110.749 105.66 4.4
      vertex 110.749 105.66 5
    endloop
  endfacet
  facet normal -0.999654 0.0263067 1.64437e-19
    outer loop
      vertex 110.756 105.734 4.4
      vertex 110.758 105.81 5
      vertex 110.758 105.81 4.4
    endloop
  endfacet
  facet normal -0.999654 0.0263067 1.64437e-19
    outer loop
      vertex 110.758 105.81 5
      vertex 110.756 105.734 4.4
      vertex 110.756 105.734 5
    endloop
  endfacet
  facet normal -0.99877 -0.0495843 7.50707e-19
    outer loop
      vertex 110.758 105.81 4.4
      vertex 110.751 105.951 5
      vertex 110.751 105.951 4.4
    endloop
  endfacet
  facet normal -0.99877 -0.0495843 7.50707e-19
    outer loop
      vertex 110.751 105.951 5
      vertex 110.758 105.81 4.4
      vertex 110.758 105.81 5
    endloop
  endfacet
  facet normal -0.988716 -0.149805 5.02417e-20
    outer loop
      vertex 110.751 105.951 4.4
      vertex 110.731 106.083 5
      vertex 110.731 106.083 4.4
    endloop
  endfacet
  facet normal -0.988716 -0.149805 5.02417e-20
    outer loop
      vertex 110.731 106.083 5
      vertex 110.751 105.951 4.4
      vertex 110.751 105.951 5
    endloop
  endfacet
  facet normal -0.963291 -0.268458 -5.29109e-18
    outer loop
      vertex 110.731 106.083 4.4
      vertex 110.697 106.205 5
      vertex 110.697 106.205 4.4
    endloop
  endfacet
  facet normal -0.963291 -0.268458 -5.29109e-18
    outer loop
      vertex 110.697 106.205 5
      vertex 110.731 106.083 4.4
      vertex 110.731 106.083 5
    endloop
  endfacet
  facet normal -0.923318 -0.384035 5.21541e-18
    outer loop
      vertex 110.697 106.205 4.4
      vertex 110.65 106.318 5
      vertex 110.65 106.318 4.4
    endloop
  endfacet
  facet normal -0.923318 -0.384035 5.21541e-18
    outer loop
      vertex 110.65 106.318 5
      vertex 110.697 106.205 4.4
      vertex 110.697 106.205 5
    endloop
  endfacet
  facet normal -0.862573 -0.505932 -4.79899e-18
    outer loop
      vertex 110.65 106.318 4.4
      vertex 110.589 106.422 5
      vertex 110.589 106.422 4.4
    endloop
  endfacet
  facet normal -0.862573 -0.505932 -4.79899e-18
    outer loop
      vertex 110.589 106.422 5
      vertex 110.65 106.318 4.4
      vertex 110.65 106.318 5
    endloop
  endfacet
  facet normal -0.788905 -0.614515 5.20138e-18
    outer loop
      vertex 110.589 106.422 4.4
      vertex 110.515 106.517 5
      vertex 110.515 106.517 4.4
    endloop
  endfacet
  facet normal -0.788905 -0.614515 5.20138e-18
    outer loop
      vertex 110.515 106.517 5
      vertex 110.589 106.422 4.4
      vertex 110.589 106.422 5
    endloop
  endfacet
  facet normal -0.69474 -0.719261 0
    outer loop
      vertex 110.427 106.602 4.4
      vertex 110.515 106.517 5
      vertex 110.427 106.602 5
    endloop
  endfacet
  facet normal -0.69474 -0.719261 -0
    outer loop
      vertex 110.515 106.517 5
      vertex 110.427 106.602 4.4
      vertex 110.515 106.517 4.4
    endloop
  endfacet
  facet normal -0.596178 -0.802853 0
    outer loop
      vertex 110.326 106.677 4.4
      vertex 110.427 106.602 5
      vertex 110.326 106.677 5
    endloop
  endfacet
  facet normal -0.596178 -0.802853 -0
    outer loop
      vertex 110.427 106.602 5
      vertex 110.326 106.677 4.4
      vertex 110.427 106.602 4.4
    endloop
  endfacet
  facet normal -0.490261 -0.871576 0
    outer loop
      vertex 110.214 106.74 4.4
      vertex 110.326 106.677 5
      vertex 110.214 106.74 5
    endloop
  endfacet
  facet normal -0.490261 -0.871576 -0
    outer loop
      vertex 110.326 106.677 5
      vertex 110.214 106.74 4.4
      vertex 110.326 106.677 4.4
    endloop
  endfacet
  facet normal -0.386727 -0.922194 0
    outer loop
      vertex 110.09 106.792 4.4
      vertex 110.214 106.74 5
      vertex 110.09 106.792 5
    endloop
  endfacet
  facet normal -0.386727 -0.922194 -0
    outer loop
      vertex 110.214 106.74 5
      vertex 110.09 106.792 4.4
      vertex 110.214 106.74 4.4
    endloop
  endfacet
  facet normal -0.284088 -0.958798 0
    outer loop
      vertex 109.955 106.832 4.4
      vertex 110.09 106.792 5
      vertex 109.955 106.832 5
    endloop
  endfacet
  facet normal -0.284088 -0.958798 -0
    outer loop
      vertex 110.09 106.792 5
      vertex 109.955 106.832 4.4
      vertex 110.09 106.792 4.4
    endloop
  endfacet
  facet normal -0.192289 -0.981338 0
    outer loop
      vertex 109.807 106.861 4.4
      vertex 109.955 106.832 5
      vertex 109.807 106.861 5
    endloop
  endfacet
  facet normal -0.192289 -0.981338 -0
    outer loop
      vertex 109.955 106.832 5
      vertex 109.807 106.861 4.4
      vertex 109.955 106.832 4.4
    endloop
  endfacet
  facet normal -0.106312 -0.994333 0
    outer loop
      vertex 109.648 106.878 4.4
      vertex 109.807 106.861 5
      vertex 109.648 106.878 5
    endloop
  endfacet
  facet normal -0.106312 -0.994333 -0
    outer loop
      vertex 109.807 106.861 5
      vertex 109.648 106.878 4.4
      vertex 109.807 106.861 4.4
    endloop
  endfacet
  facet normal -0.0350661 -0.999385 0
    outer loop
      vertex 109.477 106.884 4.4
      vertex 109.648 106.878 5
      vertex 109.477 106.884 5
    endloop
  endfacet
  facet normal -0.0350661 -0.999385 -0
    outer loop
      vertex 109.648 106.878 5
      vertex 109.477 106.884 4.4
      vertex 109.648 106.878 4.4
    endloop
  endfacet
  facet normal 0.0379473 -0.99928 0
    outer loop
      vertex 109.319 106.878 4.4
      vertex 109.477 106.884 5
      vertex 109.319 106.878 5
    endloop
  endfacet
  facet normal 0.0379473 -0.99928 0
    outer loop
      vertex 109.477 106.884 5
      vertex 109.319 106.878 4.4
      vertex 109.477 106.884 4.4
    endloop
  endfacet
  facet normal 0.113359 -0.993554 0
    outer loop
      vertex 109.17 106.861 4.4
      vertex 109.319 106.878 5
      vertex 109.17 106.861 5
    endloop
  endfacet
  facet normal 0.113359 -0.993554 0
    outer loop
      vertex 109.319 106.878 5
      vertex 109.17 106.861 4.4
      vertex 109.319 106.878 4.4
    endloop
  endfacet
  facet normal 0.197472 -0.980308 0
    outer loop
      vertex 109.031 106.833 4.4
      vertex 109.17 106.861 5
      vertex 109.031 106.833 5
    endloop
  endfacet
  facet normal 0.197472 -0.980308 0
    outer loop
      vertex 109.17 106.861 5
      vertex 109.031 106.833 4.4
      vertex 109.17 106.861 4.4
    endloop
  endfacet
  facet normal 0.296166 -0.955136 0
    outer loop
      vertex 108.902 106.793 4.4
      vertex 109.031 106.833 5
      vertex 108.902 106.793 5
    endloop
  endfacet
  facet normal 0.296166 -0.955136 0
    outer loop
      vertex 109.031 106.833 5
      vertex 108.902 106.793 4.4
      vertex 109.031 106.833 4.4
    endloop
  endfacet
  facet normal 0.397607 -0.917556 0
    outer loop
      vertex 108.782 106.741 4.4
      vertex 108.902 106.793 5
      vertex 108.782 106.741 5
    endloop
  endfacet
  facet normal 0.397607 -0.917556 0
    outer loop
      vertex 108.902 106.793 5
      vertex 108.782 106.741 4.4
      vertex 108.902 106.793 4.4
    endloop
  endfacet
  facet normal 0.49442 -0.869223 0
    outer loop
      vertex 108.673 106.679 4.4
      vertex 108.782 106.741 5
      vertex 108.673 106.679 5
    endloop
  endfacet
  facet normal 0.49442 -0.869223 0
    outer loop
      vertex 108.782 106.741 5
      vertex 108.673 106.679 4.4
      vertex 108.782 106.741 4.4
    endloop
  endfacet
  facet normal 0.6 -0.8 0
    outer loop
      vertex 108.573 106.604 4.4
      vertex 108.673 106.679 5
      vertex 108.573 106.604 5
    endloop
  endfacet
  facet normal 0.6 -0.8 0
    outer loop
      vertex 108.673 106.679 5
      vertex 108.573 106.604 4.4
      vertex 108.673 106.679 4.4
    endloop
  endfacet
  facet normal 0.682318 -0.731055 0
    outer loop
      vertex 108.483 106.52 4.4
      vertex 108.573 106.604 5
      vertex 108.483 106.52 5
    endloop
  endfacet
  facet normal 0.682318 -0.731055 0
    outer loop
      vertex 108.573 106.604 5
      vertex 108.483 106.52 4.4
      vertex 108.573 106.604 4.4
    endloop
  endfacet
  facet normal 0.776114 -0.630593 -5.65988e-18
    outer loop
      vertex 108.405 106.424 5
      vertex 108.483 106.52 4.4
      vertex 108.483 106.52 5
    endloop
  endfacet
  facet normal 0.776114 -0.630593 -5.65988e-18
    outer loop
      vertex 108.483 106.52 4.4
      vertex 108.405 106.424 5
      vertex 108.405 106.424 4.4
    endloop
  endfacet
  facet normal 0.839356 -0.543583 -1.48656e-18
    outer loop
      vertex 108.337 106.319 5
      vertex 108.405 106.424 4.4
      vertex 108.405 106.424 5
    endloop
  endfacet
  facet normal 0.839356 -0.543583 -1.48656e-18
    outer loop
      vertex 108.405 106.424 4.4
      vertex 108.337 106.319 5
      vertex 108.337 106.319 4.4
    endloop
  endfacet
  facet normal 0.897501 -0.441013 -3.63853e-18
    outer loop
      vertex 108.28 106.203 5
      vertex 108.337 106.319 4.4
      vertex 108.337 106.319 5
    endloop
  endfacet
  facet normal 0.897501 -0.441013 -3.63853e-18
    outer loop
      vertex 108.337 106.319 4.4
      vertex 108.28 106.203 5
      vertex 108.28 106.203 4.4
    endloop
  endfacet
  facet normal 0.939357 -0.34294 -3.63082e-18
    outer loop
      vertex 108.234 106.077 5
      vertex 108.28 106.203 4.4
      vertex 108.28 106.203 5
    endloop
  endfacet
  facet normal 0.939357 -0.34294 -3.63082e-18
    outer loop
      vertex 108.28 106.203 4.4
      vertex 108.234 106.077 5
      vertex 108.234 106.077 4.4
    endloop
  endfacet
  facet normal 0.970558 -0.240868 1.49308e-18
    outer loop
      vertex 108.2 105.94 5
      vertex 108.234 106.077 4.4
      vertex 108.234 106.077 5
    endloop
  endfacet
  facet normal 0.970558 -0.240868 1.49308e-18
    outer loop
      vertex 108.234 106.077 4.4
      vertex 108.2 105.94 5
      vertex 108.2 105.94 4.4
    endloop
  endfacet
  facet normal 0.985845 -0.167661 -2.01652e-19
    outer loop
      vertex 108.175 105.793 5
      vertex 108.2 105.94 4.4
      vertex 108.2 105.94 5
    endloop
  endfacet
  facet normal 0.985845 -0.167661 -2.01652e-19
    outer loop
      vertex 108.2 105.94 4.4
      vertex 108.175 105.793 5
      vertex 108.175 105.793 4.4
    endloop
  endfacet
  facet normal 0.055902 0.998436 -0
    outer loop
      vertex 108.943 105.75 4.4
      vertex 108.175 105.793 5
      vertex 108.943 105.75 5
    endloop
  endfacet
  facet normal 0.055902 0.998436 0
    outer loop
      vertex 108.175 105.793 5
      vertex 108.943 105.75 4.4
      vertex 108.175 105.793 4.4
    endloop
  endfacet
  facet normal -0.984511 0.175324 2.49082e-19
    outer loop
      vertex 108.943 105.75 4.4
      vertex 108.956 105.823 5
      vertex 108.956 105.823 4.4
    endloop
  endfacet
  facet normal -0.984511 0.175324 2.49082e-19
    outer loop
      vertex 108.956 105.823 5
      vertex 108.943 105.75 4.4
      vertex 108.943 105.75 5
    endloop
  endfacet
  facet normal -0.97265 0.232275 -1.18093e-18
    outer loop
      vertex 108.956 105.823 4.4
      vertex 108.972 105.89 5
      vertex 108.972 105.89 4.4
    endloop
  endfacet
  facet normal -0.97265 0.232275 -1.18093e-18
    outer loop
      vertex 108.972 105.89 5
      vertex 108.956 105.823 4.4
      vertex 108.956 105.823 5
    endloop
  endfacet
  facet normal -0.95023 0.311551 -1.06289e-19
    outer loop
      vertex 108.972 105.89 4.4
      vertex 108.992 105.951 5
      vertex 108.992 105.951 4.4
    endloop
  endfacet
  facet normal -0.95023 0.311551 -1.06289e-19
    outer loop
      vertex 108.992 105.951 5
      vertex 108.972 105.89 4.4
      vertex 108.972 105.89 5
    endloop
  endfacet
  facet normal -0.921635 0.388057 -1.14925e-18
    outer loop
      vertex 108.992 105.951 4.4
      vertex 109.016 106.008 5
      vertex 109.016 106.008 4.4
    endloop
  endfacet
  facet normal -0.921635 0.388057 -1.14925e-18
    outer loop
      vertex 109.016 106.008 5
      vertex 108.992 105.951 4.4
      vertex 108.992 105.951 5
    endloop
  endfacet
  facet normal -0.876579 0.481259 -1.0865e-18
    outer loop
      vertex 109.016 106.008 4.4
      vertex 109.044 106.059 5
      vertex 109.044 106.059 4.4
    endloop
  endfacet
  facet normal -0.876579 0.481259 -1.0865e-18
    outer loop
      vertex 109.044 106.059 5
      vertex 109.016 106.008 4.4
      vertex 109.016 106.008 5
    endloop
  endfacet
  facet normal -0.823508 0.567305 -1.6275e-18
    outer loop
      vertex 109.044 106.059 4.4
      vertex 109.075 106.104 5
      vertex 109.075 106.104 4.4
    endloop
  endfacet
  facet normal -0.823508 0.567305 -1.6275e-18
    outer loop
      vertex 109.075 106.104 5
      vertex 109.044 106.059 4.4
      vertex 109.044 106.059 5
    endloop
  endfacet
  facet normal -0.760565 0.649262 -2.29549e-19
    outer loop
      vertex 109.075 106.104 4.4
      vertex 109.11 106.145 5
      vertex 109.11 106.145 4.4
    endloop
  endfacet
  facet normal -0.760565 0.649262 -2.29549e-19
    outer loop
      vertex 109.11 106.145 5
      vertex 109.075 106.104 4.4
      vertex 109.075 106.104 5
    endloop
  endfacet
  facet normal -0.66791 0.744242 0
    outer loop
      vertex 109.149 106.18 4.4
      vertex 109.11 106.145 5
      vertex 109.149 106.18 5
    endloop
  endfacet
  facet normal -0.66791 0.744242 0
    outer loop
      vertex 109.11 106.145 5
      vertex 109.149 106.18 4.4
      vertex 109.11 106.145 4.4
    endloop
  endfacet
  facet normal -0.550313 0.834958 0
    outer loop
      vertex 109.193 106.209 4.4
      vertex 109.149 106.18 5
      vertex 109.193 106.209 5
    endloop
  endfacet
  facet normal -0.550313 0.834958 0
    outer loop
      vertex 109.149 106.18 5
      vertex 109.193 106.209 4.4
      vertex 109.149 106.18 4.4
    endloop
  endfacet
  facet normal -0.439867 0.898063 0
    outer loop
      vertex 109.242 106.233 4.4
      vertex 109.193 106.209 5
      vertex 109.242 106.233 5
    endloop
  endfacet
  facet normal -0.439867 0.898063 0
    outer loop
      vertex 109.193 106.209 5
      vertex 109.242 106.233 4.4
      vertex 109.193 106.209 4.4
    endloop
  endfacet
  facet normal -0.337461 0.941339 0
    outer loop
      vertex 109.295 106.252 4.4
      vertex 109.242 106.233 5
      vertex 109.295 106.252 5
    endloop
  endfacet
  facet normal -0.337461 0.941339 0
    outer loop
      vertex 109.242 106.233 5
      vertex 109.295 106.252 4.4
      vertex 109.242 106.233 4.4
    endloop
  endfacet
  facet normal -0.234641 0.972082 0
    outer loop
      vertex 109.353 106.266 4.4
      vertex 109.295 106.252 5
      vertex 109.353 106.266 5
    endloop
  endfacet
  facet normal -0.234641 0.972082 0
    outer loop
      vertex 109.295 106.252 5
      vertex 109.353 106.266 4.4
      vertex 109.295 106.252 4.4
    endloop
  endfacet
  facet normal -0.125973 0.992034 0
    outer loop
      vertex 109.416 106.274 4.4
      vertex 109.353 106.266 5
      vertex 109.416 106.274 5
    endloop
  endfacet
  facet normal -0.125973 0.992034 0
    outer loop
      vertex 109.353 106.266 5
      vertex 109.416 106.274 4.4
      vertex 109.353 106.266 4.4
    endloop
  endfacet
  facet normal -0.0298375 0.999555 0
    outer loop
      vertex 109.483 106.276 4.4
      vertex 109.416 106.274 5
      vertex 109.483 106.276 5
    endloop
  endfacet
  facet normal -0.0298375 0.999555 0
    outer loop
      vertex 109.416 106.274 5
      vertex 109.483 106.276 4.4
      vertex 109.416 106.274 4.4
    endloop
  endfacet
  facet normal 0.0749763 0.997185 -0
    outer loop
      vertex 109.616 106.266 4.4
      vertex 109.483 106.276 5
      vertex 109.616 106.266 5
    endloop
  endfacet
  facet normal 0.0749763 0.997185 0
    outer loop
      vertex 109.483 106.276 5
      vertex 109.616 106.266 4.4
      vertex 109.483 106.276 4.4
    endloop
  endfacet
  facet normal 0.256598 0.966518 -0
    outer loop
      vertex 109.729 106.236 4.4
      vertex 109.616 106.266 5
      vertex 109.729 106.236 5
    endloop
  endfacet
  facet normal 0.256598 0.966518 0
    outer loop
      vertex 109.616 106.266 5
      vertex 109.729 106.236 4.4
      vertex 109.616 106.266 4.4
    endloop
  endfacet
  facet normal 0.484836 0.874605 -0
    outer loop
      vertex 109.821 106.185 4.4
      vertex 109.729 106.236 5
      vertex 109.821 106.185 5
    endloop
  endfacet
  facet normal 0.484836 0.874605 0
    outer loop
      vertex 109.729 106.236 5
      vertex 109.821 106.185 4.4
      vertex 109.729 106.236 4.4
    endloop
  endfacet
  facet normal 0.707107 0.707107 -0
    outer loop
      vertex 109.893 106.113 4.4
      vertex 109.821 106.185 5
      vertex 109.893 106.113 5
    endloop
  endfacet
  facet normal 0.707107 0.707107 0
    outer loop
      vertex 109.821 106.185 5
      vertex 109.893 106.113 4.4
      vertex 109.821 106.185 4.4
    endloop
  endfacet
  facet normal 0.872342 0.488895 -4.10723e-18
    outer loop
      vertex 109.944 106.022 5
      vertex 109.893 106.113 4.4
      vertex 109.893 106.113 5
    endloop
  endfacet
  facet normal 0.872342 0.488895 -4.10723e-18
    outer loop
      vertex 109.893 106.113 4.4
      vertex 109.944 106.022 5
      vertex 109.944 106.022 4.4
    endloop
  endfacet
  facet normal 0.965948 0.258736 2.7349e-18
    outer loop
      vertex 109.974 105.91 5
      vertex 109.944 106.022 4.4
      vertex 109.944 106.022 5
    endloop
  endfacet
  facet normal 0.965948 0.258736 2.7349e-18
    outer loop
      vertex 109.944 106.022 4.4
      vertex 109.974 105.91 5
      vertex 109.974 105.91 4.4
    endloop
  endfacet
  facet normal 0.996597 0.0824253 4.5374e-19
    outer loop
      vertex 109.985 105.777 5
      vertex 109.974 105.91 4.4
      vertex 109.974 105.91 5
    endloop
  endfacet
  facet normal 0.996597 0.0824253 4.5374e-19
    outer loop
      vertex 109.974 105.91 4.4
      vertex 109.985 105.777 5
      vertex 109.985 105.777 4.4
    endloop
  endfacet
  facet normal 0.99763 -0.0688021 -3.56069e-20
    outer loop
      vertex 109.981 105.719 5
      vertex 109.985 105.777 4.4
      vertex 109.985 105.777 5
    endloop
  endfacet
  facet normal 0.99763 -0.0688021 -3.56069e-20
    outer loop
      vertex 109.985 105.777 4.4
      vertex 109.981 105.719 5
      vertex 109.981 105.719 4.4
    endloop
  endfacet
  facet normal 0.988565 -0.150798 -1.99973e-19
    outer loop
      vertex 109.972 105.66 5
      vertex 109.981 105.719 4.4
      vertex 109.981 105.719 5
    endloop
  endfacet
  facet normal 0.988565 -0.150798 -1.99973e-19
    outer loop
      vertex 109.981 105.719 4.4
      vertex 109.972 105.66 5
      vertex 109.972 105.66 4.4
    endloop
  endfacet
  facet normal 0.960907 -0.276871 2.33254e-18
    outer loop
      vertex 109.955 105.601 5
      vertex 109.972 105.66 4.4
      vertex 109.972 105.66 5
    endloop
  endfacet
  facet normal 0.960907 -0.276871 2.33254e-18
    outer loop
      vertex 109.972 105.66 4.4
      vertex 109.955 105.601 5
      vertex 109.955 105.601 4.4
    endloop
  endfacet
  facet normal 0.931708 -0.363208 2.13601e-18
    outer loop
      vertex 109.932 105.542 5
      vertex 109.955 105.601 4.4
      vertex 109.955 105.601 5
    endloop
  endfacet
  facet normal 0.931708 -0.363208 2.13601e-18
    outer loop
      vertex 109.955 105.601 4.4
      vertex 109.932 105.542 5
      vertex 109.932 105.542 4.4
    endloop
  endfacet
  facet normal 0.894427 -0.447214 2.00844e-18
    outer loop
      vertex 109.902 105.482 5
      vertex 109.932 105.542 4.4
      vertex 109.932 105.542 5
    endloop
  endfacet
  facet normal 0.894427 -0.447214 2.00844e-18
    outer loop
      vertex 109.932 105.542 4.4
      vertex 109.902 105.482 5
      vertex 109.902 105.482 4.4
    endloop
  endfacet
  facet normal 0.857493 -0.514496 4.37659e-18
    outer loop
      vertex 109.866 105.422 5
      vertex 109.902 105.482 4.4
      vertex 109.902 105.482 5
    endloop
  endfacet
  facet normal 0.857493 -0.514496 4.37659e-18
    outer loop
      vertex 109.902 105.482 4.4
      vertex 109.866 105.422 5
      vertex 109.866 105.422 4.4
    endloop
  endfacet
  facet normal 0.812817 -0.582519 -3.48743e-18
    outer loop
      vertex 109.823 105.362 5
      vertex 109.866 105.422 4.4
      vertex 109.866 105.422 5
    endloop
  endfacet
  facet normal 0.812817 -0.582519 -3.48743e-18
    outer loop
      vertex 109.866 105.422 4.4
      vertex 109.823 105.362 5
      vertex 109.823 105.362 4.4
    endloop
  endfacet
  facet normal 0.777245 -0.629198 -3.31526e-18
    outer loop
      vertex 109.772 105.299 5
      vertex 109.823 105.362 4.4
      vertex 109.823 105.362 5
    endloop
  endfacet
  facet normal 0.777245 -0.629198 -3.31526e-18
    outer loop
      vertex 109.823 105.362 4.4
      vertex 109.772 105.299 5
      vertex 109.772 105.299 4.4
    endloop
  endfacet
  facet normal 0.74495 -0.66712 -3.27121e-18
    outer loop
      vertex 109.712 105.232 5
      vertex 109.772 105.299 4.4
      vertex 109.772 105.299 5
    endloop
  endfacet
  facet normal 0.74495 -0.66712 -3.27121e-18
    outer loop
      vertex 109.772 105.299 4.4
      vertex 109.712 105.232 5
      vertex 109.712 105.232 4.4
    endloop
  endfacet
  facet normal 0.712034 -0.702145 3.12638e-18
    outer loop
      vertex 109.641 105.16 5
      vertex 109.712 105.232 4.4
      vertex 109.712 105.232 5
    endloop
  endfacet
  facet normal 0.712034 -0.702145 3.12638e-18
    outer loop
      vertex 109.712 105.232 4.4
      vertex 109.641 105.16 5
      vertex 109.641 105.16 4.4
    endloop
  endfacet
  facet normal 0.688985 -0.724776 0
    outer loop
      vertex 109.56 105.083 4.4
      vertex 109.641 105.16 5
      vertex 109.56 105.083 5
    endloop
  endfacet
  facet normal 0.688985 -0.724776 0
    outer loop
      vertex 109.641 105.16 5
      vertex 109.56 105.083 4.4
      vertex 109.641 105.16 4.4
    endloop
  endfacet
  facet normal 0.668965 -0.743294 0
    outer loop
      vertex 109.47 105.002 4.4
      vertex 109.56 105.083 5
      vertex 109.47 105.002 5
    endloop
  endfacet
  facet normal 0.668965 -0.743294 0
    outer loop
      vertex 109.56 105.083 5
      vertex 109.47 105.002 4.4
      vertex 109.56 105.083 4.4
    endloop
  endfacet
  facet normal 0.652039 -0.758185 0
    outer loop
      vertex 109.37 104.916 4.4
      vertex 109.47 105.002 5
      vertex 109.37 104.916 5
    endloop
  endfacet
  facet normal 0.652039 -0.758185 0
    outer loop
      vertex 109.47 105.002 5
      vertex 109.37 104.916 4.4
      vertex 109.47 105.002 4.4
    endloop
  endfacet
  facet normal 0.637424 -0.770513 0
    outer loop
      vertex 109.26 104.825 4.4
      vertex 109.37 104.916 5
      vertex 109.26 104.825 5
    endloop
  endfacet
  facet normal 0.637424 -0.770513 0
    outer loop
      vertex 109.37 104.916 5
      vertex 109.26 104.825 4.4
      vertex 109.37 104.916 4.4
    endloop
  endfacet
  facet normal 0.637568 -0.770394 0
    outer loop
      vertex 109.144 104.729 4.4
      vertex 109.26 104.825 5
      vertex 109.144 104.729 5
    endloop
  endfacet
  facet normal 0.637568 -0.770394 0
    outer loop
      vertex 109.26 104.825 5
      vertex 109.144 104.729 4.4
      vertex 109.26 104.825 4.4
    endloop
  endfacet
  facet normal 0.650228 -0.75974 0
    outer loop
      vertex 109.033 104.634 4.4
      vertex 109.144 104.729 5
      vertex 109.033 104.634 5
    endloop
  endfacet
  facet normal 0.650228 -0.75974 0
    outer loop
      vertex 109.144 104.729 5
      vertex 109.033 104.634 4.4
      vertex 109.144 104.729 4.4
    endloop
  endfacet
  facet normal 0.674438 -0.738332 0
    outer loop
      vertex 108.929 104.539 4.4
      vertex 109.033 104.634 5
      vertex 108.929 104.539 5
    endloop
  endfacet
  facet normal 0.674438 -0.738332 0
    outer loop
      vertex 109.033 104.634 5
      vertex 108.929 104.539 4.4
      vertex 109.033 104.634 4.4
    endloop
  endfacet
  facet normal 0.684675 -0.728848 0
    outer loop
      vertex 108.83 104.446 4.4
      vertex 108.929 104.539 5
      vertex 108.83 104.446 5
    endloop
  endfacet
  facet normal 0.684675 -0.728848 0
    outer loop
      vertex 108.929 104.539 5
      vertex 108.83 104.446 4.4
      vertex 108.929 104.539 4.4
    endloop
  endfacet
  facet normal 0.695549 -0.718479 0
    outer loop
      vertex 108.736 104.355 4.4
      vertex 108.83 104.446 5
      vertex 108.736 104.355 5
    endloop
  endfacet
  facet normal 0.695549 -0.718479 0
    outer loop
      vertex 108.83 104.446 5
      vertex 108.736 104.355 4.4
      vertex 108.83 104.446 4.4
    endloop
  endfacet
  facet normal 0.722814 -0.691042 5.08682e-18
    outer loop
      vertex 108.649 104.264 5
      vertex 108.736 104.355 4.4
      vertex 108.736 104.355 5
    endloop
  endfacet
  facet normal 0.722814 -0.691042 5.08682e-18
    outer loop
      vertex 108.736 104.355 4.4
      vertex 108.649 104.264 5
      vertex 108.649 104.264 4.4
    endloop
  endfacet
  facet normal 0.739196 -0.67349 -4.87844e-18
    outer loop
      vertex 108.567 104.174 5
      vertex 108.649 104.264 4.4
      vertex 108.649 104.264 5
    endloop
  endfacet
  facet normal 0.739196 -0.67349 -4.87844e-18
    outer loop
      vertex 108.649 104.264 4.4
      vertex 108.567 104.174 5
      vertex 108.567 104.174 4.4
    endloop
  endfacet
  facet normal 0.760462 -0.649383 -2.05537e-20
    outer loop
      vertex 108.491 104.085 5
      vertex 108.567 104.174 4.4
      vertex 108.567 104.174 5
    endloop
  endfacet
  facet normal 0.760462 -0.649383 -2.05537e-20
    outer loop
      vertex 108.567 104.174 4.4
      vertex 108.491 104.085 5
      vertex 108.491 104.085 4.4
    endloop
  endfacet
  facet normal 0.785106 -0.619361 -3.03461e-18
    outer loop
      vertex 108.42 103.995 5
      vertex 108.491 104.085 4.4
      vertex 108.491 104.085 5
    endloop
  endfacet
  facet normal 0.785106 -0.619361 -3.03461e-18
    outer loop
      vertex 108.491 104.085 4.4
      vertex 108.42 103.995 5
      vertex 108.42 103.995 4.4
    endloop
  endfacet
  facet normal 0.813733 -0.581238 -3.50367e-18
    outer loop
      vertex 108.355 103.904 5
      vertex 108.42 103.995 4.4
      vertex 108.42 103.995 5
    endloop
  endfacet
  facet normal 0.813733 -0.581238 -3.50367e-18
    outer loop
      vertex 108.42 103.995 4.4
      vertex 108.355 103.904 5
      vertex 108.355 103.904 4.4
    endloop
  endfacet
  facet normal 0.833441 -0.552608 -1.11724e-18
    outer loop
      vertex 108.294 103.812 5
      vertex 108.355 103.904 4.4
      vertex 108.355 103.904 5
    endloop
  endfacet
  facet normal 0.833441 -0.552608 -1.11724e-18
    outer loop
      vertex 108.355 103.904 4.4
      vertex 108.294 103.812 5
      vertex 108.294 103.812 4.4
    endloop
  endfacet
  facet normal 0.854199 -0.519947 -6.28626e-18
    outer loop
      vertex 108.238 103.72 5
      vertex 108.294 103.812 4.4
      vertex 108.294 103.812 5
    endloop
  endfacet
  facet normal 0.854199 -0.519947 -6.28626e-18
    outer loop
      vertex 108.294 103.812 4.4
      vertex 108.238 103.72 5
      vertex 108.238 103.72 4.4
    endloop
  endfacet
  facet normal 0.880775 -0.473535 -1.94958e-18
    outer loop
      vertex 108.188 103.627 5
      vertex 108.238 103.72 4.4
      vertex 108.238 103.72 5
    endloop
  endfacet
  facet normal 0.880775 -0.473535 -1.94958e-18
    outer loop
      vertex 108.238 103.72 4.4
      vertex 108.188 103.627 5
      vertex 108.188 103.627 4.4
    endloop
  endfacet
  facet normal 0.900159 -0.435561 7.61175e-20
    outer loop
      vertex 108.143 103.534 5
      vertex 108.188 103.627 4.4
      vertex 108.188 103.627 5
    endloop
  endfacet
  facet normal 0.900159 -0.435561 7.61175e-20
    outer loop
      vertex 108.188 103.627 4.4
      vertex 108.143 103.534 5
      vertex 108.143 103.534 4.4
    endloop
  endfacet
  facet normal 1 -0 0
    outer loop
      vertex 108.143 103.005 5
      vertex 108.143 103.534 4.4
      vertex 108.143 103.534 5
    endloop
  endfacet
  facet normal 1 0 0
    outer loop
      vertex 108.143 103.534 4.4
      vertex 108.143 103.005 5
      vertex 108.143 103.005 4.4
    endloop
  endfacet
  facet normal 0 1 -0
    outer loop
      vertex 110.817 103.005 4.4
      vertex 108.143 103.005 5
      vertex 110.817 103.005 5
    endloop
  endfacet
  facet normal 0 1 0
    outer loop
      vertex 108.143 103.005 5
      vertex 110.817 103.005 4.4
      vertex 108.143 103.005 4.4
    endloop
  endfacet
  facet normal -1 0 0
    outer loop
      vertex 110.817 103.005 4.4
      vertex 110.817 103.632 5
      vertex 110.817 103.632 4.4
    endloop
  endfacet
  facet normal -1 -0 0
    outer loop
      vertex 110.817 103.632 5
      vertex 110.817 103.005 4.4
      vertex 110.817 103.005 5
    endloop
  endfacet
  facet normal 0 1 -0
    outer loop
      vertex 106.767 103.982 4.4
      vertex 105.31 103.982 5
      vertex 106.767 103.982 5
    endloop
  endfacet
  facet normal 0 1 0
    outer loop
      vertex 105.31 103.982 5
      vertex 106.767 103.982 4.4
      vertex 105.31 103.982 4.4
    endloop
  endfacet
  facet normal 0.944744 0.327808 -1.26366e-17
    outer loop
      vertex 107.106 103.005 5
      vertex 106.767 103.982 4.4
      vertex 106.767 103.982 5
    endloop
  endfacet
  facet normal 0.944744 0.327808 -1.26366e-17
    outer loop
      vertex 106.767 103.982 4.4
      vertex 107.106 103.005 5
      vertex 107.106 103.005 4.4
    endloop
  endfacet
  facet normal 0 1 -0
    outer loop
      vertex 107.898 103.005 4.4
      vertex 107.106 103.005 5
      vertex 107.898 103.005 5
    endloop
  endfacet
  facet normal 0 1 0
    outer loop
      vertex 107.106 103.005 5
      vertex 107.898 103.005 4.4
      vertex 107.106 103.005 4.4
    endloop
  endfacet
  facet normal -0.939858 -0.341565 -2.4392e-17
    outer loop
      vertex 107.898 103.005 4.4
      vertex 106.509 106.827 5
      vertex 106.509 106.827 4.4
    endloop
  endfacet
  facet normal -0.939858 -0.341565 -2.4392e-17
    outer loop
      vertex 106.509 106.827 5
      vertex 107.898 103.005 4.4
      vertex 107.898 103.005 5
    endloop
  endfacet
  facet normal 0 -1 0
    outer loop
      vertex 105.565 106.827 4.4
      vertex 106.509 106.827 5
      vertex 105.565 106.827 5
    endloop
  endfacet
  facet normal 0 -1 -0
    outer loop
      vertex 106.509 106.827 5
      vertex 105.565 106.827 4.4
      vertex 106.509 106.827 4.4
    endloop
  endfacet
  facet normal 0.939463 -0.342651 2.1238e-17
    outer loop
      vertex 104.171 103.005 5
      vertex 105.565 106.827 4.4
      vertex 105.565 106.827 5
    endloop
  endfacet
  facet normal 0.939463 -0.342651 2.1238e-17
    outer loop
      vertex 105.565 106.827 4.4
      vertex 104.171 103.005 5
      vertex 104.171 103.005 4.4
    endloop
  endfacet
  facet normal 0 1 -0
    outer loop
      vertex 104.971 103.005 4.4
      vertex 104.171 103.005 5
      vertex 104.971 103.005 5
    endloop
  endfacet
  facet normal 0 1 0
    outer loop
      vertex 104.171 103.005 5
      vertex 104.971 103.005 4.4
      vertex 104.171 103.005 4.4
    endloop
  endfacet
  facet normal -0.944744 0.327808 1.26366e-17
    outer loop
      vertex 104.971 103.005 4.4
      vertex 105.31 103.982 5
      vertex 105.31 103.982 4.4
    endloop
  endfacet
  facet normal -0.944744 0.327808 1.26366e-17
    outer loop
      vertex 105.31 103.982 5
      vertex 104.971 103.005 4.4
      vertex 104.971 103.005 5
    endloop
  endfacet
  facet normal -0.946095 0.323888 -6.46839e-18
    outer loop
      vertex 105.489 104.584 4.4
      vertex 105.603 104.917 5
      vertex 105.603 104.917 4.4
    endloop
  endfacet
  facet normal -0.946095 0.323888 -6.46839e-18
    outer loop
      vertex 105.603 104.917 5
      vertex 105.489 104.584 4.4
      vertex 105.489 104.584 5
    endloop
  endfacet
  facet normal -0.945687 0.32508 -7.6885e-18
    outer loop
      vertex 105.603 104.917 4.4
      vertex 105.702 105.205 5
      vertex 105.702 105.205 4.4
    endloop
  endfacet
  facet normal -0.945687 0.32508 -7.6885e-18
    outer loop
      vertex 105.702 105.205 5
      vertex 105.603 104.917 4.4
      vertex 105.603 104.917 5
    endloop
  endfacet
  facet normal -0.945912 0.324424 3.20983e-18
    outer loop
      vertex 105.702 105.205 4.4
      vertex 105.785 105.447 5
      vertex 105.785 105.447 4.4
    endloop
  endfacet
  facet normal -0.945912 0.324424 3.20983e-18
    outer loop
      vertex 105.785 105.447 5
      vertex 105.702 105.205 4.4
      vertex 105.702 105.205 5
    endloop
  endfacet
  facet normal -0.947712 0.319127 -3.4625e-19
    outer loop
      vertex 105.785 105.447 4.4
      vertex 105.851 105.643 5
      vertex 105.851 105.643 4.4
    endloop
  endfacet
  facet normal -0.947712 0.319127 -3.4625e-19
    outer loop
      vertex 105.851 105.643 5
      vertex 105.785 105.447 4.4
      vertex 105.785 105.447 5
    endloop
  endfacet
  facet normal -0.946773 0.321903 -1.5183e-18
    outer loop
      vertex 105.851 105.643 4.4
      vertex 105.902 105.793 5
      vertex 105.902 105.793 4.4
    endloop
  endfacet
  facet normal -0.946773 0.321903 -1.5183e-18
    outer loop
      vertex 105.902 105.793 5
      vertex 105.851 105.643 4.4
      vertex 105.851 105.643 5
    endloop
  endfacet
  facet normal -0.948683 0.316228 -1.52554e-18
    outer loop
      vertex 105.902 105.793 4.4
      vertex 105.937 105.898 5
      vertex 105.937 105.898 4.4
    endloop
  endfacet
  facet normal -0.948683 0.316228 -1.52554e-18
    outer loop
      vertex 105.937 105.898 5
      vertex 105.902 105.793 4.4
      vertex 105.902 105.793 5
    endloop
  endfacet
  facet normal -0.950309 0.311308 -1.55264e-18
    outer loop
      vertex 105.937 105.898 4.4
      vertex 105.956 105.956 5
      vertex 105.956 105.956 4.4
    endloop
  endfacet
  facet normal -0.950309 0.311308 -1.55264e-18
    outer loop
      vertex 105.956 105.956 5
      vertex 105.937 105.898 4.4
      vertex 105.937 105.898 5
    endloop
  endfacet
  facet normal -0.961524 0.274721 -2.62111e-19
    outer loop
      vertex 105.956 105.956 4.4
      vertex 105.966 105.991 5
      vertex 105.966 105.991 4.4
    endloop
  endfacet
  facet normal -0.961524 0.274721 -2.62111e-19
    outer loop
      vertex 105.966 105.991 5
      vertex 105.956 105.956 4.4
      vertex 105.956 105.956 5
    endloop
  endfacet
  facet normal -0.959366 0.282166 -8.09275e-19
    outer loop
      vertex 105.966 105.991 4.4
      vertex 105.976 106.025 5
      vertex 105.976 106.025 4.4
    endloop
  endfacet
  facet normal -0.959366 0.282166 -8.09275e-19
    outer loop
      vertex 105.976 106.025 5
      vertex 105.966 105.991 4.4
      vertex 105.966 105.991 5
    endloop
  endfacet
  facet normal -0.957024 0.290007 -2.43157e-20
    outer loop
      vertex 105.976 106.025 4.4
      vertex 105.986 106.058 5
      vertex 105.986 106.058 4.4
    endloop
  endfacet
  facet normal -0.957024 0.290007 -2.43157e-20
    outer loop
      vertex 105.986 106.058 5
      vertex 105.976 106.025 4.4
      vertex 105.976 106.025 5
    endloop
  endfacet
  facet normal -0.962651 0.270746 2.35356e-19
    outer loop
      vertex 105.986 106.058 4.4
      vertex 105.995 106.09 5
      vertex 105.995 106.09 4.4
    endloop
  endfacet
  facet normal -0.962651 0.270746 2.35356e-19
    outer loop
      vertex 105.995 106.09 5
      vertex 105.986 106.058 4.4
      vertex 105.986 106.058 5
    endloop
  endfacet
  facet normal -0.960346 0.27881 2.99868e-19
    outer loop
      vertex 105.995 106.09 4.4
      vertex 106.004 106.121 5
      vertex 106.004 106.121 4.4
    endloop
  endfacet
  facet normal -0.960346 0.27881 2.99868e-19
    outer loop
      vertex 106.004 106.121 5
      vertex 105.995 106.09 4.4
      vertex 105.995 106.09 5
    endloop
  endfacet
  facet normal -0.955064 0.296399 -7.7297e-19
    outer loop
      vertex 106.004 106.121 4.4
      vertex 106.013 106.15 5
      vertex 106.013 106.15 4.4
    endloop
  endfacet
  facet normal -0.955064 0.296399 -7.7297e-19
    outer loop
      vertex 106.013 106.15 5
      vertex 106.004 106.121 4.4
      vertex 106.004 106.121 5
    endloop
  endfacet
  facet normal -0.963993 0.265929 6.76016e-19
    outer loop
      vertex 106.013 106.15 4.4
      vertex 106.021 106.179 5
      vertex 106.021 106.179 4.4
    endloop
  endfacet
  facet normal -0.963993 0.265929 6.76016e-19
    outer loop
      vertex 106.021 106.179 5
      vertex 106.013 106.15 4.4
      vertex 106.013 106.15 5
    endloop
  endfacet
  facet normal -0.96514 0.261733 -1.02725e-19
    outer loop
      vertex 106.021 106.179 4.4
      vertex 106.037 106.238 5
      vertex 106.037 106.238 4.4
    endloop
  endfacet
  facet normal -0.96514 0.261733 -1.02725e-19
    outer loop
      vertex 106.037 106.238 5
      vertex 106.021 106.179 4.4
      vertex 106.021 106.179 5
    endloop
  endfacet
  facet normal 0.95655 0.291569 -6.7647e-18
    outer loop
      vertex 106.094 106.051 5
      vertex 106.037 106.238 4.4
      vertex 106.037 106.238 5
    endloop
  endfacet
  facet normal 0.95655 0.291569 -6.7647e-18
    outer loop
      vertex 106.037 106.238 4.4
      vertex 106.094 106.051 5
      vertex 106.094 106.051 4.4
    endloop
  endfacet
  facet normal 0.953973 0.299894 5.77303e-18
    outer loop
      vertex 106.21 105.682 5
      vertex 106.094 106.051 4.4
      vertex 106.094 106.051 5
    endloop
  endfacet
  facet normal 0.953973 0.299894 5.77303e-18
    outer loop
      vertex 106.094 106.051 4.4
      vertex 106.21 105.682 5
      vertex 106.21 105.682 4.4
    endloop
  endfacet
  facet normal 0.945538 0.325513 1.2054e-17
    outer loop
      vertex 106.588 104.584 5
      vertex 106.21 105.682 4.4
      vertex 106.21 105.682 5
    endloop
  endfacet
  facet normal 0.945538 0.325513 1.2054e-17
    outer loop
      vertex 106.21 105.682 4.4
      vertex 106.588 104.584 5
      vertex 106.588 104.584 4.4
    endloop
  endfacet
  facet normal 0 -1 0
    outer loop
      vertex 105.489 104.584 4.4
      vertex 106.588 104.584 5
      vertex 105.489 104.584 5
    endloop
  endfacet
  facet normal 0 -1 -0
    outer loop
      vertex 106.588 104.584 5
      vertex 105.489 104.584 4.4
      vertex 106.588 104.584 4.4
    endloop
  endfacet
  facet normal 0 0 -1
    outer loop
      vertex 47.5 127.3 0
      vertex 35.5 127.3 0
      vertex 47.5 132.6 0
    endloop
  endfacet
  facet normal 0 0 -1
    outer loop
      vertex 107.5 127.3 0
      vertex 95.5 127.3 0
      vertex 107.5 132.6 0
    endloop
  endfacet
  facet normal 0 0 -1
    outer loop
      vertex 107.5 132.6 0
      vertex 121 136.6 0
      vertex 121 132.6 0
    endloop
  endfacet
  facet normal 0 0 -1
    outer loop
      vertex 95.5 132.6 0
      vertex 107.5 132.6 0
      vertex 95.5 127.3 0
    endloop
  endfacet
  facet normal 0 0 -1
    outer loop
      vertex 95.5 132.6 0
      vertex 121 136.6 0
      vertex 107.5 132.6 0
    endloop
  endfacet
  facet normal 0 0 -1
    outer loop
      vertex 47.5 132.6 0
      vertex 121 136.6 0
      vertex 95.5 132.6 0
    endloop
  endfacet
  facet normal 0 0 -1
    outer loop
      vertex 35.5 132.6 0
      vertex 47.5 132.6 0
      vertex 35.5 127.3 0
    endloop
  endfacet
  facet normal 0 0 -1
    outer loop
      vertex 1.5 136.6 0
      vertex 47.5 132.6 0
      vertex 35.5 132.6 0
    endloop
  endfacet
  facet normal 0 0 -1
    outer loop
      vertex 1.5 136.6 0
      vertex 35.5 132.6 0
      vertex 1.5 132.6 0
    endloop
  endfacet
  facet normal 0 0 -1
    outer loop
      vertex 47.5 132.6 0
      vertex 1.5 136.6 0
      vertex 121 136.6 0
    endloop
  endfacet
  facet normal 0 0 1
    outer loop
      vertex 38.6289 130.803 6
      vertex 37.7033 130.803 6
      vertex 38.6289 128.4 6
    endloop
  endfacet
  facet normal 0 0 1
    outer loop
      vertex 41.5091 128.984 6
      vertex 40.2051 128.984 6
      vertex 41.5091 128.4 6
    endloop
  endfacet
  facet normal 0 0 1
    outer loop
      vertex 121 136.6 6
      vertex 107.5 132.6 6
      vertex 121 132.6 6
    endloop
  endfacet
  facet normal 0 0 1
    outer loop
      vertex 107.5 132.6 6
      vertex 95.5 132.6 6
      vertex 107.5 127.3 6
    endloop
  endfacet
  facet normal 0 0 1
    outer loop
      vertex 121 136.6 6
      vertex 95.5 132.6 6
      vertex 107.5 132.6 6
    endloop
  endfacet
  facet normal 0 0 1
    outer loop
      vertex 121 136.6 6
      vertex 47.5 132.6 6
      vertex 95.5 132.6 6
    endloop
  endfacet
  facet normal -0 0 1
    outer loop
      vertex 45.172 130.247 6
      vertex 47.5 127.3 6
      vertex 47.5 132.6 6
    endloop
  endfacet
  facet normal 0 0 1
    outer loop
      vertex 45.1825 130.328 6
      vertex 47.5 132.6 6
      vertex 45.186 130.412 6
    endloop
  endfacet
  facet normal 0 0 1
    outer loop
      vertex 47.5 132.6 6
      vertex 45.1803 130.526 6
      vertex 45.186 130.412 6
    endloop
  endfacet
  facet normal 0 0 1
    outer loop
      vertex 47.5 132.6 6
      vertex 45.1632 130.633 6
      vertex 45.1803 130.526 6
    endloop
  endfacet
  facet normal 0 0 1
    outer loop
      vertex 47.5 132.6 6
      vertex 45.1348 130.731 6
      vertex 45.1632 130.633 6
    endloop
  endfacet
  facet normal 0 0 1
    outer loop
      vertex 47.5 132.6 6
      vertex 45.095 130.822 6
      vertex 45.1348 130.731 6
    endloop
  endfacet
  facet normal 0 0 1
    outer loop
      vertex 47.5 132.6 6
      vertex 45.0438 130.904 6
      vertex 45.095 130.822 6
    endloop
  endfacet
  facet normal 0 0 1
    outer loop
      vertex 47.5 132.6 6
      vertex 44.9812 130.979 6
      vertex 45.0438 130.904 6
    endloop
  endfacet
  facet normal 0 0 1
    outer loop
      vertex 47.5 132.6 6
      vertex 44.9073 131.046 6
      vertex 44.9812 130.979 6
    endloop
  endfacet
  facet normal 0 0 1
    outer loop
      vertex 47.5 132.6 6
      vertex 44.8229 131.105 6
      vertex 44.9073 131.046 6
    endloop
  endfacet
  facet normal 0 0 1
    outer loop
      vertex 47.5 132.6 6
      vertex 44.7289 131.154 6
      vertex 44.8229 131.105 6
    endloop
  endfacet
  facet normal 0 0 1
    outer loop
      vertex 47.5 132.6 6
      vertex 44.6254 131.195 6
      vertex 44.7289 131.154 6
    endloop
  endfacet
  facet normal 0 0 1
    outer loop
      vertex 47.5 132.6 6
      vertex 44.5123 131.226 6
      vertex 44.6254 131.195 6
    endloop
  endfacet
  facet normal 0 0 1
    outer loop
      vertex 47.5 132.6 6
      vertex 44.3897 131.249 6
      vertex 44.5123 131.226 6
    endloop
  endfacet
  facet normal 0 0 1
    outer loop
      vertex 47.5 132.6 6
      vertex 44.2576 131.262 6
      vertex 44.3897 131.249 6
    endloop
  endfacet
  facet normal 0 0 1
    outer loop
      vertex 47.5 132.6 6
      vertex 44.1159 131.267 6
      vertex 44.2576 131.262 6
    endloop
  endfacet
  facet normal 0 0 1
    outer loop
      vertex 47.5 132.6 6
      vertex 42.6837 131.267 6
      vertex 44.1159 131.267 6
    endloop
  endfacet
  facet normal 0 0 1
    outer loop
      vertex 42.6837 131.267 6
      vertex 42.4368 129.409 6
      vertex 42.6837 128.4 6
    endloop
  endfacet
  facet normal 0 0 1
    outer loop
      vertex 42.6837 131.267 6
      vertex 42.0543 131.267 6
      vertex 42.4368 129.409 6
    endloop
  endfacet
  facet normal 0 0 1
    outer loop
      vertex 47.5 132.6 6
      vertex 42.0543 131.267 6
      vertex 42.6837 131.267 6
    endloop
  endfacet
  facet normal 0 0 1
    outer loop
      vertex 47.5 132.6 6
      vertex 41.4156 131.267 6
      vertex 42.0543 131.267 6
    endloop
  endfacet
  facet normal 0 0 1
    outer loop
      vertex 41.4156 131.267 6
      vertex 40.1568 130.803 6
      vertex 40.2051 129.413 6
    endloop
  endfacet
  facet normal 0 0 1
    outer loop
      vertex 40.1568 130.803 6
      vertex 41.4156 131.267 6
      vertex 40.1568 131.267 6
    endloop
  endfacet
  facet normal -0 0 1
    outer loop
      vertex 35.5 132.6 6
      vertex 41.4156 131.267 6
      vertex 47.5 132.6 6
    endloop
  endfacet
  facet normal 0 0 1
    outer loop
      vertex 41.4156 131.267 6
      vertex 35.5 132.6 6
      vertex 40.1568 131.267 6
    endloop
  endfacet
  facet normal 0 0 1
    outer loop
      vertex 37.7033 131.267 6
      vertex 35.5 132.6 6
      vertex 37.7033 130.803 6
    endloop
  endfacet
  facet normal 0 0 1
    outer loop
      vertex 40.1568 131.267 6
      vertex 35.5 132.6 6
      vertex 37.7033 131.267 6
    endloop
  endfacet
  facet normal -0 0 1
    outer loop
      vertex 1.5 136.6 6
      vertex 47.5 132.6 6
      vertex 121 136.6 6
    endloop
  endfacet
  facet normal 0 0 1
    outer loop
      vertex 47.5 132.6 6
      vertex 1.5 136.6 6
      vertex 35.5 132.6 6
    endloop
  endfacet
  facet normal 0 0 1
    outer loop
      vertex 35.5 132.6 6
      vertex 1.5 136.6 6
      vertex 1.5 132.6 6
    endloop
  endfacet
  facet normal 0 0 1
    outer loop
      vertex 107.5 127.3 6
      vertex 95.5 132.6 6
      vertex 95.5 127.3 6
    endloop
  endfacet
  facet normal -0 0 1
    outer loop
      vertex 44.653 128.4 6
      vertex 47.5 127.3 6
      vertex 45.3284 128.4 6
    endloop
  endfacet
  facet normal 0 0 1
    outer loop
      vertex 43.2838 128.4 6
      vertex 43.9877 129.489 6
      vertex 43.2838 129.489 6
    endloop
  endfacet
  facet normal 0 0 1
    outer loop
      vertex 43.9877 129.489 6
      vertex 43.2838 128.4 6
      vertex 44.653 128.4 6
    endloop
  endfacet
  facet normal -0 0 1
    outer loop
      vertex 43.2838 128.4 6
      vertex 47.5 127.3 6
      vertex 44.653 128.4 6
    endloop
  endfacet
  facet normal -0 0 1
    outer loop
      vertex 42.6837 128.4 6
      vertex 47.5 127.3 6
      vertex 43.2838 128.4 6
    endloop
  endfacet
  facet normal -0 0 1
    outer loop
      vertex 42.4368 128.984 6
      vertex 42.6837 128.4 6
      vertex 42.4368 129.409 6
    endloop
  endfacet
  facet normal 0 0 1
    outer loop
      vertex 42.0543 128.4 6
      vertex 42.4368 128.984 6
      vertex 42.0543 128.984 6
    endloop
  endfacet
  facet normal 0 0 1
    outer loop
      vertex 42.4368 128.984 6
      vertex 42.0543 128.4 6
      vertex 42.6837 128.4 6
    endloop
  endfacet
  facet normal -0 0 1
    outer loop
      vertex 42.0543 128.4 6
      vertex 47.5 127.3 6
      vertex 42.6837 128.4 6
    endloop
  endfacet
  facet normal -0 0 1
    outer loop
      vertex 41.5091 128.4 6
      vertex 47.5 127.3 6
      vertex 42.0543 128.4 6
    endloop
  endfacet
  facet normal -0 0 1
    outer loop
      vertex 39.2291 130.803 6
      vertex 40.2051 129.413 6
      vertex 40.1568 130.803 6
    endloop
  endfacet
  facet normal 0 0 1
    outer loop
      vertex 39.2291 128.4 6
      vertex 40.2051 129.413 6
      vertex 39.2291 130.803 6
    endloop
  endfacet
  facet normal 0 0 1
    outer loop
      vertex 40.2051 129.413 6
      vertex 39.2291 128.4 6
      vertex 40.2051 128.984 6
    endloop
  endfacet
  facet normal 0 0 1
    outer loop
      vertex 39.2291 128.4 6
      vertex 41.5091 128.4 6
      vertex 40.2051 128.984 6
    endloop
  endfacet
  facet normal 0 0 1
    outer loop
      vertex 35.5 127.3 6
      vertex 41.5091 128.4 6
      vertex 39.2291 128.4 6
    endloop
  endfacet
  facet normal 0 0 1
    outer loop
      vertex 35.5 127.3 6
      vertex 39.2291 128.4 6
      vertex 38.6289 128.4 6
    endloop
  endfacet
  facet normal 0 0 1
    outer loop
      vertex 35.5 127.3 6
      vertex 37.7033 130.803 6
      vertex 35.5 132.6 6
    endloop
  endfacet
  facet normal 0 0 1
    outer loop
      vertex 41.5091 128.4 6
      vertex 35.5 127.3 6
      vertex 47.5 127.3 6
    endloop
  endfacet
  facet normal 0 0 1
    outer loop
      vertex 37.7033 130.803 6
      vertex 35.5 127.3 6
      vertex 38.6289 128.4 6
    endloop
  endfacet
  facet normal 0 0 1
    outer loop
      vertex 45.172 130.247 6
      vertex 47.5 132.6 6
      vertex 45.1825 130.328 6
    endloop
  endfacet
  facet normal -0 0 1
    outer loop
      vertex 45.1546 130.169 6
      vertex 47.5 127.3 6
      vertex 45.172 130.247 6
    endloop
  endfacet
  facet normal 0 0 1
    outer loop
      vertex 47.5 127.3 6
      vertex 45.1546 130.169 6
      vertex 45.3284 128.4 6
    endloop
  endfacet
  facet normal -0 0 1
    outer loop
      vertex 45.1302 130.095 6
      vertex 45.3284 128.4 6
      vertex 45.1546 130.169 6
    endloop
  endfacet
  facet normal -0 0 1
    outer loop
      vertex 45.0988 130.024 6
      vertex 45.3284 128.4 6
      vertex 45.1302 130.095 6
    endloop
  endfacet
  facet normal -0 0 1
    outer loop
      vertex 45.0604 129.957 6
      vertex 45.3284 128.4 6
      vertex 45.0988 130.024 6
    endloop
  endfacet
  facet normal -0 0 1
    outer loop
      vertex 45.0151 129.893 6
      vertex 45.3284 128.4 6
      vertex 45.0604 129.957 6
    endloop
  endfacet
  facet normal -0 0 1
    outer loop
      vertex 44.9638 129.833 6
      vertex 45.3284 128.4 6
      vertex 45.0151 129.893 6
    endloop
  endfacet
  facet normal -0 0 1
    outer loop
      vertex 44.9076 129.78 6
      vertex 45.3284 128.4 6
      vertex 44.9638 129.833 6
    endloop
  endfacet
  facet normal -0 0 1
    outer loop
      vertex 44.8466 129.733 6
      vertex 45.3284 128.4 6
      vertex 44.9076 129.78 6
    endloop
  endfacet
  facet normal -0 0 1
    outer loop
      vertex 44.7806 129.691 6
      vertex 45.3284 128.4 6
      vertex 44.8466 129.733 6
    endloop
  endfacet
  facet normal -0 0 1
    outer loop
      vertex 44.7097 129.656 6
      vertex 45.3284 128.4 6
      vertex 44.7806 129.691 6
    endloop
  endfacet
  facet normal -0 0 1
    outer loop
      vertex 44.634 129.627 6
      vertex 45.3284 128.4 6
      vertex 44.7097 129.656 6
    endloop
  endfacet
  facet normal 0 0 1
    outer loop
      vertex 45.3284 128.4 6
      vertex 44.634 129.627 6
      vertex 44.5533 129.605 6
    endloop
  endfacet
  facet normal 0 0 1
    outer loop
      vertex 42.4368 129.409 6
      vertex 42.0543 131.267 6
      vertex 42.0543 129.409 6
    endloop
  endfacet
  facet normal 0 0 1
    outer loop
      vertex 41.5106 130.715 6
      vertex 41.5262 130.738 6
      vertex 41.5274 130.75 6
    endloop
  endfacet
  facet normal 0 0 1
    outer loop
      vertex 41.5106 130.715 6
      vertex 41.5248 130.722 6
      vertex 41.5262 130.738 6
    endloop
  endfacet
  facet normal -0 0 1
    outer loop
      vertex 41.5106 130.715 6
      vertex 41.5234 130.702 6
      vertex 41.5248 130.722 6
    endloop
  endfacet
  facet normal 0 0 1
    outer loop
      vertex 41.4902 130.677 6
      vertex 41.5234 130.702 6
      vertex 41.5106 130.715 6
    endloop
  endfacet
  facet normal 0 0 1
    outer loop
      vertex 41.5234 130.702 6
      vertex 41.4902 130.677 6
      vertex 41.5218 130.678 6
    endloop
  endfacet
  facet normal 0 0 1
    outer loop
      vertex 41.5218 130.678 6
      vertex 41.4902 130.677 6
      vertex 41.5201 130.651 6
    endloop
  endfacet
  facet normal 0 0 1
    outer loop
      vertex 41.4664 130.634 6
      vertex 41.5201 130.651 6
      vertex 41.4902 130.677 6
    endloop
  endfacet
  facet normal 0 0 1
    outer loop
      vertex 41.5201 130.651 6
      vertex 41.4664 130.634 6
      vertex 41.5182 130.62 6
    endloop
  endfacet
  facet normal 0 0 1
    outer loop
      vertex 41.5182 130.62 6
      vertex 41.4664 130.634 6
      vertex 41.5162 130.585 6
    endloop
  endfacet
  facet normal -0 0 1
    outer loop
      vertex 41.4391 130.587 6
      vertex 41.5162 130.585 6
      vertex 41.4664 130.634 6
    endloop
  endfacet
  facet normal 0 0 1
    outer loop
      vertex 41.5162 130.585 6
      vertex 41.4391 130.587 6
      vertex 41.5143 130.549 6
    endloop
  endfacet
  facet normal 0 0 1
    outer loop
      vertex 41.4083 130.535 6
      vertex 41.5143 130.549 6
      vertex 41.4391 130.587 6
    endloop
  endfacet
  facet normal 0 0 1
    outer loop
      vertex 41.5143 130.549 6
      vertex 41.4083 130.535 6
      vertex 41.5127 130.513 6
    endloop
  endfacet
  facet normal 0 0 1
    outer loop
      vertex 41.5127 130.513 6
      vertex 41.4083 130.535 6
      vertex 41.5114 130.479 6
    endloop
  endfacet
  facet normal -0 0 1
    outer loop
      vertex 41.374 130.48 6
      vertex 41.5114 130.479 6
      vertex 41.4083 130.535 6
    endloop
  endfacet
  facet normal 0 0 1
    outer loop
      vertex 41.5114 130.479 6
      vertex 41.374 130.48 6
      vertex 41.5104 130.445 6
    endloop
  endfacet
  facet normal 0 0 1
    outer loop
      vertex 41.5104 130.445 6
      vertex 41.374 130.48 6
      vertex 41.5097 130.411 6
    endloop
  endfacet
  facet normal -0 0 1
    outer loop
      vertex 41.3362 130.42 6
      vertex 41.5097 130.411 6
      vertex 41.374 130.48 6
    endloop
  endfacet
  facet normal 0 0 1
    outer loop
      vertex 41.5097 130.411 6
      vertex 41.3362 130.42 6
      vertex 41.5092 130.379 6
    endloop
  endfacet
  facet normal 0 0 1
    outer loop
      vertex 41.5092 130.379 6
      vertex 41.3362 130.42 6
      vertex 41.5091 130.347 6
    endloop
  endfacet
  facet normal 0 0 1
    outer loop
      vertex 41.5091 130.347 6
      vertex 41.3362 130.42 6
      vertex 41.5091 129.409 6
    endloop
  endfacet
  facet normal 0 0 1
    outer loop
      vertex 41.5091 129.409 6
      vertex 41.3362 130.42 6
      vertex 40.671 129.409 6
    endloop
  endfacet
  facet normal 0 0 1
    outer loop
      vertex 44.2629 129.975 6
      vertex 44.5791 130.331 6
      vertex 44.5818 130.388 6
    endloop
  endfacet
  facet normal 0 0 1
    outer loop
      vertex 44.3119 130.767 6
      vertex 44.5818 130.388 6
      vertex 44.571 130.497 6
    endloop
  endfacet
  facet normal 0 0 1
    outer loop
      vertex 44.2629 129.975 6
      vertex 44.5818 130.388 6
      vertex 44.3119 130.767 6
    endloop
  endfacet
  facet normal 0 0 1
    outer loop
      vertex 44.5791 130.331 6
      vertex 44.3175 129.992 6
      vertex 44.5711 130.278 6
    endloop
  endfacet
  facet normal 0 0 1
    outer loop
      vertex 44.409 130.725 6
      vertex 44.571 130.497 6
      vertex 44.5386 130.59 6
    endloop
  endfacet
  facet normal 0 -0 1
    outer loop
      vertex 44.3672 130.013 6
      vertex 44.5711 130.278 6
      vertex 44.3175 129.992 6
    endloop
  endfacet
  facet normal 0 0 1
    outer loop
      vertex 44.5711 130.278 6
      vertex 44.3672 130.013 6
      vertex 44.5578 130.229 6
    endloop
  endfacet
  facet normal 0 0 1
    outer loop
      vertex 44.409 130.725 6
      vertex 44.5386 130.59 6
      vertex 44.4846 130.666 6
    endloop
  endfacet
  facet normal 0 0 1
    outer loop
      vertex 44.571 130.497 6
      vertex 44.409 130.725 6
      vertex 44.3119 130.767 6
    endloop
  endfacet
  facet normal 0 0 1
    outer loop
      vertex 44.5392 130.183 6
      vertex 44.3672 130.013 6
      vertex 44.5153 130.141 6
    endloop
  endfacet
  facet normal 0 0 1
    outer loop
      vertex 44.5153 130.141 6
      vertex 44.3672 130.013 6
      vertex 44.4861 130.103 6
    endloop
  endfacet
  facet normal 0 0 1
    outer loop
      vertex 44.4861 130.103 6
      vertex 44.4119 130.038 6
      vertex 44.4516 130.068 6
    endloop
  endfacet
  facet normal 0 0 1
    outer loop
      vertex 44.4861 130.103 6
      vertex 44.3672 130.013 6
      vertex 44.4119 130.038 6
    endloop
  endfacet
  facet normal 0 0 1
    outer loop
      vertex 44.5578 130.229 6
      vertex 44.3672 130.013 6
      vertex 44.5392 130.183 6
    endloop
  endfacet
  facet normal 0 0 1
    outer loop
      vertex 44.5791 130.331 6
      vertex 44.2629 129.975 6
      vertex 44.3175 129.992 6
    endloop
  endfacet
  facet normal 0 0 1
    outer loop
      vertex 44.1932 130.792 6
      vertex 44.2629 129.975 6
      vertex 44.3119 130.767 6
    endloop
  endfacet
  facet normal 0 0 1
    outer loop
      vertex 44.2629 129.975 6
      vertex 44.1932 130.792 6
      vertex 44.2033 129.964 6
    endloop
  endfacet
  facet normal 0 0 1
    outer loop
      vertex 44.1932 130.792 6
      vertex 44.1387 129.957 6
      vertex 44.2033 129.964 6
    endloop
  endfacet
  facet normal 0 0 1
    outer loop
      vertex 44.0528 130.801 6
      vertex 44.1387 129.957 6
      vertex 44.1932 130.792 6
    endloop
  endfacet
  facet normal 0 0 1
    outer loop
      vertex 44.1387 129.957 6
      vertex 44.0528 130.801 6
      vertex 44.0691 129.955 6
    endloop
  endfacet
  facet normal 0 0 1
    outer loop
      vertex 43.2838 129.955 6
      vertex 44.0528 130.801 6
      vertex 43.2838 130.801 6
    endloop
  endfacet
  facet normal 0 0 1
    outer loop
      vertex 44.0528 130.801 6
      vertex 43.2838 129.955 6
      vertex 44.0691 129.955 6
    endloop
  endfacet
  facet normal 0 -1 0
    outer loop
      vertex 47.5 132.6 0
      vertex 95.5 132.6 6
      vertex 47.5 132.6 6
    endloop
  endfacet
  facet normal 0 -1 -0
    outer loop
      vertex 95.5 132.6 6
      vertex 47.5 132.6 0
      vertex 95.5 132.6 0
    endloop
  endfacet
  facet normal -1 0 0
    outer loop
      vertex 95.5 127.3 0
      vertex 95.5 132.6 6
      vertex 95.5 132.6 0
    endloop
  endfacet
  facet normal -1 -0 0
    outer loop
      vertex 95.5 132.6 6
      vertex 95.5 127.3 0
      vertex 95.5 127.3 6
    endloop
  endfacet
  facet normal 0 -1 0
    outer loop
      vertex 95.5 127.3 0
      vertex 107.5 127.3 6
      vertex 95.5 127.3 6
    endloop
  endfacet
  facet normal 0 -1 -0
    outer loop
      vertex 107.5 127.3 6
      vertex 95.5 127.3 0
      vertex 107.5 127.3 0
    endloop
  endfacet
  facet normal 1 -0 0
    outer loop
      vertex 107.5 127.3 6
      vertex 107.5 132.6 0
      vertex 107.5 132.6 6
    endloop
  endfacet
  facet normal 1 0 0
    outer loop
      vertex 107.5 132.6 0
      vertex 107.5 127.3 6
      vertex 107.5 127.3 0
    endloop
  endfacet
  facet normal 0 -1 0
    outer loop
      vertex 107.5 132.6 0
      vertex 121 132.6 6
      vertex 107.5 132.6 6
    endloop
  endfacet
  facet normal 0 -1 -0
    outer loop
      vertex 121 132.6 6
      vertex 107.5 132.6 0
      vertex 121 132.6 0
    endloop
  endfacet
  facet normal 1 -0 0
    outer loop
      vertex 121 132.6 6
      vertex 121 136.6 0
      vertex 121 136.6 6
    endloop
  endfacet
  facet normal 1 0 0
    outer loop
      vertex 121 136.6 0
      vertex 121 132.6 6
      vertex 121 132.6 0
    endloop
  endfacet
  facet normal 0 1 -0
    outer loop
      vertex 121 136.6 0
      vertex 1.5 136.6 6
      vertex 121 136.6 6
    endloop
  endfacet
  facet normal 0 1 0
    outer loop
      vertex 1.5 136.6 6
      vertex 121 136.6 0
      vertex 1.5 136.6 0
    endloop
  endfacet
  facet normal -1 0 0
    outer loop
      vertex 1.5 132.6 0
      vertex 1.5 136.6 6
      vertex 1.5 136.6 0
    endloop
  endfacet
  facet normal -1 -0 0
    outer loop
      vertex 1.5 136.6 6
      vertex 1.5 132.6 0
      vertex 1.5 132.6 6
    endloop
  endfacet
  facet normal 0 -1 0
    outer loop
      vertex 1.5 132.6 0
      vertex 35.5 132.6 6
      vertex 1.5 132.6 6
    endloop
  endfacet
  facet normal 0 -1 -0
    outer loop
      vertex 35.5 132.6 6
      vertex 1.5 132.6 0
      vertex 35.5 132.6 0
    endloop
  endfacet
  facet normal -1 0 0
    outer loop
      vertex 35.5 127.3 0
      vertex 35.5 132.6 6
      vertex 35.5 132.6 0
    endloop
  endfacet
  facet normal -1 -0 0
    outer loop
      vertex 35.5 132.6 6
      vertex 35.5 127.3 0
      vertex 35.5 127.3 6
    endloop
  endfacet
  facet normal 0 -1 0
    outer loop
      vertex 35.5 127.3 0
      vertex 47.5 127.3 6
      vertex 35.5 127.3 6
    endloop
  endfacet
  facet normal 0 -1 -0
    outer loop
      vertex 47.5 127.3 6
      vertex 35.5 127.3 0
      vertex 47.5 127.3 0
    endloop
  endfacet
  facet normal 1 -0 0
    outer loop
      vertex 47.5 127.3 6
      vertex 47.5 132.6 0
      vertex 47.5 132.6 6
    endloop
  endfacet
  facet normal 1 0 0
    outer loop
      vertex 47.5 132.6 0
      vertex 47.5 127.3 6
      vertex 47.5 127.3 0
    endloop
  endfacet
  facet normal 0 0 1
    outer loop
      vertex 40.1568 131.267 5.4
      vertex 39.2291 130.803 5.4
      vertex 40.1568 130.803 5.4
    endloop
  endfacet
  facet normal 0 0 1
    outer loop
      vertex 39.2291 130.803 5.4
      vertex 38.6289 130.803 5.4
      vertex 39.2291 128.4 5.4
    endloop
  endfacet
  facet normal 0 0 1
    outer loop
      vertex 40.1568 131.267 5.4
      vertex 38.6289 130.803 5.4
      vertex 39.2291 130.803 5.4
    endloop
  endfacet
  facet normal -0 0 1
    outer loop
      vertex 37.7033 131.267 5.4
      vertex 38.6289 130.803 5.4
      vertex 40.1568 131.267 5.4
    endloop
  endfacet
  facet normal 0 0 1
    outer loop
      vertex 38.6289 130.803 5.4
      vertex 37.7033 131.267 5.4
      vertex 37.7033 130.803 5.4
    endloop
  endfacet
  facet normal 0 0 1
    outer loop
      vertex 39.2291 128.4 5.4
      vertex 38.6289 130.803 5.4
      vertex 38.6289 128.4 5.4
    endloop
  endfacet
  facet normal -0 0 1
    outer loop
      vertex 40.671 129.409 5.4
      vertex 41.5091 128.984 5.4
      vertex 41.5091 129.409 5.4
    endloop
  endfacet
  facet normal 0 0 1
    outer loop
      vertex 40.2051 128.984 5.4
      vertex 40.671 129.409 5.4
      vertex 40.2051 129.413 5.4
    endloop
  endfacet
  facet normal 0 0 1
    outer loop
      vertex 40.671 129.409 5.4
      vertex 40.2051 128.984 5.4
      vertex 41.5091 128.984 5.4
    endloop
  endfacet
  facet normal -0 0 1
    outer loop
      vertex 41.5091 130.347 5.4
      vertex 42.0543 129.409 5.4
      vertex 42.0543 131.267 5.4
    endloop
  endfacet
  facet normal 0 0 1
    outer loop
      vertex 41.5091 129.409 5.4
      vertex 42.0543 129.409 5.4
      vertex 41.5091 130.347 5.4
    endloop
  endfacet
  facet normal 0 0 1
    outer loop
      vertex 41.5248 130.722 5.4
      vertex 42.0543 131.267 5.4
      vertex 41.5274 130.75 5.4
    endloop
  endfacet
  facet normal 0 0 1
    outer loop
      vertex 41.4156 131.267 5.4
      vertex 41.5106 130.715 5.4
      vertex 41.5274 130.75 5.4
    endloop
  endfacet
  facet normal 0 0 1
    outer loop
      vertex 41.5106 130.715 5.4
      vertex 41.4156 131.267 5.4
      vertex 41.4902 130.677 5.4
    endloop
  endfacet
  facet normal 0 0 1
    outer loop
      vertex 41.4902 130.677 5.4
      vertex 41.4156 131.267 5.4
      vertex 41.4664 130.634 5.4
    endloop
  endfacet
  facet normal -0 0 1
    outer loop
      vertex 41.4156 131.267 5.4
      vertex 41.5274 130.75 5.4
      vertex 42.0543 131.267 5.4
    endloop
  endfacet
  facet normal 0 0 1
    outer loop
      vertex 41.4664 130.634 5.4
      vertex 41.4156 131.267 5.4
      vertex 41.4391 130.587 5.4
    endloop
  endfacet
  facet normal 0 0 1
    outer loop
      vertex 41.4156 131.267 5.4
      vertex 41.4083 130.535 5.4
      vertex 41.4391 130.587 5.4
    endloop
  endfacet
  facet normal 0 0 1
    outer loop
      vertex 41.4156 131.267 5.4
      vertex 41.374 130.48 5.4
      vertex 41.4083 130.535 5.4
    endloop
  endfacet
  facet normal 0 0 1
    outer loop
      vertex 41.4156 131.267 5.4
      vertex 41.3362 130.42 5.4
      vertex 41.374 130.48 5.4
    endloop
  endfacet
  facet normal 0 0 1
    outer loop
      vertex 40.2051 129.413 5.4
      vertex 41.3362 130.42 5.4
      vertex 41.4156 131.267 5.4
    endloop
  endfacet
  facet normal 0 0 1
    outer loop
      vertex 41.3362 130.42 5.4
      vertex 40.2051 129.413 5.4
      vertex 40.671 129.409 5.4
    endloop
  endfacet
  facet normal -0 0 1
    outer loop
      vertex 42.0543 129.409 5.4
      vertex 42.4368 128.984 5.4
      vertex 42.4368 129.409 5.4
    endloop
  endfacet
  facet normal 0 0 1
    outer loop
      vertex 42.4368 128.984 5.4
      vertex 42.0543 129.409 5.4
      vertex 42.0543 128.984 5.4
    endloop
  endfacet
  facet normal 0 0 1
    outer loop
      vertex 41.5248 130.722 5.4
      vertex 41.5274 130.75 5.4
      vertex 41.5262 130.738 5.4
    endloop
  endfacet
  facet normal 0 0 1
    outer loop
      vertex 42.0543 131.267 5.4
      vertex 41.5248 130.722 5.4
      vertex 41.5234 130.702 5.4
    endloop
  endfacet
  facet normal 0 0 1
    outer loop
      vertex 41.5218 130.678 5.4
      vertex 42.0543 131.267 5.4
      vertex 41.5234 130.702 5.4
    endloop
  endfacet
  facet normal 0 0 1
    outer loop
      vertex 41.5201 130.651 5.4
      vertex 42.0543 131.267 5.4
      vertex 41.5218 130.678 5.4
    endloop
  endfacet
  facet normal 0 0 1
    outer loop
      vertex 41.5182 130.62 5.4
      vertex 42.0543 131.267 5.4
      vertex 41.5201 130.651 5.4
    endloop
  endfacet
  facet normal 0 0 1
    outer loop
      vertex 41.5162 130.585 5.4
      vertex 42.0543 131.267 5.4
      vertex 41.5182 130.62 5.4
    endloop
  endfacet
  facet normal 0 0 1
    outer loop
      vertex 41.5143 130.549 5.4
      vertex 42.0543 131.267 5.4
      vertex 41.5162 130.585 5.4
    endloop
  endfacet
  facet normal 0 0 1
    outer loop
      vertex 41.5127 130.513 5.4
      vertex 42.0543 131.267 5.4
      vertex 41.5143 130.549 5.4
    endloop
  endfacet
  facet normal 0 0 1
    outer loop
      vertex 41.5114 130.479 5.4
      vertex 42.0543 131.267 5.4
      vertex 41.5127 130.513 5.4
    endloop
  endfacet
  facet normal 0 0 1
    outer loop
      vertex 41.5104 130.445 5.4
      vertex 42.0543 131.267 5.4
      vertex 41.5114 130.479 5.4
    endloop
  endfacet
  facet normal 0 0 1
    outer loop
      vertex 41.5097 130.411 5.4
      vertex 42.0543 131.267 5.4
      vertex 41.5104 130.445 5.4
    endloop
  endfacet
  facet normal 0 0 1
    outer loop
      vertex 41.5092 130.379 5.4
      vertex 42.0543 131.267 5.4
      vertex 41.5097 130.411 5.4
    endloop
  endfacet
  facet normal 0 0 1
    outer loop
      vertex 41.5091 130.347 5.4
      vertex 42.0543 131.267 5.4
      vertex 41.5092 130.379 5.4
    endloop
  endfacet
  facet normal 0 0 1
    outer loop
      vertex 42.0543 129.409 5.4
      vertex 41.5091 129.409 5.4
      vertex 42.0543 128.984 5.4
    endloop
  endfacet
  facet normal 0 0 1
    outer loop
      vertex 41.5091 128.984 5.4
      vertex 42.0543 128.984 5.4
      vertex 41.5091 129.409 5.4
    endloop
  endfacet
  facet normal 0 0 1
    outer loop
      vertex 42.0543 128.984 5.4
      vertex 41.5091 128.984 5.4
      vertex 42.0543 128.4 5.4
    endloop
  endfacet
  facet normal 0 0 1
    outer loop
      vertex 42.0543 128.4 5.4
      vertex 41.5091 128.984 5.4
      vertex 41.5091 128.4 5.4
    endloop
  endfacet
  facet normal 0 0 1
    outer loop
      vertex 45.1803 130.526 5.4
      vertex 44.571 130.497 5.4
      vertex 44.5818 130.388 5.4
    endloop
  endfacet
  facet normal 0 0 1
    outer loop
      vertex 44.7289 131.154 5.4
      vertex 44.5386 130.59 5.4
      vertex 44.571 130.497 5.4
    endloop
  endfacet
  facet normal 0 0 1
    outer loop
      vertex 44.409 130.725 5.4
      vertex 44.6254 131.195 5.4
      vertex 44.5123 131.226 5.4
    endloop
  endfacet
  facet normal 0 0 1
    outer loop
      vertex 44.7289 131.154 5.4
      vertex 44.4846 130.666 5.4
      vertex 44.5386 130.59 5.4
    endloop
  endfacet
  facet normal 0 0 1
    outer loop
      vertex 44.7289 131.154 5.4
      vertex 44.409 130.725 5.4
      vertex 44.4846 130.666 5.4
    endloop
  endfacet
  facet normal 0 0 1
    outer loop
      vertex 44.3119 130.767 5.4
      vertex 44.5123 131.226 5.4
      vertex 44.3897 131.249 5.4
    endloop
  endfacet
  facet normal 0 0 1
    outer loop
      vertex 44.5123 131.226 5.4
      vertex 44.3119 130.767 5.4
      vertex 44.409 130.725 5.4
    endloop
  endfacet
  facet normal 0 0 1
    outer loop
      vertex 44.1932 130.792 5.4
      vertex 44.3897 131.249 5.4
      vertex 44.2576 131.262 5.4
    endloop
  endfacet
  facet normal 0 0 1
    outer loop
      vertex 44.3897 131.249 5.4
      vertex 44.1932 130.792 5.4
      vertex 44.3119 130.767 5.4
    endloop
  endfacet
  facet normal 0 0 1
    outer loop
      vertex 44.1159 131.267 5.4
      vertex 44.1932 130.792 5.4
      vertex 44.2576 131.262 5.4
    endloop
  endfacet
  facet normal 0 0 1
    outer loop
      vertex 44.1159 131.267 5.4
      vertex 44.0528 130.801 5.4
      vertex 44.1932 130.792 5.4
    endloop
  endfacet
  facet normal 0 0 1
    outer loop
      vertex 44.1159 131.267 5.4
      vertex 43.2838 130.801 5.4
      vertex 44.0528 130.801 5.4
    endloop
  endfacet
  facet normal 0 0 1
    outer loop
      vertex 42.6837 131.267 5.4
      vertex 43.2838 129.955 5.4
      vertex 43.2838 130.801 5.4
    endloop
  endfacet
  facet normal 0 0 1
    outer loop
      vertex 42.6837 128.4 5.4
      vertex 43.2838 129.955 5.4
      vertex 42.6837 131.267 5.4
    endloop
  endfacet
  facet normal -0 0 1
    outer loop
      vertex 42.6837 131.267 5.4
      vertex 43.2838 130.801 5.4
      vertex 44.1159 131.267 5.4
    endloop
  endfacet
  facet normal 0 0 1
    outer loop
      vertex 43.2838 129.955 5.4
      vertex 42.6837 128.4 5.4
      vertex 43.2838 129.489 5.4
    endloop
  endfacet
  facet normal 0 0 1
    outer loop
      vertex 43.2838 129.489 5.4
      vertex 42.6837 128.4 5.4
      vertex 43.2838 128.4 5.4
    endloop
  endfacet
  facet normal 0 0 1
    outer loop
      vertex 44.5818 130.388 5.4
      vertex 45.186 130.412 5.4
      vertex 45.1803 130.526 5.4
    endloop
  endfacet
  facet normal 0 0 1
    outer loop
      vertex 45.186 130.412 5.4
      vertex 44.5818 130.388 5.4
      vertex 45.1825 130.328 5.4
    endloop
  endfacet
  facet normal 0 0 1
    outer loop
      vertex 44.571 130.497 5.4
      vertex 45.1803 130.526 5.4
      vertex 45.1632 130.633 5.4
    endloop
  endfacet
  facet normal -0 0 1
    outer loop
      vertex 44.5791 130.331 5.4
      vertex 45.1825 130.328 5.4
      vertex 44.5818 130.388 5.4
    endloop
  endfacet
  facet normal 0 0 1
    outer loop
      vertex 44.571 130.497 5.4
      vertex 45.1632 130.633 5.4
      vertex 45.1348 130.731 5.4
    endloop
  endfacet
  facet normal 0 0 1
    outer loop
      vertex 45.1825 130.328 5.4
      vertex 44.5791 130.331 5.4
      vertex 45.172 130.247 5.4
    endloop
  endfacet
  facet normal 0 0 1
    outer loop
      vertex 45.172 130.247 5.4
      vertex 44.5791 130.331 5.4
      vertex 45.1546 130.169 5.4
    endloop
  endfacet
  facet normal 0 0 1
    outer loop
      vertex 44.571 130.497 5.4
      vertex 45.1348 130.731 5.4
      vertex 45.095 130.822 5.4
    endloop
  endfacet
  facet normal -0 0 1
    outer loop
      vertex 44.5711 130.278 5.4
      vertex 45.1546 130.169 5.4
      vertex 44.5791 130.331 5.4
    endloop
  endfacet
  facet normal 0 0 1
    outer loop
      vertex 44.571 130.497 5.4
      vertex 45.095 130.822 5.4
      vertex 45.0438 130.904 5.4
    endloop
  endfacet
  facet normal 0 0 1
    outer loop
      vertex 45.1546 130.169 5.4
      vertex 44.5711 130.278 5.4
      vertex 45.1302 130.095 5.4
    endloop
  endfacet
  facet normal 0 0 1
    outer loop
      vertex 44.571 130.497 5.4
      vertex 45.0438 130.904 5.4
      vertex 44.9812 130.979 5.4
    endloop
  endfacet
  facet normal 0 0 1
    outer loop
      vertex 45.1302 130.095 5.4
      vertex 44.5711 130.278 5.4
      vertex 45.0988 130.024 5.4
    endloop
  endfacet
  facet normal -0 0 1
    outer loop
      vertex 44.5578 130.229 5.4
      vertex 45.0988 130.024 5.4
      vertex 44.5711 130.278 5.4
    endloop
  endfacet
  facet normal 0 0 1
    outer loop
      vertex 44.571 130.497 5.4
      vertex 44.9812 130.979 5.4
      vertex 44.9073 131.046 5.4
    endloop
  endfacet
  facet normal 0 0 1
    outer loop
      vertex 45.0988 130.024 5.4
      vertex 44.5578 130.229 5.4
      vertex 45.0604 129.957 5.4
    endloop
  endfacet
  facet normal 0 0 1
    outer loop
      vertex 44.571 130.497 5.4
      vertex 44.9073 131.046 5.4
      vertex 44.8229 131.105 5.4
    endloop
  endfacet
  facet normal -0 0 1
    outer loop
      vertex 44.5392 130.183 5.4
      vertex 45.0604 129.957 5.4
      vertex 44.5578 130.229 5.4
    endloop
  endfacet
  facet normal 0 0 1
    outer loop
      vertex 44.571 130.497 5.4
      vertex 44.8229 131.105 5.4
      vertex 44.7289 131.154 5.4
    endloop
  endfacet
  facet normal 0 0 1
    outer loop
      vertex 45.0604 129.957 5.4
      vertex 44.5392 130.183 5.4
      vertex 45.0151 129.893 5.4
    endloop
  endfacet
  facet normal 0 0 1
    outer loop
      vertex 45.0151 129.893 5.4
      vertex 44.5392 130.183 5.4
      vertex 44.9638 129.833 5.4
    endloop
  endfacet
  facet normal 0 0 1
    outer loop
      vertex 44.409 130.725 5.4
      vertex 44.7289 131.154 5.4
      vertex 44.6254 131.195 5.4
    endloop
  endfacet
  facet normal -0 0 1
    outer loop
      vertex 44.5153 130.141 5.4
      vertex 44.9638 129.833 5.4
      vertex 44.5392 130.183 5.4
    endloop
  endfacet
  facet normal 0 0 1
    outer loop
      vertex 44.9638 129.833 5.4
      vertex 44.5153 130.141 5.4
      vertex 44.9076 129.78 5.4
    endloop
  endfacet
  facet normal 0 0 1
    outer loop
      vertex 44.9076 129.78 5.4
      vertex 44.5153 130.141 5.4
      vertex 44.8466 129.733 5.4
    endloop
  endfacet
  facet normal -0 0 1
    outer loop
      vertex 44.4861 130.103 5.4
      vertex 44.8466 129.733 5.4
      vertex 44.5153 130.141 5.4
    endloop
  endfacet
  facet normal 0 0 1
    outer loop
      vertex 44.8466 129.733 5.4
      vertex 44.4861 130.103 5.4
      vertex 44.7806 129.691 5.4
    endloop
  endfacet
  facet normal -0 0 1
    outer loop
      vertex 44.4516 130.068 5.4
      vertex 44.7806 129.691 5.4
      vertex 44.4861 130.103 5.4
    endloop
  endfacet
  facet normal 0 0 1
    outer loop
      vertex 44.5533 129.605 5.4
      vertex 44.653 128.4 5.4
      vertex 45.3284 128.4 5.4
    endloop
  endfacet
  facet normal 0 0 1
    outer loop
      vertex 44.7806 129.691 5.4
      vertex 44.4516 130.068 5.4
      vertex 44.7097 129.656 5.4
    endloop
  endfacet
  facet normal 0 0 1
    outer loop
      vertex 44.7097 129.656 5.4
      vertex 44.4516 130.068 5.4
      vertex 44.634 129.627 5.4
    endloop
  endfacet
  facet normal -0 0 1
    outer loop
      vertex 44.4119 130.038 5.4
      vertex 44.634 129.627 5.4
      vertex 44.4516 130.068 5.4
    endloop
  endfacet
  facet normal 0 0 1
    outer loop
      vertex 44.634 129.627 5.4
      vertex 44.4119 130.038 5.4
      vertex 44.5533 129.605 5.4
    endloop
  endfacet
  facet normal -0 0 1
    outer loop
      vertex 44.3672 130.013 5.4
      vertex 44.5533 129.605 5.4
      vertex 44.4119 130.038 5.4
    endloop
  endfacet
  facet normal -0 0 1
    outer loop
      vertex 44.3175 129.992 5.4
      vertex 44.5533 129.605 5.4
      vertex 44.3672 130.013 5.4
    endloop
  endfacet
  facet normal -0 0 1
    outer loop
      vertex 44.2629 129.975 5.4
      vertex 44.5533 129.605 5.4
      vertex 44.3175 129.992 5.4
    endloop
  endfacet
  facet normal -0 0 1
    outer loop
      vertex 44.2033 129.964 5.4
      vertex 44.5533 129.605 5.4
      vertex 44.2629 129.975 5.4
    endloop
  endfacet
  facet normal 0 0 1
    outer loop
      vertex 44.5533 129.605 5.4
      vertex 44.2033 129.964 5.4
      vertex 43.9877 129.489 5.4
    endloop
  endfacet
  facet normal 0 0 1
    outer loop
      vertex 43.9877 129.489 5.4
      vertex 44.2033 129.964 5.4
      vertex 44.1387 129.957 5.4
    endloop
  endfacet
  facet normal 0 0 1
    outer loop
      vertex 43.9877 129.489 5.4
      vertex 44.1387 129.957 5.4
      vertex 44.0691 129.955 5.4
    endloop
  endfacet
  facet normal 0 0 1
    outer loop
      vertex 44.5533 129.605 5.4
      vertex 43.9877 129.489 5.4
      vertex 44.653 128.4 5.4
    endloop
  endfacet
  facet normal -0 0 1
    outer loop
      vertex 43.2838 129.955 5.4
      vertex 43.9877 129.489 5.4
      vertex 44.0691 129.955 5.4
    endloop
  endfacet
  facet normal 0 0 1
    outer loop
      vertex 43.9877 129.489 5.4
      vertex 43.2838 129.955 5.4
      vertex 43.2838 129.489 5.4
    endloop
  endfacet
  facet normal 0 1 -0
    outer loop
      vertex 40.1568 130.803 5.4
      vertex 39.2291 130.803 6
      vertex 40.1568 130.803 6
    endloop
  endfacet
  facet normal 0 1 0
    outer loop
      vertex 39.2291 130.803 6
      vertex 40.1568 130.803 5.4
      vertex 39.2291 130.803 5.4
    endloop
  endfacet
  facet normal -1 0 0
    outer loop
      vertex 40.1568 130.803 5.4
      vertex 40.1568 131.267 6
      vertex 40.1568 131.267 5.4
    endloop
  endfacet
  facet normal -1 -0 0
    outer loop
      vertex 40.1568 131.267 6
      vertex 40.1568 130.803 5.4
      vertex 40.1568 130.803 6
    endloop
  endfacet
  facet normal 0 -1 0
    outer loop
      vertex 37.7033 131.267 5.4
      vertex 40.1568 131.267 6
      vertex 37.7033 131.267 6
    endloop
  endfacet
  facet normal 0 -1 -0
    outer loop
      vertex 40.1568 131.267 6
      vertex 37.7033 131.267 5.4
      vertex 40.1568 131.267 5.4
    endloop
  endfacet
  facet normal 1 -0 0
    outer loop
      vertex 37.7033 130.803 6
      vertex 37.7033 131.267 5.4
      vertex 37.7033 131.267 6
    endloop
  endfacet
  facet normal 1 0 0
    outer loop
      vertex 37.7033 131.267 5.4
      vertex 37.7033 130.803 6
      vertex 37.7033 130.803 5.4
    endloop
  endfacet
  facet normal 0 1 -0
    outer loop
      vertex 38.6289 130.803 5.4
      vertex 37.7033 130.803 6
      vertex 38.6289 130.803 6
    endloop
  endfacet
  facet normal 0 1 0
    outer loop
      vertex 37.7033 130.803 6
      vertex 38.6289 130.803 5.4
      vertex 37.7033 130.803 5.4
    endloop
  endfacet
  facet normal 1 -0 0
    outer loop
      vertex 38.6289 128.4 6
      vertex 38.6289 130.803 5.4
      vertex 38.6289 130.803 6
    endloop
  endfacet
  facet normal 1 0 0
    outer loop
      vertex 38.6289 130.803 5.4
      vertex 38.6289 128.4 6
      vertex 38.6289 128.4 5.4
    endloop
  endfacet
  facet normal 0 1 -0
    outer loop
      vertex 39.2291 128.4 5.4
      vertex 38.6289 128.4 6
      vertex 39.2291 128.4 6
    endloop
  endfacet
  facet normal 0 1 0
    outer loop
      vertex 38.6289 128.4 6
      vertex 39.2291 128.4 5.4
      vertex 38.6289 128.4 5.4
    endloop
  endfacet
  facet normal -1 0 0
    outer loop
      vertex 39.2291 128.4 5.4
      vertex 39.2291 130.803 6
      vertex 39.2291 130.803 5.4
    endloop
  endfacet
  facet normal -1 -0 0
    outer loop
      vertex 39.2291 130.803 6
      vertex 39.2291 128.4 5.4
      vertex 39.2291 128.4 6
    endloop
  endfacet
  facet normal 0 1 -0
    outer loop
      vertex 42.4368 128.984 5.4
      vertex 42.0543 128.984 6
      vertex 42.4368 128.984 6
    endloop
  endfacet
  facet normal 0 1 0
    outer loop
      vertex 42.0543 128.984 6
      vertex 42.4368 128.984 5.4
      vertex 42.0543 128.984 5.4
    endloop
  endfacet
  facet normal -1 0 0
    outer loop
      vertex 42.4368 128.984 5.4
      vertex 42.4368 129.409 6
      vertex 42.4368 129.409 5.4
    endloop
  endfacet
  facet normal -1 -0 0
    outer loop
      vertex 42.4368 129.409 6
      vertex 42.4368 128.984 5.4
      vertex 42.4368 128.984 6
    endloop
  endfacet
  facet normal 0 -1 0
    outer loop
      vertex 42.0543 129.409 5.4
      vertex 42.4368 129.409 6
      vertex 42.0543 129.409 6
    endloop
  endfacet
  facet normal 0 -1 -0
    outer loop
      vertex 42.4368 129.409 6
      vertex 42.0543 129.409 5.4
      vertex 42.4368 129.409 5.4
    endloop
  endfacet
  facet normal -1 0 0
    outer loop
      vertex 42.0543 129.409 5.4
      vertex 42.0543 131.267 6
      vertex 42.0543 131.267 5.4
    endloop
  endfacet
  facet normal -1 -0 0
    outer loop
      vertex 42.0543 131.267 6
      vertex 42.0543 129.409 5.4
      vertex 42.0543 129.409 6
    endloop
  endfacet
  facet normal 0 -1 0
    outer loop
      vertex 41.4156 131.267 5.4
      vertex 42.0543 131.267 6
      vertex 41.4156 131.267 6
    endloop
  endfacet
  facet normal 0 -1 -0
    outer loop
      vertex 42.0543 131.267 6
      vertex 41.4156 131.267 5.4
      vertex 42.0543 131.267 5.4
    endloop
  endfacet
  facet normal 0.837327 -0.546702 1.44001e-16
    outer loop
      vertex 40.2051 129.413 6
      vertex 41.4156 131.267 5.4
      vertex 41.4156 131.267 6
    endloop
  endfacet
  facet normal 0.837327 -0.546702 1.44001e-16
    outer loop
      vertex 41.4156 131.267 5.4
      vertex 40.2051 129.413 6
      vertex 40.2051 129.413 5.4
    endloop
  endfacet
  facet normal 1 -0 0
    outer loop
      vertex 40.2051 128.984 6
      vertex 40.2051 129.413 5.4
      vertex 40.2051 129.413 6
    endloop
  endfacet
  facet normal 1 0 0
    outer loop
      vertex 40.2051 129.413 5.4
      vertex 40.2051 128.984 6
      vertex 40.2051 128.984 5.4
    endloop
  endfacet
  facet normal 0 1 -0
    outer loop
      vertex 41.5091 128.984 5.4
      vertex 40.2051 128.984 6
      vertex 41.5091 128.984 6
    endloop
  endfacet
  facet normal 0 1 0
    outer loop
      vertex 40.2051 128.984 6
      vertex 41.5091 128.984 5.4
      vertex 40.2051 128.984 5.4
    endloop
  endfacet
  facet normal 1 -0 0
    outer loop
      vertex 41.5091 128.4 6
      vertex 41.5091 128.984 5.4
      vertex 41.5091 128.984 6
    endloop
  endfacet
  facet normal 1 0 0
    outer loop
      vertex 41.5091 128.984 5.4
      vertex 41.5091 128.4 6
      vertex 41.5091 128.4 5.4
    endloop
  endfacet
  facet normal 0 1 -0
    outer loop
      vertex 42.0543 128.4 5.4
      vertex 41.5091 128.4 6
      vertex 42.0543 128.4 6
    endloop
  endfacet
  facet normal 0 1 0
    outer loop
      vertex 41.5091 128.4 6
      vertex 42.0543 128.4 5.4
      vertex 41.5091 128.4 5.4
    endloop
  endfacet
  facet normal -1 0 0
    outer loop
      vertex 42.0543 128.4 5.4
      vertex 42.0543 128.984 6
      vertex 42.0543 128.984 5.4
    endloop
  endfacet
  facet normal -1 -0 0
    outer loop
      vertex 42.0543 128.984 6
      vertex 42.0543 128.4 5.4
      vertex 42.0543 128.4 6
    endloop
  endfacet
  facet normal -0.835391 0.549656 -3.49005e-17
    outer loop
      vertex 40.671 129.409 5.4
      vertex 41.3362 130.42 6
      vertex 41.3362 130.42 5.4
    endloop
  endfacet
  facet normal -0.835391 0.549656 -3.49005e-17
    outer loop
      vertex 41.3362 130.42 6
      vertex 40.671 129.409 5.4
      vertex 40.671 129.409 6
    endloop
  endfacet
  facet normal -0.846092 0.533038 4.6974e-18
    outer loop
      vertex 41.3362 130.42 5.4
      vertex 41.374 130.48 6
      vertex 41.374 130.48 5.4
    endloop
  endfacet
  facet normal -0.846092 0.533038 4.6974e-18
    outer loop
      vertex 41.374 130.48 6
      vertex 41.3362 130.42 5.4
      vertex 41.3362 130.42 6
    endloop
  endfacet
  facet normal -0.848518 0.529167 -7.54349e-19
    outer loop
      vertex 41.374 130.48 5.4
      vertex 41.4083 130.535 6
      vertex 41.4083 130.535 5.4
    endloop
  endfacet
  facet normal -0.848518 0.529167 -7.54349e-19
    outer loop
      vertex 41.4083 130.535 6
      vertex 41.374 130.48 5.4
      vertex 41.374 130.48 6
    endloop
  endfacet
  facet normal -0.860399 0.509621 8.81143e-19
    outer loop
      vertex 41.4083 130.535 5.4
      vertex 41.4391 130.587 6
      vertex 41.4391 130.587 5.4
    endloop
  endfacet
  facet normal -0.860399 0.509621 8.81143e-19
    outer loop
      vertex 41.4391 130.587 6
      vertex 41.4083 130.535 5.4
      vertex 41.4083 130.535 6
    endloop
  endfacet
  facet normal -0.864712 0.502269 3.06109e-18
    outer loop
      vertex 41.4391 130.587 5.4
      vertex 41.4664 130.634 6
      vertex 41.4664 130.634 5.4
    endloop
  endfacet
  facet normal -0.864712 0.502269 3.06109e-18
    outer loop
      vertex 41.4664 130.634 6
      vertex 41.4391 130.587 5.4
      vertex 41.4391 130.587 6
    endloop
  endfacet
  facet normal -0.874924 0.48426 2.49316e-18
    outer loop
      vertex 41.4664 130.634 5.4
      vertex 41.4902 130.677 6
      vertex 41.4902 130.677 5.4
    endloop
  endfacet
  facet normal -0.874924 0.48426 2.49316e-18
    outer loop
      vertex 41.4902 130.677 6
      vertex 41.4664 130.634 5.4
      vertex 41.4664 130.634 6
    endloop
  endfacet
  facet normal -0.881066 0.472993 1.65593e-18
    outer loop
      vertex 41.4902 130.677 5.4
      vertex 41.5106 130.715 6
      vertex 41.5106 130.715 5.4
    endloop
  endfacet
  facet normal -0.881066 0.472993 1.65593e-18
    outer loop
      vertex 41.5106 130.715 6
      vertex 41.4902 130.677 5.4
      vertex 41.4902 130.677 6
    endloop
  endfacet
  facet normal -0.901523 0.432731 -1.31397e-18
    outer loop
      vertex 41.5106 130.715 5.4
      vertex 41.5274 130.75 6
      vertex 41.5274 130.75 5.4
    endloop
  endfacet
  facet normal -0.901523 0.432731 -1.31397e-18
    outer loop
      vertex 41.5274 130.75 6
      vertex 41.5106 130.715 5.4
      vertex 41.5106 130.715 6
    endloop
  endfacet
  facet normal 0.995037 -0.0995037 -6.89547e-21
    outer loop
      vertex 41.5262 130.738 6
      vertex 41.5274 130.75 5.4
      vertex 41.5274 130.75 6
    endloop
  endfacet
  facet normal 0.995037 -0.0995037 -6.89547e-21
    outer loop
      vertex 41.5274 130.75 5.4
      vertex 41.5262 130.738 6
      vertex 41.5262 130.738 5.4
    endloop
  endfacet
  facet normal 0.996194 -0.087167 1.37831e-19
    outer loop
      vertex 41.5248 130.722 6
      vertex 41.5262 130.738 5.4
      vertex 41.5262 130.738 6
    endloop
  endfacet
  facet normal 0.996194 -0.087167 1.37831e-19
    outer loop
      vertex 41.5262 130.738 5.4
      vertex 41.5248 130.722 6
      vertex 41.5248 130.722 5.4
    endloop
  endfacet
  facet normal 0.997559 -0.0698291 -7.3672e-20
    outer loop
      vertex 41.5234 130.702 6
      vertex 41.5248 130.722 5.4
      vertex 41.5248 130.722 6
    endloop
  endfacet
  facet normal 0.997559 -0.0698291 -7.3672e-20
    outer loop
      vertex 41.5248 130.722 5.4
      vertex 41.5234 130.702 6
      vertex 41.5234 130.702 5.4
    endloop
  endfacet
  facet normal 0.997785 -0.066519 -9.18569e-20
    outer loop
      vertex 41.5218 130.678 6
      vertex 41.5234 130.702 5.4
      vertex 41.5234 130.702 6
    endloop
  endfacet
  facet normal 0.997785 -0.066519 -9.18569e-20
    outer loop
      vertex 41.5234 130.702 5.4
      vertex 41.5218 130.678 6
      vertex 41.5218 130.678 5.4
    endloop
  endfacet
  facet normal 0.998024 -0.0628385 5.8864e-20
    outer loop
      vertex 41.5201 130.651 6
      vertex 41.5218 130.678 5.4
      vertex 41.5218 130.678 6
    endloop
  endfacet
  facet normal 0.998024 -0.0628385 5.8864e-20
    outer loop
      vertex 41.5218 130.678 5.4
      vertex 41.5201 130.651 6
      vertex 41.5201 130.651 5.4
    endloop
  endfacet
  facet normal 0.998127 -0.0611755 -1.49475e-19
    outer loop
      vertex 41.5182 130.62 6
      vertex 41.5201 130.651 5.4
      vertex 41.5201 130.651 6
    endloop
  endfacet
  facet normal 0.998127 -0.0611755 -1.49475e-19
    outer loop
      vertex 41.5201 130.651 5.4
      vertex 41.5182 130.62 6
      vertex 41.5182 130.62 5.4
    endloop
  endfacet
  facet normal 0.998371 -0.0570498 -2.81227e-19
    outer loop
      vertex 41.5162 130.585 6
      vertex 41.5182 130.62 5.4
      vertex 41.5182 130.62 6
    endloop
  endfacet
  facet normal 0.998371 -0.0570498 -2.81227e-19
    outer loop
      vertex 41.5182 130.62 5.4
      vertex 41.5162 130.585 6
      vertex 41.5162 130.585 5.4
    endloop
  endfacet
  facet normal 0.99861 -0.0527044 1.6307e-19
    outer loop
      vertex 41.5143 130.549 6
      vertex 41.5162 130.585 5.4
      vertex 41.5162 130.585 6
    endloop
  endfacet
  facet normal 0.99861 -0.0527044 1.6307e-19
    outer loop
      vertex 41.5162 130.585 5.4
      vertex 41.5143 130.549 6
      vertex 41.5143 130.549 5.4
    endloop
  endfacet
  facet normal 0.999014 -0.0444006 -9.2307e-21
    outer loop
      vertex 41.5127 130.513 6
      vertex 41.5143 130.549 5.4
      vertex 41.5143 130.549 6
    endloop
  endfacet
  facet normal 0.999014 -0.0444006 -9.2307e-21
    outer loop
      vertex 41.5143 130.549 5.4
      vertex 41.5127 130.513 6
      vertex 41.5127 130.513 5.4
    endloop
  endfacet
  facet normal 0.99927 -0.0382074 2.01089e-20
    outer loop
      vertex 41.5114 130.479 6
      vertex 41.5127 130.513 5.4
      vertex 41.5127 130.513 6
    endloop
  endfacet
  facet normal 0.99927 -0.0382074 2.01089e-20
    outer loop
      vertex 41.5127 130.513 5.4
      vertex 41.5114 130.479 6
      vertex 41.5114 130.479 5.4
    endloop
  endfacet
  facet normal 0.999568 -0.0293991 8.24913e-20
    outer loop
      vertex 41.5104 130.445 6
      vertex 41.5114 130.479 5.4
      vertex 41.5114 130.479 6
    endloop
  endfacet
  facet normal 0.999568 -0.0293991 8.24913e-20
    outer loop
      vertex 41.5114 130.479 5.4
      vertex 41.5104 130.445 6
      vertex 41.5104 130.445 5.4
    endloop
  endfacet
  facet normal 0.999788 -0.0205839 5.32401e-20
    outer loop
      vertex 41.5097 130.411 6
      vertex 41.5104 130.445 5.4
      vertex 41.5104 130.445 6
    endloop
  endfacet
  facet normal 0.999788 -0.0205839 5.32401e-20
    outer loop
      vertex 41.5104 130.445 5.4
      vertex 41.5097 130.411 6
      vertex 41.5097 130.411 5.4
    endloop
  endfacet
  facet normal 0.999878 -0.0156231 -2.64129e-20
    outer loop
      vertex 41.5092 130.379 6
      vertex 41.5097 130.411 5.4
      vertex 41.5097 130.411 6
    endloop
  endfacet
  facet normal 0.999878 -0.0156231 -2.64129e-20
    outer loop
      vertex 41.5097 130.411 5.4
      vertex 41.5092 130.379 6
      vertex 41.5092 130.379 5.4
    endloop
  endfacet
  facet normal 0.999995 -0.00312498 -3.55385e-21
    outer loop
      vertex 41.5091 130.347 6
      vertex 41.5092 130.379 5.4
      vertex 41.5092 130.379 6
    endloop
  endfacet
  facet normal 0.999995 -0.00312498 -3.55385e-21
    outer loop
      vertex 41.5092 130.379 5.4
      vertex 41.5091 130.347 6
      vertex 41.5091 130.347 5.4
    endloop
  endfacet
  facet normal 1 -0 0
    outer loop
      vertex 41.5091 129.409 6
      vertex 41.5091 130.347 5.4
      vertex 41.5091 130.347 6
    endloop
  endfacet
  facet normal 1 0 0
    outer loop
      vertex 41.5091 130.347 5.4
      vertex 41.5091 129.409 6
      vertex 41.5091 129.409 5.4
    endloop
  endfacet
  facet normal 0 -1 0
    outer loop
      vertex 40.671 129.409 5.4
      vertex 41.5091 129.409 6
      vertex 40.671 129.409 6
    endloop
  endfacet
  facet normal 0 -1 -0
    outer loop
      vertex 41.5091 129.409 6
      vertex 40.671 129.409 5.4
      vertex 41.5091 129.409 5.4
    endloop
  endfacet
  facet normal 0 1 -0
    outer loop
      vertex 43.9877 129.489 5.4
      vertex 43.2838 129.489 6
      vertex 43.9877 129.489 6
    endloop
  endfacet
  facet normal 0 1 0
    outer loop
      vertex 43.2838 129.489 6
      vertex 43.9877 129.489 5.4
      vertex 43.2838 129.489 5.4
    endloop
  endfacet
  facet normal 0.853352 0.521336 5.44038e-17
    outer loop
      vertex 44.653 128.4 6
      vertex 43.9877 129.489 5.4
      vertex 43.9877 129.489 6
    endloop
  endfacet
  facet normal 0.853352 0.521336 5.44038e-17
    outer loop
      vertex 43.9877 129.489 5.4
      vertex 44.653 128.4 6
      vertex 44.653 128.4 5.4
    endloop
  endfacet
  facet normal 0 1 -0
    outer loop
      vertex 45.3284 128.4 5.4
      vertex 44.653 128.4 6
      vertex 45.3284 128.4 6
    endloop
  endfacet
  facet normal 0 1 0
    outer loop
      vertex 44.653 128.4 6
      vertex 45.3284 128.4 5.4
      vertex 44.653 128.4 5.4
    endloop
  endfacet
  facet normal -0.841033 -0.540983 4.11122e-17
    outer loop
      vertex 45.3284 128.4 5.4
      vertex 44.5533 129.605 6
      vertex 44.5533 129.605 5.4
    endloop
  endfacet
  facet normal -0.841033 -0.540983 4.11122e-17
    outer loop
      vertex 44.5533 129.605 6
      vertex 45.3284 128.4 5.4
      vertex 45.3284 128.4 6
    endloop
  endfacet
  facet normal -0.263016 0.964791 0
    outer loop
      vertex 44.634 129.627 5.4
      vertex 44.5533 129.605 6
      vertex 44.634 129.627 6
    endloop
  endfacet
  facet normal -0.263016 0.964791 0
    outer loop
      vertex 44.5533 129.605 6
      vertex 44.634 129.627 5.4
      vertex 44.5533 129.605 5.4
    endloop
  endfacet
  facet normal -0.357739 0.933822 0
    outer loop
      vertex 44.7097 129.656 5.4
      vertex 44.634 129.627 6
      vertex 44.7097 129.656 6
    endloop
  endfacet
  facet normal -0.357739 0.933822 0
    outer loop
      vertex 44.634 129.627 6
      vertex 44.7097 129.656 5.4
      vertex 44.634 129.627 5.4
    endloop
  endfacet
  facet normal -0.442655 0.896692 0
    outer loop
      vertex 44.7806 129.691 5.4
      vertex 44.7097 129.656 6
      vertex 44.7806 129.691 6
    endloop
  endfacet
  facet normal -0.442655 0.896692 0
    outer loop
      vertex 44.7097 129.656 6
      vertex 44.7806 129.691 5.4
      vertex 44.7097 129.656 5.4
    endloop
  endfacet
  facet normal -0.536875 0.843661 0
    outer loop
      vertex 44.8466 129.733 5.4
      vertex 44.7806 129.691 6
      vertex 44.8466 129.733 6
    endloop
  endfacet
  facet normal -0.536875 0.843661 0
    outer loop
      vertex 44.7806 129.691 6
      vertex 44.8466 129.733 5.4
      vertex 44.7806 129.691 5.4
    endloop
  endfacet
  facet normal -0.610338 0.792141 0
    outer loop
      vertex 44.9076 129.78 5.4
      vertex 44.8466 129.733 6
      vertex 44.9076 129.78 6
    endloop
  endfacet
  facet normal -0.610338 0.792141 0
    outer loop
      vertex 44.8466 129.733 6
      vertex 44.9076 129.78 5.4
      vertex 44.8466 129.733 5.4
    endloop
  endfacet
  facet normal -0.686091 0.727516 0
    outer loop
      vertex 44.9638 129.833 5.4
      vertex 44.9076 129.78 6
      vertex 44.9638 129.833 6
    endloop
  endfacet
  facet normal -0.686091 0.727516 0
    outer loop
      vertex 44.9076 129.78 6
      vertex 44.9638 129.833 5.4
      vertex 44.9076 129.78 5.4
    endloop
  endfacet
  facet normal -0.760061 0.649852 7.30153e-19
    outer loop
      vertex 44.9638 129.833 5.4
      vertex 45.0151 129.893 6
      vertex 45.0151 129.893 5.4
    endloop
  endfacet
  facet normal -0.760061 0.649852 7.30153e-19
    outer loop
      vertex 45.0151 129.893 6
      vertex 44.9638 129.833 5.4
      vertex 44.9638 129.833 6
    endloop
  endfacet
  facet normal -0.816225 0.577734 1.32389e-19
    outer loop
      vertex 45.0151 129.893 5.4
      vertex 45.0604 129.957 6
      vertex 45.0604 129.957 5.4
    endloop
  endfacet
  facet normal -0.816225 0.577734 1.32389e-19
    outer loop
      vertex 45.0604 129.957 6
      vertex 45.0151 129.893 5.4
      vertex 45.0151 129.893 6
    endloop
  endfacet
  facet normal -0.867605 0.497254 -3.02233e-18
    outer loop
      vertex 45.0604 129.957 5.4
      vertex 45.0988 130.024 6
      vertex 45.0988 130.024 5.4
    endloop
  endfacet
  facet normal -0.867605 0.497254 -3.02233e-18
    outer loop
      vertex 45.0988 130.024 6
      vertex 45.0604 129.957 5.4
      vertex 45.0604 129.957 6
    endloop
  endfacet
  facet normal -0.914554 0.404465 3.242e-18
    outer loop
      vertex 45.0988 130.024 5.4
      vertex 45.1302 130.095 6
      vertex 45.1302 130.095 5.4
    endloop
  endfacet
  facet normal -0.914554 0.404465 3.242e-18
    outer loop
      vertex 45.1302 130.095 6
      vertex 45.0988 130.024 5.4
      vertex 45.0988 130.024 6
    endloop
  endfacet
  facet normal -0.949705 0.313146 2.05813e-18
    outer loop
      vertex 45.1302 130.095 5.4
      vertex 45.1546 130.169 6
      vertex 45.1546 130.169 5.4
    endloop
  endfacet
  facet normal -0.949705 0.313146 2.05813e-18
    outer loop
      vertex 45.1546 130.169 6
      vertex 45.1302 130.095 5.4
      vertex 45.1302 130.095 6
    endloop
  endfacet
  facet normal -0.97601 0.217725 -2.18923e-18
    outer loop
      vertex 45.1546 130.169 5.4
      vertex 45.172 130.247 6
      vertex 45.172 130.247 5.4
    endloop
  endfacet
  facet normal -0.97601 0.217725 -2.18923e-18
    outer loop
      vertex 45.172 130.247 6
      vertex 45.1546 130.169 5.4
      vertex 45.1546 130.169 6
    endloop
  endfacet
  facet normal -0.991703 0.128554 2.46227e-19
    outer loop
      vertex 45.172 130.247 5.4
      vertex 45.1825 130.328 6
      vertex 45.1825 130.328 5.4
    endloop
  endfacet
  facet normal -0.991703 0.128554 2.46227e-19
    outer loop
      vertex 45.1825 130.328 6
      vertex 45.172 130.247 5.4
      vertex 45.172 130.247 6
    endloop
  endfacet
  facet normal -0.999133 0.0416305 2.50285e-19
    outer loop
      vertex 45.1825 130.328 5.4
      vertex 45.186 130.412 6
      vertex 45.186 130.412 5.4
    endloop
  endfacet
  facet normal -0.999133 0.0416305 2.50285e-19
    outer loop
      vertex 45.186 130.412 6
      vertex 45.1825 130.328 5.4
      vertex 45.1825 130.328 6
    endloop
  endfacet
  facet normal -0.998752 -0.0499376 -1.92446e-19
    outer loop
      vertex 45.186 130.412 5.4
      vertex 45.1803 130.526 6
      vertex 45.1803 130.526 5.4
    endloop
  endfacet
  facet normal -0.998752 -0.0499376 -1.92446e-19
    outer loop
      vertex 45.1803 130.526 6
      vertex 45.186 130.412 5.4
      vertex 45.186 130.412 6
    endloop
  endfacet
  facet normal -0.987469 -0.157811 -1.28091e-18
    outer loop
      vertex 45.1803 130.526 5.4
      vertex 45.1632 130.633 6
      vertex 45.1632 130.633 5.4
    endloop
  endfacet
  facet normal -0.987469 -0.157811 -1.28091e-18
    outer loop
      vertex 45.1632 130.633 6
      vertex 45.1803 130.526 5.4
      vertex 45.1803 130.526 6
    endloop
  endfacet
  facet normal -0.960482 -0.278344 5.0443e-19
    outer loop
      vertex 45.1632 130.633 5.4
      vertex 45.1348 130.731 6
      vertex 45.1348 130.731 5.4
    endloop
  endfacet
  facet normal -0.960482 -0.278344 5.0443e-19
    outer loop
      vertex 45.1348 130.731 6
      vertex 45.1632 130.633 5.4
      vertex 45.1632 130.633 6
    endloop
  endfacet
  facet normal -0.916204 -0.400713 1.10727e-18
    outer loop
      vertex 45.1348 130.731 5.4
      vertex 45.095 130.822 6
      vertex 45.095 130.822 5.4
    endloop
  endfacet
  facet normal -0.916204 -0.400713 1.10727e-18
    outer loop
      vertex 45.095 130.822 6
      vertex 45.1348 130.731 5.4
      vertex 45.1348 130.731 6
    endloop
  endfacet
  facet normal -0.848231 -0.529627 -2.72698e-18
    outer loop
      vertex 45.095 130.822 5.4
      vertex 45.0438 130.904 6
      vertex 45.0438 130.904 5.4
    endloop
  endfacet
  facet normal -0.848231 -0.529627 -2.72698e-18
    outer loop
      vertex 45.0438 130.904 6
      vertex 45.095 130.822 5.4
      vertex 45.095 130.822 6
    endloop
  endfacet
  facet normal -0.767718 -0.640788 5.01932e-19
    outer loop
      vertex 45.0438 130.904 5.4
      vertex 44.9812 130.979 6
      vertex 44.9812 130.979 5.4
    endloop
  endfacet
  facet normal -0.767718 -0.640788 5.01932e-19
    outer loop
      vertex 44.9812 130.979 6
      vertex 45.0438 130.904 5.4
      vertex 45.0438 130.904 6
    endloop
  endfacet
  facet normal -0.671674 -0.740847 0
    outer loop
      vertex 44.9073 131.046 5.4
      vertex 44.9812 130.979 6
      vertex 44.9073 131.046 6
    endloop
  endfacet
  facet normal -0.671674 -0.740847 -0
    outer loop
      vertex 44.9812 130.979 6
      vertex 44.9073 131.046 5.4
      vertex 44.9812 130.979 5.4
    endloop
  endfacet
  facet normal -0.572941 -0.819597 0
    outer loop
      vertex 44.8229 131.105 5.4
      vertex 44.9073 131.046 6
      vertex 44.8229 131.105 6
    endloop
  endfacet
  facet normal -0.572941 -0.819597 -0
    outer loop
      vertex 44.9073 131.046 6
      vertex 44.8229 131.105 5.4
      vertex 44.9073 131.046 5.4
    endloop
  endfacet
  facet normal -0.462244 -0.886753 0
    outer loop
      vertex 44.7289 131.154 5.4
      vertex 44.8229 131.105 6
      vertex 44.7289 131.154 6
    endloop
  endfacet
  facet normal -0.462244 -0.886753 -0
    outer loop
      vertex 44.8229 131.105 6
      vertex 44.7289 131.154 5.4
      vertex 44.8229 131.105 5.4
    endloop
  endfacet
  facet normal -0.368291 -0.929711 0
    outer loop
      vertex 44.6254 131.195 5.4
      vertex 44.7289 131.154 6
      vertex 44.6254 131.195 6
    endloop
  endfacet
  facet normal -0.368291 -0.929711 -0
    outer loop
      vertex 44.7289 131.154 6
      vertex 44.6254 131.195 5.4
      vertex 44.7289 131.154 5.4
    endloop
  endfacet
  facet normal -0.264344 -0.964429 0
    outer loop
      vertex 44.5123 131.226 5.4
      vertex 44.6254 131.195 6
      vertex 44.5123 131.226 6
    endloop
  endfacet
  facet normal -0.264344 -0.964429 -0
    outer loop
      vertex 44.6254 131.195 6
      vertex 44.5123 131.226 5.4
      vertex 44.6254 131.195 5.4
    endloop
  endfacet
  facet normal -0.184385 -0.982854 0
    outer loop
      vertex 44.3897 131.249 5.4
      vertex 44.5123 131.226 6
      vertex 44.3897 131.249 6
    endloop
  endfacet
  facet normal -0.184385 -0.982854 -0
    outer loop
      vertex 44.5123 131.226 6
      vertex 44.3897 131.249 5.4
      vertex 44.5123 131.226 5.4
    endloop
  endfacet
  facet normal -0.0979372 -0.995193 0
    outer loop
      vertex 44.2576 131.262 5.4
      vertex 44.3897 131.249 6
      vertex 44.2576 131.262 6
    endloop
  endfacet
  facet normal -0.0979372 -0.995193 -0
    outer loop
      vertex 44.3897 131.249 6
      vertex 44.2576 131.262 5.4
      vertex 44.3897 131.249 5.4
    endloop
  endfacet
  facet normal -0.0352639 -0.999378 0
    outer loop
      vertex 44.1159 131.267 5.4
      vertex 44.2576 131.262 6
      vertex 44.1159 131.267 6
    endloop
  endfacet
  facet normal -0.0352639 -0.999378 -0
    outer loop
      vertex 44.2576 131.262 6
      vertex 44.1159 131.267 5.4
      vertex 44.2576 131.262 5.4
    endloop
  endfacet
  facet normal 0 -1 0
    outer loop
      vertex 42.6837 131.267 5.4
      vertex 44.1159 131.267 6
      vertex 42.6837 131.267 6
    endloop
  endfacet
  facet normal 0 -1 -0
    outer loop
      vertex 44.1159 131.267 6
      vertex 42.6837 131.267 5.4
      vertex 44.1159 131.267 5.4
    endloop
  endfacet
  facet normal 1 -0 0
    outer loop
      vertex 42.6837 128.4 6
      vertex 42.6837 131.267 5.4
      vertex 42.6837 131.267 6
    endloop
  endfacet
  facet normal 1 0 0
    outer loop
      vertex 42.6837 131.267 5.4
      vertex 42.6837 128.4 6
      vertex 42.6837 128.4 5.4
    endloop
  endfacet
  facet normal 0 1 -0
    outer loop
      vertex 43.2838 128.4 5.4
      vertex 42.6837 128.4 6
      vertex 43.2838 128.4 6
    endloop
  endfacet
  facet normal 0 1 0
    outer loop
      vertex 42.6837 128.4 6
      vertex 43.2838 128.4 5.4
      vertex 42.6837 128.4 5.4
    endloop
  endfacet
  facet normal -1 0 0
    outer loop
      vertex 43.2838 128.4 5.4
      vertex 43.2838 129.489 6
      vertex 43.2838 129.489 5.4
    endloop
  endfacet
  facet normal -1 -0 0
    outer loop
      vertex 43.2838 129.489 6
      vertex 43.2838 128.4 5.4
      vertex 43.2838 128.4 6
    endloop
  endfacet
  facet normal -1 0 0
    outer loop
      vertex 43.2838 129.955 5.4
      vertex 43.2838 130.801 6
      vertex 43.2838 130.801 5.4
    endloop
  endfacet
  facet normal -1 -0 0
    outer loop
      vertex 43.2838 130.801 6
      vertex 43.2838 129.955 5.4
      vertex 43.2838 129.955 6
    endloop
  endfacet
  facet normal 0 1 -0
    outer loop
      vertex 44.0528 130.801 5.4
      vertex 43.2838 130.801 6
      vertex 44.0528 130.801 6
    endloop
  endfacet
  facet normal 0 1 0
    outer loop
      vertex 43.2838 130.801 6
      vertex 44.0528 130.801 5.4
      vertex 43.2838 130.801 5.4
    endloop
  endfacet
  facet normal 0.0639713 0.997952 -0
    outer loop
      vertex 44.1932 130.792 5.4
      vertex 44.0528 130.801 6
      vertex 44.1932 130.792 6
    endloop
  endfacet
  facet normal 0.0639713 0.997952 0
    outer loop
      vertex 44.0528 130.801 6
      vertex 44.1932 130.792 5.4
      vertex 44.0528 130.801 5.4
    endloop
  endfacet
  facet normal 0.206094 0.978532 -0
    outer loop
      vertex 44.3119 130.767 5.4
      vertex 44.1932 130.792 6
      vertex 44.3119 130.767 6
    endloop
  endfacet
  facet normal 0.206094 0.978532 0
    outer loop
      vertex 44.1932 130.792 6
      vertex 44.3119 130.767 5.4
      vertex 44.1932 130.792 5.4
    endloop
  endfacet
  facet normal 0.396997 0.91782 -0
    outer loop
      vertex 44.409 130.725 5.4
      vertex 44.3119 130.767 6
      vertex 44.409 130.725 6
    endloop
  endfacet
  facet normal 0.396997 0.91782 0
    outer loop
      vertex 44.3119 130.767 6
      vertex 44.409 130.725 5.4
      vertex 44.3119 130.767 5.4
    endloop
  endfacet
  facet normal 0.615239 0.78834 -0
    outer loop
      vertex 44.4846 130.666 5.4
      vertex 44.409 130.725 6
      vertex 44.4846 130.666 6
    endloop
  endfacet
  facet normal 0.615239 0.78834 0
    outer loop
      vertex 44.409 130.725 6
      vertex 44.4846 130.666 5.4
      vertex 44.409 130.725 5.4
    endloop
  endfacet
  facet normal 0.81518 0.579207 3.43456e-18
    outer loop
      vertex 44.5386 130.59 6
      vertex 44.4846 130.666 5.4
      vertex 44.4846 130.666 6
    endloop
  endfacet
  facet normal 0.81518 0.579207 3.43456e-18
    outer loop
      vertex 44.4846 130.666 5.4
      vertex 44.5386 130.59 6
      vertex 44.5386 130.59 5.4
    endloop
  endfacet
  facet normal 0.944332 0.328993 3.2423e-18
    outer loop
      vertex 44.571 130.497 6
      vertex 44.5386 130.59 5.4
      vertex 44.5386 130.59 6
    endloop
  endfacet
  facet normal 0.944332 0.328993 3.2423e-18
    outer loop
      vertex 44.5386 130.59 5.4
      vertex 44.571 130.497 6
      vertex 44.571 130.497 5.4
    endloop
  endfacet
  facet normal 0.995127 0.0985998 -3.83433e-19
    outer loop
      vertex 44.5818 130.388 6
      vertex 44.571 130.497 5.4
      vertex 44.571 130.497 6
    endloop
  endfacet
  facet normal 0.995127 0.0985998 -3.83433e-19
    outer loop
      vertex 44.571 130.497 5.4
      vertex 44.5818 130.388 6
      vertex 44.5818 130.388 5.4
    endloop
  endfacet
  facet normal 0.99888 -0.0473154 1.78436e-19
    outer loop
      vertex 44.5791 130.331 6
      vertex 44.5818 130.388 5.4
      vertex 44.5818 130.388 6
    endloop
  endfacet
  facet normal 0.99888 -0.0473154 1.78436e-19
    outer loop
      vertex 44.5818 130.388 5.4
      vertex 44.5791 130.331 6
      vertex 44.5791 130.331 5.4
    endloop
  endfacet
  facet normal 0.988799 -0.149253 7.05967e-19
    outer loop
      vertex 44.5711 130.278 6
      vertex 44.5791 130.331 5.4
      vertex 44.5791 130.331 6
    endloop
  endfacet
  facet normal 0.988799 -0.149253 7.05967e-19
    outer loop
      vertex 44.5791 130.331 5.4
      vertex 44.5711 130.278 6
      vertex 44.5711 130.278 5.4
    endloop
  endfacet
  facet normal 0.965081 -0.261951 -1.35125e-18
    outer loop
      vertex 44.5578 130.229 6
      vertex 44.5711 130.278 5.4
      vertex 44.5711 130.278 6
    endloop
  endfacet
  facet normal 0.965081 -0.261951 -1.35125e-18
    outer loop
      vertex 44.5711 130.278 5.4
      vertex 44.5578 130.229 6
      vertex 44.5578 130.229 5.4
    endloop
  endfacet
  facet normal 0.92708 -0.374863 -2.05853e-19
    outer loop
      vertex 44.5392 130.183 6
      vertex 44.5578 130.229 5.4
      vertex 44.5578 130.229 6
    endloop
  endfacet
  facet normal 0.92708 -0.374863 -2.05853e-19
    outer loop
      vertex 44.5578 130.229 5.4
      vertex 44.5392 130.183 6
      vertex 44.5392 130.183 5.4
    endloop
  endfacet
  facet normal 0.869133 -0.494578 -3.15029e-18
    outer loop
      vertex 44.5153 130.141 6
      vertex 44.5392 130.183 5.4
      vertex 44.5392 130.183 6
    endloop
  endfacet
  facet normal 0.869133 -0.494578 -3.15029e-18
    outer loop
      vertex 44.5392 130.183 5.4
      vertex 44.5153 130.141 6
      vertex 44.5153 130.141 5.4
    endloop
  endfacet
  facet normal 0.792934 -0.609307 -2.58502e-19
    outer loop
      vertex 44.4861 130.103 6
      vertex 44.5153 130.141 5.4
      vertex 44.5153 130.141 6
    endloop
  endfacet
  facet normal 0.792934 -0.609307 -2.58502e-19
    outer loop
      vertex 44.5153 130.141 5.4
      vertex 44.4861 130.103 6
      vertex 44.4861 130.103 5.4
    endloop
  endfacet
  facet normal 0.712175 -0.702002 0
    outer loop
      vertex 44.4516 130.068 5.4
      vertex 44.4861 130.103 6
      vertex 44.4516 130.068 6
    endloop
  endfacet
  facet normal 0.712175 -0.702002 0
    outer loop
      vertex 44.4861 130.103 6
      vertex 44.4516 130.068 5.4
      vertex 44.4861 130.103 5.4
    endloop
  endfacet
  facet normal 0.60289 -0.797824 0
    outer loop
      vertex 44.4119 130.038 5.4
      vertex 44.4516 130.068 6
      vertex 44.4119 130.038 6
    endloop
  endfacet
  facet normal 0.60289 -0.797824 0
    outer loop
      vertex 44.4516 130.068 6
      vertex 44.4119 130.038 5.4
      vertex 44.4516 130.068 5.4
    endloop
  endfacet
  facet normal 0.488128 -0.872772 0
    outer loop
      vertex 44.3672 130.013 5.4
      vertex 44.4119 130.038 6
      vertex 44.3672 130.013 6
    endloop
  endfacet
  facet normal 0.488128 -0.872772 0
    outer loop
      vertex 44.4119 130.038 6
      vertex 44.3672 130.013 5.4
      vertex 44.4119 130.038 5.4
    endloop
  endfacet
  facet normal 0.389217 -0.921146 0
    outer loop
      vertex 44.3175 129.992 5.4
      vertex 44.3672 130.013 6
      vertex 44.3175 129.992 6
    endloop
  endfacet
  facet normal 0.389217 -0.921146 0
    outer loop
      vertex 44.3672 130.013 6
      vertex 44.3175 129.992 5.4
      vertex 44.3672 130.013 5.4
    endloop
  endfacet
  facet normal 0.297279 -0.954791 0
    outer loop
      vertex 44.2629 129.975 5.4
      vertex 44.3175 129.992 6
      vertex 44.2629 129.975 6
    endloop
  endfacet
  facet normal 0.297279 -0.954791 0
    outer loop
      vertex 44.3175 129.992 6
      vertex 44.2629 129.975 5.4
      vertex 44.3175 129.992 5.4
    endloop
  endfacet
  facet normal 0.181498 -0.983391 0
    outer loop
      vertex 44.2033 129.964 5.4
      vertex 44.2629 129.975 6
      vertex 44.2033 129.964 6
    endloop
  endfacet
  facet normal 0.181498 -0.983391 0
    outer loop
      vertex 44.2629 129.975 6
      vertex 44.2033 129.964 5.4
      vertex 44.2629 129.975 5.4
    endloop
  endfacet
  facet normal 0.107729 -0.99418 0
    outer loop
      vertex 44.1387 129.957 5.4
      vertex 44.2033 129.964 6
      vertex 44.1387 129.957 6
    endloop
  endfacet
  facet normal 0.107729 -0.99418 0
    outer loop
      vertex 44.2033 129.964 6
      vertex 44.1387 129.957 5.4
      vertex 44.2033 129.964 5.4
    endloop
  endfacet
  facet normal 0.0287238 -0.999587 0
    outer loop
      vertex 44.0691 129.955 5.4
      vertex 44.1387 129.957 6
      vertex 44.0691 129.955 6
    endloop
  endfacet
  facet normal 0.0287238 -0.999587 0
    outer loop
      vertex 44.1387 129.957 6
      vertex 44.0691 129.955 5.4
      vertex 44.1387 129.957 5.4
    endloop
  endfacet
  facet normal 0 -1 0
    outer loop
      vertex 43.2838 129.955 5.4
      vertex 44.0691 129.955 6
      vertex 43.2838 129.955 6
    endloop
  endfacet
  facet normal 0 -1 -0
    outer loop
      vertex 44.0691 129.955 6
      vertex 43.2838 129.955 5.4
      vertex 44.0691 129.955 5.4
    endloop
  endfacet
  facet normal 0 0 -1
    outer loop
      vertex 27 142.8 0
      vertex 15 142.8 0
      vertex 27 148.1 0
    endloop
  endfacet
  facet normal 0 0 -1
    outer loop
      vertex 87 142.8 0
      vertex 75 142.8 0
      vertex 87 148.1 0
    endloop
  endfacet
  facet normal 0 0 -1
    outer loop
      vertex 87 148.1 0
      vertex 121 152.1 0
      vertex 121 148.1 0
    endloop
  endfacet
  facet normal 0 0 -1
    outer loop
      vertex 75 148.1 0
      vertex 87 148.1 0
      vertex 75 142.8 0
    endloop
  endfacet
  facet normal 0 0 -1
    outer loop
      vertex 75 148.1 0
      vertex 121 152.1 0
      vertex 87 148.1 0
    endloop
  endfacet
  facet normal 0 0 -1
    outer loop
      vertex 1.5 152.1 0
      vertex 75 148.1 0
      vertex 27 148.1 0
    endloop
  endfacet
  facet normal 0 0 -1
    outer loop
      vertex 15 148.1 0
      vertex 27 148.1 0
      vertex 15 142.8 0
    endloop
  endfacet
  facet normal 0 0 -1
    outer loop
      vertex 1.5 152.1 0
      vertex 27 148.1 0
      vertex 15 148.1 0
    endloop
  endfacet
  facet normal 0 0 -1
    outer loop
      vertex 1.5 152.1 0
      vertex 15 148.1 0
      vertex 1.5 148.1 0
    endloop
  endfacet
  facet normal 0 0 -1
    outer loop
      vertex 75 148.1 0
      vertex 1.5 152.1 0
      vertex 121 152.1 0
    endloop
  endfacet
  facet normal 0 0 1
    outer loop
      vertex 78.3554 146.303 6
      vertex 77.4298 146.303 6
      vertex 78.3554 143.9 6
    endloop
  endfacet
  facet normal 0 0 1
    outer loop
      vertex 81.2356 144.484 6
      vertex 79.9316 144.484 6
      vertex 81.2356 143.9 6
    endloop
  endfacet
  facet normal 0 0 1
    outer loop
      vertex 121 152.1 6
      vertex 87 148.1 6
      vertex 121 148.1 6
    endloop
  endfacet
  facet normal 0 0 1
    outer loop
      vertex 87 148.1 6
      vertex 84.5483 144.364 6
      vertex 87 142.8 6
    endloop
  endfacet
  facet normal 0 0 1
    outer loop
      vertex 87 148.1 6
      vertex 83.0103 146.767 6
      vertex 84.5483 144.364 6
    endloop
  endfacet
  facet normal 0 0 1
    outer loop
      vertex 87 148.1 6
      vertex 82.4102 146.767 6
      vertex 83.0103 146.767 6
    endloop
  endfacet
  facet normal 0 0 1
    outer loop
      vertex 82.4102 146.767 6
      vertex 82.1633 144.909 6
      vertex 82.4102 143.9 6
    endloop
  endfacet
  facet normal 0 0 1
    outer loop
      vertex 82.4102 146.767 6
      vertex 81.7808 146.767 6
      vertex 82.1633 144.909 6
    endloop
  endfacet
  facet normal 0 0 1
    outer loop
      vertex 87 148.1 6
      vertex 81.7808 146.767 6
      vertex 82.4102 146.767 6
    endloop
  endfacet
  facet normal 0 0 1
    outer loop
      vertex 87 148.1 6
      vertex 81.142 146.767 6
      vertex 81.7808 146.767 6
    endloop
  endfacet
  facet normal 0 0 1
    outer loop
      vertex 81.142 146.767 6
      vertex 79.8833 146.303 6
      vertex 79.9316 144.913 6
    endloop
  endfacet
  facet normal 0 0 1
    outer loop
      vertex 79.8833 146.303 6
      vertex 81.142 146.767 6
      vertex 79.8833 146.767 6
    endloop
  endfacet
  facet normal -0 0 1
    outer loop
      vertex 75 148.1 6
      vertex 81.142 146.767 6
      vertex 87 148.1 6
    endloop
  endfacet
  facet normal 0 0 1
    outer loop
      vertex 81.142 146.767 6
      vertex 75 148.1 6
      vertex 79.8833 146.767 6
    endloop
  endfacet
  facet normal 0 0 1
    outer loop
      vertex 77.4298 146.767 6
      vertex 75 148.1 6
      vertex 77.4298 146.303 6
    endloop
  endfacet
  facet normal 0 0 1
    outer loop
      vertex 79.8833 146.767 6
      vertex 75 148.1 6
      vertex 77.4298 146.767 6
    endloop
  endfacet
  facet normal 0 0 1
    outer loop
      vertex 121 152.1 6
      vertex 75 148.1 6
      vertex 87 148.1 6
    endloop
  endfacet
  facet normal -0 0 1
    outer loop
      vertex 1.5 152.1 6
      vertex 75 148.1 6
      vertex 121 152.1 6
    endloop
  endfacet
  facet normal 0 0 1
    outer loop
      vertex 27 148.1 6
      vertex 15 148.1 6
      vertex 27 142.8 6
    endloop
  endfacet
  facet normal 0 0 1
    outer loop
      vertex 75 148.1 6
      vertex 1.5 152.1 6
      vertex 27 148.1 6
    endloop
  endfacet
  facet normal 0 0 1
    outer loop
      vertex 27 148.1 6
      vertex 1.5 152.1 6
      vertex 15 148.1 6
    endloop
  endfacet
  facet normal 0 0 1
    outer loop
      vertex 15 148.1 6
      vertex 1.5 152.1 6
      vertex 1.5 148.1 6
    endloop
  endfacet
  facet normal -0 0 1
    outer loop
      vertex 84.5483 143.9 6
      vertex 87 142.8 6
      vertex 84.5483 144.364 6
    endloop
  endfacet
  facet normal -0 0 1
    outer loop
      vertex 82.4102 143.9 6
      vertex 87 142.8 6
      vertex 84.5483 143.9 6
    endloop
  endfacet
  facet normal -0 0 1
    outer loop
      vertex 82.1633 144.484 6
      vertex 82.4102 143.9 6
      vertex 82.1633 144.909 6
    endloop
  endfacet
  facet normal 0 0 1
    outer loop
      vertex 81.7808 143.9 6
      vertex 82.1633 144.484 6
      vertex 81.7808 144.484 6
    endloop
  endfacet
  facet normal 0 0 1
    outer loop
      vertex 82.1633 144.484 6
      vertex 81.7808 143.9 6
      vertex 82.4102 143.9 6
    endloop
  endfacet
  facet normal -0 0 1
    outer loop
      vertex 81.7808 143.9 6
      vertex 87 142.8 6
      vertex 82.4102 143.9 6
    endloop
  endfacet
  facet normal -0 0 1
    outer loop
      vertex 81.2356 143.9 6
      vertex 87 142.8 6
      vertex 81.7808 143.9 6
    endloop
  endfacet
  facet normal -0 0 1
    outer loop
      vertex 78.9556 146.303 6
      vertex 79.9316 144.913 6
      vertex 79.8833 146.303 6
    endloop
  endfacet
  facet normal 0 0 1
    outer loop
      vertex 78.9556 143.9 6
      vertex 79.9316 144.913 6
      vertex 78.9556 146.303 6
    endloop
  endfacet
  facet normal 0 0 1
    outer loop
      vertex 79.9316 144.913 6
      vertex 78.9556 143.9 6
      vertex 79.9316 144.484 6
    endloop
  endfacet
  facet normal 0 0 1
    outer loop
      vertex 78.9556 143.9 6
      vertex 81.2356 143.9 6
      vertex 79.9316 144.484 6
    endloop
  endfacet
  facet normal 0 0 1
    outer loop
      vertex 75 142.8 6
      vertex 81.2356 143.9 6
      vertex 78.9556 143.9 6
    endloop
  endfacet
  facet normal 0 0 1
    outer loop
      vertex 75 142.8 6
      vertex 78.9556 143.9 6
      vertex 78.3554 143.9 6
    endloop
  endfacet
  facet normal 0 0 1
    outer loop
      vertex 75 142.8 6
      vertex 77.4298 146.303 6
      vertex 75 148.1 6
    endloop
  endfacet
  facet normal 0 0 1
    outer loop
      vertex 81.2356 143.9 6
      vertex 75 142.8 6
      vertex 87 142.8 6
    endloop
  endfacet
  facet normal 0 0 1
    outer loop
      vertex 77.4298 146.303 6
      vertex 75 142.8 6
      vertex 78.3554 143.9 6
    endloop
  endfacet
  facet normal 0 0 1
    outer loop
      vertex 84.5483 144.364 6
      vertex 83.0103 146.767 6
      vertex 83.0103 144.364 6
    endloop
  endfacet
  facet normal 0 0 1
    outer loop
      vertex 82.1633 144.909 6
      vertex 81.7808 146.767 6
      vertex 81.7808 144.909 6
    endloop
  endfacet
  facet normal 0 0 1
    outer loop
      vertex 27 142.8 6
      vertex 15 148.1 6
      vertex 15 142.8 6
    endloop
  endfacet
  facet normal 0 0 1
    outer loop
      vertex 81.237 146.215 6
      vertex 81.2527 146.238 6
      vertex 81.2539 146.25 6
    endloop
  endfacet
  facet normal 0 0 1
    outer loop
      vertex 81.237 146.215 6
      vertex 81.2513 146.222 6
      vertex 81.2527 146.238 6
    endloop
  endfacet
  facet normal -0 0 1
    outer loop
      vertex 81.237 146.215 6
      vertex 81.2499 146.202 6
      vertex 81.2513 146.222 6
    endloop
  endfacet
  facet normal 0 0 1
    outer loop
      vertex 81.2167 146.177 6
      vertex 81.2499 146.202 6
      vertex 81.237 146.215 6
    endloop
  endfacet
  facet normal 0 0 1
    outer loop
      vertex 81.2499 146.202 6
      vertex 81.2167 146.177 6
      vertex 81.2483 146.178 6
    endloop
  endfacet
  facet normal 0 0 1
    outer loop
      vertex 81.2483 146.178 6
      vertex 81.2167 146.177 6
      vertex 81.2465 146.151 6
    endloop
  endfacet
  facet normal 0 0 1
    outer loop
      vertex 81.1929 146.134 6
      vertex 81.2465 146.151 6
      vertex 81.2167 146.177 6
    endloop
  endfacet
  facet normal 0 0 1
    outer loop
      vertex 81.2465 146.151 6
      vertex 81.1929 146.134 6
      vertex 81.2447 146.12 6
    endloop
  endfacet
  facet normal 0 0 1
    outer loop
      vertex 81.2447 146.12 6
      vertex 81.1929 146.134 6
      vertex 81.2427 146.085 6
    endloop
  endfacet
  facet normal -0 0 1
    outer loop
      vertex 81.1656 146.087 6
      vertex 81.2427 146.085 6
      vertex 81.1929 146.134 6
    endloop
  endfacet
  facet normal 0 0 1
    outer loop
      vertex 81.2427 146.085 6
      vertex 81.1656 146.087 6
      vertex 81.2408 146.049 6
    endloop
  endfacet
  facet normal 0 0 1
    outer loop
      vertex 81.1348 146.035 6
      vertex 81.2408 146.049 6
      vertex 81.1656 146.087 6
    endloop
  endfacet
  facet normal 0 0 1
    outer loop
      vertex 81.2408 146.049 6
      vertex 81.1348 146.035 6
      vertex 81.2392 146.013 6
    endloop
  endfacet
  facet normal 0 0 1
    outer loop
      vertex 81.2392 146.013 6
      vertex 81.1348 146.035 6
      vertex 81.2379 145.979 6
    endloop
  endfacet
  facet normal -0 0 1
    outer loop
      vertex 81.1005 145.98 6
      vertex 81.2379 145.979 6
      vertex 81.1348 146.035 6
    endloop
  endfacet
  facet normal 0 0 1
    outer loop
      vertex 81.2379 145.979 6
      vertex 81.1005 145.98 6
      vertex 81.2369 145.945 6
    endloop
  endfacet
  facet normal 0 0 1
    outer loop
      vertex 81.2369 145.945 6
      vertex 81.1005 145.98 6
      vertex 81.2362 145.911 6
    endloop
  endfacet
  facet normal -0 0 1
    outer loop
      vertex 81.0627 145.92 6
      vertex 81.2362 145.911 6
      vertex 81.1005 145.98 6
    endloop
  endfacet
  facet normal 0 0 1
    outer loop
      vertex 81.2362 145.911 6
      vertex 81.0627 145.92 6
      vertex 81.2357 145.879 6
    endloop
  endfacet
  facet normal 0 0 1
    outer loop
      vertex 81.2357 145.879 6
      vertex 81.0627 145.92 6
      vertex 81.2356 145.847 6
    endloop
  endfacet
  facet normal 0 0 1
    outer loop
      vertex 81.2356 145.847 6
      vertex 81.0627 145.92 6
      vertex 81.2356 144.909 6
    endloop
  endfacet
  facet normal 0 0 1
    outer loop
      vertex 81.2356 144.909 6
      vertex 81.0627 145.92 6
      vertex 80.3974 144.909 6
    endloop
  endfacet
  facet normal 0 -1 0
    outer loop
      vertex 27 148.1 0
      vertex 75 148.1 6
      vertex 27 148.1 6
    endloop
  endfacet
  facet normal 0 -1 -0
    outer loop
      vertex 75 148.1 6
      vertex 27 148.1 0
      vertex 75 148.1 0
    endloop
  endfacet
  facet normal -1 0 0
    outer loop
      vertex 75 142.8 0
      vertex 75 148.1 6
      vertex 75 148.1 0
    endloop
  endfacet
  facet normal -1 -0 0
    outer loop
      vertex 75 148.1 6
      vertex 75 142.8 0
      vertex 75 142.8 6
    endloop
  endfacet
  facet normal 0 -1 0
    outer loop
      vertex 75 142.8 0
      vertex 87 142.8 6
      vertex 75 142.8 6
    endloop
  endfacet
  facet normal 0 -1 -0
    outer loop
      vertex 87 142.8 6
      vertex 75 142.8 0
      vertex 87 142.8 0
    endloop
  endfacet
  facet normal 1 -0 0
    outer loop
      vertex 87 142.8 6
      vertex 87 148.1 0
      vertex 87 148.1 6
    endloop
  endfacet
  facet normal 1 0 0
    outer loop
      vertex 87 148.1 0
      vertex 87 142.8 6
      vertex 87 142.8 0
    endloop
  endfacet
  facet normal 0 -1 0
    outer loop
      vertex 87 148.1 0
      vertex 121 148.1 6
      vertex 87 148.1 6
    endloop
  endfacet
  facet normal 0 -1 -0
    outer loop
      vertex 121 148.1 6
      vertex 87 148.1 0
      vertex 121 148.1 0
    endloop
  endfacet
  facet normal 1 -0 0
    outer loop
      vertex 121 148.1 6
      vertex 121 152.1 0
      vertex 121 152.1 6
    endloop
  endfacet
  facet normal 1 0 0
    outer loop
      vertex 121 152.1 0
      vertex 121 148.1 6
      vertex 121 148.1 0
    endloop
  endfacet
  facet normal 0 1 -0
    outer loop
      vertex 121 152.1 0
      vertex 1.5 152.1 6
      vertex 121 152.1 6
    endloop
  endfacet
  facet normal 0 1 0
    outer loop
      vertex 1.5 152.1 6
      vertex 121 152.1 0
      vertex 1.5 152.1 0
    endloop
  endfacet
  facet normal -1 0 0
    outer loop
      vertex 1.5 148.1 0
      vertex 1.5 152.1 6
      vertex 1.5 152.1 0
    endloop
  endfacet
  facet normal -1 -0 0
    outer loop
      vertex 1.5 152.1 6
      vertex 1.5 148.1 0
      vertex 1.5 148.1 6
    endloop
  endfacet
  facet normal 0 -1 0
    outer loop
      vertex 1.5 148.1 0
      vertex 15 148.1 6
      vertex 1.5 148.1 6
    endloop
  endfacet
  facet normal 0 -1 -0
    outer loop
      vertex 15 148.1 6
      vertex 1.5 148.1 0
      vertex 15 148.1 0
    endloop
  endfacet
  facet normal -1 0 0
    outer loop
      vertex 15 142.8 0
      vertex 15 148.1 6
      vertex 15 148.1 0
    endloop
  endfacet
  facet normal -1 -0 0
    outer loop
      vertex 15 148.1 6
      vertex 15 142.8 0
      vertex 15 142.8 6
    endloop
  endfacet
  facet normal 0 -1 0
    outer loop
      vertex 15 142.8 0
      vertex 27 142.8 6
      vertex 15 142.8 6
    endloop
  endfacet
  facet normal 0 -1 -0
    outer loop
      vertex 27 142.8 6
      vertex 15 142.8 0
      vertex 27 142.8 0
    endloop
  endfacet
  facet normal 1 -0 0
    outer loop
      vertex 27 142.8 6
      vertex 27 148.1 0
      vertex 27 148.1 6
    endloop
  endfacet
  facet normal 1 0 0
    outer loop
      vertex 27 148.1 0
      vertex 27 142.8 6
      vertex 27 142.8 0
    endloop
  endfacet
  facet normal 0 0 1
    outer loop
      vertex 79.8833 146.767 5.4
      vertex 78.9556 146.303 5.4
      vertex 79.8833 146.303 5.4
    endloop
  endfacet
  facet normal 0 0 1
    outer loop
      vertex 78.9556 146.303 5.4
      vertex 78.3554 146.303 5.4
      vertex 78.9556 143.9 5.4
    endloop
  endfacet
  facet normal 0 0 1
    outer loop
      vertex 79.8833 146.767 5.4
      vertex 78.3554 146.303 5.4
      vertex 78.9556 146.303 5.4
    endloop
  endfacet
  facet normal -0 0 1
    outer loop
      vertex 77.4298 146.767 5.4
      vertex 78.3554 146.303 5.4
      vertex 79.8833 146.767 5.4
    endloop
  endfacet
  facet normal 0 0 1
    outer loop
      vertex 78.3554 146.303 5.4
      vertex 77.4298 146.767 5.4
      vertex 77.4298 146.303 5.4
    endloop
  endfacet
  facet normal 0 0 1
    outer loop
      vertex 78.9556 143.9 5.4
      vertex 78.3554 146.303 5.4
      vertex 78.3554 143.9 5.4
    endloop
  endfacet
  facet normal -0 0 1
    outer loop
      vertex 80.3974 144.909 5.4
      vertex 81.2356 144.484 5.4
      vertex 81.2356 144.909 5.4
    endloop
  endfacet
  facet normal 0 0 1
    outer loop
      vertex 79.9316 144.484 5.4
      vertex 80.3974 144.909 5.4
      vertex 79.9316 144.913 5.4
    endloop
  endfacet
  facet normal 0 0 1
    outer loop
      vertex 80.3974 144.909 5.4
      vertex 79.9316 144.484 5.4
      vertex 81.2356 144.484 5.4
    endloop
  endfacet
  facet normal -0 0 1
    outer loop
      vertex 81.2356 145.847 5.4
      vertex 81.7808 144.909 5.4
      vertex 81.7808 146.767 5.4
    endloop
  endfacet
  facet normal 0 0 1
    outer loop
      vertex 81.2356 144.909 5.4
      vertex 81.7808 144.909 5.4
      vertex 81.2356 145.847 5.4
    endloop
  endfacet
  facet normal 0 0 1
    outer loop
      vertex 81.2513 146.222 5.4
      vertex 81.7808 146.767 5.4
      vertex 81.2539 146.25 5.4
    endloop
  endfacet
  facet normal 0 0 1
    outer loop
      vertex 81.142 146.767 5.4
      vertex 81.237 146.215 5.4
      vertex 81.2539 146.25 5.4
    endloop
  endfacet
  facet normal 0 0 1
    outer loop
      vertex 81.237 146.215 5.4
      vertex 81.142 146.767 5.4
      vertex 81.2167 146.177 5.4
    endloop
  endfacet
  facet normal 0 0 1
    outer loop
      vertex 81.2167 146.177 5.4
      vertex 81.142 146.767 5.4
      vertex 81.1929 146.134 5.4
    endloop
  endfacet
  facet normal -0 0 1
    outer loop
      vertex 81.142 146.767 5.4
      vertex 81.2539 146.25 5.4
      vertex 81.7808 146.767 5.4
    endloop
  endfacet
  facet normal 0 0 1
    outer loop
      vertex 81.1929 146.134 5.4
      vertex 81.142 146.767 5.4
      vertex 81.1656 146.087 5.4
    endloop
  endfacet
  facet normal 0 0 1
    outer loop
      vertex 81.142 146.767 5.4
      vertex 81.1348 146.035 5.4
      vertex 81.1656 146.087 5.4
    endloop
  endfacet
  facet normal 0 0 1
    outer loop
      vertex 81.142 146.767 5.4
      vertex 81.1005 145.98 5.4
      vertex 81.1348 146.035 5.4
    endloop
  endfacet
  facet normal 0 0 1
    outer loop
      vertex 81.142 146.767 5.4
      vertex 81.0627 145.92 5.4
      vertex 81.1005 145.98 5.4
    endloop
  endfacet
  facet normal 0 0 1
    outer loop
      vertex 79.9316 144.913 5.4
      vertex 81.0627 145.92 5.4
      vertex 81.142 146.767 5.4
    endloop
  endfacet
  facet normal 0 0 1
    outer loop
      vertex 81.0627 145.92 5.4
      vertex 79.9316 144.913 5.4
      vertex 80.3974 144.909 5.4
    endloop
  endfacet
  facet normal -0 0 1
    outer loop
      vertex 81.7808 144.909 5.4
      vertex 82.1633 144.484 5.4
      vertex 82.1633 144.909 5.4
    endloop
  endfacet
  facet normal 0 0 1
    outer loop
      vertex 82.1633 144.484 5.4
      vertex 81.7808 144.909 5.4
      vertex 81.7808 144.484 5.4
    endloop
  endfacet
  facet normal 0 0 1
    outer loop
      vertex 81.2513 146.222 5.4
      vertex 81.2539 146.25 5.4
      vertex 81.2527 146.238 5.4
    endloop
  endfacet
  facet normal 0 0 1
    outer loop
      vertex 81.2499 146.202 5.4
      vertex 81.7808 146.767 5.4
      vertex 81.2513 146.222 5.4
    endloop
  endfacet
  facet normal 0 0 1
    outer loop
      vertex 81.2483 146.178 5.4
      vertex 81.7808 146.767 5.4
      vertex 81.2499 146.202 5.4
    endloop
  endfacet
  facet normal 0 0 1
    outer loop
      vertex 81.2465 146.151 5.4
      vertex 81.7808 146.767 5.4
      vertex 81.2483 146.178 5.4
    endloop
  endfacet
  facet normal 0 0 1
    outer loop
      vertex 81.2447 146.12 5.4
      vertex 81.7808 146.767 5.4
      vertex 81.2465 146.151 5.4
    endloop
  endfacet
  facet normal 0 0 1
    outer loop
      vertex 81.2427 146.085 5.4
      vertex 81.7808 146.767 5.4
      vertex 81.2447 146.12 5.4
    endloop
  endfacet
  facet normal 0 0 1
    outer loop
      vertex 81.2408 146.049 5.4
      vertex 81.7808 146.767 5.4
      vertex 81.2427 146.085 5.4
    endloop
  endfacet
  facet normal 0 0 1
    outer loop
      vertex 81.2392 146.013 5.4
      vertex 81.7808 146.767 5.4
      vertex 81.2408 146.049 5.4
    endloop
  endfacet
  facet normal 0 0 1
    outer loop
      vertex 81.2379 145.979 5.4
      vertex 81.7808 146.767 5.4
      vertex 81.2392 146.013 5.4
    endloop
  endfacet
  facet normal 0 0 1
    outer loop
      vertex 81.2369 145.945 5.4
      vertex 81.7808 146.767 5.4
      vertex 81.2379 145.979 5.4
    endloop
  endfacet
  facet normal 0 0 1
    outer loop
      vertex 81.2362 145.911 5.4
      vertex 81.7808 146.767 5.4
      vertex 81.2369 145.945 5.4
    endloop
  endfacet
  facet normal 0 0 1
    outer loop
      vertex 81.2357 145.879 5.4
      vertex 81.7808 146.767 5.4
      vertex 81.2362 145.911 5.4
    endloop
  endfacet
  facet normal 0 0 1
    outer loop
      vertex 81.2356 145.847 5.4
      vertex 81.7808 146.767 5.4
      vertex 81.2357 145.879 5.4
    endloop
  endfacet
  facet normal 0 0 1
    outer loop
      vertex 81.7808 144.909 5.4
      vertex 81.2356 144.909 5.4
      vertex 81.7808 144.484 5.4
    endloop
  endfacet
  facet normal 0 0 1
    outer loop
      vertex 81.2356 144.484 5.4
      vertex 81.7808 144.484 5.4
      vertex 81.2356 144.909 5.4
    endloop
  endfacet
  facet normal 0 0 1
    outer loop
      vertex 81.7808 144.484 5.4
      vertex 81.2356 144.484 5.4
      vertex 81.7808 143.9 5.4
    endloop
  endfacet
  facet normal 0 0 1
    outer loop
      vertex 81.7808 143.9 5.4
      vertex 81.2356 144.484 5.4
      vertex 81.2356 143.9 5.4
    endloop
  endfacet
  facet normal 0 0 1
    outer loop
      vertex 83.0103 146.767 5.4
      vertex 82.4102 146.767 5.4
      vertex 83.0103 144.364 5.4
    endloop
  endfacet
  facet normal -0 0 1
    outer loop
      vertex 83.0103 144.364 5.4
      vertex 84.5483 143.9 5.4
      vertex 84.5483 144.364 5.4
    endloop
  endfacet
  facet normal 0 0 1
    outer loop
      vertex 83.0103 144.364 5.4
      vertex 82.4102 143.9 5.4
      vertex 84.5483 143.9 5.4
    endloop
  endfacet
  facet normal 0 0 1
    outer loop
      vertex 82.4102 143.9 5.4
      vertex 83.0103 144.364 5.4
      vertex 82.4102 146.767 5.4
    endloop
  endfacet
  facet normal 0 1 -0
    outer loop
      vertex 79.8833 146.303 5.4
      vertex 78.9556 146.303 6
      vertex 79.8833 146.303 6
    endloop
  endfacet
  facet normal 0 1 0
    outer loop
      vertex 78.9556 146.303 6
      vertex 79.8833 146.303 5.4
      vertex 78.9556 146.303 5.4
    endloop
  endfacet
  facet normal -1 0 0
    outer loop
      vertex 79.8833 146.303 5.4
      vertex 79.8833 146.767 6
      vertex 79.8833 146.767 5.4
    endloop
  endfacet
  facet normal -1 -0 0
    outer loop
      vertex 79.8833 146.767 6
      vertex 79.8833 146.303 5.4
      vertex 79.8833 146.303 6
    endloop
  endfacet
  facet normal 0 -1 0
    outer loop
      vertex 77.4298 146.767 5.4
      vertex 79.8833 146.767 6
      vertex 77.4298 146.767 6
    endloop
  endfacet
  facet normal 0 -1 -0
    outer loop
      vertex 79.8833 146.767 6
      vertex 77.4298 146.767 5.4
      vertex 79.8833 146.767 5.4
    endloop
  endfacet
  facet normal 1 -0 0
    outer loop
      vertex 77.4298 146.303 6
      vertex 77.4298 146.767 5.4
      vertex 77.4298 146.767 6
    endloop
  endfacet
  facet normal 1 0 0
    outer loop
      vertex 77.4298 146.767 5.4
      vertex 77.4298 146.303 6
      vertex 77.4298 146.303 5.4
    endloop
  endfacet
  facet normal 0 1 -0
    outer loop
      vertex 78.3554 146.303 5.4
      vertex 77.4298 146.303 6
      vertex 78.3554 146.303 6
    endloop
  endfacet
  facet normal 0 1 0
    outer loop
      vertex 77.4298 146.303 6
      vertex 78.3554 146.303 5.4
      vertex 77.4298 146.303 5.4
    endloop
  endfacet
  facet normal 1 -0 0
    outer loop
      vertex 78.3554 143.9 6
      vertex 78.3554 146.303 5.4
      vertex 78.3554 146.303 6
    endloop
  endfacet
  facet normal 1 0 0
    outer loop
      vertex 78.3554 146.303 5.4
      vertex 78.3554 143.9 6
      vertex 78.3554 143.9 5.4
    endloop
  endfacet
  facet normal 0 1 -0
    outer loop
      vertex 78.9556 143.9 5.4
      vertex 78.3554 143.9 6
      vertex 78.9556 143.9 6
    endloop
  endfacet
  facet normal 0 1 0
    outer loop
      vertex 78.3554 143.9 6
      vertex 78.9556 143.9 5.4
      vertex 78.3554 143.9 5.4
    endloop
  endfacet
  facet normal -1 0 0
    outer loop
      vertex 78.9556 143.9 5.4
      vertex 78.9556 146.303 6
      vertex 78.9556 146.303 5.4
    endloop
  endfacet
  facet normal -1 -0 0
    outer loop
      vertex 78.9556 146.303 6
      vertex 78.9556 143.9 5.4
      vertex 78.9556 143.9 6
    endloop
  endfacet
  facet normal 0 1 -0
    outer loop
      vertex 82.1633 144.484 5.4
      vertex 81.7808 144.484 6
      vertex 82.1633 144.484 6
    endloop
  endfacet
  facet normal 0 1 0
    outer loop
      vertex 81.7808 144.484 6
      vertex 82.1633 144.484 5.4
      vertex 81.7808 144.484 5.4
    endloop
  endfacet
  facet normal -1 0 0
    outer loop
      vertex 82.1633 144.484 5.4
      vertex 82.1633 144.909 6
      vertex 82.1633 144.909 5.4
    endloop
  endfacet
  facet normal -1 -0 0
    outer loop
      vertex 82.1633 144.909 6
      vertex 82.1633 144.484 5.4
      vertex 82.1633 144.484 6
    endloop
  endfacet
  facet normal 0 -1 0
    outer loop
      vertex 81.7808 144.909 5.4
      vertex 82.1633 144.909 6
      vertex 81.7808 144.909 6
    endloop
  endfacet
  facet normal 0 -1 -0
    outer loop
      vertex 82.1633 144.909 6
      vertex 81.7808 144.909 5.4
      vertex 82.1633 144.909 5.4
    endloop
  endfacet
  facet normal -1 0 0
    outer loop
      vertex 81.7808 144.909 5.4
      vertex 81.7808 146.767 6
      vertex 81.7808 146.767 5.4
    endloop
  endfacet
  facet normal -1 -0 0
    outer loop
      vertex 81.7808 146.767 6
      vertex 81.7808 144.909 5.4
      vertex 81.7808 144.909 6
    endloop
  endfacet
  facet normal 0 -1 0
    outer loop
      vertex 81.142 146.767 5.4
      vertex 81.7808 146.767 6
      vertex 81.142 146.767 6
    endloop
  endfacet
  facet normal 0 -1 -0
    outer loop
      vertex 81.7808 146.767 6
      vertex 81.142 146.767 5.4
      vertex 81.7808 146.767 5.4
    endloop
  endfacet
  facet normal 0.837348 -0.54667 1.10368e-16
    outer loop
      vertex 79.9316 144.913 6
      vertex 81.142 146.767 5.4
      vertex 81.142 146.767 6
    endloop
  endfacet
  facet normal 0.837348 -0.54667 1.10368e-16
    outer loop
      vertex 81.142 146.767 5.4
      vertex 79.9316 144.913 6
      vertex 79.9316 144.913 5.4
    endloop
  endfacet
  facet normal 1 -0 0
    outer loop
      vertex 79.9316 144.484 6
      vertex 79.9316 144.913 5.4
      vertex 79.9316 144.913 6
    endloop
  endfacet
  facet normal 1 0 0
    outer loop
      vertex 79.9316 144.913 5.4
      vertex 79.9316 144.484 6
      vertex 79.9316 144.484 5.4
    endloop
  endfacet
  facet normal 0 1 -0
    outer loop
      vertex 81.2356 144.484 5.4
      vertex 79.9316 144.484 6
      vertex 81.2356 144.484 6
    endloop
  endfacet
  facet normal 0 1 0
    outer loop
      vertex 79.9316 144.484 6
      vertex 81.2356 144.484 5.4
      vertex 79.9316 144.484 5.4
    endloop
  endfacet
  facet normal 1 -0 0
    outer loop
      vertex 81.2356 143.9 6
      vertex 81.2356 144.484 5.4
      vertex 81.2356 144.484 6
    endloop
  endfacet
  facet normal 1 0 0
    outer loop
      vertex 81.2356 144.484 5.4
      vertex 81.2356 143.9 6
      vertex 81.2356 143.9 5.4
    endloop
  endfacet
  facet normal 0 1 -0
    outer loop
      vertex 81.7808 143.9 5.4
      vertex 81.2356 143.9 6
      vertex 81.7808 143.9 6
    endloop
  endfacet
  facet normal 0 1 0
    outer loop
      vertex 81.2356 143.9 6
      vertex 81.7808 143.9 5.4
      vertex 81.2356 143.9 5.4
    endloop
  endfacet
  facet normal -1 0 0
    outer loop
      vertex 81.7808 143.9 5.4
      vertex 81.7808 144.484 6
      vertex 81.7808 144.484 5.4
    endloop
  endfacet
  facet normal -1 -0 0
    outer loop
      vertex 81.7808 144.484 6
      vertex 81.7808 143.9 5.4
      vertex 81.7808 143.9 6
    endloop
  endfacet
  facet normal -0.835353 0.549714 4.76781e-17
    outer loop
      vertex 80.3974 144.909 5.4
      vertex 81.0627 145.92 6
      vertex 81.0627 145.92 5.4
    endloop
  endfacet
  facet normal -0.835353 0.549714 4.76781e-17
    outer loop
      vertex 81.0627 145.92 6
      vertex 80.3974 144.909 5.4
      vertex 80.3974 144.909 6
    endloop
  endfacet
  facet normal -0.846092 0.533038 3.882e-18
    outer loop
      vertex 81.0627 145.92 5.4
      vertex 81.1005 145.98 6
      vertex 81.1005 145.98 5.4
    endloop
  endfacet
  facet normal -0.846092 0.533038 3.882e-18
    outer loop
      vertex 81.1005 145.98 6
      vertex 81.0627 145.92 5.4
      vertex 81.0627 145.92 6
    endloop
  endfacet
  facet normal -0.848518 0.529167 5.83782e-19
    outer loop
      vertex 81.1005 145.98 5.4
      vertex 81.1348 146.035 6
      vertex 81.1348 146.035 5.4
    endloop
  endfacet
  facet normal -0.848518 0.529167 5.83782e-19
    outer loop
      vertex 81.1348 146.035 6
      vertex 81.1005 145.98 5.4
      vertex 81.1005 145.98 6
    endloop
  endfacet
  facet normal -0.860399 0.509621 1.26385e-18
    outer loop
      vertex 81.1348 146.035 5.4
      vertex 81.1656 146.087 6
      vertex 81.1656 146.087 5.4
    endloop
  endfacet
  facet normal -0.860399 0.509621 1.26385e-18
    outer loop
      vertex 81.1656 146.087 6
      vertex 81.1348 146.035 5.4
      vertex 81.1348 146.035 6
    endloop
  endfacet
  facet normal -0.864712 0.502269 3.06109e-18
    outer loop
      vertex 81.1656 146.087 5.4
      vertex 81.1929 146.134 6
      vertex 81.1929 146.134 5.4
    endloop
  endfacet
  facet normal -0.864712 0.502269 3.06109e-18
    outer loop
      vertex 81.1929 146.134 6
      vertex 81.1656 146.087 5.4
      vertex 81.1656 146.087 6
    endloop
  endfacet
  facet normal -0.874924 0.48426 2.66964e-18
    outer loop
      vertex 81.1929 146.134 5.4
      vertex 81.2167 146.177 6
      vertex 81.2167 146.177 5.4
    endloop
  endfacet
  facet normal -0.874924 0.48426 2.66964e-18
    outer loop
      vertex 81.2167 146.177 6
      vertex 81.1929 146.134 5.4
      vertex 81.1929 146.134 6
    endloop
  endfacet
  facet normal -0.882031 0.47119 -1.33836e-18
    outer loop
      vertex 81.2167 146.177 5.4
      vertex 81.237 146.215 6
      vertex 81.237 146.215 5.4
    endloop
  endfacet
  facet normal -0.882031 0.47119 -1.33836e-18
    outer loop
      vertex 81.237 146.215 6
      vertex 81.2167 146.177 5.4
      vertex 81.2167 146.177 6
    endloop
  endfacet
  facet normal -0.900517 0.434821 -3.16298e-19
    outer loop
      vertex 81.237 146.215 5.4
      vertex 81.2539 146.25 6
      vertex 81.2539 146.25 5.4
    endloop
  endfacet
  facet normal -0.900517 0.434821 -3.16298e-19
    outer loop
      vertex 81.2539 146.25 6
      vertex 81.237 146.215 5.4
      vertex 81.237 146.215 6
    endloop
  endfacet
  facet normal 0.995037 -0.0995037 -6.89547e-21
    outer loop
      vertex 81.2527 146.238 6
      vertex 81.2539 146.25 5.4
      vertex 81.2539 146.25 6
    endloop
  endfacet
  facet normal 0.995037 -0.0995037 -6.89547e-21
    outer loop
      vertex 81.2539 146.25 5.4
      vertex 81.2527 146.238 6
      vertex 81.2527 146.238 5.4
    endloop
  endfacet
  facet normal 0.996194 -0.087167 1.37831e-19
    outer loop
      vertex 81.2513 146.222 6
      vertex 81.2527 146.238 5.4
      vertex 81.2527 146.238 6
    endloop
  endfacet
  facet normal 0.996194 -0.087167 1.37831e-19
    outer loop
      vertex 81.2527 146.238 5.4
      vertex 81.2513 146.222 6
      vertex 81.2513 146.222 5.4
    endloop
  endfacet
  facet normal 0.997559 -0.0698291 -6.24058e-20
    outer loop
      vertex 81.2499 146.202 6
      vertex 81.2513 146.222 5.4
      vertex 81.2513 146.222 6
    endloop
  endfacet
  facet normal 0.997559 -0.0698291 -6.24058e-20
    outer loop
      vertex 81.2513 146.222 5.4
      vertex 81.2499 146.202 6
      vertex 81.2499 146.202 5.4
    endloop
  endfacet
  facet normal 0.997785 -0.066519 -9.21935e-21
    outer loop
      vertex 81.2483 146.178 6
      vertex 81.2499 146.202 5.4
      vertex 81.2499 146.202 6
    endloop
  endfacet
  facet normal 0.997785 -0.066519 -9.21935e-21
    outer loop
      vertex 81.2499 146.202 5.4
      vertex 81.2483 146.178 6
      vertex 81.2483 146.178 5.4
    endloop
  endfacet
  facet normal 0.997785 -0.066519 -1.12721e-21
    outer loop
      vertex 81.2465 146.151 6
      vertex 81.2483 146.178 5.4
      vertex 81.2483 146.178 6
    endloop
  endfacet
  facet normal 0.997785 -0.066519 -1.12721e-21
    outer loop
      vertex 81.2483 146.178 5.4
      vertex 81.2465 146.151 6
      vertex 81.2465 146.151 5.4
    endloop
  endfacet
  facet normal 0.998319 -0.0579669 -1.50057e-19
    outer loop
      vertex 81.2447 146.12 6
      vertex 81.2465 146.151 5.4
      vertex 81.2465 146.151 6
    endloop
  endfacet
  facet normal 0.998319 -0.0579669 -1.50057e-19
    outer loop
      vertex 81.2465 146.151 5.4
      vertex 81.2447 146.12 6
      vertex 81.2447 146.12 5.4
    endloop
  endfacet
  facet normal 0.998371 -0.0570498 3.11535e-19
    outer loop
      vertex 81.2427 146.085 6
      vertex 81.2447 146.12 5.4
      vertex 81.2447 146.12 6
    endloop
  endfacet
  facet normal 0.998371 -0.0570498 3.11535e-19
    outer loop
      vertex 81.2447 146.12 5.4
      vertex 81.2427 146.085 6
      vertex 81.2427 146.085 5.4
    endloop
  endfacet
  facet normal 0.99861 -0.0527044 -2.32916e-19
    outer loop
      vertex 81.2408 146.049 6
      vertex 81.2427 146.085 5.4
      vertex 81.2427 146.085 6
    endloop
  endfacet
  facet normal 0.99861 -0.0527044 -2.32916e-19
    outer loop
      vertex 81.2427 146.085 5.4
      vertex 81.2408 146.049 6
      vertex 81.2408 146.049 5.4
    endloop
  endfacet
  facet normal 0.999014 -0.0444006 -9.2307e-21
    outer loop
      vertex 81.2392 146.013 6
      vertex 81.2408 146.049 5.4
      vertex 81.2408 146.049 6
    endloop
  endfacet
  facet normal 0.999014 -0.0444006 -9.2307e-21
    outer loop
      vertex 81.2408 146.049 5.4
      vertex 81.2392 146.013 6
      vertex 81.2392 146.013 5.4
    endloop
  endfacet
  facet normal 0.99927 -0.0382074 2.01089e-20
    outer loop
      vertex 81.2379 145.979 6
      vertex 81.2392 146.013 5.4
      vertex 81.2392 146.013 6
    endloop
  endfacet
  facet normal 0.99927 -0.0382074 2.01089e-20
    outer loop
      vertex 81.2392 146.013 5.4
      vertex 81.2379 145.979 6
      vertex 81.2379 145.979 5.4
    endloop
  endfacet
  facet normal 0.999568 -0.0293991 2.67108e-20
    outer loop
      vertex 81.2369 145.945 6
      vertex 81.2379 145.979 5.4
      vertex 81.2379 145.979 6
    endloop
  endfacet
  facet normal 0.999568 -0.0293991 2.67108e-20
    outer loop
      vertex 81.2379 145.979 5.4
      vertex 81.2369 145.945 6
      vertex 81.2369 145.945 5.4
    endloop
  endfacet
  facet normal 0.999788 -0.0205839 -5.7017e-20
    outer loop
      vertex 81.2362 145.911 6
      vertex 81.2369 145.945 5.4
      vertex 81.2369 145.945 6
    endloop
  endfacet
  facet normal 0.999788 -0.0205839 -5.7017e-20
    outer loop
      vertex 81.2369 145.945 5.4
      vertex 81.2362 145.911 6
      vertex 81.2362 145.911 5.4
    endloop
  endfacet
  facet normal 0.999878 -0.0156231 -2.64129e-20
    outer loop
      vertex 81.2357 145.879 6
      vertex 81.2362 145.911 5.4
      vertex 81.2362 145.911 6
    endloop
  endfacet
  facet normal 0.999878 -0.0156231 -2.64129e-20
    outer loop
      vertex 81.2362 145.911 5.4
      vertex 81.2357 145.879 6
      vertex 81.2357 145.879 5.4
    endloop
  endfacet
  facet normal 0.999995 -0.00312498 3.28375e-22
    outer loop
      vertex 81.2356 145.847 6
      vertex 81.2357 145.879 5.4
      vertex 81.2357 145.879 6
    endloop
  endfacet
  facet normal 0.999995 -0.00312498 3.28375e-22
    outer loop
      vertex 81.2357 145.879 5.4
      vertex 81.2356 145.847 6
      vertex 81.2356 145.847 5.4
    endloop
  endfacet
  facet normal 1 -0 0
    outer loop
      vertex 81.2356 144.909 6
      vertex 81.2356 145.847 5.4
      vertex 81.2356 145.847 6
    endloop
  endfacet
  facet normal 1 0 0
    outer loop
      vertex 81.2356 145.847 5.4
      vertex 81.2356 144.909 6
      vertex 81.2356 144.909 5.4
    endloop
  endfacet
  facet normal 0 -1 0
    outer loop
      vertex 80.3974 144.909 5.4
      vertex 81.2356 144.909 6
      vertex 80.3974 144.909 6
    endloop
  endfacet
  facet normal 0 -1 -0
    outer loop
      vertex 81.2356 144.909 6
      vertex 80.3974 144.909 5.4
      vertex 81.2356 144.909 5.4
    endloop
  endfacet
  facet normal 0 -1 0
    outer loop
      vertex 83.0103 144.364 5.4
      vertex 84.5483 144.364 6
      vertex 83.0103 144.364 6
    endloop
  endfacet
  facet normal 0 -1 -0
    outer loop
      vertex 84.5483 144.364 6
      vertex 83.0103 144.364 5.4
      vertex 84.5483 144.364 5.4
    endloop
  endfacet
  facet normal -1 0 0
    outer loop
      vertex 83.0103 144.364 5.4
      vertex 83.0103 146.767 6
      vertex 83.0103 146.767 5.4
    endloop
  endfacet
  facet normal -1 -0 0
    outer loop
      vertex 83.0103 146.767 6
      vertex 83.0103 144.364 5.4
      vertex 83.0103 144.364 6
    endloop
  endfacet
  facet normal 0 -1 0
    outer loop
      vertex 82.4102 146.767 5.4
      vertex 83.0103 146.767 6
      vertex 82.4102 146.767 6
    endloop
  endfacet
  facet normal 0 -1 -0
    outer loop
      vertex 83.0103 146.767 6
      vertex 82.4102 146.767 5.4
      vertex 83.0103 146.767 5.4
    endloop
  endfacet
  facet normal 1 -0 0
    outer loop
      vertex 82.4102 143.9 6
      vertex 82.4102 146.767 5.4
      vertex 82.4102 146.767 6
    endloop
  endfacet
  facet normal 1 0 0
    outer loop
      vertex 82.4102 146.767 5.4
      vertex 82.4102 143.9 6
      vertex 82.4102 143.9 5.4
    endloop
  endfacet
  facet normal 0 1 -0
    outer loop
      vertex 84.5483 143.9 5.4
      vertex 82.4102 143.9 6
      vertex 84.5483 143.9 6
    endloop
  endfacet
  facet normal 0 1 0
    outer loop
      vertex 82.4102 143.9 6
      vertex 84.5483 143.9 5.4
      vertex 82.4102 143.9 5.4
    endloop
  endfacet
  facet normal -1 0 0
    outer loop
      vertex 84.5483 143.9 5.4
      vertex 84.5483 144.364 6
      vertex 84.5483 144.364 5.4
    endloop
  endfacet
  facet normal -1 -0 0
    outer loop
      vertex 84.5483 144.364 6
      vertex 84.5483 143.9 5.4
      vertex 84.5483 143.9 6
    endloop
  endfacet
endsolid OpenSCAD_Model
