solid OpenSCAD_Model
  facet normal 0 0 -1
    outer loop
      vertex 66 -5.29999 0
      vertex 54 -5.29999 0
      vertex 66 0 0
    endloop
  endfacet
  facet normal 0 0 -1
    outer loop
      vertex 126 -5.29999 0
      vertex 114 -5.29999 0
      vertex 126 0 0
    endloop
  endfacet
  facet normal 0 0 -1
    outer loop
      vertex 126 0 0
      vertex 139.5 8 0
      vertex 139.5 0 0
    endloop
  endfacet
  facet normal 0 0 -1
    outer loop
      vertex 114 0 0
      vertex 126 0 0
      vertex 114 -5.29999 0
    endloop
  endfacet
  facet normal 0 0 -1
    outer loop
      vertex 126 0 0
      vertex 114 0 0
      vertex 139.5 8 0
    endloop
  endfacet
  facet normal 0 0 -1
    outer loop
      vertex 66 0 0
      vertex 139.5 8 0
      vertex 114 0 0
    endloop
  endfacet
  facet normal 0 0 -1
    outer loop
      vertex 54 0 0
      vertex 66 0 0
      vertex 54 -5.29999 0
    endloop
  endfacet
  facet normal 0 0 -1
    outer loop
      vertex 20 8 0
      vertex 66 0 0
      vertex 54 0 0
    endloop
  endfacet
  facet normal 0 0 -1
    outer loop
      vertex 20 8 0
      vertex 54 0 0
      vertex 20 0 0
    endloop
  endfacet
  facet normal 0 0 -1
    outer loop
      vertex 66 0 0
      vertex 20 8 0
      vertex 139.5 8 0
    endloop
  endfacet
  facet normal 0 0 1
    outer loop
      vertex 57.1289 -1.79802 6
      vertex 56.2033 -1.79802 6
      vertex 57.1289 -4.20062 6
    endloop
  endfacet
  facet normal 0 0 1
    outer loop
      vertex 139.5 8 6
      vertex 126 0 6
      vertex 139.5 0 6
    endloop
  endfacet
  facet normal 0 0 1
    outer loop
      vertex 126 0 6
      vertex 114 0 6
      vertex 126 -5.29999 6
    endloop
  endfacet
  facet normal 0 0 1
    outer loop
      vertex 139.5 8 6
      vertex 114 0 6
      vertex 126 0 6
    endloop
  endfacet
  facet normal 0 0 1
    outer loop
      vertex 139.5 8 6
      vertex 66 0 6
      vertex 114 0 6
    endloop
  endfacet
  facet normal -0 0 1
    outer loop
      vertex 63.672 -2.35395 6
      vertex 66 -5.29999 6
      vertex 66 0 6
    endloop
  endfacet
  facet normal 0 0 1
    outer loop
      vertex 63.6825 -2.27298 6
      vertex 66 0 6
      vertex 63.686 -2.18863 6
    endloop
  endfacet
  facet normal 0 0 1
    outer loop
      vertex 66 0 6
      vertex 63.6803 -2.07455 6
      vertex 63.686 -2.18863 6
    endloop
  endfacet
  facet normal 0 0 1
    outer loop
      vertex 66 0 6
      vertex 63.6632 -1.96833 6
      vertex 63.6803 -2.07455 6
    endloop
  endfacet
  facet normal 0 0 1
    outer loop
      vertex 66 0 6
      vertex 63.6348 -1.86996 6
      vertex 63.6632 -1.96833 6
    endloop
  endfacet
  facet normal 0 0 1
    outer loop
      vertex 66 0 6
      vertex 63.595 -1.77943 6
      vertex 63.6348 -1.86996 6
    endloop
  endfacet
  facet normal 0 0 1
    outer loop
      vertex 66 0 6
      vertex 63.5438 -1.69674 6
      vertex 63.595 -1.77943 6
    endloop
  endfacet
  facet normal 0 0 1
    outer loop
      vertex 66 0 6
      vertex 63.4812 -1.62191 6
      vertex 63.5438 -1.69674 6
    endloop
  endfacet
  facet normal 0 0 1
    outer loop
      vertex 66 0 6
      vertex 63.4073 -1.55493 6
      vertex 63.4812 -1.62191 6
    endloop
  endfacet
  facet normal 0 0 1
    outer loop
      vertex 66 0 6
      vertex 63.3229 -1.49636 6
      vertex 63.4073 -1.55493 6
    endloop
  endfacet
  facet normal 0 0 1
    outer loop
      vertex 66 0 6
      vertex 63.2289 -1.44682 6
      vertex 63.3229 -1.49636 6
    endloop
  endfacet
  facet normal 0 0 1
    outer loop
      vertex 66 0 6
      vertex 63.1254 -1.40628 6
      vertex 63.2289 -1.44682 6
    endloop
  endfacet
  facet normal 0 0 1
    outer loop
      vertex 66 0 6
      vertex 63.0123 -1.37474 6
      vertex 63.1254 -1.40628 6
    endloop
  endfacet
  facet normal 0 0 1
    outer loop
      vertex 66 0 6
      vertex 62.8897 -1.35221 6
      vertex 63.0123 -1.37474 6
    endloop
  endfacet
  facet normal 0 0 1
    outer loop
      vertex 66 0 6
      vertex 62.7576 -1.3387 6
      vertex 62.8897 -1.35221 6
    endloop
  endfacet
  facet normal 0 0 1
    outer loop
      vertex 66 0 6
      vertex 62.6159 -1.33419 6
      vertex 62.7576 -1.3387 6
    endloop
  endfacet
  facet normal 0 0 1
    outer loop
      vertex 66 0 6
      vertex 61.1837 -1.33419 6
      vertex 62.6159 -1.33419 6
    endloop
  endfacet
  facet normal -0 0 1
    outer loop
      vertex 60.8181 -3.23761 6
      vertex 61.1837 -4.20062 6
      vertex 61.1837 -1.33419 6
    endloop
  endfacet
  facet normal 0 0 1
    outer loop
      vertex 61.1837 -4.20062 6
      vertex 60.8278 -3.31314 6
      vertex 60.831 -3.39296 6
    endloop
  endfacet
  facet normal 0 0 1
    outer loop
      vertex 61.1837 -4.20062 6
      vertex 60.8181 -3.23761 6
      vertex 60.8278 -3.31314 6
    endloop
  endfacet
  facet normal 0 0 1
    outer loop
      vertex 61.1837 -1.33419 6
      vertex 60.802 -3.16635 6
      vertex 60.8181 -3.23761 6
    endloop
  endfacet
  facet normal -0 0 1
    outer loop
      vertex 60.7483 -2.18341 6
      vertex 60.802 -3.16635 6
      vertex 61.1837 -1.33419 6
    endloop
  endfacet
  facet normal 0 0 1
    outer loop
      vertex 60.7569 -2.12005 6
      vertex 61.1837 -1.33419 6
      vertex 60.7598 -2.05438 6
    endloop
  endfacet
  facet normal 0 0 1
    outer loop
      vertex 61.1837 -1.33419 6
      vertex 60.7547 -1.95317 6
      vertex 60.7598 -2.05438 6
    endloop
  endfacet
  facet normal 0 0 1
    outer loop
      vertex 61.1837 -1.33419 6
      vertex 60.7395 -1.85882 6
      vertex 60.7547 -1.95317 6
    endloop
  endfacet
  facet normal 0 0 1
    outer loop
      vertex 61.1837 -1.33419 6
      vertex 60.714 -1.77133 6
      vertex 60.7395 -1.85882 6
    endloop
  endfacet
  facet normal 0 0 1
    outer loop
      vertex 61.1837 -1.33419 6
      vertex 60.6784 -1.69069 6
      vertex 60.714 -1.77133 6
    endloop
  endfacet
  facet normal 0 0 1
    outer loop
      vertex 61.1837 -1.33419 6
      vertex 60.6326 -1.61688 6
      vertex 60.6784 -1.69069 6
    endloop
  endfacet
  facet normal 0 0 1
    outer loop
      vertex 61.1837 -1.33419 6
      vertex 60.5767 -1.54994 6
      vertex 60.6326 -1.61688 6
    endloop
  endfacet
  facet normal 0 0 1
    outer loop
      vertex 61.1837 -1.33419 6
      vertex 60.5106 -1.48983 6
      vertex 60.5767 -1.54994 6
    endloop
  endfacet
  facet normal -0 0 1
    outer loop
      vertex 59.9242 -1.29551 6
      vertex 61.1837 -1.33419 6
      vertex 66 0 6
    endloop
  endfacet
  facet normal 0 0 1
    outer loop
      vertex 61.1837 -1.33419 6
      vertex 60.435 -1.43721 6
      vertex 60.5106 -1.48983 6
    endloop
  endfacet
  facet normal 0 0 1
    outer loop
      vertex 61.1837 -1.33419 6
      vertex 60.3505 -1.39268 6
      vertex 60.435 -1.43721 6
    endloop
  endfacet
  facet normal 0 0 1
    outer loop
      vertex 61.1837 -1.33419 6
      vertex 60.2572 -1.35624 6
      vertex 60.3505 -1.39268 6
    endloop
  endfacet
  facet normal 0 0 1
    outer loop
      vertex 61.1837 -1.33419 6
      vertex 60.155 -1.32791 6
      vertex 60.2572 -1.35624 6
    endloop
  endfacet
  facet normal 0 0 1
    outer loop
      vertex 61.1837 -1.33419 6
      vertex 60.044 -1.30766 6
      vertex 60.155 -1.32791 6
    endloop
  endfacet
  facet normal 0 0 1
    outer loop
      vertex 61.1837 -1.33419 6
      vertex 59.9242 -1.29551 6
      vertex 60.044 -1.30766 6
    endloop
  endfacet
  facet normal 0 0 1
    outer loop
      vertex 66 0 6
      vertex 59.7955 -1.29147 6
      vertex 59.9242 -1.29551 6
    endloop
  endfacet
  facet normal -0 0 1
    outer loop
      vertex 54 0 6
      vertex 59.7955 -1.29147 6
      vertex 66 0 6
    endloop
  endfacet
  facet normal 0 0 1
    outer loop
      vertex 59.7955 -1.29147 6
      vertex 54 0 6
      vertex 59.6695 -1.29562 6
    endloop
  endfacet
  facet normal 0 -0 1
    outer loop
      vertex 58.6568 -1.33419 6
      vertex 59.6695 -1.29562 6
      vertex 54 0 6
    endloop
  endfacet
  facet normal 0 0 1
    outer loop
      vertex 58.853 -2.1795 6
      vertex 58.8034 -3.1775 6
      vertex 58.8261 -3.11139 6
    endloop
  endfacet
  facet normal 0 0 1
    outer loop
      vertex 58.8443 -2.11602 6
      vertex 57.7291 -1.79802 6
      vertex 58.8034 -3.1775 6
    endloop
  endfacet
  facet normal 0 0 1
    outer loop
      vertex 58.8034 -3.1775 6
      vertex 57.7291 -1.79802 6
      vertex 58.7872 -3.24716 6
    endloop
  endfacet
  facet normal 0 0 1
    outer loop
      vertex 58.8443 -2.11602 6
      vertex 58.6568 -1.79802 6
      vertex 57.7291 -1.79802 6
    endloop
  endfacet
  facet normal 0 0 1
    outer loop
      vertex 58.8465 -1.95277 6
      vertex 58.6568 -1.79802 6
      vertex 58.8414 -2.05029 6
    endloop
  endfacet
  facet normal 0 0 1
    outer loop
      vertex 58.8618 -1.86131 6
      vertex 58.6568 -1.79802 6
      vertex 58.8465 -1.95277 6
    endloop
  endfacet
  facet normal 0 0 1
    outer loop
      vertex 58.8872 -1.77591 6
      vertex 58.6568 -1.79802 6
      vertex 58.8618 -1.86131 6
    endloop
  endfacet
  facet normal 0 0 1
    outer loop
      vertex 58.9228 -1.69658 6
      vertex 58.6568 -1.79802 6
      vertex 58.8872 -1.77591 6
    endloop
  endfacet
  facet normal 0 0 1
    outer loop
      vertex 58.6568 -1.79802 6
      vertex 58.9228 -1.69658 6
      vertex 58.6568 -1.33419 6
    endloop
  endfacet
  facet normal 0 0 1
    outer loop
      vertex 58.9686 -1.6233 6
      vertex 58.6568 -1.33419 6
      vertex 58.9228 -1.69658 6
    endloop
  endfacet
  facet normal 0 0 1
    outer loop
      vertex 59.0245 -1.55609 6
      vertex 58.6568 -1.33419 6
      vertex 58.9686 -1.6233 6
    endloop
  endfacet
  facet normal 0 0 1
    outer loop
      vertex 59.0906 -1.49493 6
      vertex 58.6568 -1.33419 6
      vertex 59.0245 -1.55609 6
    endloop
  endfacet
  facet normal 0 0 1
    outer loop
      vertex 59.166 -1.44096 6
      vertex 58.6568 -1.33419 6
      vertex 59.0906 -1.49493 6
    endloop
  endfacet
  facet normal 0 0 1
    outer loop
      vertex 59.2499 -1.39528 6
      vertex 58.6568 -1.33419 6
      vertex 59.166 -1.44096 6
    endloop
  endfacet
  facet normal 0 0 1
    outer loop
      vertex 59.3421 -1.35791 6
      vertex 58.6568 -1.33419 6
      vertex 59.2499 -1.39528 6
    endloop
  endfacet
  facet normal 0 0 1
    outer loop
      vertex 59.4429 -1.32884 6
      vertex 58.6568 -1.33419 6
      vertex 59.3421 -1.35791 6
    endloop
  endfacet
  facet normal 0 0 1
    outer loop
      vertex 59.6695 -1.29562 6
      vertex 58.6568 -1.33419 6
      vertex 59.552 -1.30809 6
    endloop
  endfacet
  facet normal 0 0 1
    outer loop
      vertex 59.552 -1.30809 6
      vertex 58.6568 -1.33419 6
      vertex 59.4429 -1.32884 6
    endloop
  endfacet
  facet normal 0 0 1
    outer loop
      vertex 56.2033 -1.33419 6
      vertex 54 0 6
      vertex 56.2033 -1.79802 6
    endloop
  endfacet
  facet normal 0 0 1
    outer loop
      vertex 58.6568 -1.33419 6
      vertex 54 0 6
      vertex 56.2033 -1.33419 6
    endloop
  endfacet
  facet normal -0 0 1
    outer loop
      vertex 20 8 6
      vertex 66 0 6
      vertex 139.5 8 6
    endloop
  endfacet
  facet normal 0 0 1
    outer loop
      vertex 66 0 6
      vertex 20 8 6
      vertex 54 0 6
    endloop
  endfacet
  facet normal 0 0 1
    outer loop
      vertex 54 0 6
      vertex 20 8 6
      vertex 20 0 6
    endloop
  endfacet
  facet normal 0 0 1
    outer loop
      vertex 126 -5.29999 6
      vertex 114 0 6
      vertex 114 -5.29999 6
    endloop
  endfacet
  facet normal -0 0 1
    outer loop
      vertex 63.153 -4.20062 6
      vertex 66 -5.29999 6
      vertex 63.8284 -4.20062 6
    endloop
  endfacet
  facet normal 0 0 1
    outer loop
      vertex 61.7838 -4.20062 6
      vertex 62.4877 -3.11221 6
      vertex 61.7838 -3.11221 6
    endloop
  endfacet
  facet normal 0 0 1
    outer loop
      vertex 62.4877 -3.11221 6
      vertex 61.7838 -4.20062 6
      vertex 63.153 -4.20062 6
    endloop
  endfacet
  facet normal -0 0 1
    outer loop
      vertex 61.7838 -4.20062 6
      vertex 66 -5.29999 6
      vertex 63.153 -4.20062 6
    endloop
  endfacet
  facet normal -0 0 1
    outer loop
      vertex 61.1837 -4.20062 6
      vertex 66 -5.29999 6
      vertex 61.7838 -4.20062 6
    endloop
  endfacet
  facet normal -0 0 1
    outer loop
      vertex 60.8255 -3.50438 6
      vertex 61.1837 -4.20062 6
      vertex 60.831 -3.39296 6
    endloop
  endfacet
  facet normal -0 0 1
    outer loop
      vertex 60.8092 -3.60844 6
      vertex 61.1837 -4.20062 6
      vertex 60.8255 -3.50438 6
    endloop
  endfacet
  facet normal -0 0 1
    outer loop
      vertex 60.782 -3.70515 6
      vertex 61.1837 -4.20062 6
      vertex 60.8092 -3.60844 6
    endloop
  endfacet
  facet normal -0 0 1
    outer loop
      vertex 60.744 -3.79452 6
      vertex 61.1837 -4.20062 6
      vertex 60.782 -3.70515 6
    endloop
  endfacet
  facet normal -0 0 1
    outer loop
      vertex 60.695 -3.87655 6
      vertex 61.1837 -4.20062 6
      vertex 60.744 -3.79452 6
    endloop
  endfacet
  facet normal -0 0 1
    outer loop
      vertex 60.6352 -3.95121 6
      vertex 61.1837 -4.20062 6
      vertex 60.695 -3.87655 6
    endloop
  endfacet
  facet normal -0 0 1
    outer loop
      vertex 60.5645 -4.01855 6
      vertex 61.1837 -4.20062 6
      vertex 60.6352 -3.95121 6
    endloop
  endfacet
  facet normal -0 0 1
    outer loop
      vertex 60.4837 -4.07765 6
      vertex 61.1837 -4.20062 6
      vertex 60.5645 -4.01855 6
    endloop
  endfacet
  facet normal -0 0 1
    outer loop
      vertex 60.3936 -4.12765 6
      vertex 61.1837 -4.20062 6
      vertex 60.4837 -4.07765 6
    endloop
  endfacet
  facet normal -0 0 1
    outer loop
      vertex 60.2942 -4.16856 6
      vertex 61.1837 -4.20062 6
      vertex 60.3936 -4.12765 6
    endloop
  endfacet
  facet normal -0 0 1
    outer loop
      vertex 60.1855 -4.20039 6
      vertex 61.1837 -4.20062 6
      vertex 60.2942 -4.16856 6
    endloop
  endfacet
  facet normal 0 0 1
    outer loop
      vertex 60.0675 -4.22311 6
      vertex 61.1837 -4.20062 6
      vertex 60.1855 -4.20039 6
    endloop
  endfacet
  facet normal 0 0 1
    outer loop
      vertex 59.9402 -4.23675 6
      vertex 61.1837 -4.20062 6
      vertex 60.0675 -4.22311 6
    endloop
  endfacet
  facet normal 0 0 1
    outer loop
      vertex 61.1837 -4.20062 6
      vertex 59.9402 -4.23675 6
      vertex 66 -5.29999 6
    endloop
  endfacet
  facet normal -0 0 1
    outer loop
      vertex 59.8036 -4.2413 6
      vertex 66 -5.29999 6
      vertex 59.9402 -4.23675 6
    endloop
  endfacet
  facet normal 0 0 1
    outer loop
      vertex 54 -5.29999 6
      vertex 59.8036 -4.2413 6
      vertex 59.6681 -4.23677 6
    endloop
  endfacet
  facet normal 0 0 1
    outer loop
      vertex 54 -5.29999 6
      vertex 59.6681 -4.23677 6
      vertex 59.5415 -4.2232 6
    endloop
  endfacet
  facet normal 0 0 1
    outer loop
      vertex 57.7291 -4.20062 6
      vertex 58.7872 -3.24716 6
      vertex 57.7291 -1.79802 6
    endloop
  endfacet
  facet normal 0 0 1
    outer loop
      vertex 58.7872 -3.24716 6
      vertex 57.7291 -4.20062 6
      vertex 58.7775 -3.32032 6
    endloop
  endfacet
  facet normal 0 0 1
    outer loop
      vertex 58.7775 -3.32032 6
      vertex 57.7291 -4.20062 6
      vertex 58.7743 -3.39703 6
    endloop
  endfacet
  facet normal 0 0 1
    outer loop
      vertex 58.7743 -3.39703 6
      vertex 57.7291 -4.20062 6
      vertex 58.7798 -3.50788 6
    endloop
  endfacet
  facet normal 0 0 1
    outer loop
      vertex 58.7798 -3.50788 6
      vertex 57.7291 -4.20062 6
      vertex 58.7963 -3.61143 6
    endloop
  endfacet
  facet normal 0 0 1
    outer loop
      vertex 58.7963 -3.61143 6
      vertex 57.7291 -4.20062 6
      vertex 58.8238 -3.70767 6
    endloop
  endfacet
  facet normal 0 0 1
    outer loop
      vertex 58.8238 -3.70767 6
      vertex 57.7291 -4.20062 6
      vertex 58.8623 -3.79661 6
    endloop
  endfacet
  facet normal 0 0 1
    outer loop
      vertex 57.7291 -4.20062 6
      vertex 58.9118 -3.87823 6
      vertex 58.8623 -3.79661 6
    endloop
  endfacet
  facet normal 0 0 1
    outer loop
      vertex 57.7291 -4.20062 6
      vertex 58.9723 -3.95256 6
      vertex 58.9118 -3.87823 6
    endloop
  endfacet
  facet normal 0 0 1
    outer loop
      vertex 57.7291 -4.20062 6
      vertex 59.0438 -4.01957 6
      vertex 58.9723 -3.95256 6
    endloop
  endfacet
  facet normal 0 0 1
    outer loop
      vertex 57.7291 -4.20062 6
      vertex 59.1253 -4.0784 6
      vertex 59.0438 -4.01957 6
    endloop
  endfacet
  facet normal 0 0 1
    outer loop
      vertex 57.7291 -4.20062 6
      vertex 59.2159 -4.12817 6
      vertex 59.1253 -4.0784 6
    endloop
  endfacet
  facet normal 0 0 1
    outer loop
      vertex 57.7291 -4.20062 6
      vertex 59.3154 -4.1689 6
      vertex 59.2159 -4.12817 6
    endloop
  endfacet
  facet normal 0 0 1
    outer loop
      vertex 57.7291 -4.20062 6
      vertex 59.424 -4.20057 6
      vertex 59.3154 -4.1689 6
    endloop
  endfacet
  facet normal -0 0 1
    outer loop
      vertex 57.7291 -4.20062 6
      vertex 59.5415 -4.2232 6
      vertex 59.424 -4.20057 6
    endloop
  endfacet
  facet normal 0 0 1
    outer loop
      vertex 54 -5.29999 6
      vertex 59.5415 -4.2232 6
      vertex 57.7291 -4.20062 6
    endloop
  endfacet
  facet normal 0 0 1
    outer loop
      vertex 54 -5.29999 6
      vertex 57.7291 -4.20062 6
      vertex 57.1289 -4.20062 6
    endloop
  endfacet
  facet normal 0 0 1
    outer loop
      vertex 54 -5.29999 6
      vertex 56.2033 -1.79802 6
      vertex 54 0 6
    endloop
  endfacet
  facet normal 0 0 1
    outer loop
      vertex 59.8036 -4.2413 6
      vertex 54 -5.29999 6
      vertex 66 -5.29999 6
    endloop
  endfacet
  facet normal 0 0 1
    outer loop
      vertex 56.2033 -1.79802 6
      vertex 54 -5.29999 6
      vertex 57.1289 -4.20062 6
    endloop
  endfacet
  facet normal 0 0 1
    outer loop
      vertex 63.672 -2.35395 6
      vertex 66 0 6
      vertex 63.6825 -2.27298 6
    endloop
  endfacet
  facet normal -0 0 1
    outer loop
      vertex 63.6546 -2.43158 6
      vertex 66 -5.29999 6
      vertex 63.672 -2.35395 6
    endloop
  endfacet
  facet normal 0 0 1
    outer loop
      vertex 66 -5.29999 6
      vertex 63.6546 -2.43158 6
      vertex 63.8284 -4.20062 6
    endloop
  endfacet
  facet normal -0 0 1
    outer loop
      vertex 63.6302 -2.50584 6
      vertex 63.8284 -4.20062 6
      vertex 63.6546 -2.43158 6
    endloop
  endfacet
  facet normal -0 0 1
    outer loop
      vertex 63.5988 -2.57673 6
      vertex 63.8284 -4.20062 6
      vertex 63.6302 -2.50584 6
    endloop
  endfacet
  facet normal -0 0 1
    outer loop
      vertex 63.5604 -2.64427 6
      vertex 63.8284 -4.20062 6
      vertex 63.5988 -2.57673 6
    endloop
  endfacet
  facet normal -0 0 1
    outer loop
      vertex 63.5151 -2.70843 6
      vertex 63.8284 -4.20062 6
      vertex 63.5604 -2.64427 6
    endloop
  endfacet
  facet normal -0 0 1
    outer loop
      vertex 63.4638 -2.76786 6
      vertex 63.8284 -4.20062 6
      vertex 63.5151 -2.70843 6
    endloop
  endfacet
  facet normal -0 0 1
    outer loop
      vertex 63.4076 -2.82116 6
      vertex 63.8284 -4.20062 6
      vertex 63.4638 -2.76786 6
    endloop
  endfacet
  facet normal -0 0 1
    outer loop
      vertex 63.3466 -2.86839 6
      vertex 63.8284 -4.20062 6
      vertex 63.4076 -2.82116 6
    endloop
  endfacet
  facet normal -0 0 1
    outer loop
      vertex 63.2806 -2.90951 6
      vertex 63.8284 -4.20062 6
      vertex 63.3466 -2.86839 6
    endloop
  endfacet
  facet normal -0 0 1
    outer loop
      vertex 63.2097 -2.94453 6
      vertex 63.8284 -4.20062 6
      vertex 63.2806 -2.90951 6
    endloop
  endfacet
  facet normal -0 0 1
    outer loop
      vertex 63.134 -2.97345 6
      vertex 63.8284 -4.20062 6
      vertex 63.2097 -2.94453 6
    endloop
  endfacet
  facet normal 0 0 1
    outer loop
      vertex 63.8284 -4.20062 6
      vertex 63.134 -2.97345 6
      vertex 63.0533 -2.99627 6
    endloop
  endfacet
  facet normal 0 0 1
    outer loop
      vertex 60.7483 -2.18341 6
      vertex 61.1837 -1.33419 6
      vertex 60.7569 -2.12005 6
    endloop
  endfacet
  facet normal 0 0 1
    outer loop
      vertex 60.802 -3.16635 6
      vertex 60.7483 -2.18341 6
      vertex 60.7795 -3.09936 6
    endloop
  endfacet
  facet normal -0 0 1
    outer loop
      vertex 60.7338 -2.24443 6
      vertex 60.7795 -3.09936 6
      vertex 60.7483 -2.18341 6
    endloop
  endfacet
  facet normal 0 0 1
    outer loop
      vertex 60.7795 -3.09936 6
      vertex 60.7338 -2.24443 6
      vertex 60.7505 -3.03665 6
    endloop
  endfacet
  facet normal -0 0 1
    outer loop
      vertex 60.7136 -2.30314 6
      vertex 60.7505 -3.03665 6
      vertex 60.7338 -2.24443 6
    endloop
  endfacet
  facet normal -0 0 1
    outer loop
      vertex 60.6877 -2.35952 6
      vertex 60.7505 -3.03665 6
      vertex 60.7136 -2.30314 6
    endloop
  endfacet
  facet normal 0 0 1
    outer loop
      vertex 60.7505 -3.03665 6
      vertex 60.6877 -2.35952 6
      vertex 60.7151 -2.97822 6
    endloop
  endfacet
  facet normal -0 0 1
    outer loop
      vertex 60.6559 -2.41359 6
      vertex 60.7151 -2.97822 6
      vertex 60.6877 -2.35952 6
    endloop
  endfacet
  facet normal 0 0 1
    outer loop
      vertex 60.7151 -2.97822 6
      vertex 60.6559 -2.41359 6
      vertex 60.6733 -2.92405 6
    endloop
  endfacet
  facet normal -0 0 1
    outer loop
      vertex 60.6184 -2.46531 6
      vertex 60.6733 -2.92405 6
      vertex 60.6559 -2.41359 6
    endloop
  endfacet
  facet normal 0 0 1
    outer loop
      vertex 60.6733 -2.92405 6
      vertex 60.6184 -2.46531 6
      vertex 60.6258 -2.87483 6
    endloop
  endfacet
  facet normal -0 0 1
    outer loop
      vertex 60.576 -2.51323 6
      vertex 60.6258 -2.87483 6
      vertex 60.6184 -2.46531 6
    endloop
  endfacet
  facet normal 0 0 1
    outer loop
      vertex 60.576 -2.51323 6
      vertex 60.5735 -2.83122 6
      vertex 60.6258 -2.87483 6
    endloop
  endfacet
  facet normal -0 0 1
    outer loop
      vertex 60.5297 -2.55583 6
      vertex 60.5735 -2.83122 6
      vertex 60.576 -2.51323 6
    endloop
  endfacet
  facet normal 0 0 1
    outer loop
      vertex 60.5297 -2.55583 6
      vertex 60.5163 -2.79322 6
      vertex 60.5735 -2.83122 6
    endloop
  endfacet
  facet normal -0 0 1
    outer loop
      vertex 60.4795 -2.59311 6
      vertex 60.5163 -2.79322 6
      vertex 60.5297 -2.55583 6
    endloop
  endfacet
  facet normal 0 0 1
    outer loop
      vertex 60.4795 -2.59311 6
      vertex 60.4543 -2.76081 6
      vertex 60.5163 -2.79322 6
    endloop
  endfacet
  facet normal -0 0 1
    outer loop
      vertex 60.4253 -2.62507 6
      vertex 60.4543 -2.76081 6
      vertex 60.4795 -2.59311 6
    endloop
  endfacet
  facet normal 0 0 1
    outer loop
      vertex 60.4253 -2.62507 6
      vertex 60.3874 -2.73402 6
      vertex 60.4543 -2.76081 6
    endloop
  endfacet
  facet normal -0 0 1
    outer loop
      vertex 60.3671 -2.65173 6
      vertex 60.3874 -2.73402 6
      vertex 60.4253 -2.62507 6
    endloop
  endfacet
  facet normal 0 0 1
    outer loop
      vertex 60.3671 -2.65173 6
      vertex 60.3156 -2.71283 6
      vertex 60.3874 -2.73402 6
    endloop
  endfacet
  facet normal -0 0 1
    outer loop
      vertex 60.305 -2.67306 6
      vertex 60.3156 -2.71283 6
      vertex 60.3671 -2.65173 6
    endloop
  endfacet
  facet normal 0 0 1
    outer loop
      vertex 60.239 -2.69725 6
      vertex 60.305 -2.67306 6
      vertex 60.239 -2.68908 6
    endloop
  endfacet
  facet normal 0 0 1
    outer loop
      vertex 60.305 -2.67306 6
      vertex 60.239 -2.69725 6
      vertex 60.3156 -2.71283 6
    endloop
  endfacet
  facet normal 0 0 1
    outer loop
      vertex 59.2937 -2.67602 6
      vertex 59.3581 -2.70129 6
      vertex 59.3581 -2.69316 6
    endloop
  endfacet
  facet normal 0 0 1
    outer loop
      vertex 59.2937 -2.67602 6
      vertex 59.2842 -2.71701 6
      vertex 59.3581 -2.70129 6
    endloop
  endfacet
  facet normal 0 0 1
    outer loop
      vertex 59.2329 -2.65364 6
      vertex 59.2842 -2.71701 6
      vertex 59.2937 -2.67602 6
    endloop
  endfacet
  facet normal 0 0 1
    outer loop
      vertex 59.2329 -2.65364 6
      vertex 59.2146 -2.73858 6
      vertex 59.2842 -2.71701 6
    endloop
  endfacet
  facet normal 0 0 1
    outer loop
      vertex 59.1758 -2.62603 6
      vertex 59.2146 -2.73858 6
      vertex 59.2329 -2.65364 6
    endloop
  endfacet
  facet normal 0 0 1
    outer loop
      vertex 59.1758 -2.62603 6
      vertex 59.1495 -2.766 6
      vertex 59.2146 -2.73858 6
    endloop
  endfacet
  facet normal 0 0 1
    outer loop
      vertex 59.1223 -2.5932 6
      vertex 59.1495 -2.766 6
      vertex 59.1758 -2.62603 6
    endloop
  endfacet
  facet normal 0 0 1
    outer loop
      vertex 59.1223 -2.5932 6
      vertex 59.0888 -2.79928 6
      vertex 59.1495 -2.766 6
    endloop
  endfacet
  facet normal 0 0 1
    outer loop
      vertex 59.0725 -2.55513 6
      vertex 59.0888 -2.79928 6
      vertex 59.1223 -2.5932 6
    endloop
  endfacet
  facet normal 0 0 1
    outer loop
      vertex 59.0725 -2.55513 6
      vertex 59.0324 -2.83841 6
      vertex 59.0888 -2.79928 6
    endloop
  endfacet
  facet normal 0 0 1
    outer loop
      vertex 59.0263 -2.51184 6
      vertex 59.0324 -2.83841 6
      vertex 59.0725 -2.55513 6
    endloop
  endfacet
  facet normal 0 0 1
    outer loop
      vertex 58.9805 -2.88339 6
      vertex 59.0263 -2.51184 6
      vertex 58.9838 -2.4633 6
    endloop
  endfacet
  facet normal 0 0 1
    outer loop
      vertex 59.0263 -2.51184 6
      vertex 58.9805 -2.88339 6
      vertex 59.0324 -2.83841 6
    endloop
  endfacet
  facet normal 0 0 1
    outer loop
      vertex 58.9329 -2.93423 6
      vertex 58.9838 -2.4633 6
      vertex 58.946 -2.41102 6
    endloop
  endfacet
  facet normal 0 0 1
    outer loop
      vertex 58.9838 -2.4633 6
      vertex 58.9329 -2.93423 6
      vertex 58.9805 -2.88339 6
    endloop
  endfacet
  facet normal 0 0 1
    outer loop
      vertex 58.8908 -2.98976 6
      vertex 58.946 -2.41102 6
      vertex 58.914 -2.3565 6
    endloop
  endfacet
  facet normal 0 0 1
    outer loop
      vertex 58.946 -2.41102 6
      vertex 58.8908 -2.98976 6
      vertex 58.9329 -2.93423 6
    endloop
  endfacet
  facet normal 0 0 1
    outer loop
      vertex 58.8552 -3.04881 6
      vertex 58.914 -2.3565 6
      vertex 58.8879 -2.29976 6
    endloop
  endfacet
  facet normal 0 0 1
    outer loop
      vertex 58.8261 -3.11139 6
      vertex 58.8879 -2.29976 6
      vertex 58.8676 -2.24075 6
    endloop
  endfacet
  facet normal 0 0 1
    outer loop
      vertex 58.914 -2.3565 6
      vertex 58.8552 -3.04881 6
      vertex 58.8908 -2.98976 6
    endloop
  endfacet
  facet normal 0 0 1
    outer loop
      vertex 58.8261 -3.11139 6
      vertex 58.8676 -2.24075 6
      vertex 58.853 -2.1795 6
    endloop
  endfacet
  facet normal 0 0 1
    outer loop
      vertex 58.8034 -3.1775 6
      vertex 58.853 -2.1795 6
      vertex 58.8443 -2.11602 6
    endloop
  endfacet
  facet normal 0 0 1
    outer loop
      vertex 58.6568 -1.79802 6
      vertex 58.8443 -2.11602 6
      vertex 58.8414 -2.05029 6
    endloop
  endfacet
  facet normal 0 0 1
    outer loop
      vertex 58.8879 -2.29976 6
      vertex 58.8261 -3.11139 6
      vertex 58.8552 -3.04881 6
    endloop
  endfacet
  facet normal -0 0 1
    outer loop
      vertex 59.3622 -3.35432 6
      vertex 60.2369 -3.41764 6
      vertex 60.239 -3.34619 6
    endloop
  endfacet
  facet normal 0 0 1
    outer loop
      vertex 59.7914 -2.89657 6
      vertex 60.239 -3.34619 6
      vertex 60.2299 -3.22691 6
    endloop
  endfacet
  facet normal 0 0 1
    outer loop
      vertex 60.2369 -3.41764 6
      vertex 59.3622 -3.35432 6
      vertex 59.3644 -3.42361 6
    endloop
  endfacet
  facet normal 0 0 1
    outer loop
      vertex 60.2369 -3.41764 6
      vertex 59.8077 -3.83848 6
      vertex 60.2304 -3.4832 6
    endloop
  endfacet
  facet normal 0 0 1
    outer loop
      vertex 59.9102 -2.90576 6
      vertex 60.2299 -3.22691 6
      vertex 60.2025 -3.12597 6
    endloop
  endfacet
  facet normal 0 -0 1
    outer loop
      vertex 59.8077 -3.83848 6
      vertex 60.2369 -3.41764 6
      vertex 59.3644 -3.42361 6
    endloop
  endfacet
  facet normal 0 0 1
    outer loop
      vertex 60.2304 -3.4832 6
      vertex 59.8687 -3.83612 6
      vertex 60.2198 -3.54286 6
    endloop
  endfacet
  facet normal 0 0 1
    outer loop
      vertex 60.0107 -2.93328 6
      vertex 60.2025 -3.12597 6
      vertex 60.1568 -3.04339 6
    endloop
  endfacet
  facet normal 0 -0 1
    outer loop
      vertex 59.8687 -3.83612 6
      vertex 60.2304 -3.4832 6
      vertex 59.8077 -3.83848 6
    endloop
  endfacet
  facet normal 0 0 1
    outer loop
      vertex 60.2048 -3.59661 6
      vertex 59.9763 -3.8172 6
      vertex 60.1855 -3.64448 6
    endloop
  endfacet
  facet normal 0 0 1
    outer loop
      vertex 60.0107 -2.93328 6
      vertex 60.1568 -3.04339 6
      vertex 60.0928 -2.97915 6
    endloop
  endfacet
  facet normal 0 -0 1
    outer loop
      vertex 60.0229 -3.80062 6
      vertex 60.1855 -3.64448 6
      vertex 59.9763 -3.8172 6
    endloop
  endfacet
  facet normal 0 0 1
    outer loop
      vertex 60.162 -3.68646 6
      vertex 60.0229 -3.80062 6
      vertex 60.1342 -3.72253 6
    endloop
  endfacet
  facet normal 0 0 1
    outer loop
      vertex 60.2025 -3.12597 6
      vertex 60.0107 -2.93328 6
      vertex 59.9102 -2.90576 6
    endloop
  endfacet
  facet normal 0 0 1
    outer loop
      vertex 60.1019 -3.75329 6
      vertex 60.0229 -3.80062 6
      vertex 60.0648 -3.77932 6
    endloop
  endfacet
  facet normal 0 0 1
    outer loop
      vertex 60.1342 -3.72253 6
      vertex 60.0229 -3.80062 6
      vertex 60.1019 -3.75329 6
    endloop
  endfacet
  facet normal 0 0 1
    outer loop
      vertex 60.2299 -3.22691 6
      vertex 59.9102 -2.90576 6
      vertex 59.7914 -2.89657 6
    endloop
  endfacet
  facet normal 0 0 1
    outer loop
      vertex 60.1855 -3.64448 6
      vertex 60.0229 -3.80062 6
      vertex 60.162 -3.68646 6
    endloop
  endfacet
  facet normal 0 -0 1
    outer loop
      vertex 59.9249 -3.82902 6
      vertex 60.2198 -3.54286 6
      vertex 59.8687 -3.83612 6
    endloop
  endfacet
  facet normal -0 0 1
    outer loop
      vertex 59.3645 -3.29307 6
      vertex 60.239 -3.34619 6
      vertex 59.7914 -2.89657 6
    endloop
  endfacet
  facet normal 0 -0 1
    outer loop
      vertex 59.9763 -3.8172 6
      vertex 60.2048 -3.59661 6
      vertex 59.9249 -3.82902 6
    endloop
  endfacet
  facet normal 0 0 1
    outer loop
      vertex 59.3645 -3.29307 6
      vertex 59.7914 -2.89657 6
      vertex 59.7341 -2.89898 6
    endloop
  endfacet
  facet normal 0 0 1
    outer loop
      vertex 60.2198 -3.54286 6
      vertex 59.9249 -3.82902 6
      vertex 60.2048 -3.59661 6
    endloop
  endfacet
  facet normal 0 0 1
    outer loop
      vertex 59.3712 -3.23606 6
      vertex 59.7341 -2.89898 6
      vertex 59.6808 -2.90622 6
    endloop
  endfacet
  facet normal 0 0 1
    outer loop
      vertex 59.8077 -3.83848 6
      vertex 59.3644 -3.42361 6
      vertex 59.7456 -3.83612 6
    endloop
  endfacet
  facet normal 0 0 1
    outer loop
      vertex 59.3826 -3.1833 6
      vertex 59.6808 -2.90622 6
      vertex 59.6313 -2.91825 6
    endloop
  endfacet
  facet normal -0 -0 1
    outer loop
      vertex 59.3712 -3.48735 6
      vertex 59.7456 -3.83612 6
      vertex 59.3644 -3.42361 6
    endloop
  endfacet
  facet normal 0 0 1
    outer loop
      vertex 59.3984 -3.13476 6
      vertex 59.6313 -2.91825 6
      vertex 59.5858 -2.9351 6
    endloop
  endfacet
  facet normal 0 0 1
    outer loop
      vertex 59.4188 -3.09047 6
      vertex 59.5858 -2.9351 6
      vertex 59.5443 -2.95677 6
    endloop
  endfacet
  facet normal 0 0 1
    outer loop
      vertex 59.7456 -3.83612 6
      vertex 59.3712 -3.48735 6
      vertex 59.6882 -3.82902 6
    endloop
  endfacet
  facet normal 0 0 1
    outer loop
      vertex 59.4188 -3.09047 6
      vertex 59.5443 -2.95677 6
      vertex 59.5067 -2.98326 6
    endloop
  endfacet
  facet normal -0 -0 1
    outer loop
      vertex 59.3824 -3.54551 6
      vertex 59.6882 -3.82902 6
      vertex 59.3712 -3.48735 6
    endloop
  endfacet
  facet normal 0 0 1
    outer loop
      vertex 59.4188 -3.09047 6
      vertex 59.5067 -2.98326 6
      vertex 59.4731 -3.01457 6
    endloop
  endfacet
  facet normal 0 0 1
    outer loop
      vertex 59.6882 -3.82902 6
      vertex 59.3824 -3.54551 6
      vertex 59.6355 -3.8172 6
    endloop
  endfacet
  facet normal 0 0 1
    outer loop
      vertex 59.4188 -3.09047 6
      vertex 59.4731 -3.01457 6
      vertex 59.4436 -3.0504 6
    endloop
  endfacet
  facet normal 0 0 1
    outer loop
      vertex 59.6355 -3.8172 6
      vertex 59.3981 -3.59811 6
      vertex 59.5875 -3.80062 6
    endloop
  endfacet
  facet normal 0 0 1
    outer loop
      vertex 59.5858 -2.9351 6
      vertex 59.4188 -3.09047 6
      vertex 59.3984 -3.13476 6
    endloop
  endfacet
  facet normal -0 -0 1
    outer loop
      vertex 59.4182 -3.64515 6
      vertex 59.5875 -3.80062 6
      vertex 59.3981 -3.59811 6
    endloop
  endfacet
  facet normal 0 0 1
    outer loop
      vertex 59.6313 -2.91825 6
      vertex 59.3984 -3.13476 6
      vertex 59.3826 -3.1833 6
    endloop
  endfacet
  facet normal 0 0 1
    outer loop
      vertex 59.5875 -3.80062 6
      vertex 59.4182 -3.64515 6
      vertex 59.5443 -3.77932 6
    endloop
  endfacet
  facet normal 0 0 1
    outer loop
      vertex 59.6808 -2.90622 6
      vertex 59.3826 -3.1833 6
      vertex 59.3712 -3.23606 6
    endloop
  endfacet
  facet normal 0 0 1
    outer loop
      vertex 59.5443 -3.77932 6
      vertex 59.4182 -3.64515 6
      vertex 59.5058 -3.75329 6
    endloop
  endfacet
  facet normal 0 0 1
    outer loop
      vertex 59.7341 -2.89898 6
      vertex 59.3712 -3.23606 6
      vertex 59.3645 -3.29307 6
    endloop
  endfacet
  facet normal 0 0 1
    outer loop
      vertex 59.5058 -3.75329 6
      vertex 59.4182 -3.64515 6
      vertex 59.472 -3.72253 6
    endloop
  endfacet
  facet normal 0 0 1
    outer loop
      vertex 60.239 -3.34619 6
      vertex 59.3645 -3.29307 6
      vertex 59.3622 -3.35432 6
    endloop
  endfacet
  facet normal 0 0 1
    outer loop
      vertex 59.472 -3.72253 6
      vertex 59.4182 -3.64515 6
      vertex 59.4429 -3.68663 6
    endloop
  endfacet
  facet normal -0 -0 1
    outer loop
      vertex 59.3981 -3.59811 6
      vertex 59.6355 -3.8172 6
      vertex 59.3824 -3.54551 6
    endloop
  endfacet
  facet normal 0 0 1
    outer loop
      vertex 59.4253 -2.08488 6
      vertex 60.1719 -2.08488 6
      vertex 60.17 -2.02897 6
    endloop
  endfacet
  facet normal 0 0 1
    outer loop
      vertex 60.1719 -2.08488 6
      vertex 59.4253 -2.08488 6
      vertex 60.17 -2.14512 6
    endloop
  endfacet
  facet normal 0 0 1
    outer loop
      vertex 59.8476 -1.69418 6
      vertex 60.17 -2.02897 6
      vertex 60.1642 -1.97752 6
    endloop
  endfacet
  facet normal 0 -0 1
    outer loop
      vertex 59.4329 -2.1939 6
      vertex 60.17 -2.14512 6
      vertex 59.4253 -2.08488 6
    endloop
  endfacet
  facet normal 0 0 1
    outer loop
      vertex 59.8958 -1.69996 6
      vertex 60.1642 -1.97752 6
      vertex 60.1547 -1.93051 6
    endloop
  endfacet
  facet normal 0 -0 1
    outer loop
      vertex 59.7996 -2.49582 6
      vertex 60.17 -2.14512 6
      vertex 59.4329 -2.1939 6
    endloop
  endfacet
  facet normal 0 0 1
    outer loop
      vertex 59.9401 -1.70962 6
      vertex 60.1547 -1.93051 6
      vertex 60.1413 -1.88794 6
    endloop
  endfacet
  facet normal 0 0 1
    outer loop
      vertex 60.17 -2.14512 6
      vertex 59.7996 -2.49582 6
      vertex 60.1643 -2.2003 6
    endloop
  endfacet
  facet normal 0 0 1
    outer loop
      vertex 59.9805 -1.72314 6
      vertex 60.1413 -1.88794 6
      vertex 60.1241 -1.8498 6
    endloop
  endfacet
  facet normal 0 0 1
    outer loop
      vertex 60.1643 -2.2003 6
      vertex 59.8511 -2.49388 6
      vertex 60.1549 -2.25042 6
    endloop
  endfacet
  facet normal 0 0 1
    outer loop
      vertex 59.9805 -1.72314 6
      vertex 60.1241 -1.8498 6
      vertex 60.1031 -1.81611 6
    endloop
  endfacet
  facet normal 0 -0 1
    outer loop
      vertex 59.9426 -2.47827 6
      vertex 60.1549 -2.25042 6
      vertex 59.8988 -2.48802 6
    endloop
  endfacet
  facet normal 0 0 1
    outer loop
      vertex 59.9805 -1.72314 6
      vertex 60.1031 -1.81611 6
      vertex 60.0783 -1.78686 6
    endloop
  endfacet
  facet normal 0 -0 1
    outer loop
      vertex 59.9826 -2.4646 6
      vertex 60.1416 -2.29547 6
      vertex 59.9426 -2.47827 6
    endloop
  endfacet
  facet normal 0 0 1
    outer loop
      vertex 59.9805 -1.72314 6
      vertex 60.0783 -1.78686 6
      vertex 60.0496 -1.76176 6
    endloop
  endfacet
  facet normal 0 -0 1
    outer loop
      vertex 60.0187 -2.44705 6
      vertex 60.1246 -2.33545 6
      vertex 59.9826 -2.4646 6
    endloop
  endfacet
  facet normal 0 0 1
    outer loop
      vertex 59.9805 -1.72314 6
      vertex 60.0496 -1.76176 6
      vertex 60.017 -1.74052 6
    endloop
  endfacet
  facet normal 0 0 1
    outer loop
      vertex 60.1038 -2.37036 6
      vertex 60.0509 -2.42558 6
      vertex 60.0793 -2.40022 6
    endloop
  endfacet
  facet normal 0 0 1
    outer loop
      vertex 60.1413 -1.88794 6
      vertex 59.9805 -1.72314 6
      vertex 59.9401 -1.70962 6
    endloop
  endfacet
  facet normal 0 0 1
    outer loop
      vertex 60.1038 -2.37036 6
      vertex 60.0187 -2.44705 6
      vertex 60.0509 -2.42558 6
    endloop
  endfacet
  facet normal 0 0 1
    outer loop
      vertex 60.1547 -1.93051 6
      vertex 59.9401 -1.70962 6
      vertex 59.8958 -1.69996 6
    endloop
  endfacet
  facet normal 0 0 1
    outer loop
      vertex 60.1246 -2.33545 6
      vertex 60.0187 -2.44705 6
      vertex 60.1038 -2.37036 6
    endloop
  endfacet
  facet normal 0 0 1
    outer loop
      vertex 60.1642 -1.97752 6
      vertex 59.8958 -1.69996 6
      vertex 59.8476 -1.69418 6
    endloop
  endfacet
  facet normal 0 0 1
    outer loop
      vertex 60.1416 -2.29547 6
      vertex 59.9826 -2.4646 6
      vertex 60.1246 -2.33545 6
    endloop
  endfacet
  facet normal 0 0 1
    outer loop
      vertex 60.17 -2.02897 6
      vertex 59.8476 -1.69418 6
      vertex 59.7955 -1.69224 6
    endloop
  endfacet
  facet normal 0 0 1
    outer loop
      vertex 60.1549 -2.25042 6
      vertex 59.9426 -2.47827 6
      vertex 60.1416 -2.29547 6
    endloop
  endfacet
  facet normal 0 0 1
    outer loop
      vertex 60.17 -2.02897 6
      vertex 59.7955 -1.69224 6
      vertex 59.4253 -2.08488 6
    endloop
  endfacet
  facet normal 0 -0 1
    outer loop
      vertex 59.8988 -2.48802 6
      vertex 60.1549 -2.25042 6
      vertex 59.8511 -2.49388 6
    endloop
  endfacet
  facet normal 0 0 1
    outer loop
      vertex 59.4328 -1.98071 6
      vertex 59.7955 -1.69224 6
      vertex 59.6973 -1.70025 6
    endloop
  endfacet
  facet normal 0 -0 1
    outer loop
      vertex 59.8511 -2.49388 6
      vertex 60.1643 -2.2003 6
      vertex 59.7996 -2.49582 6
    endloop
  endfacet
  facet normal 0 0 1
    outer loop
      vertex 59.4555 -1.89257 6
      vertex 59.6973 -1.70025 6
      vertex 59.6142 -1.7243 6
    endloop
  endfacet
  facet normal 0 0 1
    outer loop
      vertex 59.7996 -2.49582 6
      vertex 59.4329 -2.1939 6
      vertex 59.7003 -2.48744 6
    endloop
  endfacet
  facet normal 0 0 1
    outer loop
      vertex 59.4555 -1.89257 6
      vertex 59.6142 -1.7243 6
      vertex 59.5462 -1.76435 6
    endloop
  endfacet
  facet normal -0 -0 1
    outer loop
      vertex 59.4558 -2.28616 6
      vertex 59.7003 -2.48744 6
      vertex 59.4329 -2.1939 6
    endloop
  endfacet
  facet normal 0 0 1
    outer loop
      vertex 59.4555 -1.89257 6
      vertex 59.5462 -1.76435 6
      vertex 59.4933 -1.82045 6
    endloop
  endfacet
  facet normal 0 0 1
    outer loop
      vertex 59.7003 -2.48744 6
      vertex 59.4558 -2.28616 6
      vertex 59.6162 -2.46228 6
    endloop
  endfacet
  facet normal 0 0 1
    outer loop
      vertex 59.6973 -1.70025 6
      vertex 59.4555 -1.89257 6
      vertex 59.4328 -1.98071 6
    endloop
  endfacet
  facet normal -0 -0 1
    outer loop
      vertex 59.494 -2.36164 6
      vertex 59.6162 -2.46228 6
      vertex 59.4558 -2.28616 6
    endloop
  endfacet
  facet normal 0 0 1
    outer loop
      vertex 59.7955 -1.69224 6
      vertex 59.4328 -1.98071 6
      vertex 59.4253 -2.08488 6
    endloop
  endfacet
  facet normal 0 0 1
    outer loop
      vertex 59.6162 -2.46228 6
      vertex 59.494 -2.36164 6
      vertex 59.5475 -2.42035 6
    endloop
  endfacet
  facet normal 0 0 1
    outer loop
      vertex 62.7629 -2.62544 6
      vertex 63.0791 -2.26988 6
      vertex 63.0818 -2.21304 6
    endloop
  endfacet
  facet normal 0 0 1
    outer loop
      vertex 62.8119 -1.83377 6
      vertex 63.0818 -2.21304 6
      vertex 63.071 -2.10348 6
    endloop
  endfacet
  facet normal 0 0 1
    outer loop
      vertex 62.7629 -2.62544 6
      vertex 63.0818 -2.21304 6
      vertex 62.8119 -1.83377 6
    endloop
  endfacet
  facet normal 0 0 1
    outer loop
      vertex 63.0791 -2.26988 6
      vertex 62.8175 -2.60917 6
      vertex 63.0711 -2.32298 6
    endloop
  endfacet
  facet normal 0 0 1
    outer loop
      vertex 62.909 -1.87591 6
      vertex 63.071 -2.10348 6
      vertex 63.0386 -2.01077 6
    endloop
  endfacet
  facet normal 0 -0 1
    outer loop
      vertex 62.8672 -2.58824 6
      vertex 63.0711 -2.32298 6
      vertex 62.8175 -2.60917 6
    endloop
  endfacet
  facet normal 0 0 1
    outer loop
      vertex 63.0711 -2.32298 6
      vertex 62.8672 -2.58824 6
      vertex 63.0578 -2.37234 6
    endloop
  endfacet
  facet normal 0 0 1
    outer loop
      vertex 62.909 -1.87591 6
      vertex 63.0386 -2.01077 6
      vertex 62.9846 -1.93492 6
    endloop
  endfacet
  facet normal 0 0 1
    outer loop
      vertex 63.071 -2.10348 6
      vertex 62.909 -1.87591 6
      vertex 62.8119 -1.83377 6
    endloop
  endfacet
  facet normal 0 0 1
    outer loop
      vertex 63.0392 -2.41798 6
      vertex 62.8672 -2.58824 6
      vertex 63.0153 -2.45987 6
    endloop
  endfacet
  facet normal 0 0 1
    outer loop
      vertex 63.0153 -2.45987 6
      vertex 62.8672 -2.58824 6
      vertex 62.9861 -2.49803 6
    endloop
  endfacet
  facet normal 0 0 1
    outer loop
      vertex 62.9861 -2.49803 6
      vertex 62.9119 -2.56268 6
      vertex 62.9516 -2.53245 6
    endloop
  endfacet
  facet normal 0 0 1
    outer loop
      vertex 62.9861 -2.49803 6
      vertex 62.8672 -2.58824 6
      vertex 62.9119 -2.56268 6
    endloop
  endfacet
  facet normal 0 0 1
    outer loop
      vertex 63.0578 -2.37234 6
      vertex 62.8672 -2.58824 6
      vertex 63.0392 -2.41798 6
    endloop
  endfacet
  facet normal 0 0 1
    outer loop
      vertex 63.0791 -2.26988 6
      vertex 62.7629 -2.62544 6
      vertex 62.8175 -2.60917 6
    endloop
  endfacet
  facet normal 0 0 1
    outer loop
      vertex 62.6932 -1.80848 6
      vertex 62.7629 -2.62544 6
      vertex 62.8119 -1.83377 6
    endloop
  endfacet
  facet normal 0 0 1
    outer loop
      vertex 62.7629 -2.62544 6
      vertex 62.6932 -1.80848 6
      vertex 62.7033 -2.63707 6
    endloop
  endfacet
  facet normal 0 0 1
    outer loop
      vertex 62.6932 -1.80848 6
      vertex 62.6387 -2.64404 6
      vertex 62.7033 -2.63707 6
    endloop
  endfacet
  facet normal 0 0 1
    outer loop
      vertex 62.5528 -1.80006 6
      vertex 62.6387 -2.64404 6
      vertex 62.6932 -1.80848 6
    endloop
  endfacet
  facet normal 0 0 1
    outer loop
      vertex 62.6387 -2.64404 6
      vertex 62.5528 -1.80006 6
      vertex 62.5691 -2.64636 6
    endloop
  endfacet
  facet normal 0 0 1
    outer loop
      vertex 61.7838 -2.64636 6
      vertex 62.5528 -1.80006 6
      vertex 61.7838 -1.80006 6
    endloop
  endfacet
  facet normal 0 0 1
    outer loop
      vertex 62.5528 -1.80006 6
      vertex 61.7838 -2.64636 6
      vertex 62.5691 -2.64636 6
    endloop
  endfacet
  facet normal 0 -1 0
    outer loop
      vertex 66 0 0
      vertex 114 0 6
      vertex 66 0 6
    endloop
  endfacet
  facet normal 0 -1 -0
    outer loop
      vertex 114 0 6
      vertex 66 0 0
      vertex 114 0 0
    endloop
  endfacet
  facet normal -1 0 0
    outer loop
      vertex 114 -5.29999 0
      vertex 114 0 6
      vertex 114 0 0
    endloop
  endfacet
  facet normal -1 -0 0
    outer loop
      vertex 114 0 6
      vertex 114 -5.29999 0
      vertex 114 -5.29999 6
    endloop
  endfacet
  facet normal 0 -1 0
    outer loop
      vertex 114 -5.29999 0
      vertex 126 -5.29999 6
      vertex 114 -5.29999 6
    endloop
  endfacet
  facet normal 0 -1 -0
    outer loop
      vertex 126 -5.29999 6
      vertex 114 -5.29999 0
      vertex 126 -5.29999 0
    endloop
  endfacet
  facet normal 1 -0 0
    outer loop
      vertex 126 -5.29999 6
      vertex 126 0 0
      vertex 126 0 6
    endloop
  endfacet
  facet normal 1 0 0
    outer loop
      vertex 126 0 0
      vertex 126 -5.29999 6
      vertex 126 -5.29999 0
    endloop
  endfacet
  facet normal 0 -1 0
    outer loop
      vertex 126 0 0
      vertex 139.5 0 6
      vertex 126 0 6
    endloop
  endfacet
  facet normal 0 -1 -0
    outer loop
      vertex 139.5 0 6
      vertex 126 0 0
      vertex 139.5 0 0
    endloop
  endfacet
  facet normal 1 -0 0
    outer loop
      vertex 139.5 0 6
      vertex 139.5 8 0
      vertex 139.5 8 6
    endloop
  endfacet
  facet normal 1 0 0
    outer loop
      vertex 139.5 8 0
      vertex 139.5 0 6
      vertex 139.5 0 0
    endloop
  endfacet
  facet normal 0 1 -0
    outer loop
      vertex 139.5 8 0
      vertex 20 8 6
      vertex 139.5 8 6
    endloop
  endfacet
  facet normal 0 1 0
    outer loop
      vertex 20 8 6
      vertex 139.5 8 0
      vertex 20 8 0
    endloop
  endfacet
  facet normal -1 0 0
    outer loop
      vertex 20 0 0
      vertex 20 8 6
      vertex 20 8 0
    endloop
  endfacet
  facet normal -1 -0 0
    outer loop
      vertex 20 8 6
      vertex 20 0 0
      vertex 20 0 6
    endloop
  endfacet
  facet normal 0 -1 0
    outer loop
      vertex 20 0 0
      vertex 54 0 6
      vertex 20 0 6
    endloop
  endfacet
  facet normal 0 -1 -0
    outer loop
      vertex 54 0 6
      vertex 20 0 0
      vertex 54 0 0
    endloop
  endfacet
  facet normal -1 0 0
    outer loop
      vertex 54 -5.29999 0
      vertex 54 0 6
      vertex 54 0 0
    endloop
  endfacet
  facet normal -1 -0 0
    outer loop
      vertex 54 0 6
      vertex 54 -5.29999 0
      vertex 54 -5.29999 6
    endloop
  endfacet
  facet normal 0 -1 0
    outer loop
      vertex 54 -5.29999 0
      vertex 66 -5.29999 6
      vertex 54 -5.29999 6
    endloop
  endfacet
  facet normal 0 -1 -0
    outer loop
      vertex 66 -5.29999 6
      vertex 54 -5.29999 0
      vertex 66 -5.29999 0
    endloop
  endfacet
  facet normal 1 -0 0
    outer loop
      vertex 66 -5.29999 6
      vertex 66 0 0
      vertex 66 0 6
    endloop
  endfacet
  facet normal 1 0 0
    outer loop
      vertex 66 0 0
      vertex 66 -5.29999 6
      vertex 66 -5.29999 0
    endloop
  endfacet
  facet normal 0 0 1
    outer loop
      vertex 63.6803 -2.07455 5.4
      vertex 63.071 -2.10348 5.4
      vertex 63.0818 -2.21304 5.4
    endloop
  endfacet
  facet normal 0 0 1
    outer loop
      vertex 63.2289 -1.44682 5.4
      vertex 63.0386 -2.01077 5.4
      vertex 63.071 -2.10348 5.4
    endloop
  endfacet
  facet normal 0 0 1
    outer loop
      vertex 62.909 -1.87591 5.4
      vertex 63.1254 -1.40628 5.4
      vertex 63.0123 -1.37474 5.4
    endloop
  endfacet
  facet normal 0 0 1
    outer loop
      vertex 63.2289 -1.44682 5.4
      vertex 62.9846 -1.93492 5.4
      vertex 63.0386 -2.01077 5.4
    endloop
  endfacet
  facet normal 0 0 1
    outer loop
      vertex 63.2289 -1.44682 5.4
      vertex 62.909 -1.87591 5.4
      vertex 62.9846 -1.93492 5.4
    endloop
  endfacet
  facet normal 0 0 1
    outer loop
      vertex 62.8119 -1.83377 5.4
      vertex 63.0123 -1.37474 5.4
      vertex 62.8897 -1.35221 5.4
    endloop
  endfacet
  facet normal 0 0 1
    outer loop
      vertex 63.0123 -1.37474 5.4
      vertex 62.8119 -1.83377 5.4
      vertex 62.909 -1.87591 5.4
    endloop
  endfacet
  facet normal 0 0 1
    outer loop
      vertex 62.6932 -1.80848 5.4
      vertex 62.8897 -1.35221 5.4
      vertex 62.7576 -1.3387 5.4
    endloop
  endfacet
  facet normal 0 0 1
    outer loop
      vertex 62.8897 -1.35221 5.4
      vertex 62.6932 -1.80848 5.4
      vertex 62.8119 -1.83377 5.4
    endloop
  endfacet
  facet normal 0 0 1
    outer loop
      vertex 62.6159 -1.33419 5.4
      vertex 62.6932 -1.80848 5.4
      vertex 62.7576 -1.3387 5.4
    endloop
  endfacet
  facet normal 0 0 1
    outer loop
      vertex 62.6159 -1.33419 5.4
      vertex 62.5528 -1.80006 5.4
      vertex 62.6932 -1.80848 5.4
    endloop
  endfacet
  facet normal 0 0 1
    outer loop
      vertex 62.6159 -1.33419 5.4
      vertex 61.7838 -1.80006 5.4
      vertex 62.5528 -1.80006 5.4
    endloop
  endfacet
  facet normal 0 0 1
    outer loop
      vertex 61.1837 -1.33419 5.4
      vertex 61.7838 -2.64636 5.4
      vertex 61.7838 -1.80006 5.4
    endloop
  endfacet
  facet normal 0 0 1
    outer loop
      vertex 61.1837 -4.20062 5.4
      vertex 61.7838 -2.64636 5.4
      vertex 61.1837 -1.33419 5.4
    endloop
  endfacet
  facet normal -0 0 1
    outer loop
      vertex 61.1837 -1.33419 5.4
      vertex 61.7838 -1.80006 5.4
      vertex 62.6159 -1.33419 5.4
    endloop
  endfacet
  facet normal 0 0 1
    outer loop
      vertex 61.7838 -2.64636 5.4
      vertex 61.1837 -4.20062 5.4
      vertex 61.7838 -3.11221 5.4
    endloop
  endfacet
  facet normal 0 0 1
    outer loop
      vertex 61.7838 -3.11221 5.4
      vertex 61.1837 -4.20062 5.4
      vertex 61.7838 -4.20062 5.4
    endloop
  endfacet
  facet normal 0 0 1
    outer loop
      vertex 63.0818 -2.21304 5.4
      vertex 63.686 -2.18863 5.4
      vertex 63.6803 -2.07455 5.4
    endloop
  endfacet
  facet normal 0 0 1
    outer loop
      vertex 63.686 -2.18863 5.4
      vertex 63.0818 -2.21304 5.4
      vertex 63.6825 -2.27298 5.4
    endloop
  endfacet
  facet normal 0 0 1
    outer loop
      vertex 63.071 -2.10348 5.4
      vertex 63.6803 -2.07455 5.4
      vertex 63.6632 -1.96833 5.4
    endloop
  endfacet
  facet normal -0 0 1
    outer loop
      vertex 63.0791 -2.26988 5.4
      vertex 63.6825 -2.27298 5.4
      vertex 63.0818 -2.21304 5.4
    endloop
  endfacet
  facet normal 0 0 1
    outer loop
      vertex 63.071 -2.10348 5.4
      vertex 63.6632 -1.96833 5.4
      vertex 63.6348 -1.86996 5.4
    endloop
  endfacet
  facet normal 0 0 1
    outer loop
      vertex 63.6825 -2.27298 5.4
      vertex 63.0791 -2.26988 5.4
      vertex 63.672 -2.35395 5.4
    endloop
  endfacet
  facet normal 0 0 1
    outer loop
      vertex 63.672 -2.35395 5.4
      vertex 63.0791 -2.26988 5.4
      vertex 63.6546 -2.43158 5.4
    endloop
  endfacet
  facet normal 0 0 1
    outer loop
      vertex 63.071 -2.10348 5.4
      vertex 63.6348 -1.86996 5.4
      vertex 63.595 -1.77943 5.4
    endloop
  endfacet
  facet normal -0 0 1
    outer loop
      vertex 63.0711 -2.32298 5.4
      vertex 63.6546 -2.43158 5.4
      vertex 63.0791 -2.26988 5.4
    endloop
  endfacet
  facet normal 0 0 1
    outer loop
      vertex 63.071 -2.10348 5.4
      vertex 63.595 -1.77943 5.4
      vertex 63.5438 -1.69674 5.4
    endloop
  endfacet
  facet normal 0 0 1
    outer loop
      vertex 63.6546 -2.43158 5.4
      vertex 63.0711 -2.32298 5.4
      vertex 63.6302 -2.50584 5.4
    endloop
  endfacet
  facet normal 0 0 1
    outer loop
      vertex 63.071 -2.10348 5.4
      vertex 63.5438 -1.69674 5.4
      vertex 63.4812 -1.62191 5.4
    endloop
  endfacet
  facet normal 0 0 1
    outer loop
      vertex 63.6302 -2.50584 5.4
      vertex 63.0711 -2.32298 5.4
      vertex 63.5988 -2.57673 5.4
    endloop
  endfacet
  facet normal -0 0 1
    outer loop
      vertex 63.0578 -2.37234 5.4
      vertex 63.5988 -2.57673 5.4
      vertex 63.0711 -2.32298 5.4
    endloop
  endfacet
  facet normal 0 0 1
    outer loop
      vertex 63.071 -2.10348 5.4
      vertex 63.4812 -1.62191 5.4
      vertex 63.4073 -1.55493 5.4
    endloop
  endfacet
  facet normal 0 0 1
    outer loop
      vertex 63.5988 -2.57673 5.4
      vertex 63.0578 -2.37234 5.4
      vertex 63.5604 -2.64427 5.4
    endloop
  endfacet
  facet normal 0 0 1
    outer loop
      vertex 63.071 -2.10348 5.4
      vertex 63.4073 -1.55493 5.4
      vertex 63.3229 -1.49636 5.4
    endloop
  endfacet
  facet normal -0 0 1
    outer loop
      vertex 63.0392 -2.41798 5.4
      vertex 63.5604 -2.64427 5.4
      vertex 63.0578 -2.37234 5.4
    endloop
  endfacet
  facet normal 0 0 1
    outer loop
      vertex 63.071 -2.10348 5.4
      vertex 63.3229 -1.49636 5.4
      vertex 63.2289 -1.44682 5.4
    endloop
  endfacet
  facet normal 0 0 1
    outer loop
      vertex 63.5604 -2.64427 5.4
      vertex 63.0392 -2.41798 5.4
      vertex 63.5151 -2.70843 5.4
    endloop
  endfacet
  facet normal 0 0 1
    outer loop
      vertex 63.5151 -2.70843 5.4
      vertex 63.0392 -2.41798 5.4
      vertex 63.4638 -2.76786 5.4
    endloop
  endfacet
  facet normal 0 0 1
    outer loop
      vertex 62.909 -1.87591 5.4
      vertex 63.2289 -1.44682 5.4
      vertex 63.1254 -1.40628 5.4
    endloop
  endfacet
  facet normal -0 0 1
    outer loop
      vertex 63.0153 -2.45987 5.4
      vertex 63.4638 -2.76786 5.4
      vertex 63.0392 -2.41798 5.4
    endloop
  endfacet
  facet normal 0 0 1
    outer loop
      vertex 63.4638 -2.76786 5.4
      vertex 63.0153 -2.45987 5.4
      vertex 63.4076 -2.82116 5.4
    endloop
  endfacet
  facet normal 0 0 1
    outer loop
      vertex 63.4076 -2.82116 5.4
      vertex 63.0153 -2.45987 5.4
      vertex 63.3466 -2.86839 5.4
    endloop
  endfacet
  facet normal -0 0 1
    outer loop
      vertex 62.9861 -2.49803 5.4
      vertex 63.3466 -2.86839 5.4
      vertex 63.0153 -2.45987 5.4
    endloop
  endfacet
  facet normal 0 0 1
    outer loop
      vertex 63.3466 -2.86839 5.4
      vertex 62.9861 -2.49803 5.4
      vertex 63.2806 -2.90951 5.4
    endloop
  endfacet
  facet normal -0 0 1
    outer loop
      vertex 62.9516 -2.53245 5.4
      vertex 63.2806 -2.90951 5.4
      vertex 62.9861 -2.49803 5.4
    endloop
  endfacet
  facet normal 0 0 1
    outer loop
      vertex 63.0533 -2.99627 5.4
      vertex 63.153 -4.20062 5.4
      vertex 63.8284 -4.20062 5.4
    endloop
  endfacet
  facet normal 0 0 1
    outer loop
      vertex 63.2806 -2.90951 5.4
      vertex 62.9516 -2.53245 5.4
      vertex 63.2097 -2.94453 5.4
    endloop
  endfacet
  facet normal 0 0 1
    outer loop
      vertex 63.2097 -2.94453 5.4
      vertex 62.9516 -2.53245 5.4
      vertex 63.134 -2.97345 5.4
    endloop
  endfacet
  facet normal -0 0 1
    outer loop
      vertex 62.9119 -2.56268 5.4
      vertex 63.134 -2.97345 5.4
      vertex 62.9516 -2.53245 5.4
    endloop
  endfacet
  facet normal 0 0 1
    outer loop
      vertex 63.134 -2.97345 5.4
      vertex 62.9119 -2.56268 5.4
      vertex 63.0533 -2.99627 5.4
    endloop
  endfacet
  facet normal -0 0 1
    outer loop
      vertex 62.8672 -2.58824 5.4
      vertex 63.0533 -2.99627 5.4
      vertex 62.9119 -2.56268 5.4
    endloop
  endfacet
  facet normal -0 0 1
    outer loop
      vertex 62.8175 -2.60917 5.4
      vertex 63.0533 -2.99627 5.4
      vertex 62.8672 -2.58824 5.4
    endloop
  endfacet
  facet normal -0 0 1
    outer loop
      vertex 62.7629 -2.62544 5.4
      vertex 63.0533 -2.99627 5.4
      vertex 62.8175 -2.60917 5.4
    endloop
  endfacet
  facet normal -0 0 1
    outer loop
      vertex 62.7033 -2.63707 5.4
      vertex 63.0533 -2.99627 5.4
      vertex 62.7629 -2.62544 5.4
    endloop
  endfacet
  facet normal 0 0 1
    outer loop
      vertex 63.0533 -2.99627 5.4
      vertex 62.7033 -2.63707 5.4
      vertex 62.4877 -3.11221 5.4
    endloop
  endfacet
  facet normal 0 0 1
    outer loop
      vertex 62.4877 -3.11221 5.4
      vertex 62.7033 -2.63707 5.4
      vertex 62.6387 -2.64404 5.4
    endloop
  endfacet
  facet normal 0 0 1
    outer loop
      vertex 62.4877 -3.11221 5.4
      vertex 62.6387 -2.64404 5.4
      vertex 62.5691 -2.64636 5.4
    endloop
  endfacet
  facet normal 0 0 1
    outer loop
      vertex 63.0533 -2.99627 5.4
      vertex 62.4877 -3.11221 5.4
      vertex 63.153 -4.20062 5.4
    endloop
  endfacet
  facet normal -0 0 1
    outer loop
      vertex 61.7838 -2.64636 5.4
      vertex 62.4877 -3.11221 5.4
      vertex 62.5691 -2.64636 5.4
    endloop
  endfacet
  facet normal 0 0 1
    outer loop
      vertex 62.4877 -3.11221 5.4
      vertex 61.7838 -2.64636 5.4
      vertex 61.7838 -3.11221 5.4
    endloop
  endfacet
  facet normal -0 0 1
    outer loop
      vertex 60.239 -3.34619 5.4
      vertex 60.831 -3.39296 5.4
      vertex 60.8278 -3.31314 5.4
    endloop
  endfacet
  facet normal 0 0 1
    outer loop
      vertex 60.239 -3.34619 5.4
      vertex 60.8278 -3.31314 5.4
      vertex 60.8181 -3.23761 5.4
    endloop
  endfacet
  facet normal 0 0 1
    outer loop
      vertex 60.831 -3.39296 5.4
      vertex 60.239 -3.34619 5.4
      vertex 60.2369 -3.41764 5.4
    endloop
  endfacet
  facet normal 0 0 1
    outer loop
      vertex 60.239 -3.34619 5.4
      vertex 60.8181 -3.23761 5.4
      vertex 60.802 -3.16635 5.4
    endloop
  endfacet
  facet normal -0 0 1
    outer loop
      vertex 60.2304 -3.4832 5.4
      vertex 60.8255 -3.50438 5.4
      vertex 60.2369 -3.41764 5.4
    endloop
  endfacet
  facet normal 0 0 1
    outer loop
      vertex 60.2299 -3.22691 5.4
      vertex 60.802 -3.16635 5.4
      vertex 60.7795 -3.09936 5.4
    endloop
  endfacet
  facet normal 0 0 1
    outer loop
      vertex 60.2299 -3.22691 5.4
      vertex 60.7795 -3.09936 5.4
      vertex 60.7505 -3.03665 5.4
    endloop
  endfacet
  facet normal 0 0 1
    outer loop
      vertex 60.831 -3.39296 5.4
      vertex 60.2369 -3.41764 5.4
      vertex 60.8255 -3.50438 5.4
    endloop
  endfacet
  facet normal 0 0 1
    outer loop
      vertex 60.2299 -3.22691 5.4
      vertex 60.7505 -3.03665 5.4
      vertex 60.7151 -2.97822 5.4
    endloop
  endfacet
  facet normal 0 0 1
    outer loop
      vertex 60.8255 -3.50438 5.4
      vertex 60.2304 -3.4832 5.4
      vertex 60.8092 -3.60844 5.4
    endloop
  endfacet
  facet normal 0 0 1
    outer loop
      vertex 60.2299 -3.22691 5.4
      vertex 60.7151 -2.97822 5.4
      vertex 60.6733 -2.92405 5.4
    endloop
  endfacet
  facet normal 0 0 1
    outer loop
      vertex 60.8092 -3.60844 5.4
      vertex 60.2198 -3.54286 5.4
      vertex 60.782 -3.70515 5.4
    endloop
  endfacet
  facet normal 0 0 1
    outer loop
      vertex 60.2025 -3.12597 5.4
      vertex 60.6733 -2.92405 5.4
      vertex 60.6258 -2.87483 5.4
    endloop
  endfacet
  facet normal 0 0 1
    outer loop
      vertex 60.2025 -3.12597 5.4
      vertex 60.6258 -2.87483 5.4
      vertex 60.5735 -2.83122 5.4
    endloop
  endfacet
  facet normal -0 0 1
    outer loop
      vertex 60.2198 -3.54286 5.4
      vertex 60.8092 -3.60844 5.4
      vertex 60.2304 -3.4832 5.4
    endloop
  endfacet
  facet normal 0 0 1
    outer loop
      vertex 60.2025 -3.12597 5.4
      vertex 60.5735 -2.83122 5.4
      vertex 60.5163 -2.79322 5.4
    endloop
  endfacet
  facet normal 0 0 1
    outer loop
      vertex 60.782 -3.70515 5.4
      vertex 60.2198 -3.54286 5.4
      vertex 60.744 -3.79452 5.4
    endloop
  endfacet
  facet normal 0 0 1
    outer loop
      vertex 60.2025 -3.12597 5.4
      vertex 60.5163 -2.79322 5.4
      vertex 60.4543 -2.76081 5.4
    endloop
  endfacet
  facet normal -0 0 1
    outer loop
      vertex 60.2048 -3.59661 5.4
      vertex 60.744 -3.79452 5.4
      vertex 60.2198 -3.54286 5.4
    endloop
  endfacet
  facet normal 0 0 1
    outer loop
      vertex 60.1568 -3.04339 5.4
      vertex 60.4543 -2.76081 5.4
      vertex 60.3874 -2.73402 5.4
    endloop
  endfacet
  facet normal 0 0 1
    outer loop
      vertex 60.1568 -3.04339 5.4
      vertex 60.3874 -2.73402 5.4
      vertex 60.3156 -2.71283 5.4
    endloop
  endfacet
  facet normal 0 0 1
    outer loop
      vertex 60.744 -3.79452 5.4
      vertex 60.2048 -3.59661 5.4
      vertex 60.695 -3.87655 5.4
    endloop
  endfacet
  facet normal 0 0 1
    outer loop
      vertex 60.0928 -2.97915 5.4
      vertex 60.3156 -2.71283 5.4
      vertex 60.239 -2.69725 5.4
    endloop
  endfacet
  facet normal -0 0 1
    outer loop
      vertex 60.1855 -3.64448 5.4
      vertex 60.695 -3.87655 5.4
      vertex 60.2048 -3.59661 5.4
    endloop
  endfacet
  facet normal 0 0 1
    outer loop
      vertex 60.695 -3.87655 5.4
      vertex 60.1855 -3.64448 5.4
      vertex 60.6352 -3.95121 5.4
    endloop
  endfacet
  facet normal 0 0 1
    outer loop
      vertex 60.6352 -3.95121 5.4
      vertex 60.1855 -3.64448 5.4
      vertex 60.5645 -4.01855 5.4
    endloop
  endfacet
  facet normal -0 0 1
    outer loop
      vertex 60.162 -3.68646 5.4
      vertex 60.5645 -4.01855 5.4
      vertex 60.1855 -3.64448 5.4
    endloop
  endfacet
  facet normal 0 0 1
    outer loop
      vertex 60.5645 -4.01855 5.4
      vertex 60.162 -3.68646 5.4
      vertex 60.4837 -4.07765 5.4
    endloop
  endfacet
  facet normal -0 0 1
    outer loop
      vertex 60.1342 -3.72253 5.4
      vertex 60.4837 -4.07765 5.4
      vertex 60.162 -3.68646 5.4
    endloop
  endfacet
  facet normal 0 0 1
    outer loop
      vertex 60.4837 -4.07765 5.4
      vertex 60.1342 -3.72253 5.4
      vertex 60.3936 -4.12765 5.4
    endloop
  endfacet
  facet normal -0 0 1
    outer loop
      vertex 60.1019 -3.75329 5.4
      vertex 60.3936 -4.12765 5.4
      vertex 60.1342 -3.72253 5.4
    endloop
  endfacet
  facet normal 0 0 1
    outer loop
      vertex 60.3936 -4.12765 5.4
      vertex 60.1019 -3.75329 5.4
      vertex 60.2942 -4.16856 5.4
    endloop
  endfacet
  facet normal -0 0 1
    outer loop
      vertex 60.0648 -3.77932 5.4
      vertex 60.2942 -4.16856 5.4
      vertex 60.1019 -3.75329 5.4
    endloop
  endfacet
  facet normal 0 0 1
    outer loop
      vertex 60.2942 -4.16856 5.4
      vertex 60.0648 -3.77932 5.4
      vertex 60.1855 -4.20039 5.4
    endloop
  endfacet
  facet normal -0 0 1
    outer loop
      vertex 60.0229 -3.80062 5.4
      vertex 60.1855 -4.20039 5.4
      vertex 60.0648 -3.77932 5.4
    endloop
  endfacet
  facet normal 0 0 1
    outer loop
      vertex 60.1855 -4.20039 5.4
      vertex 60.0229 -3.80062 5.4
      vertex 60.0675 -4.22311 5.4
    endloop
  endfacet
  facet normal -0 0 1
    outer loop
      vertex 59.9763 -3.8172 5.4
      vertex 60.0675 -4.22311 5.4
      vertex 60.0229 -3.80062 5.4
    endloop
  endfacet
  facet normal -0 0 1
    outer loop
      vertex 59.9249 -3.82902 5.4
      vertex 60.0675 -4.22311 5.4
      vertex 59.9763 -3.8172 5.4
    endloop
  endfacet
  facet normal 0 0 1
    outer loop
      vertex 60.0675 -4.22311 5.4
      vertex 59.9249 -3.82902 5.4
      vertex 59.9402 -4.23675 5.4
    endloop
  endfacet
  facet normal -0 0 1
    outer loop
      vertex 59.8687 -3.83612 5.4
      vertex 59.9402 -4.23675 5.4
      vertex 59.9249 -3.82902 5.4
    endloop
  endfacet
  facet normal 0 0 1
    outer loop
      vertex 59.8036 -4.2413 5.4
      vertex 59.8687 -3.83612 5.4
      vertex 59.8077 -3.83848 5.4
    endloop
  endfacet
  facet normal 0 0 1
    outer loop
      vertex 59.8687 -3.83612 5.4
      vertex 59.8036 -4.2413 5.4
      vertex 59.9402 -4.23675 5.4
    endloop
  endfacet
  facet normal 0 0 1
    outer loop
      vertex 59.7456 -3.83612 5.4
      vertex 59.8036 -4.2413 5.4
      vertex 59.8077 -3.83848 5.4
    endloop
  endfacet
  facet normal 0 0 1
    outer loop
      vertex 59.6681 -4.23677 5.4
      vertex 59.7456 -3.83612 5.4
      vertex 59.6882 -3.82902 5.4
    endloop
  endfacet
  facet normal 0 0 1
    outer loop
      vertex 59.7456 -3.83612 5.4
      vertex 59.6681 -4.23677 5.4
      vertex 59.8036 -4.2413 5.4
    endloop
  endfacet
  facet normal 0 0 1
    outer loop
      vertex 59.5415 -4.2232 5.4
      vertex 59.6882 -3.82902 5.4
      vertex 59.6355 -3.8172 5.4
    endloop
  endfacet
  facet normal 0 0 1
    outer loop
      vertex 59.5415 -4.2232 5.4
      vertex 59.6355 -3.8172 5.4
      vertex 59.5875 -3.80062 5.4
    endloop
  endfacet
  facet normal 0 0 1
    outer loop
      vertex 59.424 -4.20057 5.4
      vertex 59.5875 -3.80062 5.4
      vertex 59.5443 -3.77932 5.4
    endloop
  endfacet
  facet normal 0 0 1
    outer loop
      vertex 59.6882 -3.82902 5.4
      vertex 59.5415 -4.2232 5.4
      vertex 59.6681 -4.23677 5.4
    endloop
  endfacet
  facet normal 0 0 1
    outer loop
      vertex 59.3154 -4.1689 5.4
      vertex 59.5443 -3.77932 5.4
      vertex 59.5058 -3.75329 5.4
    endloop
  endfacet
  facet normal 0 0 1
    outer loop
      vertex 59.2159 -4.12817 5.4
      vertex 59.5058 -3.75329 5.4
      vertex 59.472 -3.72253 5.4
    endloop
  endfacet
  facet normal 0 0 1
    outer loop
      vertex 59.1253 -4.0784 5.4
      vertex 59.472 -3.72253 5.4
      vertex 59.4429 -3.68663 5.4
    endloop
  endfacet
  facet normal 0 0 1
    outer loop
      vertex 59.5875 -3.80062 5.4
      vertex 59.424 -4.20057 5.4
      vertex 59.5415 -4.2232 5.4
    endloop
  endfacet
  facet normal 0 0 1
    outer loop
      vertex 59.0438 -4.01957 5.4
      vertex 59.4429 -3.68663 5.4
      vertex 59.4182 -3.64515 5.4
    endloop
  endfacet
  facet normal 0 0 1
    outer loop
      vertex 58.9118 -3.87823 5.4
      vertex 59.4182 -3.64515 5.4
      vertex 59.3981 -3.59811 5.4
    endloop
  endfacet
  facet normal 0 0 1
    outer loop
      vertex 58.8623 -3.79661 5.4
      vertex 59.3981 -3.59811 5.4
      vertex 59.3824 -3.54551 5.4
    endloop
  endfacet
  facet normal 0 0 1
    outer loop
      vertex 58.7963 -3.61143 5.4
      vertex 59.3824 -3.54551 5.4
      vertex 59.3712 -3.48735 5.4
    endloop
  endfacet
  facet normal 0 0 1
    outer loop
      vertex 58.7798 -3.50788 5.4
      vertex 59.3712 -3.48735 5.4
      vertex 59.3644 -3.42361 5.4
    endloop
  endfacet
  facet normal 0 0 1
    outer loop
      vertex 59.4188 -3.09047 5.4
      vertex 59.0888 -2.79928 5.4
      vertex 59.3984 -3.13476 5.4
    endloop
  endfacet
  facet normal 0 0 1
    outer loop
      vertex 59.5443 -3.77932 5.4
      vertex 59.3154 -4.1689 5.4
      vertex 59.424 -4.20057 5.4
    endloop
  endfacet
  facet normal -0 0 1
    outer loop
      vertex 58.7743 -3.39703 5.4
      vertex 59.3644 -3.42361 5.4
      vertex 59.3622 -3.35432 5.4
    endloop
  endfacet
  facet normal -0 0 1
    outer loop
      vertex 59.0324 -2.83841 5.4
      vertex 59.3984 -3.13476 5.4
      vertex 59.0888 -2.79928 5.4
    endloop
  endfacet
  facet normal -0 0 1
    outer loop
      vertex 58.9805 -2.88339 5.4
      vertex 59.3984 -3.13476 5.4
      vertex 59.0324 -2.83841 5.4
    endloop
  endfacet
  facet normal 0 0 1
    outer loop
      vertex 59.5058 -3.75329 5.4
      vertex 59.2159 -4.12817 5.4
      vertex 59.3154 -4.1689 5.4
    endloop
  endfacet
  facet normal 0 0 1
    outer loop
      vertex 59.3984 -3.13476 5.4
      vertex 58.9805 -2.88339 5.4
      vertex 59.3826 -3.1833 5.4
    endloop
  endfacet
  facet normal -0 0 1
    outer loop
      vertex 58.9329 -2.93423 5.4
      vertex 59.3826 -3.1833 5.4
      vertex 58.9805 -2.88339 5.4
    endloop
  endfacet
  facet normal 0 0 1
    outer loop
      vertex 59.3712 -3.48735 5.4
      vertex 58.7798 -3.50788 5.4
      vertex 58.7963 -3.61143 5.4
    endloop
  endfacet
  facet normal -0 0 1
    outer loop
      vertex 58.8908 -2.98976 5.4
      vertex 59.3826 -3.1833 5.4
      vertex 58.9329 -2.93423 5.4
    endloop
  endfacet
  facet normal 0 0 1
    outer loop
      vertex 59.472 -3.72253 5.4
      vertex 59.1253 -4.0784 5.4
      vertex 59.2159 -4.12817 5.4
    endloop
  endfacet
  facet normal 0 0 1
    outer loop
      vertex 59.3826 -3.1833 5.4
      vertex 58.8908 -2.98976 5.4
      vertex 59.3712 -3.23606 5.4
    endloop
  endfacet
  facet normal -0 0 1
    outer loop
      vertex 58.8552 -3.04881 5.4
      vertex 59.3712 -3.23606 5.4
      vertex 58.8908 -2.98976 5.4
    endloop
  endfacet
  facet normal 0 0 1
    outer loop
      vertex 59.3824 -3.54551 5.4
      vertex 58.7963 -3.61143 5.4
      vertex 58.8238 -3.70767 5.4
    endloop
  endfacet
  facet normal -0 0 1
    outer loop
      vertex 58.8261 -3.11139 5.4
      vertex 59.3712 -3.23606 5.4
      vertex 58.8552 -3.04881 5.4
    endloop
  endfacet
  facet normal 0 0 1
    outer loop
      vertex 59.4429 -3.68663 5.4
      vertex 59.0438 -4.01957 5.4
      vertex 59.1253 -4.0784 5.4
    endloop
  endfacet
  facet normal 0 0 1
    outer loop
      vertex 59.3712 -3.23606 5.4
      vertex 58.8261 -3.11139 5.4
      vertex 59.3645 -3.29307 5.4
    endloop
  endfacet
  facet normal 0 0 1
    outer loop
      vertex 59.4182 -3.64515 5.4
      vertex 58.9723 -3.95256 5.4
      vertex 59.0438 -4.01957 5.4
    endloop
  endfacet
  facet normal -0 0 1
    outer loop
      vertex 58.8034 -3.1775 5.4
      vertex 59.3645 -3.29307 5.4
      vertex 58.8261 -3.11139 5.4
    endloop
  endfacet
  facet normal -0 0 1
    outer loop
      vertex 58.7872 -3.24716 5.4
      vertex 59.3645 -3.29307 5.4
      vertex 58.8034 -3.1775 5.4
    endloop
  endfacet
  facet normal 0 0 1
    outer loop
      vertex 59.4182 -3.64515 5.4
      vertex 58.9118 -3.87823 5.4
      vertex 58.9723 -3.95256 5.4
    endloop
  endfacet
  facet normal 0 0 1
    outer loop
      vertex 59.3645 -3.29307 5.4
      vertex 58.7872 -3.24716 5.4
      vertex 59.3622 -3.35432 5.4
    endloop
  endfacet
  facet normal 0 0 1
    outer loop
      vertex 59.3981 -3.59811 5.4
      vertex 58.8623 -3.79661 5.4
      vertex 58.9118 -3.87823 5.4
    endloop
  endfacet
  facet normal -0 0 1
    outer loop
      vertex 58.7775 -3.32032 5.4
      vertex 59.3622 -3.35432 5.4
      vertex 58.7872 -3.24716 5.4
    endloop
  endfacet
  facet normal 0 0 1
    outer loop
      vertex 59.3824 -3.54551 5.4
      vertex 58.8238 -3.70767 5.4
      vertex 58.8623 -3.79661 5.4
    endloop
  endfacet
  facet normal 0 0 1
    outer loop
      vertex 59.3622 -3.35432 5.4
      vertex 58.7775 -3.32032 5.4
      vertex 58.7743 -3.39703 5.4
    endloop
  endfacet
  facet normal 0 0 1
    outer loop
      vertex 59.3644 -3.42361 5.4
      vertex 58.7743 -3.39703 5.4
      vertex 58.7798 -3.50788 5.4
    endloop
  endfacet
  facet normal -0 0 1
    outer loop
      vertex 60.17 -2.02897 5.4
      vertex 60.7598 -2.05438 5.4
      vertex 60.7547 -1.95317 5.4
    endloop
  endfacet
  facet normal 0 -0 1
    outer loop
      vertex 60.1719 -2.08488 5.4
      vertex 60.7598 -2.05438 5.4
      vertex 60.17 -2.02897 5.4
    endloop
  endfacet
  facet normal 0 0 1
    outer loop
      vertex 60.1642 -1.97752 5.4
      vertex 60.7547 -1.95317 5.4
      vertex 60.7395 -1.85882 5.4
    endloop
  endfacet
  facet normal 0 0 1
    outer loop
      vertex 60.7598 -2.05438 5.4
      vertex 60.1719 -2.08488 5.4
      vertex 60.7569 -2.12005 5.4
    endloop
  endfacet
  facet normal 0 0 1
    outer loop
      vertex 60.1642 -1.97752 5.4
      vertex 60.7395 -1.85882 5.4
      vertex 60.714 -1.77133 5.4
    endloop
  endfacet
  facet normal 0 0 1
    outer loop
      vertex 60.7569 -2.12005 5.4
      vertex 60.1719 -2.08488 5.4
      vertex 60.7483 -2.18341 5.4
    endloop
  endfacet
  facet normal -0 0 1
    outer loop
      vertex 60.17 -2.14512 5.4
      vertex 60.7483 -2.18341 5.4
      vertex 60.1719 -2.08488 5.4
    endloop
  endfacet
  facet normal 0 0 1
    outer loop
      vertex 60.1547 -1.93051 5.4
      vertex 60.714 -1.77133 5.4
      vertex 60.6784 -1.69069 5.4
    endloop
  endfacet
  facet normal 0 0 1
    outer loop
      vertex 60.7483 -2.18341 5.4
      vertex 60.17 -2.14512 5.4
      vertex 60.7338 -2.24443 5.4
    endloop
  endfacet
  facet normal 0 0 1
    outer loop
      vertex 60.1413 -1.88794 5.4
      vertex 60.6784 -1.69069 5.4
      vertex 60.6326 -1.61688 5.4
    endloop
  endfacet
  facet normal 0 0 1
    outer loop
      vertex 60.7338 -2.24443 5.4
      vertex 60.17 -2.14512 5.4
      vertex 60.7136 -2.30314 5.4
    endloop
  endfacet
  facet normal 0 0 1
    outer loop
      vertex 60.1413 -1.88794 5.4
      vertex 60.6326 -1.61688 5.4
      vertex 60.5767 -1.54994 5.4
    endloop
  endfacet
  facet normal -0 0 1
    outer loop
      vertex 60.1643 -2.2003 5.4
      vertex 60.7136 -2.30314 5.4
      vertex 60.17 -2.14512 5.4
    endloop
  endfacet
  facet normal 0 0 1
    outer loop
      vertex 60.7136 -2.30314 5.4
      vertex 60.1643 -2.2003 5.4
      vertex 60.6877 -2.35952 5.4
    endloop
  endfacet
  facet normal 0 0 1
    outer loop
      vertex 60.1241 -1.8498 5.4
      vertex 60.5767 -1.54994 5.4
      vertex 60.5106 -1.48983 5.4
    endloop
  endfacet
  facet normal 0 0 1
    outer loop
      vertex 60.6877 -2.35952 5.4
      vertex 60.1643 -2.2003 5.4
      vertex 60.6559 -2.41359 5.4
    endloop
  endfacet
  facet normal 0 0 1
    outer loop
      vertex 60.1031 -1.81611 5.4
      vertex 60.5106 -1.48983 5.4
      vertex 60.435 -1.43721 5.4
    endloop
  endfacet
  facet normal -0 0 1
    outer loop
      vertex 60.1549 -2.25042 5.4
      vertex 60.6559 -2.41359 5.4
      vertex 60.1643 -2.2003 5.4
    endloop
  endfacet
  facet normal 0 0 1
    outer loop
      vertex 60.6184 -2.46531 5.4
      vertex 60.1549 -2.25042 5.4
      vertex 60.576 -2.51323 5.4
    endloop
  endfacet
  facet normal 0 0 1
    outer loop
      vertex 60.0783 -1.78686 5.4
      vertex 60.435 -1.43721 5.4
      vertex 60.3505 -1.39268 5.4
    endloop
  endfacet
  facet normal -0 0 1
    outer loop
      vertex 60.1416 -2.29547 5.4
      vertex 60.576 -2.51323 5.4
      vertex 60.1549 -2.25042 5.4
    endloop
  endfacet
  facet normal 0 0 1
    outer loop
      vertex 60.0496 -1.76176 5.4
      vertex 60.3505 -1.39268 5.4
      vertex 60.2572 -1.35624 5.4
    endloop
  endfacet
  facet normal 0 0 1
    outer loop
      vertex 60.6559 -2.41359 5.4
      vertex 60.1549 -2.25042 5.4
      vertex 60.6184 -2.46531 5.4
    endloop
  endfacet
  facet normal 0 0 1
    outer loop
      vertex 59.9426 -2.47827 5.4
      vertex 60.239 -2.69725 5.4
      vertex 60.239 -2.68908 5.4
    endloop
  endfacet
  facet normal 0 0 1
    outer loop
      vertex 60.802 -3.16635 5.4
      vertex 60.2299 -3.22691 5.4
      vertex 60.239 -3.34619 5.4
    endloop
  endfacet
  facet normal 0 0 1
    outer loop
      vertex 60.5297 -2.55583 5.4
      vertex 60.1416 -2.29547 5.4
      vertex 60.4795 -2.59311 5.4
    endloop
  endfacet
  facet normal 0 0 1
    outer loop
      vertex 60.4795 -2.59311 5.4
      vertex 60.1246 -2.33545 5.4
      vertex 60.4253 -2.62507 5.4
    endloop
  endfacet
  facet normal -0 0 1
    outer loop
      vertex 60.1246 -2.33545 5.4
      vertex 60.4795 -2.59311 5.4
      vertex 60.1416 -2.29547 5.4
    endloop
  endfacet
  facet normal 0 0 1
    outer loop
      vertex 60.576 -2.51323 5.4
      vertex 60.1416 -2.29547 5.4
      vertex 60.5297 -2.55583 5.4
    endloop
  endfacet
  facet normal 0 0 1
    outer loop
      vertex 60.7547 -1.95317 5.4
      vertex 60.1642 -1.97752 5.4
      vertex 60.17 -2.02897 5.4
    endloop
  endfacet
  facet normal 0 0 1
    outer loop
      vertex 60.017 -1.74052 5.4
      vertex 60.2572 -1.35624 5.4
      vertex 60.155 -1.32791 5.4
    endloop
  endfacet
  facet normal 0 0 1
    outer loop
      vertex 60.714 -1.77133 5.4
      vertex 60.1547 -1.93051 5.4
      vertex 60.1642 -1.97752 5.4
    endloop
  endfacet
  facet normal 0 0 1
    outer loop
      vertex 60.6784 -1.69069 5.4
      vertex 60.1413 -1.88794 5.4
      vertex 60.1547 -1.93051 5.4
    endloop
  endfacet
  facet normal 0 0 1
    outer loop
      vertex 60.5767 -1.54994 5.4
      vertex 60.1241 -1.8498 5.4
      vertex 60.1413 -1.88794 5.4
    endloop
  endfacet
  facet normal 0 0 1
    outer loop
      vertex 60.5106 -1.48983 5.4
      vertex 60.1031 -1.81611 5.4
      vertex 60.1241 -1.8498 5.4
    endloop
  endfacet
  facet normal 0 0 1
    outer loop
      vertex 60.435 -1.43721 5.4
      vertex 60.0783 -1.78686 5.4
      vertex 60.1031 -1.81611 5.4
    endloop
  endfacet
  facet normal 0 0 1
    outer loop
      vertex 60.3505 -1.39268 5.4
      vertex 60.0496 -1.76176 5.4
      vertex 60.0783 -1.78686 5.4
    endloop
  endfacet
  facet normal 0 0 1
    outer loop
      vertex 59.9805 -1.72314 5.4
      vertex 60.155 -1.32791 5.4
      vertex 60.044 -1.30766 5.4
    endloop
  endfacet
  facet normal 0 0 1
    outer loop
      vertex 60.2572 -1.35624 5.4
      vertex 60.017 -1.74052 5.4
      vertex 60.0496 -1.76176 5.4
    endloop
  endfacet
  facet normal 0 0 1
    outer loop
      vertex 60.155 -1.32791 5.4
      vertex 59.9805 -1.72314 5.4
      vertex 60.017 -1.74052 5.4
    endloop
  endfacet
  facet normal 0 0 1
    outer loop
      vertex 60.044 -1.30766 5.4
      vertex 59.9401 -1.70962 5.4
      vertex 59.9805 -1.72314 5.4
    endloop
  endfacet
  facet normal 0 0 1
    outer loop
      vertex 59.9242 -1.29551 5.4
      vertex 59.9401 -1.70962 5.4
      vertex 60.044 -1.30766 5.4
    endloop
  endfacet
  facet normal 0 0 1
    outer loop
      vertex 59.9242 -1.29551 5.4
      vertex 59.8958 -1.69996 5.4
      vertex 59.9401 -1.70962 5.4
    endloop
  endfacet
  facet normal 0 0 1
    outer loop
      vertex 59.9242 -1.29551 5.4
      vertex 59.8476 -1.69418 5.4
      vertex 59.8958 -1.69996 5.4
    endloop
  endfacet
  facet normal 0 0 1
    outer loop
      vertex 59.7955 -1.29147 5.4
      vertex 59.8476 -1.69418 5.4
      vertex 59.9242 -1.29551 5.4
    endloop
  endfacet
  facet normal 0 0 1
    outer loop
      vertex 59.7955 -1.29147 5.4
      vertex 59.7955 -1.69224 5.4
      vertex 59.8476 -1.69418 5.4
    endloop
  endfacet
  facet normal -0 0 1
    outer loop
      vertex 59.6695 -1.29562 5.4
      vertex 59.7955 -1.69224 5.4
      vertex 59.7955 -1.29147 5.4
    endloop
  endfacet
  facet normal 0 0 1
    outer loop
      vertex 59.7955 -1.69224 5.4
      vertex 59.6695 -1.29562 5.4
      vertex 59.6973 -1.70025 5.4
    endloop
  endfacet
  facet normal -0 0 1
    outer loop
      vertex 59.552 -1.30809 5.4
      vertex 59.6973 -1.70025 5.4
      vertex 59.6695 -1.29562 5.4
    endloop
  endfacet
  facet normal 0 0 1
    outer loop
      vertex 59.6973 -1.70025 5.4
      vertex 59.552 -1.30809 5.4
      vertex 59.6142 -1.7243 5.4
    endloop
  endfacet
  facet normal -0 0 1
    outer loop
      vertex 59.4429 -1.32884 5.4
      vertex 59.6142 -1.7243 5.4
      vertex 59.552 -1.30809 5.4
    endloop
  endfacet
  facet normal 0 0 1
    outer loop
      vertex 59.6142 -1.7243 5.4
      vertex 59.4429 -1.32884 5.4
      vertex 59.5462 -1.76435 5.4
    endloop
  endfacet
  facet normal -0 0 1
    outer loop
      vertex 59.3421 -1.35791 5.4
      vertex 59.5462 -1.76435 5.4
      vertex 59.4429 -1.32884 5.4
    endloop
  endfacet
  facet normal -0 0 1
    outer loop
      vertex 59.2499 -1.39528 5.4
      vertex 59.5462 -1.76435 5.4
      vertex 59.3421 -1.35791 5.4
    endloop
  endfacet
  facet normal 0 0 1
    outer loop
      vertex 59.5462 -1.76435 5.4
      vertex 59.2499 -1.39528 5.4
      vertex 59.4933 -1.82045 5.4
    endloop
  endfacet
  facet normal -0 0 1
    outer loop
      vertex 59.166 -1.44096 5.4
      vertex 59.4933 -1.82045 5.4
      vertex 59.2499 -1.39528 5.4
    endloop
  endfacet
  facet normal 0 0 1
    outer loop
      vertex 59.4731 -3.01457 5.4
      vertex 59.2842 -2.71701 5.4
      vertex 59.4436 -3.0504 5.4
    endloop
  endfacet
  facet normal -0 0 1
    outer loop
      vertex 59.0906 -1.49493 5.4
      vertex 59.4933 -1.82045 5.4
      vertex 59.166 -1.44096 5.4
    endloop
  endfacet
  facet normal 0 0 1
    outer loop
      vertex 59.3581 -2.70129 5.4
      vertex 59.4329 -2.1939 5.4
      vertex 59.3581 -2.69316 5.4
    endloop
  endfacet
  facet normal -0 0 1
    outer loop
      vertex 59.2146 -2.73858 5.4
      vertex 59.4436 -3.0504 5.4
      vertex 59.2842 -2.71701 5.4
    endloop
  endfacet
  facet normal -0 0 1
    outer loop
      vertex 59.1495 -2.766 5.4
      vertex 59.4436 -3.0504 5.4
      vertex 59.2146 -2.73858 5.4
    endloop
  endfacet
  facet normal -0 0 1
    outer loop
      vertex 59.0888 -2.79928 5.4
      vertex 59.4188 -3.09047 5.4
      vertex 59.1495 -2.766 5.4
    endloop
  endfacet
  facet normal 0 0 1
    outer loop
      vertex 59.4436 -3.0504 5.4
      vertex 59.1495 -2.766 5.4
      vertex 59.4188 -3.09047 5.4
    endloop
  endfacet
  facet normal -0 0 1
    outer loop
      vertex 59.0245 -1.55609 5.4
      vertex 59.4933 -1.82045 5.4
      vertex 59.0906 -1.49493 5.4
    endloop
  endfacet
  facet normal 0 0 1
    outer loop
      vertex 59.4933 -1.82045 5.4
      vertex 59.0245 -1.55609 5.4
      vertex 59.4555 -1.89257 5.4
    endloop
  endfacet
  facet normal -0 0 1
    outer loop
      vertex 58.9686 -1.6233 5.4
      vertex 59.4555 -1.89257 5.4
      vertex 59.0245 -1.55609 5.4
    endloop
  endfacet
  facet normal -0 0 1
    outer loop
      vertex 58.8414 -2.05029 5.4
      vertex 59.4253 -2.08488 5.4
      vertex 58.8465 -1.95277 5.4
    endloop
  endfacet
  facet normal 0 -0 1
    outer loop
      vertex 58.8443 -2.11602 5.4
      vertex 59.4253 -2.08488 5.4
      vertex 58.8414 -2.05029 5.4
    endloop
  endfacet
  facet normal 0 0 1
    outer loop
      vertex 59.4329 -2.1939 5.4
      vertex 59.2937 -2.67602 5.4
      vertex 59.3581 -2.69316 5.4
    endloop
  endfacet
  facet normal 0 0 1
    outer loop
      vertex 59.4329 -2.1939 5.4
      vertex 59.2329 -2.65364 5.4
      vertex 59.2937 -2.67602 5.4
    endloop
  endfacet
  facet normal -0 0 1
    outer loop
      vertex 58.9228 -1.69658 5.4
      vertex 59.4555 -1.89257 5.4
      vertex 58.9686 -1.6233 5.4
    endloop
  endfacet
  facet normal 0 0 1
    outer loop
      vertex 59.4329 -2.1939 5.4
      vertex 59.1758 -2.62603 5.4
      vertex 59.2329 -2.65364 5.4
    endloop
  endfacet
  facet normal 0 0 1
    outer loop
      vertex 59.4329 -2.1939 5.4
      vertex 59.1223 -2.5932 5.4
      vertex 59.1758 -2.62603 5.4
    endloop
  endfacet
  facet normal -0 0 1
    outer loop
      vertex 58.8872 -1.77591 5.4
      vertex 59.4555 -1.89257 5.4
      vertex 58.9228 -1.69658 5.4
    endloop
  endfacet
  facet normal 0 0 1
    outer loop
      vertex 59.4329 -2.1939 5.4
      vertex 59.0725 -2.55513 5.4
      vertex 59.1223 -2.5932 5.4
    endloop
  endfacet
  facet normal 0 0 1
    outer loop
      vertex 59.4555 -1.89257 5.4
      vertex 58.8872 -1.77591 5.4
      vertex 59.4328 -1.98071 5.4
    endloop
  endfacet
  facet normal 0 0 1
    outer loop
      vertex 59.4329 -2.1939 5.4
      vertex 59.0263 -2.51184 5.4
      vertex 59.0725 -2.55513 5.4
    endloop
  endfacet
  facet normal -0 0 1
    outer loop
      vertex 58.8618 -1.86131 5.4
      vertex 59.4328 -1.98071 5.4
      vertex 58.8872 -1.77591 5.4
    endloop
  endfacet
  facet normal 0 0 1
    outer loop
      vertex 59.4329 -2.1939 5.4
      vertex 58.9838 -2.4633 5.4
      vertex 59.0263 -2.51184 5.4
    endloop
  endfacet
  facet normal 0 0 1
    outer loop
      vertex 59.4329 -2.1939 5.4
      vertex 58.946 -2.41102 5.4
      vertex 58.9838 -2.4633 5.4
    endloop
  endfacet
  facet normal -0 0 1
    outer loop
      vertex 58.8465 -1.95277 5.4
      vertex 59.4328 -1.98071 5.4
      vertex 58.8618 -1.86131 5.4
    endloop
  endfacet
  facet normal 0 0 1
    outer loop
      vertex 59.4328 -1.98071 5.4
      vertex 58.8465 -1.95277 5.4
      vertex 59.4253 -2.08488 5.4
    endloop
  endfacet
  facet normal 0 0 1
    outer loop
      vertex 59.4329 -2.1939 5.4
      vertex 58.914 -2.3565 5.4
      vertex 58.946 -2.41102 5.4
    endloop
  endfacet
  facet normal 0 0 1
    outer loop
      vertex 59.4329 -2.1939 5.4
      vertex 58.8879 -2.29976 5.4
      vertex 58.914 -2.3565 5.4
    endloop
  endfacet
  facet normal 0 0 1
    outer loop
      vertex 59.4329 -2.1939 5.4
      vertex 58.8676 -2.24075 5.4
      vertex 58.8879 -2.29976 5.4
    endloop
  endfacet
  facet normal 0 0 1
    outer loop
      vertex 59.4253 -2.08488 5.4
      vertex 58.853 -2.1795 5.4
      vertex 58.8676 -2.24075 5.4
    endloop
  endfacet
  facet normal 0 0 1
    outer loop
      vertex 59.4253 -2.08488 5.4
      vertex 58.8443 -2.11602 5.4
      vertex 58.853 -2.1795 5.4
    endloop
  endfacet
  facet normal 0 0 1
    outer loop
      vertex 60.4253 -2.62507 5.4
      vertex 60.1246 -2.33545 5.4
      vertex 60.3671 -2.65173 5.4
    endloop
  endfacet
  facet normal 0 0 1
    outer loop
      vertex 60.6733 -2.92405 5.4
      vertex 60.2025 -3.12597 5.4
      vertex 60.2299 -3.22691 5.4
    endloop
  endfacet
  facet normal -0 0 1
    outer loop
      vertex 60.1038 -2.37036 5.4
      vertex 60.3671 -2.65173 5.4
      vertex 60.1246 -2.33545 5.4
    endloop
  endfacet
  facet normal 0 0 1
    outer loop
      vertex 60.3671 -2.65173 5.4
      vertex 60.1038 -2.37036 5.4
      vertex 60.305 -2.67306 5.4
    endloop
  endfacet
  facet normal 0 0 1
    outer loop
      vertex 60.4543 -2.76081 5.4
      vertex 60.1568 -3.04339 5.4
      vertex 60.2025 -3.12597 5.4
    endloop
  endfacet
  facet normal -0 0 1
    outer loop
      vertex 60.0793 -2.40022 5.4
      vertex 60.305 -2.67306 5.4
      vertex 60.1038 -2.37036 5.4
    endloop
  endfacet
  facet normal 0 0 1
    outer loop
      vertex 60.305 -2.67306 5.4
      vertex 60.0793 -2.40022 5.4
      vertex 60.239 -2.68908 5.4
    endloop
  endfacet
  facet normal 0 0 1
    outer loop
      vertex 60.3156 -2.71283 5.4
      vertex 60.0928 -2.97915 5.4
      vertex 60.1568 -3.04339 5.4
    endloop
  endfacet
  facet normal -0 0 1
    outer loop
      vertex 60.0509 -2.42558 5.4
      vertex 60.239 -2.68908 5.4
      vertex 60.0793 -2.40022 5.4
    endloop
  endfacet
  facet normal -0 0 1
    outer loop
      vertex 60.0187 -2.44705 5.4
      vertex 60.239 -2.68908 5.4
      vertex 60.0509 -2.42558 5.4
    endloop
  endfacet
  facet normal -0 0 1
    outer loop
      vertex 59.9826 -2.4646 5.4
      vertex 60.239 -2.68908 5.4
      vertex 60.0187 -2.44705 5.4
    endloop
  endfacet
  facet normal 0 0 1
    outer loop
      vertex 60.239 -2.69725 5.4
      vertex 60.0107 -2.93328 5.4
      vertex 60.0928 -2.97915 5.4
    endloop
  endfacet
  facet normal -0 0 1
    outer loop
      vertex 59.9426 -2.47827 5.4
      vertex 60.239 -2.68908 5.4
      vertex 59.9826 -2.4646 5.4
    endloop
  endfacet
  facet normal 0 0 1
    outer loop
      vertex 60.239 -2.69725 5.4
      vertex 59.9426 -2.47827 5.4
      vertex 59.9102 -2.90576 5.4
    endloop
  endfacet
  facet normal 0 0 1
    outer loop
      vertex 60.239 -2.69725 5.4
      vertex 59.9102 -2.90576 5.4
      vertex 60.0107 -2.93328 5.4
    endloop
  endfacet
  facet normal -0 0 1
    outer loop
      vertex 59.8988 -2.48802 5.4
      vertex 59.9102 -2.90576 5.4
      vertex 59.9426 -2.47827 5.4
    endloop
  endfacet
  facet normal -0 0 1
    outer loop
      vertex 59.8511 -2.49388 5.4
      vertex 59.9102 -2.90576 5.4
      vertex 59.8988 -2.48802 5.4
    endloop
  endfacet
  facet normal 0 0 1
    outer loop
      vertex 59.7914 -2.89657 5.4
      vertex 59.8511 -2.49388 5.4
      vertex 59.7996 -2.49582 5.4
    endloop
  endfacet
  facet normal 0 0 1
    outer loop
      vertex 59.8511 -2.49388 5.4
      vertex 59.7914 -2.89657 5.4
      vertex 59.9102 -2.90576 5.4
    endloop
  endfacet
  facet normal 0 0 1
    outer loop
      vertex 59.7996 -2.49582 5.4
      vertex 59.7341 -2.89898 5.4
      vertex 59.7914 -2.89657 5.4
    endloop
  endfacet
  facet normal 0 0 1
    outer loop
      vertex 59.7003 -2.48744 5.4
      vertex 59.7341 -2.89898 5.4
      vertex 59.7996 -2.49582 5.4
    endloop
  endfacet
  facet normal 0 0 1
    outer loop
      vertex 59.7003 -2.48744 5.4
      vertex 59.6808 -2.90622 5.4
      vertex 59.7341 -2.89898 5.4
    endloop
  endfacet
  facet normal 0 0 1
    outer loop
      vertex 59.7003 -2.48744 5.4
      vertex 59.6313 -2.91825 5.4
      vertex 59.6808 -2.90622 5.4
    endloop
  endfacet
  facet normal 0 0 1
    outer loop
      vertex 59.6162 -2.46228 5.4
      vertex 59.6313 -2.91825 5.4
      vertex 59.7003 -2.48744 5.4
    endloop
  endfacet
  facet normal -0 0 1
    outer loop
      vertex 59.3581 -2.70129 5.4
      vertex 59.6313 -2.91825 5.4
      vertex 59.6162 -2.46228 5.4
    endloop
  endfacet
  facet normal 0 0 1
    outer loop
      vertex 59.3581 -2.70129 5.4
      vertex 59.6162 -2.46228 5.4
      vertex 59.5475 -2.42035 5.4
    endloop
  endfacet
  facet normal 0 0 1
    outer loop
      vertex 59.6313 -2.91825 5.4
      vertex 59.3581 -2.70129 5.4
      vertex 59.5858 -2.9351 5.4
    endloop
  endfacet
  facet normal 0 0 1
    outer loop
      vertex 59.5858 -2.9351 5.4
      vertex 59.3581 -2.70129 5.4
      vertex 59.5443 -2.95677 5.4
    endloop
  endfacet
  facet normal 0 0 1
    outer loop
      vertex 59.3581 -2.70129 5.4
      vertex 59.5475 -2.42035 5.4
      vertex 59.494 -2.36164 5.4
    endloop
  endfacet
  facet normal 0 0 1
    outer loop
      vertex 59.5443 -2.95677 5.4
      vertex 59.3581 -2.70129 5.4
      vertex 59.5067 -2.98326 5.4
    endloop
  endfacet
  facet normal 0 0 1
    outer loop
      vertex 59.3581 -2.70129 5.4
      vertex 59.494 -2.36164 5.4
      vertex 59.4558 -2.28616 5.4
    endloop
  endfacet
  facet normal 0 0 1
    outer loop
      vertex 59.5067 -2.98326 5.4
      vertex 59.3581 -2.70129 5.4
      vertex 59.4731 -3.01457 5.4
    endloop
  endfacet
  facet normal 0 0 1
    outer loop
      vertex 59.3581 -2.70129 5.4
      vertex 59.4558 -2.28616 5.4
      vertex 59.4329 -2.1939 5.4
    endloop
  endfacet
  facet normal 0 0 1
    outer loop
      vertex 58.8676 -2.24075 5.4
      vertex 59.4329 -2.1939 5.4
      vertex 59.4253 -2.08488 5.4
    endloop
  endfacet
  facet normal -0 0 1
    outer loop
      vertex 59.2842 -2.71701 5.4
      vertex 59.4731 -3.01457 5.4
      vertex 59.3581 -2.70129 5.4
    endloop
  endfacet
  facet normal 0 0 1
    outer loop
      vertex 58.6568 -1.33419 5.4
      vertex 57.7291 -1.79802 5.4
      vertex 58.6568 -1.79802 5.4
    endloop
  endfacet
  facet normal 0 0 1
    outer loop
      vertex 57.7291 -1.79802 5.4
      vertex 57.1289 -1.79802 5.4
      vertex 57.7291 -4.20062 5.4
    endloop
  endfacet
  facet normal 0 0 1
    outer loop
      vertex 58.6568 -1.33419 5.4
      vertex 57.1289 -1.79802 5.4
      vertex 57.7291 -1.79802 5.4
    endloop
  endfacet
  facet normal -0 0 1
    outer loop
      vertex 56.2033 -1.33419 5.4
      vertex 57.1289 -1.79802 5.4
      vertex 58.6568 -1.33419 5.4
    endloop
  endfacet
  facet normal 0 0 1
    outer loop
      vertex 57.1289 -1.79802 5.4
      vertex 56.2033 -1.33419 5.4
      vertex 56.2033 -1.79802 5.4
    endloop
  endfacet
  facet normal 0 0 1
    outer loop
      vertex 57.7291 -4.20062 5.4
      vertex 57.1289 -1.79802 5.4
      vertex 57.1289 -4.20062 5.4
    endloop
  endfacet
  facet normal -0.106539 0.994309 0
    outer loop
      vertex 60.0675 -4.22311 5.4
      vertex 59.9402 -4.23675 6
      vertex 60.0675 -4.22311 6
    endloop
  endfacet
  facet normal -0.106539 0.994309 0
    outer loop
      vertex 59.9402 -4.23675 6
      vertex 60.0675 -4.22311 5.4
      vertex 59.9402 -4.23675 5.4
    endloop
  endfacet
  facet normal -0.18907 0.981964 0
    outer loop
      vertex 60.1855 -4.20039 5.4
      vertex 60.0675 -4.22311 6
      vertex 60.1855 -4.20039 6
    endloop
  endfacet
  facet normal -0.18907 0.981964 0
    outer loop
      vertex 60.0675 -4.22311 6
      vertex 60.1855 -4.20039 5.4
      vertex 60.0675 -4.22311 5.4
    endloop
  endfacet
  facet normal -0.281024 0.959701 0
    outer loop
      vertex 60.2942 -4.16856 5.4
      vertex 60.1855 -4.20039 6
      vertex 60.2942 -4.16856 6
    endloop
  endfacet
  facet normal -0.281024 0.959701 0
    outer loop
      vertex 60.1855 -4.20039 6
      vertex 60.2942 -4.16856 5.4
      vertex 60.1855 -4.20039 5.4
    endloop
  endfacet
  facet normal -0.380595 0.924742 0
    outer loop
      vertex 60.3936 -4.12765 5.4
      vertex 60.2942 -4.16856 6
      vertex 60.3936 -4.12765 6
    endloop
  endfacet
  facet normal -0.380595 0.924742 0
    outer loop
      vertex 60.2942 -4.16856 6
      vertex 60.3936 -4.12765 5.4
      vertex 60.2942 -4.16856 5.4
    endloop
  endfacet
  facet normal -0.485231 0.874386 0
    outer loop
      vertex 60.4837 -4.07765 5.4
      vertex 60.3936 -4.12765 6
      vertex 60.4837 -4.07765 6
    endloop
  endfacet
  facet normal -0.485231 0.874386 0
    outer loop
      vertex 60.3936 -4.12765 6
      vertex 60.4837 -4.07765 5.4
      vertex 60.3936 -4.12765 5.4
    endloop
  endfacet
  facet normal -0.590367 0.807135 0
    outer loop
      vertex 60.5645 -4.01855 5.4
      vertex 60.4837 -4.07765 6
      vertex 60.5645 -4.01855 6
    endloop
  endfacet
  facet normal -0.590367 0.807135 0
    outer loop
      vertex 60.4837 -4.07765 6
      vertex 60.5645 -4.01855 5.4
      vertex 60.4837 -4.07765 5.4
    endloop
  endfacet
  facet normal -0.689691 0.724104 0
    outer loop
      vertex 60.6352 -3.95121 5.4
      vertex 60.5645 -4.01855 6
      vertex 60.6352 -3.95121 6
    endloop
  endfacet
  facet normal -0.689691 0.724104 0
    outer loop
      vertex 60.5645 -4.01855 6
      vertex 60.6352 -3.95121 5.4
      vertex 60.5645 -4.01855 5.4
    endloop
  endfacet
  facet normal -0.780502 0.625154 -1.80993e-18
    outer loop
      vertex 60.6352 -3.95121 5.4
      vertex 60.695 -3.87655 6
      vertex 60.695 -3.87655 5.4
    endloop
  endfacet
  facet normal -0.780502 0.625154 -1.80993e-18
    outer loop
      vertex 60.695 -3.87655 6
      vertex 60.6352 -3.95121 5.4
      vertex 60.6352 -3.95121 6
    endloop
  endfacet
  facet normal -0.858498 0.512817 -7.49292e-18
    outer loop
      vertex 60.695 -3.87655 5.4
      vertex 60.744 -3.79452 6
      vertex 60.744 -3.79452 5.4
    endloop
  endfacet
  facet normal -0.858498 0.512817 -7.49292e-18
    outer loop
      vertex 60.744 -3.79452 6
      vertex 60.695 -3.87655 5.4
      vertex 60.695 -3.87655 6
    endloop
  endfacet
  facet normal -0.920265 0.391295 1.44042e-18
    outer loop
      vertex 60.744 -3.79452 5.4
      vertex 60.782 -3.70515 6
      vertex 60.782 -3.70515 5.4
    endloop
  endfacet
  facet normal -0.920265 0.391295 1.44042e-18
    outer loop
      vertex 60.782 -3.70515 6
      vertex 60.744 -3.79452 5.4
      vertex 60.744 -3.79452 6
    endloop
  endfacet
  facet normal -0.96265 0.270748 1.99537e-18
    outer loop
      vertex 60.782 -3.70515 5.4
      vertex 60.8092 -3.60844 6
      vertex 60.8092 -3.60844 5.4
    endloop
  endfacet
  facet normal -0.96265 0.270748 1.99537e-18
    outer loop
      vertex 60.8092 -3.60844 6
      vertex 60.782 -3.70515 5.4
      vertex 60.782 -3.70515 6
    endloop
  endfacet
  facet normal -0.987953 0.154753 -6.17853e-19
    outer loop
      vertex 60.8092 -3.60844 5.4
      vertex 60.8255 -3.50438 6
      vertex 60.8255 -3.50438 5.4
    endloop
  endfacet
  facet normal -0.987953 0.154753 -6.17853e-19
    outer loop
      vertex 60.8255 -3.50438 6
      vertex 60.8092 -3.60844 5.4
      vertex 60.8092 -3.60844 6
    endloop
  endfacet
  facet normal -0.998784 0.0493027 -1.83527e-19
    outer loop
      vertex 60.8255 -3.50438 5.4
      vertex 60.831 -3.39296 6
      vertex 60.831 -3.39296 5.4
    endloop
  endfacet
  facet normal -0.998784 0.0493027 -1.83527e-19
    outer loop
      vertex 60.831 -3.39296 6
      vertex 60.8255 -3.50438 5.4
      vertex 60.8255 -3.50438 6
    endloop
  endfacet
  facet normal -0.999197 -0.040058 4.4911e-19
    outer loop
      vertex 60.831 -3.39296 5.4
      vertex 60.8278 -3.31314 6
      vertex 60.8278 -3.31314 5.4
    endloop
  endfacet
  facet normal -0.999197 -0.040058 4.4911e-19
    outer loop
      vertex 60.8278 -3.31314 6
      vertex 60.831 -3.39296 5.4
      vertex 60.831 -3.39296 6
    endloop
  endfacet
  facet normal -0.991854 -0.12738 1.07871e-18
    outer loop
      vertex 60.8278 -3.31314 5.4
      vertex 60.8181 -3.23761 6
      vertex 60.8181 -3.23761 5.4
    endloop
  endfacet
  facet normal -0.991854 -0.12738 1.07871e-18
    outer loop
      vertex 60.8181 -3.23761 6
      vertex 60.8278 -3.31314 5.4
      vertex 60.8278 -3.31314 6
    endloop
  endfacet
  facet normal -0.975414 -0.220379 2.45736e-18
    outer loop
      vertex 60.8181 -3.23761 5.4
      vertex 60.802 -3.16635 6
      vertex 60.802 -3.16635 5.4
    endloop
  endfacet
  facet normal -0.975414 -0.220379 2.45736e-18
    outer loop
      vertex 60.802 -3.16635 6
      vertex 60.8181 -3.23761 5.4
      vertex 60.8181 -3.23761 6
    endloop
  endfacet
  facet normal -0.947959 -0.318392 -2.12439e-18
    outer loop
      vertex 60.802 -3.16635 5.4
      vertex 60.7795 -3.09936 6
      vertex 60.7795 -3.09936 5.4
    endloop
  endfacet
  facet normal -0.947959 -0.318392 -2.12439e-18
    outer loop
      vertex 60.7795 -3.09936 6
      vertex 60.802 -3.16635 5.4
      vertex 60.802 -3.16635 6
    endloop
  endfacet
  facet normal -0.907646 -0.419737 -4.43492e-19
    outer loop
      vertex 60.7795 -3.09936 5.4
      vertex 60.7505 -3.03665 6
      vertex 60.7505 -3.03665 5.4
    endloop
  endfacet
  facet normal -0.907646 -0.419737 -4.43492e-19
    outer loop
      vertex 60.7505 -3.03665 6
      vertex 60.7795 -3.09936 5.4
      vertex 60.7795 -3.09936 6
    endloop
  endfacet
  facet normal -0.855276 -0.518172 -3.48747e-20
    outer loop
      vertex 60.7505 -3.03665 5.4
      vertex 60.7151 -2.97822 6
      vertex 60.7151 -2.97822 5.4
    endloop
  endfacet
  facet normal -0.855276 -0.518172 -3.48747e-20
    outer loop
      vertex 60.7151 -2.97822 6
      vertex 60.7505 -3.03665 5.4
      vertex 60.7505 -3.03665 6
    endloop
  endfacet
  facet normal -0.791699 -0.610911 -5.09347e-18
    outer loop
      vertex 60.7151 -2.97822 5.4
      vertex 60.6733 -2.92405 6
      vertex 60.6733 -2.92405 5.4
    endloop
  endfacet
  facet normal -0.791699 -0.610911 -5.09347e-18
    outer loop
      vertex 60.6733 -2.92405 6
      vertex 60.7151 -2.97822 5.4
      vertex 60.7151 -2.97822 6
    endloop
  endfacet
  facet normal -0.719568 -0.694422 -1.75793e-18
    outer loop
      vertex 60.6733 -2.92405 5.4
      vertex 60.6258 -2.87483 6
      vertex 60.6258 -2.87483 5.4
    endloop
  endfacet
  facet normal -0.719568 -0.694422 -1.75793e-18
    outer loop
      vertex 60.6258 -2.87483 6
      vertex 60.6733 -2.92405 5.4
      vertex 60.6733 -2.92405 6
    endloop
  endfacet
  facet normal -0.640415 -0.768029 0
    outer loop
      vertex 60.5735 -2.83122 5.4
      vertex 60.6258 -2.87483 6
      vertex 60.5735 -2.83122 6
    endloop
  endfacet
  facet normal -0.640415 -0.768029 -0
    outer loop
      vertex 60.6258 -2.87483 6
      vertex 60.5735 -2.83122 5.4
      vertex 60.6258 -2.87483 5.4
    endloop
  endfacet
  facet normal -0.553355 -0.832945 0
    outer loop
      vertex 60.5163 -2.79322 5.4
      vertex 60.5735 -2.83122 6
      vertex 60.5163 -2.79322 6
    endloop
  endfacet
  facet normal -0.553355 -0.832945 -0
    outer loop
      vertex 60.5735 -2.83122 6
      vertex 60.5163 -2.79322 5.4
      vertex 60.5735 -2.83122 5.4
    endloop
  endfacet
  facet normal -0.463264 -0.88622 0
    outer loop
      vertex 60.4543 -2.76081 5.4
      vertex 60.5163 -2.79322 6
      vertex 60.4543 -2.76081 6
    endloop
  endfacet
  facet normal -0.463264 -0.88622 -0
    outer loop
      vertex 60.5163 -2.79322 6
      vertex 60.4543 -2.76081 5.4
      vertex 60.5163 -2.79322 5.4
    endloop
  endfacet
  facet normal -0.37175 -0.928333 0
    outer loop
      vertex 60.3874 -2.73402 5.4
      vertex 60.4543 -2.76081 6
      vertex 60.3874 -2.73402 6
    endloop
  endfacet
  facet normal -0.37175 -0.928333 -0
    outer loop
      vertex 60.4543 -2.76081 6
      vertex 60.3874 -2.73402 5.4
      vertex 60.4543 -2.76081 5.4
    endloop
  endfacet
  facet normal -0.283056 -0.959103 0
    outer loop
      vertex 60.3156 -2.71283 5.4
      vertex 60.3874 -2.73402 6
      vertex 60.3156 -2.71283 6
    endloop
  endfacet
  facet normal -0.283056 -0.959103 -0
    outer loop
      vertex 60.3874 -2.73402 6
      vertex 60.3156 -2.71283 5.4
      vertex 60.3874 -2.73402 5.4
    endloop
  endfacet
  facet normal -0.199313 -0.979936 0
    outer loop
      vertex 60.239 -2.69725 5.4
      vertex 60.3156 -2.71283 6
      vertex 60.239 -2.69725 6
    endloop
  endfacet
  facet normal -0.199313 -0.979936 -0
    outer loop
      vertex 60.3156 -2.71283 6
      vertex 60.239 -2.69725 5.4
      vertex 60.3156 -2.71283 5.4
    endloop
  endfacet
  facet normal -1 0 0
    outer loop
      vertex 60.239 -2.69725 5.4
      vertex 60.239 -2.68908 6
      vertex 60.239 -2.68908 5.4
    endloop
  endfacet
  facet normal -1 -0 0
    outer loop
      vertex 60.239 -2.68908 6
      vertex 60.239 -2.69725 5.4
      vertex 60.239 -2.69725 6
    endloop
  endfacet
  facet normal -0.235878 0.971783 0
    outer loop
      vertex 60.305 -2.67306 5.4
      vertex 60.239 -2.68908 6
      vertex 60.305 -2.67306 6
    endloop
  endfacet
  facet normal -0.235878 0.971783 0
    outer loop
      vertex 60.239 -2.68908 6
      vertex 60.305 -2.67306 5.4
      vertex 60.239 -2.68908 5.4
    endloop
  endfacet
  facet normal -0.32485 0.945766 0
    outer loop
      vertex 60.3671 -2.65173 5.4
      vertex 60.305 -2.67306 6
      vertex 60.3671 -2.65173 6
    endloop
  endfacet
  facet normal -0.32485 0.945766 0
    outer loop
      vertex 60.305 -2.67306 6
      vertex 60.3671 -2.65173 5.4
      vertex 60.305 -2.67306 5.4
    endloop
  endfacet
  facet normal -0.416461 0.909154 0
    outer loop
      vertex 60.4253 -2.62507 5.4
      vertex 60.3671 -2.65173 6
      vertex 60.4253 -2.62507 6
    endloop
  endfacet
  facet normal -0.416461 0.909154 0
    outer loop
      vertex 60.3671 -2.65173 6
      vertex 60.4253 -2.62507 5.4
      vertex 60.3671 -2.65173 5.4
    endloop
  endfacet
  facet normal -0.507937 0.861394 0
    outer loop
      vertex 60.4795 -2.59311 5.4
      vertex 60.4253 -2.62507 6
      vertex 60.4795 -2.59311 6
    endloop
  endfacet
  facet normal -0.507937 0.861394 0
    outer loop
      vertex 60.4253 -2.62507 6
      vertex 60.4795 -2.59311 5.4
      vertex 60.4253 -2.62507 5.4
    endloop
  endfacet
  facet normal -0.596206 0.802831 0
    outer loop
      vertex 60.5297 -2.55583 5.4
      vertex 60.4795 -2.59311 6
      vertex 60.5297 -2.55583 6
    endloop
  endfacet
  facet normal -0.596206 0.802831 0
    outer loop
      vertex 60.4795 -2.59311 6
      vertex 60.5297 -2.55583 5.4
      vertex 60.4795 -2.59311 5.4
    endloop
  endfacet
  facet normal -0.677091 0.735899 0
    outer loop
      vertex 60.576 -2.51323 5.4
      vertex 60.5297 -2.55583 6
      vertex 60.576 -2.51323 6
    endloop
  endfacet
  facet normal -0.677091 0.735899 0
    outer loop
      vertex 60.5297 -2.55583 6
      vertex 60.576 -2.51323 5.4
      vertex 60.5297 -2.55583 5.4
    endloop
  endfacet
  facet normal -0.748925 0.662655 3.23591e-18
    outer loop
      vertex 60.576 -2.51323 5.4
      vertex 60.6184 -2.46531 6
      vertex 60.6184 -2.46531 5.4
    endloop
  endfacet
  facet normal -0.748925 0.662655 3.23591e-18
    outer loop
      vertex 60.6184 -2.46531 6
      vertex 60.576 -2.51323 5.4
      vertex 60.576 -2.51323 6
    endloop
  endfacet
  facet normal -0.809588 0.586998 -1.40188e-18
    outer loop
      vertex 60.6184 -2.46531 5.4
      vertex 60.6559 -2.41359 6
      vertex 60.6559 -2.41359 5.4
    endloop
  endfacet
  facet normal -0.809588 0.586998 -1.40188e-18
    outer loop
      vertex 60.6559 -2.41359 6
      vertex 60.6184 -2.46531 5.4
      vertex 60.6184 -2.46531 6
    endloop
  endfacet
  facet normal -0.861975 0.50695 1.66025e-19
    outer loop
      vertex 60.6559 -2.41359 5.4
      vertex 60.6877 -2.35952 6
      vertex 60.6877 -2.35952 5.4
    endloop
  endfacet
  facet normal -0.861975 0.50695 1.66025e-19
    outer loop
      vertex 60.6877 -2.35952 6
      vertex 60.6559 -2.41359 5.4
      vertex 60.6559 -2.41359 6
    endloop
  endfacet
  facet normal -0.908703 0.417443 -1.95362e-18
    outer loop
      vertex 60.6877 -2.35952 5.4
      vertex 60.7136 -2.30314 6
      vertex 60.7136 -2.30314 5.4
    endloop
  endfacet
  facet normal -0.908703 0.417443 -1.95362e-18
    outer loop
      vertex 60.7136 -2.30314 6
      vertex 60.6877 -2.35952 5.4
      vertex 60.6877 -2.35952 6
    endloop
  endfacet
  facet normal -0.945595 0.325345 1.51221e-18
    outer loop
      vertex 60.7136 -2.30314 5.4
      vertex 60.7338 -2.24443 6
      vertex 60.7338 -2.24443 5.4
    endloop
  endfacet
  facet normal -0.945595 0.325345 1.51221e-18
    outer loop
      vertex 60.7338 -2.24443 6
      vertex 60.7136 -2.30314 5.4
      vertex 60.7136 -2.30314 6
    endloop
  endfacet
  facet normal -0.972909 0.231189 7.55655e-19
    outer loop
      vertex 60.7338 -2.24443 5.4
      vertex 60.7483 -2.18341 6
      vertex 60.7483 -2.18341 5.4
    endloop
  endfacet
  facet normal -0.972909 0.231189 7.55655e-19
    outer loop
      vertex 60.7483 -2.18341 6
      vertex 60.7338 -2.24443 5.4
      vertex 60.7338 -2.24443 6
    endloop
  endfacet
  facet normal -0.990914 0.134499 -3.8762e-20
    outer loop
      vertex 60.7483 -2.18341 5.4
      vertex 60.7569 -2.12005 6
      vertex 60.7569 -2.12005 5.4
    endloop
  endfacet
  facet normal -0.990914 0.134499 -3.8762e-20
    outer loop
      vertex 60.7569 -2.12005 6
      vertex 60.7483 -2.18341 5.4
      vertex 60.7483 -2.18341 6
    endloop
  endfacet
  facet normal -0.999026 0.0441172 -2.40817e-19
    outer loop
      vertex 60.7569 -2.12005 5.4
      vertex 60.7598 -2.05438 6
      vertex 60.7598 -2.05438 5.4
    endloop
  endfacet
  facet normal -0.999026 0.0441172 -2.40817e-19
    outer loop
      vertex 60.7598 -2.05438 6
      vertex 60.7569 -2.12005 5.4
      vertex 60.7569 -2.12005 6
    endloop
  endfacet
  facet normal -0.998733 -0.0503264 -6.44656e-19
    outer loop
      vertex 60.7598 -2.05438 5.4
      vertex 60.7547 -1.95317 6
      vertex 60.7547 -1.95317 5.4
    endloop
  endfacet
  facet normal -0.998733 -0.0503264 -6.44656e-19
    outer loop
      vertex 60.7547 -1.95317 6
      vertex 60.7598 -2.05438 5.4
      vertex 60.7598 -2.05438 6
    endloop
  endfacet
  facet normal -0.98727 -0.159051 2.45221e-20
    outer loop
      vertex 60.7547 -1.95317 5.4
      vertex 60.7395 -1.85882 6
      vertex 60.7395 -1.85882 5.4
    endloop
  endfacet
  facet normal -0.98727 -0.159051 2.45221e-20
    outer loop
      vertex 60.7395 -1.85882 6
      vertex 60.7547 -1.95317 5.4
      vertex 60.7547 -1.95317 6
    endloop
  endfacet
  facet normal -0.960053 -0.279819 -8.97669e-20
    outer loop
      vertex 60.7395 -1.85882 5.4
      vertex 60.714 -1.77133 6
      vertex 60.714 -1.77133 5.4
    endloop
  endfacet
  facet normal -0.960053 -0.279819 -8.97669e-20
    outer loop
      vertex 60.714 -1.77133 6
      vertex 60.7395 -1.85882 5.4
      vertex 60.7395 -1.85882 6
    endloop
  endfacet
  facet normal -0.914819 -0.403864 2.63754e-18
    outer loop
      vertex 60.714 -1.77133 5.4
      vertex 60.6784 -1.69069 6
      vertex 60.6784 -1.69069 5.4
    endloop
  endfacet
  facet normal -0.914819 -0.403864 2.63754e-18
    outer loop
      vertex 60.6784 -1.69069 6
      vertex 60.714 -1.77133 5.4
      vertex 60.714 -1.77133 6
    endloop
  endfacet
  facet normal -0.849708 -0.527254 5.97013e-19
    outer loop
      vertex 60.6784 -1.69069 5.4
      vertex 60.6326 -1.61688 6
      vertex 60.6326 -1.61688 5.4
    endloop
  endfacet
  facet normal -0.849708 -0.527254 5.97013e-19
    outer loop
      vertex 60.6326 -1.61688 6
      vertex 60.6784 -1.69069 5.4
      vertex 60.6784 -1.69069 6
    endloop
  endfacet
  facet normal -0.767563 -0.640974 -1.35433e-18
    outer loop
      vertex 60.6326 -1.61688 5.4
      vertex 60.5767 -1.54994 6
      vertex 60.5767 -1.54994 5.4
    endloop
  endfacet
  facet normal -0.767563 -0.640974 -1.35433e-18
    outer loop
      vertex 60.5767 -1.54994 6
      vertex 60.6326 -1.61688 5.4
      vertex 60.6326 -1.61688 6
    endloop
  endfacet
  facet normal -0.67279 -0.739834 0
    outer loop
      vertex 60.5106 -1.48983 5.4
      vertex 60.5767 -1.54994 6
      vertex 60.5106 -1.48983 6
    endloop
  endfacet
  facet normal -0.67279 -0.739834 -0
    outer loop
      vertex 60.5767 -1.54994 6
      vertex 60.5106 -1.48983 5.4
      vertex 60.5767 -1.54994 5.4
    endloop
  endfacet
  facet normal -0.571274 -0.820759 0
    outer loop
      vertex 60.435 -1.43721 5.4
      vertex 60.5106 -1.48983 6
      vertex 60.435 -1.43721 6
    endloop
  endfacet
  facet normal -0.571274 -0.820759 -0
    outer loop
      vertex 60.5106 -1.48983 6
      vertex 60.435 -1.43721 5.4
      vertex 60.5106 -1.48983 5.4
    endloop
  endfacet
  facet normal -0.466208 -0.884675 0
    outer loop
      vertex 60.3505 -1.39268 5.4
      vertex 60.435 -1.43721 6
      vertex 60.3505 -1.39268 6
    endloop
  endfacet
  facet normal -0.466208 -0.884675 -0
    outer loop
      vertex 60.435 -1.43721 6
      vertex 60.3505 -1.39268 5.4
      vertex 60.435 -1.43721 5.4
    endloop
  endfacet
  facet normal -0.363805 -0.931475 0
    outer loop
      vertex 60.2572 -1.35624 5.4
      vertex 60.3505 -1.39268 6
      vertex 60.2572 -1.35624 6
    endloop
  endfacet
  facet normal -0.363805 -0.931475 -0
    outer loop
      vertex 60.3505 -1.39268 6
      vertex 60.2572 -1.35624 5.4
      vertex 60.3505 -1.39268 5.4
    endloop
  endfacet
  facet normal -0.267128 -0.963661 0
    outer loop
      vertex 60.155 -1.32791 5.4
      vertex 60.2572 -1.35624 6
      vertex 60.155 -1.32791 6
    endloop
  endfacet
  facet normal -0.267128 -0.963661 -0
    outer loop
      vertex 60.2572 -1.35624 6
      vertex 60.155 -1.32791 5.4
      vertex 60.2572 -1.35624 5.4
    endloop
  endfacet
  facet normal -0.17947 -0.983763 0
    outer loop
      vertex 60.044 -1.30766 5.4
      vertex 60.155 -1.32791 6
      vertex 60.044 -1.30766 6
    endloop
  endfacet
  facet normal -0.17947 -0.983763 -0
    outer loop
      vertex 60.155 -1.32791 6
      vertex 60.044 -1.30766 5.4
      vertex 60.155 -1.32791 5.4
    endloop
  endfacet
  facet normal -0.100901 -0.994896 0
    outer loop
      vertex 59.9242 -1.29551 5.4
      vertex 60.044 -1.30766 6
      vertex 59.9242 -1.29551 6
    endloop
  endfacet
  facet normal -0.100901 -0.994896 -0
    outer loop
      vertex 60.044 -1.30766 6
      vertex 59.9242 -1.29551 5.4
      vertex 60.044 -1.30766 5.4
    endloop
  endfacet
  facet normal -0.0313754 -0.999508 0
    outer loop
      vertex 59.7955 -1.29147 5.4
      vertex 59.9242 -1.29551 6
      vertex 59.7955 -1.29147 6
    endloop
  endfacet
  facet normal -0.0313754 -0.999508 -0
    outer loop
      vertex 59.9242 -1.29551 6
      vertex 59.7955 -1.29147 5.4
      vertex 59.9242 -1.29551 5.4
    endloop
  endfacet
  facet normal 0.0329187 -0.999458 0
    outer loop
      vertex 59.6695 -1.29562 5.4
      vertex 59.7955 -1.29147 6
      vertex 59.6695 -1.29562 6
    endloop
  endfacet
  facet normal 0.0329187 -0.999458 0
    outer loop
      vertex 59.7955 -1.29147 6
      vertex 59.6695 -1.29562 5.4
      vertex 59.7955 -1.29147 5.4
    endloop
  endfacet
  facet normal 0.105535 -0.994416 0
    outer loop
      vertex 59.552 -1.30809 5.4
      vertex 59.6695 -1.29562 6
      vertex 59.552 -1.30809 6
    endloop
  endfacet
  facet normal 0.105535 -0.994416 0
    outer loop
      vertex 59.6695 -1.29562 6
      vertex 59.552 -1.30809 5.4
      vertex 59.6695 -1.29562 5.4
    endloop
  endfacet
  facet normal 0.186843 -0.98239 0
    outer loop
      vertex 59.4429 -1.32884 5.4
      vertex 59.552 -1.30809 6
      vertex 59.4429 -1.32884 6
    endloop
  endfacet
  facet normal 0.186843 -0.98239 0
    outer loop
      vertex 59.552 -1.30809 6
      vertex 59.4429 -1.32884 5.4
      vertex 59.552 -1.30809 5.4
    endloop
  endfacet
  facet normal 0.2771 -0.960841 0
    outer loop
      vertex 59.3421 -1.35791 5.4
      vertex 59.4429 -1.32884 6
      vertex 59.3421 -1.35791 6
    endloop
  endfacet
  facet normal 0.2771 -0.960841 0
    outer loop
      vertex 59.4429 -1.32884 6
      vertex 59.3421 -1.35791 5.4
      vertex 59.4429 -1.32884 5.4
    endloop
  endfacet
  facet normal 0.375633 -0.926769 0
    outer loop
      vertex 59.2499 -1.39528 5.4
      vertex 59.3421 -1.35791 6
      vertex 59.2499 -1.39528 6
    endloop
  endfacet
  facet normal 0.375633 -0.926769 0
    outer loop
      vertex 59.3421 -1.35791 6
      vertex 59.2499 -1.39528 5.4
      vertex 59.3421 -1.35791 5.4
    endloop
  endfacet
  facet normal 0.478177 -0.878263 0
    outer loop
      vertex 59.166 -1.44096 5.4
      vertex 59.2499 -1.39528 6
      vertex 59.166 -1.44096 6
    endloop
  endfacet
  facet normal 0.478177 -0.878263 0
    outer loop
      vertex 59.2499 -1.39528 6
      vertex 59.166 -1.44096 5.4
      vertex 59.2499 -1.39528 5.4
    endloop
  endfacet
  facet normal 0.582044 -0.813157 0
    outer loop
      vertex 59.0906 -1.49493 5.4
      vertex 59.166 -1.44096 6
      vertex 59.0906 -1.49493 6
    endloop
  endfacet
  facet normal 0.582044 -0.813157 0
    outer loop
      vertex 59.166 -1.44096 6
      vertex 59.0906 -1.49493 5.4
      vertex 59.166 -1.44096 5.4
    endloop
  endfacet
  facet normal 0.679147 -0.734003 0
    outer loop
      vertex 59.0245 -1.55609 5.4
      vertex 59.0906 -1.49493 6
      vertex 59.0245 -1.55609 6
    endloop
  endfacet
  facet normal 0.679147 -0.734003 0
    outer loop
      vertex 59.0906 -1.49493 6
      vertex 59.0245 -1.55609 5.4
      vertex 59.0906 -1.49493 5.4
    endloop
  endfacet
  facet normal 0.76883 -0.639453 -4.18443e-19
    outer loop
      vertex 58.9686 -1.6233 6
      vertex 59.0245 -1.55609 5.4
      vertex 59.0245 -1.55609 6
    endloop
  endfacet
  facet normal 0.76883 -0.639453 -4.18443e-19
    outer loop
      vertex 59.0245 -1.55609 5.4
      vertex 58.9686 -1.6233 6
      vertex 58.9686 -1.6233 5.4
    endloop
  endfacet
  facet normal 0.847998 -0.529999 1.02147e-18
    outer loop
      vertex 58.9228 -1.69658 6
      vertex 58.9686 -1.6233 5.4
      vertex 58.9686 -1.6233 6
    endloop
  endfacet
  facet normal 0.847998 -0.529999 1.02147e-18
    outer loop
      vertex 58.9686 -1.6233 5.4
      vertex 58.9228 -1.69658 6
      vertex 58.9228 -1.69658 5.4
    endloop
  endfacet
  facet normal 0.912345 -0.409422 4.08358e-18
    outer loop
      vertex 58.8872 -1.77591 6
      vertex 58.9228 -1.69658 5.4
      vertex 58.9228 -1.69658 6
    endloop
  endfacet
  facet normal 0.912345 -0.409422 4.08358e-18
    outer loop
      vertex 58.9228 -1.69658 5.4
      vertex 58.8872 -1.77591 6
      vertex 58.8872 -1.77591 5.4
    endloop
  endfacet
  facet normal 0.958503 -0.285082 2.42628e-18
    outer loop
      vertex 58.8618 -1.86131 6
      vertex 58.8872 -1.77591 5.4
      vertex 58.8872 -1.77591 6
    endloop
  endfacet
  facet normal 0.958503 -0.285082 2.42628e-18
    outer loop
      vertex 58.8872 -1.77591 5.4
      vertex 58.8618 -1.86131 6
      vertex 58.8618 -1.86131 5.4
    endloop
  endfacet
  facet normal 0.986295 -0.164994 -1.43206e-18
    outer loop
      vertex 58.8465 -1.95277 6
      vertex 58.8618 -1.86131 5.4
      vertex 58.8618 -1.86131 6
    endloop
  endfacet
  facet normal 0.986295 -0.164994 -1.43206e-18
    outer loop
      vertex 58.8618 -1.86131 5.4
      vertex 58.8465 -1.95277 6
      vertex 58.8465 -1.95277 5.4
    endloop
  endfacet
  facet normal 0.998635 -0.0522256 8.95199e-19
    outer loop
      vertex 58.8414 -2.05029 6
      vertex 58.8465 -1.95277 5.4
      vertex 58.8465 -1.95277 6
    endloop
  endfacet
  facet normal 0.998635 -0.0522256 8.95199e-19
    outer loop
      vertex 58.8465 -1.95277 5.4
      vertex 58.8414 -2.05029 6
      vertex 58.8414 -2.05029 5.4
    endloop
  endfacet
  facet normal 0.999028 0.044077 -1.26515e-20
    outer loop
      vertex 58.8443 -2.11602 6
      vertex 58.8414 -2.05029 5.4
      vertex 58.8414 -2.05029 6
    endloop
  endfacet
  facet normal 0.999028 0.044077 -1.26515e-20
    outer loop
      vertex 58.8414 -2.05029 5.4
      vertex 58.8443 -2.11602 6
      vertex 58.8443 -2.11602 5.4
    endloop
  endfacet
  facet normal 0.990739 0.135782 1.07839e-18
    outer loop
      vertex 58.853 -2.1795 6
      vertex 58.8443 -2.11602 5.4
      vertex 58.8443 -2.11602 6
    endloop
  endfacet
  facet normal 0.990739 0.135782 1.07839e-18
    outer loop
      vertex 58.8443 -2.11602 5.4
      vertex 58.853 -2.1795 6
      vertex 58.853 -2.1795 5.4
    endloop
  endfacet
  facet normal 0.972747 0.231871 7.82608e-19
    outer loop
      vertex 58.8676 -2.24075 6
      vertex 58.853 -2.1795 5.4
      vertex 58.853 -2.1795 6
    endloop
  endfacet
  facet normal 0.972747 0.231871 7.82608e-19
    outer loop
      vertex 58.853 -2.1795 5.4
      vertex 58.8676 -2.24075 6
      vertex 58.8676 -2.24075 5.4
    endloop
  endfacet
  facet normal 0.945611 0.325299 -2.29495e-18
    outer loop
      vertex 58.8879 -2.29976 6
      vertex 58.8676 -2.24075 5.4
      vertex 58.8676 -2.24075 6
    endloop
  endfacet
  facet normal 0.945611 0.325299 -2.29495e-18
    outer loop
      vertex 58.8676 -2.24075 5.4
      vertex 58.8879 -2.29976 6
      vertex 58.8879 -2.29976 5.4
    endloop
  endfacet
  facet normal 0.908493 0.4179 -1.21527e-18
    outer loop
      vertex 58.914 -2.3565 6
      vertex 58.8879 -2.29976 5.4
      vertex 58.8879 -2.29976 6
    endloop
  endfacet
  facet normal 0.908493 0.4179 -1.21527e-18
    outer loop
      vertex 58.8879 -2.29976 5.4
      vertex 58.914 -2.3565 6
      vertex 58.914 -2.3565 5.4
    endloop
  endfacet
  facet normal 0.862422 0.50619 -1.20262e-18
    outer loop
      vertex 58.946 -2.41102 6
      vertex 58.914 -2.3565 5.4
      vertex 58.914 -2.3565 6
    endloop
  endfacet
  facet normal 0.862422 0.50619 -1.20262e-18
    outer loop
      vertex 58.914 -2.3565 5.4
      vertex 58.946 -2.41102 6
      vertex 58.946 -2.41102 5.4
    endloop
  endfacet
  facet normal 0.810368 0.585921 -2.74046e-18
    outer loop
      vertex 58.9838 -2.4633 6
      vertex 58.946 -2.41102 5.4
      vertex 58.946 -2.41102 6
    endloop
  endfacet
  facet normal 0.810368 0.585921 -2.74046e-18
    outer loop
      vertex 58.946 -2.41102 5.4
      vertex 58.9838 -2.4633 6
      vertex 58.9838 -2.4633 5.4
    endloop
  endfacet
  facet normal 0.752365 0.658746 3.16964e-18
    outer loop
      vertex 59.0263 -2.51184 6
      vertex 58.9838 -2.4633 5.4
      vertex 58.9838 -2.4633 6
    endloop
  endfacet
  facet normal 0.752365 0.658746 3.16964e-18
    outer loop
      vertex 58.9838 -2.4633 5.4
      vertex 59.0263 -2.51184 6
      vertex 59.0263 -2.51184 5.4
    endloop
  endfacet
  facet normal 0.683752 0.729715 -0
    outer loop
      vertex 59.0725 -2.55513 5.4
      vertex 59.0263 -2.51184 6
      vertex 59.0725 -2.55513 6
    endloop
  endfacet
  facet normal 0.683752 0.729715 0
    outer loop
      vertex 59.0263 -2.51184 6
      vertex 59.0725 -2.55513 5.4
      vertex 59.0263 -2.51184 5.4
    endloop
  endfacet
  facet normal 0.607326 0.794453 -0
    outer loop
      vertex 59.1223 -2.5932 5.4
      vertex 59.0725 -2.55513 6
      vertex 59.1223 -2.5932 6
    endloop
  endfacet
  facet normal 0.607326 0.794453 0
    outer loop
      vertex 59.0725 -2.55513 6
      vertex 59.1223 -2.5932 5.4
      vertex 59.0725 -2.55513 5.4
    endloop
  endfacet
  facet normal 0.523021 0.85232 -0
    outer loop
      vertex 59.1758 -2.62603 5.4
      vertex 59.1223 -2.5932 6
      vertex 59.1758 -2.62603 6
    endloop
  endfacet
  facet normal 0.523021 0.85232 0
    outer loop
      vertex 59.1223 -2.5932 6
      vertex 59.1758 -2.62603 5.4
      vertex 59.1223 -2.5932 5.4
    endloop
  endfacet
  facet normal 0.435318 0.900277 -0
    outer loop
      vertex 59.2329 -2.65364 5.4
      vertex 59.1758 -2.62603 6
      vertex 59.2329 -2.65364 6
    endloop
  endfacet
  facet normal 0.435318 0.900277 0
    outer loop
      vertex 59.1758 -2.62603 6
      vertex 59.2329 -2.65364 5.4
      vertex 59.1758 -2.62603 5.4
    endloop
  endfacet
  facet normal 0.345434 0.938443 -0
    outer loop
      vertex 59.2937 -2.67602 5.4
      vertex 59.2329 -2.65364 6
      vertex 59.2937 -2.67602 6
    endloop
  endfacet
  facet normal 0.345434 0.938443 0
    outer loop
      vertex 59.2329 -2.65364 6
      vertex 59.2937 -2.67602 5.4
      vertex 59.2329 -2.65364 5.4
    endloop
  endfacet
  facet normal 0.257196 0.966359 -0
    outer loop
      vertex 59.3581 -2.69316 5.4
      vertex 59.2937 -2.67602 6
      vertex 59.3581 -2.69316 6
    endloop
  endfacet
  facet normal 0.257196 0.966359 0
    outer loop
      vertex 59.2937 -2.67602 6
      vertex 59.3581 -2.69316 5.4
      vertex 59.2937 -2.67602 5.4
    endloop
  endfacet
  facet normal 1 -0 0
    outer loop
      vertex 59.3581 -2.70129 6
      vertex 59.3581 -2.69316 5.4
      vertex 59.3581 -2.69316 6
    endloop
  endfacet
  facet normal 1 0 0
    outer loop
      vertex 59.3581 -2.69316 5.4
      vertex 59.3581 -2.70129 6
      vertex 59.3581 -2.70129 5.4
    endloop
  endfacet
  facet normal 0.208065 -0.978115 0
    outer loop
      vertex 59.2842 -2.71701 5.4
      vertex 59.3581 -2.70129 6
      vertex 59.2842 -2.71701 6
    endloop
  endfacet
  facet normal 0.208065 -0.978115 0
    outer loop
      vertex 59.3581 -2.70129 6
      vertex 59.2842 -2.71701 5.4
      vertex 59.3581 -2.70129 5.4
    endloop
  endfacet
  facet normal 0.296024 -0.955181 0
    outer loop
      vertex 59.2146 -2.73858 5.4
      vertex 59.2842 -2.71701 6
      vertex 59.2146 -2.73858 6
    endloop
  endfacet
  facet normal 0.296024 -0.955181 0
    outer loop
      vertex 59.2842 -2.71701 6
      vertex 59.2146 -2.73858 5.4
      vertex 59.2842 -2.71701 5.4
    endloop
  endfacet
  facet normal 0.388171 -0.921587 0
    outer loop
      vertex 59.1495 -2.766 5.4
      vertex 59.2146 -2.73858 6
      vertex 59.1495 -2.766 6
    endloop
  endfacet
  facet normal 0.388171 -0.921587 0
    outer loop
      vertex 59.2146 -2.73858 6
      vertex 59.1495 -2.766 5.4
      vertex 59.2146 -2.73858 5.4
    endloop
  endfacet
  facet normal 0.480754 -0.876856 0
    outer loop
      vertex 59.0888 -2.79928 5.4
      vertex 59.1495 -2.766 6
      vertex 59.0888 -2.79928 6
    endloop
  endfacet
  facet normal 0.480754 -0.876856 0
    outer loop
      vertex 59.1495 -2.766 6
      vertex 59.0888 -2.79928 5.4
      vertex 59.1495 -2.766 5.4
    endloop
  endfacet
  facet normal 0.570035 -0.82162 0
    outer loop
      vertex 59.0324 -2.83841 5.4
      vertex 59.0888 -2.79928 6
      vertex 59.0324 -2.83841 6
    endloop
  endfacet
  facet normal 0.570035 -0.82162 0
    outer loop
      vertex 59.0888 -2.79928 6
      vertex 59.0324 -2.83841 5.4
      vertex 59.0888 -2.79928 5.4
    endloop
  endfacet
  facet normal 0.654931 -0.755689 0
    outer loop
      vertex 58.9805 -2.88339 5.4
      vertex 59.0324 -2.83841 6
      vertex 58.9805 -2.88339 6
    endloop
  endfacet
  facet normal 0.654931 -0.755689 0
    outer loop
      vertex 59.0324 -2.83841 6
      vertex 58.9805 -2.88339 5.4
      vertex 59.0324 -2.83841 5.4
    endloop
  endfacet
  facet normal 0.729985 -0.683463 6.46603e-19
    outer loop
      vertex 58.9329 -2.93423 6
      vertex 58.9805 -2.88339 5.4
      vertex 58.9805 -2.88339 6
    endloop
  endfacet
  facet normal 0.729985 -0.683463 6.46603e-19
    outer loop
      vertex 58.9805 -2.88339 5.4
      vertex 58.9329 -2.93423 6
      vertex 58.9329 -2.93423 5.4
    endloop
  endfacet
  facet normal 0.796872 -0.604148 2.58764e-18
    outer loop
      vertex 58.8908 -2.98976 6
      vertex 58.9329 -2.93423 5.4
      vertex 58.9329 -2.93423 6
    endloop
  endfacet
  facet normal 0.796872 -0.604148 2.58764e-18
    outer loop
      vertex 58.9329 -2.93423 5.4
      vertex 58.8908 -2.98976 6
      vertex 58.8908 -2.98976 5.4
    endloop
  endfacet
  facet normal 0.856403 -0.516307 2.24735e-18
    outer loop
      vertex 58.8552 -3.04881 6
      vertex 58.8908 -2.98976 5.4
      vertex 58.8908 -2.98976 6
    endloop
  endfacet
  facet normal 0.856403 -0.516307 2.24735e-18
    outer loop
      vertex 58.8908 -2.98976 5.4
      vertex 58.8552 -3.04881 6
      vertex 58.8552 -3.04881 5.4
    endloop
  endfacet
  facet normal 0.90676 -0.421648 1.04731e-18
    outer loop
      vertex 58.8261 -3.11139 6
      vertex 58.8552 -3.04881 5.4
      vertex 58.8552 -3.04881 6
    endloop
  endfacet
  facet normal 0.90676 -0.421648 1.04731e-18
    outer loop
      vertex 58.8552 -3.04881 5.4
      vertex 58.8261 -3.11139 6
      vertex 58.8261 -3.11139 5.4
    endloop
  endfacet
  facet normal 0.945798 -0.324756 7.2918e-19
    outer loop
      vertex 58.8034 -3.1775 6
      vertex 58.8261 -3.11139 5.4
      vertex 58.8261 -3.11139 6
    endloop
  endfacet
  facet normal 0.945798 -0.324756 7.2918e-19
    outer loop
      vertex 58.8261 -3.11139 5.4
      vertex 58.8034 -3.1775 6
      vertex 58.8034 -3.1775 5.4
    endloop
  endfacet
  facet normal 0.974008 -0.226513 7.88298e-19
    outer loop
      vertex 58.7872 -3.24716 6
      vertex 58.8034 -3.1775 5.4
      vertex 58.8034 -3.1775 6
    endloop
  endfacet
  facet normal 0.974008 -0.226513 7.88298e-19
    outer loop
      vertex 58.8034 -3.1775 5.4
      vertex 58.7872 -3.24716 6
      vertex 58.7872 -3.24716 5.4
    endloop
  endfacet
  facet normal 0.991325 -0.131436 -1.134e-18
    outer loop
      vertex 58.7775 -3.32032 6
      vertex 58.7872 -3.24716 5.4
      vertex 58.7872 -3.24716 6
    endloop
  endfacet
  facet normal 0.991325 -0.131436 -1.134e-18
    outer loop
      vertex 58.7872 -3.24716 5.4
      vertex 58.7775 -3.32032 6
      vertex 58.7775 -3.32032 5.4
    endloop
  endfacet
  facet normal 0.999131 -0.0416793 8.97624e-20
    outer loop
      vertex 58.7743 -3.39703 6
      vertex 58.7775 -3.32032 5.4
      vertex 58.7775 -3.32032 6
    endloop
  endfacet
  facet normal 0.999131 -0.0416793 8.97624e-20
    outer loop
      vertex 58.7775 -3.32032 5.4
      vertex 58.7743 -3.39703 6
      vertex 58.7743 -3.39703 5.4
    endloop
  endfacet
  facet normal 0.998771 0.0495556 -7.93319e-19
    outer loop
      vertex 58.7798 -3.50788 6
      vertex 58.7743 -3.39703 5.4
      vertex 58.7743 -3.39703 6
    endloop
  endfacet
  facet normal 0.998771 0.0495556 -7.93319e-19
    outer loop
      vertex 58.7743 -3.39703 5.4
      vertex 58.7798 -3.50788 6
      vertex 58.7798 -3.50788 5.4
    endloop
  endfacet
  facet normal 0.987542 0.157358 -1.16883e-18
    outer loop
      vertex 58.7963 -3.61143 6
      vertex 58.7798 -3.50788 5.4
      vertex 58.7798 -3.50788 6
    endloop
  endfacet
  facet normal 0.987542 0.157358 -1.16883e-18
    outer loop
      vertex 58.7798 -3.50788 5.4
      vertex 58.7963 -3.61143 6
      vertex 58.7963 -3.61143 5.4
    endloop
  endfacet
  facet normal 0.961516 0.274748 3.89978e-19
    outer loop
      vertex 58.8238 -3.70767 6
      vertex 58.7963 -3.61143 5.4
      vertex 58.7963 -3.61143 6
    endloop
  endfacet
  facet normal 0.961516 0.274748 3.89978e-19
    outer loop
      vertex 58.7963 -3.61143 5.4
      vertex 58.8238 -3.70767 6
      vertex 58.8238 -3.70767 5.4
    endloop
  endfacet
  facet normal 0.917709 0.397254 1.01951e-18
    outer loop
      vertex 58.8623 -3.79661 6
      vertex 58.8238 -3.70767 5.4
      vertex 58.8238 -3.70767 6
    endloop
  endfacet
  facet normal 0.917709 0.397254 1.01951e-18
    outer loop
      vertex 58.8238 -3.70767 5.4
      vertex 58.8623 -3.79661 6
      vertex 58.8623 -3.79661 5.4
    endloop
  endfacet
  facet normal 0.855043 0.518557 -1.19024e-18
    outer loop
      vertex 58.9118 -3.87823 6
      vertex 58.8623 -3.79661 5.4
      vertex 58.8623 -3.79661 6
    endloop
  endfacet
  facet normal 0.855043 0.518557 -1.19024e-18
    outer loop
      vertex 58.8623 -3.79661 5.4
      vertex 58.9118 -3.87823 6
      vertex 58.9118 -3.87823 5.4
    endloop
  endfacet
  facet normal 0.775568 0.631264 -2.02862e-18
    outer loop
      vertex 58.9723 -3.95256 6
      vertex 58.9118 -3.87823 5.4
      vertex 58.9118 -3.87823 6
    endloop
  endfacet
  facet normal 0.775568 0.631264 -2.02862e-18
    outer loop
      vertex 58.9118 -3.87823 5.4
      vertex 58.9723 -3.95256 6
      vertex 58.9723 -3.95256 5.4
    endloop
  endfacet
  facet normal 0.683826 0.729645 -0
    outer loop
      vertex 59.0438 -4.01957 5.4
      vertex 58.9723 -3.95256 6
      vertex 59.0438 -4.01957 6
    endloop
  endfacet
  facet normal 0.683826 0.729645 0
    outer loop
      vertex 58.9723 -3.95256 6
      vertex 59.0438 -4.01957 5.4
      vertex 58.9723 -3.95256 5.4
    endloop
  endfacet
  facet normal 0.585287 0.810826 -0
    outer loop
      vertex 59.1253 -4.0784 5.4
      vertex 59.0438 -4.01957 6
      vertex 59.1253 -4.0784 6
    endloop
  endfacet
  facet normal 0.585287 0.810826 0
    outer loop
      vertex 59.0438 -4.01957 6
      vertex 59.1253 -4.0784 5.4
      vertex 59.0438 -4.01957 5.4
    endloop
  endfacet
  facet normal 0.481473 0.876461 -0
    outer loop
      vertex 59.2159 -4.12817 5.4
      vertex 59.1253 -4.0784 6
      vertex 59.2159 -4.12817 6
    endloop
  endfacet
  facet normal 0.481473 0.876461 0
    outer loop
      vertex 59.1253 -4.0784 6
      vertex 59.2159 -4.12817 5.4
      vertex 59.1253 -4.0784 5.4
    endloop
  endfacet
  facet normal 0.378836 0.925464 -0
    outer loop
      vertex 59.3154 -4.1689 5.4
      vertex 59.2159 -4.12817 6
      vertex 59.3154 -4.1689 6
    endloop
  endfacet
  facet normal 0.378836 0.925464 0
    outer loop
      vertex 59.2159 -4.12817 6
      vertex 59.3154 -4.1689 5.4
      vertex 59.2159 -4.12817 5.4
    endloop
  endfacet
  facet normal 0.279959 0.960012 -0
    outer loop
      vertex 59.424 -4.20057 5.4
      vertex 59.3154 -4.1689 6
      vertex 59.424 -4.20057 6
    endloop
  endfacet
  facet normal 0.279959 0.960012 0
    outer loop
      vertex 59.3154 -4.1689 6
      vertex 59.424 -4.20057 5.4
      vertex 59.3154 -4.1689 5.4
    endloop
  endfacet
  facet normal 0.18912 0.981954 -0
    outer loop
      vertex 59.5415 -4.2232 5.4
      vertex 59.424 -4.20057 6
      vertex 59.5415 -4.2232 6
    endloop
  endfacet
  facet normal 0.18912 0.981954 0
    outer loop
      vertex 59.424 -4.20057 6
      vertex 59.5415 -4.2232 5.4
      vertex 59.424 -4.20057 5.4
    endloop
  endfacet
  facet normal 0.106577 0.994304 -0
    outer loop
      vertex 59.6681 -4.23677 5.4
      vertex 59.5415 -4.2232 6
      vertex 59.6681 -4.23677 6
    endloop
  endfacet
  facet normal 0.106577 0.994304 0
    outer loop
      vertex 59.5415 -4.2232 6
      vertex 59.6681 -4.23677 5.4
      vertex 59.5415 -4.2232 5.4
    endloop
  endfacet
  facet normal 0.0334131 0.999442 -0
    outer loop
      vertex 59.8036 -4.2413 5.4
      vertex 59.6681 -4.23677 6
      vertex 59.8036 -4.2413 6
    endloop
  endfacet
  facet normal 0.0334131 0.999442 0
    outer loop
      vertex 59.6681 -4.23677 6
      vertex 59.8036 -4.2413 5.4
      vertex 59.6681 -4.23677 5.4
    endloop
  endfacet
  facet normal -0.0332905 0.999446 0
    outer loop
      vertex 59.9402 -4.23675 5.4
      vertex 59.8036 -4.2413 6
      vertex 59.9402 -4.23675 6
    endloop
  endfacet
  facet normal -0.0332905 0.999446 0
    outer loop
      vertex 59.8036 -4.2413 6
      vertex 59.9402 -4.23675 5.4
      vertex 59.8036 -4.2413 5.4
    endloop
  endfacet
  facet normal -0.286616 -0.958045 0
    outer loop
      vertex 59.6162 -2.46228 5.4
      vertex 59.7003 -2.48744 6
      vertex 59.6162 -2.46228 6
    endloop
  endfacet
  facet normal -0.286616 -0.958045 -0
    outer loop
      vertex 59.7003 -2.48744 6
      vertex 59.6162 -2.46228 5.4
      vertex 59.7003 -2.48744 5.4
    endloop
  endfacet
  facet normal -0.520967 -0.853577 0
    outer loop
      vertex 59.5475 -2.42035 5.4
      vertex 59.6162 -2.46228 6
      vertex 59.5475 -2.42035 6
    endloop
  endfacet
  facet normal -0.520967 -0.853577 -0
    outer loop
      vertex 59.6162 -2.46228 6
      vertex 59.5475 -2.42035 5.4
      vertex 59.6162 -2.46228 5.4
    endloop
  endfacet
  facet normal -0.739142 -0.67355 -2.29842e-18
    outer loop
      vertex 59.5475 -2.42035 5.4
      vertex 59.494 -2.36164 6
      vertex 59.494 -2.36164 5.4
    endloop
  endfacet
  facet normal -0.739142 -0.67355 -2.29842e-18
    outer loop
      vertex 59.494 -2.36164 6
      vertex 59.5475 -2.42035 5.4
      vertex 59.5475 -2.42035 6
    endloop
  endfacet
  facet normal -0.892242 -0.451558 -1.9154e-18
    outer loop
      vertex 59.494 -2.36164 5.4
      vertex 59.4558 -2.28616 6
      vertex 59.4558 -2.28616 5.4
    endloop
  endfacet
  facet normal -0.892242 -0.451558 -1.9154e-18
    outer loop
      vertex 59.4558 -2.28616 6
      vertex 59.494 -2.36164 5.4
      vertex 59.494 -2.36164 6
    endloop
  endfacet
  facet normal -0.97055 -0.240902 1.0063e-18
    outer loop
      vertex 59.4558 -2.28616 5.4
      vertex 59.4329 -2.1939 6
      vertex 59.4329 -2.1939 5.4
    endloop
  endfacet
  facet normal -0.97055 -0.240902 1.0063e-18
    outer loop
      vertex 59.4329 -2.1939 6
      vertex 59.4558 -2.28616 5.4
      vertex 59.4558 -2.28616 6
    endloop
  endfacet
  facet normal -0.997579 -0.0695432 -7.74376e-19
    outer loop
      vertex 59.4329 -2.1939 5.4
      vertex 59.4253 -2.08488 6
      vertex 59.4253 -2.08488 5.4
    endloop
  endfacet
  facet normal -0.997579 -0.0695432 -7.74376e-19
    outer loop
      vertex 59.4253 -2.08488 6
      vertex 59.4329 -2.1939 5.4
      vertex 59.4329 -2.1939 6
    endloop
  endfacet
  facet normal -0.997418 0.0718118 -5.61611e-19
    outer loop
      vertex 59.4253 -2.08488 5.4
      vertex 59.4328 -1.98071 6
      vertex 59.4328 -1.98071 5.4
    endloop
  endfacet
  facet normal -0.997418 0.0718118 -5.61611e-19
    outer loop
      vertex 59.4328 -1.98071 6
      vertex 59.4253 -2.08488 5.4
      vertex 59.4253 -2.08488 6
    endloop
  endfacet
  facet normal -0.968399 0.249406 -2.36445e-18
    outer loop
      vertex 59.4328 -1.98071 5.4
      vertex 59.4555 -1.89257 6
      vertex 59.4555 -1.89257 5.4
    endloop
  endfacet
  facet normal -0.968399 0.249406 -2.36445e-18
    outer loop
      vertex 59.4555 -1.89257 6
      vertex 59.4328 -1.98071 5.4
      vertex 59.4328 -1.98071 6
    endloop
  endfacet
  facet normal -0.885716 0.464227 4.84236e-19
    outer loop
      vertex 59.4555 -1.89257 5.4
      vertex 59.4933 -1.82045 6
      vertex 59.4933 -1.82045 5.4
    endloop
  endfacet
  facet normal -0.885716 0.464227 4.84236e-19
    outer loop
      vertex 59.4933 -1.82045 6
      vertex 59.4555 -1.89257 5.4
      vertex 59.4555 -1.89257 6
    endloop
  endfacet
  facet normal -0.727552 0.686052 -1.76615e-18
    outer loop
      vertex 59.4933 -1.82045 5.4
      vertex 59.5462 -1.76435 6
      vertex 59.5462 -1.76435 5.4
    endloop
  endfacet
  facet normal -0.727552 0.686052 -1.76615e-18
    outer loop
      vertex 59.5462 -1.76435 6
      vertex 59.4933 -1.82045 5.4
      vertex 59.4933 -1.82045 6
    endloop
  endfacet
  facet normal -0.507491 0.861657 0
    outer loop
      vertex 59.6142 -1.7243 5.4
      vertex 59.5462 -1.76435 6
      vertex 59.6142 -1.7243 6
    endloop
  endfacet
  facet normal -0.507491 0.861657 0
    outer loop
      vertex 59.5462 -1.76435 6
      vertex 59.6142 -1.7243 5.4
      vertex 59.5462 -1.76435 5.4
    endloop
  endfacet
  facet normal -0.278002 0.960581 0
    outer loop
      vertex 59.6973 -1.70025 5.4
      vertex 59.6142 -1.7243 6
      vertex 59.6973 -1.70025 6
    endloop
  endfacet
  facet normal -0.278002 0.960581 0
    outer loop
      vertex 59.6142 -1.7243 6
      vertex 59.6973 -1.70025 5.4
      vertex 59.6142 -1.7243 5.4
    endloop
  endfacet
  facet normal -0.0812982 0.99669 0
    outer loop
      vertex 59.7955 -1.69224 5.4
      vertex 59.6973 -1.70025 6
      vertex 59.7955 -1.69224 6
    endloop
  endfacet
  facet normal -0.0812982 0.99669 0
    outer loop
      vertex 59.6973 -1.70025 6
      vertex 59.7955 -1.69224 5.4
      vertex 59.6973 -1.70025 5.4
    endloop
  endfacet
  facet normal 0.0372103 0.999307 -0
    outer loop
      vertex 59.8476 -1.69418 5.4
      vertex 59.7955 -1.69224 6
      vertex 59.8476 -1.69418 6
    endloop
  endfacet
  facet normal 0.0372103 0.999307 0
    outer loop
      vertex 59.7955 -1.69224 6
      vertex 59.8476 -1.69418 5.4
      vertex 59.7955 -1.69224 5.4
    endloop
  endfacet
  facet normal 0.119064 0.992887 -0
    outer loop
      vertex 59.8958 -1.69996 5.4
      vertex 59.8476 -1.69418 6
      vertex 59.8958 -1.69996 6
    endloop
  endfacet
  facet normal 0.119064 0.992887 0
    outer loop
      vertex 59.8476 -1.69418 6
      vertex 59.8958 -1.69996 5.4
      vertex 59.8476 -1.69418 5.4
    endloop
  endfacet
  facet normal 0.213052 0.977041 -0
    outer loop
      vertex 59.9401 -1.70962 5.4
      vertex 59.8958 -1.69996 6
      vertex 59.9401 -1.70962 6
    endloop
  endfacet
  facet normal 0.213052 0.977041 0
    outer loop
      vertex 59.8958 -1.69996 6
      vertex 59.9401 -1.70962 5.4
      vertex 59.8958 -1.69996 5.4
    endloop
  endfacet
  facet normal 0.317354 0.948307 -0
    outer loop
      vertex 59.9805 -1.72314 5.4
      vertex 59.9401 -1.70962 6
      vertex 59.9805 -1.72314 6
    endloop
  endfacet
  facet normal 0.317354 0.948307 0
    outer loop
      vertex 59.9401 -1.70962 6
      vertex 59.9805 -1.72314 5.4
      vertex 59.9401 -1.70962 5.4
    endloop
  endfacet
  facet normal 0.429914 0.90287 -0
    outer loop
      vertex 60.017 -1.74052 5.4
      vertex 59.9805 -1.72314 6
      vertex 60.017 -1.74052 6
    endloop
  endfacet
  facet normal 0.429914 0.90287 0
    outer loop
      vertex 59.9805 -1.72314 6
      vertex 60.017 -1.74052 5.4
      vertex 59.9805 -1.72314 5.4
    endloop
  endfacet
  facet normal 0.545891 0.837856 -0
    outer loop
      vertex 60.0496 -1.76176 5.4
      vertex 60.017 -1.74052 6
      vertex 60.0496 -1.76176 6
    endloop
  endfacet
  facet normal 0.545891 0.837856 0
    outer loop
      vertex 60.017 -1.74052 6
      vertex 60.0496 -1.76176 5.4
      vertex 60.017 -1.74052 5.4
    endloop
  endfacet
  facet normal 0.658319 0.752739 -0
    outer loop
      vertex 60.0783 -1.78686 5.4
      vertex 60.0496 -1.76176 6
      vertex 60.0783 -1.78686 6
    endloop
  endfacet
  facet normal 0.658319 0.752739 0
    outer loop
      vertex 60.0496 -1.76176 6
      vertex 60.0783 -1.78686 5.4
      vertex 60.0496 -1.76176 5.4
    endloop
  endfacet
  facet normal 0.762743 0.646702 -1.55346e-18
    outer loop
      vertex 60.1031 -1.81611 6
      vertex 60.0783 -1.78686 5.4
      vertex 60.0783 -1.78686 6
    endloop
  endfacet
  facet normal 0.762743 0.646702 -1.55346e-18
    outer loop
      vertex 60.0783 -1.78686 5.4
      vertex 60.1031 -1.81611 6
      vertex 60.1031 -1.81611 5.4
    endloop
  endfacet
  facet normal 0.848635 0.52898 -8.63368e-19
    outer loop
      vertex 60.1241 -1.8498 6
      vertex 60.1031 -1.81611 5.4
      vertex 60.1031 -1.81611 6
    endloop
  endfacet
  facet normal 0.848635 0.52898 -8.63368e-19
    outer loop
      vertex 60.1031 -1.81611 5.4
      vertex 60.1241 -1.8498 6
      vertex 60.1241 -1.8498 5.4
    endloop
  endfacet
  facet normal 0.91159 0.4111 -1.43486e-18
    outer loop
      vertex 60.1413 -1.88794 6
      vertex 60.1241 -1.8498 5.4
      vertex 60.1241 -1.8498 6
    endloop
  endfacet
  facet normal 0.91159 0.4111 -1.43486e-18
    outer loop
      vertex 60.1241 -1.8498 5.4
      vertex 60.1413 -1.88794 6
      vertex 60.1413 -1.88794 5.4
    endloop
  endfacet
  facet normal 0.95386 0.300252 1.44645e-18
    outer loop
      vertex 60.1547 -1.93051 6
      vertex 60.1413 -1.88794 5.4
      vertex 60.1413 -1.88794 6
    endloop
  endfacet
  facet normal 0.95386 0.300252 1.44645e-18
    outer loop
      vertex 60.1413 -1.88794 5.4
      vertex 60.1547 -1.93051 6
      vertex 60.1547 -1.93051 5.4
    endloop
  endfacet
  facet normal 0.980186 0.198081 6.88035e-19
    outer loop
      vertex 60.1642 -1.97752 6
      vertex 60.1547 -1.93051 5.4
      vertex 60.1547 -1.93051 6
    endloop
  endfacet
  facet normal 0.980186 0.198081 6.88035e-19
    outer loop
      vertex 60.1547 -1.93051 5.4
      vertex 60.1642 -1.97752 6
      vertex 60.1642 -1.97752 5.4
    endloop
  endfacet
  facet normal 0.993706 0.112021 3.85529e-19
    outer loop
      vertex 60.17 -2.02897 6
      vertex 60.1642 -1.97752 5.4
      vertex 60.1642 -1.97752 6
    endloop
  endfacet
  facet normal 0.993706 0.112021 3.85529e-19
    outer loop
      vertex 60.1642 -1.97752 5.4
      vertex 60.17 -2.02897 6
      vertex 60.17 -2.02897 5.4
    endloop
  endfacet
  facet normal 0.999423 0.0339636 -2.09698e-20
    outer loop
      vertex 60.1719 -2.08488 6
      vertex 60.17 -2.02897 5.4
      vertex 60.17 -2.02897 6
    endloop
  endfacet
  facet normal 0.999423 0.0339636 -2.09698e-20
    outer loop
      vertex 60.17 -2.02897 5.4
      vertex 60.1719 -2.08488 6
      vertex 60.1719 -2.08488 5.4
    endloop
  endfacet
  facet normal 0.999503 -0.0315248 -1.56746e-19
    outer loop
      vertex 60.17 -2.14512 6
      vertex 60.1719 -2.08488 5.4
      vertex 60.1719 -2.08488 6
    endloop
  endfacet
  facet normal 0.999503 -0.0315248 -1.56746e-19
    outer loop
      vertex 60.1719 -2.08488 5.4
      vertex 60.17 -2.14512 6
      vertex 60.17 -2.14512 5.4
    endloop
  endfacet
  facet normal 0.994707 -0.102752 -7.32615e-19
    outer loop
      vertex 60.1643 -2.2003 6
      vertex 60.17 -2.14512 5.4
      vertex 60.17 -2.14512 6
    endloop
  endfacet
  facet normal 0.994707 -0.102752 -7.32615e-19
    outer loop
      vertex 60.17 -2.14512 5.4
      vertex 60.1643 -2.2003 6
      vertex 60.1643 -2.2003 5.4
    endloop
  endfacet
  facet normal 0.982863 -0.184336 -7.5149e-19
    outer loop
      vertex 60.1549 -2.25042 6
      vertex 60.1643 -2.2003 5.4
      vertex 60.1643 -2.2003 6
    endloop
  endfacet
  facet normal 0.982863 -0.184336 -7.5149e-19
    outer loop
      vertex 60.1643 -2.2003 5.4
      vertex 60.1549 -2.25042 6
      vertex 60.1549 -2.25042 5.4
    endloop
  endfacet
  facet normal 0.959077 -0.283146 -5.46281e-20
    outer loop
      vertex 60.1416 -2.29547 6
      vertex 60.1549 -2.25042 5.4
      vertex 60.1549 -2.25042 6
    endloop
  endfacet
  facet normal 0.959077 -0.283146 -5.46281e-20
    outer loop
      vertex 60.1549 -2.25042 5.4
      vertex 60.1416 -2.29547 6
      vertex 60.1416 -2.29547 5.4
    endloop
  endfacet
  facet normal 0.92026 -0.391306 -1.0085e-18
    outer loop
      vertex 60.1246 -2.33545 6
      vertex 60.1416 -2.29547 5.4
      vertex 60.1416 -2.29547 6
    endloop
  endfacet
  facet normal 0.92026 -0.391306 -1.0085e-18
    outer loop
      vertex 60.1416 -2.29547 5.4
      vertex 60.1246 -2.33545 6
      vertex 60.1246 -2.33545 5.4
    endloop
  endfacet
  facet normal 0.859074 -0.511852 1.41338e-18
    outer loop
      vertex 60.1038 -2.37036 6
      vertex 60.1246 -2.33545 5.4
      vertex 60.1246 -2.33545 6
    endloop
  endfacet
  facet normal 0.859074 -0.511852 1.41338e-18
    outer loop
      vertex 60.1246 -2.33545 5.4
      vertex 60.1038 -2.37036 6
      vertex 60.1038 -2.37036 5.4
    endloop
  endfacet
  facet normal 0.77308 -0.634309 3.8803e-19
    outer loop
      vertex 60.0793 -2.40022 6
      vertex 60.1038 -2.37036 5.4
      vertex 60.1038 -2.37036 6
    endloop
  endfacet
  facet normal 0.77308 -0.634309 3.8803e-19
    outer loop
      vertex 60.1038 -2.37036 5.4
      vertex 60.0793 -2.40022 6
      vertex 60.0793 -2.40022 5.4
    endloop
  endfacet
  facet normal 0.666058 -0.7459 0
    outer loop
      vertex 60.0509 -2.42558 5.4
      vertex 60.0793 -2.40022 6
      vertex 60.0509 -2.42558 6
    endloop
  endfacet
  facet normal 0.666058 -0.7459 0
    outer loop
      vertex 60.0793 -2.40022 6
      vertex 60.0509 -2.42558 5.4
      vertex 60.0793 -2.40022 5.4
    endloop
  endfacet
  facet normal 0.55476 -0.832011 0
    outer loop
      vertex 60.0187 -2.44705 5.4
      vertex 60.0509 -2.42558 6
      vertex 60.0187 -2.44705 6
    endloop
  endfacet
  facet normal 0.55476 -0.832011 0
    outer loop
      vertex 60.0509 -2.42558 6
      vertex 60.0187 -2.44705 5.4
      vertex 60.0509 -2.42558 5.4
    endloop
  endfacet
  facet normal 0.437221 -0.899354 0
    outer loop
      vertex 59.9826 -2.4646 5.4
      vertex 60.0187 -2.44705 6
      vertex 59.9826 -2.4646 6
    endloop
  endfacet
  facet normal 0.437221 -0.899354 0
    outer loop
      vertex 60.0187 -2.44705 6
      vertex 59.9826 -2.4646 5.4
      vertex 60.0187 -2.44705 5.4
    endloop
  endfacet
  facet normal 0.323387 -0.946267 0
    outer loop
      vertex 59.9426 -2.47827 5.4
      vertex 59.9826 -2.4646 6
      vertex 59.9426 -2.47827 6
    endloop
  endfacet
  facet normal 0.323387 -0.946267 0
    outer loop
      vertex 59.9826 -2.4646 6
      vertex 59.9426 -2.47827 5.4
      vertex 59.9826 -2.4646 5.4
    endloop
  endfacet
  facet normal 0.217284 -0.976108 0
    outer loop
      vertex 59.8988 -2.48802 5.4
      vertex 59.9426 -2.47827 6
      vertex 59.8988 -2.48802 6
    endloop
  endfacet
  facet normal 0.217284 -0.976108 0
    outer loop
      vertex 59.9426 -2.47827 6
      vertex 59.8988 -2.48802 5.4
      vertex 59.9426 -2.47827 5.4
    endloop
  endfacet
  facet normal 0.121934 -0.992538 0
    outer loop
      vertex 59.8511 -2.49388 5.4
      vertex 59.8988 -2.48802 6
      vertex 59.8511 -2.49388 6
    endloop
  endfacet
  facet normal 0.121934 -0.992538 0
    outer loop
      vertex 59.8988 -2.48802 6
      vertex 59.8511 -2.49388 5.4
      vertex 59.8988 -2.48802 5.4
    endloop
  endfacet
  facet normal 0.0376432 -0.999291 0
    outer loop
      vertex 59.7996 -2.49582 5.4
      vertex 59.8511 -2.49388 6
      vertex 59.7996 -2.49582 6
    endloop
  endfacet
  facet normal 0.0376432 -0.999291 0
    outer loop
      vertex 59.8511 -2.49388 6
      vertex 59.7996 -2.49582 5.4
      vertex 59.8511 -2.49388 5.4
    endloop
  endfacet
  facet normal -0.0840918 -0.996458 0
    outer loop
      vertex 59.7003 -2.48744 5.4
      vertex 59.7996 -2.49582 6
      vertex 59.7003 -2.48744 6
    endloop
  endfacet
  facet normal -0.0840918 -0.996458 -0
    outer loop
      vertex 59.7996 -2.49582 6
      vertex 59.7003 -2.48744 5.4
      vertex 59.7996 -2.49582 5.4
    endloop
  endfacet
  facet normal -0.122758 -0.992437 0
    outer loop
      vertex 59.6882 -3.82902 5.4
      vertex 59.7456 -3.83612 6
      vertex 59.6882 -3.82902 6
    endloop
  endfacet
  facet normal -0.122758 -0.992437 -0
    outer loop
      vertex 59.7456 -3.83612 6
      vertex 59.6882 -3.82902 5.4
      vertex 59.7456 -3.83612 5.4
    endloop
  endfacet
  facet normal -0.218851 -0.975758 0
    outer loop
      vertex 59.6355 -3.8172 5.4
      vertex 59.6882 -3.82902 6
      vertex 59.6355 -3.8172 6
    endloop
  endfacet
  facet normal -0.218851 -0.975758 -0
    outer loop
      vertex 59.6882 -3.82902 6
      vertex 59.6355 -3.8172 5.4
      vertex 59.6882 -3.82902 5.4
    endloop
  endfacet
  facet normal -0.326488 -0.945201 0
    outer loop
      vertex 59.5875 -3.80062 5.4
      vertex 59.6355 -3.8172 6
      vertex 59.5875 -3.80062 6
    endloop
  endfacet
  facet normal -0.326488 -0.945201 -0
    outer loop
      vertex 59.6355 -3.8172 6
      vertex 59.5875 -3.80062 5.4
      vertex 59.6355 -3.8172 5.4
    endloop
  endfacet
  facet normal -0.442224 -0.896905 0
    outer loop
      vertex 59.5443 -3.77932 5.4
      vertex 59.5875 -3.80062 6
      vertex 59.5443 -3.77932 6
    endloop
  endfacet
  facet normal -0.442224 -0.896905 -0
    outer loop
      vertex 59.5875 -3.80062 6
      vertex 59.5443 -3.77932 5.4
      vertex 59.5875 -3.80062 5.4
    endloop
  endfacet
  facet normal -0.560101 -0.828424 0
    outer loop
      vertex 59.5058 -3.75329 5.4
      vertex 59.5443 -3.77932 6
      vertex 59.5058 -3.75329 6
    endloop
  endfacet
  facet normal -0.560101 -0.828424 -0
    outer loop
      vertex 59.5443 -3.77932 6
      vertex 59.5058 -3.75329 5.4
      vertex 59.5443 -3.77932 5.4
    endloop
  endfacet
  facet normal -0.673065 -0.739584 0
    outer loop
      vertex 59.472 -3.72253 5.4
      vertex 59.5058 -3.75329 6
      vertex 59.472 -3.72253 6
    endloop
  endfacet
  facet normal -0.673065 -0.739584 -0
    outer loop
      vertex 59.5058 -3.75329 6
      vertex 59.472 -3.72253 5.4
      vertex 59.5058 -3.75329 5.4
    endloop
  endfacet
  facet normal -0.776842 -0.629696 -1.08367e-18
    outer loop
      vertex 59.472 -3.72253 5.4
      vertex 59.4429 -3.68663 6
      vertex 59.4429 -3.68663 5.4
    endloop
  endfacet
  facet normal -0.776842 -0.629696 -1.08367e-18
    outer loop
      vertex 59.4429 -3.68663 6
      vertex 59.472 -3.72253 5.4
      vertex 59.472 -3.72253 6
    endloop
  endfacet
  facet normal -0.859206 -0.51163 3.71982e-19
    outer loop
      vertex 59.4429 -3.68663 5.4
      vertex 59.4182 -3.64515 6
      vertex 59.4182 -3.64515 5.4
    endloop
  endfacet
  facet normal -0.859206 -0.51163 3.71982e-19
    outer loop
      vertex 59.4182 -3.64515 6
      vertex 59.4429 -3.68663 5.4
      vertex 59.4429 -3.68663 6
    endloop
  endfacet
  facet normal -0.919569 -0.392928 -1.53066e-18
    outer loop
      vertex 59.4182 -3.64515 5.4
      vertex 59.3981 -3.59811 6
      vertex 59.3981 -3.59811 5.4
    endloop
  endfacet
  facet normal -0.919569 -0.392928 -1.53066e-18
    outer loop
      vertex 59.3981 -3.59811 6
      vertex 59.4182 -3.64515 5.4
      vertex 59.4182 -3.64515 6
    endloop
  endfacet
  facet normal -0.958226 -0.286011 8.74402e-20
    outer loop
      vertex 59.3981 -3.59811 5.4
      vertex 59.3824 -3.54551 6
      vertex 59.3824 -3.54551 5.4
    endloop
  endfacet
  facet normal -0.958226 -0.286011 8.74402e-20
    outer loop
      vertex 59.3824 -3.54551 6
      vertex 59.3981 -3.59811 5.4
      vertex 59.3981 -3.59811 6
    endloop
  endfacet
  facet normal -0.981958 -0.189098 1.34021e-18
    outer loop
      vertex 59.3824 -3.54551 5.4
      vertex 59.3712 -3.48735 6
      vertex 59.3712 -3.48735 5.4
    endloop
  endfacet
  facet normal -0.981958 -0.189098 1.34021e-18
    outer loop
      vertex 59.3712 -3.48735 6
      vertex 59.3824 -3.54551 5.4
      vertex 59.3824 -3.54551 6
    endloop
  endfacet
  facet normal -0.994357 -0.106081 3.02681e-19
    outer loop
      vertex 59.3712 -3.48735 5.4
      vertex 59.3644 -3.42361 6
      vertex 59.3644 -3.42361 5.4
    endloop
  endfacet
  facet normal -0.994357 -0.106081 3.02681e-19
    outer loop
      vertex 59.3644 -3.42361 6
      vertex 59.3712 -3.48735 5.4
      vertex 59.3712 -3.48735 6
    endloop
  endfacet
  facet normal -0.999496 -0.0317346 -5.90652e-20
    outer loop
      vertex 59.3644 -3.42361 5.4
      vertex 59.3622 -3.35432 6
      vertex 59.3622 -3.35432 5.4
    endloop
  endfacet
  facet normal -0.999496 -0.0317346 -5.90652e-20
    outer loop
      vertex 59.3622 -3.35432 6
      vertex 59.3644 -3.42361 5.4
      vertex 59.3644 -3.42361 6
    endloop
  endfacet
  facet normal -0.999296 0.0375246 -1.03633e-19
    outer loop
      vertex 59.3622 -3.35432 5.4
      vertex 59.3645 -3.29307 6
      vertex 59.3645 -3.29307 5.4
    endloop
  endfacet
  facet normal -0.999296 0.0375246 -1.03633e-19
    outer loop
      vertex 59.3645 -3.29307 6
      vertex 59.3622 -3.35432 5.4
      vertex 59.3622 -3.35432 6
    endloop
  endfacet
  facet normal -0.993165 0.11672 -6.41222e-19
    outer loop
      vertex 59.3645 -3.29307 5.4
      vertex 59.3712 -3.23606 6
      vertex 59.3712 -3.23606 5.4
    endloop
  endfacet
  facet normal -0.993165 0.11672 -6.41222e-19
    outer loop
      vertex 59.3712 -3.23606 6
      vertex 59.3645 -3.29307 5.4
      vertex 59.3645 -3.29307 6
    endloop
  endfacet
  facet normal -0.977443 0.211199 -1.02768e-18
    outer loop
      vertex 59.3712 -3.23606 5.4
      vertex 59.3826 -3.1833 6
      vertex 59.3826 -3.1833 5.4
    endloop
  endfacet
  facet normal -0.977443 0.211199 -1.02768e-18
    outer loop
      vertex 59.3826 -3.1833 6
      vertex 59.3712 -3.23606 5.4
      vertex 59.3712 -3.23606 6
    endloop
  endfacet
  facet normal -0.950893 0.30952 -6.39947e-19
    outer loop
      vertex 59.3826 -3.1833 5.4
      vertex 59.3984 -3.13476 6
      vertex 59.3984 -3.13476 5.4
    endloop
  endfacet
  facet normal -0.950893 0.30952 -6.39947e-19
    outer loop
      vertex 59.3984 -3.13476 6
      vertex 59.3826 -3.1833 5.4
      vertex 59.3826 -3.1833 6
    endloop
  endfacet
  facet normal -0.908283 0.418356 -2.29092e-19
    outer loop
      vertex 59.3984 -3.13476 5.4
      vertex 59.4188 -3.09047 6
      vertex 59.4188 -3.09047 5.4
    endloop
  endfacet
  facet normal -0.908283 0.418356 -2.29092e-19
    outer loop
      vertex 59.4188 -3.09047 6
      vertex 59.3984 -3.13476 5.4
      vertex 59.3984 -3.13476 6
    endloop
  endfacet
  facet normal -0.850315 0.526274 9.13451e-20
    outer loop
      vertex 59.4188 -3.09047 5.4
      vertex 59.4436 -3.0504 6
      vertex 59.4436 -3.0504 5.4
    endloop
  endfacet
  facet normal -0.850315 0.526274 9.13451e-20
    outer loop
      vertex 59.4436 -3.0504 6
      vertex 59.4188 -3.09047 5.4
      vertex 59.4188 -3.09047 6
    endloop
  endfacet
  facet normal -0.772005 0.635617 -2.8471e-18
    outer loop
      vertex 59.4436 -3.0504 5.4
      vertex 59.4731 -3.01457 6
      vertex 59.4731 -3.01457 5.4
    endloop
  endfacet
  facet normal -0.772005 0.635617 -2.8471e-18
    outer loop
      vertex 59.4731 -3.01457 6
      vertex 59.4436 -3.0504 5.4
      vertex 59.4436 -3.0504 6
    endloop
  endfacet
  facet normal -0.681736 0.731598 0
    outer loop
      vertex 59.5067 -2.98326 5.4
      vertex 59.4731 -3.01457 6
      vertex 59.5067 -2.98326 6
    endloop
  endfacet
  facet normal -0.681736 0.731598 0
    outer loop
      vertex 59.4731 -3.01457 6
      vertex 59.5067 -2.98326 5.4
      vertex 59.4731 -3.01457 5.4
    endloop
  endfacet
  facet normal -0.57594 0.817492 0
    outer loop
      vertex 59.5443 -2.95677 5.4
      vertex 59.5067 -2.98326 6
      vertex 59.5443 -2.95677 6
    endloop
  endfacet
  facet normal -0.57594 0.817492 0
    outer loop
      vertex 59.5067 -2.98326 6
      vertex 59.5443 -2.95677 5.4
      vertex 59.5067 -2.98326 5.4
    endloop
  endfacet
  facet normal -0.462865 0.886429 0
    outer loop
      vertex 59.5858 -2.9351 5.4
      vertex 59.5443 -2.95677 6
      vertex 59.5858 -2.9351 6
    endloop
  endfacet
  facet normal -0.462865 0.886429 0
    outer loop
      vertex 59.5443 -2.95677 6
      vertex 59.5858 -2.9351 5.4
      vertex 59.5443 -2.95677 5.4
    endloop
  endfacet
  facet normal -0.347281 0.937761 0
    outer loop
      vertex 59.6313 -2.91825 5.4
      vertex 59.5858 -2.9351 6
      vertex 59.6313 -2.91825 6
    endloop
  endfacet
  facet normal -0.347281 0.937761 0
    outer loop
      vertex 59.5858 -2.9351 6
      vertex 59.6313 -2.91825 5.4
      vertex 59.5858 -2.9351 5.4
    endloop
  endfacet
  facet normal -0.236156 0.971715 0
    outer loop
      vertex 59.6808 -2.90622 5.4
      vertex 59.6313 -2.91825 6
      vertex 59.6808 -2.90622 6
    endloop
  endfacet
  facet normal -0.236156 0.971715 0
    outer loop
      vertex 59.6313 -2.91825 6
      vertex 59.6808 -2.90622 5.4
      vertex 59.6313 -2.91825 5.4
    endloop
  endfacet
  facet normal -0.134599 0.9909 0
    outer loop
      vertex 59.7341 -2.89898 5.4
      vertex 59.6808 -2.90622 6
      vertex 59.7341 -2.89898 6
    endloop
  endfacet
  facet normal -0.134599 0.9909 0
    outer loop
      vertex 59.6808 -2.90622 6
      vertex 59.7341 -2.89898 5.4
      vertex 59.6808 -2.90622 5.4
    endloop
  endfacet
  facet normal -0.0420222 0.999117 0
    outer loop
      vertex 59.7914 -2.89657 5.4
      vertex 59.7341 -2.89898 6
      vertex 59.7914 -2.89657 6
    endloop
  endfacet
  facet normal -0.0420222 0.999117 0
    outer loop
      vertex 59.7341 -2.89898 6
      vertex 59.7914 -2.89657 5.4
      vertex 59.7341 -2.89898 5.4
    endloop
  endfacet
  facet normal 0.0771265 0.997021 -0
    outer loop
      vertex 59.9102 -2.90576 5.4
      vertex 59.7914 -2.89657 6
      vertex 59.9102 -2.90576 6
    endloop
  endfacet
  facet normal 0.0771265 0.997021 0
    outer loop
      vertex 59.7914 -2.89657 6
      vertex 59.9102 -2.90576 5.4
      vertex 59.7914 -2.89657 5.4
    endloop
  endfacet
  facet normal 0.264108 0.964493 -0
    outer loop
      vertex 60.0107 -2.93328 5.4
      vertex 59.9102 -2.90576 6
      vertex 60.0107 -2.93328 6
    endloop
  endfacet
  facet normal 0.264108 0.964493 0
    outer loop
      vertex 59.9102 -2.90576 6
      vertex 60.0107 -2.93328 5.4
      vertex 59.9102 -2.90576 5.4
    endloop
  endfacet
  facet normal 0.487745 0.872986 -0
    outer loop
      vertex 60.0928 -2.97915 5.4
      vertex 60.0107 -2.93328 6
      vertex 60.0928 -2.97915 6
    endloop
  endfacet
  facet normal 0.487745 0.872986 0
    outer loop
      vertex 60.0107 -2.93328 6
      vertex 60.0928 -2.97915 5.4
      vertex 60.0107 -2.93328 5.4
    endloop
  endfacet
  facet normal 0.708429 0.705782 4.30379e-18
    outer loop
      vertex 60.1568 -3.04339 6
      vertex 60.0928 -2.97915 5.4
      vertex 60.0928 -2.97915 6
    endloop
  endfacet
  facet normal 0.708429 0.705782 4.30379e-18
    outer loop
      vertex 60.0928 -2.97915 5.4
      vertex 60.1568 -3.04339 6
      vertex 60.1568 -3.04339 5.4
    endloop
  endfacet
  facet normal 0.874956 0.484203 1.862e-18
    outer loop
      vertex 60.2025 -3.12597 6
      vertex 60.1568 -3.04339 5.4
      vertex 60.1568 -3.04339 6
    endloop
  endfacet
  facet normal 0.874956 0.484203 1.862e-18
    outer loop
      vertex 60.1568 -3.04339 5.4
      vertex 60.2025 -3.12597 6
      vertex 60.2025 -3.12597 5.4
    endloop
  endfacet
  facet normal 0.965076 0.261968 -2.59185e-18
    outer loop
      vertex 60.2299 -3.22691 6
      vertex 60.2025 -3.12597 5.4
      vertex 60.2025 -3.12597 6
    endloop
  endfacet
  facet normal 0.965076 0.261968 -2.59185e-18
    outer loop
      vertex 60.2025 -3.12597 5.4
      vertex 60.2299 -3.22691 6
      vertex 60.2299 -3.22691 5.4
    endloop
  endfacet
  facet normal 0.997102 0.07607 -1.09816e-18
    outer loop
      vertex 60.239 -3.34619 6
      vertex 60.2299 -3.22691 5.4
      vertex 60.2299 -3.22691 6
    endloop
  endfacet
  facet normal 0.997102 0.07607 -1.09816e-18
    outer loop
      vertex 60.2299 -3.22691 5.4
      vertex 60.239 -3.34619 6
      vertex 60.239 -3.34619 5.4
    endloop
  endfacet
  facet normal 0.999568 -0.0293785 8.26354e-20
    outer loop
      vertex 60.2369 -3.41764 6
      vertex 60.239 -3.34619 5.4
      vertex 60.239 -3.34619 6
    endloop
  endfacet
  facet normal 0.999568 -0.0293785 8.26354e-20
    outer loop
      vertex 60.239 -3.34619 5.4
      vertex 60.2369 -3.41764 6
      vertex 60.2369 -3.41764 5.4
    endloop
  endfacet
  facet normal 0.995121 -0.0986621 1.81543e-20
    outer loop
      vertex 60.2304 -3.4832 6
      vertex 60.2369 -3.41764 5.4
      vertex 60.2369 -3.41764 6
    endloop
  endfacet
  facet normal 0.995121 -0.0986621 1.81543e-20
    outer loop
      vertex 60.2369 -3.41764 5.4
      vertex 60.2304 -3.4832 6
      vertex 60.2304 -3.4832 5.4
    endloop
  endfacet
  facet normal 0.98458 -0.174934 -6.1897e-20
    outer loop
      vertex 60.2198 -3.54286 6
      vertex 60.2304 -3.4832 5.4
      vertex 60.2304 -3.4832 6
    endloop
  endfacet
  facet normal 0.98458 -0.174934 -6.1897e-20
    outer loop
      vertex 60.2304 -3.4832 5.4
      vertex 60.2198 -3.54286 6
      vertex 60.2198 -3.54286 5.4
    endloop
  endfacet
  facet normal 0.963196 -0.268799 -3.73034e-19
    outer loop
      vertex 60.2048 -3.59661 6
      vertex 60.2198 -3.54286 5.4
      vertex 60.2198 -3.54286 6
    endloop
  endfacet
  facet normal 0.963196 -0.268799 -3.73034e-19
    outer loop
      vertex 60.2198 -3.54286 5.4
      vertex 60.2048 -3.59661 6
      vertex 60.2048 -3.59661 5.4
    endloop
  endfacet
  facet normal 0.927458 -0.373928 -5.70901e-19
    outer loop
      vertex 60.1855 -3.64448 6
      vertex 60.2048 -3.59661 5.4
      vertex 60.2048 -3.59661 6
    endloop
  endfacet
  facet normal 0.927458 -0.373928 -5.70901e-19
    outer loop
      vertex 60.2048 -3.59661 5.4
      vertex 60.1855 -3.64448 6
      vertex 60.1855 -3.64448 5.4
    endloop
  endfacet
  facet normal 0.872584 -0.488464 -2.68127e-18
    outer loop
      vertex 60.162 -3.68646 6
      vertex 60.1855 -3.64448 5.4
      vertex 60.1855 -3.64448 6
    endloop
  endfacet
  facet normal 0.872584 -0.488464 -2.68127e-18
    outer loop
      vertex 60.1855 -3.64448 5.4
      vertex 60.162 -3.68646 6
      vertex 60.162 -3.68646 5.4
    endloop
  endfacet
  facet normal 0.792052 -0.610453 -3.75451e-18
    outer loop
      vertex 60.1342 -3.72253 6
      vertex 60.162 -3.68646 5.4
      vertex 60.162 -3.68646 6
    endloop
  endfacet
  facet normal 0.792052 -0.610453 -3.75451e-18
    outer loop
      vertex 60.162 -3.68646 5.4
      vertex 60.1342 -3.72253 6
      vertex 60.1342 -3.72253 5.4
    endloop
  endfacet
  facet normal 0.689633 -0.724159 0
    outer loop
      vertex 60.1019 -3.75329 5.4
      vertex 60.1342 -3.72253 6
      vertex 60.1019 -3.75329 6
    endloop
  endfacet
  facet normal 0.689633 -0.724159 0
    outer loop
      vertex 60.1342 -3.72253 6
      vertex 60.1019 -3.75329 5.4
      vertex 60.1342 -3.72253 5.4
    endloop
  endfacet
  facet normal 0.574351 -0.818609 0
    outer loop
      vertex 60.0648 -3.77932 5.4
      vertex 60.1019 -3.75329 6
      vertex 60.0648 -3.77932 6
    endloop
  endfacet
  facet normal 0.574351 -0.818609 0
    outer loop
      vertex 60.1019 -3.75329 6
      vertex 60.0648 -3.77932 5.4
      vertex 60.1019 -3.75329 5.4
    endloop
  endfacet
  facet normal 0.453161 -0.891429 0
    outer loop
      vertex 60.0229 -3.80062 5.4
      vertex 60.0648 -3.77932 6
      vertex 60.0229 -3.80062 6
    endloop
  endfacet
  facet normal 0.453161 -0.891429 0
    outer loop
      vertex 60.0648 -3.77932 6
      vertex 60.0229 -3.80062 5.4
      vertex 60.0648 -3.77932 5.4
    endloop
  endfacet
  facet normal 0.335209 -0.942144 0
    outer loop
      vertex 59.9763 -3.8172 5.4
      vertex 60.0229 -3.80062 6
      vertex 59.9763 -3.8172 6
    endloop
  endfacet
  facet normal 0.335209 -0.942144 0
    outer loop
      vertex 60.0229 -3.80062 6
      vertex 59.9763 -3.8172 5.4
      vertex 60.0229 -3.80062 5.4
    endloop
  endfacet
  facet normal 0.224112 -0.974563 0
    outer loop
      vertex 59.9249 -3.82902 5.4
      vertex 59.9763 -3.8172 6
      vertex 59.9249 -3.82902 6
    endloop
  endfacet
  facet normal 0.224112 -0.974563 0
    outer loop
      vertex 59.9763 -3.8172 6
      vertex 59.9249 -3.82902 5.4
      vertex 59.9763 -3.8172 5.4
    endloop
  endfacet
  facet normal 0.125338 -0.992114 0
    outer loop
      vertex 59.8687 -3.83612 5.4
      vertex 59.9249 -3.82902 6
      vertex 59.8687 -3.83612 6
    endloop
  endfacet
  facet normal 0.125338 -0.992114 0
    outer loop
      vertex 59.9249 -3.82902 6
      vertex 59.8687 -3.83612 5.4
      vertex 59.9249 -3.82902 5.4
    endloop
  endfacet
  facet normal 0.0386596 -0.999252 0
    outer loop
      vertex 59.8077 -3.83848 5.4
      vertex 59.8687 -3.83612 6
      vertex 59.8077 -3.83848 6
    endloop
  endfacet
  facet normal 0.0386596 -0.999252 0
    outer loop
      vertex 59.8687 -3.83612 6
      vertex 59.8077 -3.83848 5.4
      vertex 59.8687 -3.83612 5.4
    endloop
  endfacet
  facet normal -0.0379758 -0.999279 0
    outer loop
      vertex 59.7456 -3.83612 5.4
      vertex 59.8077 -3.83848 6
      vertex 59.7456 -3.83612 6
    endloop
  endfacet
  facet normal -0.0379758 -0.999279 -0
    outer loop
      vertex 59.8077 -3.83848 6
      vertex 59.7456 -3.83612 5.4
      vertex 59.8077 -3.83848 5.4
    endloop
  endfacet
  facet normal 0 1 -0
    outer loop
      vertex 58.6568 -1.79802 5.4
      vertex 57.7291 -1.79802 6
      vertex 58.6568 -1.79802 6
    endloop
  endfacet
  facet normal 0 1 0
    outer loop
      vertex 57.7291 -1.79802 6
      vertex 58.6568 -1.79802 5.4
      vertex 57.7291 -1.79802 5.4
    endloop
  endfacet
  facet normal -1 0 0
    outer loop
      vertex 58.6568 -1.79802 5.4
      vertex 58.6568 -1.33419 6
      vertex 58.6568 -1.33419 5.4
    endloop
  endfacet
  facet normal -1 -0 0
    outer loop
      vertex 58.6568 -1.33419 6
      vertex 58.6568 -1.79802 5.4
      vertex 58.6568 -1.79802 6
    endloop
  endfacet
  facet normal 0 -1 0
    outer loop
      vertex 56.2033 -1.33419 5.4
      vertex 58.6568 -1.33419 6
      vertex 56.2033 -1.33419 6
    endloop
  endfacet
  facet normal 0 -1 -0
    outer loop
      vertex 58.6568 -1.33419 6
      vertex 56.2033 -1.33419 5.4
      vertex 58.6568 -1.33419 5.4
    endloop
  endfacet
  facet normal 1 -0 0
    outer loop
      vertex 56.2033 -1.79802 6
      vertex 56.2033 -1.33419 5.4
      vertex 56.2033 -1.33419 6
    endloop
  endfacet
  facet normal 1 0 0
    outer loop
      vertex 56.2033 -1.33419 5.4
      vertex 56.2033 -1.79802 6
      vertex 56.2033 -1.79802 5.4
    endloop
  endfacet
  facet normal 0 1 -0
    outer loop
      vertex 57.1289 -1.79802 5.4
      vertex 56.2033 -1.79802 6
      vertex 57.1289 -1.79802 6
    endloop
  endfacet
  facet normal 0 1 0
    outer loop
      vertex 56.2033 -1.79802 6
      vertex 57.1289 -1.79802 5.4
      vertex 56.2033 -1.79802 5.4
    endloop
  endfacet
  facet normal 1 -0 0
    outer loop
      vertex 57.1289 -4.20062 6
      vertex 57.1289 -1.79802 5.4
      vertex 57.1289 -1.79802 6
    endloop
  endfacet
  facet normal 1 0 0
    outer loop
      vertex 57.1289 -1.79802 5.4
      vertex 57.1289 -4.20062 6
      vertex 57.1289 -4.20062 5.4
    endloop
  endfacet
  facet normal 0 1 -0
    outer loop
      vertex 57.7291 -4.20062 5.4
      vertex 57.1289 -4.20062 6
      vertex 57.7291 -4.20062 6
    endloop
  endfacet
  facet normal 0 1 0
    outer loop
      vertex 57.1289 -4.20062 6
      vertex 57.7291 -4.20062 5.4
      vertex 57.1289 -4.20062 5.4
    endloop
  endfacet
  facet normal -1 0 0
    outer loop
      vertex 57.7291 -4.20062 5.4
      vertex 57.7291 -1.79802 6
      vertex 57.7291 -1.79802 5.4
    endloop
  endfacet
  facet normal -1 -0 0
    outer loop
      vertex 57.7291 -1.79802 6
      vertex 57.7291 -4.20062 5.4
      vertex 57.7291 -4.20062 6
    endloop
  endfacet
  facet normal 0 1 -0
    outer loop
      vertex 62.4877 -3.11221 5.4
      vertex 61.7838 -3.11221 6
      vertex 62.4877 -3.11221 6
    endloop
  endfacet
  facet normal 0 1 0
    outer loop
      vertex 61.7838 -3.11221 6
      vertex 62.4877 -3.11221 5.4
      vertex 61.7838 -3.11221 5.4
    endloop
  endfacet
  facet normal 0.853226 0.521542 -1.12568e-18
    outer loop
      vertex 63.153 -4.20062 6
      vertex 62.4877 -3.11221 5.4
      vertex 62.4877 -3.11221 6
    endloop
  endfacet
  facet normal 0.853226 0.521542 -1.12568e-18
    outer loop
      vertex 62.4877 -3.11221 5.4
      vertex 63.153 -4.20062 6
      vertex 63.153 -4.20062 5.4
    endloop
  endfacet
  facet normal 0 1 -0
    outer loop
      vertex 63.8284 -4.20062 5.4
      vertex 63.153 -4.20062 6
      vertex 63.8284 -4.20062 6
    endloop
  endfacet
  facet normal 0 1 0
    outer loop
      vertex 63.153 -4.20062 6
      vertex 63.8284 -4.20062 5.4
      vertex 63.153 -4.20062 5.4
    endloop
  endfacet
  facet normal -0.8409 -0.54119 -1.63496e-17
    outer loop
      vertex 63.8284 -4.20062 5.4
      vertex 63.0533 -2.99627 6
      vertex 63.0533 -2.99627 5.4
    endloop
  endfacet
  facet normal -0.8409 -0.54119 -1.63496e-17
    outer loop
      vertex 63.0533 -2.99627 6
      vertex 63.8284 -4.20062 5.4
      vertex 63.8284 -4.20062 6
    endloop
  endfacet
  facet normal -0.272106 0.962267 0
    outer loop
      vertex 63.134 -2.97345 5.4
      vertex 63.0533 -2.99627 6
      vertex 63.134 -2.97345 6
    endloop
  endfacet
  facet normal -0.272106 0.962267 0
    outer loop
      vertex 63.0533 -2.99627 6
      vertex 63.134 -2.97345 5.4
      vertex 63.0533 -2.99627 5.4
    endloop
  endfacet
  facet normal -0.356878 0.934151 0
    outer loop
      vertex 63.2097 -2.94453 5.4
      vertex 63.134 -2.97345 6
      vertex 63.2097 -2.94453 6
    endloop
  endfacet
  facet normal -0.356878 0.934151 0
    outer loop
      vertex 63.134 -2.97345 6
      vertex 63.2097 -2.94453 5.4
      vertex 63.134 -2.97345 5.4
    endloop
  endfacet
  facet normal -0.442858 0.896592 0
    outer loop
      vertex 63.2806 -2.90951 5.4
      vertex 63.2097 -2.94453 6
      vertex 63.2806 -2.90951 6
    endloop
  endfacet
  facet normal -0.442858 0.896592 0
    outer loop
      vertex 63.2097 -2.94453 6
      vertex 63.2806 -2.90951 5.4
      vertex 63.2097 -2.94453 5.4
    endloop
  endfacet
  facet normal -0.528796 0.848749 0
    outer loop
      vertex 63.3466 -2.86839 5.4
      vertex 63.2806 -2.90951 6
      vertex 63.3466 -2.86839 6
    endloop
  endfacet
  facet normal -0.528796 0.848749 0
    outer loop
      vertex 63.2806 -2.90951 6
      vertex 63.3466 -2.86839 5.4
      vertex 63.2806 -2.90951 5.4
    endloop
  endfacet
  facet normal -0.612207 0.790697 0
    outer loop
      vertex 63.4076 -2.82116 5.4
      vertex 63.3466 -2.86839 6
      vertex 63.4076 -2.82116 6
    endloop
  endfacet
  facet normal -0.612207 0.790697 0
    outer loop
      vertex 63.3466 -2.86839 6
      vertex 63.4076 -2.82116 5.4
      vertex 63.3466 -2.86839 5.4
    endloop
  endfacet
  facet normal -0.688138 0.725579 0
    outer loop
      vertex 63.4638 -2.76786 5.4
      vertex 63.4076 -2.82116 6
      vertex 63.4638 -2.76786 6
    endloop
  endfacet
  facet normal -0.688138 0.725579 0
    outer loop
      vertex 63.4076 -2.82116 6
      vertex 63.4638 -2.76786 5.4
      vertex 63.4076 -2.82116 5.4
    endloop
  endfacet
  facet normal -0.756986 0.653431 -8.10604e-19
    outer loop
      vertex 63.4638 -2.76786 5.4
      vertex 63.5151 -2.70843 6
      vertex 63.5151 -2.70843 5.4
    endloop
  endfacet
  facet normal -0.756986 0.653431 -8.10604e-19
    outer loop
      vertex 63.5151 -2.70843 6
      vertex 63.4638 -2.76786 5.4
      vertex 63.4638 -2.76786 6
    endloop
  endfacet
  facet normal -0.816904 0.576773 6.65164e-19
    outer loop
      vertex 63.5151 -2.70843 5.4
      vertex 63.5604 -2.64427 6
      vertex 63.5604 -2.64427 5.4
    endloop
  endfacet
  facet normal -0.816904 0.576773 6.65164e-19
    outer loop
      vertex 63.5604 -2.64427 6
      vertex 63.5151 -2.70843 5.4
      vertex 63.5151 -2.70843 6
    endloop
  endfacet
  facet normal -0.869318 0.494253 8.3307e-19
    outer loop
      vertex 63.5604 -2.64427 5.4
      vertex 63.5988 -2.57673 6
      vertex 63.5988 -2.57673 5.4
    endloop
  endfacet
  facet normal -0.869318 0.494253 8.3307e-19
    outer loop
      vertex 63.5988 -2.57673 6
      vertex 63.5604 -2.64427 5.4
      vertex 63.5604 -2.64427 6
    endloop
  endfacet
  facet normal -0.914321 0.404989 -2.50215e-18
    outer loop
      vertex 63.5988 -2.57673 5.4
      vertex 63.6302 -2.50584 6
      vertex 63.6302 -2.50584 5.4
    endloop
  endfacet
  facet normal -0.914321 0.404989 -2.50215e-18
    outer loop
      vertex 63.6302 -2.50584 6
      vertex 63.5988 -2.57673 5.4
      vertex 63.5988 -2.57673 6
    endloop
  endfacet
  facet normal -0.950031 0.312157 1.49651e-18
    outer loop
      vertex 63.6302 -2.50584 5.4
      vertex 63.6546 -2.43158 6
      vertex 63.6546 -2.43158 5.4
    endloop
  endfacet
  facet normal -0.950031 0.312157 1.49651e-18
    outer loop
      vertex 63.6546 -2.43158 6
      vertex 63.6302 -2.50584 5.4
      vertex 63.6302 -2.50584 6
    endloop
  endfacet
  facet normal -0.975789 0.218714 -9.49894e-19
    outer loop
      vertex 63.6546 -2.43158 5.4
      vertex 63.672 -2.35395 6
      vertex 63.672 -2.35395 5.4
    endloop
  endfacet
  facet normal -0.975789 0.218714 -9.49894e-19
    outer loop
      vertex 63.672 -2.35395 6
      vertex 63.6546 -2.43158 5.4
      vertex 63.6546 -2.43158 6
    endloop
  endfacet
  facet normal -0.991696 0.128601 -1.74407e-19
    outer loop
      vertex 63.672 -2.35395 5.4
      vertex 63.6825 -2.27298 6
      vertex 63.6825 -2.27298 5.4
    endloop
  endfacet
  facet normal -0.991696 0.128601 -1.74407e-19
    outer loop
      vertex 63.6825 -2.27298 6
      vertex 63.672 -2.35395 5.4
      vertex 63.672 -2.35395 6
    endloop
  endfacet
  facet normal -0.99914 0.0414581 -4.74141e-19
    outer loop
      vertex 63.6825 -2.27298 5.4
      vertex 63.686 -2.18863 6
      vertex 63.686 -2.18863 5.4
    endloop
  endfacet
  facet normal -0.99914 0.0414581 -4.74141e-19
    outer loop
      vertex 63.686 -2.18863 6
      vertex 63.6825 -2.27298 5.4
      vertex 63.6825 -2.27298 6
    endloop
  endfacet
  facet normal -0.998754 -0.0499027 4.81257e-19
    outer loop
      vertex 63.686 -2.18863 5.4
      vertex 63.6803 -2.07455 6
      vertex 63.6803 -2.07455 5.4
    endloop
  endfacet
  facet normal -0.998754 -0.0499027 4.81257e-19
    outer loop
      vertex 63.6803 -2.07455 6
      vertex 63.686 -2.18863 5.4
      vertex 63.686 -2.18863 6
    endloop
  endfacet
  facet normal -0.987288 -0.15894 1.12616e-19
    outer loop
      vertex 63.6803 -2.07455 5.4
      vertex 63.6632 -1.96833 6
      vertex 63.6632 -1.96833 5.4
    endloop
  endfacet
  facet normal -0.987288 -0.15894 1.12616e-19
    outer loop
      vertex 63.6632 -1.96833 6
      vertex 63.6803 -2.07455 5.4
      vertex 63.6803 -2.07455 6
    endloop
  endfacet
  facet normal -0.960761 -0.277377 -9.60835e-19
    outer loop
      vertex 63.6632 -1.96833 5.4
      vertex 63.6348 -1.86996 6
      vertex 63.6348 -1.86996 5.4
    endloop
  endfacet
  facet normal -0.960761 -0.277377 -9.60835e-19
    outer loop
      vertex 63.6348 -1.86996 6
      vertex 63.6632 -1.96833 5.4
      vertex 63.6632 -1.96833 6
    endloop
  endfacet
  facet normal -0.915439 -0.402457 2.56433e-18
    outer loop
      vertex 63.6348 -1.86996 5.4
      vertex 63.595 -1.77943 6
      vertex 63.595 -1.77943 5.4
    endloop
  endfacet
  facet normal -0.915439 -0.402457 2.56433e-18
    outer loop
      vertex 63.595 -1.77943 6
      vertex 63.6348 -1.86996 5.4
      vertex 63.6348 -1.86996 6
    endloop
  endfacet
  facet normal -0.850215 -0.526436 2.42227e-18
    outer loop
      vertex 63.595 -1.77943 5.4
      vertex 63.5438 -1.69674 6
      vertex 63.5438 -1.69674 5.4
    endloop
  endfacet
  facet normal -0.850215 -0.526436 2.42227e-18
    outer loop
      vertex 63.5438 -1.69674 6
      vertex 63.595 -1.77943 5.4
      vertex 63.595 -1.77943 6
    endloop
  endfacet
  facet normal -0.767002 -0.641645 -6.22444e-18
    outer loop
      vertex 63.5438 -1.69674 5.4
      vertex 63.4812 -1.62191 6
      vertex 63.4812 -1.62191 5.4
    endloop
  endfacet
  facet normal -0.767002 -0.641645 -6.22444e-18
    outer loop
      vertex 63.4812 -1.62191 6
      vertex 63.5438 -1.69674 5.4
      vertex 63.5438 -1.69674 6
    endloop
  endfacet
  facet normal -0.671564 -0.740946 0
    outer loop
      vertex 63.4073 -1.55493 5.4
      vertex 63.4812 -1.62191 6
      vertex 63.4073 -1.55493 6
    endloop
  endfacet
  facet normal -0.671564 -0.740946 -0
    outer loop
      vertex 63.4812 -1.62191 6
      vertex 63.4073 -1.55493 5.4
      vertex 63.4812 -1.62191 5.4
    endloop
  endfacet
  facet normal -0.570126 -0.821557 0
    outer loop
      vertex 63.3229 -1.49636 5.4
      vertex 63.4073 -1.55493 6
      vertex 63.3229 -1.49636 6
    endloop
  endfacet
  facet normal -0.570126 -0.821557 -0
    outer loop
      vertex 63.4073 -1.55493 6
      vertex 63.3229 -1.49636 5.4
      vertex 63.4073 -1.55493 5.4
    endloop
  endfacet
  facet normal -0.466235 -0.884661 0
    outer loop
      vertex 63.2289 -1.44682 5.4
      vertex 63.3229 -1.49636 6
      vertex 63.2289 -1.44682 6
    endloop
  endfacet
  facet normal -0.466235 -0.884661 -0
    outer loop
      vertex 63.3229 -1.49636 6
      vertex 63.2289 -1.44682 5.4
      vertex 63.3229 -1.49636 5.4
    endloop
  endfacet
  facet normal -0.364711 -0.931121 0
    outer loop
      vertex 63.1254 -1.40628 5.4
      vertex 63.2289 -1.44682 6
      vertex 63.1254 -1.40628 6
    endloop
  endfacet
  facet normal -0.364711 -0.931121 -0
    outer loop
      vertex 63.2289 -1.44682 6
      vertex 63.1254 -1.40628 5.4
      vertex 63.2289 -1.44682 5.4
    endloop
  endfacet
  facet normal -0.268619 -0.963247 0
    outer loop
      vertex 63.0123 -1.37474 5.4
      vertex 63.1254 -1.40628 6
      vertex 63.0123 -1.37474 6
    endloop
  endfacet
  facet normal -0.268619 -0.963247 -0
    outer loop
      vertex 63.1254 -1.40628 6
      vertex 63.0123 -1.37474 5.4
      vertex 63.1254 -1.40628 5.4
    endloop
  endfacet
  facet normal -0.180742 -0.983531 0
    outer loop
      vertex 62.8897 -1.35221 5.4
      vertex 63.0123 -1.37474 6
      vertex 62.8897 -1.35221 6
    endloop
  endfacet
  facet normal -0.180742 -0.983531 -0
    outer loop
      vertex 63.0123 -1.37474 6
      vertex 62.8897 -1.35221 5.4
      vertex 63.0123 -1.37474 5.4
    endloop
  endfacet
  facet normal -0.10174 -0.994811 0
    outer loop
      vertex 62.7576 -1.3387 5.4
      vertex 62.8897 -1.35221 6
      vertex 62.7576 -1.3387 6
    endloop
  endfacet
  facet normal -0.10174 -0.994811 -0
    outer loop
      vertex 62.8897 -1.35221 6
      vertex 62.7576 -1.3387 5.4
      vertex 62.8897 -1.35221 5.4
    endloop
  endfacet
  facet normal -0.0318117 -0.999494 0
    outer loop
      vertex 62.6159 -1.33419 5.4
      vertex 62.7576 -1.3387 6
      vertex 62.6159 -1.33419 6
    endloop
  endfacet
  facet normal -0.0318117 -0.999494 -0
    outer loop
      vertex 62.7576 -1.3387 6
      vertex 62.6159 -1.33419 5.4
      vertex 62.7576 -1.3387 5.4
    endloop
  endfacet
  facet normal 0 -1 0
    outer loop
      vertex 61.1837 -1.33419 5.4
      vertex 62.6159 -1.33419 6
      vertex 61.1837 -1.33419 6
    endloop
  endfacet
  facet normal 0 -1 -0
    outer loop
      vertex 62.6159 -1.33419 6
      vertex 61.1837 -1.33419 5.4
      vertex 62.6159 -1.33419 5.4
    endloop
  endfacet
  facet normal 1 -0 0
    outer loop
      vertex 61.1837 -4.20062 6
      vertex 61.1837 -1.33419 5.4
      vertex 61.1837 -1.33419 6
    endloop
  endfacet
  facet normal 1 0 0
    outer loop
      vertex 61.1837 -1.33419 5.4
      vertex 61.1837 -4.20062 6
      vertex 61.1837 -4.20062 5.4
    endloop
  endfacet
  facet normal 0 1 -0
    outer loop
      vertex 61.7838 -4.20062 5.4
      vertex 61.1837 -4.20062 6
      vertex 61.7838 -4.20062 6
    endloop
  endfacet
  facet normal 0 1 0
    outer loop
      vertex 61.1837 -4.20062 6
      vertex 61.7838 -4.20062 5.4
      vertex 61.1837 -4.20062 5.4
    endloop
  endfacet
  facet normal -1 0 0
    outer loop
      vertex 61.7838 -4.20062 5.4
      vertex 61.7838 -3.11221 6
      vertex 61.7838 -3.11221 5.4
    endloop
  endfacet
  facet normal -1 -0 0
    outer loop
      vertex 61.7838 -3.11221 6
      vertex 61.7838 -4.20062 5.4
      vertex 61.7838 -4.20062 6
    endloop
  endfacet
  facet normal -1 0 0
    outer loop
      vertex 61.7838 -2.64636 5.4
      vertex 61.7838 -1.80006 6
      vertex 61.7838 -1.80006 5.4
    endloop
  endfacet
  facet normal -1 -0 0
    outer loop
      vertex 61.7838 -1.80006 6
      vertex 61.7838 -2.64636 5.4
      vertex 61.7838 -2.64636 6
    endloop
  endfacet
  facet normal 0 1 -0
    outer loop
      vertex 62.5528 -1.80006 5.4
      vertex 61.7838 -1.80006 6
      vertex 62.5528 -1.80006 6
    endloop
  endfacet
  facet normal 0 1 0
    outer loop
      vertex 61.7838 -1.80006 6
      vertex 62.5528 -1.80006 5.4
      vertex 61.7838 -1.80006 5.4
    endloop
  endfacet
  facet normal 0.059864 0.998207 -0
    outer loop
      vertex 62.6932 -1.80848 5.4
      vertex 62.5528 -1.80006 6
      vertex 62.6932 -1.80848 6
    endloop
  endfacet
  facet normal 0.059864 0.998207 0
    outer loop
      vertex 62.5528 -1.80006 6
      vertex 62.6932 -1.80848 5.4
      vertex 62.5528 -1.80006 5.4
    endloop
  endfacet
  facet normal 0.208381 0.978048 -0
    outer loop
      vertex 62.8119 -1.83377 5.4
      vertex 62.6932 -1.80848 6
      vertex 62.8119 -1.83377 6
    endloop
  endfacet
  facet normal 0.208381 0.978048 0
    outer loop
      vertex 62.6932 -1.80848 6
      vertex 62.8119 -1.83377 5.4
      vertex 62.6932 -1.80848 5.4
    endloop
  endfacet
  facet normal 0.398111 0.917337 -0
    outer loop
      vertex 62.909 -1.87591 5.4
      vertex 62.8119 -1.83377 6
      vertex 62.909 -1.87591 6
    endloop
  endfacet
  facet normal 0.398111 0.917337 0
    outer loop
      vertex 62.8119 -1.83377 6
      vertex 62.909 -1.87591 5.4
      vertex 62.8119 -1.83377 5.4
    endloop
  endfacet
  facet normal 0.615304 0.78829 -0
    outer loop
      vertex 62.9846 -1.93492 5.4
      vertex 62.909 -1.87591 6
      vertex 62.9846 -1.93492 6
    endloop
  endfacet
  facet normal 0.615304 0.78829 0
    outer loop
      vertex 62.909 -1.87591 6
      vertex 62.9846 -1.93492 5.4
      vertex 62.909 -1.87591 5.4
    endloop
  endfacet
  facet normal 0.81464 0.579968 3.09585e-18
    outer loop
      vertex 63.0386 -2.01077 6
      vertex 62.9846 -1.93492 5.4
      vertex 62.9846 -1.93492 6
    endloop
  endfacet
  facet normal 0.81464 0.579968 3.09585e-18
    outer loop
      vertex 62.9846 -1.93492 5.4
      vertex 63.0386 -2.01077 6
      vertex 63.0386 -2.01077 5.4
    endloop
  endfacet
  facet normal 0.944012 0.32991 2.16169e-18
    outer loop
      vertex 63.071 -2.10348 6
      vertex 63.0386 -2.01077 5.4
      vertex 63.0386 -2.01077 6
    endloop
  endfacet
  facet normal 0.944012 0.32991 2.16169e-18
    outer loop
      vertex 63.0386 -2.01077 5.4
      vertex 63.071 -2.10348 6
      vertex 63.071 -2.10348 5.4
    endloop
  endfacet
  facet normal 0.995176 0.0981006 7.78641e-19
    outer loop
      vertex 63.0818 -2.21304 6
      vertex 63.071 -2.10348 5.4
      vertex 63.071 -2.10348 6
    endloop
  endfacet
  facet normal 0.995176 0.0981006 7.78641e-19
    outer loop
      vertex 63.071 -2.10348 5.4
      vertex 63.0818 -2.21304 6
      vertex 63.0818 -2.21304 5.4
    endloop
  endfacet
  facet normal 0.998874 -0.0474483 -4.85923e-20
    outer loop
      vertex 63.0791 -2.26988 6
      vertex 63.0818 -2.21304 5.4
      vertex 63.0818 -2.21304 6
    endloop
  endfacet
  facet normal 0.998874 -0.0474483 -4.85923e-20
    outer loop
      vertex 63.0818 -2.21304 5.4
      vertex 63.0791 -2.26988 6
      vertex 63.0791 -2.26988 5.4
    endloop
  endfacet
  facet normal 0.988841 -0.148978 -4.98156e-19
    outer loop
      vertex 63.0711 -2.32298 6
      vertex 63.0791 -2.26988 5.4
      vertex 63.0791 -2.26988 6
    endloop
  endfacet
  facet normal 0.988841 -0.148978 -4.98156e-19
    outer loop
      vertex 63.0791 -2.26988 5.4
      vertex 63.0711 -2.32298 6
      vertex 63.0711 -2.32298 5.4
    endloop
  endfacet
  facet normal 0.965563 -0.26017 -6.23829e-19
    outer loop
      vertex 63.0578 -2.37234 6
      vertex 63.0711 -2.32298 5.4
      vertex 63.0711 -2.32298 6
    endloop
  endfacet
  facet normal 0.965563 -0.26017 -6.23829e-19
    outer loop
      vertex 63.0711 -2.32298 5.4
      vertex 63.0578 -2.37234 6
      vertex 63.0578 -2.37234 5.4
    endloop
  endfacet
  facet normal 0.92605 -0.3774 -1.71281e-18
    outer loop
      vertex 63.0392 -2.41798 6
      vertex 63.0578 -2.37234 5.4
      vertex 63.0578 -2.37234 6
    endloop
  endfacet
  facet normal 0.92605 -0.3774 -1.71281e-18
    outer loop
      vertex 63.0578 -2.37234 5.4
      vertex 63.0392 -2.41798 6
      vertex 63.0392 -2.41798 5.4
    endloop
  endfacet
  facet normal 0.868575 -0.495558 -9.24667e-19
    outer loop
      vertex 63.0153 -2.45987 6
      vertex 63.0392 -2.41798 5.4
      vertex 63.0392 -2.41798 6
    endloop
  endfacet
  facet normal 0.868575 -0.495558 -9.24667e-19
    outer loop
      vertex 63.0392 -2.41798 5.4
      vertex 63.0153 -2.45987 6
      vertex 63.0153 -2.45987 5.4
    endloop
  endfacet
  facet normal 0.794169 -0.607697 -1.90504e-18
    outer loop
      vertex 62.9861 -2.49803 6
      vertex 63.0153 -2.45987 5.4
      vertex 63.0153 -2.45987 6
    endloop
  endfacet
  facet normal 0.794169 -0.607697 -1.90504e-18
    outer loop
      vertex 63.0153 -2.45987 5.4
      vertex 62.9861 -2.49803 6
      vertex 62.9861 -2.49803 5.4
    endloop
  endfacet
  facet normal 0.706286 -0.707927 0
    outer loop
      vertex 62.9516 -2.53245 5.4
      vertex 62.9861 -2.49803 6
      vertex 62.9516 -2.53245 6
    endloop
  endfacet
  facet normal 0.706286 -0.707927 0
    outer loop
      vertex 62.9861 -2.49803 6
      vertex 62.9516 -2.53245 5.4
      vertex 62.9861 -2.49803 5.4
    endloop
  endfacet
  facet normal 0.60582 -0.795602 0
    outer loop
      vertex 62.9119 -2.56268 5.4
      vertex 62.9516 -2.53245 6
      vertex 62.9119 -2.56268 6
    endloop
  endfacet
  facet normal 0.60582 -0.795602 0
    outer loop
      vertex 62.9516 -2.53245 6
      vertex 62.9119 -2.56268 5.4
      vertex 62.9516 -2.53245 5.4
    endloop
  endfacet
  facet normal 0.49639 -0.8681 0
    outer loop
      vertex 62.8672 -2.58824 5.4
      vertex 62.9119 -2.56268 6
      vertex 62.8672 -2.58824 6
    endloop
  endfacet
  facet normal 0.49639 -0.8681 0
    outer loop
      vertex 62.9119 -2.56268 6
      vertex 62.8672 -2.58824 5.4
      vertex 62.9119 -2.56268 5.4
    endloop
  endfacet
  facet normal 0.388115 -0.921611 0
    outer loop
      vertex 62.8175 -2.60917 5.4
      vertex 62.8672 -2.58824 6
      vertex 62.8175 -2.60917 6
    endloop
  endfacet
  facet normal 0.388115 -0.921611 0
    outer loop
      vertex 62.8672 -2.58824 6
      vertex 62.8175 -2.60917 5.4
      vertex 62.8672 -2.58824 5.4
    endloop
  endfacet
  facet normal 0.285576 -0.958356 0
    outer loop
      vertex 62.7629 -2.62544 5.4
      vertex 62.8175 -2.60917 6
      vertex 62.7629 -2.62544 6
    endloop
  endfacet
  facet normal 0.285576 -0.958356 0
    outer loop
      vertex 62.8175 -2.60917 6
      vertex 62.7629 -2.62544 5.4
      vertex 62.8175 -2.60917 5.4
    endloop
  endfacet
  facet normal 0.191522 -0.981488 0
    outer loop
      vertex 62.7033 -2.63707 5.4
      vertex 62.7629 -2.62544 6
      vertex 62.7033 -2.63707 6
    endloop
  endfacet
  facet normal 0.191522 -0.981488 0
    outer loop
      vertex 62.7629 -2.62544 6
      vertex 62.7033 -2.63707 5.4
      vertex 62.7629 -2.62544 5.4
    endloop
  endfacet
  facet normal 0.107272 -0.99423 0
    outer loop
      vertex 62.6387 -2.64404 5.4
      vertex 62.7033 -2.63707 6
      vertex 62.6387 -2.64404 6
    endloop
  endfacet
  facet normal 0.107272 -0.99423 0
    outer loop
      vertex 62.7033 -2.63707 6
      vertex 62.6387 -2.64404 5.4
      vertex 62.7033 -2.63707 5.4
    endloop
  endfacet
  facet normal 0.0333148 -0.999445 0
    outer loop
      vertex 62.5691 -2.64636 5.4
      vertex 62.6387 -2.64404 6
      vertex 62.5691 -2.64636 6
    endloop
  endfacet
  facet normal 0.0333148 -0.999445 0
    outer loop
      vertex 62.6387 -2.64404 6
      vertex 62.5691 -2.64636 5.4
      vertex 62.6387 -2.64404 5.4
    endloop
  endfacet
  facet normal 0 -1 0
    outer loop
      vertex 61.7838 -2.64636 5.4
      vertex 62.5691 -2.64636 6
      vertex 61.7838 -2.64636 6
    endloop
  endfacet
  facet normal 0 -1 -0
    outer loop
      vertex 62.5691 -2.64636 6
      vertex 61.7838 -2.64636 5.4
      vertex 62.5691 -2.64636 5.4
    endloop
  endfacet
endsolid OpenSCAD_Model
