solid OpenSCAD_Model
  facet normal 0 0 -1
    outer loop
      vertex -0.04798910766839981 -7.0478735268116 0
      vertex 2.3171838745474815 -0.432748481631279 0
      vertex 0.951551616191864 -7.298245444893837 0
    endloop
  endfacet
  facet normal 0 0 -1
    outer loop
      vertex 0.951551616191864 -7.298245444893837 0
      vertex 2.6569400057196617 -0.4831465408205986 0
      vertex 1.9708200246095657 -7.449439629912376 0
    endloop
  endfacet
  facet normal 0 0 -1
    outer loop
      vertex 1.9708200246095657 -7.449439629912376 0
      vertex 3 -0.5 0
      vertex 3 -7.5 0
    endloop
  endfacet
  facet normal 0 0 -1
    outer loop
      vertex -0.04798910766839981 -7.0478735268116 0
      vertex 0.7796235084533691 0.2944634109735489 0
      vertex 1.0555041879415512 0.08985635638237 0
    endloop
  endfacet
  facet normal 0 0 -1
    outer loop
      vertex -0.04798910766839981 -7.0478735268116 0
      vertex 1.0555041879415512 0.08985635638237 0
      vertex 1.3501114174723625 -0.0867244228720665 0
    endloop
  endfacet
  facet normal 0 0 -1
    outer loop
      vertex -0.04798910766839981 -7.0478735268116 0
      vertex 1.3501114174723625 -0.0867244228720665 0
      vertex 1.660607986152172 -0.2335783615708351 0
    endloop
  endfacet
  facet normal 0 0 -1
    outer loop
      vertex -0.04798910766839981 -7.0478735268116 0
      vertex 1.660607986152172 -0.2335783615708351 0
      vertex 1.984003633260727 -0.3492911756038666 0
    endloop
  endfacet
  facet normal 0 0 -1
    outer loop
      vertex -0.04798910766839981 -7.0478735268116 0
      vertex 1.984003633260727 -0.3492911756038666 0
      vertex 2.3171838745474815 -0.432748481631279 0
    endloop
  endfacet
  facet normal 0 0 -1
    outer loop
      vertex -0.04798910766839981 -7.0478735268116 0
      vertex 0.08985635638237 1.0555041879415512 0
      vertex 0.2944634109735489 0.7796235084533691 0
    endloop
  endfacet
  facet normal 0 0 -1
    outer loop
      vertex -0.04798910766839981 -7.0478735268116 0
      vertex -0.0867244228720665 1.3501114174723625 0
      vertex 0.08985635638237 1.0555041879415512 0
    endloop
  endfacet
  facet normal 0 0 -1
    outer loop
      vertex -0.04798910766839981 -7.0478735268116 0
      vertex -0.2335783615708351 1.660607986152172 0
      vertex -0.0867244228720665 1.3501114174723625 0
    endloop
  endfacet
  facet normal 0 0 -1
    outer loop
      vertex -0.04798910766839981 -7.0478735268116 0
      vertex 0.2944634109735489 0.7796235084533691 0
      vertex 0.52512626349926 0.52512626349926 0
    endloop
  endfacet
  facet normal 0 0 -1
    outer loop
      vertex -0.04798910766839981 -7.0478735268116 0
      vertex 0.52512626349926 0.52512626349926 0
      vertex 0.7796235084533691 0.2944634109735489 0
    endloop
  endfacet
  facet normal 0 0 -1
    outer loop
      vertex -0.04798910766839981 -7.0478735268116 0
      vertex -0.3492911756038666 1.984003633260727 0
      vertex -0.2335783615708351 1.660607986152172 0
    endloop
  endfacet
  facet normal 0 0 -1
    outer loop
      vertex -0.04798910766839981 -7.0478735268116 0
      vertex -0.432748481631279 2.3171838745474815 0
      vertex -0.3492911756038666 1.984003633260727 0
    endloop
  endfacet
  facet normal 0 0 -1
    outer loop
      vertex -0.04798910766839981 -7.0478735268116 0
      vertex -0.4831465408205986 2.6569400057196617 0
      vertex -0.432748481631279 2.3171838745474815 0
    endloop
  endfacet
  facet normal 0 0 -1
    outer loop
      vertex -0.04798910766839981 -7.0478735268116 0
      vertex -0.5 3 0
      vertex -0.4831465408205986 2.6569400057196617 0
    endloop
  endfacet
  facet normal 0 0 -1
    outer loop
      vertex 0.951551616191864 -7.298245444893837 0
      vertex 2.3171838745474815 -0.432748481631279 0
      vertex 2.6569400057196617 -0.4831465408205986 0
    endloop
  endfacet
  facet normal 0 0 -1
    outer loop
      vertex 1.9708200246095657 -7.449439629912376 0
      vertex 2.6569400057196617 -0.4831465408205986 0
      vertex 3 -0.5 0
    endloop
  endfacet
  facet normal -0.8577286088652135 -0.5141027460869526 0
    outer loop
      vertex -5.73043093085289 -2.833487443625927 0
      vertex -6.26017327606678 -1.9496657401323318 4.797744804323102
      vertex -6.26017327606678 -1.9496657401323318 0
    endloop
  endfacet
  facet normal -0.8032075308866624 -0.5956993052933262 0
    outer loop
      vertex -5.116609759628773 -3.661129482090473 0
      vertex -5.73043093085289 -2.833487443625927 4.751390519203749
      vertex -5.73043093085289 -2.833487443625927 0
    endloop
  endfacet
  facet normal -0.9039892932891758 -0.42755509307987033 0
    outer loop
      vertex -6.26017327606678 -1.9496657401323318 0
      vertex -6.700735092163086 -1.0181760415434837 4.846599159113724
      vertex -6.700735092163086 -1.0181760415434837 0
    endloop
  endfacet
  facet normal -0.9415440655021156 -0.33688985250041004 0
    outer loop
      vertex -6.700735092163086 -1.0181760415434837 0
      vertex -7.0478735268116 -0.04798910766839981 4.897483089180331
      vertex -7.0478735268116 -0.04798910766839981 0
    endloop
  endfacet
  facet normal -0.6715589541121647 -0.7409511260209917 0
    outer loop
      vertex -3.661129482090473 -5.116609759628773 0
      vertex -4.42462120205164 -4.42462120205164 4.667939448009695
      vertex -4.42462120205164 -4.42462120205164 0
    endloop
  endfacet
  facet normal -0.5956993052933262 -0.8032075308866624 0
    outer loop
      vertex -2.833487443625927 -5.73043093085289 0
      vertex -3.661129482090473 -5.116609759628773 4.631646341865698
      vertex -3.661129482090473 -5.116609759628773 0
    endloop
  endfacet
  facet normal -0.3368898525004101 -0.9415440655021156 0
    outer loop
      vertex -1.0181760415434837 -6.700735092163086 0
      vertex -0.04798910766839981 -7.0478735268116 0
      vertex -1.0181760415434837 -6.700735092163086 4.54856284545593
    endloop
  endfacet
  facet normal -0.5141027460869526 -0.8577286088652135 0
    outer loop
      vertex -2.833487443625927 -5.73043093085289 0
      vertex -1.9496657401323318 -6.26017327606678 0
      vertex -2.833487443625927 -5.73043093085289 4.599452923814583
    endloop
  endfacet
  facet normal -0.42755509307987033 -0.9039892932891758 0
    outer loop
      vertex -1.0181760415434837 -6.700735092163086 0
      vertex -1.9496657401323318 -6.26017327606678 4.571669234397618
      vertex -1.9496657401323318 -6.26017327606678 0
    endloop
  endfacet
  facet normal -0.7409511260209917 -0.6715589541121646 0
    outer loop
      vertex -5.116609759628773 -3.661129482090473 0
      vertex -4.42462120205164 -4.42462120205164 0
      vertex -5.116609759628773 -3.661129482090473 4.707982720010655
    endloop
  endfacet
  facet normal -0.9700312530630042 -0.24298018042839997 0
    outer loop
      vertex -7.0478735268116 -0.04798910766839981 0
      vertex -7.298245444893837 0.951551616191864 4.949906553685759
      vertex -7.298245444893837 0.951551616191864 0
    endloop
  endfacet
  facet normal -0.9891765100930654 -0.14673047359053878 0
    outer loop
      vertex -7.298245444893837 0.951551616191864 0
      vertex -7.449439629912376 1.9708200246095657 5.003364686961038
      vertex -7.449439629912376 1.9708200246095657 0
    endloop
  endfacet
  facet normal -0.9987954562027528 -0.04906767437667092 0
    outer loop
      vertex -7.449439629912376 1.9708200246095657 0
      vertex -7.5 3 5.0573426576646305
      vertex -7.5 3 0
    endloop
  endfacet
  facet normal 0.989176510831186 0.14673046861453307 0
    outer loop
      vertex -0.4831465408205986 2.6569400057196617 0
      vertex -0.432748481631279 2.3171838745474815 5.021530623135262
      vertex -0.432748481631279 2.3171838745474815 0
    endloop
  endfacet
  facet normal 0.9987954558657993 0.04906768123551681 0
    outer loop
      vertex -0.4831465408205986 2.6569400057196617 0
      vertex -0.5 3 0
      vertex -0.4831465408205986 2.6569400057196617 5.039350000633178
    endloop
  endfacet
  facet normal -0.24298018042840003 -0.9700312530630043 0
    outer loop
      vertex -0.04798910766839981 -7.0478735268116 0
      vertex 0.951551616191864 -7.298245444893837 0
      vertex -0.04798910766839981 -7.0478735268116 4.530356284209496
    endloop
  endfacet
  facet normal -0.14673047359053876 -0.9891765100930654 0
    outer loop
      vertex 0.951551616191864 -7.298245444893837 0
      vertex 1.9708200246095657 -7.449439629912376 0
      vertex 0.951551616191864 -7.298245444893837 4.517224889912674
    endloop
  endfacet
  facet normal -0.04906767437667092 -0.9987954562027527 0
    outer loop
      vertex 1.9708200246095657 -7.449439629912376 0
      vertex 3 -7.5 0
      vertex 1.9708200246095657 -7.449439629912376 4.5092951249690945
    endloop
  endfacet
  facet normal 0.24298018042839997 0.9700312530630042 0
    outer loop
      vertex 2.3171838745474815 -0.432748481631279 0
      vertex 1.984003633260727 -0.3492911756038666 0
      vertex 2.3171838745474815 -0.432748481631279 4.877303401747311
    endloop
  endfacet
  facet normal 0.1467304686145331 0.9891765108311862 0
    outer loop
      vertex 2.3171838745474815 -0.432748481631279 0
      vertex 2.6569400057196617 -0.4831465408205986 4.874660146896374
      vertex 2.6569400057196617 -0.4831465408205986 0
    endloop
  endfacet
  facet normal 0.049067681235516795 0.9987954558657991 0
    outer loop
      vertex 2.6569400057196617 -0.4831465408205986 0
      vertex 3 -0.5 4.8737762242126905
      vertex 3 -0.5 0
    endloop
  endfacet
  facet normal 0.6715589469163653 0.740951132542884 0
    outer loop
      vertex 0.52512626349926 0.52512626349926 0
      vertex 0.7796235084533691 0.2944634109735489 4.915443885601398
      vertex 0.7796235084533691 0.2944634109735489 0
    endloop
  endfacet
  facet normal 0.595699300628549 0.8032075343462969 0
    outer loop
      vertex 0.7796235084533691 0.2944634109735489 0
      vertex 1.0555041879415512 0.08985635638237 4.904712746381281
      vertex 1.0555041879415512 0.08985635638237 0
    endloop
  endfacet
  facet normal 0.5141027471442343 0.8577286082315031 0
    outer loop
      vertex 1.3501114174723625 -0.0867244228720665 0
      vertex 1.0555041879415512 0.08985635638237 0
      vertex 1.3501114174723625 -0.0867244228720665 4.895451516705881
    endloop
  endfacet
  facet normal 0.42755509028519917 0.9039892946109568 0
    outer loop
      vertex 1.660607986152172 -0.2335783615708351 0
      vertex 1.3501114174723625 -0.0867244228720665 0
      vertex 1.660607986152172 -0.2335783615708351 4.887749387058652
    endloop
  endfacet
  facet normal 0.3368898566168622 0.9415440640292253 0
    outer loop
      vertex 1.660607986152172 -0.2335783615708351 0
      vertex 1.984003633260727 -0.3492911756038666 4.881680533179586
      vertex 1.984003633260727 -0.3492911756038666 0
    endloop
  endfacet
  facet normal 0.8577286082315032 0.5141027471442343 0
    outer loop
      vertex 0.08985635638237 1.0555041879415512 0
      vertex -0.0867244228720665 1.3501114174723625 0
      vertex 0.08985635638237 1.0555041879415512 4.955358611641258
    endloop
  endfacet
  facet normal 0.9039892946109568 0.4275550902851992 0
    outer loop
      vertex -0.0867244228720665 1.3501114174723625 0
      vertex -0.2335783615708351 1.660607986152172 0
      vertex -0.0867244228720665 1.3501114174723625 4.970810039753866
    endloop
  endfacet
  facet normal 0.8032075343462969 0.595699300628549 0
    outer loop
      vertex 0.08985635638237 1.0555041879415512 0
      vertex 0.2944634109735489 0.7796235084533691 4.94088934524356
      vertex 0.2944634109735489 0.7796235084533691 0
    endloop
  endfacet
  facet normal 0.740951132542884 0.6715589469163654 0
    outer loop
      vertex 0.52512626349926 0.52512626349926 0
      vertex 0.2944634109735489 0.7796235084533691 0
      vertex 0.52512626349926 0.52512626349926 4.927541587649397
    endloop
  endfacet
  facet normal 0.9415440640292254 0.3368898566168622 0
    outer loop
      vertex -0.2335783615708351 1.660607986152172 0
      vertex -0.3492911756038666 1.984003633260727 0
      vertex -0.2335783615708351 1.660607986152172 4.987094824814329
    endloop
  endfacet
  facet normal 0.9700312530630042 0.2429801804284 0
    outer loop
      vertex -0.3492911756038666 1.984003633260727 0
      vertex -0.432748481631279 2.3171838745474815 0
      vertex -0.3492911756038666 1.984003633260727 5.004056134966786
    endloop
  endfacet
  facet normal 0 0 -1
    outer loop
      vertex -5.73043093085289 -2.833487443625927 0
      vertex -6.26017327606678 -1.9496657401323318 0
      vertex -2.7999999970197678 44.952514819800854 0
    endloop
  endfacet
  facet normal 0 0 -1
    outer loop
      vertex -6.26017327606678 -1.9496657401323318 0
      vertex -6.700735092163086 -1.0181760415434837 0
      vertex -2.7999999970197678 44.952514819800854 0
    endloop
  endfacet
  facet normal 0 0 -1
    outer loop
      vertex -1.0181760415434837 -6.700735092163086 0
      vertex -2.7999999970197678 44.952514819800854 0
      vertex -0.04798910766839981 -7.0478735268116 0
    endloop
  endfacet
  facet normal 0 0 -1
    outer loop
      vertex -3.661129482090473 -5.116609759628773 0
      vertex -4.42462120205164 -4.42462120205164 0
      vertex -2.7999999970197678 44.952514819800854 0
    endloop
  endfacet
  facet normal 0 0 -1
    outer loop
      vertex -2.833487443625927 -5.73043093085289 0
      vertex -3.661129482090473 -5.116609759628773 0
      vertex -2.7999999970197678 44.952514819800854 0
    endloop
  endfacet
  facet normal 0 0 -1
    outer loop
      vertex -5.116609759628773 -3.661129482090473 0
      vertex -5.73043093085289 -2.833487443625927 0
      vertex -2.7999999970197678 44.952514819800854 0
    endloop
  endfacet
  facet normal 0 0 -1
    outer loop
      vertex -5.116609759628773 -3.661129482090473 0
      vertex -2.7999999970197678 44.952514819800854 0
      vertex -4.42462120205164 -4.42462120205164 0
    endloop
  endfacet
  facet normal 0 0 -1
    outer loop
      vertex -2.833487443625927 -5.73043093085289 0
      vertex -2.7999999970197678 44.952514819800854 0
      vertex -1.9496657401323318 -6.26017327606678 0
    endloop
  endfacet
  facet normal 0 0 -1
    outer loop
      vertex -1.0181760415434837 -6.700735092163086 0
      vertex -1.9496657401323318 -6.26017327606678 0
      vertex -2.7999999970197678 44.952514819800854 0
    endloop
  endfacet
  facet normal 0 0 -1
    outer loop
      vertex -0.04798910766839981 -7.0478735268116 0
      vertex -2.7999999970197678 44.952514819800854 0
      vertex -0.5 3 0
    endloop
  endfacet
  facet normal 0 0 -1
    outer loop
      vertex -6.700735092163086 -1.0181760415434837 0
      vertex -7.0478735268116 -0.04798910766839981 0
      vertex -2.7999999970197678 44.952514819800854 0
    endloop
  endfacet
  facet normal 0 0 -1
    outer loop
      vertex -7.0478735268116 -0.04798910766839981 0
      vertex -7.298245444893837 0.951551616191864 0
      vertex -2.7999999970197678 44.952514819800854 0
    endloop
  endfacet
  facet normal 0 0 -1
    outer loop
      vertex -7.298245444893837 0.951551616191864 0
      vertex -7.449439629912376 1.9708200246095657 0
      vertex -2.7999999970197678 44.952514819800854 0
    endloop
  endfacet
  facet normal 0 0 -1
    outer loop
      vertex -7.449439629912376 1.9708200246095657 0
      vertex -7.5 3 0
      vertex -2.7999999970197678 44.952514819800854 0
    endloop
  endfacet
  facet normal -1 0 0
    outer loop
      vertex -7.5 3 0
      vertex -7.5 3 5.0573426576646305
      vertex -7.5 46.51918148249388 0
    endloop
  endfacet
  facet normal -0.8032075308866624 -0.5956993052933262 0
    outer loop
      vertex -5.116609759628773 -3.661129482090473 0
      vertex -5.116609759628773 -3.661129482090473 4.707982720010655
      vertex -5.73043093085289 -2.833487443625927 4.751390519203749
    endloop
  endfacet
  facet normal -0.8577286088652136 -0.5141027460869526 0
    outer loop
      vertex -5.73043093085289 -2.833487443625927 0
      vertex -5.73043093085289 -2.833487443625927 4.751390519203749
      vertex -6.26017327606678 -1.9496657401323318 4.797744804323102
    endloop
  endfacet
  facet normal -0.9039892932891758 -0.4275550930798704 0
    outer loop
      vertex -6.26017327606678 -1.9496657401323318 0
      vertex -6.26017327606678 -1.9496657401323318 4.797744804323102
      vertex -6.700735092163086 -1.0181760415434837 4.846599159113724
    endloop
  endfacet
  facet normal -0.9415440655021154 -0.33688985250041004 0
    outer loop
      vertex -6.700735092163086 -1.0181760415434837 0
      vertex -6.700735092163086 -1.0181760415434837 4.846599159113724
      vertex -7.0478735268116 -0.04798910766839981 4.897483089180331
    endloop
  endfacet
  facet normal -0.42755509307987033 -0.9039892932891758 0
    outer loop
      vertex -1.0181760415434837 -6.700735092163086 0
      vertex -1.0181760415434837 -6.700735092163086 4.54856284545593
      vertex -1.9496657401323318 -6.26017327606678 4.571669234397618
    endloop
  endfacet
  facet normal -0.6715589541121647 -0.7409511260209917 0
    outer loop
      vertex -3.661129482090473 -5.116609759628773 0
      vertex -3.661129482090473 -5.116609759628773 4.631646341865698
      vertex -4.42462120205164 -4.42462120205164 4.667939448009695
    endloop
  endfacet
  facet normal -0.7409511260209917 -0.6715589541121647 0
    outer loop
      vertex -4.42462120205164 -4.42462120205164 0
      vertex -4.42462120205164 -4.42462120205164 4.667939448009695
      vertex -5.116609759628773 -3.661129482090473 4.707982720010655
    endloop
  endfacet
  facet normal -0.5956993052933262 -0.8032075308866624 0
    outer loop
      vertex -2.833487443625927 -5.73043093085289 0
      vertex -2.833487443625927 -5.73043093085289 4.599452923814583
      vertex -3.661129482090473 -5.116609759628773 4.631646341865698
    endloop
  endfacet
  facet normal -0.5141027460869525 -0.8577286088652134 0
    outer loop
      vertex -1.9496657401323318 -6.26017327606678 0
      vertex -1.9496657401323318 -6.26017327606678 4.571669234397618
      vertex -2.833487443625927 -5.73043093085289 4.599452923814583
    endloop
  endfacet
  facet normal -0.9891765100930654 -0.14673047359053876 0
    outer loop
      vertex -7.298245444893837 0.951551616191864 0
      vertex -7.298245444893837 0.951551616191864 4.949906553685759
      vertex -7.449439629912376 1.9708200246095657 5.003364686961038
    endloop
  endfacet
  facet normal -0.9987954562027528 -0.04906767437667093 0
    outer loop
      vertex -7.449439629912376 1.9708200246095657 0
      vertex -7.449439629912376 1.9708200246095657 5.003364686961038
      vertex -7.5 3 5.0573426576646305
    endloop
  endfacet
  facet normal -0.9700312530630042 -0.2429801804284 0
    outer loop
      vertex -7.0478735268116 -0.04798910766839981 0
      vertex -7.0478735268116 -0.04798910766839981 4.897483089180331
      vertex -7.298245444893837 0.951551616191864 4.949906553685759
    endloop
  endfacet
  facet normal 0.9891765108311861 0.14673046861453307 0
    outer loop
      vertex -0.4831465408205986 2.6569400057196617 0
      vertex -0.4831465408205986 2.6569400057196617 5.039350000633178
      vertex -0.432748481631279 2.3171838745474815 5.021530623135262
    endloop
  endfacet
  facet normal 0.9987954558657992 0.0490676812355168 0
    outer loop
      vertex -0.5 3 0
      vertex -0.5 3 5.057342657664631
      vertex -0.4831465408205986 2.6569400057196617 5.039350000633178
    endloop
  endfacet
  facet normal -0.33688985250041004 -0.9415440655021154 0
    outer loop
      vertex -0.04798910766839981 -7.0478735268116 0
      vertex -0.04798910766839981 -7.0478735268116 4.530356284209496
      vertex -1.0181760415434837 -6.700735092163086 4.54856284545593
    endloop
  endfacet
  facet normal -0.24298018042840003 -0.9700312530630042 0
    outer loop
      vertex 0.951551616191864 -7.298245444893837 0
      vertex 0.951551616191864 -7.298245444893837 4.517224889912674
      vertex -0.04798910766839981 -7.0478735268116 4.530356284209496
    endloop
  endfacet
  facet normal -0.14673047359053876 -0.9891765100930654 0
    outer loop
      vertex 1.9708200246095657 -7.449439629912376 0
      vertex 1.9708200246095657 -7.449439629912376 4.5092951249690945
      vertex 0.951551616191864 -7.298245444893837 4.517224889912674
    endloop
  endfacet
  facet normal -0.04906767437667092 -0.9987954562027527 0
    outer loop
      vertex 3 -7.5 0
      vertex 3 -7.5 4.5066433573088105
      vertex 1.9708200246095657 -7.449439629912376 4.5092951249690945
    endloop
  endfacet
  facet normal 0.2429801804284 0.9700312530630043 0
    outer loop
      vertex 1.984003633260727 -0.3492911756038666 0
      vertex 1.984003633260727 -0.3492911756038666 4.881680533179586
      vertex 2.3171838745474815 -0.432748481631279 4.877303401747311
    endloop
  endfacet
  facet normal 0.1467304686145331 0.9891765108311861 0
    outer loop
      vertex 2.3171838745474815 -0.432748481631279 0
      vertex 2.3171838745474815 -0.432748481631279 4.877303401747311
      vertex 2.6569400057196617 -0.4831465408205986 4.874660146896374
    endloop
  endfacet
  facet normal 0.0490676812355168 0.9987954558657992 0
    outer loop
      vertex 2.6569400057196617 -0.4831465408205986 0
      vertex 2.6569400057196617 -0.4831465408205986 4.874660146896374
      vertex 3 -0.5 4.8737762242126905
    endloop
  endfacet
  facet normal 0.6715589469163654 0.740951132542884 0
    outer loop
      vertex 0.52512626349926 0.52512626349926 0
      vertex 0.52512626349926 0.52512626349926 4.927541587649397
      vertex 0.7796235084533691 0.2944634109735489 4.915443885601398
    endloop
  endfacet
  facet normal 0.5141027471442344 0.8577286082315031 0
    outer loop
      vertex 1.0555041879415512 0.08985635638237 0
      vertex 1.0555041879415512 0.08985635638237 4.904712746381281
      vertex 1.3501114174723625 -0.0867244228720665 4.895451516705881
    endloop
  endfacet
  facet normal 0.595699300628549 0.8032075343462968 0
    outer loop
      vertex 0.7796235084533691 0.2944634109735489 0
      vertex 0.7796235084533691 0.2944634109735489 4.915443885601398
      vertex 1.0555041879415512 0.08985635638237 4.904712746381281
    endloop
  endfacet
  facet normal 0.42755509028519917 0.9039892946109568 0
    outer loop
      vertex 1.3501114174723625 -0.0867244228720665 0
      vertex 1.3501114174723625 -0.0867244228720665 4.895451516705881
      vertex 1.660607986152172 -0.2335783615708351 4.887749387058652
    endloop
  endfacet
  facet normal 0.33688985661686227 0.9415440640292254 0
    outer loop
      vertex 1.660607986152172 -0.2335783615708351 0
      vertex 1.660607986152172 -0.2335783615708351 4.887749387058652
      vertex 1.984003633260727 -0.3492911756038666 4.881680533179586
    endloop
  endfacet
  facet normal 0.8577286082315033 0.5141027471442344 0
    outer loop
      vertex -0.0867244228720665 1.3501114174723625 0
      vertex -0.0867244228720665 1.3501114174723625 4.970810039753866
      vertex 0.08985635638237 1.0555041879415512 4.955358611641258
    endloop
  endfacet
  facet normal 0.7409511325428839 0.6715589469163653 0
    outer loop
      vertex 0.2944634109735489 0.7796235084533691 0
      vertex 0.2944634109735489 0.7796235084533691 4.94088934524356
      vertex 0.52512626349926 0.52512626349926 4.927541587649397
    endloop
  endfacet
  facet normal 0.8032075343462968 0.595699300628549 0
    outer loop
      vertex 0.08985635638237 1.0555041879415512 0
      vertex 0.08985635638237 1.0555041879415512 4.955358611641258
      vertex 0.2944634109735489 0.7796235084533691 4.94088934524356
    endloop
  endfacet
  facet normal 0.9039892946109568 0.42755509028519917 0
    outer loop
      vertex -0.2335783615708351 1.660607986152172 0
      vertex -0.2335783615708351 1.660607986152172 4.987094824814329
      vertex -0.0867244228720665 1.3501114174723625 4.970810039753866
    endloop
  endfacet
  facet normal 0.9415440640292254 0.33688985661686227 0
    outer loop
      vertex -0.3492911756038666 1.984003633260727 0
      vertex -0.3492911756038666 1.984003633260727 5.004056134966786
      vertex -0.2335783615708351 1.660607986152172 4.987094824814329
    endloop
  endfacet
  facet normal 0.9700312530630042 0.24298018042839997 0
    outer loop
      vertex -0.432748481631279 2.3171838745474815 0
      vertex -0.432748481631279 2.3171838745474815 5.021530623135262
      vertex -0.3492911756038666 1.984003633260727 5.004056134966786
    endloop
  endfacet
  facet normal 0 0 -1
    outer loop
      vertex -7.5 3 0
      vertex -7.5 46.51918148249388 0
      vertex -2.7999999970197678 44.952514819800854 0
    endloop
  endfacet
  facet normal 0 0 -1
    outer loop
      vertex -0.5 3 0
      vertex -2.7999999970197678 44.952514819800854 0
      vertex -2.7999999970197678 56.507485173642635 0
    endloop
  endfacet
  facet normal 1 0 0
    outer loop
      vertex -0.5 3 0
      vertex -0.5 111.40000000596046 0
      vertex -0.5 3 5.057342657664631
    endloop
  endfacet
  facet normal 0.31622776511450923 0.9486832983512901 0
    outer loop
      vertex -2.7999999970197678 44.952514819800854 0
      vertex -7.5 46.51918148249388 0
      vertex -2.7999999970197678 44.952514819800854 7.257649377610489
    endloop
  endfacet
  facet normal -1 0 0
    outer loop
      vertex -7.5 3 5.0573426576646305
      vertex -7.5 46.51918148249388 7.339817209518664
      vertex -7.5 46.51918148249388 0
    endloop
  endfacet
  facet normal 0.31622776511450923 0.9486832983512901 0
    outer loop
      vertex -7.5 46.51918148249388 0
      vertex -7.5 46.51918148249388 7.339817209518664
      vertex -2.7999999970197678 44.952514819800854 7.257649377610489
    endloop
  endfacet
  facet normal -1 0 0
    outer loop
      vertex -2.7999999970197678 44.952514819800854 0
      vertex -2.7999999970197678 44.952514819800854 7.257649377610489
      vertex -2.7999999970197678 56.507485173642635 7.863679290895528
    endloop
  endfacet
  facet normal 0 0 -1
    outer loop
      vertex -0.5 3 0
      vertex -2.7999999970197678 56.507485173642635 0
      vertex -0.5 111.40000000596046 0
    endloop
  endfacet
  facet normal 0 0 -1
    outer loop
      vertex -7.5 54.94081850349903 0
      vertex -7.5 91.80918148905039 0
      vertex -2.7999999970197678 56.507485173642635 0
    endloop
  endfacet
  facet normal 0.3162277664680022 -0.9486832979001256 0
    outer loop
      vertex -7.5 54.94081850349903 0
      vertex -2.7999999970197678 56.507485173642635 0
      vertex -7.5 54.94081850349903 7.781511458596588
    endloop
  endfacet
  facet normal -1 0 0
    outer loop
      vertex -2.7999999970197678 44.952514819800854 0
      vertex -2.7999999970197678 56.507485173642635 7.863679290895528
      vertex -2.7999999970197678 56.507485173642635 0
    endloop
  endfacet
  facet normal 0 0 -1
    outer loop
      vertex -2.7999999970197678 56.507485173642635 0
      vertex -7.5 91.80918148905039 0
      vertex -2.7999999970197678 90.24251482635736 0
    endloop
  endfacet
  facet normal 0 0 -1
    outer loop
      vertex -2.7999999970197678 56.507485173642635 0
      vertex -2.7999999970197678 90.24251482635736 0
      vertex -0.5 111.40000000596046 0
    endloop
  endfacet
  facet normal 0 0 -1
    outer loop
      vertex -7.5 100.23081851005554 0
      vertex -7.5 111.40000000596046 0
      vertex -2.7999999970197678 101.79748518019915 0
    endloop
  endfacet
  facet normal 0 0 -1
    outer loop
      vertex -2.7999999970197678 90.24251482635736 0
      vertex -2.7999999970197678 101.79748518019915 0
      vertex -0.5 111.40000000596046 0
    endloop
  endfacet
  facet normal -1 0 0
    outer loop
      vertex -7.5 54.94081850349903 0
      vertex -7.5 91.80918148905039 9.715166858730642
      vertex -7.5 91.80918148905039 0
    endloop
  endfacet
  facet normal 0.31622776511450923 0.9486832983512901 0
    outer loop
      vertex -7.5 91.80918148905039 0
      vertex -2.7999999970197678 90.24251482635736 9.632999026822468
      vertex -2.7999999970197678 90.24251482635736 0
    endloop
  endfacet
  facet normal -1 0 0
    outer loop
      vertex -2.7999999970197678 90.24251482635736 0
      vertex -2.7999999970197678 101.79748518019915 10.239028940107506
      vertex -2.7999999970197678 101.79748518019915 0
    endloop
  endfacet
  facet normal 0.31622776646800227 -0.9486832979001256 0
    outer loop
      vertex -7.5 100.23081851005554 0
      vertex -2.7999999970197678 101.79748518019915 0
      vertex -7.5 100.23081851005554 10.156861107808567
    endloop
  endfacet
  facet normal 0.31622776646800227 -0.9486832979001256 0
    outer loop
      vertex -2.7999999970197678 56.507485173642635 0
      vertex -2.7999999970197678 56.507485173642635 7.863679290895528
      vertex -7.5 54.94081850349903 7.781511458596588
    endloop
  endfacet
  facet normal 1 0 0
    outer loop
      vertex -0.5 3 5.057342657664631
      vertex -0.5 111.40000000596046 0
      vertex -0.5 111.40000000596046 10.742657339745902
    endloop
  endfacet
  facet normal -1 0 0
    outer loop
      vertex -7.5 54.94081850349903 0
      vertex -7.5 54.94081850349903 7.781511458596588
      vertex -7.5 91.80918148905039 9.715166858730642
    endloop
  endfacet
  facet normal 0.31622776511450923 0.9486832983512901 0
    outer loop
      vertex -7.5 91.80918148905039 0
      vertex -7.5 91.80918148905039 9.715166858730642
      vertex -2.7999999970197678 90.24251482635736 9.632999026822468
    endloop
  endfacet
  facet normal -1 0 0
    outer loop
      vertex -2.7999999970197678 90.24251482635736 0
      vertex -2.7999999970197678 90.24251482635736 9.632999026822468
      vertex -2.7999999970197678 101.79748518019915 10.239028940107506
    endloop
  endfacet
  facet normal -1 0 0
    outer loop
      vertex -7.5 100.23081851005554 0
      vertex -7.5 100.23081851005554 10.156861107808567
      vertex -7.5 111.40000000596046 10.742657339745902
    endloop
  endfacet
  facet normal 0.31622776646800227 -0.9486832979001257 0
    outer loop
      vertex -2.7999999970197678 101.79748518019915 0
      vertex -2.7999999970197678 101.79748518019915 10.239028940107506
      vertex -7.5 100.23081851005554 10.156861107808567
    endloop
  endfacet
  facet normal 0 0 -1
    outer loop
      vertex 3 -7.5 0
      vertex 3 -0.5 0
      vertex 157 -0.5 0
    endloop
  endfacet
  facet normal 0 -1 0
    outer loop
      vertex 3 -7.5 0
      vertex 157 -7.5 0
      vertex 3 -7.5 4.5066433573088105
    endloop
  endfacet
  facet normal 0 1 0
    outer loop
      vertex 3 -0.5 0
      vertex 3 -0.5 4.8737762242126905
      vertex 157 -0.5 4.8737762242126905
    endloop
  endfacet
  facet normal 0 0 -1
    outer loop
      vertex -7.5 111.40000000596046 0
      vertex -7.449439629912376 112.4291799813509 0
      vertex -0.4831465408205986 111.7430600002408 0
    endloop
  endfacet
  facet normal 0 0 -1
    outer loop
      vertex -7.449439629912376 112.4291799813509 0
      vertex -7.298245444893837 113.4484483897686 0
      vertex -0.432748481631279 112.08281613141298 0
    endloop
  endfacet
  facet normal 0 0 -1
    outer loop
      vertex -2.7999999970197678 101.79748518019915 0
      vertex -7.5 111.40000000596046 0
      vertex -0.5 111.40000000596046 0
    endloop
  endfacet
  facet normal 0 0 -1
    outer loop
      vertex -7.5 111.40000000596046 0
      vertex -0.4831465408205986 111.7430600002408 0
      vertex -0.5 111.40000000596046 0
    endloop
  endfacet
  facet normal 0 0 -1
    outer loop
      vertex -7.449439629912376 112.4291799813509 0
      vertex -0.432748481631279 112.08281613141298 0
      vertex -0.4831465408205986 111.7430600002408 0
    endloop
  endfacet
  facet normal 0 0 -1
    outer loop
      vertex -7.298245444893837 113.4484483897686 0
      vertex -7.0478735268116 114.44798911362886 0
      vertex -0.3492911756038666 112.41599637269974 0
    endloop
  endfacet
  facet normal 0 0 -1
    outer loop
      vertex -0.2335783615708351 112.73939201980829 0
      vertex -7.0478735268116 114.44798911362886 0
      vertex -6.700735092163086 115.41817604750395 0
    endloop
  endfacet
  facet normal 0 0 -1
    outer loop
      vertex -7.298245444893837 113.4484483897686 0
      vertex -0.3492911756038666 112.41599637269974 0
      vertex -0.432748481631279 112.08281613141298 0
    endloop
  endfacet
  facet normal 0 0 -1
    outer loop
      vertex -0.3492911756038666 112.41599637269974 0
      vertex -7.0478735268116 114.44798911362886 0
      vertex -0.2335783615708351 112.73939201980829 0
    endloop
  endfacet
  facet normal 0 0 -1
    outer loop
      vertex -0.2335783615708351 112.73939201980829 0
      vertex -6.700735092163086 115.41817604750395 0
      vertex -0.0867244228720665 113.0498885884881 0
    endloop
  endfacet
  facet normal 0 0 -1
    outer loop
      vertex -0.0867244228720665 113.0498885884881 0
      vertex -6.26017327606678 116.3496657460928 0
      vertex 0.08985635638237 113.34449581801891 0
    endloop
  endfacet
  facet normal 0 0 -1
    outer loop
      vertex -0.0867244228720665 113.0498885884881 0
      vertex -6.700735092163086 115.41817604750395 0
      vertex -6.26017327606678 116.3496657460928 0
    endloop
  endfacet
  facet normal 0 0 -1
    outer loop
      vertex 0.08985635638237 113.34449581801891 0
      vertex -6.26017327606678 116.3496657460928 0
      vertex -5.73043093085289 117.23348744958639 0
    endloop
  endfacet
  facet normal 0 0 -1
    outer loop
      vertex 0.2944634109735489 113.6203764975071 0
      vertex -5.73043093085289 117.23348744958639 0
      vertex -5.116609759628773 118.06112948805094 0
    endloop
  endfacet
  facet normal 0 0 -1
    outer loop
      vertex -5.116609759628773 118.06112948805094 0
      vertex -4.42462120205164 118.8246212080121 0
      vertex 0.52512626349926 113.8748737424612 0
    endloop
  endfacet
  facet normal 0 0 -1
    outer loop
      vertex 0.08985635638237 113.34449581801891 0
      vertex -5.73043093085289 117.23348744958639 0
      vertex 0.2944634109735489 113.6203764975071 0
    endloop
  endfacet
  facet normal 0 0 -1
    outer loop
      vertex 0.2944634109735489 113.6203764975071 0
      vertex -5.116609759628773 118.06112948805094 0
      vertex 0.52512626349926 113.8748737424612 0
    endloop
  endfacet
  facet normal 0 0 -1
    outer loop
      vertex -4.42462120205164 118.8246212080121 0
      vertex 0.7796235084533691 114.10553659498692 0
      vertex 0.52512626349926 113.8748737424612 0
    endloop
  endfacet
  facet normal 0 0 -1
    outer loop
      vertex -3.661129482090473 119.51660976558924 0
      vertex 1.0555041879415512 114.3101436495781 0
      vertex 0.7796235084533691 114.10553659498692 0
    endloop
  endfacet
  facet normal 0 0 -1
    outer loop
      vertex -4.42462120205164 118.8246212080121 0
      vertex -3.661129482090473 119.51660976558924 0
      vertex 0.7796235084533691 114.10553659498692 0
    endloop
  endfacet
  facet normal 0 0 -1
    outer loop
      vertex -3.661129482090473 119.51660976558924 0
      vertex -2.833487443625927 120.13043093681335 0
      vertex 1.0555041879415512 114.3101436495781 0
    endloop
  endfacet
  facet normal 0 0 -1
    outer loop
      vertex -2.833487443625927 120.13043093681335 0
      vertex -1.9496657401323318 120.66017328202724 0
      vertex 1.3501114174723625 114.48672442883253 0
    endloop
  endfacet
  facet normal 0 0 -1
    outer loop
      vertex -2.833487443625927 120.13043093681335 0
      vertex 1.3501114174723625 114.48672442883253 0
      vertex 1.0555041879415512 114.3101436495781 0
    endloop
  endfacet
  facet normal 0 0 -1
    outer loop
      vertex -1.9496657401323318 120.66017328202724 0
      vertex 1.660607986152172 114.6335783675313 0
      vertex 1.3501114174723625 114.48672442883253 0
    endloop
  endfacet
  facet normal 0 0 -1
    outer loop
      vertex -1.0181760415434837 121.10073509812355 0
      vertex 1.984003633260727 114.74929118156433 0
      vertex 1.660607986152172 114.6335783675313 0
    endloop
  endfacet
  facet normal 0 0 -1
    outer loop
      vertex 1.984003633260727 114.74929118156433 0
      vertex -0.04798910766839981 121.44787353277206 0
      vertex 2.3171838745474815 114.83274848759174 0
    endloop
  endfacet
  facet normal 0 0 -1
    outer loop
      vertex 2.3171838745474815 114.83274848759174 0
      vertex 0.951551616191864 121.6982454508543 0
      vertex 2.6569400057196617 114.88314654678106 0
    endloop
  endfacet
  facet normal 0 0 -1
    outer loop
      vertex 2.6569400057196617 114.88314654678106 0
      vertex 1.9708200246095657 121.84943963587284 0
      vertex 3 114.90000000596046 0
    endloop
  endfacet
  facet normal 0 0 -1
    outer loop
      vertex -1.9496657401323318 120.66017328202724 0
      vertex -1.0181760415434837 121.10073509812355 0
      vertex 1.660607986152172 114.6335783675313 0
    endloop
  endfacet
  facet normal 0 0 -1
    outer loop
      vertex -1.0181760415434837 121.10073509812355 0
      vertex -0.04798910766839981 121.44787353277206 0
      vertex 1.984003633260727 114.74929118156433 0
    endloop
  endfacet
  facet normal 0 0 -1
    outer loop
      vertex 2.3171838745474815 114.83274848759174 0
      vertex -0.04798910766839981 121.44787353277206 0
      vertex 0.951551616191864 121.6982454508543 0
    endloop
  endfacet
  facet normal 0 0 -1
    outer loop
      vertex 2.6569400057196617 114.88314654678106 0
      vertex 0.951551616191864 121.6982454508543 0
      vertex 1.9708200246095657 121.84943963587284 0
    endloop
  endfacet
  facet normal 0 0 -1
    outer loop
      vertex 3 114.90000000596046 0
      vertex 1.9708200246095657 121.84943963587284 0
      vertex 3 121.90000000596046 0
    endloop
  endfacet
  facet normal -1 0 0
    outer loop
      vertex -7.5 100.23081851005554 0
      vertex -7.5 111.40000000596046 10.742657339745902
      vertex -7.5 111.40000000596046 0
    endloop
  endfacet
  facet normal -0.9987954562027528 0.04906767437667093 0
    outer loop
      vertex -7.5 111.40000000596046 0
      vertex -7.449439629912376 112.4291799813509 10.796635310449496
      vertex -7.449439629912376 112.4291799813509 0
    endloop
  endfacet
  facet normal -0.9891765100930654 0.14673047359053878 0
    outer loop
      vertex -7.449439629912376 112.4291799813509 0
      vertex -7.298245444893837 113.4484483897686 10.850093443724774
      vertex -7.298245444893837 113.4484483897686 0
    endloop
  endfacet
  facet normal -0.9700312530630042 0.2429801804284 0
    outer loop
      vertex -7.298245444893837 113.4484483897686 0
      vertex -7.0478735268116 114.44798911362886 10.9025169082302
      vertex -7.0478735268116 114.44798911362886 0
    endloop
  endfacet
  facet normal 0.9987954558657993 -0.04906768123551681 0
    outer loop
      vertex -0.5 111.40000000596046 0
      vertex -0.4831465408205986 111.7430600002408 0
      vertex -0.5 111.40000000596046 10.742657339745902
    endloop
  endfacet
  facet normal 0.9891765108311861 -0.14673046861453307 0
    outer loop
      vertex -0.4831465408205986 111.7430600002408 0
      vertex -0.432748481631279 112.08281613141298 0
      vertex -0.4831465408205986 111.7430600002408 10.760649996777355
    endloop
  endfacet
  facet normal -0.9415440655021154 0.33688985250041004 0
    outer loop
      vertex -7.0478735268116 114.44798911362886 0
      vertex -6.700735092163086 115.41817604750395 10.953400838296808
      vertex -6.700735092163086 115.41817604750395 0
    endloop
  endfacet
  facet normal -0.9039892932891758 0.42755509307987033 0
    outer loop
      vertex -6.700735092163086 115.41817604750395 0
      vertex -6.26017327606678 116.3496657460928 11.00225519308743
      vertex -6.26017327606678 116.3496657460928 0
    endloop
  endfacet
  facet normal -0.8577286088652135 0.5141027460869526 0
    outer loop
      vertex -6.26017327606678 116.3496657460928 0
      vertex -5.73043093085289 117.23348744958639 11.048609478206783
      vertex -5.73043093085289 117.23348744958639 0
    endloop
  endfacet
  facet normal -0.8032075308866623 0.595699305293326 0
    outer loop
      vertex -5.73043093085289 117.23348744958639 0
      vertex -5.116609759628773 118.06112948805094 11.092017277399878
      vertex -5.116609759628773 118.06112948805094 0
    endloop
  endfacet
  facet normal -0.7409511260209917 0.6715589541121647 0
    outer loop
      vertex -5.116609759628773 118.06112948805094 0
      vertex -4.42462120205164 118.8246212080121 11.132060549400837
      vertex -4.42462120205164 118.8246212080121 0
    endloop
  endfacet
  facet normal -0.6715589541121648 0.7409511260209917 0
    outer loop
      vertex -4.42462120205164 118.8246212080121 0
      vertex -3.661129482090473 119.51660976558924 11.168353655544834
      vertex -3.661129482090473 119.51660976558924 0
    endloop
  endfacet
  facet normal -0.595699305293326 0.8032075308866623 0
    outer loop
      vertex -3.661129482090473 119.51660976558924 0
      vertex -2.833487443625927 120.13043093681335 11.20054707359595
      vertex -2.833487443625927 120.13043093681335 0
    endloop
  endfacet
  facet normal -0.5141027460869526 0.8577286088652134 0
    outer loop
      vertex -2.833487443625927 120.13043093681335 0
      vertex -1.9496657401323318 120.66017328202724 11.228330763012915
      vertex -1.9496657401323318 120.66017328202724 0
    endloop
  endfacet
  facet normal 0.9700312530630043 -0.2429801804284 0
    outer loop
      vertex -0.432748481631279 112.08281613141298 0
      vertex -0.3492911756038666 112.41599637269974 0
      vertex -0.432748481631279 112.08281613141298 10.77846937427527
    endloop
  endfacet
  facet normal 0.9415440640292254 -0.33688985661686227 0
    outer loop
      vertex -0.3492911756038666 112.41599637269974 0
      vertex -0.2335783615708351 112.73939201980829 0
      vertex -0.3492911756038666 112.41599637269974 10.795943862443746
    endloop
  endfacet
  facet normal 0.9039892946109568 -0.4275550902851992 0
    outer loop
      vertex -0.2335783615708351 112.73939201980829 0
      vertex -0.0867244228720665 113.0498885884881 0
      vertex -0.2335783615708351 112.73939201980829 10.812905172596203
    endloop
  endfacet
  facet normal 0.8577286082315032 -0.5141027471442343 0
    outer loop
      vertex -0.0867244228720665 113.0498885884881 0
      vertex 0.08985635638237 113.34449581801891 0
      vertex -0.0867244228720665 113.0498885884881 10.829189957656666
    endloop
  endfacet
  facet normal 0.8032075343462968 -0.595699300628549 0
    outer loop
      vertex 0.08985635638237 113.34449581801891 0
      vertex 0.2944634109735489 113.6203764975071 0
      vertex 0.08985635638237 113.34449581801891 10.844641385769274
    endloop
  endfacet
  facet normal 0.740951132542884 -0.6715589469163654 0
    outer loop
      vertex 0.2944634109735489 113.6203764975071 0
      vertex 0.52512626349926 113.8748737424612 0
      vertex 0.2944634109735489 113.6203764975071 10.859110652166972
    endloop
  endfacet
  facet normal 0.6715589469163654 -0.740951132542884 0
    outer loop
      vertex 0.52512626349926 113.8748737424612 0
      vertex 0.7796235084533691 114.10553659498692 0
      vertex 0.52512626349926 113.8748737424612 10.872458409761135
    endloop
  endfacet
  facet normal 0.5956993006285489 -0.8032075343462968 0
    outer loop
      vertex 0.7796235084533691 114.10553659498692 0
      vertex 1.0555041879415512 114.3101436495781 0
      vertex 0.7796235084533691 114.10553659498692 10.884556111809134
    endloop
  endfacet
  facet normal 0.5141027471442344 -0.8577286082315032 0
    outer loop
      vertex 1.0555041879415512 114.3101436495781 0
      vertex 1.3501114174723625 114.48672442883253 0
      vertex 1.0555041879415512 114.3101436495781 10.89528725102925
    endloop
  endfacet
  facet normal 0.4275550902851991 -0.9039892946109567 0
    outer loop
      vertex 1.3501114174723625 114.48672442883253 0
      vertex 1.660607986152172 114.6335783675313 0
      vertex 1.3501114174723625 114.48672442883253 10.904548480704651
    endloop
  endfacet
  facet normal 0.3368898566168622 -0.9415440640292253 0
    outer loop
      vertex 1.660607986152172 114.6335783675313 0
      vertex 1.984003633260727 114.74929118156433 0
      vertex 1.660607986152172 114.6335783675313 10.912250610351881
    endloop
  endfacet
  facet normal 0.24298018042839997 -0.9700312530630042 0
    outer loop
      vertex 1.984003633260727 114.74929118156433 0
      vertex 2.3171838745474815 114.83274848759174 0
      vertex 1.984003633260727 114.74929118156433 10.918319464230947
    endloop
  endfacet
  facet normal 0.1467304686145331 -0.9891765108311861 0
    outer loop
      vertex 2.3171838745474815 114.83274848759174 0
      vertex 2.6569400057196617 114.88314654678106 0
      vertex 2.3171838745474815 114.83274848759174 10.92269659566322
    endloop
  endfacet
  facet normal 0.0490676812355168 -0.9987954558657993 0
    outer loop
      vertex 2.6569400057196617 114.88314654678106 0
      vertex 3 114.90000000596046 0
      vertex 2.6569400057196617 114.88314654678106 10.925339850514158
    endloop
  endfacet
  facet normal -0.4275550930798704 0.9039892932891758 0
    outer loop
      vertex -1.9496657401323318 120.66017328202724 0
      vertex -1.0181760415434837 121.10073509812355 11.251437151954603
      vertex -1.0181760415434837 121.10073509812355 0
    endloop
  endfacet
  facet normal -0.33688985250041004 0.9415440655021154 0
    outer loop
      vertex -1.0181760415434837 121.10073509812355 0
      vertex -0.04798910766839981 121.44787353277206 11.269643713201036
      vertex -0.04798910766839981 121.44787353277206 0
    endloop
  endfacet
  facet normal -0.24298018042840003 0.9700312530630043 0
    outer loop
      vertex -0.04798910766839981 121.44787353277206 0
      vertex 0.951551616191864 121.6982454508543 11.282775107497859
      vertex 0.951551616191864 121.6982454508543 0
    endloop
  endfacet
  facet normal -0.14673047359053876 0.9891765100930654 0
    outer loop
      vertex 0.951551616191864 121.6982454508543 0
      vertex 1.9708200246095657 121.84943963587284 11.290704872441438
      vertex 1.9708200246095657 121.84943963587284 0
    endloop
  endfacet
  facet normal -0.04906767437667093 0.9987954562027528 0
    outer loop
      vertex 1.9708200246095657 121.84943963587284 0
      vertex 3 121.90000000596046 11.293356640101722
      vertex 3 121.90000000596046 0
    endloop
  endfacet
  facet normal -0.9987954562027528 0.04906767437667093 0
    outer loop
      vertex -7.5 111.40000000596046 0
      vertex -7.5 111.40000000596046 10.742657339745902
      vertex -7.449439629912376 112.4291799813509 10.796635310449496
    endloop
  endfacet
  facet normal -0.9891765100930653 0.14673047359053876 0
    outer loop
      vertex -7.449439629912376 112.4291799813509 0
      vertex -7.449439629912376 112.4291799813509 10.796635310449496
      vertex -7.298245444893837 113.4484483897686 10.850093443724774
    endloop
  endfacet
  facet normal -0.9700312530630042 0.2429801804284 0
    outer loop
      vertex -7.298245444893837 113.4484483897686 0
      vertex -7.298245444893837 113.4484483897686 10.850093443724774
      vertex -7.0478735268116 114.44798911362886 10.9025169082302
    endloop
  endfacet
  facet normal 0.9987954558657992 -0.0490676812355168 0
    outer loop
      vertex -0.4831465408205986 111.7430600002408 0
      vertex -0.4831465408205986 111.7430600002408 10.760649996777355
      vertex -0.5 111.40000000596046 10.742657339745902
    endloop
  endfacet
  facet normal 0.9891765108311861 -0.1467304686145331 0
    outer loop
      vertex -0.432748481631279 112.08281613141298 0
      vertex -0.432748481631279 112.08281613141298 10.77846937427527
      vertex -0.4831465408205986 111.7430600002408 10.760649996777355
    endloop
  endfacet
  facet normal -0.9415440655021156 0.3368898525004101 0
    outer loop
      vertex -7.0478735268116 114.44798911362886 0
      vertex -7.0478735268116 114.44798911362886 10.9025169082302
      vertex -6.700735092163086 115.41817604750395 10.953400838296808
    endloop
  endfacet
  facet normal -0.9039892932891758 0.42755509307987044 0
    outer loop
      vertex -6.700735092163086 115.41817604750395 0
      vertex -6.700735092163086 115.41817604750395 10.953400838296808
      vertex -6.26017327606678 116.3496657460928 11.00225519308743
    endloop
  endfacet
  facet normal -0.8577286088652134 0.5141027460869525 0
    outer loop
      vertex -6.26017327606678 116.3496657460928 0
      vertex -6.26017327606678 116.3496657460928 11.00225519308743
      vertex -5.73043093085289 117.23348744958639 11.048609478206783
    endloop
  endfacet
  facet normal -0.8032075308866624 0.595699305293326 0
    outer loop
      vertex -5.73043093085289 117.23348744958639 0
      vertex -5.73043093085289 117.23348744958639 11.048609478206783
      vertex -5.116609759628773 118.06112948805094 11.092017277399878
    endloop
  endfacet
  facet normal -0.7409511260209918 0.6715589541121647 0
    outer loop
      vertex -5.116609759628773 118.06112948805094 0
      vertex -5.116609759628773 118.06112948805094 11.092017277399878
      vertex -4.42462120205164 118.8246212080121 11.132060549400837
    endloop
  endfacet
  facet normal -0.6715589541121647 0.7409511260209917 0
    outer loop
      vertex -4.42462120205164 118.8246212080121 0
      vertex -4.42462120205164 118.8246212080121 11.132060549400837
      vertex -3.661129482090473 119.51660976558924 11.168353655544834
    endloop
  endfacet
  facet normal -0.5956993052933262 0.8032075308866624 0
    outer loop
      vertex -3.661129482090473 119.51660976558924 0
      vertex -3.661129482090473 119.51660976558924 11.168353655544834
      vertex -2.833487443625927 120.13043093681335 11.20054707359595
    endloop
  endfacet
  facet normal -0.5141027460869526 0.8577286088652134 0
    outer loop
      vertex -2.833487443625927 120.13043093681335 0
      vertex -2.833487443625927 120.13043093681335 11.20054707359595
      vertex -1.9496657401323318 120.66017328202724 11.228330763012915
    endloop
  endfacet
  facet normal -0.4275550930798703 0.9039892932891758 0
    outer loop
      vertex -1.9496657401323318 120.66017328202724 0
      vertex -1.9496657401323318 120.66017328202724 11.228330763012915
      vertex -1.0181760415434837 121.10073509812355 11.251437151954603
    endloop
  endfacet
  facet normal 0.9700312530630042 -0.24298018042839997 0
    outer loop
      vertex -0.3492911756038666 112.41599637269974 0
      vertex -0.3492911756038666 112.41599637269974 10.795943862443746
      vertex -0.432748481631279 112.08281613141298 10.77846937427527
    endloop
  endfacet
  facet normal 0.9415440640292253 -0.33688985661686227 0
    outer loop
      vertex -0.2335783615708351 112.73939201980829 0
      vertex -0.2335783615708351 112.73939201980829 10.812905172596203
      vertex -0.3492911756038666 112.41599637269974 10.795943862443746
    endloop
  endfacet
  facet normal 0.9039892946109568 -0.4275550902851992 0
    outer loop
      vertex -0.0867244228720665 113.0498885884881 0
      vertex -0.0867244228720665 113.0498885884881 10.829189957656666
      vertex -0.2335783615708351 112.73939201980829 10.812905172596203
    endloop
  endfacet
  facet normal 0.8577286082315031 -0.5141027471442343 0
    outer loop
      vertex 0.08985635638237 113.34449581801891 0
      vertex 0.08985635638237 113.34449581801891 10.844641385769274
      vertex -0.0867244228720665 113.0498885884881 10.829189957656666
    endloop
  endfacet
  facet normal 0.8032075343462969 -0.595699300628549 0
    outer loop
      vertex 0.2944634109735489 113.6203764975071 0
      vertex 0.2944634109735489 113.6203764975071 10.859110652166972
      vertex 0.08985635638237 113.34449581801891 10.844641385769274
    endloop
  endfacet
  facet normal 0.740951132542884 -0.6715589469163654 0
    outer loop
      vertex 0.52512626349926 113.8748737424612 0
      vertex 0.52512626349926 113.8748737424612 10.872458409761135
      vertex 0.2944634109735489 113.6203764975071 10.859110652166972
    endloop
  endfacet
  facet normal 0.6715589469163653 -0.740951132542884 0
    outer loop
      vertex 0.7796235084533691 114.10553659498692 0
      vertex 0.7796235084533691 114.10553659498692 10.884556111809134
      vertex 0.52512626349926 113.8748737424612 10.872458409761135
    endloop
  endfacet
  facet normal 0.595699300628549 -0.8032075343462968 0
    outer loop
      vertex 1.0555041879415512 114.3101436495781 0
      vertex 1.0555041879415512 114.3101436495781 10.89528725102925
      vertex 0.7796235084533691 114.10553659498692 10.884556111809134
    endloop
  endfacet
  facet normal 0.5141027471442343 -0.8577286082315031 0
    outer loop
      vertex 1.3501114174723625 114.48672442883253 0
      vertex 1.3501114174723625 114.48672442883253 10.904548480704651
      vertex 1.0555041879415512 114.3101436495781 10.89528725102925
    endloop
  endfacet
  facet normal 0.4275550902851992 -0.9039892946109568 0
    outer loop
      vertex 1.660607986152172 114.6335783675313 0
      vertex 1.660607986152172 114.6335783675313 10.912250610351881
      vertex 1.3501114174723625 114.48672442883253 10.904548480704651
    endloop
  endfacet
  facet normal 0.33688985661686227 -0.9415440640292254 0
    outer loop
      vertex 1.984003633260727 114.74929118156433 0
      vertex 1.984003633260727 114.74929118156433 10.918319464230947
      vertex 1.660607986152172 114.6335783675313 10.912250610351881
    endloop
  endfacet
  facet normal 0.2429801804284 -0.9700312530630042 0
    outer loop
      vertex 2.3171838745474815 114.83274848759174 0
      vertex 2.3171838745474815 114.83274848759174 10.92269659566322
      vertex 1.984003633260727 114.74929118156433 10.918319464230947
    endloop
  endfacet
  facet normal 0.14673046861453307 -0.989176510831186 0
    outer loop
      vertex 2.6569400057196617 114.88314654678106 0
      vertex 2.6569400057196617 114.88314654678106 10.925339850514158
      vertex 2.3171838745474815 114.83274848759174 10.92269659566322
    endloop
  endfacet
  facet normal 0.0490676812355168 -0.9987954558657993 0
    outer loop
      vertex 3 114.90000000596046 0
      vertex 3 114.90000000596046 10.926223773197842
      vertex 2.6569400057196617 114.88314654678106 10.925339850514158
    endloop
  endfacet
  facet normal 0 0 -1
    outer loop
      vertex 3 114.90000000596046 0
      vertex 3 121.90000000596046 0
      vertex 73 121.90000000596046 0
    endloop
  endfacet
  facet normal 0 -1 0
    outer loop
      vertex 3 114.90000000596046 0
      vertex 73 114.90000000596046 0
      vertex 3 114.90000000596046 10.926223773197842
    endloop
  endfacet
  facet normal 0 0 -1
    outer loop
      vertex 3 114.90000000596046 0
      vertex 73 121.90000000596046 0
      vertex 73 114.90000000596046 0
    endloop
  endfacet
  facet normal 1 0 0
    outer loop
      vertex 73 114.90000000596046 0
      vertex 73 121.90000000596046 0
      vertex 73 114.90000000596046 10.926223773197842
    endloop
  endfacet
  facet normal 0 1 0
    outer loop
      vertex 3 121.90000000596046 0
      vertex 73 121.90000000596046 11.293356640101722
      vertex 73 121.90000000596046 0
    endloop
  endfacet
  facet normal 0 -1 0
    outer loop
      vertex 73 114.90000000596046 0
      vertex 73 114.90000000596046 10.926223773197842
      vertex 3 114.90000000596046 10.926223773197842
    endloop
  endfacet
  facet normal 1 0 0
    outer loop
      vertex 73 121.90000000596046 0
      vertex 73 121.90000000596046 11.293356640101722
      vertex 73 114.90000000596046 10.926223773197842
    endloop
  endfacet
  facet normal -0.3368898525004101 0.9415440655021156 0
    outer loop
      vertex -1.0181760415434837 121.10073509812355 0
      vertex -1.0181760415434837 121.10073509812355 11.251437151954603
      vertex -0.04798910766839981 121.44787353277206 11.269643713201036
    endloop
  endfacet
  facet normal -0.24298018042840003 0.9700312530630043 0
    outer loop
      vertex -0.04798910766839981 121.44787353277206 0
      vertex -0.04798910766839981 121.44787353277206 11.269643713201036
      vertex 0.951551616191864 121.6982454508543 11.282775107497859
    endloop
  endfacet
  facet normal -0.14673047359053876 0.9891765100930654 0
    outer loop
      vertex 0.951551616191864 121.6982454508543 0
      vertex 0.951551616191864 121.6982454508543 11.282775107497859
      vertex 1.9708200246095657 121.84943963587284 11.290704872441438
    endloop
  endfacet
  facet normal -0.04906767437667092 0.9987954562027528 0
    outer loop
      vertex 1.9708200246095657 121.84943963587284 0
      vertex 1.9708200246095657 121.84943963587284 11.290704872441438
      vertex 3 121.90000000596046 11.293356640101722
    endloop
  endfacet
  facet normal 0 1 0
    outer loop
      vertex 3 121.90000000596046 0
      vertex 3 121.90000000596046 11.293356640101722
      vertex 73 121.90000000596046 11.293356640101722
    endloop
  endfacet
  facet normal 0 0 -1
    outer loop
      vertex 3 -7.5 0
      vertex 157 -0.5 0
      vertex 157 -7.5 0
    endloop
  endfacet
  facet normal 0 1 0
    outer loop
      vertex 3 -0.5 0
      vertex 157 -0.5 4.8737762242126905
      vertex 157 -0.5 0
    endloop
  endfacet
  facet normal 0 -1 0
    outer loop
      vertex 3 -7.5 4.5066433573088105
      vertex 157 -7.5 0
      vertex 157 -7.5 4.5066433573088105
    endloop
  endfacet
  facet normal 0 0 -1
    outer loop
      vertex 157 -7.5 0
      vertex 157.34305999428034 -0.4831465408205986 0
      vertex 158.02917997539043 -7.449439629912376 0
    endloop
  endfacet
  facet normal 0 0 -1
    outer loop
      vertex 158.02917997539043 -7.449439629912376 0
      vertex 157.68281612545252 -0.432748481631279 0
      vertex 159.04844838380814 -7.298245444893837 0
    endloop
  endfacet
  facet normal 0 0 -1
    outer loop
      vertex 159.04844838380814 -7.298245444893837 0
      vertex 158.01599636673927 -0.3492911756038666 0
      vertex 160.0479891076684 -7.0478735268116 0
    endloop
  endfacet
  facet normal 0 0 -1
    outer loop
      vertex 157 -7.5 0
      vertex 157 -0.5 0
      vertex 157.34305999428034 -0.4831465408205986 0
    endloop
  endfacet
  facet normal 0 0 -1
    outer loop
      vertex 158.02917997539043 -7.449439629912376 0
      vertex 157.34305999428034 -0.4831465408205986 0
      vertex 157.68281612545252 -0.432748481631279 0
    endloop
  endfacet
  facet normal 0 0 -1
    outer loop
      vertex 159.04844838380814 -7.298245444893837 0
      vertex 157.68281612545252 -0.432748481631279 0
      vertex 158.01599636673927 -0.3492911756038666 0
    endloop
  endfacet
  facet normal 0 0 -1
    outer loop
      vertex 160.0479891076684 -7.0478735268116 0
      vertex 158.01599636673927 -0.3492911756038666 0
      vertex 158.33939201384783 -0.2335783615708351 0
    endloop
  endfacet
  facet normal 0 0 -1
    outer loop
      vertex 160.0479891076684 -7.0478735268116 0
      vertex 158.33939201384783 -0.2335783615708351 0
      vertex 158.64988858252764 -0.0867244228720665 0
    endloop
  endfacet
  facet normal 0 0 -1
    outer loop
      vertex 160.0479891076684 -7.0478735268116 0
      vertex 158.64988858252764 -0.0867244228720665 0
      vertex 158.94449581205845 0.08985635638237 0
    endloop
  endfacet
  facet normal 0 0 -1
    outer loop
      vertex 160.0479891076684 -7.0478735268116 0
      vertex 158.94449581205845 0.08985635638237 0
      vertex 159.22037649154663 0.2944634109735489 0
    endloop
  endfacet
  facet normal 0 0 -1
    outer loop
      vertex 160.0479891076684 -7.0478735268116 0
      vertex 159.22037649154663 0.2944634109735489 0
      vertex 159.47487373650074 0.52512626349926 0
    endloop
  endfacet
  facet normal 0 0 -1
    outer loop
      vertex 160.0479891076684 -7.0478735268116 0
      vertex 159.47487373650074 0.52512626349926 0
      vertex 159.70553658902645 0.7796235084533691 0
    endloop
  endfacet
  facet normal 0 0 -1
    outer loop
      vertex 160.0479891076684 -7.0478735268116 0
      vertex 159.70553658902645 0.7796235084533691 0
      vertex 159.91014364361763 1.0555041879415512 0
    endloop
  endfacet
  facet normal 0 0 -1
    outer loop
      vertex 160.0479891076684 -7.0478735268116 0
      vertex 159.91014364361763 1.0555041879415512 0
      vertex 160.08672442287207 1.3501114174723625 0
    endloop
  endfacet
  facet normal 0 0 -1
    outer loop
      vertex 160.0479891076684 -7.0478735268116 0
      vertex 160.08672442287207 1.3501114174723625 0
      vertex 160.23357836157084 1.660607986152172 0
    endloop
  endfacet
  facet normal 0 0 -1
    outer loop
      vertex 160.0479891076684 -7.0478735268116 0
      vertex 160.23357836157084 1.660607986152172 0
      vertex 160.34929117560387 1.984003633260727 0
    endloop
  endfacet
  facet normal 0 0 -1
    outer loop
      vertex 160.0479891076684 -7.0478735268116 0
      vertex 160.34929117560387 1.984003633260727 0
      vertex 160.43274848163128 2.3171838745474815 0
    endloop
  endfacet
  facet normal 0 0 -1
    outer loop
      vertex 160.0479891076684 -7.0478735268116 0
      vertex 160.43274848163128 2.3171838745474815 0
      vertex 160.4831465408206 2.6569400057196617 0
    endloop
  endfacet
  facet normal 0 0 -1
    outer loop
      vertex 160.0479891076684 -7.0478735268116 0
      vertex 160.4831465408206 2.6569400057196617 0
      vertex 160.5 3 0
    endloop
  endfacet
  facet normal 0.04906767437667092 -0.9987954562027527 0
    outer loop
      vertex 157 -7.5 0
      vertex 158.02917997539043 -7.449439629912376 0
      vertex 157 -7.5 4.5066433573088105
    endloop
  endfacet
  facet normal 0.14673047359053876 -0.9891765100930654 0
    outer loop
      vertex 158.02917997539043 -7.449439629912376 0
      vertex 159.04844838380814 -7.298245444893837 0
      vertex 158.02917997539043 -7.449439629912376 4.5092951249690945
    endloop
  endfacet
  facet normal 0.24298018042840003 -0.9700312530630042 0
    outer loop
      vertex 159.04844838380814 -7.298245444893837 0
      vertex 160.0479891076684 -7.0478735268116 0
      vertex 159.04844838380814 -7.298245444893837 4.517224889912674
    endloop
  endfacet
  facet normal 0.33688985250041004 -0.9415440655021154 0
    outer loop
      vertex 160.0479891076684 -7.0478735268116 0
      vertex 161.01817604154348 -6.700735092163086 0
      vertex 160.0479891076684 -7.0478735268116 4.530356284209496
    endloop
  endfacet
  facet normal -0.0490676812355168 0.9987954558657992 0
    outer loop
      vertex 157 -0.5 0
      vertex 157.34305999428034 -0.4831465408205986 4.874660146896374
      vertex 157.34305999428034 -0.4831465408205986 0
    endloop
  endfacet
  facet normal -0.1467304686145331 0.9891765108311861 0
    outer loop
      vertex 157.34305999428034 -0.4831465408205986 0
      vertex 157.68281612545252 -0.432748481631279 4.877303401747311
      vertex 157.68281612545252 -0.432748481631279 0
    endloop
  endfacet
  facet normal -0.2429801804284 0.9700312530630043 0
    outer loop
      vertex 157.68281612545252 -0.432748481631279 0
      vertex 158.01599636673927 -0.3492911756038666 4.881680533179586
      vertex 158.01599636673927 -0.3492911756038666 0
    endloop
  endfacet
  facet normal -0.33688985661686227 0.9415440640292254 0
    outer loop
      vertex 158.01599636673927 -0.3492911756038666 0
      vertex 158.33939201384783 -0.2335783615708351 4.887749387058652
      vertex 158.33939201384783 -0.2335783615708351 0
    endloop
  endfacet
  facet normal -0.42755509028519917 0.9039892946109568 0
    outer loop
      vertex 158.33939201384783 -0.2335783615708351 0
      vertex 158.64988858252764 -0.0867244228720665 4.895451516705881
      vertex 158.64988858252764 -0.0867244228720665 0
    endloop
  endfacet
  facet normal -0.5141027471442343 0.8577286082315032 0
    outer loop
      vertex 158.64988858252764 -0.0867244228720665 0
      vertex 158.94449581205845 0.08985635638237 4.904712746381282
      vertex 158.94449581205845 0.08985635638237 0
    endloop
  endfacet
  facet normal -0.595699300628549 0.8032075343462968 0
    outer loop
      vertex 158.94449581205845 0.08985635638237 0
      vertex 159.22037649154663 0.2944634109735489 4.915443885601398
      vertex 159.22037649154663 0.2944634109735489 0
    endloop
  endfacet
  facet normal -0.6715589469163654 0.740951132542884 0
    outer loop
      vertex 159.22037649154663 0.2944634109735489 0
      vertex 159.47487373650074 0.52512626349926 4.927541587649397
      vertex 159.47487373650074 0.52512626349926 0
    endloop
  endfacet
  facet normal -0.7409511325428839 0.6715589469163653 0
    outer loop
      vertex 159.47487373650074 0.52512626349926 0
      vertex 159.70553658902645 0.7796235084533691 4.94088934524356
      vertex 159.70553658902645 0.7796235084533691 0
    endloop
  endfacet
  facet normal -0.8032075343462968 0.595699300628549 0
    outer loop
      vertex 159.70553658902645 0.7796235084533691 0
      vertex 159.91014364361763 1.0555041879415512 4.955358611641258
      vertex 159.91014364361763 1.0555041879415512 0
    endloop
  endfacet
  facet normal -0.8577286082315033 0.5141027471442344 0
    outer loop
      vertex 159.91014364361763 1.0555041879415512 0
      vertex 160.08672442287207 1.3501114174723625 4.970810039753866
      vertex 160.08672442287207 1.3501114174723625 0
    endloop
  endfacet
  facet normal -0.9039892946109568 0.42755509028519917 0
    outer loop
      vertex 160.08672442287207 1.3501114174723625 0
      vertex 160.23357836157084 1.660607986152172 4.987094824814329
      vertex 160.23357836157084 1.660607986152172 0
    endloop
  endfacet
  facet normal -0.9415440640292254 0.33688985661686227 0
    outer loop
      vertex 160.23357836157084 1.660607986152172 0
      vertex 160.34929117560387 1.984003633260727 5.004056134966786
      vertex 160.34929117560387 1.984003633260727 0
    endloop
  endfacet
  facet normal -0.9700312530630042 0.24298018042839997 0
    outer loop
      vertex 160.34929117560387 1.984003633260727 0
      vertex 160.43274848163128 2.3171838745474815 5.021530623135262
      vertex 160.43274848163128 2.3171838745474815 0
    endloop
  endfacet
  facet normal 0.42755509307987033 -0.9039892932891758 0
    outer loop
      vertex 161.01817604154348 -6.700735092163086 0
      vertex 161.94966574013233 -6.26017327606678 0
      vertex 161.01817604154348 -6.700735092163086 4.54856284545593
    endloop
  endfacet
  facet normal 0.5141027460869525 -0.8577286088652134 0
    outer loop
      vertex 161.94966574013233 -6.26017327606678 0
      vertex 162.83348744362593 -5.73043093085289 0
      vertex 161.94966574013233 -6.26017327606678 4.571669234397618
    endloop
  endfacet
  facet normal 0.5956993052933262 -0.8032075308866624 0
    outer loop
      vertex 162.83348744362593 -5.73043093085289 0
      vertex 163.66112948209047 -5.116609759628773 0
      vertex 162.83348744362593 -5.73043093085289 4.599452923814583
    endloop
  endfacet
  facet normal 0.6715589541121647 -0.7409511260209917 0
    outer loop
      vertex 163.66112948209047 -5.116609759628773 0
      vertex 164.42462120205164 -4.42462120205164 0
      vertex 163.66112948209047 -5.116609759628773 4.631646341865698
    endloop
  endfacet
  facet normal 0.7409511260209917 -0.6715589541121647 0
    outer loop
      vertex 164.42462120205164 -4.42462120205164 0
      vertex 165.11660975962877 -3.661129482090473 0
      vertex 164.42462120205164 -4.42462120205164 4.667939448009695
    endloop
  endfacet
  facet normal 0.8032075308866624 -0.5956993052933262 0
    outer loop
      vertex 165.11660975962877 -3.661129482090473 0
      vertex 165.7304309308529 -2.833487443625927 0
      vertex 165.11660975962877 -3.661129482090473 4.707982720010654
    endloop
  endfacet
  facet normal 0.8577286088652136 -0.5141027460869526 0
    outer loop
      vertex 165.7304309308529 -2.833487443625927 0
      vertex 166.26017327606678 -1.9496657401323318 0
      vertex 165.7304309308529 -2.833487443625927 4.751390519203749
    endloop
  endfacet
  facet normal 0.9039892932891758 -0.4275550930798704 0
    outer loop
      vertex 166.26017327606678 -1.9496657401323318 0
      vertex 166.7007350921631 -1.0181760415434837 0
      vertex 166.26017327606678 -1.9496657401323318 4.797744804323102
    endloop
  endfacet
  facet normal 0.9415440655021154 -0.33688985250041004 0
    outer loop
      vertex 166.7007350921631 -1.0181760415434837 0
      vertex 167.0478735268116 -0.04798910766839981 0
      vertex 166.7007350921631 -1.0181760415434837 4.846599159113724
    endloop
  endfacet
  facet normal -0.9891765108311861 0.14673046861453307 0
    outer loop
      vertex 160.43274848163128 2.3171838745474815 0
      vertex 160.4831465408206 2.6569400057196617 5.039350000633178
      vertex 160.4831465408206 2.6569400057196617 0
    endloop
  endfacet
  facet normal -0.9987954558657993 0.049067681235516816 0
    outer loop
      vertex 160.4831465408206 2.6569400057196617 0
      vertex 160.5 3 5.0573426576646305
      vertex 160.5 3 0
    endloop
  endfacet
  facet normal 0.9700312530630042 -0.2429801804284 0
    outer loop
      vertex 167.0478735268116 -0.04798910766839981 0
      vertex 167.29824544489384 0.951551616191864 0
      vertex 167.0478735268116 -0.04798910766839981 4.897483089180331
    endloop
  endfacet
  facet normal 0.9891765100930654 -0.14673047359053876 0
    outer loop
      vertex 167.29824544489384 0.951551616191864 0
      vertex 167.44943962991238 1.9708200246095657 0
      vertex 167.29824544489384 0.951551616191864 4.949906553685759
    endloop
  endfacet
  facet normal 0.9987954562027528 -0.04906767437667092 0
    outer loop
      vertex 167.44943962991238 1.9708200246095657 0
      vertex 167.5 3 0
      vertex 167.44943962991238 1.9708200246095657 5.003364686961037
    endloop
  endfacet
  facet normal 0 0 -1
    outer loop
      vertex 160.0479891076684 -7.0478735268116 0
      vertex 162.79999999701977 44.952514819800854 0
      vertex 161.01817604154348 -6.700735092163086 0
    endloop
  endfacet
  facet normal 0 0 -1
    outer loop
      vertex 161.01817604154348 -6.700735092163086 0
      vertex 162.79999999701977 44.952514819800854 0
      vertex 161.94966574013233 -6.26017327606678 0
    endloop
  endfacet
  facet normal 0 0 -1
    outer loop
      vertex 161.94966574013233 -6.26017327606678 0
      vertex 162.79999999701977 44.952514819800854 0
      vertex 162.83348744362593 -5.73043093085289 0
    endloop
  endfacet
  facet normal 0 0 -1
    outer loop
      vertex 160.0479891076684 -7.0478735268116 0
      vertex 160.5 3 0
      vertex 162.79999999701977 44.952514819800854 0
    endloop
  endfacet
  facet normal 0 0 -1
    outer loop
      vertex 162.83348744362593 -5.73043093085289 0
      vertex 162.79999999701977 44.952514819800854 0
      vertex 163.66112948209047 -5.116609759628773 0
    endloop
  endfacet
  facet normal 0 0 -1
    outer loop
      vertex 163.66112948209047 -5.116609759628773 0
      vertex 162.79999999701977 44.952514819800854 0
      vertex 164.42462120205164 -4.42462120205164 0
    endloop
  endfacet
  facet normal 0 0 -1
    outer loop
      vertex 164.42462120205164 -4.42462120205164 0
      vertex 162.79999999701977 44.952514819800854 0
      vertex 165.11660975962877 -3.661129482090473 0
    endloop
  endfacet
  facet normal 0 0 -1
    outer loop
      vertex 165.11660975962877 -3.661129482090473 0
      vertex 162.79999999701977 44.952514819800854 0
      vertex 165.7304309308529 -2.833487443625927 0
    endloop
  endfacet
  facet normal 0 0 -1
    outer loop
      vertex 165.7304309308529 -2.833487443625927 0
      vertex 162.79999999701977 44.952514819800854 0
      vertex 166.26017327606678 -1.9496657401323318 0
    endloop
  endfacet
  facet normal 0 0 -1
    outer loop
      vertex 166.26017327606678 -1.9496657401323318 0
      vertex 162.79999999701977 44.952514819800854 0
      vertex 166.7007350921631 -1.0181760415434837 0
    endloop
  endfacet
  facet normal 0 0 -1
    outer loop
      vertex 166.7007350921631 -1.0181760415434837 0
      vertex 162.79999999701977 44.952514819800854 0
      vertex 167.0478735268116 -0.04798910766839981 0
    endloop
  endfacet
  facet normal 0 0 -1
    outer loop
      vertex 167.0478735268116 -0.04798910766839981 0
      vertex 162.79999999701977 44.952514819800854 0
      vertex 167.29824544489384 0.951551616191864 0
    endloop
  endfacet
  facet normal 0 0 -1
    outer loop
      vertex 167.29824544489384 0.951551616191864 0
      vertex 162.79999999701977 44.952514819800854 0
      vertex 167.44943962991238 1.9708200246095657 0
    endloop
  endfacet
  facet normal 0 0 -1
    outer loop
      vertex 167.44943962991238 1.9708200246095657 0
      vertex 162.79999999701977 44.952514819800854 0
      vertex 167.5 3 0
    endloop
  endfacet
  facet normal 1 0 0
    outer loop
      vertex 167.5 3 0
      vertex 167.5 46.51918148249388 0
      vertex 167.5 3 5.0573426576646305
    endloop
  endfacet
  facet normal 0.04906767437667092 -0.9987954562027527 0
    outer loop
      vertex 158.02917997539043 -7.449439629912376 0
      vertex 158.02917997539043 -7.449439629912376 4.5092951249690945
      vertex 157 -7.5 4.5066433573088105
    endloop
  endfacet
  facet normal 0.14673047359053876 -0.9891765100930654 0
    outer loop
      vertex 159.04844838380814 -7.298245444893837 0
      vertex 159.04844838380814 -7.298245444893837 4.517224889912674
      vertex 158.02917997539043 -7.449439629912376 4.5092951249690945
    endloop
  endfacet
  facet normal 0.24298018042840003 -0.9700312530630043 0
    outer loop
      vertex 160.0479891076684 -7.0478735268116 0
      vertex 160.0479891076684 -7.0478735268116 4.530356284209496
      vertex 159.04844838380814 -7.298245444893837 4.517224889912674
    endloop
  endfacet
  facet normal -0.049067681235516795 0.9987954558657991 0
    outer loop
      vertex 157 -0.5 0
      vertex 157 -0.5 4.8737762242126905
      vertex 157.34305999428034 -0.4831465408205986 4.874660146896374
    endloop
  endfacet
  facet normal -0.1467304686145331 0.9891765108311862 0
    outer loop
      vertex 157.34305999428034 -0.4831465408205986 0
      vertex 157.34305999428034 -0.4831465408205986 4.874660146896374
      vertex 157.68281612545252 -0.432748481631279 4.877303401747311
    endloop
  endfacet
  facet normal -0.24298018042839997 0.9700312530630042 0
    outer loop
      vertex 157.68281612545252 -0.432748481631279 0
      vertex 157.68281612545252 -0.432748481631279 4.877303401747311
      vertex 158.01599636673927 -0.3492911756038666 4.881680533179586
    endloop
  endfacet
  facet normal -0.3368898566168622 0.9415440640292253 0
    outer loop
      vertex 158.01599636673927 -0.3492911756038666 0
      vertex 158.01599636673927 -0.3492911756038666 4.881680533179586
      vertex 158.33939201384783 -0.2335783615708351 4.887749387058652
    endloop
  endfacet
  facet normal -0.42755509028519917 0.9039892946109568 0
    outer loop
      vertex 158.33939201384783 -0.2335783615708351 0
      vertex 158.33939201384783 -0.2335783615708351 4.887749387058652
      vertex 158.64988858252764 -0.0867244228720665 4.895451516705881
    endloop
  endfacet
  facet normal -0.5141027471442343 0.8577286082315031 0
    outer loop
      vertex 158.64988858252764 -0.0867244228720665 0
      vertex 158.64988858252764 -0.0867244228720665 4.895451516705881
      vertex 158.94449581205845 0.08985635638237 4.904712746381282
    endloop
  endfacet
  facet normal -0.595699300628549 0.8032075343462969 0
    outer loop
      vertex 158.94449581205845 0.08985635638237 0
      vertex 158.94449581205845 0.08985635638237 4.904712746381282
      vertex 159.22037649154663 0.2944634109735489 4.915443885601398
    endloop
  endfacet
  facet normal -0.6715589469163653 0.740951132542884 0
    outer loop
      vertex 159.22037649154663 0.2944634109735489 0
      vertex 159.22037649154663 0.2944634109735489 4.915443885601398
      vertex 159.47487373650074 0.52512626349926 4.927541587649397
    endloop
  endfacet
  facet normal -0.740951132542884 0.6715589469163654 0
    outer loop
      vertex 159.47487373650074 0.52512626349926 0
      vertex 159.47487373650074 0.52512626349926 4.927541587649397
      vertex 159.70553658902645 0.7796235084533691 4.94088934524356
    endloop
  endfacet
  facet normal -0.8032075343462969 0.595699300628549 0
    outer loop
      vertex 159.70553658902645 0.7796235084533691 0
      vertex 159.70553658902645 0.7796235084533691 4.94088934524356
      vertex 159.91014364361763 1.0555041879415512 4.955358611641258
    endloop
  endfacet
  facet normal -0.8577286082315032 0.5141027471442343 0
    outer loop
      vertex 159.91014364361763 1.0555041879415512 0
      vertex 159.91014364361763 1.0555041879415512 4.955358611641258
      vertex 160.08672442287207 1.3501114174723625 4.970810039753866
    endloop
  endfacet
  facet normal -0.9039892946109568 0.4275550902851992 0
    outer loop
      vertex 160.08672442287207 1.3501114174723625 0
      vertex 160.08672442287207 1.3501114174723625 4.970810039753866
      vertex 160.23357836157084 1.660607986152172 4.987094824814329
    endloop
  endfacet
  facet normal -0.9415440640292254 0.3368898566168622 0
    outer loop
      vertex 160.23357836157084 1.660607986152172 0
      vertex 160.23357836157084 1.660607986152172 4.987094824814329
      vertex 160.34929117560387 1.984003633260727 5.004056134966786
    endloop
  endfacet
  facet normal -0.9700312530630042 0.2429801804284 0
    outer loop
      vertex 160.34929117560387 1.984003633260727 0
      vertex 160.34929117560387 1.984003633260727 5.004056134966786
      vertex 160.43274848163128 2.3171838745474815 5.021530623135262
    endloop
  endfacet
  facet normal 0.3368898525004101 -0.9415440655021156 0
    outer loop
      vertex 161.01817604154348 -6.700735092163086 0
      vertex 161.01817604154348 -6.700735092163086 4.54856284545593
      vertex 160.0479891076684 -7.0478735268116 4.530356284209496
    endloop
  endfacet
  facet normal 0.42755509307987033 -0.9039892932891758 0
    outer loop
      vertex 161.94966574013233 -6.26017327606678 0
      vertex 161.94966574013233 -6.26017327606678 4.571669234397618
      vertex 161.01817604154348 -6.700735092163086 4.54856284545593
    endloop
  endfacet
  facet normal 0.5141027460869526 -0.8577286088652135 0
    outer loop
      vertex 162.83348744362593 -5.73043093085289 0
      vertex 162.83348744362593 -5.73043093085289 4.599452923814583
      vertex 161.94966574013233 -6.26017327606678 4.571669234397618
    endloop
  endfacet
  facet normal 0.5956993052933262 -0.8032075308866624 0
    outer loop
      vertex 163.66112948209047 -5.116609759628773 0
      vertex 163.66112948209047 -5.116609759628773 4.631646341865698
      vertex 162.83348744362593 -5.73043093085289 4.599452923814583
    endloop
  endfacet
  facet normal 0.6715589541121647 -0.7409511260209917 0
    outer loop
      vertex 164.42462120205164 -4.42462120205164 0
      vertex 164.42462120205164 -4.42462120205164 4.667939448009695
      vertex 163.66112948209047 -5.116609759628773 4.631646341865698
    endloop
  endfacet
  facet normal 0.7409511260209916 -0.6715589541121647 0
    outer loop
      vertex 165.11660975962877 -3.661129482090473 0
      vertex 165.11660975962877 -3.661129482090473 4.707982720010654
      vertex 164.42462120205164 -4.42462120205164 4.667939448009695
    endloop
  endfacet
  facet normal 0.8032075308866624 -0.5956993052933262 0
    outer loop
      vertex 165.7304309308529 -2.833487443625927 0
      vertex 165.7304309308529 -2.833487443625927 4.751390519203749
      vertex 165.11660975962877 -3.661129482090473 4.707982720010654
    endloop
  endfacet
  facet normal 0.8577286088652135 -0.5141027460869526 0
    outer loop
      vertex 166.26017327606678 -1.9496657401323318 0
      vertex 166.26017327606678 -1.9496657401323318 4.797744804323102
      vertex 165.7304309308529 -2.833487443625927 4.751390519203749
    endloop
  endfacet
  facet normal 0.9039892932891758 -0.42755509307987033 0
    outer loop
      vertex 166.7007350921631 -1.0181760415434837 0
      vertex 166.7007350921631 -1.0181760415434837 4.846599159113724
      vertex 166.26017327606678 -1.9496657401323318 4.797744804323102
    endloop
  endfacet
  facet normal 0.9415440655021156 -0.33688985250041004 0
    outer loop
      vertex 167.0478735268116 -0.04798910766839981 0
      vertex 167.0478735268116 -0.04798910766839981 4.897483089180331
      vertex 166.7007350921631 -1.0181760415434837 4.846599159113724
    endloop
  endfacet
  facet normal -0.989176510831186 0.14673046861453307 0
    outer loop
      vertex 160.43274848163128 2.3171838745474815 0
      vertex 160.43274848163128 2.3171838745474815 5.021530623135262
      vertex 160.4831465408206 2.6569400057196617 5.039350000633178
    endloop
  endfacet
  facet normal -0.9987954558657993 0.04906768123551681 0
    outer loop
      vertex 160.4831465408206 2.6569400057196617 0
      vertex 160.4831465408206 2.6569400057196617 5.039350000633178
      vertex 160.5 3 5.0573426576646305
    endloop
  endfacet
  facet normal 0.9700312530630042 -0.24298018042839997 0
    outer loop
      vertex 167.29824544489384 0.951551616191864 0
      vertex 167.29824544489384 0.951551616191864 4.949906553685759
      vertex 167.0478735268116 -0.04798910766839981 4.897483089180331
    endloop
  endfacet
  facet normal 0.9891765100930654 -0.14673047359053876 0
    outer loop
      vertex 167.44943962991238 1.9708200246095657 0
      vertex 167.44943962991238 1.9708200246095657 5.003364686961037
      vertex 167.29824544489384 0.951551616191864 4.949906553685759
    endloop
  endfacet
  facet normal 0.9987954562027528 -0.04906767437667092 0
    outer loop
      vertex 167.5 3 0
      vertex 167.5 3 5.0573426576646305
      vertex 167.44943962991238 1.9708200246095657 5.003364686961037
    endloop
  endfacet
  facet normal 0 0 -1
    outer loop
      vertex 160.5 3 0
      vertex 162.79999999701977 56.507485173642635 0
      vertex 162.79999999701977 44.952514819800854 0
    endloop
  endfacet
  facet normal 0 0 -1
    outer loop
      vertex 167.5 3 0
      vertex 162.79999999701977 44.952514819800854 0
      vertex 167.5 46.51918148249388 0
    endloop
  endfacet
  facet normal 1 0 0
    outer loop
      vertex 162.79999999701977 44.952514819800854 0
      vertex 162.79999999701977 56.507485173642635 0
      vertex 162.79999999701977 44.952514819800854 7.2576493776104885
    endloop
  endfacet
  facet normal -0.31622776511450923 0.9486832983512901 0
    outer loop
      vertex 162.79999999701977 44.952514819800854 0
      vertex 167.5 46.51918148249388 7.339817209518664
      vertex 167.5 46.51918148249388 0
    endloop
  endfacet
  facet normal 1 0 0
    outer loop
      vertex 167.5 3 5.0573426576646305
      vertex 167.5 46.51918148249388 0
      vertex 167.5 46.51918148249388 7.339817209518664
    endloop
  endfacet
  facet normal -1 0 0
    outer loop
      vertex 160.5 3 0
      vertex 160.5 3 5.0573426576646305
      vertex 160.5 91.21298522393813 9.683897823866635
    endloop
  endfacet
  facet normal -0.3162277651145093 0.9486832983512901 0
    outer loop
      vertex 162.79999999701977 44.952514819800854 0
      vertex 162.79999999701977 44.952514819800854 7.2576493776104885
      vertex 167.5 46.51918148249388 7.339817209518664
    endloop
  endfacet
  facet normal 0 0 -1
    outer loop
      vertex 160.5 3 0
      vertex 160.5 111.40000000596046 0
      vertex 162.79999999701977 56.507485173642635 0
    endloop
  endfacet
  facet normal 0 0 -1
    outer loop
      vertex 162.79999999701977 56.507485173642635 0
      vertex 167.5 91.80918148905039 0
      vertex 167.5 54.94081850349903 0
    endloop
  endfacet
  facet normal -0.3162277664680023 -0.9486832979001256 0
    outer loop
      vertex 162.79999999701977 56.507485173642635 0
      vertex 167.5 54.94081850349903 0
      vertex 162.79999999701977 56.507485173642635 7.8636792908955275
    endloop
  endfacet
  facet normal 1 0 0
    outer loop
      vertex 167.5 54.94081850349903 0
      vertex 167.5 91.80918148905039 0
      vertex 167.5 54.94081850349903 7.781511458596588
    endloop
  endfacet
  facet normal -1 0 0
    outer loop
      vertex 160.5 3 0
      vertex 160.5 111.40000000596046 10.742657339745902
      vertex 160.5 111.40000000596046 0
    endloop
  endfacet
  facet normal 0 0 -1
    outer loop
      vertex 162.79999999701977 56.507485173642635 0
      vertex 162.79999999701977 90.24251482635736 0
      vertex 167.5 91.80918148905039 0
    endloop
  endfacet
  facet normal 0 0 -1
    outer loop
      vertex 162.79999999701977 56.507485173642635 0
      vertex 160.5 111.40000000596046 0
      vertex 162.79999999701977 90.24251482635736 0
    endloop
  endfacet
  facet normal 0 0 -1
    outer loop
      vertex 162.79999999701977 90.24251482635736 0
      vertex 160.5 111.40000000596046 0
      vertex 162.79999999701977 101.79748518019915 0
    endloop
  endfacet
  facet normal 0 0 -1
    outer loop
      vertex 167.5 100.23081851005554 0
      vertex 162.79999999701977 101.79748518019915 0
      vertex 167.5 111.40000000596046 0
    endloop
  endfacet
  facet normal -0.31622776511450923 0.9486832983512901 0
    outer loop
      vertex 162.79999999701977 90.24251482635736 0
      vertex 167.5 91.80918148905039 9.715166858730642
      vertex 167.5 91.80918148905039 0
    endloop
  endfacet
  facet normal 1 0 0
    outer loop
      vertex 162.79999999701977 90.24251482635736 0
      vertex 162.79999999701977 101.79748518019915 0
      vertex 162.79999999701977 90.24251482635736 9.632999026822466
    endloop
  endfacet
  facet normal -0.31622776646800227 -0.9486832979001257 6.565927915038158e-18
    outer loop
      vertex 167.5 100.23081851005554 0
      vertex 162.79999999701977 101.79748518019915 10.239028940107506
      vertex 162.79999999701977 101.79748518019915 0
    endloop
  endfacet
  facet normal 1 0 0
    outer loop
      vertex 167.5 100.23081851005554 0
      vertex 167.5 111.40000000596046 0
      vertex 167.5 100.23081851005554 10.156861107808567
    endloop
  endfacet
  facet normal 1 0 0
    outer loop
      vertex 162.79999999701977 56.507485173642635 0
      vertex 162.79999999701977 56.507485173642635 7.8636792908955275
      vertex 162.79999999701977 44.952514819800854 7.2576493776104885
    endloop
  endfacet
  facet normal -0.3162277664680022 -0.9486832979001256 0
    outer loop
      vertex 167.5 54.94081850349903 0
      vertex 167.5 54.94081850349903 7.781511458596588
      vertex 162.79999999701977 56.507485173642635 7.8636792908955275
    endloop
  endfacet
  facet normal -1 0 0
    outer loop
      vertex 160.5 3 0
      vertex 160.5 91.21298522393813 9.683897823866635
      vertex 160.5 111.40000000596046 10.742657339745902
    endloop
  endfacet
  facet normal 1 0 0
    outer loop
      vertex 167.5 54.94081850349903 7.781511458596588
      vertex 167.5 91.80918148905039 0
      vertex 167.5 91.80918148905039 9.715166858730642
    endloop
  endfacet
  facet normal -0.31622776511450923 0.9486832983512901 0
    outer loop
      vertex 162.79999999701977 90.24251482635736 0
      vertex 162.79999999701977 90.24251482635736 9.632999026822466
      vertex 167.5 91.80918148905039 9.715166858730642
    endloop
  endfacet
  facet normal 1 0 0
    outer loop
      vertex 162.79999999701977 101.79748518019915 0
      vertex 162.79999999701977 101.79748518019915 10.239028940107506
      vertex 162.79999999701977 90.24251482635736 9.632999026822466
    endloop
  endfacet
  facet normal -0.31622776646800227 -0.9486832979001256 0
    outer loop
      vertex 167.5 100.23081851005554 0
      vertex 167.5 100.23081851005554 10.156861107808567
      vertex 162.79999999701977 101.79748518019915 10.239028940107506
    endloop
  endfacet
  facet normal 0 0 -1
    outer loop
      vertex 87 114.90000000596046 0
      vertex 87 121.90000000596046 0
      vertex 157 121.90000000596046 0
    endloop
  endfacet
  facet normal 0 -1 0
    outer loop
      vertex 87 114.90000000596046 0
      vertex 157 114.90000000596046 0
      vertex 143 114.90000000596046 2
    endloop
  endfacet
  facet normal 0 1 0
    outer loop
      vertex 87 121.90000000596046 0
      vertex 143 121.90000000596046 2
      vertex 157 121.90000000596046 0
    endloop
  endfacet
  facet normal 0 0 -1
    outer loop
      vertex 87 114.90000000596046 0
      vertex 157 121.90000000596046 0
      vertex 157 114.90000000596046 0
    endloop
  endfacet
  facet normal -1 0 0
    outer loop
      vertex 87 114.90000000596046 0
      vertex 87 121.90000000596046 11.293356640101722
      vertex 87 121.90000000596046 0
    endloop
  endfacet
  facet normal 0 1 0
    outer loop
      vertex 87 121.90000000596046 0
      vertex 87 121.90000000596046 11.293356640101722
      vertex 143 121.90000000596046 2
    endloop
  endfacet
  facet normal -1 0 0
    outer loop
      vertex 87 114.90000000596046 0
      vertex 87 114.90000000596046 10.926223773197842
      vertex 87 121.90000000596046 11.293356640101722
    endloop
  endfacet
  facet normal 0 -1 0
    outer loop
      vertex 87 114.90000000596046 0
      vertex 143 114.90000000596046 10.926223773197842
      vertex 87 114.90000000596046 10.926223773197842
    endloop
  endfacet
  facet normal 0 -1 0
    outer loop
      vertex 87 114.90000000596046 0
      vertex 143 114.90000000596046 2
      vertex 143 114.90000000596046 10.926223773197842
    endloop
  endfacet
  facet normal 0 0 -1
    outer loop
      vertex 157 114.90000000596046 0
      vertex 158.02917997539043 121.84943963587284 0
      vertex 157.34305999428034 114.88314654678106 0
    endloop
  endfacet
  facet normal 0 0 -1
    outer loop
      vertex 157.34305999428034 114.88314654678106 0
      vertex 159.04844838380814 121.6982454508543 0
      vertex 157.68281612545252 114.83274848759174 0
    endloop
  endfacet
  facet normal 0 0 -1
    outer loop
      vertex 158.01599636673927 114.74929118156433 0
      vertex 161.01817604154348 121.10073509812355 0
      vertex 158.33939201384783 114.6335783675313 0
    endloop
  endfacet
  facet normal 0 0 -1
    outer loop
      vertex 158.01599636673927 114.74929118156433 0
      vertex 157.68281612545252 114.83274848759174 0
      vertex 160.0479891076684 121.44787353277206 0
    endloop
  endfacet
  facet normal 0 0 -1
    outer loop
      vertex 158.64988858252764 114.48672442883253 0
      vertex 158.33939201384783 114.6335783675313 0
      vertex 161.94966574013233 120.66017328202724 0
    endloop
  endfacet
  facet normal 0 0 -1
    outer loop
      vertex 158.94449581205845 114.3101436495781 0
      vertex 158.64988858252764 114.48672442883253 0
      vertex 162.83348744362593 120.13043093681335 0
    endloop
  endfacet
  facet normal 0 0 -1
    outer loop
      vertex 157 114.90000000596046 0
      vertex 157 121.90000000596046 0
      vertex 158.02917997539043 121.84943963587284 0
    endloop
  endfacet
  facet normal 0 0 -1
    outer loop
      vertex 157.34305999428034 114.88314654678106 0
      vertex 158.02917997539043 121.84943963587284 0
      vertex 159.04844838380814 121.6982454508543 0
    endloop
  endfacet
  facet normal 0 0 -1
    outer loop
      vertex 157.68281612545252 114.83274848759174 0
      vertex 159.04844838380814 121.6982454508543 0
      vertex 160.0479891076684 121.44787353277206 0
    endloop
  endfacet
  facet normal 0 0 -1
    outer loop
      vertex 158.01599636673927 114.74929118156433 0
      vertex 160.0479891076684 121.44787353277206 0
      vertex 161.01817604154348 121.10073509812355 0
    endloop
  endfacet
  facet normal 0 0 -1
    outer loop
      vertex 158.33939201384783 114.6335783675313 0
      vertex 161.01817604154348 121.10073509812355 0
      vertex 161.94966574013233 120.66017328202724 0
    endloop
  endfacet
  facet normal 0 0 -1
    outer loop
      vertex 162.79999999701977 101.79748518019915 0
      vertex 160.5 111.40000000596046 0
      vertex 167.5 111.40000000596046 0
    endloop
  endfacet
  facet normal 0 0 -1
    outer loop
      vertex 160.34929117560387 112.41599637269974 0
      vertex 160.23357836157084 112.73939201980829 0
      vertex 167.0478735268116 114.44798911362886 0
    endloop
  endfacet
  facet normal 0 0 -1
    outer loop
      vertex 160.08672442287207 113.0498885884881 0
      vertex 159.91014364361763 113.34449581801891 0
      vertex 166.26017327606678 116.3496657460928 0
    endloop
  endfacet
  facet normal 0 0 -1
    outer loop
      vertex 160.23357836157084 112.73939201980829 0
      vertex 160.08672442287207 113.0498885884881 0
      vertex 166.7007350921631 115.41817604750395 0
    endloop
  endfacet
  facet normal 0 0 -1
    outer loop
      vertex 160.5 111.40000000596046 0
      vertex 160.4831465408206 111.7430600002408 0
      vertex 167.5 111.40000000596046 0
    endloop
  endfacet
  facet normal 0 0 -1
    outer loop
      vertex 160.43274848163128 112.08281613141298 0
      vertex 167.44943962991238 112.4291799813509 0
      vertex 160.4831465408206 111.7430600002408 0
    endloop
  endfacet
  facet normal 0 0 -1
    outer loop
      vertex 160.43274848163128 112.08281613141298 0
      vertex 160.34929117560387 112.41599637269974 0
      vertex 167.29824544489384 113.4484483897686 0
    endloop
  endfacet
  facet normal 0 0 -1
    outer loop
      vertex 160.34929117560387 112.41599637269974 0
      vertex 167.0478735268116 114.44798911362886 0
      vertex 167.29824544489384 113.4484483897686 0
    endloop
  endfacet
  facet normal 0 0 -1
    outer loop
      vertex 160.23357836157084 112.73939201980829 0
      vertex 166.7007350921631 115.41817604750395 0
      vertex 167.0478735268116 114.44798911362886 0
    endloop
  endfacet
  facet normal 0 0 -1
    outer loop
      vertex 160.4831465408206 111.7430600002408 0
      vertex 167.44943962991238 112.4291799813509 0
      vertex 167.5 111.40000000596046 0
    endloop
  endfacet
  facet normal 0 0 -1
    outer loop
      vertex 160.43274848163128 112.08281613141298 0
      vertex 167.29824544489384 113.4484483897686 0
      vertex 167.44943962991238 112.4291799813509 0
    endloop
  endfacet
  facet normal 0 0 -1
    outer loop
      vertex 159.70553658902645 113.6203764975071 0
      vertex 159.47487373650074 113.8748737424612 0
      vertex 165.11660975962877 118.06112948805094 0
    endloop
  endfacet
  facet normal 0 0 -1
    outer loop
      vertex 158.94449581205845 114.3101436495781 0
      vertex 163.66112948209047 119.51660976558924 0
      vertex 159.22037649154663 114.10553659498692 0
    endloop
  endfacet
  facet normal 0 0 -1
    outer loop
      vertex 159.22037649154663 114.10553659498692 0
      vertex 164.42462120205164 118.8246212080121 0
      vertex 159.47487373650074 113.8748737424612 0
    endloop
  endfacet
  facet normal 0 0 -1
    outer loop
      vertex 159.70553658902645 113.6203764975071 0
      vertex 165.7304309308529 117.23348744958639 0
      vertex 159.91014364361763 113.34449581801891 0
    endloop
  endfacet
  facet normal 0 0 -1
    outer loop
      vertex 159.22037649154663 114.10553659498692 0
      vertex 163.66112948209047 119.51660976558924 0
      vertex 164.42462120205164 118.8246212080121 0
    endloop
  endfacet
  facet normal 0 0 -1
    outer loop
      vertex 160.08672442287207 113.0498885884881 0
      vertex 166.26017327606678 116.3496657460928 0
      vertex 166.7007350921631 115.41817604750395 0
    endloop
  endfacet
  facet normal 0 0 -1
    outer loop
      vertex 159.91014364361763 113.34449581801891 0
      vertex 165.7304309308529 117.23348744958639 0
      vertex 166.26017327606678 116.3496657460928 0
    endloop
  endfacet
  facet normal 0 0 -1
    outer loop
      vertex 159.47487373650074 113.8748737424612 0
      vertex 164.42462120205164 118.8246212080121 0
      vertex 165.11660975962877 118.06112948805094 0
    endloop
  endfacet
  facet normal 0 0 -1
    outer loop
      vertex 159.70553658902645 113.6203764975071 0
      vertex 165.11660975962877 118.06112948805094 0
      vertex 165.7304309308529 117.23348744958639 0
    endloop
  endfacet
  facet normal 0 0 -1
    outer loop
      vertex 158.64988858252764 114.48672442883253 0
      vertex 161.94966574013233 120.66017328202724 0
      vertex 162.83348744362593 120.13043093681335 0
    endloop
  endfacet
  facet normal 0 0 -1
    outer loop
      vertex 158.94449581205845 114.3101436495781 0
      vertex 162.83348744362593 120.13043093681335 0
      vertex 163.66112948209047 119.51660976558924 0
    endloop
  endfacet
  facet normal 0 -1 0
    outer loop
      vertex 143 114.90000000596046 2
      vertex 157 114.90000000596046 0
      vertex 155 114.90000000596046 2
    endloop
  endfacet
  facet normal 0 1 0
    outer loop
      vertex 143 121.90000000596046 2
      vertex 155 121.90000000596046 2
      vertex 157 121.90000000596046 0
    endloop
  endfacet
  facet normal -0.9700312530630042 -0.24298018042839997 0
    outer loop
      vertex 160.43274848163128 112.08281613141298 0
      vertex 160.34929117560387 112.41599637269974 10.795943862443746
      vertex 160.34929117560387 112.41599637269974 0
    endloop
  endfacet
  facet normal -0.595699300628549 -0.8032075343462968 0
    outer loop
      vertex 158.94449581205845 114.3101436495781 0
      vertex 159.22037649154663 114.10553659498692 0
      vertex 158.94449581205845 114.3101436495781 10.89528725102925
    endloop
  endfacet
  facet normal -0.6715589469163653 -0.740951132542884 0
    outer loop
      vertex 159.22037649154663 114.10553659498692 0
      vertex 159.47487373650074 113.8748737424612 0
      vertex 159.22037649154663 114.10553659498692 10.884556111809134
    endloop
  endfacet
  facet normal -0.9039892946109568 -0.4275550902851992 0
    outer loop
      vertex 160.23357836157084 112.73939201980829 0
      vertex 160.08672442287207 113.0498885884881 10.829189957656666
      vertex 160.08672442287207 113.0498885884881 0
    endloop
  endfacet
  facet normal -0.9415440640292253 -0.33688985661686227 0
    outer loop
      vertex 160.34929117560387 112.41599637269974 0
      vertex 160.23357836157084 112.73939201980829 10.812905172596203
      vertex 160.23357836157084 112.73939201980829 0
    endloop
  endfacet
  facet normal -0.8577286082315031 -0.5141027471442343 0
    outer loop
      vertex 160.08672442287207 113.0498885884881 0
      vertex 159.91014364361763 113.34449581801891 10.844641385769274
      vertex 159.91014364361763 113.34449581801891 0
    endloop
  endfacet
  facet normal -0.740951132542884 -0.6715589469163654 0
    outer loop
      vertex 159.70553658902645 113.6203764975071 0
      vertex 159.47487373650074 113.8748737424612 10.872458409761135
      vertex 159.47487373650074 113.8748737424612 0
    endloop
  endfacet
  facet normal -0.8032075343462969 -0.595699300628549 0
    outer loop
      vertex 159.70553658902645 113.6203764975071 0
      vertex 159.91014364361763 113.34449581801891 0
      vertex 159.70553658902645 113.6203764975071 10.859110652166972
    endloop
  endfacet
  facet normal -0.0490676812355168 -0.9987954558657993 0
    outer loop
      vertex 157 114.90000000596046 0
      vertex 157.34305999428034 114.88314654678106 0
      vertex 157 114.90000000596046 10.926223773197842
    endloop
  endfacet
  facet normal -0.14673046861453307 -0.989176510831186 0
    outer loop
      vertex 157.34305999428034 114.88314654678106 0
      vertex 157.68281612545252 114.83274848759174 0
      vertex 157.34305999428034 114.88314654678106 10.925339850514158
    endloop
  endfacet
  facet normal -0.33688985661686227 -0.9415440640292254 0
    outer loop
      vertex 158.01599636673927 114.74929118156433 0
      vertex 158.33939201384783 114.6335783675313 0
      vertex 158.01599636673927 114.74929118156433 10.918319464230947
    endloop
  endfacet
  facet normal -0.2429801804284 -0.9700312530630042 0
    outer loop
      vertex 158.01599636673927 114.74929118156433 0
      vertex 157.68281612545252 114.83274848759174 10.92269659566322
      vertex 157.68281612545252 114.83274848759174 0
    endloop
  endfacet
  facet normal -0.4275550902851992 -0.9039892946109568 0
    outer loop
      vertex 158.64988858252764 114.48672442883253 0
      vertex 158.33939201384783 114.6335783675313 10.912250610351881
      vertex 158.33939201384783 114.6335783675313 0
    endloop
  endfacet
  facet normal -0.5141027471442343 -0.8577286082315031 0
    outer loop
      vertex 158.94449581205845 114.3101436495781 0
      vertex 158.64988858252764 114.48672442883253 10.904548480704651
      vertex 158.64988858252764 114.48672442883253 0
    endloop
  endfacet
  facet normal -0.9987954558657992 -0.0490676812355168 0
    outer loop
      vertex 160.5 111.40000000596046 0
      vertex 160.4831465408206 111.7430600002408 10.760649996777355
      vertex 160.4831465408206 111.7430600002408 0
    endloop
  endfacet
  facet normal -0.9891765108311861 -0.1467304686145331 0
    outer loop
      vertex 160.43274848163128 112.08281613141298 0
      vertex 160.4831465408206 111.7430600002408 0
      vertex 160.43274848163128 112.08281613141298 10.77846937427527
    endloop
  endfacet
  facet normal 0.9987954562027528 0.04906767437667093 0
    outer loop
      vertex 167.5 111.40000000596046 0
      vertex 167.44943962991238 112.4291799813509 0
      vertex 167.5 111.40000000596046 10.742657339745902
    endloop
  endfacet
  facet normal 0.9891765100930653 0.14673047359053876 0
    outer loop
      vertex 167.44943962991238 112.4291799813509 0
      vertex 167.29824544489384 113.4484483897686 0
      vertex 167.44943962991238 112.4291799813509 10.796635310449496
    endloop
  endfacet
  facet normal 0.9700312530630042 0.2429801804284 0
    outer loop
      vertex 167.29824544489384 113.4484483897686 0
      vertex 167.0478735268116 114.44798911362886 0
      vertex 167.29824544489384 113.4484483897686 10.850093443724774
    endloop
  endfacet
  facet normal 0.5141027460869526 0.8577286088652134 0
    outer loop
      vertex 161.94966574013233 120.66017328202724 0
      vertex 162.83348744362593 120.13043093681335 11.20054707359595
      vertex 162.83348744362593 120.13043093681335 0
    endloop
  endfacet
  facet normal 0.4275550930798703 0.9039892932891758 0
    outer loop
      vertex 161.94966574013233 120.66017328202724 0
      vertex 161.01817604154348 121.10073509812355 0
      vertex 161.94966574013233 120.66017328202724 11.228330763012915
    endloop
  endfacet
  facet normal 0.7409511260209918 0.6715589541121647 0
    outer loop
      vertex 164.42462120205164 118.8246212080121 0
      vertex 165.11660975962877 118.06112948805094 11.092017277399878
      vertex 165.11660975962877 118.06112948805094 0
    endloop
  endfacet
  facet normal 0.6715589541121647 0.7409511260209917 0
    outer loop
      vertex 164.42462120205164 118.8246212080121 0
      vertex 163.66112948209047 119.51660976558924 0
      vertex 164.42462120205164 118.8246212080121 11.132060549400837
    endloop
  endfacet
  facet normal 0.5956993052933262 0.8032075308866624 0
    outer loop
      vertex 163.66112948209047 119.51660976558924 0
      vertex 162.83348744362593 120.13043093681335 0
      vertex 163.66112948209047 119.51660976558924 11.168353655544834
    endloop
  endfacet
  facet normal 0.9415440655021156 0.3368898525004101 0
    outer loop
      vertex 167.0478735268116 114.44798911362886 0
      vertex 166.7007350921631 115.41817604750395 0
      vertex 167.0478735268116 114.44798911362886 10.902516908230202
    endloop
  endfacet
  facet normal 0.9039892932891758 0.42755509307987044 0
    outer loop
      vertex 166.7007350921631 115.41817604750395 0
      vertex 166.26017327606678 116.3496657460928 0
      vertex 166.7007350921631 115.41817604750395 10.953400838296808
    endloop
  endfacet
  facet normal 0.8032075308866624 0.595699305293326 0
    outer loop
      vertex 165.7304309308529 117.23348744958639 0
      vertex 165.11660975962877 118.06112948805094 0
      vertex 165.7304309308529 117.23348744958639 11.048609478206783
    endloop
  endfacet
  facet normal 0.8577286088652134 0.5141027460869525 0
    outer loop
      vertex 166.26017327606678 116.3496657460928 0
      vertex 165.7304309308529 117.23348744958639 0
      vertex 166.26017327606678 116.3496657460928 11.00225519308743
    endloop
  endfacet
  facet normal 0 -1 0
    outer loop
      vertex 157 114.90000000596046 0
      vertex 157 114.90000000596046 10.926223773197842
      vertex 155 114.90000000596046 2
    endloop
  endfacet
  facet normal 0.3368898525004101 0.9415440655021156 0
    outer loop
      vertex 160.0479891076684 121.44787353277206 0
      vertex 161.01817604154348 121.10073509812355 11.251437151954603
      vertex 161.01817604154348 121.10073509812355 0
    endloop
  endfacet
  facet normal 0.04906767437667092 0.9987954562027528 0
    outer loop
      vertex 157 121.90000000596046 0
      vertex 158.02917997539043 121.84943963587284 11.290704872441438
      vertex 158.02917997539043 121.84943963587284 0
    endloop
  endfacet
  facet normal 0.14673047359053876 0.9891765100930654 0
    outer loop
      vertex 158.02917997539043 121.84943963587284 0
      vertex 159.04844838380814 121.6982454508543 11.282775107497859
      vertex 159.04844838380814 121.6982454508543 0
    endloop
  endfacet
  facet normal 0.24298018042840003 0.9700312530630043 0
    outer loop
      vertex 159.04844838380814 121.6982454508543 0
      vertex 160.0479891076684 121.44787353277206 11.269643713201036
      vertex 160.0479891076684 121.44787353277206 0
    endloop
  endfacet
  facet normal 0 1 0
    outer loop
      vertex 157 121.90000000596046 0
      vertex 155 121.90000000596046 2
      vertex 157 121.90000000596046 11.293356640101722
    endloop
  endfacet
  facet normal -0.9700312530630043 -0.2429801804284 0
    outer loop
      vertex 160.43274848163128 112.08281613141298 0
      vertex 160.43274848163128 112.08281613141298 10.77846937427527
      vertex 160.34929117560387 112.41599637269974 10.795943862443746
    endloop
  endfacet
  facet normal -0.9415440640292254 -0.33688985661686227 0
    outer loop
      vertex 160.34929117560387 112.41599637269974 0
      vertex 160.34929117560387 112.41599637269974 10.795943862443746
      vertex 160.23357836157084 112.73939201980829 10.812905172596203
    endloop
  endfacet
  facet normal -0.5956993006285489 -0.8032075343462968 0
    outer loop
      vertex 159.22037649154663 114.10553659498692 0
      vertex 159.22037649154663 114.10553659498692 10.884556111809134
      vertex 158.94449581205845 114.3101436495781 10.89528725102925
    endloop
  endfacet
  facet normal -0.9039892946109568 -0.4275550902851992 0
    outer loop
      vertex 160.23357836157084 112.73939201980829 0
      vertex 160.23357836157084 112.73939201980829 10.812905172596203
      vertex 160.08672442287207 113.0498885884881 10.829189957656666
    endloop
  endfacet
  facet normal -0.8577286082315032 -0.5141027471442343 0
    outer loop
      vertex 160.08672442287207 113.0498885884881 0
      vertex 160.08672442287207 113.0498885884881 10.829189957656666
      vertex 159.91014364361763 113.34449581801891 10.844641385769274
    endloop
  endfacet
  facet normal -0.8032075343462968 -0.595699300628549 0
    outer loop
      vertex 159.91014364361763 113.34449581801891 0
      vertex 159.91014364361763 113.34449581801891 10.844641385769274
      vertex 159.70553658902645 113.6203764975071 10.859110652166972
    endloop
  endfacet
  facet normal -0.740951132542884 -0.6715589469163654 0
    outer loop
      vertex 159.70553658902645 113.6203764975071 0
      vertex 159.70553658902645 113.6203764975071 10.859110652166972
      vertex 159.47487373650074 113.8748737424612 10.872458409761135
    endloop
  endfacet
  facet normal -0.6715589469163654 -0.740951132542884 0
    outer loop
      vertex 159.47487373650074 113.8748737424612 0
      vertex 159.47487373650074 113.8748737424612 10.872458409761135
      vertex 159.22037649154663 114.10553659498692 10.884556111809134
    endloop
  endfacet
  facet normal -0.0490676812355168 -0.9987954558657993 0
    outer loop
      vertex 157.34305999428034 114.88314654678106 0
      vertex 157.34305999428034 114.88314654678106 10.925339850514158
      vertex 157 114.90000000596046 10.926223773197842
    endloop
  endfacet
  facet normal -0.1467304686145331 -0.9891765108311861 0
    outer loop
      vertex 157.68281612545252 114.83274848759174 0
      vertex 157.68281612545252 114.83274848759174 10.92269659566322
      vertex 157.34305999428034 114.88314654678106 10.925339850514158
    endloop
  endfacet
  facet normal -0.24298018042839997 -0.9700312530630042 0
    outer loop
      vertex 158.01599636673927 114.74929118156433 0
      vertex 158.01599636673927 114.74929118156433 10.918319464230947
      vertex 157.68281612545252 114.83274848759174 10.92269659566322
    endloop
  endfacet
  facet normal -0.3368898566168622 -0.9415440640292253 0
    outer loop
      vertex 158.33939201384783 114.6335783675313 0
      vertex 158.33939201384783 114.6335783675313 10.912250610351881
      vertex 158.01599636673927 114.74929118156433 10.918319464230947
    endloop
  endfacet
  facet normal -0.4275550902851991 -0.9039892946109567 0
    outer loop
      vertex 158.64988858252764 114.48672442883253 0
      vertex 158.64988858252764 114.48672442883253 10.904548480704651
      vertex 158.33939201384783 114.6335783675313 10.912250610351881
    endloop
  endfacet
  facet normal -0.5141027471442344 -0.8577286082315032 0
    outer loop
      vertex 158.94449581205845 114.3101436495781 0
      vertex 158.94449581205845 114.3101436495781 10.89528725102925
      vertex 158.64988858252764 114.48672442883253 10.904548480704651
    endloop
  endfacet
  facet normal 1 0 0
    outer loop
      vertex 167.5 111.40000000596046 0
      vertex 167.5 111.40000000596046 10.742657339745902
      vertex 167.5 100.23081851005554 10.156861107808567
    endloop
  endfacet
  facet normal -0.9987954558657993 -0.04906768123551681 0
    outer loop
      vertex 160.5 111.40000000596046 0
      vertex 160.5 111.40000000596046 10.742657339745902
      vertex 160.4831465408206 111.7430600002408 10.760649996777355
    endloop
  endfacet
  facet normal -0.9891765108311861 -0.14673046861453307 0
    outer loop
      vertex 160.4831465408206 111.7430600002408 0
      vertex 160.4831465408206 111.7430600002408 10.760649996777355
      vertex 160.43274848163128 112.08281613141298 10.77846937427527
    endloop
  endfacet
  facet normal 0.9700312530630042 0.2429801804284 0
    outer loop
      vertex 167.0478735268116 114.44798911362886 0
      vertex 167.0478735268116 114.44798911362886 10.902516908230202
      vertex 167.29824544489384 113.4484483897686 10.850093443724774
    endloop
  endfacet
  facet normal 0.9987954562027528 0.04906767437667093 0
    outer loop
      vertex 167.44943962991238 112.4291799813509 0
      vertex 167.44943962991238 112.4291799813509 10.796635310449496
      vertex 167.5 111.40000000596046 10.742657339745902
    endloop
  endfacet
  facet normal 0.9891765100930654 0.14673047359053878 0
    outer loop
      vertex 167.29824544489384 113.4484483897686 0
      vertex 167.29824544489384 113.4484483897686 10.850093443724774
      vertex 167.44943962991238 112.4291799813509 10.796635310449496
    endloop
  endfacet
  facet normal 0.4275550930798704 0.9039892932891758 0
    outer loop
      vertex 161.01817604154348 121.10073509812355 0
      vertex 161.01817604154348 121.10073509812355 11.251437151954603
      vertex 161.94966574013233 120.66017328202724 11.228330763012915
    endloop
  endfacet
  facet normal 0.5141027460869526 0.8577286088652134 0
    outer loop
      vertex 161.94966574013233 120.66017328202724 0
      vertex 161.94966574013233 120.66017328202724 11.228330763012915
      vertex 162.83348744362593 120.13043093681335 11.20054707359595
    endloop
  endfacet
  facet normal 0.7409511260209917 0.6715589541121647 0
    outer loop
      vertex 164.42462120205164 118.8246212080121 0
      vertex 164.42462120205164 118.8246212080121 11.132060549400837
      vertex 165.11660975962877 118.06112948805094 11.092017277399878
    endloop
  endfacet
  facet normal 0.6715589541121648 0.7409511260209917 0
    outer loop
      vertex 163.66112948209047 119.51660976558924 0
      vertex 163.66112948209047 119.51660976558924 11.168353655544834
      vertex 164.42462120205164 118.8246212080121 11.132060549400837
    endloop
  endfacet
  facet normal 0.595699305293326 0.8032075308866623 0
    outer loop
      vertex 162.83348744362593 120.13043093681335 0
      vertex 162.83348744362593 120.13043093681335 11.20054707359595
      vertex 163.66112948209047 119.51660976558924 11.168353655544834
    endloop
  endfacet
  facet normal 0.9415440655021154 0.33688985250041004 0
    outer loop
      vertex 166.7007350921631 115.41817604750395 0
      vertex 166.7007350921631 115.41817604750395 10.953400838296808
      vertex 167.0478735268116 114.44798911362886 10.902516908230202
    endloop
  endfacet
  facet normal 0.9039892932891758 0.42755509307987033 0
    outer loop
      vertex 166.26017327606678 116.3496657460928 0
      vertex 166.26017327606678 116.3496657460928 11.00225519308743
      vertex 166.7007350921631 115.41817604750395 10.953400838296808
    endloop
  endfacet
  facet normal 0.8577286088652135 0.5141027460869526 0
    outer loop
      vertex 165.7304309308529 117.23348744958639 0
      vertex 165.7304309308529 117.23348744958639 11.048609478206783
      vertex 166.26017327606678 116.3496657460928 11.00225519308743
    endloop
  endfacet
  facet normal 0.8032075308866623 0.595699305293326 0
    outer loop
      vertex 165.11660975962877 118.06112948805094 0
      vertex 165.11660975962877 118.06112948805094 11.092017277399878
      vertex 165.7304309308529 117.23348744958639 11.048609478206783
    endloop
  endfacet
  facet normal 0 1 0
    outer loop
      vertex 143 121.90000000596046 2
      vertex 87 121.90000000596046 11.293356640101722
      vertex 143 121.90000000596046 11.293356640101722
    endloop
  endfacet
  facet normal 0 -1 0
    outer loop
      vertex 155 114.90000000596046 2
      vertex 157 114.90000000596046 10.926223773197842
      vertex 155 114.90000000596046 10.926223773197842
    endloop
  endfacet
  facet normal 0.33688985250041004 0.9415440655021154 0
    outer loop
      vertex 160.0479891076684 121.44787353277206 0
      vertex 160.0479891076684 121.44787353277206 11.269643713201036
      vertex 161.01817604154348 121.10073509812355 11.251437151954603
    endloop
  endfacet
  facet normal 0.04906767437667093 0.9987954562027528 0
    outer loop
      vertex 157 121.90000000596046 0
      vertex 157 121.90000000596046 11.293356640101722
      vertex 158.02917997539043 121.84943963587284 11.290704872441438
    endloop
  endfacet
  facet normal 0.14673047359053876 0.9891765100930654 0
    outer loop
      vertex 158.02917997539043 121.84943963587284 0
      vertex 158.02917997539043 121.84943963587284 11.290704872441438
      vertex 159.04844838380814 121.6982454508543 11.282775107497859
    endloop
  endfacet
  facet normal 0.24298018042840003 0.9700312530630043 0
    outer loop
      vertex 159.04844838380814 121.6982454508543 0
      vertex 159.04844838380814 121.6982454508543 11.282775107497859
      vertex 160.0479891076684 121.44787353277206 11.269643713201036
    endloop
  endfacet
  facet normal 0 1 0
    outer loop
      vertex 155 121.90000000596046 2
      vertex 155 121.90000000596046 11.293356640101722
      vertex 157 121.90000000596046 11.293356640101722
    endloop
  endfacet
  facet normal -6.17923972655351e-17 -0.05237556595212147 0.9986274581099776
    outer loop
      vertex -1.0181760415434837 -6.700735092163086 4.54856284545593
      vertex 1.660607986152172 -0.2335783615708351 4.887749387058652
      vertex -1.9496657401323318 -6.26017327606678 4.571669234397618
    endloop
  endfacet
  facet normal 4.929641658380016e-17 -0.05237556595212151 0.9986274581099776
    outer loop
      vertex -1.0181760415434837 -6.700735092163086 4.54856284545593
      vertex -0.04798910766839981 -7.0478735268116 4.530356284209496
      vertex 1.984003633260727 -0.3492911756038666 4.881680533179586
    endloop
  endfacet
  facet normal 1.4923896894840234e-16 -0.05237556595212146 0.9986274581099776
    outer loop
      vertex -0.04798910766839981 -7.0478735268116 4.530356284209496
      vertex 0.951551616191864 -7.298245444893837 4.517224889912674
      vertex 2.3171838745474815 -0.432748481631279 4.877303401747311
    endloop
  endfacet
  facet normal 5.474288861163553e-16 -0.05237556595212161 0.9986274581099774
    outer loop
      vertex 0.951551616191864 -7.298245444893837 4.517224889912674
      vertex 1.9708200246095657 -7.449439629912376 4.5092951249690945
      vertex 2.6569400057196617 -0.4831465408205986 4.874660146896374
    endloop
  endfacet
  facet normal -3.7013276141956053e-16 -0.052375565952121485 0.9986274581099776
    outer loop
      vertex 1.9708200246095657 -7.449439629912376 4.5092951249690945
      vertex 3 -7.5 4.5066433573088105
      vertex 3 -0.5 4.8737762242126905
    endloop
  endfacet
  facet normal -1.0224464276642977e-16 -0.05237556595212141 0.9986274581099776
    outer loop
      vertex -2.833487443625927 -5.73043093085289 4.599452923814583
      vertex -1.9496657401323318 -6.26017327606678 4.571669234397618
      vertex 1.3501114174723625 -0.0867244228720665 4.895451516705881
    endloop
  endfacet
  facet normal 3.996888242683029e-16 -0.05237556595212196 0.9986274581099776
    outer loop
      vertex -4.42462120205164 -4.42462120205164 4.667939448009695
      vertex 0.52512626349926 0.52512626349926 4.927541587649397
      vertex -5.116609759628773 -3.661129482090473 4.707982720010655
    endloop
  endfacet
  facet normal -7.627637001760538e-17 -0.05237556595212132 0.9986274581099777
    outer loop
      vertex -5.116609759628773 -3.661129482090473 4.707982720010655
      vertex 0.2944634109735489 0.7796235084533691 4.94088934524356
      vertex -5.73043093085289 -2.833487443625927 4.751390519203749
    endloop
  endfacet
  facet normal -1.9591502645328304e-16 -0.05237556595212105 0.9986274581099776
    outer loop
      vertex -5.73043093085289 -2.833487443625927 4.751390519203749
      vertex 0.08985635638237 1.0555041879415512 4.955358611641258
      vertex -6.26017327606678 -1.9496657401323318 4.797744804323102
    endloop
  endfacet
  facet normal 1.0513647950374306e-17 -0.05237556595212152 0.9986274581099776
    outer loop
      vertex -6.26017327606678 -1.9496657401323318 4.797744804323102
      vertex -0.0867244228720665 1.3501114174723625 4.970810039753866
      vertex -6.700735092163086 -1.0181760415434837 4.846599159113724
    endloop
  endfacet
  facet normal 1.1300147985628736e-16 -0.0523755659521216 0.9986274581099774
    outer loop
      vertex -3.661129482090473 -5.116609759628773 4.631646341865698
      vertex 0.7796235084533691 0.2944634109735489 4.915443885601398
      vertex -4.42462120205164 -4.42462120205164 4.667939448009695
    endloop
  endfacet
  facet normal -2.826777645135106e-16 -0.05237556595212123 0.9986274581099776
    outer loop
      vertex -2.833487443625927 -5.73043093085289 4.599452923814583
      vertex 1.0555041879415512 0.08985635638237 4.904712746381281
      vertex -3.661129482090473 -5.116609759628773 4.631646341865698
    endloop
  endfacet
  facet normal 3.350505213480016e-16 -0.05237556595212176 0.9986274581099776
    outer loop
      vertex -3.661129482090473 -5.116609759628773 4.631646341865698
      vertex 1.0555041879415512 0.08985635638237 4.904712746381281
      vertex 0.7796235084533691 0.2944634109735489 4.915443885601398
    endloop
  endfacet
  facet normal -8.573332274933309e-17 -0.052375565952121284 0.9986274581099776
    outer loop
      vertex -5.116609759628773 -3.661129482090473 4.707982720010655
      vertex 0.52512626349926 0.52512626349926 4.927541587649397
      vertex 0.2944634109735489 0.7796235084533691 4.94088934524356
    endloop
  endfacet
  facet normal 6.919513798683157e-16 -0.052375565952122186 0.9986274581099777
    outer loop
      vertex -4.42462120205164 -4.42462120205164 4.667939448009695
      vertex 0.7796235084533691 0.2944634109735489 4.915443885601398
      vertex 0.52512626349926 0.52512626349926 4.927541587649397
    endloop
  endfacet
  facet normal 1.1074919384256624e-16 -0.052375565952122304 0.9986274581099774
    outer loop
      vertex -7.298245444893837 0.951551616191864 4.949906553685759
      vertex -0.432748481631279 2.3171838745474815 5.021530623135262
      vertex -7.449439629912376 1.9708200246095657 5.003364686961038
    endloop
  endfacet
  facet normal 4.443797163151432e-17 -0.05237556595212074 0.9986274581099776
    outer loop
      vertex -7.449439629912376 1.9708200246095657 5.003364686961038
      vertex -0.4831465408205986 2.6569400057196617 5.039350000633178
      vertex -7.5 3 5.0573426576646305
    endloop
  endfacet
  facet normal 5.1083686579830607e-17 -0.05237556595212173 0.9986274581099776
    outer loop
      vertex -6.700735092163086 -1.0181760415434837 4.846599159113724
      vertex -0.2335783615708351 1.660607986152172 4.987094824814329
      vertex -7.0478735268116 -0.04798910766839981 4.897483089180331
    endloop
  endfacet
  facet normal -5.079010029692984e-16 -0.0523755659521206 0.9986274581099777
    outer loop
      vertex -5.73043093085289 -2.833487443625927 4.751390519203749
      vertex 0.2944634109735489 0.7796235084533691 4.94088934524356
      vertex 0.08985635638237 1.0555041879415512 4.955358611641258
    endloop
  endfacet
  facet normal 1.2577862864759367e-16 -0.05237556595212182 0.9986274581099777
    outer loop
      vertex -6.26017327606678 -1.9496657401323318 4.797744804323102
      vertex 0.08985635638237 1.0555041879415512 4.955358611641258
      vertex -0.0867244228720665 1.3501114174723625 4.970810039753866
    endloop
  endfacet
  facet normal -6.749022140051148e-17 -0.05237556595212121 0.9986274581099776
    outer loop
      vertex -7.0478735268116 -0.04798910766839981 4.897483089180331
      vertex -0.3492911756038666 1.984003633260727 5.004056134966786
      vertex -7.298245444893837 0.951551616191864 4.949906553685759
    endloop
  endfacet
  facet normal 5.761604144353718e-17 -0.05237556595212207 0.9986274581099776
    outer loop
      vertex -7.298245444893837 0.951551616191864 4.949906553685759
      vertex -0.3492911756038666 1.984003633260727 5.004056134966786
      vertex -0.432748481631279 2.3171838745474815 5.021530623135262
    endloop
  endfacet
  facet normal 2.1256495590343453e-17 -0.05237556595212053 0.9986274581099777
    outer loop
      vertex -7.449439629912376 1.9708200246095657 5.003364686961038
      vertex -0.432748481631279 2.3171838745474815 5.021530623135262
      vertex -0.4831465408205986 2.6569400057196617 5.039350000633178
    endloop
  endfacet
  facet normal -1.2670847965903898e-16 -0.05237556595212423 0.9986274581099774
    outer loop
      vertex -7.5 3 5.0573426576646305
      vertex -0.4831465408205986 2.6569400057196617 5.039350000633178
      vertex -0.5 3 5.057342657664631
    endloop
  endfacet
  facet normal 3.228922229385054e-16 -0.05237556595212238 0.9986274581099774
    outer loop
      vertex -6.700735092163086 -1.0181760415434837 4.846599159113724
      vertex -0.0867244228720665 1.3501114174723625 4.970810039753866
      vertex -0.2335783615708351 1.660607986152172 4.987094824814329
    endloop
  endfacet
  facet normal -1.5493530989489931e-16 -0.05237556595212091 0.9986274581099776
    outer loop
      vertex -7.0478735268116 -0.04798910766839981 4.897483089180331
      vertex -0.2335783615708351 1.660607986152172 4.987094824814329
      vertex -0.3492911756038666 1.984003633260727 5.004056134966786
    endloop
  endfacet
  facet normal -8.187494944077025e-16 -0.052375565952121055 0.9986274581099776
    outer loop
      vertex -1.9496657401323318 -6.26017327606678 4.571669234397618
      vertex 1.660607986152172 -0.2335783615708351 4.887749387058652
      vertex 1.3501114174723625 -0.0867244228720665 4.895451516705881
    endloop
  endfacet
  facet normal 8.316854307038853e-17 -0.05237556595212159 0.9986274581099776
    outer loop
      vertex -1.0181760415434837 -6.700735092163086 4.54856284545593
      vertex 1.984003633260727 -0.3492911756038666 4.881680533179586
      vertex 1.660607986152172 -0.2335783615708351 4.887749387058652
    endloop
  endfacet
  facet normal 1.7212919475732892e-15 -0.05237556595212202 0.9986274581099776
    outer loop
      vertex -0.04798910766839981 -7.0478735268116 4.530356284209496
      vertex 2.3171838745474815 -0.432748481631279 4.877303401747311
      vertex 1.984003633260727 -0.3492911756038666 4.881680533179586
    endloop
  endfacet
  facet normal -8.335323723166978e-16 -0.05237556595212086 0.9986274581099774
    outer loop
      vertex -2.833487443625927 -5.73043093085289 4.599452923814583
      vertex 1.3501114174723625 -0.0867244228720665 4.895451516705881
      vertex 1.0555041879415512 0.08985635638237 4.904712746381281
    endloop
  endfacet
  facet normal -1.1192408561267179e-15 -0.052375565952121186 0.9986274581099776
    outer loop
      vertex 0.951551616191864 -7.298245444893837 4.517224889912674
      vertex 2.6569400057196617 -0.4831465408205986 4.874660146896374
      vertex 2.3171838745474815 -0.432748481631279 4.877303401747311
    endloop
  endfacet
  facet normal 4.634915735841933e-16 -0.05237556595212161 0.9986274581099774
    outer loop
      vertex 1.9708200246095657 -7.449439629912376 4.5092951249690945
      vertex 3 -0.5 4.8737762242126905
      vertex 2.6569400057196617 -0.4831465408205986 4.874660146896374
    endloop
  endfacet
  facet normal -1.26708479659039e-16 -0.05237556595212152 0.9986274581099777
    outer loop
      vertex -7.5 3 5.0573426576646305
      vertex -0.5 3 5.057342657664631
      vertex -2.7999999970197678 44.952514819800854 7.257649377610489
    endloop
  endfacet
  facet normal -1.1902919792310765e-16 -0.052375565952121506 0.9986274581099776
    outer loop
      vertex -7.5 3 5.0573426576646305
      vertex -2.7999999970197678 44.952514819800854 7.257649377610489
      vertex -7.5 46.51918148249388 7.339817209518664
    endloop
  endfacet
  facet normal 2.830235776631655e-16 -0.05237556595212149 0.9986274581099776
    outer loop
      vertex -0.5 3 5.057342657664631
      vertex -2.7999999970197678 56.507485173642635 7.863679290895528
      vertex -2.7999999970197678 44.952514819800854 7.257649377610489
    endloop
  endfacet
  facet normal 0 -0.05237556595212149 0.9986274581099777
    outer loop
      vertex 3 -7.5 4.5066433573088105
      vertex 157 -0.5 4.8737762242126905
      vertex 3 -0.5 4.8737762242126905
    endloop
  endfacet
  facet normal -8.177580744303823e-16 -0.05237556595212153 0.9986274581099776
    outer loop
      vertex -0.5 3 5.057342657664631
      vertex -2.7999999970197678 90.24251482635736 9.632999026822468
      vertex -2.7999999970197678 56.507485173642635 7.863679290895528
    endloop
  endfacet
  facet normal 3.4256683330322443e-15 -0.052375565952121395 0.9986274581099776
    outer loop
      vertex -0.5 3 5.057342657664631
      vertex -2.7999999970197678 101.79748518019915 10.239028940107506
      vertex -2.7999999970197678 90.24251482635736 9.632999026822468
    endloop
  endfacet
  facet normal -9.960416602819777e-17 -0.05237556595212153 0.9986274581099774
    outer loop
      vertex -7.5 54.94081850349903 7.781511458596588
      vertex -2.7999999970197678 56.507485173642635 7.863679290895528
      vertex -7.5 91.80918148905039 9.715166858730642
    endloop
  endfacet
  facet normal -6.047705547910444e-16 -0.05237556595212151 0.9986274581099776
    outer loop
      vertex -0.5 3 5.057342657664631
      vertex -0.5 111.40000000596046 10.742657339745902
      vertex -2.7999999970197678 101.79748518019915 10.239028940107506
    endloop
  endfacet
  facet normal -7.937373748759897e-17 -0.05237556595212154 0.9986274581099776
    outer loop
      vertex -2.7999999970197678 56.507485173642635 7.863679290895528
      vertex -2.7999999970197678 90.24251482635736 9.632999026822468
      vertex -7.5 91.80918148905039 9.715166858730642
    endloop
  endfacet
  facet normal 9.653621584971167e-17 -0.052375565952121554 0.9986274581099776
    outer loop
      vertex -7.5 100.23081851005554 10.156861107808567
      vertex -2.7999999970197678 101.79748518019915 10.239028940107506
      vertex -7.5 111.40000000596046 10.742657339745902
    endloop
  endfacet
  facet normal -1.5662225827289871e-18 -0.0523755659521216 0.9986274581099774
    outer loop
      vertex -7.5 111.40000000596046 10.742657339745902
      vertex -0.4831465408205986 111.7430600002408 10.760649996777355
      vertex -7.449439629912376 112.4291799813509 10.796635310449496
    endloop
  endfacet
  facet normal -3.64604439383721e-18 -0.05237556595212161 0.9986274581099776
    outer loop
      vertex -2.7999999970197678 101.79748518019915 10.239028940107506
      vertex -0.5 111.40000000596046 10.742657339745902
      vertex -7.5 111.40000000596046 10.742657339745902
    endloop
  endfacet
  facet normal 0 -0.05237556595212164 0.9986274581099774
    outer loop
      vertex -7.5 111.40000000596046 10.742657339745902
      vertex -0.5 111.40000000596046 10.742657339745902
      vertex -0.4831465408205986 111.7430600002408 10.760649996777355
    endloop
  endfacet
  facet normal 3.57946568586011e-16 -0.05237556595211797 0.9986274581099777
    outer loop
      vertex -0.4831465408205986 111.7430600002408 10.760649996777355
      vertex -0.432748481631279 112.08281613141298 10.77846937427527
      vertex -7.449439629912376 112.4291799813509 10.796635310449496
    endloop
  endfacet
  facet normal 1.8325225647027403e-16 -0.052375565952121485 0.9986274581099776
    outer loop
      vertex -7.449439629912376 112.4291799813509 10.796635310449496
      vertex -0.432748481631279 112.08281613141298 10.77846937427527
      vertex -7.298245444893837 113.4484483897686 10.850093443724774
    endloop
  endfacet
  facet normal 3.1664278988968554e-16 -0.05237556595212039 0.9986274581099777
    outer loop
      vertex -7.298245444893837 113.4484483897686 10.850093443724774
      vertex -0.3492911756038666 112.41599637269974 10.795943862443746
      vertex -7.0478735268116 114.44798911362886 10.9025169082302
    endloop
  endfacet
  facet normal -2.592458262943391e-16 -0.05237556595212258 0.9986274581099776
    outer loop
      vertex -0.2335783615708351 112.73939201980829 10.812905172596203
      vertex -6.700735092163086 115.41817604750395 10.953400838296808
      vertex -7.0478735268116 114.44798911362886 10.9025169082302
    endloop
  endfacet
  facet normal 6.304818346326565e-17 -0.05237556595212206 0.9986274581099773
    outer loop
      vertex -7.298245444893837 113.4484483897686 10.850093443724774
      vertex -0.432748481631279 112.08281613141298 10.77846937427527
      vertex -0.3492911756038666 112.41599637269974 10.795943862443746
    endloop
  endfacet
  facet normal 1.5045385721209336e-16 -0.05237556595212093 0.9986274581099776
    outer loop
      vertex -0.3492911756038666 112.41599637269974 10.795943862443746
      vertex -0.2335783615708351 112.73939201980829 10.812905172596203
      vertex -7.0478735268116 114.44798911362886 10.9025169082302
    endloop
  endfacet
  facet normal -1.1905031456487935e-15 -0.05237556595212481 0.9986274581099774
    outer loop
      vertex -0.2335783615708351 112.73939201980829 10.812905172596203
      vertex -0.0867244228720665 113.0498885884881 10.829189957656666
      vertex -6.700735092163086 115.41817604750395 10.953400838296808
    endloop
  endfacet
  facet normal 1.0763781859392656e-15 -0.052375565952119486 0.9986274581099777
    outer loop
      vertex -0.0867244228720665 113.0498885884881 10.829189957656666
      vertex 0.08985635638237 113.34449581801891 10.844641385769274
      vertex -6.26017327606678 116.3496657460928 11.00225519308743
    endloop
  endfacet
  facet normal -1.1845272964124824e-17 -0.052375565952121526 0.9986274581099776
    outer loop
      vertex -0.0867244228720665 113.0498885884881 10.829189957656666
      vertex -6.26017327606678 116.3496657460928 11.00225519308743
      vertex -6.700735092163086 115.41817604750395 10.953400838296808
    endloop
  endfacet
  facet normal 3.0391556527422893e-16 -0.0523755659521211 0.9986274581099776
    outer loop
      vertex 0.08985635638237 113.34449581801891 10.844641385769274
      vertex -5.73043093085289 117.23348744958639 11.048609478206783
      vertex -6.26017327606678 116.3496657460928 11.00225519308743
    endloop
  endfacet
  facet normal 7.254349369549367e-17 -0.05237556595212131 0.9986274581099776
    outer loop
      vertex 0.2944634109735489 113.6203764975071 10.859110652166972
      vertex -5.116609759628773 118.06112948805094 11.092017277399878
      vertex -5.73043093085289 117.23348744958639 11.048609478206783
    endloop
  endfacet
  facet normal -8.142295182031678e-16 -0.05237556595212278 0.9986274581099774
    outer loop
      vertex 0.08985635638237 113.34449581801891 10.844641385769274
      vertex 0.2944634109735489 113.6203764975071 10.859110652166972
      vertex -5.73043093085289 117.23348744958639 11.048609478206783
    endloop
  endfacet
  facet normal 7.164916362805543e-17 -0.05237556595212132 0.9986274581099776
    outer loop
      vertex 0.2944634109735489 113.6203764975071 10.859110652166972
      vertex 0.52512626349926 113.8748737424612 10.872458409761135
      vertex -5.116609759628773 118.06112948805094 11.092017277399878
    endloop
  endfacet
  facet normal -8.150931126337341e-16 -0.0523755659521222 0.9986274581099774
    outer loop
      vertex -4.42462120205164 118.8246212080121 11.132060549400837
      vertex 0.52512626349926 113.8748737424612 10.872458409761135
      vertex 0.7796235084533691 114.10553659498692 10.884556111809134
    endloop
  endfacet
  facet normal 1.6346065027886617e-15 -0.05237556595212022 0.9986274581099777
    outer loop
      vertex -3.661129482090473 119.51660976558924 11.168353655544834
      vertex 0.7796235084533691 114.10553659498692 10.884556111809134
      vertex 1.0555041879415512 114.3101436495781 10.89528725102925
    endloop
  endfacet
  facet normal 1.1417327987428929e-16 -0.05237556595212126 0.9986274581099776
    outer loop
      vertex -5.116609759628773 118.06112948805094 11.092017277399878
      vertex 0.52512626349926 113.8748737424612 10.872458409761135
      vertex -4.42462120205164 118.8246212080121 11.132060549400837
    endloop
  endfacet
  facet normal -7.796456087090701e-16 -0.05237556595212215 0.9986274581099774
    outer loop
      vertex -4.42462120205164 118.8246212080121 11.132060549400837
      vertex 0.7796235084533691 114.10553659498692 10.884556111809134
      vertex -3.661129482090473 119.51660976558924 11.168353655544834
    endloop
  endfacet
  facet normal 3.6018321985942773e-16 -0.05237556595212133 0.9986274581099776
    outer loop
      vertex -3.661129482090473 119.51660976558924 11.168353655544834
      vertex 1.0555041879415512 114.3101436495781 10.89528725102925
      vertex -2.833487443625927 120.13043093681335 11.20054707359595
    endloop
  endfacet
  facet normal 1.0493156061235466e-16 -0.0523755659521214 0.9986274581099776
    outer loop
      vertex -2.833487443625927 120.13043093681335 11.20054707359595
      vertex 1.3501114174723625 114.48672442883253 10.904548480704651
      vertex -1.9496657401323318 120.66017328202724 11.228330763012915
    endloop
  endfacet
  facet normal -1.2987781121921083e-15 -0.05237556595212236 0.9986274581099774
    outer loop
      vertex -2.833487443625927 120.13043093681335 11.20054707359595
      vertex 1.0555041879415512 114.3101436495781 10.89528725102925
      vertex 1.3501114174723625 114.48672442883253 10.904548480704651
    endloop
  endfacet
  facet normal -1.4649314131714808e-15 -0.05237556595212219 0.9986274581099776
    outer loop
      vertex -1.9496657401323318 120.66017328202724 11.228330763012915
      vertex 1.3501114174723625 114.48672442883253 10.904548480704651
      vertex 1.660607986152172 114.6335783675313 10.912250610351881
    endloop
  endfacet
  facet normal -1.2487845885094646e-16 -0.05237556595212141 0.9986274581099776
    outer loop
      vertex 1.660607986152172 114.6335783675313 10.912250610351881
      vertex 1.984003633260727 114.74929118156433 10.918319464230947
      vertex -1.0181760415434837 121.10073509812355 11.251437151954603
    endloop
  endfacet
  facet normal 3.138492255099736e-15 -0.052375565952120416 0.9986274581099776
    outer loop
      vertex 1.984003633260727 114.74929118156433 10.918319464230947
      vertex 2.3171838745474815 114.83274848759174 10.92269659566322
      vertex -0.04798910766839981 121.44787353277206 11.269643713201036
    endloop
  endfacet
  facet normal 1.1852402435496815e-15 -0.052375565952121325 0.9986274581099776
    outer loop
      vertex 2.3171838745474815 114.83274848759174 10.92269659566322
      vertex 2.6569400057196617 114.88314654678106 10.925339850514158
      vertex 0.951551616191864 121.6982454508543 11.282775107497859
    endloop
  endfacet
  facet normal -3.0884401858703602e-15 -0.052375565952122005 0.9986274581099777
    outer loop
      vertex 2.6569400057196617 114.88314654678106 10.925339850514158
      vertex 3 114.90000000596046 10.926223773197842
      vertex 1.9708200246095657 121.84943963587284 11.290704872441438
    endloop
  endfacet
  facet normal 5.543394015697272e-18 -0.05237556595212135 0.9986274581099776
    outer loop
      vertex -1.9496657401323318 120.66017328202724 11.228330763012915
      vertex 1.660607986152172 114.6335783675313 10.912250610351881
      vertex -1.0181760415434837 121.10073509812355 11.251437151954603
    endloop
  endfacet
  facet normal -9.840841477807937e-17 -0.05237556595212138 0.9986274581099776
    outer loop
      vertex 1.984003633260727 114.74929118156433 10.918319464230947
      vertex -0.04798910766839981 121.44787353277206 11.269643713201036
      vertex -1.0181760415434837 121.10073509812355 11.251437151954603
    endloop
  endfacet
  facet normal -9.796939574435086e-17 -0.05237556595212158 0.9986274581099776
    outer loop
      vertex 2.3171838745474815 114.83274848759174 10.92269659566322
      vertex 0.951551616191864 121.6982454508543 11.282775107497859
      vertex -0.04798910766839981 121.44787353277206 11.269643713201036
    endloop
  endfacet
  facet normal -5.172242545740248e-16 -0.05237556595212174 0.9986274581099774
    outer loop
      vertex 2.6569400057196617 114.88314654678106 10.925339850514158
      vertex 1.9708200246095657 121.84943963587284 11.290704872441438
      vertex 0.951551616191864 121.6982454508543 11.282775107497859
    endloop
  endfacet
  facet normal 3.6934787701530134e-16 -0.052375565952121485 0.9986274581099776
    outer loop
      vertex 3 114.90000000596046 10.926223773197842
      vertex 3 121.90000000596046 11.293356640101722
      vertex 1.9708200246095657 121.84943963587284 11.290704872441438
    endloop
  endfacet
  facet normal 0 -0.052375565952121485 0.9986274581099776
    outer loop
      vertex 3 114.90000000596046 10.926223773197842
      vertex 73 121.90000000596046 11.293356640101722
      vertex 3 121.90000000596046 11.293356640101722
    endloop
  endfacet
  facet normal 0 -0.052375565952121485 0.9986274581099776
    outer loop
      vertex 3 114.90000000596046 10.926223773197842
      vertex 73 114.90000000596046 10.926223773197842
      vertex 73 121.90000000596046 11.293356640101722
    endloop
  endfacet
  facet normal 0 -0.05237556595212149 0.9986274581099777
    outer loop
      vertex 3 -7.5 4.5066433573088105
      vertex 157 -7.5 4.5066433573088105
      vertex 157 -0.5 4.8737762242126905
    endloop
  endfacet
  facet normal 3.7219298608157084e-16 -0.05237556595212152 0.9986274581099774
    outer loop
      vertex 157 -7.5 4.5066433573088105
      vertex 158.02917997539043 -7.449439629912376 4.5092951249690945
      vertex 157.34305999428034 -0.4831465408205986 4.874660146896374
    endloop
  endfacet
  facet normal -5.596190511949811e-16 -0.05237556595212154 0.9986274581099776
    outer loop
      vertex 158.02917997539043 -7.449439629912376 4.5092951249690945
      vertex 159.04844838380814 -7.298245444893837 4.517224889912674
      vertex 157.68281612545252 -0.432748481631279 4.877303401747311
    endloop
  endfacet
  facet normal -1.2930909843755501e-16 -0.05237556595212153 0.9986274581099776
    outer loop
      vertex 159.04844838380814 -7.298245444893837 4.517224889912674
      vertex 160.0479891076684 -7.0478735268116 4.530356284209496
      vertex 158.01599636673927 -0.3492911756038666 4.881680533179586
    endloop
  endfacet
  facet normal -4.7537995191544766e-17 -0.05237556595212151 0.9986274581099776
    outer loop
      vertex 160.0479891076684 -7.0478735268116 4.530356284209496
      vertex 161.01817604154348 -6.700735092163086 4.54856284545593
      vertex 158.33939201384783 -0.2335783615708351 4.887749387058652
    endloop
  endfacet
  facet normal 4.18558307372571e-17 -0.05237556595212143 0.9986274581099776
    outer loop
      vertex 161.01817604154348 -6.700735092163086 4.54856284545593
      vertex 161.94966574013233 -6.26017327606678 4.571669234397618
      vertex 158.64988858252764 -0.0867244228720665 4.895451516705881
    endloop
  endfacet
  facet normal -5.279944702678277e-16 -0.052375565952121485 0.9986274581099774
    outer loop
      vertex 157 -7.5 4.5066433573088105
      vertex 157.34305999428034 -0.4831465408205986 4.874660146896374
      vertex 157 -0.5 4.8737762242126905
    endloop
  endfacet
  facet normal 1.1145849430609471e-15 -0.05237556595212145 0.9986274581099777
    outer loop
      vertex 158.02917997539043 -7.449439629912376 4.5092951249690945
      vertex 157.68281612545252 -0.432748481631279 4.877303401747311
      vertex 157.34305999428034 -0.4831465408205986 4.874660146896374
    endloop
  endfacet
  facet normal -1.9192412378248527e-15 -0.052375565952121776 0.9986274581099773
    outer loop
      vertex 159.04844838380814 -7.298245444893837 4.517224889912674
      vertex 158.01599636673927 -0.3492911756038666 4.881680533179586
      vertex 157.68281612545252 -0.432748481631279 4.877303401747311
    endloop
  endfacet
  facet normal -3.50064796750669e-17 -0.05237556595212152 0.9986274581099776
    outer loop
      vertex 160.0479891076684 -7.0478735268116 4.530356284209496
      vertex 158.33939201384783 -0.2335783615708351 4.887749387058652
      vertex 158.01599636673927 -0.3492911756038666 4.881680533179586
    endloop
  endfacet
  facet normal 8.860593302760174e-16 -0.05237556595212111 0.9986274581099776
    outer loop
      vertex 161.01817604154348 -6.700735092163086 4.54856284545593
      vertex 158.64988858252764 -0.0867244228720665 4.895451516705881
      vertex 158.33939201384783 -0.2335783615708351 4.887749387058652
    endloop
  endfacet
  facet normal -1.3508235833240465e-15 -0.05237556595212216 0.9986274581099774
    outer loop
      vertex 161.94966574013233 -6.26017327606678 4.571669234397618
      vertex 158.94449581205845 0.08985635638237 4.904712746381282
      vertex 158.64988858252764 -0.0867244228720665 4.895451516705881
    endloop
  endfacet
  facet normal 1.813893401430564e-15 -0.052375565952120354 0.9986274581099777
    outer loop
      vertex 162.83348744362593 -5.73043093085289 4.599452923814583
      vertex 159.22037649154663 0.2944634109735489 4.915443885601398
      vertex 158.94449581205845 0.08985635638237 4.904712746381282
    endloop
  endfacet
  facet normal 1.4553426059112426e-16 -0.052375565952121464 0.9986274581099776
    outer loop
      vertex 161.94966574013233 -6.26017327606678 4.571669234397618
      vertex 162.83348744362593 -5.73043093085289 4.599452923814583
      vertex 158.94449581205845 0.08985635638237 4.904712746381282
    endloop
  endfacet
  facet normal 3.0694289990864166e-16 -0.05237556595212126 0.9986274581099777
    outer loop
      vertex 162.83348744362593 -5.73043093085289 4.599452923814583
      vertex 163.66112948209047 -5.116609759628773 4.631646341865698
      vertex 159.22037649154663 0.2944634109735489 4.915443885601398
    endloop
  endfacet
  facet normal -8.408766058094466e-17 -0.05237556595212164 0.9986274581099776
    outer loop
      vertex 163.66112948209047 -5.116609759628773 4.631646341865698
      vertex 164.42462120205164 -4.42462120205164 4.667939448009695
      vertex 159.47487373650074 0.52512626349926 4.927541587649397
    endloop
  endfacet
  facet normal -7.944589569409073e-16 -0.052375565952122186 0.9986274581099776
    outer loop
      vertex 163.66112948209047 -5.116609759628773 4.631646341865698
      vertex 159.47487373650074 0.52512626349926 4.927541587649397
      vertex 159.22037649154663 0.2944634109735489 4.915443885601398
    endloop
  endfacet
  facet normal 1.1798328493773898e-16 -0.05237556595212147 0.9986274581099774
    outer loop
      vertex 164.42462120205164 -4.42462120205164 4.667939448009695
      vertex 159.70553658902645 0.7796235084533691 4.94088934524356
      vertex 159.47487373650074 0.52512626349926 4.927541587649397
    endloop
  endfacet
  facet normal 7.598986792926259e-16 -0.05237556595212075 0.9986274581099776
    outer loop
      vertex 165.11660975962877 -3.661129482090473 4.707982720010654
      vertex 159.91014364361763 1.0555041879415512 4.955358611641258
      vertex 159.70553658902645 0.7796235084533691 4.94088934524356
    endloop
  endfacet
  facet normal 2.1035456468849132e-16 -0.052375565952121346 0.9986274581099776
    outer loop
      vertex 164.42462120205164 -4.42462120205164 4.667939448009695
      vertex 165.11660975962877 -3.661129482090473 4.707982720010654
      vertex 159.70553658902645 0.7796235084533691 4.94088934524356
    endloop
  endfacet
  facet normal -4.3768427223554648e-16 -0.052375565952122 0.9986274581099774
    outer loop
      vertex 165.11660975962877 -3.661129482090473 4.707982720010654
      vertex 165.7304309308529 -2.833487443625927 4.751390519203749
      vertex 159.91014364361763 1.0555041879415512 4.955358611641258
    endloop
  endfacet
  facet normal 2.2801538622814106e-16 -0.052375565952121075 0.9986274581099776
    outer loop
      vertex 165.7304309308529 -2.833487443625927 4.751390519203749
      vertex 166.26017327606678 -1.9496657401323318 4.797744804323102
      vertex 160.08672442287207 1.3501114174723625 4.970810039753866
    endloop
  endfacet
  facet normal 2.9529007713371994e-17 -0.05237556595212155 0.9986274581099776
    outer loop
      vertex 166.26017327606678 -1.9496657401323318 4.797744804323102
      vertex 166.7007350921631 -1.0181760415434837 4.846599159113724
      vertex 160.23357836157084 1.660607986152172 4.987094824814329
    endloop
  endfacet
  facet normal -2.652008006383839e-16 -0.052375565952121686 0.9986274581099777
    outer loop
      vertex 165.7304309308529 -2.833487443625927 4.751390519203749
      vertex 160.08672442287207 1.3501114174723625 4.970810039753866
      vertex 159.91014364361763 1.0555041879415512 4.955358611641258
    endloop
  endfacet
  facet normal -4.539824365337693e-16 -0.052375565952122345 0.9986274581099776
    outer loop
      vertex 166.26017327606678 -1.9496657401323318 4.797744804323102
      vertex 160.23357836157084 1.660607986152172 4.987094824814329
      vertex 160.08672442287207 1.3501114174723625 4.970810039753866
    endloop
  endfacet
  facet normal -8.712760074411378e-17 -0.05237556595212171 0.9986274581099774
    outer loop
      vertex 166.7007350921631 -1.0181760415434837 4.846599159113724
      vertex 167.0478735268116 -0.04798910766839981 4.897483089180331
      vertex 160.34929117560387 1.984003633260727 5.004056134966786
    endloop
  endfacet
  facet normal 2.696432855411318e-16 -0.05237556595212095 0.9986274581099776
    outer loop
      vertex 166.7007350921631 -1.0181760415434837 4.846599159113724
      vertex 160.34929117560387 1.984003633260727 5.004056134966786
      vertex 160.23357836157084 1.660607986152172 4.987094824814329
    endloop
  endfacet
  facet normal -1.822001753577841e-16 -0.05237556595212201 0.9986274581099776
    outer loop
      vertex 167.0478735268116 -0.04798910766839981 4.897483089180331
      vertex 160.43274848163128 2.3171838745474815 5.021530623135262
      vertex 160.34929117560387 1.984003633260727 5.004056134966786
    endloop
  endfacet
  facet normal 2.406241667103795e-16 -0.052375565952120555 0.9986274581099776
    outer loop
      vertex 160.43274848163128 2.3171838745474815 5.021530623135262
      vertex 167.29824544489384 0.951551616191864 4.949906553685759
      vertex 160.4831465408206 2.6569400057196617 5.039350000633178
    endloop
  endfacet
  facet normal -5.1196301465474246e-18 -0.052375565952121644 0.9986274581099777
    outer loop
      vertex 160.4831465408206 2.6569400057196617 5.039350000633178
      vertex 167.44943962991238 1.9708200246095657 5.003364686961037
      vertex 160.5 3 5.0573426576646305
    endloop
  endfacet
  facet normal 1.0821292157783424e-16 -0.05237556595212122 0.9986274581099776
    outer loop
      vertex 167.0478735268116 -0.04798910766839981 4.897483089180331
      vertex 167.29824544489384 0.951551616191864 4.949906553685759
      vertex 160.43274848163128 2.3171838745474815 5.021530623135262
    endloop
  endfacet
  facet normal 1.233604450284706e-17 -0.052375565952121464 0.9986274581099777
    outer loop
      vertex 160.4831465408206 2.6569400057196617 5.039350000633178
      vertex 167.29824544489384 0.951551616191864 4.949906553685759
      vertex 167.44943962991238 1.9708200246095657 5.003364686961037
    endloop
  endfacet
  facet normal 0 -0.05237556595212161 0.9986274581099776
    outer loop
      vertex 160.5 3 5.0573426576646305
      vertex 167.44943962991238 1.9708200246095657 5.003364686961037
      vertex 167.5 3 5.0573426576646305
    endloop
  endfacet
  facet normal 0 -0.05237556595212151 0.9986274581099777
    outer loop
      vertex 160.5 3 5.0573426576646305
      vertex 167.5 3 5.0573426576646305
      vertex 162.79999999701977 44.952514819800854 7.2576493776104885
    endloop
  endfacet
  facet normal -8.081169845547324e-17 -0.052375565952121506 0.9986274581099776
    outer loop
      vertex 167.5 3 5.0573426576646305
      vertex 167.5 46.51918148249388 7.339817209518664
      vertex 162.79999999701977 44.952514819800854 7.2576493776104885
    endloop
  endfacet
  facet normal 3.4654007867846466e-16 -0.05237556595212151 0.9986274581099774
    outer loop
      vertex 160.5 3 5.0573426576646305
      vertex 162.79999999701977 44.952514819800854 7.2576493776104885
      vertex 160.5 91.21298522393813 9.683897823866635
    endloop
  endfacet
  facet normal 1.1144783742747032e-15 -0.05237556595212148 0.9986274581099776
    outer loop
      vertex 162.79999999701977 44.952514819800854 7.2576493776104885
      vertex 162.79999999701977 56.507485173642635 7.8636792908955275
      vertex 160.5 91.21298522393813 9.683897823866635
    endloop
  endfacet
  facet normal -9.498413515908494e-17 -0.05237556595212156 0.9986274581099776
    outer loop
      vertex 162.79999999701977 56.507485173642635 7.8636792908955275
      vertex 167.5 54.94081850349903 7.781511458596588
      vertex 160.5 91.21298522393813 9.683897823866635
    endloop
  endfacet
  facet normal 7.428113131742277e-16 -0.05237556595212142 0.9986274581099776
    outer loop
      vertex 167.5 54.94081850349903 7.781511458596588
      vertex 162.79999999701977 90.24251482635736 9.632999026822466
      vertex 160.5 91.21298522393813 9.683897823866635
    endloop
  endfacet
  facet normal -3.0423182510464135e-16 -0.05237556595212153 0.9986274581099774
    outer loop
      vertex 167.5 54.94081850349903 7.781511458596588
      vertex 167.5 91.80918148905039 9.715166858730642
      vertex 162.79999999701977 90.24251482635736 9.632999026822466
    endloop
  endfacet
  facet normal 6.181974247331069e-16 -0.05237556595212151 0.9986274581099776
    outer loop
      vertex 160.5 91.21298522393813 9.683897823866635
      vertex 162.79999999701977 90.24251482635736 9.632999026822466
      vertex 160.5 111.40000000596046 10.742657339745902
    endloop
  endfacet
  facet normal 2.354187794338216e-16 -0.052375565952121554 0.9986274581099776
    outer loop
      vertex 162.79999999701977 90.24251482635736 9.632999026822466
      vertex 162.79999999701977 101.79748518019915 10.239028940107506
      vertex 160.5 111.40000000596046 10.742657339745902
    endloop
  endfacet
  facet normal -9.66618555609779e-17 -0.052375565952121554 0.9986274581099776
    outer loop
      vertex 167.5 100.23081851005554 10.156861107808567
      vertex 167.5 111.40000000596046 10.742657339745902
      vertex 162.79999999701977 101.79748518019915 10.239028940107506
    endloop
  endfacet
  facet normal 0 -0.05237556595212149 0.9986274581099776
    outer loop
      vertex 87 114.90000000596046 10.926223773197842
      vertex 143 121.90000000596046 11.293356640101722
      vertex 87 121.90000000596046 11.293356640101722
    endloop
  endfacet
  facet normal 0 -0.05237556595212149 0.9986274581099776
    outer loop
      vertex 87 114.90000000596046 10.926223773197842
      vertex 143 114.90000000596046 10.926223773197842
      vertex 143 121.90000000596046 11.293356640101722
    endloop
  endfacet
  facet normal 0 -0.052375565952121485 0.9986274581099774
    outer loop
      vertex 155 114.90000000596046 10.926223773197842
      vertex 157 121.90000000596046 11.293356640101722
      vertex 155 121.90000000596046 11.293356640101722
    endloop
  endfacet
  facet normal 1.4781732842225097e-15 -0.05237556595212225 0.9986274581099776
    outer loop
      vertex 158.64988858252764 114.48672442883253 10.904548480704651
      vertex 161.94966574013233 120.66017328202724 11.228330763012915
      vertex 158.33939201384783 114.6335783675313 10.912250610351881
    endloop
  endfacet
  facet normal 1.2557931938600373e-15 -0.052375565952122415 0.9986274581099774
    outer loop
      vertex 158.94449581205845 114.3101436495781 10.89528725102925
      vertex 162.83348744362593 120.13043093681335 11.20054707359595
      vertex 158.64988858252764 114.48672442883253 10.904548480704651
    endloop
  endfacet
  facet normal 0 -0.052375565952121485 0.9986274581099774
    outer loop
      vertex 155 114.90000000596046 10.926223773197842
      vertex 157 114.90000000596046 10.926223773197842
      vertex 157 121.90000000596046 11.293356640101722
    endloop
  endfacet
  facet normal 3.088352874979915e-15 -0.052375565952122005 0.9986274581099777
    outer loop
      vertex 157 114.90000000596046 10.926223773197842
      vertex 157.34305999428034 114.88314654678106 10.925339850514158
      vertex 158.02917997539043 121.84943963587284 11.290704872441438
    endloop
  endfacet
  facet normal -1.1849062342549154e-15 -0.052375565952121325 0.9986274581099776
    outer loop
      vertex 157.34305999428034 114.88314654678106 10.925339850514158
      vertex 157.68281612545252 114.83274848759174 10.92269659566322
      vertex 159.04844838380814 121.6982454508543 11.282775107497859
    endloop
  endfacet
  facet normal 1.2317624322926722e-16 -0.05237556595212141 0.9986274581099776
    outer loop
      vertex 158.01599636673927 114.74929118156433 10.918319464230947
      vertex 158.33939201384783 114.6335783675313 10.912250610351881
      vertex 161.01817604154348 121.10073509812355 11.251437151954603
    endloop
  endfacet
  facet normal -3.138293934330919e-15 -0.052375565952120416 0.9986274581099776
    outer loop
      vertex 158.01599636673927 114.74929118156433 10.918319464230947
      vertex 160.0479891076684 121.44787353277206 11.269643713201036
      vertex 157.68281612545252 114.83274848759174 10.92269659566322
    endloop
  endfacet
  facet normal -3.702136623205236e-16 -0.052375565952121485 0.9986274581099776
    outer loop
      vertex 157 114.90000000596046 10.926223773197842
      vertex 158.02917997539043 121.84943963587284 11.290704872441438
      vertex 157 121.90000000596046 11.293356640101722
    endloop
  endfacet
  facet normal 5.035810435532338e-16 -0.05237556595212175 0.9986274581099774
    outer loop
      vertex 157.34305999428034 114.88314654678106 10.925339850514158
      vertex 159.04844838380814 121.6982454508543 11.282775107497859
      vertex 158.02917997539043 121.84943963587284 11.290704872441438
    endloop
  endfacet
  facet normal 1.6170383579988227e-17 -0.05237556595212133 0.9986274581099776
    outer loop
      vertex 158.33939201384783 114.6335783675313 10.912250610351881
      vertex 161.94966574013233 120.66017328202724 11.228330763012915
      vertex 161.01817604154348 121.10073509812355 11.251437151954603
    endloop
  endfacet
  facet normal 1.4408446903364815e-16 -0.052375565952121575 0.9986274581099776
    outer loop
      vertex 157.68281612545252 114.83274848759174 10.92269659566322
      vertex 160.0479891076684 121.44787353277206 11.269643713201036
      vertex 159.04844838380814 121.6982454508543 11.282775107497859
    endloop
  endfacet
  facet normal 1.161994581042653e-16 -0.05237556595212141 0.9986274581099776
    outer loop
      vertex 158.01599636673927 114.74929118156433 10.918319464230947
      vertex 161.01817604154348 121.10073509812355 11.251437151954603
      vertex 160.0479891076684 121.44787353277206 11.269643713201036
    endloop
  endfacet
  facet normal -3.64604439383721e-18 -0.05237556595212161 0.9986274581099776
    outer loop
      vertex 162.79999999701977 101.79748518019915 10.239028940107506
      vertex 167.5 111.40000000596046 10.742657339745902
      vertex 160.5 111.40000000596046 10.742657339745902
    endloop
  endfacet
  facet normal 0 -0.05237556595212164 0.9986274581099774
    outer loop
      vertex 160.5 111.40000000596046 10.742657339745902
      vertex 167.5 111.40000000596046 10.742657339745902
      vertex 160.4831465408206 111.7430600002408 10.760649996777355
    endloop
  endfacet
  facet normal -3.5773522603213697e-16 -0.05237556595211797 0.9986274581099777
    outer loop
      vertex 160.43274848163128 112.08281613141298 10.77846937427527
      vertex 160.4831465408206 111.7430600002408 10.760649996777355
      vertex 167.44943962991238 112.4291799813509 10.796635310449496
    endloop
  endfacet
  facet normal 1.7604192349049102e-18 -0.052375565952121596 0.9986274581099774
    outer loop
      vertex 160.4831465408206 111.7430600002408 10.760649996777355
      vertex 167.5 111.40000000596046 10.742657339745902
      vertex 167.44943962991238 112.4291799813509 10.796635310449496
    endloop
  endfacet
  facet normal -3.9067980955996363e-16 -0.05237556595212101 0.9986274581099776
    outer loop
      vertex 160.34929117560387 112.41599637269974 10.795943862443746
      vertex 167.0478735268116 114.44798911362886 10.902516908230202
      vertex 160.23357836157084 112.73939201980829 10.812905172596203
    endloop
  endfacet
  facet normal -1.075890810192845e-15 -0.052375565952119486 0.9986274581099777
    outer loop
      vertex 160.08672442287207 113.0498885884881 10.829189957656666
      vertex 166.26017327606678 116.3496657460928 11.00225519308743
      vertex 159.91014364361763 113.34449581801891 10.844641385769274
    endloop
  endfacet
  facet normal 1.191691947486923e-15 -0.05237556595212481 0.9986274581099774
    outer loop
      vertex 160.23357836157084 112.73939201980829 10.812905172596203
      vertex 166.7007350921631 115.41817604750395 10.953400838296808
      vertex 160.08672442287207 113.0498885884881 10.829189957656666
    endloop
  endfacet
  facet normal -6.215600418178118e-17 -0.05237556595212209 0.9986274581099776
    outer loop
      vertex 160.43274848163128 112.08281613141298 10.77846937427527
      vertex 167.29824544489384 113.4484483897686 10.850093443724774
      vertex 160.34929117560387 112.41599637269974 10.795943862443746
    endloop
  endfacet
  facet normal -6.20162924451877e-17 -0.05237556595212209 0.9986274581099776
    outer loop
      vertex 160.34929117560387 112.41599637269974 10.795943862443746
      vertex 167.29824544489384 113.4484483897686 10.850093443724774
      vertex 167.0478735268116 114.44798911362886 10.902516908230202
    endloop
  endfacet
  facet normal -3.9913246928708524e-16 -0.05237556595212097 0.9986274581099776
    outer loop
      vertex 160.23357836157084 112.73939201980829 10.812905172596203
      vertex 167.0478735268116 114.44798911362886 10.902516908230202
      vertex 166.7007350921631 115.41817604750395 10.953400838296808
    endloop
  endfacet
  facet normal -1.834628523507087e-16 -0.052375565952121485 0.9986274581099776
    outer loop
      vertex 160.43274848163128 112.08281613141298 10.77846937427527
      vertex 167.44943962991238 112.4291799813509 10.796635310449496
      vertex 167.29824544489384 113.4484483897686 10.850093443724774
    endloop
  endfacet
  facet normal -7.244747157860316e-17 -0.05237556595212132 0.9986274581099776
    outer loop
      vertex 159.70553658902645 113.6203764975071 10.859110652166972
      vertex 165.11660975962877 118.06112948805094 11.092017277399878
      vertex 159.47487373650074 113.8748737424612 10.872458409761135
    endloop
  endfacet
  facet normal -1.6682020376043726e-15 -0.05237556595212015 0.9986274581099777
    outer loop
      vertex 158.94449581205845 114.3101436495781 10.89528725102925
      vertex 159.22037649154663 114.10553659498692 10.884556111809134
      vertex 163.66112948209047 119.51660976558924 11.168353655544834
    endloop
  endfacet
  facet normal 7.792148475595782e-16 -0.052375565952122144 0.9986274581099774
    outer loop
      vertex 159.22037649154663 114.10553659498692 10.884556111809134
      vertex 159.47487373650074 113.8748737424612 10.872458409761135
      vertex 164.42462120205164 118.8246212080121 11.132060549400837
    endloop
  endfacet
  facet normal 8.146653131481391e-16 -0.05237556595212279 0.9986274581099774
    outer loop
      vertex 159.70553658902645 113.6203764975071 10.859110652166972
      vertex 159.91014364361763 113.34449581801891 10.844641385769274
      vertex 165.7304309308529 117.23348744958639 11.048609478206783
    endloop
  endfacet
  facet normal 1.540551067604473e-17 -0.05237556595212152 0.9986274581099776
    outer loop
      vertex 160.08672442287207 113.0498885884881 10.829189957656666
      vertex 166.7007350921631 115.41817604750395 10.953400838296808
      vertex 166.26017327606678 116.3496657460928 11.00225519308743
    endloop
  endfacet
  facet normal -3.086210338138819e-16 -0.05237556595212112 0.9986274581099776
    outer loop
      vertex 159.91014364361763 113.34449581801891 10.844641385769274
      vertex 166.26017327606678 116.3496657460928 11.00225519308743
      vertex 165.7304309308529 117.23348744958639 11.048609478206783
    endloop
  endfacet
  facet normal -7.923720026191803e-17 -0.05237556595212132 0.9986274581099776
    outer loop
      vertex 159.70553658902645 113.6203764975071 10.859110652166972
      vertex 165.7304309308529 117.23348744958639 11.048609478206783
      vertex 165.11660975962877 118.06112948805094 11.092017277399878
    endloop
  endfacet
  facet normal 7.773046212107626e-16 -0.05237556595212217 0.9986274581099774
    outer loop
      vertex 159.22037649154663 114.10553659498692 10.884556111809134
      vertex 164.42462120205164 118.8246212080121 11.132060549400837
      vertex 163.66112948209047 119.51660976558924 11.168353655544834
    endloop
  endfacet
  facet normal -1.2883150386738688e-16 -0.05237556595212126 0.9986274581099776
    outer loop
      vertex 159.47487373650074 113.8748737424612 10.872458409761135
      vertex 165.11660975962877 118.06112948805094 11.092017277399878
      vertex 164.42462120205164 118.8246212080121 11.132060549400837
    endloop
  endfacet
  facet normal -9.966357965363727e-17 -0.05237556595212141 0.9986274581099777
    outer loop
      vertex 158.64988858252764 114.48672442883253 10.904548480704651
      vertex 162.83348744362593 120.13043093681335 11.20054707359595
      vertex 161.94966574013233 120.66017328202724 11.228330763012915
    endloop
  endfacet
  facet normal -3.656106708359159e-16 -0.052375565952121325 0.9986274581099776
    outer loop
      vertex 158.94449581205845 114.3101436495781 10.89528725102925
      vertex 163.66112948209047 119.51660976558924 11.168353655544834
      vertex 162.83348744362593 120.13043093681335 11.20054707359595
    endloop
  endfacet
  facet normal 0 0 1
    outer loop
      vertex 143 114.90000000596046 2
      vertex 155 121.90000000596046 2
      vertex 143 121.90000000596046 2
    endloop
  endfacet
  facet normal 0 0 1
    outer loop
      vertex 143 114.90000000596046 2
      vertex 155 114.90000000596046 2
      vertex 155 121.90000000596046 2
    endloop
  endfacet
  facet normal 1 0 0
    outer loop
      vertex 143 114.90000000596046 2
      vertex 143 121.90000000596046 2
      vertex 143 114.90000000596046 10.926223773197842
    endloop
  endfacet
  facet normal -1 0 0
    outer loop
      vertex 155 114.90000000596046 2
      vertex 155 121.90000000596046 11.293356640101722
      vertex 155 121.90000000596046 2
    endloop
  endfacet
  facet normal 1 0 0
    outer loop
      vertex 143 121.90000000596046 2
      vertex 143 121.90000000596046 11.293356640101722
      vertex 143 114.90000000596046 10.926223773197842
    endloop
  endfacet
  facet normal -1 0 0
    outer loop
      vertex 155 114.90000000596046 2
      vertex 155 114.90000000596046 10.926223773197842
      vertex 155 121.90000000596046 11.293356640101722
    endloop
  endfacet
  facet normal 0 0 -1
    outer loop
      vertex -61.35114100916989 -6.736067977499791 0
      vertex -63 -3.500000000000001 0
      vertex -61 -6.964101615137755 0
    endloop
  endfacet
  facet normal 0 0 -1
    outer loop
      vertex -61 -6.964101615137755 0
      vertex -63 -3.500000000000001 0
      vertex -60.626946572303204 -7.154181830570405 0
    endloop
  endfacet
  facet normal 0 0 -1
    outer loop
      vertex -60.236067977499786 -7.304226065180615 0
      vertex -60.626946572303204 -7.154181830570405 0
      vertex -63 -3.500000000000001 0
    endloop
  endfacet
  facet normal 0 0 -1
    outer loop
      vertex -60.236067977499786 -7.304226065180615 0
      vertex -63 -3.500000000000001 0
      vertex -59.83164676327104 -7.412590402935224 0
    endloop
  endfacet
  facet normal 0 0 -1
    outer loop
      vertex -62.46410161513776 -5.500000000000001 0
      vertex -63 -3.500000000000001 0
      vertex -62.236067977499786 -5.851141009169893 0
    endloop
  endfacet
  facet normal 0 0 -1
    outer loop
      vertex -61.972579301909576 -6.176522425435434 0
      vertex -63 -3.500000000000001 0
      vertex -61.67652242543544 -6.472579301909578 0
    endloop
  endfacet
  facet normal 0 0 -1
    outer loop
      vertex -61.35114100916989 -6.736067977499791 0
      vertex -61.67652242543544 -6.472579301909578 0
      vertex -63 -3.500000000000001 0
    endloop
  endfacet
  facet normal 0 0 -1
    outer loop
      vertex -61.972579301909576 -6.176522425435434 0
      vertex -62.236067977499786 -5.851141009169893 0
      vertex -63 -3.500000000000001 0
    endloop
  endfacet
  facet normal 0 0 -1
    outer loop
      vertex -62.6541818305704 -5.1269465723032015 0
      vertex -62.804226065180615 -4.736067977499791 0
      vertex -63 -3.500000000000001 0
    endloop
  endfacet
  facet normal 0 0 -1
    outer loop
      vertex -62.46410161513776 -5.500000000000001 0
      vertex -62.6541818305704 -5.1269465723032015 0
      vertex -63 -3.500000000000001 0
    endloop
  endfacet
  facet normal 0 0 -1
    outer loop
      vertex -62.804226065180615 -4.736067977499791 0
      vertex -62.91259040293522 -4.3316467632710385 0
      vertex -63 -3.500000000000001 0
    endloop
  endfacet
  facet normal 0 0 -1
    outer loop
      vertex -59.418113853070615 -7.478087581473094 0
      vertex -63 -3.500000000000001 0
      vertex -59 -7.500000000000001 0
    endloop
  endfacet
  facet normal 0 0 -1
    outer loop
      vertex -59.83164676327104 -7.412590402935224 0
      vertex -63 -3.500000000000001 0
      vertex -59.418113853070615 -7.478087581473094 0
    endloop
  endfacet
  facet normal 0 0 -1
    outer loop
      vertex -62.91259040293522 -4.3316467632710385 0
      vertex -62.97808758147309 -3.918113853070615 0
      vertex -63 -3.500000000000001 0
    endloop
  endfacet
  facet normal 0 0 -1
    outer loop
      vertex -59 -7.500000000000001 0
      vertex -63 -3.500000000000001 0
      vertex -3.788161151111126 -5.271398298442364 0
    endloop
  endfacet
  facet normal 0 0 -1
    outer loop
      vertex -63 -3.500000000000001 0
      vertex -5.271398298442364 -3.788161151111126 0
      vertex -4.566213108599186 -4.566213108599186 0
    endloop
  endfacet
  facet normal 0 0 -1
    outer loop
      vertex -63 -3.500000000000001 0
      vertex -4.566213108599186 -4.566213108599186 0
      vertex -3.788161151111126 -5.271398298442364 0
    endloop
  endfacet
  facet normal 0 0 -1
    outer loop
      vertex -63 -3.500000000000001 0
      vertex -6.436770245432854 -2.044058784842491 0
      vertex -5.896925404667854 -2.944735497236252 0
    endloop
  endfacet
  facet normal 0 0 -1
    outer loop
      vertex -63 -3.500000000000001 0
      vertex -6.885733835399151 -1.0948050320148468 0
      vertex -6.436770245432854 -2.044058784842491 0
    endloop
  endfacet
  facet normal 0 0 -1
    outer loop
      vertex -63 -3.500000000000001 0
      vertex -7.239492408931255 -0.10611605644226074 0
      vertex -6.885733835399151 -1.0948050320148468 0
    endloop
  endfacet
  facet normal 0 0 -1
    outer loop
      vertex -63 -3.500000000000001 0
      vertex -7.494639068841934 0.9124864935874939 0
      vertex -7.239492408931255 -0.10611605644226074 0
    endloop
  endfacet
  facet normal 0 0 -1
    outer loop
      vertex -63 -3.500000000000001 0
      vertex -5.896925404667854 -2.944735497236252 0
      vertex -5.271398298442364 -3.788161151111126 0
    endloop
  endfacet
  facet normal 0 0 -1
    outer loop
      vertex -59 -7.500000000000001 0
      vertex -3.788161151111126 -5.271398298442364 0
      vertex -2.944735497236252 -5.896925404667854 0
    endloop
  endfacet
  facet normal 0 0 -1
    outer loop
      vertex -59 -7.500000000000001 0
      vertex -2.944735497236252 -5.896925404667854 0
      vertex -2.044058784842491 -6.436770245432854 0
    endloop
  endfacet
  facet normal 0 0 -1
    outer loop
      vertex -59 -7.500000000000001 0
      vertex -2.044058784842491 -6.436770245432854 0
      vertex -1.0948050320148468 -6.885733835399151 0
    endloop
  endfacet
  facet normal 0 0 -1
    outer loop
      vertex -59 -7.500000000000001 0
      vertex -1.0948050320148468 -6.885733835399151 0
      vertex -0.10611605644226074 -7.239492408931255 0
    endloop
  endfacet
  facet normal 0 0 -1
    outer loop
      vertex -59 -7.500000000000001 0
      vertex -0.10611605644226074 -7.239492408931255 0
      vertex 0.9124864935874939 -7.494639068841934 0
    endloop
  endfacet
  facet normal 0 0 -1
    outer loop
      vertex -59 -7.500000000000001 0
      vertex 0.9124864935874939 -7.494639068841934 0
      vertex 0.9486269566746052 -7.5 0
    endloop
  endfacet
  facet normal 0 0 -1
    outer loop
      vertex -63 -3.500000000000001 0
      vertex -7.648716613650322 1.9511929526925087 0
      vertex -7.494639068841934 0.9124864935874939 0
    endloop
  endfacet
  facet normal 0 0 -1
    outer loop
      vertex -63 -3.500000000000001 0
      vertex -7.700000002980232 2.995090276002884 0
      vertex -7.648716613650322 1.9511929526925087 0
    endloop
  endfacet
  facet normal 1.4815659086604596e-17 -1 0
    outer loop
      vertex -59 -7.500000000000001 0
      vertex 0.9486269566746052 -7.5 0
      vertex 0.9486269566746052 -7.5 5.5066433573088105
    endloop
  endfacet
  facet normal 0 0 -1
    outer loop
      vertex -63 -3.500000000000001 0
      vertex -7.700000002980232 46.729999996721745 0
      vertex -7.700000002980232 2.995090276002884 0
    endloop
  endfacet
  facet normal 0.5956993101996116 0.803207527247913 -9.400529806744343e-18
    outer loop
      vertex -2.944735497236252 -5.896925404667854 0
      vertex -3.788161151111126 -5.271398298442364 0
      vertex -3.788161151111126 -5.271398298442364 5.623528061863056
    endloop
  endfacet
  facet normal 0.5141027404461189 0.857728612246199 0
    outer loop
      vertex -2.944735497236252 -5.896925404667854 0
      vertex -2.944735497236252 -5.896925404667854 5.590720696172392
      vertex -2.044058784842491 -6.436770245432854 0
    endloop
  endfacet
  facet normal 0.4275550945946499 0.9039892925727384 0
    outer loop
      vertex -1.0948050320148468 -6.885733835399151 0
      vertex -2.044058784842491 -6.436770245432854 0
      vertex -2.044058784842491 -6.436770245432854 5.562407155590488
    endloop
  endfacet
  facet normal 0.3368898546346248 0.9415440647384813 0
    outer loop
      vertex -1.0948050320148468 -6.885733835399151 0
      vertex -1.0948050320148468 -6.885733835399151 5.538860114173376
      vertex -0.10611605644226074 -7.239492408931255 0
    endloop
  endfacet
  facet normal 0.24298018304909527 0.9700312524065543 0
    outer loop
      vertex -0.10611605644226074 -7.239492408931255 0
      vertex -0.10611605644226074 -7.239492408931255 5.520306342845852
      vertex 0.9124864935874939 -7.494639068841934 0
    endloop
  endfacet
  facet normal 0.1467304711330636 0.9891765104575974 0
    outer loop
      vertex 0.9486269566746052 -7.5 0
      vertex 0.9124864935874939 -7.494639068841934 0
      vertex 0.9486269566746052 -7.5 5.5066433573088105
    endloop
  endfacet
  facet normal 0.7409511249644618 0.6715589552778659 0
    outer loop
      vertex -5.271398298442364 -3.788161151111126 0
      vertex -5.271398298442364 -3.788161151111126 5.7013202198913495
      vertex -4.566213108599186 -4.566213108599186 0
    endloop
  endfacet
  facet normal 0.857728612246199 0.5141027404461188 0
    outer loop
      vertex -5.896925404667854 -2.944735497236252 0
      vertex -6.436770245432854 -2.044058784842491 0
      vertex -6.436770245432854 -2.044058784842491 5.79279412016307
    endloop
  endfacet
  facet normal 0.803207527247913 0.5956993101996116 -9.20087537547451e-18
    outer loop
      vertex -5.271398298442364 -3.788161151111126 0
      vertex -5.896925404667854 -2.944735497236252 0
      vertex -5.896925404667854 -2.944735497236252 5.7455558310809725
    endloop
  endfacet
  facet normal 0.9039892925727384 0.42755509459464996 0
    outer loop
      vertex -6.436770245432854 -2.044058784842491 0
      vertex -6.885733835399151 -1.0948050320148468 0
      vertex -6.885733835399151 -1.0948050320148468 5.842580156119482
    endloop
  endfacet
  facet normal 0.9415440647384813 0.33688985463462473 0
    outer loop
      vertex -7.239492408931255 -0.10611605644226074 0
      vertex -7.239492408931255 -0.10611605644226074 5.8944344729877995
      vertex -6.885733835399151 -1.0948050320148468 0
    endloop
  endfacet
  facet normal 0.6715589552778659 0.7409511249644617 0
    outer loop
      vertex -4.566213108599186 -4.566213108599186 0
      vertex -4.566213108599186 -4.566213108599186 5.6605132990695255
      vertex -3.788161151111126 -5.271398298442364 0
    endloop
  endfacet
  facet normal 0.9700312524065543 0.24298018304909527 0
    outer loop
      vertex -7.239492408931255 -0.10611605644226074 0
      vertex -7.494639068841934 0.9124864935874939 0
      vertex -7.494639068841934 0.9124864935874939 5.9478576836203745
    endloop
  endfacet
  facet normal 0.9891765104575972 0.1467304711330636 0
    outer loop
      vertex -7.494639068841934 0.9124864935874939 0
      vertex -7.648716613650322 1.9511929526925087 0
      vertex -7.648716613650322 1.9511929526925087 6.002335295077917
    endloop
  endfacet
  facet normal 0.9987954560948427 0.04906767657323299 0
    outer loop
      vertex -7.648716613650322 1.9511929526925087 0
      vertex -7.700000002980232 2.995090276002884 0
      vertex -7.700000002980232 2.995090276002884 6.057085154657949
    endloop
  endfacet
  facet normal 0.5956993101996116 0.803207527247913 0
    outer loop
      vertex -2.944735497236252 -5.896925404667854 0
      vertex -3.788161151111126 -5.271398298442364 5.623528061863056
      vertex -2.944735497236252 -5.896925404667854 5.590720696172392
    endloop
  endfacet
  facet normal 0.5141027404461188 0.857728612246199 0
    outer loop
      vertex -2.044058784842491 -6.436770245432854 0
      vertex -2.944735497236252 -5.896925404667854 5.590720696172392
      vertex -2.044058784842491 -6.436770245432854 5.562407155590488
    endloop
  endfacet
  facet normal 0.42755509459464996 0.9039892925727383 0
    outer loop
      vertex -1.0948050320148468 -6.885733835399151 0
      vertex -2.044058784842491 -6.436770245432854 5.562407155590488
      vertex -1.0948050320148468 -6.885733835399151 5.538860114173376
    endloop
  endfacet
  facet normal 0.3368898546346248 0.9415440647384813 0
    outer loop
      vertex -0.10611605644226074 -7.239492408931255 0
      vertex -1.0948050320148468 -6.885733835399151 5.538860114173376
      vertex -0.10611605644226074 -7.239492408931255 5.520306342845852
    endloop
  endfacet
  facet normal 0.24298018304909524 0.9700312524065543 0
    outer loop
      vertex 0.9124864935874939 -7.494639068841934 0
      vertex -0.10611605644226074 -7.239492408931255 5.520306342845852
      vertex 0.9124864935874939 -7.494639068841934 5.506924525026715
    endloop
  endfacet
  facet normal 0.14673047113306356 0.9891765104575974 0
    outer loop
      vertex 0.9124864935874939 -7.494639068841934 0
      vertex 0.9124864935874939 -7.494639068841934 5.506924525026715
      vertex 0.9486269566746052 -7.5 5.5066433573088105
    endloop
  endfacet
  facet normal 0 0 -1
    outer loop
      vertex -63 -3.500000000000001 0
      vertex -7.700000002980232 54.729999996721745 0
      vertex -7.5 54.729999996721745 0
    endloop
  endfacet
  facet normal 0 0 -1
    outer loop
      vertex -63 -3.500000000000001 0
      vertex -3 56.229999996721745 0
      vertex -7.700000002980232 46.729999996721745 0
    endloop
  endfacet
  facet normal 0 0 -1
    outer loop
      vertex -63 -3.500000000000001 0
      vertex -7.5 54.729999996721745 0
      vertex -3 56.229999996721745 0
    endloop
  endfacet
  facet normal 0 0 -1
    outer loop
      vertex -7.5 46.729999996721745 0
      vertex -3 56.229999996721745 0
      vertex -3 45.229999996721745 0
    endloop
  endfacet
  facet normal 1 0 0
    outer loop
      vertex -7.700000002980232 2.995090276002884 0
      vertex -7.700000002980232 46.729999996721745 0
      vertex -7.700000002980232 46.729999996721745 8.350874124593648
    endloop
  endfacet
  facet normal 0 -1 0
    outer loop
      vertex -7.700000002980232 46.729999996721745 0
      vertex -7.5 46.729999996721745 0
      vertex -7.5 46.729999996721745 8.350874124593648
    endloop
  endfacet
  facet normal -0.31622776601683794 -0.9486832980505139 0
    outer loop
      vertex -7.5 46.729999996721745 0
      vertex -3 45.229999996721745 0
      vertex -3 45.229999996721745 8.272202795971388
    endloop
  endfacet
  facet normal -0.777145961456974 -0.6293203910498336 -1.4799238218836773e-20
    outer loop
      vertex -61.972579301909576 -6.176522425435434 0
      vertex -62.236067977499786 -5.851141009169893 13.5
      vertex -62.236067977499786 -5.851141009169893 0
    endloop
  endfacet
  facet normal -0.6293203910498344 -0.7771459614569735 0
    outer loop
      vertex -61.35114100916989 -6.736067977499791 0
      vertex -61.35114100916989 -6.736067977499791 13.5
      vertex -61.67652242543544 -6.472579301909578 0
    endloop
  endfacet
  facet normal -0.5446390350150255 -0.8386705679454249 -2.2158664828850264e-19
    outer loop
      vertex -61.35114100916989 -6.736067977499791 0
      vertex -61 -6.964101615137755 0
      vertex -61 -6.964101615137755 13.5
    endloop
  endfacet
  facet normal -0.7071067811865528 -0.7071067811865421 1.2151722470567108e-18
    outer loop
      vertex -61.972579301909576 -6.176522425435434 0
      vertex -61.67652242543544 -6.472579301909578 0
      vertex -61.67652242543544 -6.472579301909578 13.5
    endloop
  endfacet
  facet normal -0.9335804264971996 -0.358367949545306 -2.134460678368259e-19
    outer loop
      vertex -62.6541818305704 -5.1269465723032015 0
      vertex -62.804226065180615 -4.736067977499791 13.5
      vertex -62.804226065180615 -4.736067977499791 0
    endloop
  endfacet
  facet normal -0.8910065241883727 -0.45399049973953753 1.2621998934784662e-20
    outer loop
      vertex -62.46410161513776 -5.500000000000001 0
      vertex -62.6541818305704 -5.1269465723032015 13.5
      vertex -62.6541818305704 -5.1269465723032015 0
    endloop
  endfacet
  facet normal -0.8386705679454176 -0.5446390350150371 0
    outer loop
      vertex -62.46410161513776 -5.500000000000001 0
      vertex -62.236067977499786 -5.851141009169893 0
      vertex -62.46410161513776 -5.500000000000001 13.5
    endloop
  endfacet
  facet normal -0.9659258262890683 -0.25881904510252063 -1.924264585713562e-19
    outer loop
      vertex -62.804226065180615 -4.736067977499791 0
      vertex -62.91259040293522 -4.3316467632710385 13.5
      vertex -62.91259040293522 -4.3316467632710385 0
    endloop
  endfacet
  facet normal -0.987688340595139 -0.15643446504022376 1.7936030409175108e-19
    outer loop
      vertex -62.91259040293522 -4.3316467632710385 0
      vertex -62.97808758147309 -3.918113853070615 13.5
      vertex -62.97808758147309 -3.918113853070615 0
    endloop
  endfacet
  facet normal -0.453990499739551 -0.8910065241883657 1.0144118335583222e-18
    outer loop
      vertex -61 -6.964101615137755 0
      vertex -60.626946572303204 -7.154181830570405 0
      vertex -60.626946572303204 -7.154181830570405 13.5
    endloop
  endfacet
  facet normal -0.35836794954529294 -0.9335804264972046 0
    outer loop
      vertex -60.236067977499786 -7.304226065180615 0
      vertex -60.236067977499786 -7.304226065180615 13.5
      vertex -60.626946572303204 -7.154181830570405 0
    endloop
  endfacet
  facet normal -0.25881904510252535 -0.9659258262890672 5.28510511970718e-19
    outer loop
      vertex -60.236067977499786 -7.304226065180615 0
      vertex -59.83164676327104 -7.412590402935224 0
      vertex -59.83164676327104 -7.412590402935224 13.5
    endloop
  endfacet
  facet normal -0.15643446504022995 -0.9876883405951379 -1.847998340781833e-19
    outer loop
      vertex -59.83164676327104 -7.412590402935224 0
      vertex -59.418113853070615 -7.478087581473094 0
      vertex -59.418113853070615 -7.478087581473094 13.5
    endloop
  endfacet
  facet normal -0.05233595624294415 -0.9986295347545739 8.976624841710712e-20
    outer loop
      vertex -59.418113853070615 -7.478087581473094 0
      vertex -59 -7.500000000000001 0
      vertex -59 -7.500000000000001 13.5
    endloop
  endfacet
  facet normal -0.9986295347545735 -0.0523359562429506 8.862454616141134e-20
    outer loop
      vertex -62.97808758147309 -3.918113853070615 0
      vertex -63 -3.500000000000001 13.5
      vertex -63 -3.500000000000001 0
    endloop
  endfacet
  facet normal -1 0 0
    outer loop
      vertex -63 -3.500000000000001 0
      vertex -63 -3.500000000000001 13.5
      vertex -63 102.9 0
    endloop
  endfacet
  facet normal 0.857728612246199 0.5141027404461188 0
    outer loop
      vertex -5.896925404667854 -2.944735497236252 0
      vertex -6.436770245432854 -2.044058784842491 5.79279412016307
      vertex -5.896925404667854 -2.944735497236252 5.7455558310809725
    endloop
  endfacet
  facet normal 0.8032075272479129 0.5956993101996116 0
    outer loop
      vertex -5.271398298442364 -3.788161151111126 0
      vertex -5.896925404667854 -2.944735497236252 5.7455558310809725
      vertex -5.271398298442364 -3.788161151111126 5.7013202198913495
    endloop
  endfacet
  facet normal 0.9039892925727383 0.42755509459464996 0
    outer loop
      vertex -6.436770245432854 -2.044058784842491 0
      vertex -6.885733835399151 -1.0948050320148468 5.842580156119482
      vertex -6.436770245432854 -2.044058784842491 5.79279412016307
    endloop
  endfacet
  facet normal 0.9415440647384813 0.3368898546346248 0
    outer loop
      vertex -6.885733835399151 -1.0948050320148468 0
      vertex -7.239492408931255 -0.10611605644226074 5.8944344729877995
      vertex -6.885733835399151 -1.0948050320148468 5.842580156119482
    endloop
  endfacet
  facet normal 0.6715589552778659 0.7409511249644618 0
    outer loop
      vertex -3.788161151111126 -5.271398298442364 0
      vertex -4.566213108599186 -4.566213108599186 5.6605132990695255
      vertex -3.788161151111126 -5.271398298442364 5.623528061863056
    endloop
  endfacet
  facet normal 0.7409511249644617 0.6715589552778659 0
    outer loop
      vertex -4.566213108599186 -4.566213108599186 0
      vertex -5.271398298442364 -3.788161151111126 5.7013202198913495
      vertex -4.566213108599186 -4.566213108599186 5.6605132990695255
    endloop
  endfacet
  facet normal 0.9700312524065542 0.24298018304909524 0
    outer loop
      vertex -7.239492408931255 -0.10611605644226074 0
      vertex -7.494639068841934 0.9124864935874939 5.9478576836203745
      vertex -7.239492408931255 -0.10611605644226074 5.8944344729877995
    endloop
  endfacet
  facet normal 0.9891765104575972 0.14673047113306362 0
    outer loop
      vertex -7.494639068841934 0.9124864935874939 0
      vertex -7.648716613650322 1.9511929526925087 6.002335295077917
      vertex -7.494639068841934 0.9124864935874939 5.9478576836203745
    endloop
  endfacet
  facet normal 0.9987954560948425 0.049067676573232986 0
    outer loop
      vertex -7.648716613650322 1.9511929526925087 0
      vertex -7.700000002980232 2.995090276002884 6.057085154657949
      vertex -7.648716613650322 1.9511929526925087 6.002335295077917
    endloop
  endfacet
  facet normal 3.200205520848667e-15 0.05237556595207733 -0.99862745810998
    outer loop
      vertex 0.9124864935874939 -7.494639068841934 5.506924525026715
      vertex 19.902113032590307 -6.118033988749895 5.579124092119377
      vertex 0.9486269566746052 -7.5 5.5066433573088105
    endloop
  endfacet
  facet normal 1.0143618245836113e-17 0.052375565952121665 -0.9986274581099776
    outer loop
      vertex 0.9124864935874939 -7.494639068841934 5.506924525026715
      vertex -0.10611605644226074 -7.239492408931255 5.520306342845852
      vertex 19.95629520146761 -5.915823381635518 5.589729543534846
    endloop
  endfacet
  facet normal -3.764751128754024e-17 0.0523755659521221 -0.9986274581099774
    outer loop
      vertex -1.0948050320148468 -6.885733835399151 5.538860114173376
      vertex 20 -5.5 5.6115384621384905
      vertex -0.10611605644226074 -7.239492408931255 5.520306342845852
    endloop
  endfacet
  facet normal 1 0 0
    outer loop
      vertex -7.700000002980232 2.995090276002884 0
      vertex -7.700000002980232 46.729999996721745 8.350874124593648
      vertex -7.700000002980232 2.995090276002884 6.057085154657949
    endloop
  endfacet
  facet normal 1.8426214317750397e-17 -1 -3.9306672797530014e-17
    outer loop
      vertex -59 -7.500000000000001 0
      vertex 0.9486269566746052 -7.5 5.5066433573088105
      vertex 18 -7.5 13.5
    endloop
  endfacet
  facet normal -0.31622776601683794 -0.9486832980505138 0
    outer loop
      vertex -7.5 46.729999996721745 0
      vertex -3 45.229999996721745 8.272202795971388
      vertex -7.5 46.729999996721745 8.350874124593648
    endloop
  endfacet
  facet normal 0 -1 0
    outer loop
      vertex -7.700000002980232 46.729999996721745 0
      vertex -7.5 46.729999996721745 8.350874124593648
      vertex -7.700000002980232 46.729999996721745 8.350874124593648
    endloop
  endfacet
  facet normal -1.1950525119248207e-16 0.05237556595212154 -0.9986274581099774
    outer loop
      vertex -5.271398298442364 -3.788161151111126 5.7013202198913495
      vertex 20 82.07157287525382 10.204453120563349
      vertex -4.566213108599186 -4.566213108599186 5.6605132990695255
    endloop
  endfacet
  facet normal -2.0315205059602288e-16 0.05237556595212157 -0.9986274581099774
    outer loop
      vertex -3.788161151111126 -5.271398298442364 5.623528061863056
      vertex -4.566213108599186 -4.566213108599186 5.6605132990695255
      vertex 20 82.07157287525382 10.204453120563349
    endloop
  endfacet
  facet normal -4.536511016577893e-16 0.05237556595212164 -0.9986274581099776
    outer loop
      vertex -5.896925404667854 -2.944735497236252 5.7455558310809725
      vertex -6.436770245432854 -2.044058784842491 5.79279412016307
      vertex 20 82.07157287525382 10.204453120563349
    endloop
  endfacet
  facet normal 2.778963858371138e-16 0.05237556595212143 -0.9986274581099774
    outer loop
      vertex -5.271398298442364 -3.788161151111126 5.7013202198913495
      vertex -5.896925404667854 -2.944735497236252 5.7455558310809725
      vertex 20 82.07157287525382 10.204453120563349
    endloop
  endfacet
  facet normal 5.512734030158535e-16 0.05237556595212132 -0.9986274581099776
    outer loop
      vertex -7.239492408931255 -0.10611605644226074 5.8944344729877995
      vertex -7.494639068841934 0.9124864935874939 5.9478576836203745
      vertex 20 82.07157287525382 10.204453120563349
    endloop
  endfacet
  facet normal 8.760007951901711e-16 0.052375565952121214 -0.9986274581099777
    outer loop
      vertex -7.494639068841934 0.9124864935874939 5.9478576836203745
      vertex -7.648716613650322 1.9511929526925087 6.002335295077917
      vertex 20 82.07157287525382 10.204453120563349
    endloop
  endfacet
  facet normal 2.387579559727018e-16 0.05237556595212143 -0.9986274581099776
    outer loop
      vertex -6.436770245432854 -2.044058784842491 5.79279412016307
      vertex -6.885733835399151 -1.0948050320148468 5.842580156119482
      vertex 20 82.07157287525382 10.204453120563349
    endloop
  endfacet
  facet normal -2.6694829900955835e-16 0.052375565952121596 -0.9986274581099776
    outer loop
      vertex -6.885733835399151 -1.0948050320148468 5.842580156119482
      vertex -7.239492408931255 -0.10611605644226074 5.8944344729877995
      vertex 20 82.07157287525382 10.204453120563349
    endloop
  endfacet
  facet normal -5.107091693874386e-17 0.05237556595212152 -0.9986274581099776
    outer loop
      vertex -1.0948050320148468 -6.885733835399151 5.538860114173376
      vertex -2.044058784842491 -6.436770245432854 5.562407155590488
      vertex 20 82.07157287525382 10.204453120563349
    endloop
  endfacet
  facet normal 1.7058527933658799e-16 0.052375565952121464 -0.9986274581099776
    outer loop
      vertex -2.944735497236252 -5.896925404667854 5.590720696172392
      vertex -3.788161151111126 -5.271398298442364 5.623528061863056
      vertex 20 82.07157287525382 10.204453120563349
    endloop
  endfacet
  facet normal -2.127809900261361e-16 0.05237556595212157 -0.9986274581099776
    outer loop
      vertex -2.944735497236252 -5.896925404667854 5.590720696172392
      vertex 20 82.07157287525382 10.204453120563349
      vertex -2.044058784842491 -6.436770245432854 5.562407155590488
    endloop
  endfacet
  facet normal -2.166078852297691e-16 0.05237556595212159 -0.9986274581099776
    outer loop
      vertex -7.648716613650322 1.9511929526925087 6.002335295077917
      vertex -7.700000002980232 2.995090276002884 6.057085154657949
      vertex 20 82.07157287525382 10.204453120563349
    endloop
  endfacet
  facet normal 1 0 0
    outer loop
      vertex -3 45.229999996721745 0
      vertex -3 56.229999996721745 8.849125872534628
      vertex -3 45.229999996721745 8.272202795971388
    endloop
  endfacet
  facet normal 0 0 -1
    outer loop
      vertex -63 -3.500000000000001 0
      vertex -63 102.9 0
      vertex -52.12748517841101 98.39999999850988 0
    endloop
  endfacet
  facet normal 0 0 -1
    outer loop
      vertex -63 -3.500000000000001 0
      vertex -52.12748517841101 98.39999999850988 0
      vertex -40.572514824569225 98.39999999850988 0
    endloop
  endfacet
  facet normal 0 0 -1
    outer loop
      vertex -63 -3.500000000000001 0
      vertex -15.59751482307911 98.39999999850988 0
      vertex -7.700000002980232 54.729999996721745 0
    endloop
  endfacet
  facet normal 0 0 -1
    outer loop
      vertex -63 -3.500000000000001 0
      vertex -40.572514824569225 98.39999999850988 0
      vertex -27.15248517692089 98.39999999850988 0
    endloop
  endfacet
  facet normal 0 0 -1
    outer loop
      vertex -63 -3.500000000000001 0
      vertex -27.15248517692089 98.39999999850988 0
      vertex -15.59751482307911 98.39999999850988 0
    endloop
  endfacet
  facet normal 0 0 -1
    outer loop
      vertex -63 102.9 0
      vertex -50.62748517555276 102.9 0
      vertex -52.12748517841101 98.39999999850988 0
    endloop
  endfacet
  facet normal 0 0 -1
    outer loop
      vertex -40.572514824569225 98.39999999850988 0
      vertex -42.07251482742747 102.9 0
      vertex -27.15248517692089 98.39999999850988 0
    endloop
  endfacet
  facet normal 0 0 -1
    outer loop
      vertex -42.07251482742747 102.9 0
      vertex -25.652485174062647 102.9 0
      vertex -27.15248517692089 98.39999999850988 0
    endloop
  endfacet
  facet normal 0 0 -1
    outer loop
      vertex -7.700000002980232 46.729999996721745 0
      vertex -3 56.229999996721745 0
      vertex -7.5 46.729999996721745 0
    endloop
  endfacet
  facet normal 0 1 0
    outer loop
      vertex -7.700000002980232 54.729999996721745 0
      vertex -7.700000002980232 54.729999996721745 8.770454543912368
      vertex -7.5 54.729999996721745 0
    endloop
  endfacet
  facet normal -0.31622776601683794 0.9486832980505138 0
    outer loop
      vertex -7.5 54.729999996721745 0
      vertex -7.5 54.729999996721745 8.770454543912368
      vertex -3 56.229999996721745 0
    endloop
  endfacet
  facet normal 1 0 0
    outer loop
      vertex -3 45.229999996721745 0
      vertex -3 56.229999996721745 0
      vertex -3 56.229999996721745 8.849125872534628
    endloop
  endfacet
  facet normal 0 0 -1
    outer loop
      vertex -7.700000002980232 54.729999996721745 0
      vertex -15.59751482307911 98.39999999850988 0
      vertex -7.700000002980232 92.02000000327826 0
    endloop
  endfacet
  facet normal 0 0 -1
    outer loop
      vertex -15.59751482307911 98.39999999850988 0
      vertex -7.700000002980232 100.02000000327826 0
      vertex -7.700000002980232 92.02000000327826 0
    endloop
  endfacet
  facet normal 0 0 -1
    outer loop
      vertex -15.59751482307911 98.39999999850988 0
      vertex -17.097514825937353 102.9 0
      vertex -7.700000002980232 102.9 0
    endloop
  endfacet
  facet normal 0 0 -1
    outer loop
      vertex -15.59751482307911 98.39999999850988 0
      vertex -7.700000002980232 102.9 0
      vertex -7.700000002980232 100.02000000327826 0
    endloop
  endfacet
  facet normal 0 0 -1
    outer loop
      vertex -7.700000002980232 92.02000000327826 0
      vertex -7.5 100.02000000327826 0
      vertex -7.5 92.02000000327826 0
    endloop
  endfacet
  facet normal 0 0 -1
    outer loop
      vertex -7.5 92.02000000327826 0
      vertex -7.5 100.02000000327826 0
      vertex -3 90.52000000327826 0
    endloop
  endfacet
  facet normal 0 0 -1
    outer loop
      vertex -7.700000002980232 92.02000000327826 0
      vertex -7.700000002980232 100.02000000327826 0
      vertex -7.5 100.02000000327826 0
    endloop
  endfacet
  facet normal 0 0 -1
    outer loop
      vertex -3 90.52000000327826 0
      vertex -7.5 100.02000000327826 0
      vertex -3 101.52000000327826 0
    endloop
  endfacet
  facet normal 1 0 0
    outer loop
      vertex -7.700000002980232 54.729999996721745 0
      vertex -7.700000002980232 92.02000000327826 0
      vertex -7.700000002980232 92.02000000327826 10.726223773805627
    endloop
  endfacet
  facet normal 0 -1 0
    outer loop
      vertex -7.700000002980232 92.02000000327826 0
      vertex -7.5 92.02000000327826 0
      vertex -7.5 92.02000000327826 10.726223773805627
    endloop
  endfacet
  facet normal -0.31622776601683794 -0.9486832980505138 0
    outer loop
      vertex -7.5 92.02000000327826 0
      vertex -3 90.52000000327826 0
      vertex -3 90.52000000327826 10.647552445183367
    endloop
  endfacet
  facet normal 1 0 0
    outer loop
      vertex -3 90.52000000327826 0
      vertex -3 101.52000000327826 0
      vertex -3 101.52000000327826 11.224475521746607
    endloop
  endfacet
  facet normal 0 1 0
    outer loop
      vertex -7.700000002980232 100.02000000327826 0
      vertex -7.700000002980232 100.02000000327826 11.145804193124347
      vertex -7.5 100.02000000327826 0
    endloop
  endfacet
  facet normal -0.31622776601683794 0.9486832980505139 0
    outer loop
      vertex -7.5 100.02000000327826 0
      vertex -7.5 100.02000000327826 11.145804193124347
      vertex -3 101.52000000327826 0
    endloop
  endfacet
  facet normal 0 1 0
    outer loop
      vertex -63 102.9 0
      vertex -63 102.9 13.5
      vertex -50.62748517555276 102.9 0
    endloop
  endfacet
  facet normal 0 1 0
    outer loop
      vertex -52.12748517841101 98.39999999850988 0
      vertex -52.12748517841101 98.39999999850988 12.7
      vertex -40.572514824569225 98.39999999850988 0
    endloop
  endfacet
  facet normal 0.9486832979011571 -0.3162277664649079 7.070107244495428e-20
    outer loop
      vertex -52.12748517841101 98.39999999850988 0
      vertex -50.62748517555276 102.9 0
      vertex -50.62748517555276 102.9 12.7
    endloop
  endfacet
  facet normal -0.9486832979011571 -0.3162277664649079 0
    outer loop
      vertex -40.572514824569225 98.39999999850988 0
      vertex -40.572514824569225 98.39999999850988 12.7
      vertex -42.07251482742747 102.9 0
    endloop
  endfacet
  facet normal 0 1 0
    outer loop
      vertex -42.07251482742747 102.9 0
      vertex -42.07251482742747 102.9 12.7
      vertex -25.652485174062647 102.9 0
    endloop
  endfacet
  facet normal 0 1 0
    outer loop
      vertex -7.5 54.729999996721745 0
      vertex -7.700000002980232 54.729999996721745 8.770454543912368
      vertex -7.5 54.729999996721745 8.770454543912368
    endloop
  endfacet
  facet normal -0.31622776601683794 0.9486832980505138 0
    outer loop
      vertex -3 56.229999996721745 0
      vertex -7.5 54.729999996721745 8.770454543912368
      vertex -3 56.229999996721745 8.849125872534628
    endloop
  endfacet
  facet normal 1 0 0
    outer loop
      vertex -7.700000002980232 54.729999996721745 0
      vertex -7.700000002980232 92.02000000327826 10.726223773805627
      vertex -7.700000002980232 54.729999996721745 8.770454543912368
    endloop
  endfacet
  facet normal 0 1 0
    outer loop
      vertex -27.15248517692089 98.39999999850988 0
      vertex -27.15248517692089 98.39999999850988 12.7
      vertex -15.59751482307911 98.39999999850988 0
    endloop
  endfacet
  facet normal 0.9486832979011571 -0.3162277664649079 7.070107244495428e-20
    outer loop
      vertex -27.15248517692089 98.39999999850988 0
      vertex -25.652485174062647 102.9 0
      vertex -25.652485174062647 102.9 12.7
    endloop
  endfacet
  facet normal -0.9486832979011571 -0.3162277664649079 0
    outer loop
      vertex -15.59751482307911 98.39999999850988 0
      vertex -15.59751482307911 98.39999999850988 12.7
      vertex -17.097514825937353 102.9 0
    endloop
  endfacet
  facet normal 0 1 0
    outer loop
      vertex -17.097514825937353 102.9 0
      vertex -17.097514825937353 102.9 12.7
      vertex -7.700000002980232 102.9 0
    endloop
  endfacet
  facet normal 1 0 0
    outer loop
      vertex -7.700000002980232 100.02000000327826 0
      vertex -7.700000002980232 102.9 0
      vertex -7.700000002980232 102.9 11.29685314390715
    endloop
  endfacet
  facet normal 0 -1 0
    outer loop
      vertex -7.700000002980232 92.02000000327826 0
      vertex -7.5 92.02000000327826 10.726223773805627
      vertex -7.700000002980232 92.02000000327826 10.726223773805627
    endloop
  endfacet
  facet normal -0.31622776601683794 -0.9486832980505139 0
    outer loop
      vertex -7.5 92.02000000327826 0
      vertex -3 90.52000000327826 10.647552445183367
      vertex -7.5 92.02000000327826 10.726223773805627
    endloop
  endfacet
  facet normal 1 0 0
    outer loop
      vertex -3 90.52000000327826 0
      vertex -3 101.52000000327826 11.224475521746607
      vertex -3 90.52000000327826 10.647552445183367
    endloop
  endfacet
  facet normal 0 1 0
    outer loop
      vertex -7.5 100.02000000327826 0
      vertex -7.700000002980232 100.02000000327826 11.145804193124347
      vertex -7.5 100.02000000327826 11.145804193124347
    endloop
  endfacet
  facet normal 1 0 0
    outer loop
      vertex -7.700000002980232 100.02000000327826 0
      vertex -7.700000002980232 102.9 11.29685314390715
      vertex -7.700000002980232 100.02000000327826 11.145804193124347
    endloop
  endfacet
  facet normal -0.31622776601683794 0.9486832980505138 0
    outer loop
      vertex -3 101.52000000327826 0
      vertex -7.5 100.02000000327826 11.145804193124347
      vertex -3 101.52000000327826 11.224475521746607
    endloop
  endfacet
  facet normal 0 0.0523755659521211 -0.9986274581099777
    outer loop
      vertex 0.9486269566746052 -7.5 5.5066433573088105
      vertex 19.902113032590307 -6.118033988749895 5.579124092119377
      vertex 18 -7.5 5.5066433573088105
    endloop
  endfacet
  facet normal -2.474289334084577e-16 0.052375565952124774 -0.9986274581099774
    outer loop
      vertex 0.9124864935874939 -7.494639068841934 5.506924525026715
      vertex 19.95629520146761 -5.915823381635518 5.589729543534846
      vertex 19.902113032590307 -6.118033988749895 5.579124092119377
    endloop
  endfacet
  facet normal 1.3769121058347087e-16 0.052375565952119715 -0.9986274581099777
    outer loop
      vertex -0.10611605644226074 -7.239492408931255 5.520306342845852
      vertex 19.989043790736545 -5.709056926535307 5.600573938026344
      vertex 19.95629520146761 -5.915823381635518 5.589729543534846
    endloop
  endfacet
  facet normal -8.831762370354877e-17 0.05237556595212265 -0.9986274581099776
    outer loop
      vertex -0.10611605644226074 -7.239492408931255 5.520306342845852
      vertex 20 -5.5 5.6115384621384905
      vertex 19.989043790736545 -5.709056926535307 5.600573938026344
    endloop
  endfacet
  facet normal 3.908026309426386e-15 0.052375565952088574 -0.9986274581099792
    outer loop
      vertex 18 -7.5 5.5066433573088105
      vertex 18.41582338163552 -7.456295201467611 5.508935567020618
      vertex 18.209056926535307 -7.489043790736547 5.507217983668424
    endloop
  endfacet
  facet normal -8.78293027666971e-16 0.052375565952133975 -0.9986274581099768
    outer loop
      vertex 18 -7.5 5.5066433573088105
      vertex 18.618033988749893 -7.402113032590307 5.511777289162761
      vertex 18.41582338163552 -7.456295201467611 5.508935567020618
    endloop
  endfacet
  facet normal 4.009820834948479e-15 0.052375565952103215 -0.9986274581099784
    outer loop
      vertex 18 -7.5 5.5066433573088105
      vertex 18.813473286151602 -7.3270909152852015 5.515712015592392
      vertex 18.618033988749893 -7.402113032590307 5.511777289162761
    endloop
  endfacet
  facet normal 6.556041527060192e-16 0.05237556595211897 -0.9986274581099776
    outer loop
      vertex 18 -7.5 5.5066433573088105
      vertex 19 -7.232050807568877 5.520696636623356
      vertex 18.813473286151602 -7.3270909152852015 5.515712015592392
    endloop
  endfacet
  facet normal -1.5134745420362755e-15 0.05237556595212704 -0.9986274581099772
    outer loop
      vertex 18 -7.5 5.5066433573088105
      vertex 19.175570504584947 -7.118033988749895 5.526676539704538
      vertex 19 -7.232050807568877 5.520696636623356
    endloop
  endfacet
  facet normal -2.516511245573302e-16 0.05237556595212319 -0.9986274581099776
    outer loop
      vertex 18 -7.5 5.5066433573088105
      vertex 19.33826121271772 -6.986289650954788 5.5335862077664055
      vertex 19.175570504584947 -7.118033988749895 5.526676539704538
    endloop
  endfacet
  facet normal -1.9730928598163894e-16 0.052375565952123 -0.9986274581099774
    outer loop
      vertex 18 -7.5 5.5066433573088105
      vertex 19.486289650954788 -6.8382612127177165 5.541349937039731
      vertex 19.33826121271772 -6.986289650954788 5.5335862077664055
    endloop
  endfacet
  facet normal 5.632616150388396e-15 0.05237556595210996 -0.9986274581099782
    outer loop
      vertex 18 -7.5 5.5066433573088105
      vertex 19.618033988749893 -6.675570504584947 5.549882666481931
      vertex 19.486289650954788 -6.8382612127177165 5.541349937039731
    endloop
  endfacet
  facet normal -2.1872986514398318e-15 0.052375565952125246 -0.9986274581099774
    outer loop
      vertex 18 -7.5 5.5066433573088105
      vertex 19.73205080756888 -6.5 5.5590909097236505
      vertex 19.618033988749893 -6.675570504584947 5.549882666481931
    endloop
  endfacet
  facet normal 3.961049402046182e-15 0.05237556595211468 -0.9986274581099779
    outer loop
      vertex 18 -7.5 5.5066433573088105
      vertex 19.8270909152852 -6.3134732861516 5.568873779324981
      vertex 19.73205080756888 -6.5 5.5590909097236505
    endloop
  endfacet
  facet normal -2.265729462357895e-15 0.05237556595212423 -0.9986274581099774
    outer loop
      vertex 18 -7.5 5.5066433573088105
      vertex 19.902113032590307 -6.118033988749895 5.579124092119377
      vertex 19.8270909152852 -6.3134732861516 5.568873779324981
    endloop
  endfacet
  facet normal 1.4261225610618356e-18 0.052375565952121506 -0.9986274581099774
    outer loop
      vertex -1.0948050320148468 -6.885733835399151 5.538860114173376
      vertex 20 82.07157287525382 10.204453120563349
      vertex 20 -5.5 5.6115384621384905
    endloop
  endfacet
  facet normal -0.8386705679454176 -0.5446390350150371 0
    outer loop
      vertex -62.236067977499786 -5.851141009169893 0
      vertex -62.236067977499786 -5.851141009169893 13.5
      vertex -62.46410161513776 -5.500000000000001 13.5
    endloop
  endfacet
  facet normal -0.777145961456974 -0.6293203910498336 0
    outer loop
      vertex -61.972579301909576 -6.176522425435434 0
      vertex -61.972579301909576 -6.176522425435434 13.5
      vertex -62.236067977499786 -5.851141009169893 13.5
    endloop
  endfacet
  facet normal -0.5446390350150255 -0.8386705679454249 0
    outer loop
      vertex -61.35114100916989 -6.736067977499791 0
      vertex -61 -6.964101615137755 13.5
      vertex -61.35114100916989 -6.736067977499791 13.5
    endloop
  endfacet
  facet normal -0.453990499739551 -0.8910065241883657 0
    outer loop
      vertex -61 -6.964101615137755 0
      vertex -60.626946572303204 -7.154181830570405 13.5
      vertex -61 -6.964101615137755 13.5
    endloop
  endfacet
  facet normal -0.7071067811865528 -0.7071067811865421 0
    outer loop
      vertex -61.972579301909576 -6.176522425435434 0
      vertex -61.67652242543544 -6.472579301909578 13.5
      vertex -61.972579301909576 -6.176522425435434 13.5
    endloop
  endfacet
  facet normal -0.6293203910498344 -0.7771459614569735 0
    outer loop
      vertex -61.67652242543544 -6.472579301909578 0
      vertex -61.35114100916989 -6.736067977499791 13.5
      vertex -61.67652242543544 -6.472579301909578 13.5
    endloop
  endfacet
  facet normal -0.8910065241883727 -0.45399049973953753 0
    outer loop
      vertex -62.46410161513776 -5.500000000000001 0
      vertex -62.46410161513776 -5.500000000000001 13.5
      vertex -62.6541818305704 -5.1269465723032015 13.5
    endloop
  endfacet
  facet normal -0.9335804264971996 -0.358367949545306 0
    outer loop
      vertex -62.6541818305704 -5.1269465723032015 0
      vertex -62.6541818305704 -5.1269465723032015 13.5
      vertex -62.804226065180615 -4.736067977499791 13.5
    endloop
  endfacet
  facet normal -0.9659258262890683 -0.25881904510252063 0
    outer loop
      vertex -62.804226065180615 -4.736067977499791 0
      vertex -62.804226065180615 -4.736067977499791 13.5
      vertex -62.91259040293522 -4.3316467632710385 13.5
    endloop
  endfacet
  facet normal -0.987688340595139 -0.15643446504022376 0
    outer loop
      vertex -62.91259040293522 -4.3316467632710385 0
      vertex -62.91259040293522 -4.3316467632710385 13.5
      vertex -62.97808758147309 -3.918113853070615 13.5
    endloop
  endfacet
  facet normal -0.35836794954529294 -0.9335804264972046 0
    outer loop
      vertex -60.626946572303204 -7.154181830570405 0
      vertex -60.236067977499786 -7.304226065180615 13.5
      vertex -60.626946572303204 -7.154181830570405 13.5
    endloop
  endfacet
  facet normal -0.25881904510252535 -0.9659258262890672 0
    outer loop
      vertex -60.236067977499786 -7.304226065180615 0
      vertex -59.83164676327104 -7.412590402935224 13.5
      vertex -60.236067977499786 -7.304226065180615 13.5
    endloop
  endfacet
  facet normal -0.15643446504022995 -0.9876883405951379 0
    outer loop
      vertex -59.83164676327104 -7.412590402935224 0
      vertex -59.418113853070615 -7.478087581473094 13.5
      vertex -59.83164676327104 -7.412590402935224 13.5
    endloop
  endfacet
  facet normal -0.05233595624294415 -0.9986295347545739 0
    outer loop
      vertex -59.418113853070615 -7.478087581473094 0
      vertex -59 -7.500000000000001 13.5
      vertex -59.418113853070615 -7.478087581473094 13.5
    endloop
  endfacet
  facet normal -0.9986295347545735 -0.0523359562429506 0
    outer loop
      vertex -62.97808758147309 -3.918113853070615 0
      vertex -62.97808758147309 -3.918113853070615 13.5
      vertex -63 -3.500000000000001 13.5
    endloop
  endfacet
  facet normal 1.1534784671430199e-17 -1 0
    outer loop
      vertex -59 -7.500000000000001 0
      vertex 18 -7.5 13.5
      vertex -59 -7.500000000000001 13.5
    endloop
  endfacet
  facet normal 3.026233098117001e-17 0.052375565952121506 -0.9986274581099776
    outer loop
      vertex -7.700000002980232 2.995090276002884 6.057085154657949
      vertex -7.5 46.729999996721745 8.350874124593648
      vertex -3 45.229999996721745 8.272202795971388
    endloop
  endfacet
  facet normal 4.1231636758861376e-16 0.05237556595212151 -0.9986274581099776
    outer loop
      vertex -7.700000002980232 2.995090276002884 6.057085154657949
      vertex -7.700000002980232 46.729999996721745 8.350874124593648
      vertex -7.5 46.729999996721745 8.350874124593648
    endloop
  endfacet
  facet normal 2.5115778769875746e-17 0.05237556595212151 -0.9986274581099776
    outer loop
      vertex -7.700000002980232 2.995090276002884 6.057085154657949
      vertex -3 45.229999996721745 8.272202795971388
      vertex 20 82.07157287525382 10.204453120563349
    endloop
  endfacet
  facet normal -0.500000000000004 -0.4999999999999965 0.707106781186547
    outer loop
      vertex -61.972579301909576 -6.176522425435434 13.5
      vertex -61.67652242543544 -6.472579301909578 13.5
      vertex -60.85633228595279 -5.171449097832582 15
    endloop
  endfacet
  facet normal -0.4449967160503076 -0.549525179317965 0.7071067811865478
    outer loop
      vertex -61.35114100916989 -6.736067977499791 13.5
      vertex -60.671449097832564 -5.3563322859528055 15
      vertex -61.67652242543544 -6.472579301909578 13.5
    endloop
  endfacet
  facet normal -0.38511795495802253 -0.5930296457757839 0.7071067811865468
    outer loop
      vertex -61.35114100916989 -6.736067977499791 13.5
      vertex -61 -6.964101615137755 13.5
      vertex -60.468253163623245 -5.520877109085657 15
    endloop
  endfacet
  facet normal -0.5930296457757782 -0.3851179549580303 0.7071067811865472
    outer loop
      vertex -62.46410161513776 -5.500000000000001 13.5
      vertex -62.236067977499786 -5.851141009169893 13.5
      vertex -61.16328077971562 -4.748970740501571 15
    endloop
  endfacet
  facet normal -0.6300367553350535 -0.3210197609600963 0.7071067811865479
    outer loop
      vertex -62.46410161513776 -5.500000000000001 13.5
      vertex -61.28198309342743 -4.516004332583 15
      vertex -62.6541818305704 -5.1269465723032015 13.5
    endloop
  endfacet
  facet normal -0.6984011233337121 -0.11061587104123227 0.7071067811865465
    outer loop
      vertex -62.91259040293522 -4.3316467632710385 13.5
      vertex -61.48425749620625 -3.7611059843418357 15
      vertex -62.97808758147309 -3.918113853070615 13.5
    endloop
  endfacet
  facet normal -0.660141050359198 -0.25340440728340397 0.7071067811865486
    outer loop
      vertex -62.6541818305704 -5.1269465723032015 13.5
      vertex -61.375683522832 -4.271906368584034 15
      vertex -62.804226065180615 -4.736067977499791 13.5
    endloop
  endfacet
  facet normal -0.6830127018922196 -0.18301270189221935 0.7071067811865472
    outer loop
      vertex -62.804226065180615 -4.736067977499791 13.5
      vertex -61.44335546641665 -4.0193512368791895 15
      vertex -62.91259040293522 -4.3316467632710385 13.5
    endloop
  endfacet
  facet normal -0.5495251793179653 -0.444996716050307 0.7071067811865479
    outer loop
      vertex -61.972579301909576 -6.176522425435434 13.5
      vertex -61.02087710908565 -4.96825316362324 15
      vertex -62.236067977499786 -5.851141009169893 13.5
    endloop
  endfacet
  facet normal -0.2534044072833952 -0.6601410503592027 0.7071067811865474
    outer loop
      vertex -60.236067977499786 -7.304226065180615 13.5
      vertex -60.016004332583 -5.781983093427432 15
      vertex -60.626946572303204 -7.154181830570405 13.5
    endloop
  endfacet
  facet normal -0.1830127018922225 -0.6830127018922183 0.7071067811865477
    outer loop
      vertex -60.236067977499786 -7.304226065180615 13.5
      vertex -59.83164676327104 -7.412590402935224 13.5
      vertex -59.7719063685841 -5.875683522831979 15
    endloop
  endfacet
  facet normal -0.32101976096010615 -0.6300367553350492 0.7071067811865474
    outer loop
      vertex -61 -6.964101615137755 13.5
      vertex -60.626946572303204 -7.154181830570405 13.5
      vertex -60.248970740501576 -5.663280779715618 15
    endloop
  endfacet
  facet normal -0.1106158710412365 -0.6984011233337104 0.7071067811865475
    outer loop
      vertex -59.83164676327104 -7.412590402935224 13.5
      vertex -59.418113853070615 -7.478087581473094 13.5
      vertex -59.51935123687917 -5.943355466416652 15
    endloop
  endfacet
  facet normal -0.03700710955926823 -0.7061377159181262 0.7071067811865475
    outer loop
      vertex -59.418113853070615 -7.478087581473094 13.5
      vertex -59 -7.500000000000001 13.5
      vertex -59.26110598434178 -5.984257496206254 15
    endloop
  endfacet
  facet normal -0.7061377159181258 -0.037007109559272784 0.7071067811865478
    outer loop
      vertex -62.97808758147309 -3.918113853070615 13.5
      vertex -61.48425749620625 -3.7611059843418357 15
      vertex -63 -3.500000000000001 13.5
    endloop
  endfacet
  facet normal -0.4449967160503142 -0.5495251793179607 0.7071067811865469
    outer loop
      vertex -61.35114100916989 -6.736067977499791 13.5
      vertex -60.468253163623245 -5.520877109085657 15
      vertex -60.671449097832564 -5.3563322859528055 15
    endloop
  endfacet
  facet normal -0.6984011233337093 -0.11061587104124217 0.7071067811865476
    outer loop
      vertex -62.91259040293522 -4.3316467632710385 13.5
      vertex -61.44335546641665 -4.0193512368791895 15
      vertex -61.48425749620625 -3.7611059843418357 15
    endloop
  endfacet
  facet normal -0.6300367553350559 -0.32101976096009255 0.7071067811865474
    outer loop
      vertex -62.46410161513776 -5.500000000000001 13.5
      vertex -61.16328077971562 -4.748970740501571 15
      vertex -61.28198309342743 -4.516004332583 15
    endloop
  endfacet
  facet normal -0.5930296457757745 -0.3851179549580347 0.7071067811865479
    outer loop
      vertex -62.236067977499786 -5.851141009169893 13.5
      vertex -61.02087710908565 -4.96825316362324 15
      vertex -61.16328077971562 -4.748970740501571 15
    endloop
  endfacet
  facet normal -0.4999999999999985 -0.5000000000000009 0.7071067811865479
    outer loop
      vertex -61.67652242543544 -6.472579301909578 13.5
      vertex -60.671449097832564 -5.3563322859528055 15
      vertex -60.85633228595279 -5.171449097832582 15
    endloop
  endfacet
  facet normal -0.5495251793179686 -0.44499671605030366 0.7071067811865474
    outer loop
      vertex -61.972579301909576 -6.176522425435434 13.5
      vertex -60.85633228595279 -5.171449097832582 15
      vertex -61.02087710908565 -4.96825316362324 15
    endloop
  endfacet
  facet normal -0.6601410503592023 -0.25340440728339547 0.7071067811865476
    outer loop
      vertex -62.6541818305704 -5.1269465723032015 13.5
      vertex -61.28198309342743 -4.516004332583 15
      vertex -61.375683522832 -4.271906368584034 15
    endloop
  endfacet
  facet normal -0.6830127018922192 -0.18301270189222046 0.7071067811865474
    outer loop
      vertex -62.804226065180615 -4.736067977499791 13.5
      vertex -61.375683522832 -4.271906368584034 15
      vertex -61.44335546641665 -4.0193512368791895 15
    endloop
  endfacet
  facet normal -0.3210197609601038 -0.63003675533505 0.7071067811865475
    outer loop
      vertex -60.626946572303204 -7.154181830570405 13.5
      vertex -60.016004332583 -5.781983093427432 15
      vertex -60.248970740501576 -5.663280779715618 15
    endloop
  endfacet
  facet normal -0.3851179549580218 -0.5930296457757843 0.7071067811865469
    outer loop
      vertex -61 -6.964101615137755 13.5
      vertex -60.248970740501576 -5.663280779715618 15
      vertex -60.468253163623245 -5.520877109085657 15
    endloop
  endfacet
  facet normal -0.25340440728339525 -0.6601410503592026 0.7071067811865474
    outer loop
      vertex -60.236067977499786 -7.304226065180615 13.5
      vertex -59.7719063685841 -5.875683522831979 15
      vertex -60.016004332583 -5.781983093427432 15
    endloop
  endfacet
  facet normal -0.18301270189222263 -0.6830127018922182 0.7071067811865476
    outer loop
      vertex -59.83164676327104 -7.412590402935224 13.5
      vertex -59.51935123687917 -5.943355466416652 15
      vertex -59.7719063685841 -5.875683522831979 15
    endloop
  endfacet
  facet normal -0.11061587104123605 -0.6984011233337104 0.7071067811865475
    outer loop
      vertex -59.418113853070615 -7.478087581473094 13.5
      vertex -59.26110598434178 -5.984257496206254 15
      vertex -59.51935123687917 -5.943355466416652 15
    endloop
  endfacet
  facet normal -0.037007109559268954 -0.7061377159181264 0.7071067811865474
    outer loop
      vertex -59 -7.500000000000001 13.5
      vertex -58.96072111764623 -6.000000000000001 15
      vertex -59.26110598434178 -5.984257496206254 15
    endloop
  endfacet
  facet normal -0.7061377159181258 -0.03700710955927342 0.7071067811865478
    outer loop
      vertex -63 -3.500000000000001 13.5
      vertex -61.48425749620625 -3.7611059843418357 15
      vertex -61.5 -3.4607211176462016 15
    endloop
  endfacet
  facet normal 0 0 1
    outer loop
      vertex -61.28198309342743 -4.516004332583 15
      vertex -61.5 -3.4607211176462016 15
      vertex -61.375683522832 -4.271906368584034 15
    endloop
  endfacet
  facet normal 0 0 1
    outer loop
      vertex -61.375683522832 -4.271906368584034 15
      vertex -61.5 -3.4607211176462016 15
      vertex -61.44335546641665 -4.0193512368791895 15
    endloop
  endfacet
  facet normal 0 0 1
    outer loop
      vertex -60.85633228595279 -5.171449097832582 15
      vertex -61.5 -3.4607211176462016 15
      vertex -61.02087710908565 -4.96825316362324 15
    endloop
  endfacet
  facet normal 0 0 1
    outer loop
      vertex -61.16328077971562 -4.748970740501571 15
      vertex -61.02087710908565 -4.96825316362324 15
      vertex -61.5 -3.4607211176462016 15
    endloop
  endfacet
  facet normal 0 0 1
    outer loop
      vertex -60.468253163623245 -5.520877109085657 15
      vertex -61.5 -3.4607211176462016 15
      vertex -60.671449097832564 -5.3563322859528055 15
    endloop
  endfacet
  facet normal 0 0 1
    outer loop
      vertex -60.85633228595279 -5.171449097832582 15
      vertex -60.671449097832564 -5.3563322859528055 15
      vertex -61.5 -3.4607211176462016 15
    endloop
  endfacet
  facet normal 0 0 1
    outer loop
      vertex -61.16328077971562 -4.748970740501571 15
      vertex -61.5 -3.4607211176462016 15
      vertex -61.28198309342743 -4.516004332583 15
    endloop
  endfacet
  facet normal 0 0 1
    outer loop
      vertex -60.248970740501576 -5.663280779715618 15
      vertex -60.016004332583 -5.781983093427432 15
      vertex -61.5 -3.4607211176462016 15
    endloop
  endfacet
  facet normal 0 0 1
    outer loop
      vertex -60.248970740501576 -5.663280779715618 15
      vertex -61.5 -3.4607211176462016 15
      vertex -60.468253163623245 -5.520877109085657 15
    endloop
  endfacet
  facet normal 0 0 1
    outer loop
      vertex -60.016004332583 -5.781983093427432 15
      vertex -59.7719063685841 -5.875683522831979 15
      vertex -61.5 -3.4607211176462016 15
    endloop
  endfacet
  facet normal 0 0 1
    outer loop
      vertex -59.7719063685841 -5.875683522831979 15
      vertex -59.51935123687917 -5.943355466416652 15
      vertex -61.5 -3.4607211176462016 15
    endloop
  endfacet
  facet normal 0 0 1
    outer loop
      vertex -59.26110598434178 -5.984257496206254 15
      vertex -61.5 -3.4607211176462016 15
      vertex -59.51935123687917 -5.943355466416652 15
    endloop
  endfacet
  facet normal 0 0 1
    outer loop
      vertex -59.26110598434178 -5.984257496206254 15
      vertex -58.96072111764623 -6.000000000000001 15
      vertex -61.5 -3.4607211176462016 15
    endloop
  endfacet
  facet normal 0 0 1
    outer loop
      vertex -61.44335546641665 -4.0193512368791895 15
      vertex -61.5 -3.4607211176462016 15
      vertex -61.48425749620625 -3.7611059843418357 15
    endloop
  endfacet
  facet normal 8.164654291743888e-18 -0.7071067811865476 0.7071067811865475
    outer loop
      vertex -59 -7.500000000000001 13.5
      vertex 17.960721117646216 -6 15
      vertex -58.96072111764623 -6.000000000000001 15
    endloop
  endfacet
  facet normal -0.7071067811865475 0 0.7071067811865475
    outer loop
      vertex -63 -3.500000000000001 13.5
      vertex -61.5 -3.4607211176462016 15
      vertex -63 102.9 13.5
    endloop
  endfacet
  facet normal 0 0 1
    outer loop
      vertex -58.96072111764623 -6.000000000000001 15
      vertex -1.499999999999996 102.9 15
      vertex -61.5 -3.4607211176462016 15
    endloop
  endfacet
  facet normal 8.156324460694934e-18 -0.7071067811865475 0.7071067811865475
    outer loop
      vertex -59 -7.500000000000001 13.5
      vertex 18 -7.5 13.5
      vertex 17.960721117646216 -6 15
    endloop
  endfacet
  facet normal 0 0 1
    outer loop
      vertex -58.96072111764623 -6.000000000000001 15
      vertex 17.960721117646216 -6 15
      vertex 18.5 -5.460721117646229 15
    endloop
  endfacet
  facet normal 0 0 1
    outer loop
      vertex -58.96072111764623 -6.000000000000001 15
      vertex 18.5 -5.460721117646229 15
      vertex 18.5 82.02948693534161 15
    endloop
  endfacet
  facet normal -1 0 0
    outer loop
      vertex -63 -3.500000000000001 13.5
      vertex -63 102.9 13.5
      vertex -63 102.9 0
    endloop
  endfacet
  facet normal 0 1 0
    outer loop
      vertex -50.62748517555276 102.9 0
      vertex -61.5 102.9 15
      vertex -50.62748517555276 102.9 12.7
    endloop
  endfacet
  facet normal 0.9486832979011571 -0.3162277664649079 0
    outer loop
      vertex -52.12748517841101 98.39999999850988 0
      vertex -50.62748517555276 102.9 12.7
      vertex -52.12748517841101 98.39999999850988 12.7
    endloop
  endfacet
  facet normal 0 1 0
    outer loop
      vertex -40.572514824569225 98.39999999850988 0
      vertex -52.12748517841101 98.39999999850988 12.7
      vertex -40.572514824569225 98.39999999850988 12.7
    endloop
  endfacet
  facet normal -0.9486832979011571 -0.3162277664649079 0
    outer loop
      vertex -42.07251482742747 102.9 0
      vertex -40.572514824569225 98.39999999850988 12.7
      vertex -42.07251482742747 102.9 12.7
    endloop
  endfacet
  facet normal 0 1 0
    outer loop
      vertex -25.652485174062647 102.9 0
      vertex -42.07251482742747 102.9 12.7
      vertex -25.652485174062647 102.9 12.7
    endloop
  endfacet
  facet normal 0 1 0
    outer loop
      vertex -50.62748517555276 102.9 0
      vertex -63 102.9 13.5
      vertex -61.5 102.9 15
    endloop
  endfacet
  facet normal 4.9080754966742377e-17 0.05237556595212149 -0.9986274581099777
    outer loop
      vertex -3 45.229999996721745 8.272202795971388
      vertex -3 56.229999996721745 8.849125872534628
      vertex 20 82.07157287525382 10.204453120563349
    endloop
  endfacet
  facet normal 0 0.05237556595212153 -0.9986274581099776
    outer loop
      vertex -7.700000002980232 54.729999996721745 8.770454543912368
      vertex -7.700000002980232 92.02000000327826 10.726223773805627
      vertex -7.5 54.729999996721745 8.770454543912368
    endloop
  endfacet
  facet normal -1.42233597106894e-17 0.052375565952121526 -0.9986274581099776
    outer loop
      vertex -7.5 54.729999996721745 8.770454543912368
      vertex -7.700000002980232 92.02000000327826 10.726223773805627
      vertex -3 56.229999996721745 8.849125872534628
    endloop
  endfacet
  facet normal -1.2619724308484215e-18 0.05237556595212153 -0.9986274581099776
    outer loop
      vertex -3 56.229999996721745 8.849125872534628
      vertex -7.700000002980232 92.02000000327826 10.726223773805627
      vertex 20 82.07157287525382 10.204453120563349
    endloop
  endfacet
  facet normal 0 1 0
    outer loop
      vertex -7.700000002980232 102.9 0
      vertex -17.097514825937353 102.9 12.7
      vertex -7.700000002980232 102.9 11.29685314390715
    endloop
  endfacet
  facet normal 0.9486832979011571 -0.3162277664649079 0
    outer loop
      vertex -27.15248517692089 98.39999999850988 0
      vertex -25.652485174062647 102.9 12.7
      vertex -27.15248517692089 98.39999999850988 12.7
    endloop
  endfacet
  facet normal 0 1 0
    outer loop
      vertex -15.59751482307911 98.39999999850988 0
      vertex -27.15248517692089 98.39999999850988 12.7
      vertex -15.59751482307911 98.39999999850988 12.7
    endloop
  endfacet
  facet normal -0.9486832979011571 -0.3162277664649079 0
    outer loop
      vertex -17.097514825937353 102.9 0
      vertex -15.59751482307911 98.39999999850988 12.7
      vertex -17.097514825937353 102.9 12.7
    endloop
  endfacet
  facet normal 0 0.052375565952121485 -0.9986274581099776
    outer loop
      vertex -7.700000002980232 92.02000000327826 10.726223773805627
      vertex -7.5 92.02000000327826 10.726223773805627
      vertex -3 90.52000000327826 10.647552445183367
    endloop
  endfacet
  facet normal 1.0644995722998028e-16 0.05237556595212185 -0.9986274581099777
    outer loop
      vertex -7.700000002980232 92.02000000327826 10.726223773805627
      vertex -3 90.52000000327826 10.647552445183367
      vertex 20 82.07157287525382 10.204453120563349
    endloop
  endfacet
  facet normal -1.6585991252335703e-17 0.05237556595212149 -0.9986274581099776
    outer loop
      vertex -3 90.52000000327826 10.647552445183367
      vertex 0 102.9 11.29685314390715
      vertex 20 82.07157287525382 10.204453120563349
    endloop
  endfacet
  facet normal 0 0.052375565952121485 -0.9986274581099776
    outer loop
      vertex -3 90.52000000327826 10.647552445183367
      vertex -3 101.52000000327826 11.224475521746607
      vertex 0 102.9 11.29685314390715
    endloop
  endfacet
  facet normal 0 0.052375565952121485 -0.9986274581099776
    outer loop
      vertex -7.700000002980232 100.02000000327826 11.145804193124347
      vertex -7.700000002980232 102.9 11.29685314390715
      vertex -7.5 100.02000000327826 11.145804193124347
    endloop
  endfacet
  facet normal 3.4361262201375153e-18 0.05237556595212148 -0.9986274581099777
    outer loop
      vertex -7.5 100.02000000327826 11.145804193124347
      vertex -7.700000002980232 102.9 11.29685314390715
      vertex -3 101.52000000327826 11.224475521746607
    endloop
  endfacet
  facet normal -0.7071067811865476 0 0.7071067811865476
    outer loop
      vertex -61.5 -3.4607211176462016 15
      vertex -61.5 102.9 15
      vertex -63 102.9 13.5
    endloop
  endfacet
  facet normal 0 0 1
    outer loop
      vertex -61.5 -3.4607211176462016 15
      vertex -1.499999999999996 102.9 15
      vertex -61.5 102.9 15
    endloop
  endfacet
  facet normal 0 0 -1
    outer loop
      vertex -52.12748517841101 98.39999999850988 12.7
      vertex -50.62748517555276 102.9 12.7
      vertex -40.572514824569225 98.39999999850988 12.7
    endloop
  endfacet
  facet normal 0 0 -1
    outer loop
      vertex -50.62748517555276 102.9 12.7
      vertex -42.07251482742747 102.9 12.7
      vertex -40.572514824569225 98.39999999850988 12.7
    endloop
  endfacet
  facet normal 0 1 0
    outer loop
      vertex -50.62748517555276 102.9 12.7
      vertex -61.5 102.9 15
      vertex -42.07251482742747 102.9 12.7
    endloop
  endfacet
  facet normal 0 1 0
    outer loop
      vertex -42.07251482742747 102.9 12.7
      vertex -61.5 102.9 15
      vertex -1.499999999999996 102.9 15
    endloop
  endfacet
  facet normal 0 0 1
    outer loop
      vertex -58.96072111764623 -6.000000000000001 15
      vertex 18.5 82.02948693534161 15
      vertex -1.060660171779821 101.83933982822019 15
    endloop
  endfacet
  facet normal 0 0 1
    outer loop
      vertex -58.96072111764623 -6.000000000000001 15
      vertex -1.3365097862825492 102.21901425039069 15
      vertex -1.385819298766927 102.32597485145237 15
    endloop
  endfacet
  facet normal 0 0 1
    outer loop
      vertex -58.96072111764623 -6.000000000000001 15
      vertex -1.385819298766927 102.32597485145237 15
      vertex -1.426584774442727 102.43647450843758 15
    endloop
  endfacet
  facet normal 0 0 1
    outer loop
      vertex -58.96072111764623 -6.000000000000001 15
      vertex -1.426584774442727 102.43647450843758 15
      vertex -1.4585548805965112 102.54983195421615 15
    endloop
  endfacet
  facet normal 0 0 1
    outer loop
      vertex -58.96072111764623 -6.000000000000001 15
      vertex -1.4585548805965112 102.54983195421615 15
      vertex -1.4815325108927027 102.66534830243965 15
    endloop
  endfacet
  facet normal 0 0 1
    outer loop
      vertex -58.96072111764623 -6.000000000000001 15
      vertex -1.4815325108927027 102.66534830243965 15
      vertex -1.495376000599688 102.78231135640824 15
    endloop
  endfacet
  facet normal 0 0 1
    outer loop
      vertex -58.96072111764623 -6.000000000000001 15
      vertex -1.495376000599688 102.78231135640824 15
      vertex -1.499999999999996 102.9 15
    endloop
  endfacet
  facet normal 0 0 1
    outer loop
      vertex -58.96072111764623 -6.000000000000001 15
      vertex -1.060660171779821 101.83933982822019 15
      vertex -1.1406089484000455 101.92582792750474 15
    endloop
  endfacet
  facet normal 0 0 1
    outer loop
      vertex -58.96072111764623 -6.000000000000001 15
      vertex -1.1406089484000455 101.92582792750474 15
      vertex -1.2135254915624196 102.0183221215613 15
    endloop
  endfacet
  facet normal 0 0 1
    outer loop
      vertex -58.96072111764623 -6.000000000000001 15
      vertex -1.2135254915624196 102.0183221215613 15
      vertex -1.278960246531136 102.11625215292608 15
    endloop
  endfacet
  facet normal 0 0 1
    outer loop
      vertex -58.96072111764623 -6.000000000000001 15
      vertex -1.278960246531136 102.11625215292608 15
      vertex -1.3365097862825492 102.21901425039069 15
    endloop
  endfacet
  facet normal 0 0 -1
    outer loop
      vertex -27.15248517692089 98.39999999850988 12.7
      vertex -25.652485174062647 102.9 12.7
      vertex -15.59751482307911 98.39999999850988 12.7
    endloop
  endfacet
  facet normal 0 0 -1
    outer loop
      vertex -25.652485174062647 102.9 12.7
      vertex -17.097514825937353 102.9 12.7
      vertex -15.59751482307911 98.39999999850988 12.7
    endloop
  endfacet
  facet normal 0 1 0
    outer loop
      vertex -42.07251482742747 102.9 12.7
      vertex 0 102.9 13.5
      vertex -25.652485174062647 102.9 12.7
    endloop
  endfacet
  facet normal 0 1 0
    outer loop
      vertex -25.652485174062647 102.9 12.7
      vertex 0 102.9 13.5
      vertex -17.097514825937353 102.9 12.7
    endloop
  endfacet
  facet normal -3.1552396556035415e-19 0.05237556595212147 -0.9986274581099777
    outer loop
      vertex -3 101.52000000327826 11.224475521746607
      vertex -7.700000002980232 102.9 11.29685314390715
      vertex 0 102.9 11.29685314390715
    endloop
  endfacet
  facet normal 0 1 0
    outer loop
      vertex -7.700000002980232 102.9 11.29685314390715
      vertex 0 102.9 13.5
      vertex 0 102.9 11.29685314390715
    endloop
  endfacet
  facet normal 0 1 0
    outer loop
      vertex -17.097514825937353 102.9 12.7
      vertex 0 102.9 13.5
      vertex -7.700000002980232 102.9 11.29685314390715
    endloop
  endfacet
  facet normal 0.7071067811865476 0.7071067811865477 0
    outer loop
      vertex 0 102.9 11.29685314390715
      vertex 0 102.9 13.5
      vertex 19.414213562373096 83.48578643762691 13.5
    endloop
  endfacet
  facet normal 0 1 0
    outer loop
      vertex -42.07251482742747 102.9 12.7
      vertex -1.499999999999996 102.9 15
      vertex 0 102.9 13.5
    endloop
  endfacet
  facet normal 0.519444623881245 0.48016967125876187 0.7068340466645083
    outer loop
      vertex 0 102.9 13.5
      vertex -1.1406089484000455 101.92582792750474 15
      vertex -1.060660171779821 101.83933982822019 15
    endloop
  endfacet
  facet normal 0.5555170276645608 0.43793431294043056 0.7068340466645086
    outer loop
      vertex 0 102.9 13.5
      vertex -1.2135254915624196 102.0183221215613 15
      vertex -1.1406089484000455 101.92582792750474 15
    endloop
  endfacet
  facet normal 0.5881644842442206 0.39299894395482077 0.7068340466645091
    outer loop
      vertex 0 102.9 13.5
      vertex -1.278960246531136 102.11625215292608 15
      vertex -1.2135254915624196 102.0183221215613 15
    endloop
  endfacet
  facet normal 0.6171857111939705 0.3456406057943232 0.7068340466645096
    outer loop
      vertex 0 102.9 13.5
      vertex -1.3365097862825492 102.21901425039069 15
      vertex -1.278960246531136 102.11625215292608 15
    endloop
  endfacet
  facet normal 0.6636572341918161 0.24483607981819985 0.7068340466645089
    outer loop
      vertex 0 102.9 13.5
      vertex -1.426584774442727 102.43647450843758 15
      vertex -1.385819298766927 102.32597485145237 15
    endloop
  endfacet
  facet normal 0.6424017829991234 0.2961512783619575 0.7068340466645091
    outer loop
      vertex 0 102.9 13.5
      vertex -1.385819298766927 102.32597485145237 15
      vertex -1.3365097862825492 102.21901425039069 15
    endloop
  endfacet
  facet normal 0.6808210178472937 0.1920113854260996 0.7068340466645088
    outer loop
      vertex 0 102.9 13.5
      vertex -1.4585548805965112 102.54983195421615 15
      vertex -1.426584774442727 102.43647450843758 15
    endloop
  endfacet
  facet normal 0.7068340466645104 0.027771585330113525 0.7068340466645086
    outer loop
      vertex 0 102.9 13.5
      vertex -1.499999999999996 102.9 15
      vertex -1.495376000599688 102.78231135640824 15
    endloop
  endfacet
  facet normal 0.6937873135317805 0.13800287699258215 0.7068340466645089
    outer loop
      vertex 0 102.9 13.5
      vertex -1.4815325108927027 102.66534830243965 15
      vertex -1.4585548805965112 102.54983195421615 15
    endloop
  endfacet
  facet normal 0.7024761797206529 0.08314353493178094 0.7068340466645087
    outer loop
      vertex 0 102.9 13.5
      vertex -1.495376000599688 102.78231135640824 15
      vertex -1.4815325108927027 102.66534830243965 15
    endloop
  endfacet
  facet normal 0.5000000000000007 0.5000000000000008 0.7071067811865465
    outer loop
      vertex 0 102.9 13.5
      vertex -1.060660171779821 101.83933982822019 15
      vertex 18.323794137088754 82.45488551935162 15
    endloop
  endfacet
  facet normal 0 -1 0
    outer loop
      vertex 0.9486269566746052 -7.5 5.5066433573088105
      vertex 18 -7.5 5.5066433573088105
      vertex 18 -7.5 13.5
    endloop
  endfacet
  facet normal 0.05233595624294202 -0.9986295347545739 0
    outer loop
      vertex 18 -7.5 5.5066433573088105
      vertex 18.209056926535307 -7.489043790736547 5.507217983668424
      vertex 18 -7.5 13.5
    endloop
  endfacet
  facet normal 0.15643446504023203 -0.9876883405951377 0
    outer loop
      vertex 18.209056926535307 -7.489043790736547 5.507217983668424
      vertex 18.41582338163552 -7.456295201467611 5.508935567020618
      vertex 18.209056926535307 -7.489043790736547 13.5
    endloop
  endfacet
  facet normal 0.25881904510252335 -0.9659258262890675 0
    outer loop
      vertex 18.41582338163552 -7.456295201467611 5.508935567020618
      vertex 18.618033988749893 -7.402113032590307 5.511777289162761
      vertex 18.41582338163552 -7.456295201467611 13.5
    endloop
  endfacet
  facet normal 0.35836794954529655 -0.9335804264972032 0
    outer loop
      vertex 18.618033988749893 -7.402113032590307 5.511777289162761
      vertex 18.813473286151602 -7.3270909152852015 5.515712015592392
      vertex 18.618033988749893 -7.402113032590307 13.5
    endloop
  endfacet
  facet normal 0.45399049973955097 -0.8910065241883657 0
    outer loop
      vertex 18.813473286151602 -7.3270909152852015 5.515712015592392
      vertex 19 -7.232050807568877 5.520696636623356
      vertex 18.813473286151602 -7.3270909152852015 13.5
    endloop
  endfacet
  facet normal 0.5446390350150241 -0.8386705679454259 0
    outer loop
      vertex 19 -7.232050807568877 5.520696636623356
      vertex 19.175570504584947 -7.118033988749895 5.526676539704538
      vertex 19 -7.232050807568877 13.5
    endloop
  endfacet
  facet normal 0.6293203910498357 -0.7771459614569722 0
    outer loop
      vertex 19.175570504584947 -7.118033988749895 5.526676539704538
      vertex 19.33826121271772 -6.986289650954788 5.5335862077664055
      vertex 19.175570504584947 -7.118033988749895 13.5
    endloop
  endfacet
  facet normal 0.7071067811865519 -0.7071067811865434 0
    outer loop
      vertex 19.33826121271772 -6.986289650954788 5.5335862077664055
      vertex 19.486289650954788 -6.8382612127177165 5.541349937039731
      vertex 19.33826121271772 -6.986289650954788 13.5
    endloop
  endfacet
  facet normal 0.7771459614569731 -0.6293203910498346 0
    outer loop
      vertex 19.486289650954788 -6.8382612127177165 5.541349937039731
      vertex 19.618033988749893 -6.675570504584947 5.549882666481931
      vertex 19.486289650954788 -6.8382612127177165 13.5
    endloop
  endfacet
  facet normal 0.8386705679454183 -0.5446390350150361 0
    outer loop
      vertex 19.618033988749893 -6.675570504584947 5.549882666481931
      vertex 19.73205080756888 -6.5 5.5590909097236505
      vertex 19.618033988749893 -6.675570504584947 13.5
    endloop
  endfacet
  facet normal 0.8910065241883727 -0.4539904997395375 0
    outer loop
      vertex 19.73205080756888 -6.5 5.5590909097236505
      vertex 19.8270909152852 -6.3134732861516 5.568873779324981
      vertex 19.73205080756888 -6.5 13.5
    endloop
  endfacet
  facet normal 0.9335804264971995 -0.358367949545306 0
    outer loop
      vertex 19.8270909152852 -6.3134732861516 5.568873779324981
      vertex 19.902113032590307 -6.118033988749895 5.579124092119377
      vertex 19.8270909152852 -6.3134732861516 13.5
    endloop
  endfacet
  facet normal 0.9659258262890684 -0.25881904510252013 0
    outer loop
      vertex 19.902113032590307 -6.118033988749895 5.579124092119377
      vertex 19.95629520146761 -5.915823381635518 5.589729543534846
      vertex 19.902113032590307 -6.118033988749895 13.5
    endloop
  endfacet
  facet normal 0.9876883405951388 -0.15643446504022374 0
    outer loop
      vertex 19.95629520146761 -5.915823381635518 5.589729543534846
      vertex 19.989043790736545 -5.709056926535307 5.600573938026344
      vertex 19.95629520146761 -5.915823381635518 13.5
    endloop
  endfacet
  facet normal 0.9986295347545735 -0.05233595624295071 0
    outer loop
      vertex 19.989043790736545 -5.709056926535307 5.600573938026344
      vertex 20 -5.5 5.6115384621384905
      vertex 19.989043790736545 -5.709056926535307 13.5
    endloop
  endfacet
  facet normal 0.05233595624294203 -0.9986295347545739 0
    outer loop
      vertex 18.209056926535307 -7.489043790736547 5.507217983668424
      vertex 18.209056926535307 -7.489043790736547 13.5
      vertex 18 -7.5 13.5
    endloop
  endfacet
  facet normal 0.156434465040232 -0.9876883405951375 0
    outer loop
      vertex 18.41582338163552 -7.456295201467611 5.508935567020618
      vertex 18.41582338163552 -7.456295201467611 13.5
      vertex 18.209056926535307 -7.489043790736547 13.5
    endloop
  endfacet
  facet normal 0.25881904510252335 -0.9659258262890676 0
    outer loop
      vertex 18.618033988749893 -7.402113032590307 5.511777289162761
      vertex 18.618033988749893 -7.402113032590307 13.5
      vertex 18.41582338163552 -7.456295201467611 13.5
    endloop
  endfacet
  facet normal 0.3583679495452966 -0.9335804264972031 0
    outer loop
      vertex 18.813473286151602 -7.3270909152852015 5.515712015592392
      vertex 18.813473286151602 -7.3270909152852015 13.5
      vertex 18.618033988749893 -7.402113032590307 13.5
    endloop
  endfacet
  facet normal 0.453990499739551 -0.8910065241883657 0
    outer loop
      vertex 19 -7.232050807568877 5.520696636623356
      vertex 19 -7.232050807568877 13.5
      vertex 18.813473286151602 -7.3270909152852015 13.5
    endloop
  endfacet
  facet normal 0.5446390350150241 -0.838670567945426 0
    outer loop
      vertex 19.175570504584947 -7.118033988749895 5.526676539704538
      vertex 19.175570504584947 -7.118033988749895 13.5
      vertex 19 -7.232050807568877 13.5
    endloop
  endfacet
  facet normal 0.6293203910498356 -0.7771459614569723 0
    outer loop
      vertex 19.33826121271772 -6.986289650954788 5.5335862077664055
      vertex 19.33826121271772 -6.986289650954788 13.5
      vertex 19.175570504584947 -7.118033988749895 13.5
    endloop
  endfacet
  facet normal 0.7071067811865517 -0.7071067811865434 0
    outer loop
      vertex 19.486289650954788 -6.8382612127177165 5.541349937039731
      vertex 19.486289650954788 -6.8382612127177165 13.5
      vertex 19.33826121271772 -6.986289650954788 13.5
    endloop
  endfacet
  facet normal 0.7771459614569731 -0.6293203910498348 0
    outer loop
      vertex 19.618033988749893 -6.675570504584947 5.549882666481931
      vertex 19.618033988749893 -6.675570504584947 13.5
      vertex 19.486289650954788 -6.8382612127177165 13.5
    endloop
  endfacet
  facet normal 0.8386705679454182 -0.544639035015036 0
    outer loop
      vertex 19.73205080756888 -6.5 5.5590909097236505
      vertex 19.73205080756888 -6.5 13.5
      vertex 19.618033988749893 -6.675570504584947 13.5
    endloop
  endfacet
  facet normal 0.8910065241883726 -0.4539904997395374 0
    outer loop
      vertex 19.8270909152852 -6.3134732861516 5.568873779324981
      vertex 19.8270909152852 -6.3134732861516 13.5
      vertex 19.73205080756888 -6.5 13.5
    endloop
  endfacet
  facet normal 0.9335804264971996 -0.358367949545306 0
    outer loop
      vertex 19.902113032590307 -6.118033988749895 5.579124092119377
      vertex 19.902113032590307 -6.118033988749895 13.5
      vertex 19.8270909152852 -6.3134732861516 13.5
    endloop
  endfacet
  facet normal 0.9659258262890684 -0.25881904510252013 0
    outer loop
      vertex 19.95629520146761 -5.915823381635518 5.589729543534846
      vertex 19.95629520146761 -5.915823381635518 13.5
      vertex 19.902113032590307 -6.118033988749895 13.5
    endloop
  endfacet
  facet normal 0.9876883405951388 -0.15643446504022374 0
    outer loop
      vertex 19.989043790736545 -5.709056926535307 5.600573938026344
      vertex 19.989043790736545 -5.709056926535307 13.5
      vertex 19.95629520146761 -5.915823381635518 13.5
    endloop
  endfacet
  facet normal 0.9986295347545736 -0.05233595624295072 0
    outer loop
      vertex 20 -5.5 5.6115384621384905
      vertex 20 -5.5 13.5
      vertex 19.989043790736545 -5.709056926535307 13.5
    endloop
  endfacet
  facet normal 1 0 0
    outer loop
      vertex 20 -5.5 5.6115384621384905
      vertex 20 82.07157287525382 10.204453120563349
      vertex 20 -5.5 13.5
    endloop
  endfacet
  facet normal 0.03700710955926673 -0.7061377159181262 0.7071067811865477
    outer loop
      vertex 18 -7.5 13.5
      vertex 18.209056926535307 -7.489043790736547 13.5
      vertex 18.052049057806478 -5.995213705469706 15
    endloop
  endfacet
  facet normal 0.11061587104123793 -0.6984011233337101 0.7071067811865477
    outer loop
      vertex 18.209056926535307 -7.489043790736547 13.5
      vertex 18.41582338163552 -7.456295201467611 13.5
      vertex 18.103527855243666 -5.9870602649490365 15
    endloop
  endfacet
  facet normal 0.18301270189222119 -0.6830127018922191 0.7071067811865474
    outer loop
      vertex 18.41582338163552 -7.456295201467611 13.5
      vertex 18.618033988749893 -7.402113032590307 13.5
      vertex 18.15387237983418 -5.97357049024168 15
    endloop
  endfacet
  facet normal 0.25340440728339775 -0.6601410503592016 0.7071067811865475
    outer loop
      vertex 18.618033988749893 -7.402113032590307 13.5
      vertex 18.813473286151602 -7.3270909152852015 13.5
      vertex 18.2025310464314 -5.954892178142229 15
    endloop
  endfacet
  facet normal 0.3210197609601061 -0.630036755335049 0.7071067811865475
    outer loop
      vertex 18.813473286151602 -7.3270909152852015 13.5
      vertex 19 -7.232050807568877 13.5
      vertex 18.24897074050157 -5.931229972146742 15
    endloop
  endfacet
  facet normal 0.38511795495802104 -0.5930296457757839 0.7071067811865476
    outer loop
      vertex 19 -7.232050807568877 13.5
      vertex 19.175570504584947 -7.118033988749895 13.5
      vertex 18.292682659038306 -5.902843120335753 15
    endloop
  endfacet
  facet normal 0.4449967160503086 -0.5495251793179643 0.7071067811865477
    outer loop
      vertex 19.175570504584947 -7.118033988749895 13.5
      vertex 19.33826121271772 -6.986289650954788 13.5
      vertex 18.33318788511485 -5.870042634998014 15
    endloop
  endfacet
  facet normal 0.500000000000003 -0.499999999999997 0.7071067811865476
    outer loop
      vertex 19.33826121271772 -6.986289650954788 13.5
      vertex 19.486289650954788 -6.8382612127177165 13.5
      vertex 18.370042634998 -5.833187885114862 15
    endloop
  endfacet
  facet normal 0.5495251793179649 -0.44499671605030783 0.7071067811865477
    outer loop
      vertex 19.486289650954788 -6.8382612127177165 13.5
      vertex 19.618033988749893 -6.675570504584947 13.5
      vertex 18.402843120335756 -5.792682659038299 15
    endloop
  endfacet
  facet normal 0.5930296457757785 -0.3851179549580296 0.7071067811865472
    outer loop
      vertex 19.618033988749893 -6.675570504584947 13.5
      vertex 19.73205080756888 -6.5 13.5
      vertex 18.431229972146753 -5.748970740501553 15
    endloop
  endfacet
  facet normal 0.6300367553350541 -0.32101976096009666 0.7071067811865471
    outer loop
      vertex 19.73205080756888 -6.5 13.5
      vertex 19.8270909152852 -6.3134732861516 13.5
      vertex 18.45489217814223 -5.702531046431399 15
    endloop
  endfacet
  facet normal 0.6601410503591991 -0.2534044072834044 0.7071067811865474
    outer loop
      vertex 19.8270909152852 -6.3134732861516 13.5
      vertex 19.902113032590307 -6.118033988749895 13.5
      vertex 18.473570490241674 -5.653872379834199 15
    endloop
  endfacet
  facet normal 0.6830127018922197 -0.18301270189221897 0.7071067811865471
    outer loop
      vertex 19.902113032590307 -6.118033988749895 13.5
      vertex 19.95629520146761 -5.915823381635518 13.5
      vertex 18.487060264949037 -5.60352785524367 15
    endloop
  endfacet
  facet normal 0.6984011233337105 -0.11061587104123202 0.7071067811865481
    outer loop
      vertex 19.95629520146761 -5.915823381635518 13.5
      vertex 19.989043790736545 -5.709056926535307 13.5
      vertex 18.495213705469705 -5.552049057806461 15
    endloop
  endfacet
  facet normal 0.7061377159181258 -0.03700710955927286 0.7071067811865478
    outer loop
      vertex 19.989043790736545 -5.709056926535307 13.5
      vertex 20 -5.5 13.5
      vertex 18.495213705469705 -5.552049057806461 15
    endloop
  endfacet
  facet normal 0.03700710955926684 -0.7061377159181262 0.7071067811865476
    outer loop
      vertex 18 -7.5 13.5
      vertex 18.052049057806478 -5.995213705469706 15
      vertex 17.960721117646216 -6 15
    endloop
  endfacet
  facet normal 0.11061587104124566 -0.6984011233337091 0.7071067811865474
    outer loop
      vertex 18.209056926535307 -7.489043790736547 13.5
      vertex 18.103527855243666 -5.9870602649490365 15
      vertex 18.052049057806478 -5.995213705469706 15
    endloop
  endfacet
  facet normal 0.18301270189221616 -0.6830127018922203 0.7071067811865475
    outer loop
      vertex 18.41582338163552 -7.456295201467611 13.5
      vertex 18.15387237983418 -5.97357049024168 15
      vertex 18.103527855243666 -5.9870602649490365 15
    endloop
  endfacet
  facet normal 0.2534044072833875 -0.660141050359205 0.707106781186548
    outer loop
      vertex 18.618033988749893 -7.402113032590307 13.5
      vertex 18.2025310464314 -5.954892178142229 15
      vertex 18.15387237983418 -5.97357049024168 15
    endloop
  endfacet
  facet normal 0.3210197609601055 -0.6300367553350494 0.7071067811865475
    outer loop
      vertex 18.813473286151602 -7.3270909152852015 13.5
      vertex 18.24897074050157 -5.931229972146742 15
      vertex 18.2025310464314 -5.954892178142229 15
    endloop
  endfacet
  facet normal 0.385117954958037 -0.5930296457757747 0.7071067811865467
    outer loop
      vertex 19 -7.232050807568877 13.5
      vertex 18.292682659038306 -5.902843120335753 15
      vertex 18.24897074050157 -5.931229972146742 15
    endloop
  endfacet
  facet normal 0.4449967160503071 -0.5495251793179653 0.7071067811865477
    outer loop
      vertex 19.175570504584947 -7.118033988749895 13.5
      vertex 18.33318788511485 -5.870042634998014 15
      vertex 18.292682659038306 -5.902843120335753 15
    endloop
  endfacet
  facet normal 0.500000000000006 -0.4999999999999939 0.7071067811865476
    outer loop
      vertex 19.33826121271772 -6.986289650954788 13.5
      vertex 18.370042634998 -5.833187885114862 15
      vertex 18.33318788511485 -5.870042634998014 15
    endloop
  endfacet
  facet normal 0.549525179317958 -0.44499671605031543 0.7071067811865482
    outer loop
      vertex 19.486289650954788 -6.8382612127177165 13.5
      vertex 18.402843120335756 -5.792682659038299 15
      vertex 18.370042634998 -5.833187885114862 15
    endloop
  endfacet
  facet normal 0.5930296457757652 -0.385117954958049 0.707106781186548
    outer loop
      vertex 19.618033988749893 -6.675570504584947 13.5
      vertex 18.431229972146753 -5.748970740501553 15
      vertex 18.402843120335756 -5.792682659038299 15
    endloop
  endfacet
  facet normal 0.6300367553350564 -0.32101976096009294 0.7071067811865469
    outer loop
      vertex 19.73205080756888 -6.5 13.5
      vertex 18.45489217814223 -5.702531046431399 15
      vertex 18.431229972146753 -5.748970740501553 15
    endloop
  endfacet
  facet normal 0.6601410503592071 -0.25340440728338626 0.7071067811865465
    outer loop
      vertex 19.8270909152852 -6.3134732861516 13.5
      vertex 18.473570490241674 -5.653872379834199 15
      vertex 18.45489217814223 -5.702531046431399 15
    endloop
  endfacet
  facet normal 0.6830127018922122 -0.18301270189224345 0.7071067811865483
    outer loop
      vertex 19.902113032590307 -6.118033988749895 13.5
      vertex 18.487060264949037 -5.60352785524367 15
      vertex 18.473570490241674 -5.653872379834199 15
    endloop
  endfacet
  facet normal 0.6984011233337194 -0.11061587104118943 0.707106781186546
    outer loop
      vertex 19.95629520146761 -5.915823381635518 13.5
      vertex 18.495213705469705 -5.552049057806461 15
      vertex 18.487060264949037 -5.60352785524367 15
    endloop
  endfacet
  facet normal 0.7061377159181257 -0.03700710955928591 0.7071067811865471
    outer loop
      vertex 20 -5.5 13.5
      vertex 18.5 -5.460721117646229 15
      vertex 18.495213705469705 -5.552049057806461 15
    endloop
  endfacet
  facet normal 0 0 1
    outer loop
      vertex 18.052049057806478 -5.995213705469706 15
      vertex 18.103527855243666 -5.9870602649490365 15
      vertex 18.15387237983418 -5.97357049024168 15
    endloop
  endfacet
  facet normal 0 0 1
    outer loop
      vertex 18.052049057806478 -5.995213705469706 15
      vertex 18.2025310464314 -5.954892178142229 15
      vertex 18.24897074050157 -5.931229972146742 15
    endloop
  endfacet
  facet normal 0 0 1
    outer loop
      vertex 18.052049057806478 -5.995213705469706 15
      vertex 18.15387237983418 -5.97357049024168 15
      vertex 18.2025310464314 -5.954892178142229 15
    endloop
  endfacet
  facet normal 0 0 1
    outer loop
      vertex 18.052049057806478 -5.995213705469706 15
      vertex 18.24897074050157 -5.931229972146742 15
      vertex 18.292682659038306 -5.902843120335753 15
    endloop
  endfacet
  facet normal 0 0 1
    outer loop
      vertex 18.052049057806478 -5.995213705469706 15
      vertex 18.33318788511485 -5.870042634998014 15
      vertex 18.370042634998 -5.833187885114862 15
    endloop
  endfacet
  facet normal 0 0 1
    outer loop
      vertex 18.052049057806478 -5.995213705469706 15
      vertex 18.292682659038306 -5.902843120335753 15
      vertex 18.33318788511485 -5.870042634998014 15
    endloop
  endfacet
  facet normal 0 0 1
    outer loop
      vertex 18.052049057806478 -5.995213705469706 15
      vertex 18.370042634998 -5.833187885114862 15
      vertex 18.402843120335756 -5.792682659038299 15
    endloop
  endfacet
  facet normal 0 0 1
    outer loop
      vertex 17.960721117646216 -6 15
      vertex 18.052049057806478 -5.995213705469706 15
      vertex 18.495213705469705 -5.552049057806461 15
    endloop
  endfacet
  facet normal 0 0 1
    outer loop
      vertex 18.052049057806478 -5.995213705469706 15
      vertex 18.402843120335756 -5.792682659038299 15
      vertex 18.431229972146753 -5.748970740501553 15
    endloop
  endfacet
  facet normal 0 0 1
    outer loop
      vertex 18.052049057806478 -5.995213705469706 15
      vertex 18.45489217814223 -5.702531046431399 15
      vertex 18.473570490241674 -5.653872379834199 15
    endloop
  endfacet
  facet normal 0 0 1
    outer loop
      vertex 18.052049057806478 -5.995213705469706 15
      vertex 18.431229972146753 -5.748970740501553 15
      vertex 18.45489217814223 -5.702531046431399 15
    endloop
  endfacet
  facet normal 0 0 1
    outer loop
      vertex 18.052049057806478 -5.995213705469706 15
      vertex 18.473570490241674 -5.653872379834199 15
      vertex 18.487060264949037 -5.60352785524367 15
    endloop
  endfacet
  facet normal 0 0 1
    outer loop
      vertex 18.052049057806478 -5.995213705469706 15
      vertex 18.487060264949037 -5.60352785524367 15
      vertex 18.495213705469705 -5.552049057806461 15
    endloop
  endfacet
  facet normal 0 0 1
    outer loop
      vertex 17.960721117646216 -6 15
      vertex 18.495213705469705 -5.552049057806461 15
      vertex 18.5 -5.460721117646229 15
    endloop
  endfacet
  facet normal 0.7071067811865476 0 0.7071067811865476
    outer loop
      vertex 20 -5.5 13.5
      vertex 20 82.07157287525382 13.5
      vertex 18.5 -5.460721117646229 15
    endloop
  endfacet
  facet normal 3.932948153418826e-15 0.0523755659521251 -0.9986274581099773
    outer loop
      vertex 0 102.9 11.29685314390715
      vertex 19.987424419786485 82.29550182746044 10.216197646021406
      vertex 20 82.07157287525382 10.204453120563349
    endloop
  endfacet
  facet normal 5.5256578939636706e-15 0.05237556595212551 -0.9986274581099774
    outer loop
      vertex 0 102.9 11.29685314390715
      vertex 19.801937735804838 82.93934035348893 10.249965400861978
      vertex 19.887766660616734 82.73213099916416 10.239097777390183
    endloop
  endfacet
  facet normal 1.2464769955060684e-14 0.05237556595213485 -0.9986274581099769
    outer loop
      vertex 0 102.9 11.29685314390715
      vertex 19.69344839845657 83.13563702828449 10.260260681002178
      vertex 19.801937735804838 82.93934035348893 10.249965400861978
    endloop
  endfacet
  facet normal -9.096043234720374e-15 0.05237556595211293 -0.9986274581099779
    outer loop
      vertex 0 102.9 11.29685314390715
      vertex 19.94985582436365 82.51661474316644 10.227794477257493
      vertex 19.987424419786485 82.29550182746044 10.216197646021406
    endloop
  endfacet
  facet normal -4.4388580417553304e-16 0.052375565952120964 -0.9986274581099776
    outer loop
      vertex 0 102.9 11.29685314390715
      vertex 19.887766660616734 82.73213099916416 10.239097777390183
      vertex 19.94985582436365 82.51661474316644 10.227794477257493
    endloop
  endfacet
  facet normal -7.433754530430073e-15 0.052375565952114865 -0.9986274581099779
    outer loop
      vertex 0 102.9 11.29685314390715
      vertex 19.56366296493606 83.31855247897128 10.269854148689557
      vertex 19.69344839845657 83.13563702828449 10.260260681002178
    endloop
  endfacet
  facet normal -6.97605573683391e-14 0.052375565952050666 -0.9986274581099812
    outer loop
      vertex 0 102.9 11.29685314390715
      vertex 19.414213562373096 83.48578643762691 10.278625160501688
      vertex 19.56366296493606 83.31855247897128 10.269854148689557
    endloop
  endfacet
  facet normal 1 0 0
    outer loop
      vertex 20 -5.5 13.5
      vertex 20 82.07157287525382 10.204453120563349
      vertex 20 82.07157287525382 13.5
    endloop
  endfacet
  facet normal 0.7071067811865475 0 0.7071067811865475
    outer loop
      vertex 18.5 -5.460721117646229 15
      vertex 20 82.07157287525382 13.5
      vertex 18.5 82.02948693534161 15
    endloop
  endfacet
  facet normal 0.7071067811865475 0.7071067811865476 -4.792410749795536e-17
    outer loop
      vertex 0 102.9 11.29685314390715
      vertex 19.414213562373096 83.48578643762691 13.5
      vertex 19.414213562373096 83.48578643762691 10.278625160501688
    endloop
  endfacet
  facet normal 0.8155608689592546 0.5786712961798136 -8.262913382061103e-19
    outer loop
      vertex 19.56366296493606 83.31855247897128 10.269854148689557
      vertex 19.69344839845657 83.13563702828449 13.5
      vertex 19.69344839845657 83.13563702828449 10.260260681002178
    endloop
  endfacet
  facet normal 0.7456421648831669 0.6663465779520023 0
    outer loop
      vertex 19.56366296493606 83.31855247897128 10.269854148689557
      vertex 19.414213562373096 83.48578643762691 10.278625160501688
      vertex 19.56366296493606 83.31855247897128 13.5
    endloop
  endfacet
  facet normal 0.9984268150178167 0.05607044723718952 0
    outer loop
      vertex 20 82.07157287525382 10.204453120563349
      vertex 19.987424419786485 82.29550182746044 10.216197646021406
      vertex 20 82.07157287525382 13.5
    endloop
  endfacet
  facet normal 0.9858710185182356 0.1675062233047393 0
    outer loop
      vertex 19.987424419786485 82.29550182746044 10.216197646021406
      vertex 19.94985582436365 82.51661474316644 10.227794477257493
      vertex 19.987424419786485 82.29550182746044 13.5
    endloop
  endfacet
  facet normal 0.9609173219450986 0.27683551142485235 0
    outer loop
      vertex 19.94985582436365 82.51661474316644 10.227794477257493
      vertex 19.887766660616734 82.73213099916416 10.239097777390183
      vertex 19.94985582436365 82.51661474316644 13.5
    endloop
  endfacet
  facet normal 0.9238795325112836 0.3826834323650972 0
    outer loop
      vertex 19.887766660616734 82.73213099916416 10.239097777390183
      vertex 19.801937735804838 82.93934035348893 10.249965400861978
      vertex 19.887766660616734 82.73213099916416 13.5
    endloop
  endfacet
  facet normal 0.8752234219087641 0.4837188871052209 0
    outer loop
      vertex 19.801937735804838 82.93934035348893 10.249965400861978
      vertex 19.69344839845657 83.13563702828449 10.260260681002178
      vertex 19.801937735804838 82.93934035348893 13.5
    endloop
  endfacet
  facet normal 0.9984268150178167 0.05607044723718952 0
    outer loop
      vertex 19.987424419786485 82.29550182746044 10.216197646021406
      vertex 19.987424419786485 82.29550182746044 13.5
      vertex 20 82.07157287525382 13.5
    endloop
  endfacet
  facet normal 0.9858710185182354 0.1675062233047393 0
    outer loop
      vertex 19.94985582436365 82.51661474316644 10.227794477257493
      vertex 19.94985582436365 82.51661474316644 13.5
      vertex 19.987424419786485 82.29550182746044 13.5
    endloop
  endfacet
  facet normal 0.9609173219450986 0.27683551142485235 0
    outer loop
      vertex 19.887766660616734 82.73213099916416 10.239097777390183
      vertex 19.887766660616734 82.73213099916416 13.5
      vertex 19.94985582436365 82.51661474316644 13.5
    endloop
  endfacet
  facet normal 0.9238795325112837 0.3826834323650973 0
    outer loop
      vertex 19.801937735804838 82.93934035348893 10.249965400861978
      vertex 19.801937735804838 82.93934035348893 13.5
      vertex 19.887766660616734 82.73213099916416 13.5
    endloop
  endfacet
  facet normal 0.8752234219087642 0.48371888710522093 0
    outer loop
      vertex 19.69344839845657 83.13563702828449 10.260260681002178
      vertex 19.69344839845657 83.13563702828449 13.5
      vertex 19.801937735804838 82.93934035348893 13.5
    endloop
  endfacet
  facet normal 0.8155608689592545 0.5786712961798136 0
    outer loop
      vertex 19.56366296493606 83.31855247897128 10.269854148689557
      vertex 19.56366296493606 83.31855247897128 13.5
      vertex 19.69344839845657 83.13563702828449 13.5
    endloop
  endfacet
  facet normal 0.745642164883167 0.6663465779520025 0
    outer loop
      vertex 19.414213562373096 83.48578643762691 10.278625160501688
      vertex 19.414213562373096 83.48578643762691 13.5
      vertex 19.56366296493606 83.31855247897128 13.5
    endloop
  endfacet
  facet normal 0.5000000000000009 0.500000000000001 0.7071067811865462
    outer loop
      vertex 0 102.9 13.5
      vertex 18.323794137088754 82.45488551935162 15
      vertex 19.414213562373096 83.48578643762691 13.5
    endloop
  endfacet
  facet normal 0.7059943714175849 0.039647793465579236 0.7071067811865476
    outer loop
      vertex 20 82.07157287525382 13.5
      vertex 19.987424419786485 82.29550182746044 13.5
      vertex 18.494507470422235 82.12729048574886 15
    endloop
  endfacet
  facet normal 0.6971160825695325 0.11844478638972922 0.7071067811865477
    outer loop
      vertex 19.987424419786485 82.29550182746044 13.5
      vertex 19.94985582436365 82.51661474316644 13.5
      vertex 18.494507470422235 82.12729048574886 15
    endloop
  endfacet
  facet normal 0.6794711545069964 0.19575226740175913 0.7071067811865474
    outer loop
      vertex 19.94985582436365 82.51661474316644 13.5
      vertex 19.887766660616734 82.73213099916416 13.5
      vertex 18.485159718173186 82.18230741496383 15
    endloop
  endfacet
  facet normal 0.6532814824381861 0.2705980500731038 0.7071067811865476
    outer loop
      vertex 19.887766660616734 82.73213099916416 13.5
      vertex 19.801937735804838 82.93934035348893 13.5
      vertex 18.4697108009719 82.23593179309222 15
    endloop
  endfacet
  facet normal 0.6188764166849823 0.34204090526011194 0.707106781186547
    outer loop
      vertex 19.801937735804838 82.93934035348893 13.5
      vertex 19.69344839845657 83.13563702828449 13.5
      vertex 18.448354997915803 82.28748926246561 15
    endloop
  endfacet
  facet normal 0.5766886209114828 0.40918239760675573 0.7071067811865468
    outer loop
      vertex 19.56366296493606 83.31855247897128 13.5
      vertex 18.42136087061935 82.3363314579921 15
      vertex 19.69344839845657 83.13563702828449 13.5
    endloop
  endfacet
  facet normal 0.5272486311275063 0.4711781838903123 0.7071067811865461
    outer loop
      vertex 19.56366296493606 83.31855247897128 13.5
      vertex 19.414213562373096 83.48578643762691 13.5
      vertex 18.389067885895496 82.38184416072427 15
    endloop
  endfacet
  facet normal 0 0 1
    outer loop
      vertex -1.060660171779821 101.83933982822019 15
      vertex 18.5 82.02948693534161 15
      vertex 18.323794137088754 82.45488551935162 15
    endloop
  endfacet
  facet normal 0.7059943714175849 0.03964779346557638 0.7071067811865477
    outer loop
      vertex 20 82.07157287525382 13.5
      vertex 18.494507470422235 82.12729048574886 15
      vertex 18.5 82.02948693534161 15
    endloop
  endfacet
  facet normal 0.6971160825695277 0.11844478638975138 0.7071067811865486
    outer loop
      vertex 19.94985582436365 82.51661474316644 13.5
      vertex 18.485159718173186 82.18230741496383 15
      vertex 18.494507470422235 82.12729048574886 15
    endloop
  endfacet
  facet normal 0.679471154506999 0.19575226740175153 0.7071067811865468
    outer loop
      vertex 19.887766660616734 82.73213099916416 13.5
      vertex 18.4697108009719 82.23593179309222 15
      vertex 18.485159718173186 82.18230741496383 15
    endloop
  endfacet
  facet normal 0.6532814824381813 0.27059805007311394 0.707106781186548
    outer loop
      vertex 19.801937735804838 82.93934035348893 13.5
      vertex 18.448354997915803 82.28748926246561 15
      vertex 18.4697108009719 82.23593179309222 15
    endloop
  endfacet
  facet normal 0.5766886209114591 0.40918239760678565 0.7071067811865488
    outer loop
      vertex 19.56366296493606 83.31855247897128 13.5
      vertex 18.389067885895496 82.38184416072427 15
      vertex 18.42136087061935 82.3363314579921 15
    endloop
  endfacet
  facet normal 0.5272486311275073 0.47117818389031096 0.707106781186546
    outer loop
      vertex 19.414213562373096 83.48578643762691 13.5
      vertex 18.323794137088754 82.45488551935162 15
      vertex 18.389067885895496 82.38184416072427 15
    endloop
  endfacet
  facet normal 0.6188764166850191 0.34204090526005176 0.7071067811865438
    outer loop
      vertex 19.69344839845657 83.13563702828449 13.5
      vertex 18.42136087061935 82.3363314579921 15
      vertex 18.448354997915803 82.28748926246561 15
    endloop
  endfacet
  facet normal 0 0 1
    outer loop
      vertex 18.5 82.02948693534161 15
      vertex 18.494507470422235 82.12729048574886 15
      vertex 18.323794137088754 82.45488551935162 15
    endloop
  endfacet
  facet normal 0 0 1
    outer loop
      vertex 18.494507470422235 82.12729048574886 15
      vertex 18.485159718173186 82.18230741496383 15
      vertex 18.389067885895496 82.38184416072427 15
    endloop
  endfacet
  facet normal 0 0 1
    outer loop
      vertex 18.485159718173186 82.18230741496383 15
      vertex 18.4697108009719 82.23593179309222 15
      vertex 18.389067885895496 82.38184416072427 15
    endloop
  endfacet
  facet normal 0 0 1
    outer loop
      vertex 18.448354997915803 82.28748926246561 15
      vertex 18.389067885895496 82.38184416072427 15
      vertex 18.4697108009719 82.23593179309222 15
    endloop
  endfacet
  facet normal 0 0 1
    outer loop
      vertex 18.448354997915803 82.28748926246561 15
      vertex 18.42136087061935 82.3363314579921 15
      vertex 18.389067885895496 82.38184416072427 15
    endloop
  endfacet
  facet normal 0 0 1
    outer loop
      vertex 18.494507470422235 82.12729048574886 15
      vertex 18.389067885895496 82.38184416072427 15
      vertex 18.323794137088754 82.45488551935162 15
    endloop
  endfacet
  facet normal -3.90756865449141e-15 0.05237556595208858 -0.9986274581099793
    outer loop
      vertex 142 -7.5 5.5066433573088105
      vertex 141.7909430734647 -7.489043790736547 5.507217983668424
      vertex 141.5841766183645 -7.456295201467611 5.508935567020618
    endloop
  endfacet
  facet normal 2.1872986514398125e-15 0.05237556595212526 -0.9986274581099774
    outer loop
      vertex 140.26794919243113 -6.5 5.5590909097236505
      vertex 142 -7.5 5.5066433573088105
      vertex 140.3819660112501 -6.675570504584947 5.549882666481931
    endloop
  endfacet
  facet normal -3.96104940204634e-15 0.05237556595211464 -0.9986274581099779
    outer loop
      vertex 140.26794919243113 -6.5 5.5590909097236505
      vertex 140.1729090847148 -6.3134732861516 5.568873779324981
      vertex 142 -7.5 5.5066433573088105
    endloop
  endfacet
  facet normal 2.259622329684694e-15 0.05237556595212419 -0.9986274581099774
    outer loop
      vertex 140.1729090847148 -6.3134732861516 5.568873779324981
      vertex 140.0978869674097 -6.118033988749895 5.579124092119377
      vertex 142 -7.5 5.5066433573088105
    endloop
  endfacet
  facet normal 2.469294764126643e-16 0.052375565952123136 -0.9986274581099774
    outer loop
      vertex 142 -7.5 5.5066433573088105
      vertex 140.82442949541505 -7.118033988749895 5.526676539704538
      vertex 140.66173878728227 -6.986289650954788 5.5335862077664055
    endloop
  endfacet
  facet normal 1.903731529301124e-16 0.05237556595212297 -0.9986274581099776
    outer loop
      vertex 142 -7.5 5.5066433573088105
      vertex 140.66173878728227 -6.986289650954788 5.5335862077664055
      vertex 140.5137103490452 -6.8382612127177165 5.541349937039731
    endloop
  endfacet
  facet normal -6.487634997513969e-16 0.052375565952118994 -0.9986274581099777
    outer loop
      vertex 142 -7.5 5.5066433573088105
      vertex 141.1865267138484 -7.3270909152852015 5.515712015592392
      vertex 141 -7.232050807568877 5.520696636623356
    endloop
  endfacet
  facet normal 1.5163937304520598e-15 0.05237556595212702 -0.9986274581099772
    outer loop
      vertex 142 -7.5 5.5066433573088105
      vertex 141 -7.232050807568877 5.520696636623356
      vertex 140.82442949541505 -7.118033988749895 5.526676539704538
    endloop
  endfacet
  facet normal -5.628826388414488e-15 0.052375565952109925 -0.9986274581099781
    outer loop
      vertex 142 -7.5 5.5066433573088105
      vertex 140.5137103490452 -6.8382612127177165 5.541349937039731
      vertex 140.3819660112501 -6.675570504584947 5.549882666481931
    endloop
  endfacet
  facet normal 8.783800346392211e-16 0.05237556595213399 -0.998627458109977
    outer loop
      vertex 142 -7.5 5.5066433573088105
      vertex 141.5841766183645 -7.456295201467611 5.508935567020618
      vertex 141.3819660112501 -7.402113032590307 5.511777289162761
    endloop
  endfacet
  facet normal -4.010626090062868e-15 0.052375565952103215 -0.9986274581099785
    outer loop
      vertex 142 -7.5 5.5066433573088105
      vertex 141.3819660112501 -7.402113032590307 5.511777289162761
      vertex 141.1865267138484 -7.3270909152852015 5.515712015592392
    endloop
  endfacet
  facet normal 2.486721523516078e-16 0.05237556595212477 -0.9986274581099774
    outer loop
      vertex 140.0978869674097 -6.118033988749895 5.579124092119377
      vertex 140.0437047985324 -5.915823381635518 5.589729543534846
      vertex 159.0875135064125 -7.494639068841934 5.506924525026715
    endloop
  endfacet
  facet normal -1.3849664445850378e-16 0.052375565952119715 -0.9986274581099776
    outer loop
      vertex 140.0437047985324 -5.915823381635518 5.589729543534846
      vertex 140.01095620926344 -5.709056926535307 5.600573938026344
      vertex 160.10611605644226 -7.239492408931255 5.520306342845852
    endloop
  endfacet
  facet normal 8.836866723393084e-17 0.052375565952122706 -0.9986274581099776
    outer loop
      vertex 140.01095620926344 -5.709056926535307 5.600573938026344
      vertex 140 -5.5 5.6115384621384905
      vertex 160.10611605644226 -7.239492408931255 5.520306342845852
    endloop
  endfacet
  facet normal -1.5820346342600618e-19 0.0523755659521211 -0.9986274581099777
    outer loop
      vertex 140.0978869674097 -6.118033988749895 5.579124092119377
      vertex 159.05137304332538 -7.5 5.5066433573088105
      vertex 142 -7.5 5.5066433573088105
    endloop
  endfacet
  facet normal -1.1866246853230608e-18 0.052375565952121506 -0.9986274581099774
    outer loop
      vertex 140 -5.5 5.6115384621384905
      vertex 140 82.07157287525382 10.204453120563349
      vertex 161.09480503201485 -6.885733835399151 5.538860114173376
    endloop
  endfacet
  facet normal -0.1467304711330208 0.9891765104576037 0
    outer loop
      vertex 159.05137304332538 -7.5 0
      vertex 159.05137304332538 -7.5 5.5066433573088105
      vertex 159.0875135064125 -7.494639068841934 0
    endloop
  endfacet
  facet normal -0.24298018304909527 0.9700312524065543 0
    outer loop
      vertex 159.0875135064125 -7.494639068841934 0
      vertex 160.10611605644226 -7.239492408931255 5.520306342845852
      vertex 160.10611605644226 -7.239492408931255 0
    endloop
  endfacet
  facet normal -0.3368898546346248 0.9415440647384813 0
    outer loop
      vertex 160.10611605644226 -7.239492408931255 0
      vertex 161.09480503201485 -6.885733835399151 5.538860114173376
      vertex 161.09480503201485 -6.885733835399151 0
    endloop
  endfacet
  facet normal -0.4275550945946499 0.9039892925727384 0
    outer loop
      vertex 161.09480503201485 -6.885733835399151 0
      vertex 162.0440587848425 -6.436770245432854 5.562407155590488
      vertex 162.0440587848425 -6.436770245432854 0
    endloop
  endfacet
  facet normal -0.5141027404461189 0.857728612246199 0
    outer loop
      vertex 162.0440587848425 -6.436770245432854 0
      vertex 162.94473549723625 -5.896925404667854 5.590720696172392
      vertex 162.94473549723625 -5.896925404667854 0
    endloop
  endfacet
  facet normal -0.5956993101996116 0.803207527247913 9.400529806744343e-18
    outer loop
      vertex 162.94473549723625 -5.896925404667854 0
      vertex 163.78816115111113 -5.271398298442364 5.623528061863056
      vertex 163.78816115111113 -5.271398298442364 0
    endloop
  endfacet
  facet normal 0 0 -1
    outer loop
      vertex 159.05137304332538 -7.5 0
      vertex 159.0875135064125 -7.494639068841934 0
      vertex 219 -7.500000000000001 0
    endloop
  endfacet
  facet normal 0 0 -1
    outer loop
      vertex 159.0875135064125 -7.494639068841934 0
      vertex 160.10611605644226 -7.239492408931255 0
      vertex 219 -7.500000000000001 0
    endloop
  endfacet
  facet normal 0 0 -1
    outer loop
      vertex 160.10611605644226 -7.239492408931255 0
      vertex 161.09480503201485 -6.885733835399151 0
      vertex 219 -7.500000000000001 0
    endloop
  endfacet
  facet normal 0 0 -1
    outer loop
      vertex 161.09480503201485 -6.885733835399151 0
      vertex 162.0440587848425 -6.436770245432854 0
      vertex 219 -7.500000000000001 0
    endloop
  endfacet
  facet normal 0 0 -1
    outer loop
      vertex 162.0440587848425 -6.436770245432854 0
      vertex 162.94473549723625 -5.896925404667854 0
      vertex 219 -7.500000000000001 0
    endloop
  endfacet
  facet normal 0 0 -1
    outer loop
      vertex 162.94473549723625 -5.896925404667854 0
      vertex 163.78816115111113 -5.271398298442364 0
      vertex 219 -7.500000000000001 0
    endloop
  endfacet
  facet normal 0 0 -1
    outer loop
      vertex 163.78816115111113 -5.271398298442364 0
      vertex 164.5662131085992 -4.566213108599186 0
      vertex 223 -3.500000000000001 0
    endloop
  endfacet
  facet normal 0 0 -1
    outer loop
      vertex 164.5662131085992 -4.566213108599186 0
      vertex 165.27139829844236 -3.788161151111126 0
      vertex 223 -3.500000000000001 0
    endloop
  endfacet
  facet normal 0 0 -1
    outer loop
      vertex 165.27139829844236 -3.788161151111126 0
      vertex 165.89692540466785 -2.944735497236252 0
      vertex 223 -3.500000000000001 0
    endloop
  endfacet
  facet normal 0 0 -1
    outer loop
      vertex 165.89692540466785 -2.944735497236252 0
      vertex 166.43677024543285 -2.044058784842491 0
      vertex 223 -3.500000000000001 0
    endloop
  endfacet
  facet normal 0 0 -1
    outer loop
      vertex 166.43677024543285 -2.044058784842491 0
      vertex 166.88573383539915 -1.0948050320148468 0
      vertex 223 -3.500000000000001 0
    endloop
  endfacet
  facet normal 0 0 -1
    outer loop
      vertex 166.88573383539915 -1.0948050320148468 0
      vertex 167.23949240893126 -0.10611605644226074 0
      vertex 223 -3.500000000000001 0
    endloop
  endfacet
  facet normal 0 0 -1
    outer loop
      vertex 167.23949240893126 -0.10611605644226074 0
      vertex 167.49463906884193 0.9124864935874939 0
      vertex 223 -3.500000000000001 0
    endloop
  endfacet
  facet normal 0 0 -1
    outer loop
      vertex 167.49463906884193 0.9124864935874939 0
      vertex 167.64871661365032 1.9511929526925087 0
      vertex 223 -3.500000000000001 0
    endloop
  endfacet
  facet normal 0 0 -1
    outer loop
      vertex 167.64871661365032 1.9511929526925087 0
      vertex 167.70000000298023 2.995090276002884 0
      vertex 223 -3.500000000000001 0
    endloop
  endfacet
  facet normal -1.4815659086604593e-17 -1 0
    outer loop
      vertex 159.05137304332538 -7.5 0
      vertex 219 -7.500000000000001 0
      vertex 159.05137304332538 -7.5 5.5066433573088105
    endloop
  endfacet
  facet normal 0 0 -1
    outer loop
      vertex 167.70000000298023 2.995090276002884 0
      vertex 167.70000000298023 46.729999996721745 0
      vertex 223 -3.500000000000001 0
    endloop
  endfacet
  facet normal -0.6715589552778659 0.7409511249644617 0
    outer loop
      vertex 163.78816115111113 -5.271398298442364 0
      vertex 164.5662131085992 -4.566213108599186 5.6605132990695255
      vertex 164.5662131085992 -4.566213108599186 0
    endloop
  endfacet
  facet normal -0.7409511249644618 0.6715589552778659 0
    outer loop
      vertex 164.5662131085992 -4.566213108599186 0
      vertex 165.27139829844236 -3.788161151111126 5.7013202198913495
      vertex 165.27139829844236 -3.788161151111126 0
    endloop
  endfacet
  facet normal -0.803207527247913 0.5956993101996116 9.20087537547451e-18
    outer loop
      vertex 165.27139829844236 -3.788161151111126 0
      vertex 165.89692540466785 -2.944735497236252 5.7455558310809725
      vertex 165.89692540466785 -2.944735497236252 0
    endloop
  endfacet
  facet normal -0.857728612246199 0.5141027404461188 0
    outer loop
      vertex 165.89692540466785 -2.944735497236252 0
      vertex 166.43677024543285 -2.044058784842491 5.79279412016307
      vertex 166.43677024543285 -2.044058784842491 0
    endloop
  endfacet
  facet normal -0.9039892925727384 0.42755509459464996 0
    outer loop
      vertex 166.43677024543285 -2.044058784842491 0
      vertex 166.88573383539915 -1.0948050320148468 5.842580156119482
      vertex 166.88573383539915 -1.0948050320148468 0
    endloop
  endfacet
  facet normal -0.9415440647384813 0.33688985463462473 0
    outer loop
      vertex 166.88573383539915 -1.0948050320148468 0
      vertex 167.23949240893126 -0.10611605644226074 5.8944344729877995
      vertex 167.23949240893126 -0.10611605644226074 0
    endloop
  endfacet
  facet normal -0.9700312524065543 0.24298018304909527 0
    outer loop
      vertex 167.23949240893126 -0.10611605644226074 0
      vertex 167.49463906884193 0.9124864935874939 5.9478576836203745
      vertex 167.49463906884193 0.9124864935874939 0
    endloop
  endfacet
  facet normal -0.9891765104575972 0.1467304711330636 0
    outer loop
      vertex 167.49463906884193 0.9124864935874939 0
      vertex 167.64871661365032 1.9511929526925087 6.002335295077917
      vertex 167.64871661365032 1.9511929526925087 0
    endloop
  endfacet
  facet normal -0.9987954560948427 0.04906767657323299 0
    outer loop
      vertex 167.64871661365032 1.9511929526925087 0
      vertex 167.70000000298023 2.995090276002884 6.057085154657949
      vertex 167.70000000298023 2.995090276002884 0
    endloop
  endfacet
  facet normal -0.1467304711330208 0.9891765104576037 0
    outer loop
      vertex 159.0875135064125 -7.494639068841934 0
      vertex 159.05137304332538 -7.5 5.5066433573088105
      vertex 159.0875135064125 -7.494639068841934 5.506924525026715
    endloop
  endfacet
  facet normal -0.24298018304909524 0.9700312524065543 0
    outer loop
      vertex 159.0875135064125 -7.494639068841934 0
      vertex 159.0875135064125 -7.494639068841934 5.506924525026715
      vertex 160.10611605644226 -7.239492408931255 5.520306342845852
    endloop
  endfacet
  facet normal -0.3368898546346248 0.9415440647384813 0
    outer loop
      vertex 160.10611605644226 -7.239492408931255 0
      vertex 160.10611605644226 -7.239492408931255 5.520306342845852
      vertex 161.09480503201485 -6.885733835399151 5.538860114173376
    endloop
  endfacet
  facet normal -0.42755509459464996 0.9039892925727383 0
    outer loop
      vertex 161.09480503201485 -6.885733835399151 0
      vertex 161.09480503201485 -6.885733835399151 5.538860114173376
      vertex 162.0440587848425 -6.436770245432854 5.562407155590488
    endloop
  endfacet
  facet normal -0.5141027404461188 0.857728612246199 0
    outer loop
      vertex 162.0440587848425 -6.436770245432854 0
      vertex 162.0440587848425 -6.436770245432854 5.562407155590488
      vertex 162.94473549723625 -5.896925404667854 5.590720696172392
    endloop
  endfacet
  facet normal -0.5956993101996116 0.803207527247913 0
    outer loop
      vertex 162.94473549723625 -5.896925404667854 0
      vertex 162.94473549723625 -5.896925404667854 5.590720696172392
      vertex 163.78816115111113 -5.271398298442364 5.623528061863056
    endloop
  endfacet
  facet normal 0 0 -1
    outer loop
      vertex 163 45.229999996721745 0
      vertex 163 56.229999996721745 0
      vertex 167.5 46.729999996721745 0
    endloop
  endfacet
  facet normal 0 0 -1
    outer loop
      vertex 223 -3.500000000000001 0
      vertex 167.70000000298023 46.729999996721745 0
      vertex 163 56.229999996721745 0
    endloop
  endfacet
  facet normal 0 0 -1
    outer loop
      vertex 223 -3.500000000000001 0
      vertex 167.5 54.729999996721745 0
      vertex 167.70000000298023 54.729999996721745 0
    endloop
  endfacet
  facet normal 0 0 -1
    outer loop
      vertex 223 -3.500000000000001 0
      vertex 163 56.229999996721745 0
      vertex 167.5 54.729999996721745 0
    endloop
  endfacet
  facet normal -1 0 0
    outer loop
      vertex 167.70000000298023 2.995090276002884 0
      vertex 167.70000000298023 46.729999996721745 8.350874124593648
      vertex 167.70000000298023 46.729999996721745 0
    endloop
  endfacet
  facet normal 0.31622776601683794 -0.9486832980505139 0
    outer loop
      vertex 163 45.229999996721745 0
      vertex 167.5 46.729999996721745 0
      vertex 163 45.229999996721745 8.272202795971388
    endloop
  endfacet
  facet normal 0 -1 0
    outer loop
      vertex 167.5 46.729999996721745 0
      vertex 167.70000000298023 46.729999996721745 0
      vertex 167.5 46.729999996721745 8.350874124593648
    endloop
  endfacet
  facet normal 0 0 -1
    outer loop
      vertex 163.78816115111113 -5.271398298442364 0
      vertex 223 -3.500000000000001 0
      vertex 219 -7.500000000000001 0
    endloop
  endfacet
  facet normal 0 0 -1
    outer loop
      vertex 219 -7.500000000000001 0
      vertex 223 -3.500000000000001 0
      vertex 219.41811385307062 -7.478087581473094 0
    endloop
  endfacet
  facet normal 0 0 -1
    outer loop
      vertex 219.41811385307062 -7.478087581473094 0
      vertex 223 -3.500000000000001 0
      vertex 219.83164676327104 -7.412590402935224 0
    endloop
  endfacet
  facet normal 0 0 -1
    outer loop
      vertex 219.83164676327104 -7.412590402935224 0
      vertex 223 -3.500000000000001 0
      vertex 220.23606797749977 -7.304226065180615 0
    endloop
  endfacet
  facet normal 0 0 -1
    outer loop
      vertex 220.23606797749977 -7.304226065180615 0
      vertex 223 -3.500000000000001 0
      vertex 220.6269465723032 -7.154181830570405 0
    endloop
  endfacet
  facet normal 0 0 -1
    outer loop
      vertex 220.6269465723032 -7.154181830570405 0
      vertex 223 -3.500000000000001 0
      vertex 221 -6.964101615137755 0
    endloop
  endfacet
  facet normal 0 0 -1
    outer loop
      vertex 221 -6.964101615137755 0
      vertex 223 -3.500000000000001 0
      vertex 221.3511410091699 -6.736067977499791 0
    endloop
  endfacet
  facet normal 0 0 -1
    outer loop
      vertex 221.3511410091699 -6.736067977499791 0
      vertex 223 -3.500000000000001 0
      vertex 221.67652242543545 -6.472579301909578 0
    endloop
  endfacet
  facet normal 0 0 -1
    outer loop
      vertex 221.67652242543545 -6.472579301909578 0
      vertex 223 -3.500000000000001 0
      vertex 221.97257930190958 -6.176522425435434 0
    endloop
  endfacet
  facet normal 0 0 -1
    outer loop
      vertex 221.97257930190958 -6.176522425435434 0
      vertex 223 -3.500000000000001 0
      vertex 222.23606797749977 -5.851141009169893 0
    endloop
  endfacet
  facet normal 0 0 -1
    outer loop
      vertex 222.23606797749977 -5.851141009169893 0
      vertex 223 -3.500000000000001 0
      vertex 222.46410161513776 -5.500000000000001 0
    endloop
  endfacet
  facet normal 0 0 -1
    outer loop
      vertex 222.46410161513776 -5.500000000000001 0
      vertex 223 -3.500000000000001 0
      vertex 222.6541818305704 -5.1269465723032015 0
    endloop
  endfacet
  facet normal 0 0 -1
    outer loop
      vertex 222.6541818305704 -5.1269465723032015 0
      vertex 223 -3.500000000000001 0
      vertex 222.80422606518061 -4.736067977499791 0
    endloop
  endfacet
  facet normal 0 0 -1
    outer loop
      vertex 222.80422606518061 -4.736067977499791 0
      vertex 223 -3.500000000000001 0
      vertex 222.91259040293522 -4.3316467632710385 0
    endloop
  endfacet
  facet normal 0 0 -1
    outer loop
      vertex 222.91259040293522 -4.3316467632710385 0
      vertex 223 -3.500000000000001 0
      vertex 222.9780875814731 -3.918113853070615 0
    endloop
  endfacet
  facet normal -0.6715589552778659 0.7409511249644618 0
    outer loop
      vertex 163.78816115111113 -5.271398298442364 0
      vertex 163.78816115111113 -5.271398298442364 5.623528061863056
      vertex 164.5662131085992 -4.566213108599186 5.6605132990695255
    endloop
  endfacet
  facet normal -0.7409511249644617 0.6715589552778659 0
    outer loop
      vertex 164.5662131085992 -4.566213108599186 0
      vertex 164.5662131085992 -4.566213108599186 5.6605132990695255
      vertex 165.27139829844236 -3.788161151111126 5.7013202198913495
    endloop
  endfacet
  facet normal -0.8032075272479129 0.5956993101996116 0
    outer loop
      vertex 165.27139829844236 -3.788161151111126 0
      vertex 165.27139829844236 -3.788161151111126 5.7013202198913495
      vertex 165.89692540466785 -2.944735497236252 5.7455558310809725
    endloop
  endfacet
  facet normal -0.857728612246199 0.5141027404461188 0
    outer loop
      vertex 165.89692540466785 -2.944735497236252 0
      vertex 165.89692540466785 -2.944735497236252 5.7455558310809725
      vertex 166.43677024543285 -2.044058784842491 5.79279412016307
    endloop
  endfacet
  facet normal -0.9039892925727383 0.42755509459464996 0
    outer loop
      vertex 166.43677024543285 -2.044058784842491 0
      vertex 166.43677024543285 -2.044058784842491 5.79279412016307
      vertex 166.88573383539915 -1.0948050320148468 5.842580156119482
    endloop
  endfacet
  facet normal -0.9415440647384813 0.3368898546346248 0
    outer loop
      vertex 166.88573383539915 -1.0948050320148468 0
      vertex 166.88573383539915 -1.0948050320148468 5.842580156119482
      vertex 167.23949240893126 -0.10611605644226074 5.8944344729877995
    endloop
  endfacet
  facet normal -0.9700312524065542 0.24298018304909524 0
    outer loop
      vertex 167.23949240893126 -0.10611605644226074 0
      vertex 167.23949240893126 -0.10611605644226074 5.8944344729877995
      vertex 167.49463906884193 0.9124864935874939 5.9478576836203745
    endloop
  endfacet
  facet normal -0.9891765104575972 0.14673047113306362 0
    outer loop
      vertex 167.49463906884193 0.9124864935874939 0
      vertex 167.49463906884193 0.9124864935874939 5.9478576836203745
      vertex 167.64871661365032 1.9511929526925087 6.002335295077917
    endloop
  endfacet
  facet normal -0.9987954560948425 0.049067676573232986 0
    outer loop
      vertex 167.64871661365032 1.9511929526925087 0
      vertex 167.64871661365032 1.9511929526925087 6.002335295077917
      vertex 167.70000000298023 2.995090276002884 6.057085154657949
    endloop
  endfacet
  facet normal -3.1582445561970008e-15 0.052375565952076764 -0.9986274581099799
    outer loop
      vertex 140.0978869674097 -6.118033988749895 5.579124092119377
      vertex 159.0875135064125 -7.494639068841934 5.506924525026715
      vertex 159.05137304332538 -7.5 5.5066433573088105
    endloop
  endfacet
  facet normal -1.0079842012261939e-17 0.05237556595212166 -0.9986274581099776
    outer loop
      vertex 140.0437047985324 -5.915823381635518 5.589729543534846
      vertex 160.10611605644226 -7.239492408931255 5.520306342845852
      vertex 159.0875135064125 -7.494639068841934 5.506924525026715
    endloop
  endfacet
  facet normal 3.752818031807113e-17 0.05237556595212208 -0.9986274581099776
    outer loop
      vertex 140 -5.5 5.6115384621384905
      vertex 161.09480503201485 -6.885733835399151 5.538860114173376
      vertex 160.10611605644226 -7.239492408931255 5.520306342845852
    endloop
  endfacet
  facet normal -1 0 0
    outer loop
      vertex 167.70000000298023 2.995090276002884 0
      vertex 167.70000000298023 2.995090276002884 6.057085154657949
      vertex 167.70000000298023 46.729999996721745 8.350874124593648
    endloop
  endfacet
  facet normal -1.8426214317750385e-17 -1 -3.930667279752996e-17
    outer loop
      vertex 219 -7.500000000000001 0
      vertex 142 -7.5 13.5
      vertex 159.05137304332538 -7.5 5.5066433573088105
    endloop
  endfacet
  facet normal 0.31622776601683794 -0.9486832980505138 0
    outer loop
      vertex 167.5 46.729999996721745 0
      vertex 167.5 46.729999996721745 8.350874124593648
      vertex 163 45.229999996721745 8.272202795971388
    endloop
  endfacet
  facet normal 0 -1 0
    outer loop
      vertex 167.70000000298023 46.729999996721745 0
      vertex 167.70000000298023 46.729999996721745 8.350874124593648
      vertex 167.5 46.729999996721745 8.350874124593648
    endloop
  endfacet
  facet normal 5.0130398368949235e-17 0.05237556595212153 -0.9986274581099776
    outer loop
      vertex 161.09480503201485 -6.885733835399151 5.538860114173376
      vertex 140 82.07157287525382 10.204453120563349
      vertex 162.0440587848425 -6.436770245432854 5.562407155590488
    endloop
  endfacet
  facet normal 2.1501193091609666e-16 0.05237556595212156 -0.9986274581099776
    outer loop
      vertex 162.0440587848425 -6.436770245432854 5.562407155590488
      vertex 140 82.07157287525382 10.204453120563349
      vertex 162.94473549723625 -5.896925404667854 5.590720696172392
    endloop
  endfacet
  facet normal -1.7258569581046225e-16 0.052375565952121464 -0.9986274581099776
    outer loop
      vertex 162.94473549723625 -5.896925404667854 5.590720696172392
      vertex 140 82.07157287525382 10.204453120563349
      vertex 163.78816115111113 -5.271398298442364 5.623528061863056
    endloop
  endfacet
  facet normal 2.0261599494784104e-16 0.05237556595212157 -0.9986274581099774
    outer loop
      vertex 163.78816115111113 -5.271398298442364 5.623528061863056
      vertex 140 82.07157287525382 10.204453120563349
      vertex 164.5662131085992 -4.566213108599186 5.6605132990695255
    endloop
  endfacet
  facet normal 1.2216423926678058e-16 0.05237556595212154 -0.9986274581099774
    outer loop
      vertex 164.5662131085992 -4.566213108599186 5.6605132990695255
      vertex 140 82.07157287525382 10.204453120563349
      vertex 165.27139829844236 -3.788161151111126 5.7013202198913495
    endloop
  endfacet
  facet normal -2.790611723808979e-16 0.05237556595212143 -0.9986274581099774
    outer loop
      vertex 165.27139829844236 -3.788161151111126 5.7013202198913495
      vertex 140 82.07157287525382 10.204453120563349
      vertex 165.89692540466785 -2.944735497236252 5.7455558310809725
    endloop
  endfacet
  facet normal 4.467247500991336e-16 0.052375565952121644 -0.9986274581099776
    outer loop
      vertex 165.89692540466785 -2.944735497236252 5.7455558310809725
      vertex 140 82.07157287525382 10.204453120563349
      vertex 166.43677024543285 -2.044058784842491 5.79279412016307
    endloop
  endfacet
  facet normal -2.4571658180834554e-16 0.05237556595212142 -0.9986274581099776
    outer loop
      vertex 166.43677024543285 -2.044058784842491 5.79279412016307
      vertex 140 82.07157287525382 10.204453120563349
      vertex 166.88573383539915 -1.0948050320148468 5.842580156119482
    endloop
  endfacet
  facet normal 2.6421247593941837e-16 0.052375565952121596 -0.9986274581099776
    outer loop
      vertex 166.88573383539915 -1.0948050320148468 5.842580156119482
      vertex 140 82.07157287525382 10.204453120563349
      vertex 167.23949240893126 -0.10611605644226074 5.8944344729877995
    endloop
  endfacet
  facet normal -5.472448896425677e-16 0.052375565952121325 -0.9986274581099776
    outer loop
      vertex 167.23949240893126 -0.10611605644226074 5.8944344729877995
      vertex 140 82.07157287525382 10.204453120563349
      vertex 167.49463906884193 0.9124864935874939 5.9478576836203745
    endloop
  endfacet
  facet normal -8.893939239721246e-16 0.052375565952121214 -0.9986274581099777
    outer loop
      vertex 167.49463906884193 0.9124864935874939 5.9478576836203745
      vertex 140 82.07157287525382 10.204453120563349
      vertex 167.64871661365032 1.9511929526925087 6.002335295077917
    endloop
  endfacet
  facet normal 2.042428233255692e-16 0.05237556595212159 -0.9986274581099776
    outer loop
      vertex 167.64871661365032 1.9511929526925087 6.002335295077917
      vertex 140 82.07157287525382 10.204453120563349
      vertex 167.70000000298023 2.995090276002884 6.057085154657949
    endloop
  endfacet
  facet normal -1 0 0
    outer loop
      vertex 163 45.229999996721745 0
      vertex 163 45.229999996721745 8.272202795971388
      vertex 163 56.229999996721745 8.849125872534628
    endloop
  endfacet
  facet normal 0.05233595624294326 -0.9986295347545739 0
    outer loop
      vertex 219 -7.500000000000001 0
      vertex 219.41811385307062 -7.478087581473094 0
      vertex 219 -7.500000000000001 13.5
    endloop
  endfacet
  facet normal 0.1564344650402326 -0.9876883405951375 0
    outer loop
      vertex 219.41811385307062 -7.478087581473094 0
      vertex 219.83164676327104 -7.412590402935224 0
      vertex 219.41811385307062 -7.478087581473094 13.5
    endloop
  endfacet
  facet normal 0.2588190451025338 -0.9659258262890648 0
    outer loop
      vertex 219.83164676327104 -7.412590402935224 0
      vertex 220.23606797749977 -7.304226065180615 0
      vertex 219.83164676327104 -7.412590402935224 13.5
    endloop
  endfacet
  facet normal 0.3583679495452759 -0.9335804264972112 0
    outer loop
      vertex 220.23606797749977 -7.304226065180615 0
      vertex 220.6269465723032 -7.154181830570405 0
      vertex 220.23606797749977 -7.304226065180615 13.5
    endloop
  endfacet
  facet normal 0.45399049973955785 -0.8910065241883622 0
    outer loop
      vertex 220.6269465723032 -7.154181830570405 0
      vertex 221 -6.964101615137755 0
      vertex 220.6269465723032 -7.154181830570405 13.5
    endloop
  endfacet
  facet normal 0.5446390350150101 -0.838670567945435 0
    outer loop
      vertex 221 -6.964101615137755 0
      vertex 221.3511410091699 -6.736067977499791 0
      vertex 221 -6.964101615137755 13.5
    endloop
  endfacet
  facet normal 0.6293203910498344 -0.7771459614569735 0
    outer loop
      vertex 221.3511410091699 -6.736067977499791 0
      vertex 221.67652242543545 -6.472579301909578 0
      vertex 221.3511410091699 -6.736067977499791 13.5
    endloop
  endfacet
  facet normal 0.7071067811865698 -0.7071067811865253 0
    outer loop
      vertex 221.67652242543545 -6.472579301909578 0
      vertex 221.97257930190958 -6.176522425435434 0
      vertex 221.67652242543545 -6.472579301909578 13.5
    endloop
  endfacet
  facet normal 0.7771459614569906 -0.6293203910498131 -4.530990332815954e-19
    outer loop
      vertex 221.97257930190958 -6.176522425435434 0
      vertex 222.23606797749977 -5.851141009169893 0
      vertex 222.23606797749977 -5.851141009169893 13.5
    endloop
  endfacet
  facet normal 0.8386705679453943 -0.5446390350150728 3.924953266057668e-19
    outer loop
      vertex 222.23606797749977 -5.851141009169893 0
      vertex 222.46410161513776 -5.500000000000001 0
      vertex 222.46410161513776 -5.500000000000001 13.5
    endloop
  endfacet
  facet normal 0.8910065241883862 -0.4539904997395105 -2.909665487308661e-20
    outer loop
      vertex 222.46410161513776 -5.500000000000001 0
      vertex 222.6541818305704 -5.1269465723032015 0
      vertex 222.6541818305704 -5.1269465723032015 13.5
    endloop
  endfacet
  facet normal 0.9335804264971939 -0.35836794954532075 5.322374953849273e-19
    outer loop
      vertex 222.6541818305704 -5.1269465723032015 0
      vertex 222.80422606518061 -4.736067977499791 0
      vertex 222.80422606518061 -4.736067977499791 13.5
    endloop
  endfacet
  facet normal 0.9659258262890683 -0.25881904510252063 1.924264585713562e-19
    outer loop
      vertex 222.80422606518061 -4.736067977499791 0
      vertex 222.91259040293522 -4.3316467632710385 0
      vertex 222.91259040293522 -4.3316467632710385 13.5
    endloop
  endfacet
  facet normal 0.987688340595139 -0.15643446504022376 -1.7936030409175108e-19
    outer loop
      vertex 222.91259040293522 -4.3316467632710385 0
      vertex 222.9780875814731 -3.918113853070615 0
      vertex 222.9780875814731 -3.918113853070615 13.5
    endloop
  endfacet
  facet normal 0.9986295347545735 -0.0523359562429506 -8.862454616141134e-20
    outer loop
      vertex 222.9780875814731 -3.918113853070615 0
      vertex 223 -3.500000000000001 0
      vertex 223 -3.500000000000001 13.5
    endloop
  endfacet
  facet normal 1 0 0
    outer loop
      vertex 223 -3.500000000000001 0
      vertex 223 102.9 0
      vertex 223 -3.500000000000001 13.5
    endloop
  endfacet
  facet normal 0 0 -1
    outer loop
      vertex 167.5 46.729999996721745 0
      vertex 163 56.229999996721745 0
      vertex 167.70000000298023 46.729999996721745 0
    endloop
  endfacet
  facet normal -1 0 0
    outer loop
      vertex 163 45.229999996721745 0
      vertex 163 56.229999996721745 8.849125872534628
      vertex 163 56.229999996721745 0
    endloop
  endfacet
  facet normal 0.31622776601683794 0.9486832980505138 0
    outer loop
      vertex 163 56.229999996721745 0
      vertex 167.5 54.729999996721745 8.770454543912368
      vertex 167.5 54.729999996721745 0
    endloop
  endfacet
  facet normal 0 1 0
    outer loop
      vertex 167.5 54.729999996721745 0
      vertex 167.70000000298023 54.729999996721745 8.770454543912368
      vertex 167.70000000298023 54.729999996721745 0
    endloop
  endfacet
  facet normal 0 0 -1
    outer loop
      vertex 163 90.52000000327826 0
      vertex 163 101.52000000327826 0
      vertex 167.5 100.02000000327826 0
    endloop
  endfacet
  facet normal 0 0 -1
    outer loop
      vertex 163 90.52000000327826 0
      vertex 167.5 100.02000000327826 0
      vertex 167.5 92.02000000327826 0
    endloop
  endfacet
  facet normal 0 0 -1
    outer loop
      vertex 167.5 92.02000000327826 0
      vertex 167.5 100.02000000327826 0
      vertex 167.70000000298023 92.02000000327826 0
    endloop
  endfacet
  facet normal 0 0 -1
    outer loop
      vertex 167.70000000298023 92.02000000327826 0
      vertex 167.5 100.02000000327826 0
      vertex 167.70000000298023 100.02000000327826 0
    endloop
  endfacet
  facet normal 0 0 -1
    outer loop
      vertex 167.70000000298023 54.729999996721745 0
      vertex 167.70000000298023 92.02000000327826 0
      vertex 175.5975148230791 98.39999999850988 0
    endloop
  endfacet
  facet normal 0 0 -1
    outer loop
      vertex 167.70000000298023 92.02000000327826 0
      vertex 167.70000000298023 100.02000000327826 0
      vertex 175.5975148230791 98.39999999850988 0
    endloop
  endfacet
  facet normal 0 0 -1
    outer loop
      vertex 167.70000000298023 100.02000000327826 0
      vertex 167.70000000298023 102.9 0
      vertex 175.5975148230791 98.39999999850988 0
    endloop
  endfacet
  facet normal 0 0 -1
    outer loop
      vertex 167.70000000298023 102.9 0
      vertex 177.09751482593737 102.9 0
      vertex 175.5975148230791 98.39999999850988 0
    endloop
  endfacet
  facet normal -1 0 0
    outer loop
      vertex 167.70000000298023 54.729999996721745 0
      vertex 167.70000000298023 92.02000000327826 10.726223773805627
      vertex 167.70000000298023 92.02000000327826 0
    endloop
  endfacet
  facet normal 0.31622776601683794 -0.9486832980505138 0
    outer loop
      vertex 163 90.52000000327826 0
      vertex 167.5 92.02000000327826 0
      vertex 163 90.52000000327826 10.647552445183367
    endloop
  endfacet
  facet normal 0 -1 0
    outer loop
      vertex 167.5 92.02000000327826 0
      vertex 167.70000000298023 92.02000000327826 0
      vertex 167.5 92.02000000327826 10.726223773805627
    endloop
  endfacet
  facet normal -1 0 0
    outer loop
      vertex 163 90.52000000327826 0
      vertex 163 101.52000000327826 11.224475521746607
      vertex 163 101.52000000327826 0
    endloop
  endfacet
  facet normal 0.31622776601683794 0.9486832980505139 0
    outer loop
      vertex 163 101.52000000327826 0
      vertex 167.5 100.02000000327826 11.145804193124347
      vertex 167.5 100.02000000327826 0
    endloop
  endfacet
  facet normal 0 1 0
    outer loop
      vertex 167.5 100.02000000327826 0
      vertex 167.70000000298023 100.02000000327826 11.145804193124347
      vertex 167.70000000298023 100.02000000327826 0
    endloop
  endfacet
  facet normal 0 0 -1
    outer loop
      vertex 223 -3.500000000000001 0
      vertex 167.70000000298023 54.729999996721745 0
      vertex 175.5975148230791 98.39999999850988 0
    endloop
  endfacet
  facet normal 0 0 -1
    outer loop
      vertex 223 -3.500000000000001 0
      vertex 175.5975148230791 98.39999999850988 0
      vertex 187.1524851769209 98.39999999850988 0
    endloop
  endfacet
  facet normal 0 0 -1
    outer loop
      vertex 223 -3.500000000000001 0
      vertex 187.1524851769209 98.39999999850988 0
      vertex 200.57251482456923 98.39999999850988 0
    endloop
  endfacet
  facet normal 0 0 -1
    outer loop
      vertex 223 -3.500000000000001 0
      vertex 200.57251482456923 98.39999999850988 0
      vertex 212.127485178411 98.39999999850988 0
    endloop
  endfacet
  facet normal 0 0 -1
    outer loop
      vertex 223 -3.500000000000001 0
      vertex 212.127485178411 98.39999999850988 0
      vertex 223 102.9 0
    endloop
  endfacet
  facet normal 0 0 -1
    outer loop
      vertex 187.1524851769209 98.39999999850988 0
      vertex 185.65248517406263 102.9 0
      vertex 202.07251482742748 102.9 0
    endloop
  endfacet
  facet normal 0 0 -1
    outer loop
      vertex 187.1524851769209 98.39999999850988 0
      vertex 202.07251482742748 102.9 0
      vertex 200.57251482456923 98.39999999850988 0
    endloop
  endfacet
  facet normal 0 0 -1
    outer loop
      vertex 212.127485178411 98.39999999850988 0
      vertex 210.62748517555275 102.9 0
      vertex 223 102.9 0
    endloop
  endfacet
  facet normal 0.31622776601683794 0.9486832980505138 0
    outer loop
      vertex 163 56.229999996721745 0
      vertex 163 56.229999996721745 8.849125872534628
      vertex 167.5 54.729999996721745 8.770454543912368
    endloop
  endfacet
  facet normal 0 1 0
    outer loop
      vertex 167.5 54.729999996721745 0
      vertex 167.5 54.729999996721745 8.770454543912368
      vertex 167.70000000298023 54.729999996721745 8.770454543912368
    endloop
  endfacet
  facet normal -1 0 0
    outer loop
      vertex 167.70000000298023 54.729999996721745 0
      vertex 167.70000000298023 54.729999996721745 8.770454543912368
      vertex 167.70000000298023 92.02000000327826 10.726223773805627
    endloop
  endfacet
  facet normal -1 0 0
    outer loop
      vertex 167.70000000298023 100.02000000327826 0
      vertex 167.70000000298023 102.9 11.29685314390715
      vertex 167.70000000298023 102.9 0
    endloop
  endfacet
  facet normal 0.9486832979011562 -0.3162277664649106 0
    outer loop
      vertex 175.5975148230791 98.39999999850988 0
      vertex 177.09751482593737 102.9 0
      vertex 175.5975148230791 98.39999999850988 12.7
    endloop
  endfacet
  facet normal 0 1 0
    outer loop
      vertex 167.70000000298023 102.9 0
      vertex 177.09751482593737 102.9 12.7
      vertex 177.09751482593737 102.9 0
    endloop
  endfacet
  facet normal 0 1 0
    outer loop
      vertex 175.5975148230791 98.39999999850988 0
      vertex 187.1524851769209 98.39999999850988 12.7
      vertex 187.1524851769209 98.39999999850988 0
    endloop
  endfacet
  facet normal -0.9486832979011562 -0.3162277664649106 -7.07014239624848e-20
    outer loop
      vertex 187.1524851769209 98.39999999850988 0
      vertex 185.65248517406263 102.9 12.7
      vertex 185.65248517406263 102.9 0
    endloop
  endfacet
  facet normal 0.31622776601683794 -0.9486832980505139 0
    outer loop
      vertex 167.5 92.02000000327826 0
      vertex 167.5 92.02000000327826 10.726223773805627
      vertex 163 90.52000000327826 10.647552445183367
    endloop
  endfacet
  facet normal 0 -1 0
    outer loop
      vertex 167.70000000298023 92.02000000327826 0
      vertex 167.70000000298023 92.02000000327826 10.726223773805627
      vertex 167.5 92.02000000327826 10.726223773805627
    endloop
  endfacet
  facet normal -1 0 0
    outer loop
      vertex 163 90.52000000327826 0
      vertex 163 90.52000000327826 10.647552445183367
      vertex 163 101.52000000327826 11.224475521746607
    endloop
  endfacet
  facet normal 0.31622776601683794 0.9486832980505138 0
    outer loop
      vertex 163 101.52000000327826 0
      vertex 163 101.52000000327826 11.224475521746607
      vertex 167.5 100.02000000327826 11.145804193124347
    endloop
  endfacet
  facet normal 0 1 0
    outer loop
      vertex 167.5 100.02000000327826 0
      vertex 167.5 100.02000000327826 11.145804193124347
      vertex 167.70000000298023 100.02000000327826 11.145804193124347
    endloop
  endfacet
  facet normal -1 0 0
    outer loop
      vertex 167.70000000298023 100.02000000327826 0
      vertex 167.70000000298023 100.02000000327826 11.145804193124347
      vertex 167.70000000298023 102.9 11.29685314390715
    endloop
  endfacet
  facet normal 0.9486832979011562 -0.3162277664649106 0
    outer loop
      vertex 200.57251482456923 98.39999999850988 0
      vertex 202.07251482742748 102.9 0
      vertex 200.57251482456923 98.39999999850988 12.7
    endloop
  endfacet
  facet normal 0 1 0
    outer loop
      vertex 185.65248517406263 102.9 0
      vertex 202.07251482742748 102.9 12.7
      vertex 202.07251482742748 102.9 0
    endloop
  endfacet
  facet normal 0 1 0
    outer loop
      vertex 200.57251482456923 98.39999999850988 0
      vertex 212.127485178411 98.39999999850988 12.7
      vertex 212.127485178411 98.39999999850988 0
    endloop
  endfacet
  facet normal -0.9486832979011562 -0.3162277664649106 -7.07014239624848e-20
    outer loop
      vertex 212.127485178411 98.39999999850988 0
      vertex 210.62748517555275 102.9 12.7
      vertex 210.62748517555275 102.9 0
    endloop
  endfacet
  facet normal 0 1 0
    outer loop
      vertex 210.62748517555275 102.9 0
      vertex 223 102.9 13.5
      vertex 223 102.9 0
    endloop
  endfacet
  facet normal -0.6293203910498357 -0.7771459614569722 0
    outer loop
      vertex 140.82442949541505 -7.118033988749895 5.526676539704538
      vertex 140.82442949541505 -7.118033988749895 13.5
      vertex 140.66173878728227 -6.986289650954788 5.5335862077664055
    endloop
  endfacet
  facet normal -0.777145961457023 -0.6293203910497732 0
    outer loop
      vertex 140.5137103490452 -6.8382612127177165 5.541349937039731
      vertex 140.5137103490452 -6.8382612127177165 13.5
      vertex 140.3819660112501 -6.675570504584947 5.549882666481931
    endloop
  endfacet
  facet normal -0.8386705679454259 -0.544639035015024 7.979389075401467e-19
    outer loop
      vertex 140.26794919243113 -6.5 5.5590909097236505
      vertex 140.3819660112501 -6.675570504584947 5.549882666481931
      vertex 140.3819660112501 -6.675570504584947 13.5
    endloop
  endfacet
  facet normal -0.7071067811865348 -0.7071067811865602 0
    outer loop
      vertex 140.66173878728227 -6.986289650954788 5.5335862077664055
      vertex 140.66173878728227 -6.986289650954788 13.5
      vertex 140.5137103490452 -6.8382612127177165 5.541349937039731
    endloop
  endfacet
  facet normal -0.4539904997395579 -0.8910065241883622 0
    outer loop
      vertex 141.1865267138484 -7.3270909152852015 5.515712015592392
      vertex 141.1865267138484 -7.3270909152852015 13.5
      vertex 141 -7.232050807568877 5.520696636623356
    endloop
  endfacet
  facet normal -0.5446390350150087 -0.838670567945436 -2.568625351819337e-19
    outer loop
      vertex 140.82442949541505 -7.118033988749895 5.526676539704538
      vertex 141 -7.232050807568877 5.520696636623356
      vertex 141 -7.232050807568877 13.5
    endloop
  endfacet
  facet normal -0.35836794954527956 -0.9335804264972097 0
    outer loop
      vertex 141.3819660112501 -7.402113032590307 5.511777289162761
      vertex 141.3819660112501 -7.402113032590307 13.5
      vertex 141.1865267138484 -7.3270909152852015 5.515712015592392
    endloop
  endfacet
  facet normal -0.15643446504024514 -0.9876883405951355 0
    outer loop
      vertex 141.7909430734647 -7.489043790736547 5.507217983668424
      vertex 141.7909430734647 -7.489043790736547 13.5
      vertex 141.5841766183645 -7.456295201467611 5.508935567020618
    endloop
  endfacet
  facet normal -0.25881904510251486 -0.9659258262890699 2.7610910600427827e-19
    outer loop
      vertex 141.3819660112501 -7.402113032590307 5.511777289162761
      vertex 141.5841766183645 -7.456295201467611 5.508935567020618
      vertex 141.5841766183645 -7.456295201467611 13.5
    endloop
  endfacet
  facet normal -0.05233595624294114 -0.998629534754574 0
    outer loop
      vertex 142 -7.5 5.5066433573088105
      vertex 142 -7.5 13.5
      vertex 141.7909430734647 -7.489043790736547 5.507217983668424
    endloop
  endfacet
  facet normal -0.8910065241883588 -0.45399049973956435 0
    outer loop
      vertex 140.26794919243113 -6.5 5.5590909097236505
      vertex 140.26794919243113 -6.5 13.5
      vertex 140.1729090847148 -6.3134732861516 5.568873779324981
    endloop
  endfacet
  facet normal -0.933580426497194 -0.3583679495453208 0
    outer loop
      vertex 140.1729090847148 -6.3134732861516 5.568873779324981
      vertex 140.1729090847148 -6.3134732861516 13.5
      vertex 140.0978869674097 -6.118033988749895 5.579124092119377
    endloop
  endfacet
  facet normal -0.9876883405951283 -0.15643446504028996 0
    outer loop
      vertex 140.0437047985324 -5.915823381635518 5.589729543534846
      vertex 140.0437047985324 -5.915823381635518 13.5
      vertex 140.01095620926344 -5.709056926535307 5.600573938026344
    endloop
  endfacet
  facet normal -0.9659258262890684 -0.25881904510252013 0
    outer loop
      vertex 140.0978869674097 -6.118033988749895 5.579124092119377
      vertex 140.0978869674097 -6.118033988749895 13.5
      vertex 140.0437047985324 -5.915823381635518 5.589729543534846
    endloop
  endfacet
  facet normal -0.9986295347545772 -0.052335956242883015 0
    outer loop
      vertex 140.01095620926344 -5.709056926535307 5.600573938026344
      vertex 140.01095620926344 -5.709056926535307 13.5
      vertex 140 -5.5 5.6115384621384905
    endloop
  endfacet
  facet normal 0 -1 0
    outer loop
      vertex 142 -7.5 5.5066433573088105
      vertex 159.05137304332538 -7.5 5.5066433573088105
      vertex 142 -7.5 13.5
    endloop
  endfacet
  facet normal -0.8386705679454259 -0.5446390350150241 0
    outer loop
      vertex 140.26794919243113 -6.5 5.5590909097236505
      vertex 140.3819660112501 -6.675570504584947 13.5
      vertex 140.26794919243113 -6.5 13.5
    endloop
  endfacet
  facet normal -0.8910065241883589 -0.45399049973956446 0
    outer loop
      vertex 140.1729090847148 -6.3134732861516 5.568873779324981
      vertex 140.26794919243113 -6.5 13.5
      vertex 140.1729090847148 -6.3134732861516 13.5
    endloop
  endfacet
  facet normal -0.9335804264971939 -0.35836794954532075 0
    outer loop
      vertex 140.0978869674097 -6.118033988749895 5.579124092119377
      vertex 140.1729090847148 -6.3134732861516 13.5
      vertex 140.0978869674097 -6.118033988749895 13.5
    endloop
  endfacet
  facet normal -0.9876883405951284 -0.15643446504028996 0
    outer loop
      vertex 140.01095620926344 -5.709056926535307 5.600573938026344
      vertex 140.0437047985324 -5.915823381635518 13.5
      vertex 140.01095620926344 -5.709056926535307 13.5
    endloop
  endfacet
  facet normal -0.9659258262890684 -0.25881904510252013 0
    outer loop
      vertex 140.0437047985324 -5.915823381635518 5.589729543534846
      vertex 140.0978869674097 -6.118033988749895 13.5
      vertex 140.0437047985324 -5.915823381635518 13.5
    endloop
  endfacet
  facet normal -0.9986295347545772 -0.052335956242883015 0
    outer loop
      vertex 140 -5.5 5.6115384621384905
      vertex 140.01095620926344 -5.709056926535307 13.5
      vertex 140 -5.5 13.5
    endloop
  endfacet
  facet normal -0.3583679495452796 -0.9335804264972097 0
    outer loop
      vertex 141.1865267138484 -7.3270909152852015 5.515712015592392
      vertex 141.3819660112501 -7.402113032590307 13.5
      vertex 141.1865267138484 -7.3270909152852015 13.5
    endloop
  endfacet
  facet normal -0.5446390350150085 -0.838670567945436 0
    outer loop
      vertex 140.82442949541505 -7.118033988749895 5.526676539704538
      vertex 141 -7.232050807568877 13.5
      vertex 140.82442949541505 -7.118033988749895 13.5
    endloop
  endfacet
  facet normal -0.7071067811865347 -0.7071067811865602 0
    outer loop
      vertex 140.5137103490452 -6.8382612127177165 5.541349937039731
      vertex 140.66173878728227 -6.986289650954788 13.5
      vertex 140.5137103490452 -6.8382612127177165 13.5
    endloop
  endfacet
  facet normal -0.7771459614570229 -0.6293203910497731 0
    outer loop
      vertex 140.3819660112501 -6.675570504584947 5.549882666481931
      vertex 140.5137103490452 -6.8382612127177165 13.5
      vertex 140.3819660112501 -6.675570504584947 13.5
    endloop
  endfacet
  facet normal -0.6293203910498356 -0.7771459614569723 0
    outer loop
      vertex 140.66173878728227 -6.986289650954788 5.5335862077664055
      vertex 140.82442949541505 -7.118033988749895 13.5
      vertex 140.66173878728227 -6.986289650954788 13.5
    endloop
  endfacet
  facet normal -0.4539904997395579 -0.8910065241883623 0
    outer loop
      vertex 141 -7.232050807568877 5.520696636623356
      vertex 141.1865267138484 -7.3270909152852015 13.5
      vertex 141 -7.232050807568877 13.5
    endloop
  endfacet
  facet normal -0.15643446504024514 -0.9876883405951355 0
    outer loop
      vertex 141.5841766183645 -7.456295201467611 5.508935567020618
      vertex 141.7909430734647 -7.489043790736547 13.5
      vertex 141.5841766183645 -7.456295201467611 13.5
    endloop
  endfacet
  facet normal -0.25881904510251486 -0.9659258262890699 0
    outer loop
      vertex 141.3819660112501 -7.402113032590307 5.511777289162761
      vertex 141.5841766183645 -7.456295201467611 13.5
      vertex 141.3819660112501 -7.402113032590307 13.5
    endloop
  endfacet
  facet normal -0.05233595624294114 -0.9986295347545739 0
    outer loop
      vertex 141.7909430734647 -7.489043790736547 5.507217983668424
      vertex 142 -7.5 13.5
      vertex 141.7909430734647 -7.489043790736547 13.5
    endloop
  endfacet
  facet normal -1 0 0
    outer loop
      vertex 140 -5.5 5.6115384621384905
      vertex 140 -5.5 13.5
      vertex 140 82.07157287525382 10.204453120563349
    endloop
  endfacet
  facet normal -0.44499671605030827 -0.549525179317964 0.7071067811865481
    outer loop
      vertex 140.82442949541505 -7.118033988749895 13.5
      vertex 141.66681211488515 -5.870042634998014 15
      vertex 140.66173878728227 -6.986289650954788 13.5
    endloop
  endfacet
  facet normal -0.3210197609601105 -0.6300367553350457 0.7071067811865485
    outer loop
      vertex 141.1865267138484 -7.3270909152852015 13.5
      vertex 141.75102925949844 -5.931229972146742 15
      vertex 141 -7.232050807568877 13.5
    endloop
  endfacet
  facet normal -0.3851179549580087 -0.593029645775789 0.70710678118655
    outer loop
      vertex 140.82442949541505 -7.118033988749895 13.5
      vertex 141 -7.232050807568877 13.5
      vertex 141.7073173409617 -5.902843120335753 15
    endloop
  endfacet
  facet normal -0.5495251793179984 -0.44499671605026303 0.7071067811865499
    outer loop
      vertex 140.5137103490452 -6.8382612127177165 13.5
      vertex 141.59715687966425 -5.792682659038299 15
      vertex 140.3819660112501 -6.675570504584947 13.5
    endloop
  endfacet
  facet normal -0.5930296457757857 -0.38511795495802215 0.7071067811865454
    outer loop
      vertex 140.26794919243113 -6.5 13.5
      vertex 140.3819660112501 -6.675570504584947 13.5
      vertex 141.56877002785325 -5.748970740501553 15
    endloop
  endfacet
  facet normal -0.6300367553350483 -0.32101976096011764 0.7071067811865429
    outer loop
      vertex 140.26794919243113 -6.5 13.5
      vertex 141.54510782185775 -5.702531046431399 15
      vertex 140.1729090847148 -6.3134732861516 13.5
    endloop
  endfacet
  facet normal -0.6601410503591977 -0.25340440728341584 0.7071067811865447
    outer loop
      vertex 140.1729090847148 -6.3134732861516 13.5
      vertex 141.52642950975832 -5.653872379834199 15
      vertex 140.0978869674097 -6.118033988749895 13.5
    endloop
  endfacet
  facet normal -0.6830127018922197 -0.18301270189221897 0.7071067811865471
    outer loop
      vertex 140.0978869674097 -6.118033988749895 13.5
      vertex 141.51293973505096 -5.60352785524367 15
      vertex 140.0437047985324 -5.915823381635518 13.5
    endloop
  endfacet
  facet normal -0.6984011233336986 -0.11061587104127812 0.7071067811865526
    outer loop
      vertex 140.0437047985324 -5.915823381635518 13.5
      vertex 141.5047862945303 -5.552049057806461 15
      vertex 140.01095620926344 -5.709056926535307 13.5
    endloop
  endfacet
  facet normal -0.4999999999999913 -0.5000000000000093 0.7071067811865471
    outer loop
      vertex 140.5137103490452 -6.8382612127177165 13.5
      vertex 140.66173878728227 -6.986289650954788 13.5
      vertex 141.62995736500199 -5.833187885114862 15
    endloop
  endfacet
  facet normal -0.18301270189221538 -0.6830127018922214 0.7071067811865466
    outer loop
      vertex 141.3819660112501 -7.402113032590307 13.5
      vertex 141.5841766183645 -7.456295201467611 13.5
      vertex 141.84612762016582 -5.97357049024168 15
    endloop
  endfacet
  facet normal -0.25340440728338587 -0.6601410503592066 0.7071067811865472
    outer loop
      vertex 141.3819660112501 -7.402113032590307 13.5
      vertex 141.7974689535686 -5.954892178142229 15
      vertex 141.1865267138484 -7.3270909152852015 13.5
    endloop
  endfacet
  facet normal -0.037007109559266095 -0.7061377159181261 0.7071067811865477
    outer loop
      vertex 142 -7.5 13.5
      vertex 141.94795094219353 -5.995213705469706 15
      vertex 141.7909430734647 -7.489043790736547 13.5
    endloop
  endfacet
  facet normal -0.11061587104124727 -0.698401123333709 0.7071067811865474
    outer loop
      vertex 141.5841766183645 -7.456295201467611 13.5
      vertex 141.7909430734647 -7.489043790736547 13.5
      vertex 141.89647214475633 -5.9870602649490365 15
    endloop
  endfacet
  facet normal -0.7061377159181237 -0.03700710955922475 0.7071067811865522
    outer loop
      vertex 140.01095620926344 -5.709056926535307 13.5
      vertex 141.5047862945303 -5.552049057806461 15
      vertex 140 -5.5 13.5
    endloop
  endfacet
  facet normal -0.44499671605018504 -0.5495251793180556 0.7071067811865546
    outer loop
      vertex 140.82442949541505 -7.118033988749895 13.5
      vertex 141.7073173409617 -5.902843120335753 15
      vertex 141.66681211488515 -5.870042634998014 15
    endloop
  endfacet
  facet normal -0.4999999999999313 -0.5000000000000638 0.7071067811865511
    outer loop
      vertex 140.66173878728227 -6.986289650954788 13.5
      vertex 141.66681211488515 -5.870042634998014 15
      vertex 141.62995736500199 -5.833187885114862 15
    endloop
  endfacet
  facet normal -0.6300367553349762 -0.3210197609602448 0.7071067811865495
    outer loop
      vertex 140.26794919243113 -6.5 13.5
      vertex 141.56877002785325 -5.748970740501553 15
      vertex 141.54510782185775 -5.702531046431399 15
    endloop
  endfacet
  facet normal -0.6601410503592282 -0.2534044072833461 0.7071067811865411
    outer loop
      vertex 140.1729090847148 -6.3134732861516 13.5
      vertex 141.54510782185775 -5.702531046431399 15
      vertex 141.52642950975832 -5.653872379834199 15
    endloop
  endfacet
  facet normal -0.6830127018922543 -0.1830127018921101 0.707106781186542
    outer loop
      vertex 140.0978869674097 -6.118033988749895 13.5
      vertex 141.52642950975832 -5.653872379834199 15
      vertex 141.51293973505096 -5.60352785524367 15
    endloop
  endfacet
  facet normal -0.5495251793181284 -0.4449967160501161 0.7071067811865412
    outer loop
      vertex 140.5137103490452 -6.8382612127177165 13.5
      vertex 141.62995736500199 -5.833187885114862 15
      vertex 141.59715687966425 -5.792682659038299 15
    endloop
  endfacet
  facet normal -0.5930296457756961 -0.3851179549581487 0.7071067811865518
    outer loop
      vertex 140.3819660112501 -6.675570504584947 13.5
      vertex 141.59715687966425 -5.792682659038299 15
      vertex 141.56877002785325 -5.748970740501553 15
    endloop
  endfacet
  facet normal -0.25340440728338776 -0.6601410503592057 0.7071067811865471
    outer loop
      vertex 141.3819660112501 -7.402113032590307 13.5
      vertex 141.84612762016582 -5.97357049024168 15
      vertex 141.7974689535686 -5.954892178142229 15
    endloop
  endfacet
  facet normal -0.3210197609601647 -0.630036755335021 0.7071067811865457
    outer loop
      vertex 141.1865267138484 -7.3270909152852015 13.5
      vertex 141.7974689535686 -5.954892178142229 15
      vertex 141.75102925949844 -5.931229972146742 15
    endloop
  endfacet
  facet normal -0.38511795495808127 -0.5930296457757464 0.707106781186546
    outer loop
      vertex 141 -7.232050807568877 13.5
      vertex 141.75102925949844 -5.931229972146742 15
      vertex 141.7073173409617 -5.902843120335753 15
    endloop
  endfacet
  facet normal -0.03700710955926971 -0.7061377159181261 0.7071067811865475
    outer loop
      vertex 142 -7.5 13.5
      vertex 142.03927888235378 -6 15
      vertex 141.94795094219353 -5.995213705469706 15
    endloop
  endfacet
  facet normal -0.11061587104122317 -0.6984011233337116 0.7071067811865485
    outer loop
      vertex 141.7909430734647 -7.489043790736547 13.5
      vertex 141.94795094219353 -5.995213705469706 15
      vertex 141.89647214475633 -5.9870602649490365 15
    endloop
  endfacet
  facet normal -0.1830127018922164 -0.6830127018922212 0.7071067811865465
    outer loop
      vertex 141.5841766183645 -7.456295201467611 13.5
      vertex 141.89647214475633 -5.9870602649490365 15
      vertex 141.84612762016582 -5.97357049024168 15
    endloop
  endfacet
  facet normal -0.6984011233337452 -0.11061587104104893 0.7071067811865425
    outer loop
      vertex 140.0437047985324 -5.915823381635518 13.5
      vertex 141.51293973505096 -5.60352785524367 15
      vertex 141.5047862945303 -5.552049057806461 15
    endloop
  endfacet
  facet normal -0.7061377159181225 -0.03700710955936815 0.707106781186546
    outer loop
      vertex 140 -5.5 13.5
      vertex 141.5047862945303 -5.552049057806461 15
      vertex 141.5 -5.460721117646229 15
    endloop
  endfacet
  facet normal 0 0 1
    outer loop
      vertex 141.94795094219353 -5.995213705469706 15
      vertex 141.56877002785325 -5.748970740501553 15
      vertex 141.59715687966425 -5.792682659038299 15
    endloop
  endfacet
  facet normal 0 0 1
    outer loop
      vertex 141.94795094219353 -5.995213705469706 15
      vertex 141.52642950975832 -5.653872379834199 15
      vertex 141.54510782185775 -5.702531046431399 15
    endloop
  endfacet
  facet normal 0 0 1
    outer loop
      vertex 141.94795094219353 -5.995213705469706 15
      vertex 141.54510782185775 -5.702531046431399 15
      vertex 141.56877002785325 -5.748970740501553 15
    endloop
  endfacet
  facet normal 0 0 1
    outer loop
      vertex 141.94795094219353 -5.995213705469706 15
      vertex 141.51293973505096 -5.60352785524367 15
      vertex 141.52642950975832 -5.653872379834199 15
    endloop
  endfacet
  facet normal 0 0 1
    outer loop
      vertex 141.94795094219353 -5.995213705469706 15
      vertex 141.5047862945303 -5.552049057806461 15
      vertex 141.51293973505096 -5.60352785524367 15
    endloop
  endfacet
  facet normal 0 0 1
    outer loop
      vertex 141.94795094219353 -5.995213705469706 15
      vertex 141.84612762016582 -5.97357049024168 15
      vertex 141.89647214475633 -5.9870602649490365 15
    endloop
  endfacet
  facet normal 0 0 1
    outer loop
      vertex 141.94795094219353 -5.995213705469706 15
      vertex 141.75102925949844 -5.931229972146742 15
      vertex 141.7974689535686 -5.954892178142229 15
    endloop
  endfacet
  facet normal 0 0 1
    outer loop
      vertex 141.94795094219353 -5.995213705469706 15
      vertex 141.7974689535686 -5.954892178142229 15
      vertex 141.84612762016582 -5.97357049024168 15
    endloop
  endfacet
  facet normal 0 0 1
    outer loop
      vertex 141.94795094219353 -5.995213705469706 15
      vertex 141.7073173409617 -5.902843120335753 15
      vertex 141.75102925949844 -5.931229972146742 15
    endloop
  endfacet
  facet normal 0 0 1
    outer loop
      vertex 141.94795094219353 -5.995213705469706 15
      vertex 141.62995736500199 -5.833187885114862 15
      vertex 141.66681211488515 -5.870042634998014 15
    endloop
  endfacet
  facet normal 0 0 1
    outer loop
      vertex 141.94795094219353 -5.995213705469706 15
      vertex 141.66681211488515 -5.870042634998014 15
      vertex 141.7073173409617 -5.902843120335753 15
    endloop
  endfacet
  facet normal 0 0 1
    outer loop
      vertex 141.94795094219353 -5.995213705469706 15
      vertex 141.59715687966425 -5.792682659038299 15
      vertex 141.62995736500199 -5.833187885114862 15
    endloop
  endfacet
  facet normal 0 0 1
    outer loop
      vertex 141.94795094219353 -5.995213705469706 15
      vertex 142.03927888235378 -6 15
      vertex 141.5047862945303 -5.552049057806461 15
    endloop
  endfacet
  facet normal 0 0 1
    outer loop
      vertex 142.03927888235378 -6 15
      vertex 141.5 -5.460721117646229 15
      vertex 141.5047862945303 -5.552049057806461 15
    endloop
  endfacet
  facet normal -0.7071067811865476 0 0.7071067811865476
    outer loop
      vertex 140 -5.5 13.5
      vertex 141.5 -5.460721117646229 15
      vertex 140 82.07157287525382 13.5
    endloop
  endfacet
  facet normal -3.913826191599073e-15 0.05237556595212526 -0.9986274581099773
    outer loop
      vertex 140 82.07157287525382 10.204453120563349
      vertex 140.0125755802135 82.29550182746044 10.216197646021406
      vertex 160 102.9 11.29685314390715
    endloop
  endfacet
  facet normal 8.991809175649204e-15 0.052375565952112776 -0.998627458109978
    outer loop
      vertex 140.0125755802135 82.29550182746044 10.216197646021406
      vertex 140.05014417563635 82.51661474316644 10.227794477257493
      vertex 160 102.9 11.29685314390715
    endloop
  endfacet
  facet normal 2.434470391595897e-16 0.052375565952121304 -0.9986274581099776
    outer loop
      vertex 140.05014417563635 82.51661474316644 10.227794477257493
      vertex 140.11223333938327 82.73213099916416 10.239097777390183
      vertex 160 102.9 11.29685314390715
    endloop
  endfacet
  facet normal -4.986967914434254e-15 0.05237556595212644 -0.9986274581099774
    outer loop
      vertex 140.11223333938327 82.73213099916416 10.239097777390183
      vertex 140.19806226419516 82.93934035348893 10.249965400861978
      vertex 160 102.9 11.29685314390715
    endloop
  endfacet
  facet normal -1.2155194622723251e-14 0.05237556595213354 -0.9986274581099769
    outer loop
      vertex 140.19806226419516 82.93934035348893 10.249965400861978
      vertex 140.30655160154342 83.13563702828449 10.260260681002178
      vertex 160 102.9 11.29685314390715
    endloop
  endfacet
  facet normal 7.30768855885976e-15 0.05237556595211419 -0.9986274581099779
    outer loop
      vertex 140.30655160154342 83.13563702828449 10.260260681002178
      vertex 140.43633703506393 83.31855247897128 10.269854148689557
      vertex 160 102.9 11.29685314390715
    endloop
  endfacet
  facet normal 6.54581304420055e-14 0.052375565952056266 -0.998627458109981
    outer loop
      vertex 140.43633703506393 83.31855247897128 10.269854148689557
      vertex 140.5857864376269 83.48578643762691 10.278625160501688
      vertex 160 102.9 11.29685314390715
    endloop
  endfacet
  facet normal -1 0 0
    outer loop
      vertex 140 -5.5 13.5
      vertex 140 82.07157287525382 13.5
      vertex 140 82.07157287525382 10.204453120563349
    endloop
  endfacet
  facet normal -0.7071067811865475 0 0.7071067811865475
    outer loop
      vertex 141.5 -5.460721117646229 15
      vertex 141.5 82.02948693534161 15
      vertex 140 82.07157287525382 13.5
    endloop
  endfacet
  facet normal -0.9984268150178185 0.056070447237157935 0
    outer loop
      vertex 140 82.07157287525382 10.204453120563349
      vertex 140 82.07157287525382 13.5
      vertex 140.0125755802135 82.29550182746044 10.216197646021406
    endloop
  endfacet
  facet normal -0.9858710185182329 0.16750622330475468 0
    outer loop
      vertex 140.0125755802135 82.29550182746044 10.216197646021406
      vertex 140.0125755802135 82.29550182746044 13.5
      vertex 140.05014417563635 82.51661474316644 10.227794477257493
    endloop
  endfacet
  facet normal -0.9609173219450944 0.276835511424867 0
    outer loop
      vertex 140.05014417563635 82.51661474316644 10.227794477257493
      vertex 140.05014417563635 82.51661474316644 13.5
      vertex 140.11223333938327 82.73213099916416 10.239097777390183
    endloop
  endfacet
  facet normal -0.9238795325112891 0.3826834323650837 0
    outer loop
      vertex 140.11223333938327 82.73213099916416 10.239097777390183
      vertex 140.11223333938327 82.73213099916416 13.5
      vertex 140.19806226419516 82.93934035348893 10.249965400861978
    endloop
  endfacet
  facet normal -0.8752234219087776 0.4837188871051966 0
    outer loop
      vertex 140.19806226419516 82.93934035348893 10.249965400861978
      vertex 140.19806226419516 82.93934035348893 13.5
      vertex 140.30655160154342 83.13563702828449 10.260260681002178
    endloop
  endfacet
  facet normal -0.8155608689592546 0.5786712961798136 0
    outer loop
      vertex 140.30655160154342 83.13563702828449 10.260260681002178
      vertex 140.30655160154342 83.13563702828449 13.5
      vertex 140.43633703506393 83.31855247897128 10.269854148689557
    endloop
  endfacet
  facet normal -0.7456421648831669 0.6663465779520023 0
    outer loop
      vertex 140.43633703506393 83.31855247897128 10.269854148689557
      vertex 140.43633703506393 83.31855247897128 13.5
      vertex 140.5857864376269 83.48578643762691 10.278625160501688
    endloop
  endfacet
  facet normal -0.7071067811865472 0.7071067811865478 0
    outer loop
      vertex 140.5857864376269 83.48578643762691 10.278625160501688
      vertex 140.5857864376269 83.48578643762691 13.5
      vertex 160 102.9 11.29685314390715
    endloop
  endfacet
  facet normal -0.9984268150178185 0.05607044723715794 0
    outer loop
      vertex 140.0125755802135 82.29550182746044 10.216197646021406
      vertex 140 82.07157287525382 13.5
      vertex 140.0125755802135 82.29550182746044 13.5
    endloop
  endfacet
  facet normal -0.9858710185182329 0.1675062233047547 0
    outer loop
      vertex 140.05014417563635 82.51661474316644 10.227794477257493
      vertex 140.0125755802135 82.29550182746044 13.5
      vertex 140.05014417563635 82.51661474316644 13.5
    endloop
  endfacet
  facet normal -0.9609173219450945 0.276835511424867 0
    outer loop
      vertex 140.11223333938327 82.73213099916416 10.239097777390183
      vertex 140.05014417563635 82.51661474316644 13.5
      vertex 140.11223333938327 82.73213099916416 13.5
    endloop
  endfacet
  facet normal -0.9238795325112893 0.38268343236508373 0
    outer loop
      vertex 140.19806226419516 82.93934035348893 10.249965400861978
      vertex 140.11223333938327 82.73213099916416 13.5
      vertex 140.19806226419516 82.93934035348893 13.5
    endloop
  endfacet
  facet normal -0.8752234219087776 0.4837188871051966 0
    outer loop
      vertex 140.30655160154342 83.13563702828449 10.260260681002178
      vertex 140.19806226419516 82.93934035348893 13.5
      vertex 140.30655160154342 83.13563702828449 13.5
    endloop
  endfacet
  facet normal -0.8155608689592545 0.5786712961798136 0
    outer loop
      vertex 140.43633703506393 83.31855247897128 10.269854148689557
      vertex 140.30655160154342 83.13563702828449 13.5
      vertex 140.43633703506393 83.31855247897128 13.5
    endloop
  endfacet
  facet normal -0.745642164883167 0.6663465779520025 0
    outer loop
      vertex 140.5857864376269 83.48578643762691 10.278625160501688
      vertex 140.43633703506393 83.31855247897128 13.5
      vertex 140.5857864376269 83.48578643762691 13.5
    endloop
  endfacet
  facet normal -0.7059943714175851 0.039647793465556844 0.7071067811865486
    outer loop
      vertex 140 82.07157287525382 13.5
      vertex 141.50549252957777 82.12729048574886 15
      vertex 140.0125755802135 82.29550182746044 13.5
    endloop
  endfacet
  facet normal -0.6971160825695293 0.11844478638973989 0.707106781186549
    outer loop
      vertex 140.0125755802135 82.29550182746044 13.5
      vertex 141.50549252957777 82.12729048574886 15
      vertex 140.05014417563635 82.51661474316644 13.5
    endloop
  endfacet
  facet normal -0.6794711545069912 0.19575226740176888 0.7071067811865496
    outer loop
      vertex 140.05014417563635 82.51661474316644 13.5
      vertex 141.51484028182682 82.18230741496383 15
      vertex 140.11223333938327 82.73213099916416 13.5
    endloop
  endfacet
  facet normal -0.6532814824381918 0.27059805007309495 0.7071067811865456
    outer loop
      vertex 140.11223333938327 82.73213099916416 13.5
      vertex 141.5302891990281 82.23593179309222 15
      vertex 140.19806226419516 82.93934035348893 13.5
    endloop
  endfacet
  facet normal -0.61887641668499 0.34204090526009384 0.707106781186549
    outer loop
      vertex 140.19806226419516 82.93934035348893 13.5
      vertex 141.5516450020842 82.28748926246561 15
      vertex 140.30655160154342 83.13563702828449 13.5
    endloop
  endfacet
  facet normal -0.5766886209114794 0.40918239760675335 0.7071067811865509
    outer loop
      vertex 140.30655160154342 83.13563702828449 13.5
      vertex 141.57863912938066 82.3363314579921 15
      vertex 140.43633703506393 83.31855247897128 13.5
    endloop
  endfacet
  facet normal -0.5272486311275034 0.4711781838903097 0.7071067811865498
    outer loop
      vertex 140.43633703506393 83.31855247897128 13.5
      vertex 141.61093211410451 82.38184416072427 15
      vertex 140.5857864376269 83.48578643762691 13.5
    endloop
  endfacet
  facet normal -0.49999999999999944 0.49999999999999983 0.707106781186548
    outer loop
      vertex 140.5857864376269 83.48578643762691 13.5
      vertex 141.67620586291125 82.45488551935162 15
      vertex 160 102.9 13.5
    endloop
  endfacet
  facet normal -0.7059943714175849 0.03964779346557638 0.7071067811865477
    outer loop
      vertex 140 82.07157287525382 13.5
      vertex 141.5 82.02948693534161 15
      vertex 141.50549252957777 82.12729048574886 15
    endloop
  endfacet
  facet normal -0.6971160825695076 0.118444786389838 0.7071067811865538
    outer loop
      vertex 140.05014417563635 82.51661474316644 13.5
      vertex 141.50549252957777 82.12729048574886 15
      vertex 141.51484028182682 82.18230741496383 15
    endloop
  endfacet
  facet normal -0.6794711545070667 0.19575226740154597 0.7071067811865387
    outer loop
      vertex 140.11223333938327 82.73213099916416 13.5
      vertex 141.51484028182682 82.18230741496383 15
      vertex 141.5302891990281 82.23593179309222 15
    endloop
  endfacet
  facet normal -0.6532814824381117 0.27059805007326515 0.7071067811865547
    outer loop
      vertex 140.19806226419516 82.93934035348893 13.5
      vertex 141.5302891990281 82.23593179309222 15
      vertex 141.5516450020842 82.28748926246561 15
    endloop
  endfacet
  facet normal -0.6188764166849753 0.3420409052601176 0.7071067811865503
    outer loop
      vertex 140.30655160154342 83.13563702828449 13.5
      vertex 141.5516450020842 82.28748926246561 15
      vertex 141.57863912938066 82.3363314579921 15
    endloop
  endfacet
  facet normal -0.5766886209114559 0.40918239760678343 0.7071067811865527
    outer loop
      vertex 140.43633703506393 83.31855247897128 13.5
      vertex 141.57863912938066 82.3363314579921 15
      vertex 141.61093211410451 82.38184416072427 15
    endloop
  endfacet
  facet normal -0.5272486311275446 0.4711781838902674 0.7071067811865474
    outer loop
      vertex 140.5857864376269 83.48578643762691 13.5
      vertex 141.61093211410451 82.38184416072427 15
      vertex 141.67620586291125 82.45488551935162 15
    endloop
  endfacet
  facet normal 0 0 1
    outer loop
      vertex 141.5 82.02948693534161 15
      vertex 141.67620586291125 82.45488551935162 15
      vertex 141.50549252957777 82.12729048574886 15
    endloop
  endfacet
  facet normal 0 0 1
    outer loop
      vertex 141.50549252957777 82.12729048574886 15
      vertex 141.61093211410451 82.38184416072427 15
      vertex 141.51484028182682 82.18230741496383 15
    endloop
  endfacet
  facet normal 0 0 1
    outer loop
      vertex 141.51484028182682 82.18230741496383 15
      vertex 141.61093211410451 82.38184416072427 15
      vertex 141.5302891990281 82.23593179309222 15
    endloop
  endfacet
  facet normal 0 0 1
    outer loop
      vertex 141.5516450020842 82.28748926246561 15
      vertex 141.5302891990281 82.23593179309222 15
      vertex 141.61093211410451 82.38184416072427 15
    endloop
  endfacet
  facet normal 0 0 1
    outer loop
      vertex 141.5516450020842 82.28748926246561 15
      vertex 141.61093211410451 82.38184416072427 15
      vertex 141.57863912938066 82.3363314579921 15
    endloop
  endfacet
  facet normal 0 0 1
    outer loop
      vertex 141.50549252957777 82.12729048574886 15
      vertex 141.67620586291125 82.45488551935162 15
      vertex 141.61093211410451 82.38184416072427 15
    endloop
  endfacet
  facet normal 0 0 1
    outer loop
      vertex 141.5 82.02948693534161 15
      vertex 161.06066017177983 101.83933982822019 15
      vertex 141.67620586291125 82.45488551935162 15
    endloop
  endfacet
  facet normal 2.2797166497106504e-17 0.052375565952121506 -0.9986274581099776
    outer loop
      vertex 167.70000000298023 2.995090276002884 6.057085154657949
      vertex 163 45.229999996721745 8.272202795971388
      vertex 167.5 46.729999996721745 8.350874124593648
    endloop
  endfacet
  facet normal 4.1231636758861376e-16 0.05237556595212151 -0.9986274581099776
    outer loop
      vertex 167.70000000298023 2.995090276002884 6.057085154657949
      vertex 167.5 46.729999996721745 8.350874124593648
      vertex 167.70000000298023 46.729999996721745 8.350874124593648
    endloop
  endfacet
  facet normal -2.890858016811915e-17 0.052375565952121506 -0.9986274581099776
    outer loop
      vertex 167.70000000298023 2.995090276002884 6.057085154657949
      vertex 140 82.07157287525382 10.204453120563349
      vertex 163 45.229999996721745 8.272202795971388
    endloop
  endfacet
  facet normal -1.1534784671430199e-17 -1 0
    outer loop
      vertex 219 -7.500000000000001 0
      vertex 219 -7.500000000000001 13.5
      vertex 142 -7.5 13.5
    endloop
  endfacet
  facet normal 0.05233595624294326 -0.9986295347545739 0
    outer loop
      vertex 219.41811385307062 -7.478087581473094 0
      vertex 219.41811385307062 -7.478087581473094 13.5
      vertex 219 -7.500000000000001 13.5
    endloop
  endfacet
  facet normal 0.1564344650402326 -0.9876883405951375 0
    outer loop
      vertex 219.83164676327104 -7.412590402935224 0
      vertex 219.83164676327104 -7.412590402935224 13.5
      vertex 219.41811385307062 -7.478087581473094 13.5
    endloop
  endfacet
  facet normal 0.2588190451025338 -0.9659258262890648 0
    outer loop
      vertex 220.23606797749977 -7.304226065180615 0
      vertex 220.23606797749977 -7.304226065180615 13.5
      vertex 219.83164676327104 -7.412590402935224 13.5
    endloop
  endfacet
  facet normal 0.3583679495452759 -0.9335804264972112 0
    outer loop
      vertex 220.6269465723032 -7.154181830570405 0
      vertex 220.6269465723032 -7.154181830570405 13.5
      vertex 220.23606797749977 -7.304226065180615 13.5
    endloop
  endfacet
  facet normal 0.45399049973955785 -0.8910065241883622 0
    outer loop
      vertex 221 -6.964101615137755 0
      vertex 221 -6.964101615137755 13.5
      vertex 220.6269465723032 -7.154181830570405 13.5
    endloop
  endfacet
  facet normal 0.5446390350150101 -0.838670567945435 0
    outer loop
      vertex 221.3511410091699 -6.736067977499791 0
      vertex 221.3511410091699 -6.736067977499791 13.5
      vertex 221 -6.964101615137755 13.5
    endloop
  endfacet
  facet normal 0.6293203910498344 -0.7771459614569735 0
    outer loop
      vertex 221.67652242543545 -6.472579301909578 0
      vertex 221.67652242543545 -6.472579301909578 13.5
      vertex 221.3511410091699 -6.736067977499791 13.5
    endloop
  endfacet
  facet normal 0.7071067811865698 -0.7071067811865253 0
    outer loop
      vertex 221.97257930190958 -6.176522425435434 0
      vertex 221.97257930190958 -6.176522425435434 13.5
      vertex 221.67652242543545 -6.472579301909578 13.5
    endloop
  endfacet
  facet normal 0.7771459614569906 -0.6293203910498131 0
    outer loop
      vertex 221.97257930190958 -6.176522425435434 0
      vertex 222.23606797749977 -5.851141009169893 13.5
      vertex 221.97257930190958 -6.176522425435434 13.5
    endloop
  endfacet
  facet normal 0.8386705679453943 -0.5446390350150728 0
    outer loop
      vertex 222.23606797749977 -5.851141009169893 0
      vertex 222.46410161513776 -5.500000000000001 13.5
      vertex 222.23606797749977 -5.851141009169893 13.5
    endloop
  endfacet
  facet normal 0.8910065241883862 -0.4539904997395105 0
    outer loop
      vertex 222.46410161513776 -5.500000000000001 0
      vertex 222.6541818305704 -5.1269465723032015 13.5
      vertex 222.46410161513776 -5.500000000000001 13.5
    endloop
  endfacet
  facet normal 0.9335804264971939 -0.35836794954532075 0
    outer loop
      vertex 222.6541818305704 -5.1269465723032015 0
      vertex 222.80422606518061 -4.736067977499791 13.5
      vertex 222.6541818305704 -5.1269465723032015 13.5
    endloop
  endfacet
  facet normal 0.9659258262890683 -0.25881904510252063 0
    outer loop
      vertex 222.80422606518061 -4.736067977499791 0
      vertex 222.91259040293522 -4.3316467632710385 13.5
      vertex 222.80422606518061 -4.736067977499791 13.5
    endloop
  endfacet
  facet normal 0.987688340595139 -0.15643446504022376 0
    outer loop
      vertex 222.91259040293522 -4.3316467632710385 0
      vertex 222.9780875814731 -3.918113853070615 13.5
      vertex 222.91259040293522 -4.3316467632710385 13.5
    endloop
  endfacet
  facet normal 0.9986295347545735 -0.0523359562429506 0
    outer loop
      vertex 222.9780875814731 -3.918113853070615 0
      vertex 223 -3.500000000000001 13.5
      vertex 222.9780875814731 -3.918113853070615 13.5
    endloop
  endfacet
  facet normal -8.156324460694934e-18 -0.7071067811865475 0.7071067811865475
    outer loop
      vertex 142 -7.5 13.5
      vertex 219 -7.500000000000001 13.5
      vertex 142.03927888235378 -6 15
    endloop
  endfacet
  facet normal 0 0 1
    outer loop
      vertex 142.03927888235378 -6 15
      vertex 218.96072111764624 -6.000000000000001 15
      vertex 141.5 -5.460721117646229 15
    endloop
  endfacet
  facet normal 0 0 1
    outer loop
      vertex 141.5 -5.460721117646229 15
      vertex 218.96072111764624 -6.000000000000001 15
      vertex 141.5 82.02948693534161 15
    endloop
  endfacet
  facet normal -8.164654291743887e-18 -0.7071067811865475 0.7071067811865475
    outer loop
      vertex 142.03927888235378 -6 15
      vertex 219 -7.500000000000001 13.5
      vertex 218.96072111764624 -6.000000000000001 15
    endloop
  endfacet
  facet normal 0.0370071095592676 -0.7061377159181262 0.7071067811865475
    outer loop
      vertex 219 -7.500000000000001 13.5
      vertex 219.41811385307062 -7.478087581473094 13.5
      vertex 219.26110598434178 -5.984257496206254 15
    endloop
  endfacet
  facet normal 0.11061587104123839 -0.6984011233337103 0.7071067811865472
    outer loop
      vertex 219.41811385307062 -7.478087581473094 13.5
      vertex 219.83164676327104 -7.412590402935224 13.5
      vertex 219.51935123687917 -5.943355466416652 15
    endloop
  endfacet
  facet normal 0.18301270189222868 -0.6830127018922174 0.7071067811865469
    outer loop
      vertex 219.83164676327104 -7.412590402935224 13.5
      vertex 220.23606797749977 -7.304226065180615 13.5
      vertex 219.7719063685841 -5.875683522831979 15
    endloop
  endfacet
  facet normal 0.25340440728338326 -0.6601410503592076 0.7071067811865471
    outer loop
      vertex 220.23606797749977 -7.304226065180615 13.5
      vertex 220.6269465723032 -7.154181830570405 13.5
      vertex 220.016004332583 -5.781983093427432 15
    endloop
  endfacet
  facet normal 0.3210197609601116 -0.6300367553350479 0.7071067811865459
    outer loop
      vertex 220.6269465723032 -7.154181830570405 13.5
      vertex 221 -6.964101615137755 13.5
      vertex 220.2489707405016 -5.663280779715618 15
    endloop
  endfacet
  facet normal 0.3851179549580107 -0.5930296457757896 0.7071067811865482
    outer loop
      vertex 221 -6.964101615137755 13.5
      vertex 221.3511410091699 -6.736067977499791 13.5
      vertex 220.46825316362325 -5.520877109085657 15
    endloop
  endfacet
  facet normal 0.4449967160503076 -0.549525179317965 0.7071067811865478
    outer loop
      vertex 221.3511410091699 -6.736067977499791 13.5
      vertex 221.67652242543545 -6.472579301909578 13.5
      vertex 220.67144909783258 -5.3563322859528055 15
    endloop
  endfacet
  facet normal 0.5000000000000158 -0.49999999999998423 0.7071067811865476
    outer loop
      vertex 221.67652242543545 -6.472579301909578 13.5
      vertex 221.97257930190958 -6.176522425435434 13.5
      vertex 220.8563322859528 -5.171449097832582 15
    endloop
  endfacet
  facet normal 0.5495251793179796 -0.4449967160502946 0.7071067811865445
    outer loop
      vertex 221.97257930190958 -6.176522425435434 13.5
      vertex 222.23606797749977 -5.851141009169893 13.5
      vertex 221.02087710908566 -4.96825316362324 15
    endloop
  endfacet
  facet normal 0.5930296457757613 -0.38511795495805534 0.7071067811865478
    outer loop
      vertex 222.23606797749977 -5.851141009169893 13.5
      vertex 222.46410161513776 -5.500000000000001 13.5
      vertex 221.16328077971562 -4.748970740501571 15
    endloop
  endfacet
  facet normal 0.6300367553350614 -0.32101976096007634 0.7071067811865499
    outer loop
      vertex 222.46410161513776 -5.500000000000001 13.5
      vertex 222.6541818305704 -5.1269465723032015 13.5
      vertex 221.2819830934274 -4.516004332583 15
    endloop
  endfacet
  facet normal 0.6601410503591928 -0.253404407283414 0.7071067811865499
    outer loop
      vertex 222.6541818305704 -5.1269465723032015 13.5
      vertex 222.80422606518061 -4.736067977499791 13.5
      vertex 221.375683522832 -4.271906368584034 15
    endloop
  endfacet
  facet normal 0.6830127018922196 -0.18301270189221935 0.7071067811865472
    outer loop
      vertex 222.80422606518061 -4.736067977499791 13.5
      vertex 222.91259040293522 -4.3316467632710385 13.5
      vertex 221.44335546641665 -4.0193512368791895 15
    endloop
  endfacet
  facet normal 0.6984011233337137 -0.11061587104123252 0.7071067811865448
    outer loop
      vertex 222.91259040293522 -4.3316467632710385 13.5
      vertex 222.9780875814731 -3.918113853070615 13.5
      vertex 221.48425749620625 -3.7611059843418357 15
    endloop
  endfacet
  facet normal 0.7061377159181274 -0.03700710955927287 0.7071067811865461
    outer loop
      vertex 222.9780875814731 -3.918113853070615 13.5
      vertex 223 -3.500000000000001 13.5
      vertex 221.48425749620625 -3.7611059843418357 15
    endloop
  endfacet
  facet normal 0.037007109559270716 -0.7061377159181265 0.7071067811865472
    outer loop
      vertex 219 -7.500000000000001 13.5
      vertex 219.26110598434178 -5.984257496206254 15
      vertex 218.96072111764624 -6.000000000000001 15
    endloop
  endfacet
  facet normal 0.11061587104123304 -0.6984011233337106 0.7071067811865479
    outer loop
      vertex 219.41811385307062 -7.478087581473094 13.5
      vertex 219.51935123687917 -5.943355466416652 15
      vertex 219.26110598434178 -5.984257496206254 15
    endloop
  endfacet
  facet normal 0.18301270189222762 -0.6830127018922176 0.7071067811865471
    outer loop
      vertex 219.83164676327104 -7.412590402935224 13.5
      vertex 219.7719063685841 -5.875683522831979 15
      vertex 219.51935123687917 -5.943355466416652 15
    endloop
  endfacet
  facet normal 0.2534044072833892 -0.6601410503592061 0.7071067811865464
    outer loop
      vertex 220.23606797749977 -7.304226065180615 13.5
      vertex 220.016004332583 -5.781983093427432 15
      vertex 219.7719063685841 -5.875683522831979 15
    endloop
  endfacet
  facet normal 0.32101976096009593 -0.6300367553350537 0.7071067811865478
    outer loop
      vertex 220.6269465723032 -7.154181830570405 13.5
      vertex 220.2489707405016 -5.663280779715618 15
      vertex 220.016004332583 -5.781983093427432 15
    endloop
  endfacet
  facet normal 0.38511795495804063 -0.5930296457757748 0.7071067811865446
    outer loop
      vertex 221 -6.964101615137755 13.5
      vertex 220.46825316362325 -5.520877109085657 15
      vertex 220.2489707405016 -5.663280779715618 15
    endloop
  endfacet
  facet normal 0.4449967160502936 -0.5495251793179737 0.7071067811865497
    outer loop
      vertex 221.3511410091699 -6.736067977499791 13.5
      vertex 220.67144909783258 -5.3563322859528055 15
      vertex 220.46825316362325 -5.520877109085657 15
    endloop
  endfacet
  facet normal 0.5000000000000182 -0.4999999999999822 0.7071067811865472
    outer loop
      vertex 221.67652242543545 -6.472579301909578 13.5
      vertex 220.8563322859528 -5.171449097832582 15
      vertex 220.67144909783258 -5.3563322859528055 15
    endloop
  endfacet
  facet normal 0.549525179317959 -0.44499671605031504 0.7071067811865477
    outer loop
      vertex 221.97257930190958 -6.176522425435434 13.5
      vertex 221.02087710908566 -4.96825316362324 15
      vertex 220.8563322859528 -5.171449097832582 15
    endloop
  endfacet
  facet normal 0.5930296457757871 -0.38511795495802364 0.7071067811865432
    outer loop
      vertex 222.23606797749977 -5.851141009169893 13.5
      vertex 221.16328077971562 -4.748970740501571 15
      vertex 221.02087710908566 -4.96825316362324 15
    endloop
  endfacet
  facet normal 0.6300367553350711 -0.3210197609600618 0.707106781186548
    outer loop
      vertex 222.46410161513776 -5.500000000000001 13.5
      vertex 221.2819830934274 -4.516004332583 15
      vertex 221.16328077971562 -4.748970740501571 15
    endloop
  endfacet
  facet normal 0.660141050359194 -0.2534044072834115 0.7071067811865497
    outer loop
      vertex 222.6541818305704 -5.1269465723032015 13.5
      vertex 221.375683522832 -4.271906368584034 15
      vertex 221.2819830934274 -4.516004332583 15
    endloop
  endfacet
  facet normal 0.6830127018922123 -0.18301270189223784 0.7071067811865493
    outer loop
      vertex 222.80422606518061 -4.736067977499791 13.5
      vertex 221.44335546641665 -4.0193512368791895 15
      vertex 221.375683522832 -4.271906368584034 15
    endloop
  endfacet
  facet normal 0.698401123333706 -0.11061587104126085 0.7071067811865481
    outer loop
      vertex 222.91259040293522 -4.3316467632710385 13.5
      vertex 221.48425749620625 -3.7611059843418357 15
      vertex 221.44335546641665 -4.0193512368791895 15
    endloop
  endfacet
  facet normal 0.7061377159181265 -0.037007109559256755 0.7071067811865479
    outer loop
      vertex 223 -3.500000000000001 13.5
      vertex 221.5 -3.4607211176462016 15
      vertex 221.48425749620625 -3.7611059843418357 15
    endloop
  endfacet
  facet normal 0 0 1
    outer loop
      vertex 218.96072111764624 -6.000000000000001 15
      vertex 219.26110598434178 -5.984257496206254 15
      vertex 221.5 -3.4607211176462016 15
    endloop
  endfacet
  facet normal 0 0 1
    outer loop
      vertex 219.26110598434178 -5.984257496206254 15
      vertex 219.51935123687917 -5.943355466416652 15
      vertex 221.5 -3.4607211176462016 15
    endloop
  endfacet
  facet normal 0 0 1
    outer loop
      vertex 219.7719063685841 -5.875683522831979 15
      vertex 220.016004332583 -5.781983093427432 15
      vertex 221.5 -3.4607211176462016 15
    endloop
  endfacet
  facet normal 0 0 1
    outer loop
      vertex 219.51935123687917 -5.943355466416652 15
      vertex 219.7719063685841 -5.875683522831979 15
      vertex 221.5 -3.4607211176462016 15
    endloop
  endfacet
  facet normal 0 0 1
    outer loop
      vertex 220.016004332583 -5.781983093427432 15
      vertex 220.2489707405016 -5.663280779715618 15
      vertex 221.5 -3.4607211176462016 15
    endloop
  endfacet
  facet normal 0 0 1
    outer loop
      vertex 220.2489707405016 -5.663280779715618 15
      vertex 220.46825316362325 -5.520877109085657 15
      vertex 221.5 -3.4607211176462016 15
    endloop
  endfacet
  facet normal 0 0 1
    outer loop
      vertex 220.46825316362325 -5.520877109085657 15
      vertex 220.67144909783258 -5.3563322859528055 15
      vertex 221.5 -3.4607211176462016 15
    endloop
  endfacet
  facet normal 0 0 1
    outer loop
      vertex 220.67144909783258 -5.3563322859528055 15
      vertex 220.8563322859528 -5.171449097832582 15
      vertex 221.5 -3.4607211176462016 15
    endloop
  endfacet
  facet normal 0 0 1
    outer loop
      vertex 220.8563322859528 -5.171449097832582 15
      vertex 221.02087710908566 -4.96825316362324 15
      vertex 221.5 -3.4607211176462016 15
    endloop
  endfacet
  facet normal 0 0 1
    outer loop
      vertex 221.02087710908566 -4.96825316362324 15
      vertex 221.16328077971562 -4.748970740501571 15
      vertex 221.5 -3.4607211176462016 15
    endloop
  endfacet
  facet normal 0 0 1
    outer loop
      vertex 221.16328077971562 -4.748970740501571 15
      vertex 221.2819830934274 -4.516004332583 15
      vertex 221.5 -3.4607211176462016 15
    endloop
  endfacet
  facet normal 0 0 1
    outer loop
      vertex 221.2819830934274 -4.516004332583 15
      vertex 221.375683522832 -4.271906368584034 15
      vertex 221.5 -3.4607211176462016 15
    endloop
  endfacet
  facet normal 0 0 1
    outer loop
      vertex 221.375683522832 -4.271906368584034 15
      vertex 221.44335546641665 -4.0193512368791895 15
      vertex 221.5 -3.4607211176462016 15
    endloop
  endfacet
  facet normal 0 0 1
    outer loop
      vertex 221.44335546641665 -4.0193512368791895 15
      vertex 221.48425749620625 -3.7611059843418357 15
      vertex 221.5 -3.4607211176462016 15
    endloop
  endfacet
  facet normal 0 0 1
    outer loop
      vertex 218.96072111764624 -6.000000000000001 15
      vertex 221.5 -3.4607211176462016 15
      vertex 161.5 102.9 15
    endloop
  endfacet
  facet normal 0.7071067811865475 0 0.7071067811865475
    outer loop
      vertex 223 -3.500000000000001 13.5
      vertex 223 102.9 13.5
      vertex 221.5 -3.4607211176462016 15
    endloop
  endfacet
  facet normal -4.5368524467013425e-17 0.05237556595212149 -0.9986274581099777
    outer loop
      vertex 163 45.229999996721745 8.272202795971388
      vertex 140 82.07157287525382 10.204453120563349
      vertex 163 56.229999996721745 8.849125872534628
    endloop
  endfacet
  facet normal -3.300790639800845e-18 0.05237556595212153 -0.9986274581099776
    outer loop
      vertex 163 56.229999996721745 8.849125872534628
      vertex 140 82.07157287525382 10.204453120563349
      vertex 167.70000000298023 92.02000000327826 10.726223773805627
    endloop
  endfacet
  facet normal 1.42233597106894e-17 0.052375565952121526 -0.9986274581099776
    outer loop
      vertex 163 56.229999996721745 8.849125872534628
      vertex 167.70000000298023 92.02000000327826 10.726223773805627
      vertex 167.5 54.729999996721745 8.770454543912368
    endloop
  endfacet
  facet normal 0 0.05237556595212153 -0.9986274581099776
    outer loop
      vertex 167.5 54.729999996721745 8.770454543912368
      vertex 167.70000000298023 92.02000000327826 10.726223773805627
      vertex 167.70000000298023 54.729999996721745 8.770454543912368
    endloop
  endfacet
  facet normal 0 1 0
    outer loop
      vertex 167.70000000298023 102.9 0
      vertex 167.70000000298023 102.9 11.29685314390715
      vertex 177.09751482593737 102.9 12.7
    endloop
  endfacet
  facet normal 0.9486832979011562 -0.3162277664649106 0
    outer loop
      vertex 177.09751482593737 102.9 0
      vertex 177.09751482593737 102.9 12.7
      vertex 175.5975148230791 98.39999999850988 12.7
    endloop
  endfacet
  facet normal 0 1 0
    outer loop
      vertex 175.5975148230791 98.39999999850988 0
      vertex 175.5975148230791 98.39999999850988 12.7
      vertex 187.1524851769209 98.39999999850988 12.7
    endloop
  endfacet
  facet normal -0.9486832979011562 -0.3162277664649106 0
    outer loop
      vertex 187.1524851769209 98.39999999850988 0
      vertex 187.1524851769209 98.39999999850988 12.7
      vertex 185.65248517406263 102.9 12.7
    endloop
  endfacet
  facet normal 1.8596698814894582e-17 0.0523755659521215 -0.9986274581099776
    outer loop
      vertex 140 82.07157287525382 10.204453120563349
      vertex 160 102.9 11.29685314390715
      vertex 163 90.52000000327826 10.647552445183367
    endloop
  endfacet
  facet normal -1.6271854531790784e-16 0.052375565952121714 -0.9986274581099774
    outer loop
      vertex 140 82.07157287525382 10.204453120563349
      vertex 163 90.52000000327826 10.647552445183367
      vertex 167.70000000298023 92.02000000327826 10.726223773805627
    endloop
  endfacet
  facet normal 0 0.052375565952121485 -0.9986274581099776
    outer loop
      vertex 163 90.52000000327826 10.647552445183367
      vertex 167.5 92.02000000327826 10.726223773805627
      vertex 167.70000000298023 92.02000000327826 10.726223773805627
    endloop
  endfacet
  facet normal 1.0125118587487547e-17 0.052375565952121485 -0.9986274581099776
    outer loop
      vertex 163 90.52000000327826 10.647552445183367
      vertex 160 102.9 11.29685314390715
      vertex 163 101.52000000327826 11.224475521746607
    endloop
  endfacet
  facet normal -3.4361262201375153e-18 0.05237556595212148 -0.9986274581099777
    outer loop
      vertex 163 101.52000000327826 11.224475521746607
      vertex 167.70000000298023 102.9 11.29685314390715
      vertex 167.5 100.02000000327826 11.145804193124347
    endloop
  endfacet
  facet normal 0 0.052375565952121485 -0.9986274581099776
    outer loop
      vertex 167.5 100.02000000327826 11.145804193124347
      vertex 167.70000000298023 102.9 11.29685314390715
      vertex 167.70000000298023 100.02000000327826 11.145804193124347
    endloop
  endfacet
  facet normal 1 0 0
    outer loop
      vertex 223 -3.500000000000001 13.5
      vertex 223 102.9 0
      vertex 223 102.9 13.5
    endloop
  endfacet
  facet normal 0 1 0
    outer loop
      vertex 185.65248517406263 102.9 0
      vertex 185.65248517406263 102.9 12.7
      vertex 202.07251482742748 102.9 12.7
    endloop
  endfacet
  facet normal 0 1 0
    outer loop
      vertex 200.57251482456923 98.39999999850988 0
      vertex 200.57251482456923 98.39999999850988 12.7
      vertex 212.127485178411 98.39999999850988 12.7
    endloop
  endfacet
  facet normal 0.9486832979011562 -0.3162277664649106 0
    outer loop
      vertex 202.07251482742748 102.9 0
      vertex 202.07251482742748 102.9 12.7
      vertex 200.57251482456923 98.39999999850988 12.7
    endloop
  endfacet
  facet normal -0.9486832979011562 -0.3162277664649106 0
    outer loop
      vertex 212.127485178411 98.39999999850988 0
      vertex 212.127485178411 98.39999999850988 12.7
      vertex 210.62748517555275 102.9 12.7
    endloop
  endfacet
  facet normal 0 1 0
    outer loop
      vertex 210.62748517555275 102.9 0
      vertex 210.62748517555275 102.9 12.7
      vertex 221.5 102.9 15
    endloop
  endfacet
  facet normal 0 1 0
    outer loop
      vertex 210.62748517555275 102.9 0
      vertex 221.5 102.9 15
      vertex 223 102.9 13.5
    endloop
  endfacet
  facet normal 0 0 1
    outer loop
      vertex 218.96072111764624 -6.000000000000001 15
      vertex 161.06066017177983 101.83933982822019 15
      vertex 141.5 82.02948693534161 15
    endloop
  endfacet
  facet normal 0 0 1
    outer loop
      vertex 218.96072111764624 -6.000000000000001 15
      vertex 161.14060894840006 101.92582792750474 15
      vertex 161.06066017177983 101.83933982822019 15
    endloop
  endfacet
  facet normal 0 0 1
    outer loop
      vertex 218.96072111764624 -6.000000000000001 15
      vertex 161.21352549156242 102.0183221215613 15
      vertex 161.14060894840006 101.92582792750474 15
    endloop
  endfacet
  facet normal 0 0 1
    outer loop
      vertex 218.96072111764624 -6.000000000000001 15
      vertex 161.27896024653114 102.11625215292608 15
      vertex 161.21352549156242 102.0183221215613 15
    endloop
  endfacet
  facet normal 0 0 1
    outer loop
      vertex 218.96072111764624 -6.000000000000001 15
      vertex 161.33650978628256 102.21901425039069 15
      vertex 161.27896024653114 102.11625215292608 15
    endloop
  endfacet
  facet normal 0 0 1
    outer loop
      vertex 218.96072111764624 -6.000000000000001 15
      vertex 161.38581929876693 102.32597485145237 15
      vertex 161.33650978628256 102.21901425039069 15
    endloop
  endfacet
  facet normal 0 0 1
    outer loop
      vertex 218.96072111764624 -6.000000000000001 15
      vertex 161.42658477444272 102.43647450843758 15
      vertex 161.38581929876693 102.32597485145237 15
    endloop
  endfacet
  facet normal 0 0 1
    outer loop
      vertex 218.96072111764624 -6.000000000000001 15
      vertex 161.45855488059652 102.54983195421615 15
      vertex 161.42658477444272 102.43647450843758 15
    endloop
  endfacet
  facet normal 0 0 1
    outer loop
      vertex 218.96072111764624 -6.000000000000001 15
      vertex 161.4815325108927 102.66534830243965 15
      vertex 161.45855488059652 102.54983195421615 15
    endloop
  endfacet
  facet normal 0 0 1
    outer loop
      vertex 218.96072111764624 -6.000000000000001 15
      vertex 161.4953760005997 102.78231135640824 15
      vertex 161.4815325108927 102.66534830243965 15
    endloop
  endfacet
  facet normal 0 0 1
    outer loop
      vertex 218.96072111764624 -6.000000000000001 15
      vertex 161.5 102.9 15
      vertex 161.4953760005997 102.78231135640824 15
    endloop
  endfacet
  facet normal -3.1552396556035415e-19 0.05237556595212147 -0.9986274581099777
    outer loop
      vertex 163 101.52000000327826 11.224475521746607
      vertex 160 102.9 11.29685314390715
      vertex 167.70000000298023 102.9 11.29685314390715
    endloop
  endfacet
  facet normal 0 1 0
    outer loop
      vertex 160 102.9 11.29685314390715
      vertex 160 102.9 13.5
      vertex 167.70000000298023 102.9 11.29685314390715
    endloop
  endfacet
  facet normal -0.7071067811865472 0.7071067811865477 -2.680736265144685e-16
    outer loop
      vertex 140.5857864376269 83.48578643762691 13.5
      vertex 160 102.9 13.5
      vertex 160 102.9 11.29685314390715
    endloop
  endfacet
  facet normal 0 1 0
    outer loop
      vertex 167.70000000298023 102.9 11.29685314390715
      vertex 160 102.9 13.5
      vertex 177.09751482593737 102.9 12.7
    endloop
  endfacet
  facet normal 0 1 0
    outer loop
      vertex 177.09751482593737 102.9 12.7
      vertex 160 102.9 13.5
      vertex 185.65248517406263 102.9 12.7
    endloop
  endfacet
  facet normal 0 0 -1
    outer loop
      vertex 175.5975148230791 98.39999999850988 12.7
      vertex 185.65248517406263 102.9 12.7
      vertex 187.1524851769209 98.39999999850988 12.7
    endloop
  endfacet
  facet normal 0 0 -1
    outer loop
      vertex 175.5975148230791 98.39999999850988 12.7
      vertex 177.09751482593737 102.9 12.7
      vertex 185.65248517406263 102.9 12.7
    endloop
  endfacet
  facet normal 0 1 0
    outer loop
      vertex 185.65248517406263 102.9 12.7
      vertex 160 102.9 13.5
      vertex 202.07251482742748 102.9 12.7
    endloop
  endfacet
  facet normal -0.4999999999999995 0.4999999999999999 0.7071067811865479
    outer loop
      vertex 141.67620586291125 82.45488551935162 15
      vertex 161.06066017177983 101.83933982822019 15
      vertex 160 102.9 13.5
    endloop
  endfacet
  facet normal -0.5194446238812347 0.48016967125877097 0.7068340466645098
    outer loop
      vertex 160 102.9 13.5
      vertex 161.06066017177983 101.83933982822019 15
      vertex 161.14060894840006 101.92582792750474 15
    endloop
  endfacet
  facet normal -0.5555170276645889 0.4379343129403931 0.7068340466645098
    outer loop
      vertex 160 102.9 13.5
      vertex 161.14060894840006 101.92582792750474 15
      vertex 161.21352549156242 102.0183221215613 15
    endloop
  endfacet
  facet normal -0.5881644842442095 0.3929989439548361 0.70683404666451
    outer loop
      vertex 160 102.9 13.5
      vertex 161.21352549156242 102.0183221215613 15
      vertex 161.27896024653114 102.11625215292608 15
    endloop
  endfacet
  facet normal -0.6171857111939505 0.34564060579435557 0.7068340466645112
    outer loop
      vertex 160 102.9 13.5
      vertex 161.27896024653114 102.11625215292608 15
      vertex 161.33650978628256 102.21901425039069 15
    endloop
  endfacet
  facet normal -0.6636572341918481 0.2448360798181143 0.7068340466645083
    outer loop
      vertex 160 102.9 13.5
      vertex 161.38581929876693 102.32597485145237 15
      vertex 161.42658477444272 102.43647450843758 15
    endloop
  endfacet
  facet normal -0.6424017829991384 0.2961512783619209 0.7068340466645108
    outer loop
      vertex 160 102.9 13.5
      vertex 161.33650978628256 102.21901425039069 15
      vertex 161.38581929876693 102.32597485145237 15
    endloop
  endfacet
  facet normal -0.6808210178472581 0.19201138542622473 0.706834046664509
    outer loop
      vertex 160 102.9 13.5
      vertex 161.42658477444272 102.43647450843758 15
      vertex 161.45855488059652 102.54983195421615 15
    endloop
  endfacet
  facet normal -0.6937873135318071 0.13800287699244787 0.706834046664509
    outer loop
      vertex 160 102.9 13.5
      vertex 161.45855488059652 102.54983195421615 15
      vertex 161.4815325108927 102.66534830243965 15
    endloop
  endfacet
  facet normal -0.7024761797206435 0.0831435349318674 0.7068340466645077
    outer loop
      vertex 160 102.9 13.5
      vertex 161.4815325108927 102.66534830243965 15
      vertex 161.4953760005997 102.78231135640824 15
    endloop
  endfacet
  facet normal -0.7068340466645094 0.027771585330118375 0.7068340466645094
    outer loop
      vertex 160 102.9 13.5
      vertex 161.4953760005997 102.78231135640824 15
      vertex 161.5 102.9 15
    endloop
  endfacet
  facet normal 0 1 0
    outer loop
      vertex 160 102.9 13.5
      vertex 161.5 102.9 15
      vertex 202.07251482742748 102.9 12.7
    endloop
  endfacet
  facet normal 0 0 1
    outer loop
      vertex 221.5 -3.4607211176462016 15
      vertex 221.5 102.9 15
      vertex 161.5 102.9 15
    endloop
  endfacet
  facet normal 0.7071067811865476 0 0.7071067811865476
    outer loop
      vertex 221.5 -3.4607211176462016 15
      vertex 223 102.9 13.5
      vertex 221.5 102.9 15
    endloop
  endfacet
  facet normal 0 0 -1
    outer loop
      vertex 200.57251482456923 98.39999999850988 12.7
      vertex 202.07251482742748 102.9 12.7
      vertex 210.62748517555275 102.9 12.7
    endloop
  endfacet
  facet normal 0 0 -1
    outer loop
      vertex 200.57251482456923 98.39999999850988 12.7
      vertex 210.62748517555275 102.9 12.7
      vertex 212.127485178411 98.39999999850988 12.7
    endloop
  endfacet
  facet normal 0 1 0
    outer loop
      vertex 161.5 102.9 15
      vertex 221.5 102.9 15
      vertex 202.07251482742748 102.9 12.7
    endloop
  endfacet
  facet normal 0 1 0
    outer loop
      vertex 202.07251482742748 102.9 12.7
      vertex 221.5 102.9 15
      vertex 210.62748517555275 102.9 12.7
    endloop
  endfacet
  facet normal 0 0 -1
    outer loop
      vertex -51.850000001490116 98.60000000149012 0
      vertex -50.350000001490116 103.10000000149012 0
      vertex -40.850000001490116 98.60000000149012 0
    endloop
  endfacet
  facet normal 0 0 -1
    outer loop
      vertex -50.350000001490116 103.10000000149012 0
      vertex -42.350000001490116 103.10000000149012 0
      vertex -40.850000001490116 98.60000000149012 0
    endloop
  endfacet
  facet normal 0 0 -1
    outer loop
      vertex -26.875 98.60000000149012 0
      vertex -25.375 103.10000000149012 0
      vertex -15.875 98.60000000149012 0
    endloop
  endfacet
  facet normal 0 0 -1
    outer loop
      vertex -25.375 103.10000000149012 0
      vertex -17.375 103.10000000149012 0
      vertex -15.875 98.60000000149012 0
    endloop
  endfacet
  facet normal 0 0 -1
    outer loop
      vertex -17.375 103.10000000149012 0
      vertex -7.700000002980232 111.40490972995758 0
      vertex -7.700000002980232 103.10000000149012 0
    endloop
  endfacet
  facet normal 0 -1 0
    outer loop
      vertex -63 103.10000000149012 0
      vertex -50.350000001490116 103.10000000149012 0
      vertex -63 103.10000000149012 12.5
    endloop
  endfacet
  facet normal 0 -1 0
    outer loop
      vertex -51.850000001490116 98.60000000149012 0
      vertex -40.850000001490116 98.60000000149012 0
      vertex -51.850000001490116 98.60000000149012 12.5
    endloop
  endfacet
  facet normal -0.9486832980505138 0.31622776601683794 0
    outer loop
      vertex -51.850000001490116 98.60000000149012 0
      vertex -50.350000001490116 103.10000000149012 12.5
      vertex -50.350000001490116 103.10000000149012 0
    endloop
  endfacet
  facet normal 0.9486832980505138 0.31622776601683794 0
    outer loop
      vertex -40.850000001490116 98.60000000149012 0
      vertex -42.350000001490116 103.10000000149012 0
      vertex -40.850000001490116 98.60000000149012 12.5
    endloop
  endfacet
  facet normal 0 -1 0
    outer loop
      vertex -42.350000001490116 103.10000000149012 0
      vertex -25.375 103.10000000149012 0
      vertex -42.350000001490116 103.10000000149012 12.5
    endloop
  endfacet
  facet normal 0 -1 0
    outer loop
      vertex -26.875 98.60000000149012 0
      vertex -15.875 98.60000000149012 0
      vertex -26.875 98.60000000149012 12.5
    endloop
  endfacet
  facet normal -0.9486832980505138 0.31622776601683794 0
    outer loop
      vertex -26.875 98.60000000149012 0
      vertex -25.375 103.10000000149012 12.5
      vertex -25.375 103.10000000149012 0
    endloop
  endfacet
  facet normal 0.9486832980505138 0.31622776601683794 0
    outer loop
      vertex -15.875 98.60000000149012 0
      vertex -17.375 103.10000000149012 0
      vertex -15.875 98.60000000149012 12.5
    endloop
  endfacet
  facet normal 0 -1 0
    outer loop
      vertex -17.375 103.10000000149012 0
      vertex -7.700000002980232 103.10000000149012 0
      vertex -17.375 103.10000000149012 12.5
    endloop
  endfacet
  facet normal 1 0 0
    outer loop
      vertex -7.700000002980232 103.10000000149012 0
      vertex -7.700000002980232 111.40490972995758 0
      vertex -7.700000002980232 103.10000000149012 12.5
    endloop
  endfacet
  facet normal 0 -1 0
    outer loop
      vertex -50.350000001490116 103.10000000149012 0
      vertex -60 103.10000000149012 12.5
      vertex -63 103.10000000149012 12.5
    endloop
  endfacet
  facet normal 0 -1 0
    outer loop
      vertex -50.350000001490116 103.10000000149012 0
      vertex -50.350000001490116 103.10000000149012 12.5
      vertex -60 103.10000000149012 12.5
    endloop
  endfacet
  facet normal -0.9486832980505138 0.31622776601683794 0
    outer loop
      vertex -51.850000001490116 98.60000000149012 0
      vertex -51.850000001490116 98.60000000149012 12.5
      vertex -50.350000001490116 103.10000000149012 12.5
    endloop
  endfacet
  facet normal 0 -1 0
    outer loop
      vertex -40.850000001490116 98.60000000149012 0
      vertex -40.850000001490116 98.60000000149012 12.5
      vertex -51.850000001490116 98.60000000149012 12.5
    endloop
  endfacet
  facet normal 0.9486832980505138 0.31622776601683794 0
    outer loop
      vertex -42.350000001490116 103.10000000149012 0
      vertex -42.350000001490116 103.10000000149012 12.5
      vertex -40.850000001490116 98.60000000149012 12.5
    endloop
  endfacet
  facet normal 0 -1 0
    outer loop
      vertex -25.375 103.10000000149012 0
      vertex -25.375 103.10000000149012 12.5
      vertex -42.350000001490116 103.10000000149012 12.5
    endloop
  endfacet
  facet normal 0 -1 0
    outer loop
      vertex -15.875 98.60000000149012 0
      vertex -15.875 98.60000000149012 12.5
      vertex -26.875 98.60000000149012 12.5
    endloop
  endfacet
  facet normal -0.9486832980505138 0.31622776601683794 0
    outer loop
      vertex -26.875 98.60000000149012 0
      vertex -26.875 98.60000000149012 12.5
      vertex -25.375 103.10000000149012 12.5
    endloop
  endfacet
  facet normal 0.9486832980505138 0.31622776601683794 0
    outer loop
      vertex -17.375 103.10000000149012 0
      vertex -17.375 103.10000000149012 12.5
      vertex -15.875 98.60000000149012 12.5
    endloop
  endfacet
  facet normal 0 -1 0
    outer loop
      vertex -7.700000002980232 103.10000000149012 0
      vertex -7.700000002980232 103.10000000149012 12.5
      vertex -17.375 103.10000000149012 12.5
    endloop
  endfacet
  facet normal 0 0 1
    outer loop
      vertex -51.850000001490116 98.60000000149012 12.5
      vertex -40.850000001490116 98.60000000149012 12.5
      vertex -50.350000001490116 103.10000000149012 12.5
    endloop
  endfacet
  facet normal 0 0 1
    outer loop
      vertex -50.350000001490116 103.10000000149012 12.5
      vertex -40.850000001490116 98.60000000149012 12.5
      vertex -42.350000001490116 103.10000000149012 12.5
    endloop
  endfacet
  facet normal 0 0 1
    outer loop
      vertex -60 103.10000000149012 12.5
      vertex -50.350000001490116 103.10000000149012 12.5
      vertex -7.700000002980232 111.40490972995758 12.5
    endloop
  endfacet
  facet normal 0 0 1
    outer loop
      vertex -50.350000001490116 103.10000000149012 12.5
      vertex -42.350000001490116 103.10000000149012 12.5
      vertex -7.700000002980232 111.40490972995758 12.5
    endloop
  endfacet
  facet normal 0 -1 0
    outer loop
      vertex -63 103.10000000149012 12.5
      vertex -60 103.10000000149012 12.5
      vertex -60 103.10000000149012 15
    endloop
  endfacet
  facet normal 0 -1 0
    outer loop
      vertex -63 103.10000000149012 12.5
      vertex -60 103.10000000149012 15
      vertex -63 103.10000000149012 15
    endloop
  endfacet
  facet normal 0 0 1
    outer loop
      vertex -42.350000001490116 103.10000000149012 12.5
      vertex -25.375 103.10000000149012 12.5
      vertex -7.700000002980232 111.40490972995758 12.5
    endloop
  endfacet
  facet normal 0 0 1
    outer loop
      vertex -26.875 98.60000000149012 12.5
      vertex -15.875 98.60000000149012 12.5
      vertex -25.375 103.10000000149012 12.5
    endloop
  endfacet
  facet normal 0 0 1
    outer loop
      vertex -25.375 103.10000000149012 12.5
      vertex -15.875 98.60000000149012 12.5
      vertex -17.375 103.10000000149012 12.5
    endloop
  endfacet
  facet normal 0 0 1
    outer loop
      vertex -25.375 103.10000000149012 12.5
      vertex -17.375 103.10000000149012 12.5
      vertex -7.700000002980232 111.40490972995758 12.5
    endloop
  endfacet
  facet normal 0 0 1
    outer loop
      vertex -17.375 103.10000000149012 12.5
      vertex -7.700000002980232 103.10000000149012 12.5
      vertex -7.700000002980232 111.40490972995758 12.5
    endloop
  endfacet
  facet normal 0 0 -1
    outer loop
      vertex -63 103.10000000149012 0
      vertex -63 217.79999999701977 0
      vertex -50.350000001490116 103.10000000149012 0
    endloop
  endfacet
  facet normal 0 0 -1
    outer loop
      vertex -50.350000001490116 103.10000000149012 0
      vertex -63 217.79999999701977 0
      vertex -42.350000001490116 103.10000000149012 0
    endloop
  endfacet
  facet normal 0 0 -1
    outer loop
      vertex -42.350000001490116 103.10000000149012 0
      vertex -63 217.79999999701977 0
      vertex -25.375 103.10000000149012 0
    endloop
  endfacet
  facet normal 0 0 -1
    outer loop
      vertex -25.375 103.10000000149012 0
      vertex -63 217.79999999701977 0
      vertex -17.375 103.10000000149012 0
    endloop
  endfacet
  facet normal 0 0 -1
    outer loop
      vertex -17.375 103.10000000149012 0
      vertex -63 217.79999999701977 0
      vertex -7.700000002980232 111.40490972995758 0
    endloop
  endfacet
  facet normal 0 0 -1
    outer loop
      vertex -7.700000002980232 111.40490972995758 0
      vertex -63 217.79999999701977 0
      vertex -7.648716613650322 112.44880705326796 0
    endloop
  endfacet
  facet normal 0 0 -1
    outer loop
      vertex -7.648716613650322 112.44880705326796 0
      vertex -63 217.79999999701977 0
      vertex -7.494639068841934 113.48751351237297 0
    endloop
  endfacet
  facet normal 0 0 -1
    outer loop
      vertex -7.494639068841934 113.48751351237297 0
      vertex -63 217.79999999701977 0
      vertex -7.239492408931255 114.50611606240273 0
    endloop
  endfacet
  facet normal 0 0 -1
    outer loop
      vertex -7.239492408931255 114.50611606240273 0
      vertex -63 217.79999999701977 0
      vertex -6.885733835399151 115.49480503797531 0
    endloop
  endfacet
  facet normal 0 0 -1
    outer loop
      vertex -6.885733835399151 115.49480503797531 0
      vertex -63 217.79999999701977 0
      vertex -6.436770245432854 116.44405879080296 0
    endloop
  endfacet
  facet normal 0 0 -1
    outer loop
      vertex -6.436770245432854 116.44405879080296 0
      vertex -63 217.79999999701977 0
      vertex -5.896925404667854 117.34473550319672 0
    endloop
  endfacet
  facet normal 0 0 -1
    outer loop
      vertex -5.896925404667854 117.34473550319672 0
      vertex -63 217.79999999701977 0
      vertex -5.271398298442364 118.18816115707159 0
    endloop
  endfacet
  facet normal 0 0 -1
    outer loop
      vertex -5.271398298442364 118.18816115707159 0
      vertex -63 217.79999999701977 0
      vertex -4.566213108599186 118.96621311455965 0
    endloop
  endfacet
  facet normal 0 0 -1
    outer loop
      vertex -4.566213108599186 118.96621311455965 0
      vertex -63 217.79999999701977 0
      vertex -3.788161151111126 119.67139830440283 0
    endloop
  endfacet
  facet normal 0 0 -1
    outer loop
      vertex -3.788161151111126 119.67139830440283 0
      vertex -63 217.79999999701977 0
      vertex -2.944735497236252 120.29692541062832 0
    endloop
  endfacet
  facet normal 0 0 -1
    outer loop
      vertex -2.944735497236252 120.29692541062832 0
      vertex -63 217.79999999701977 0
      vertex -2.044058784842491 120.83677025139332 0
    endloop
  endfacet
  facet normal 0 0 -1
    outer loop
      vertex -2.044058784842491 120.83677025139332 0
      vertex -63 217.79999999701977 0
      vertex -1.0948050320148468 121.28573384135962 0
    endloop
  endfacet
  facet normal 0 0 -1
    outer loop
      vertex -1.0948050320148468 121.28573384135962 0
      vertex -63 217.79999999701977 0
      vertex -0.10611605644226074 121.63949241489172 0
    endloop
  endfacet
  facet normal 0 0 -1
    outer loop
      vertex -0.10611605644226074 121.63949241489172 0
      vertex -63 217.79999999701977 0
      vertex 0.9124864935874939 121.8946390748024 0
    endloop
  endfacet
  facet normal 0 0 -1
    outer loop
      vertex 0.9124864935874939 121.8946390748024 0
      vertex -63 217.79999999701977 0
      vertex 1.9511929526925087 122.04871661961079 0
    endloop
  endfacet
  facet normal 0 0 -1
    outer loop
      vertex 1.9511929526925087 122.04871661961079 0
      vertex -63 217.79999999701977 0
      vertex 2.995090276002884 122.1000000089407 0
    endloop
  endfacet
  facet normal 0 0 -1
    outer loop
      vertex 2.995090276002884 122.1000000089407 0
      vertex -63 217.79999999701977 0
      vertex 72 122.1000000089407 0
    endloop
  endfacet
  facet normal 0.9987954560948427 -0.04906767657323299 0
    outer loop
      vertex -7.700000002980232 111.40490972995758 0
      vertex -7.648716613650322 112.44880705326796 0
      vertex -7.700000002980232 111.40490972995758 12.5
    endloop
  endfacet
  facet normal 0.9891765104575974 -0.14673047113306362 0
    outer loop
      vertex -7.648716613650322 112.44880705326796 0
      vertex -7.494639068841934 113.48751351237297 0
      vertex -7.648716613650322 112.44880705326796 12.5
    endloop
  endfacet
  facet normal 0.9700312524065543 -0.24298018304909524 0
    outer loop
      vertex -7.494639068841934 113.48751351237297 0
      vertex -7.239492408931255 114.50611606240273 0
      vertex -7.494639068841934 113.48751351237297 12.5
    endloop
  endfacet
  facet normal 0.9415440647384812 -0.33688985463462473 0
    outer loop
      vertex -7.239492408931255 114.50611606240273 0
      vertex -6.885733835399151 115.49480503797531 0
      vertex -7.239492408931255 114.50611606240273 12.5
    endloop
  endfacet
  facet normal 0.9039892925727384 -0.42755509459464996 0
    outer loop
      vertex -6.885733835399151 115.49480503797531 0
      vertex -6.436770245432854 116.44405879080296 0
      vertex -6.885733835399151 115.49480503797531 12.5
    endloop
  endfacet
  facet normal 0.857728612246199 -0.5141027404461189 0
    outer loop
      vertex -6.436770245432854 116.44405879080296 0
      vertex -5.896925404667854 117.34473550319672 0
      vertex -6.436770245432854 116.44405879080296 12.5
    endloop
  endfacet
  facet normal 0.803207527247913 -0.5956993101996116 0
    outer loop
      vertex -5.896925404667854 117.34473550319672 0
      vertex -5.271398298442364 118.18816115707159 0
      vertex -5.896925404667854 117.34473550319672 12.5
    endloop
  endfacet
  facet normal 0.7409511249644618 -0.6715589552778659 0
    outer loop
      vertex -5.271398298442364 118.18816115707159 0
      vertex -4.566213108599186 118.96621311455965 0
      vertex -5.271398298442364 118.18816115707159 12.5
    endloop
  endfacet
  facet normal 0.6715589552778659 -0.7409511249644618 0
    outer loop
      vertex -4.566213108599186 118.96621311455965 0
      vertex -3.788161151111126 119.67139830440283 0
      vertex -4.566213108599186 118.96621311455965 12.5
    endloop
  endfacet
  facet normal 0.5956993101996116 -0.803207527247913 0
    outer loop
      vertex -3.788161151111126 119.67139830440283 0
      vertex -2.944735497236252 120.29692541062832 0
      vertex -3.788161151111126 119.67139830440283 12.5
    endloop
  endfacet
  facet normal 0.5141027404461189 -0.857728612246199 0
    outer loop
      vertex -2.944735497236252 120.29692541062832 0
      vertex -2.044058784842491 120.83677025139332 0
      vertex -2.944735497236252 120.29692541062832 12.5
    endloop
  endfacet
  facet normal 0.42755509459464996 -0.9039892925727384 0
    outer loop
      vertex -2.044058784842491 120.83677025139332 0
      vertex -1.0948050320148468 121.28573384135962 0
      vertex -2.044058784842491 120.83677025139332 12.5
    endloop
  endfacet
  facet normal 0.33688985463462473 -0.9415440647384812 0
    outer loop
      vertex -1.0948050320148468 121.28573384135962 0
      vertex -0.10611605644226074 121.63949241489172 0
      vertex -1.0948050320148468 121.28573384135962 12.5
    endloop
  endfacet
  facet normal 0.24298018304909524 -0.9700312524065543 0
    outer loop
      vertex -0.10611605644226074 121.63949241489172 0
      vertex 0.9124864935874939 121.8946390748024 0
      vertex -0.10611605644226074 121.63949241489172 12.5
    endloop
  endfacet
  facet normal 0.14673047113306362 -0.9891765104575974 0
    outer loop
      vertex 0.9124864935874939 121.8946390748024 0
      vertex 1.9511929526925087 122.04871661961079 0
      vertex 0.9124864935874939 121.8946390748024 12.5
    endloop
  endfacet
  facet normal 0.04906767657323299 -0.9987954560948427 0
    outer loop
      vertex 1.9511929526925087 122.04871661961079 0
      vertex 2.995090276002884 122.1000000089407 0
      vertex 1.9511929526925087 122.04871661961079 12.5
    endloop
  endfacet
  facet normal 0 0 -1
    outer loop
      vertex 72 122.1000000089407 0
      vertex -63 217.79999999701977 0
      vertex -62.980738908052444 218.19206856191158 0
    endloop
  endfacet
  facet normal 0 0 -1
    outer loop
      vertex 72 122.1000000089407 0
      vertex -62.980738908052444 218.19206856191158 0
      vertex -62.92314112186432 218.5803612843156 0
    endloop
  endfacet
  facet normal 0 0 -1
    outer loop
      vertex 72 122.1000000089407 0
      vertex -62.92314112186432 218.5803612843156 0
      vertex -62.827761344611645 218.96113870292902 0
    endloop
  endfacet
  facet normal 0 0 -1
    outer loop
      vertex 72 122.1000000089407 0
      vertex -62.827761344611645 218.96113870292902 0
      vertex -62.695518128573895 219.33073372393847 0
    endloop
  endfacet
  facet normal 0 0 -1
    outer loop
      vertex 72 122.1000000089407 0
      vertex -62.695518128573895 219.33073372393847 0
      vertex -62.527685061097145 219.68558694422245 0
    endloop
  endfacet
  facet normal 0 0 -1
    outer loop
      vertex 72 122.1000000089407 0
      vertex -62.527685061097145 219.68558694422245 0
      vertex -62.32587844878435 220.02228093147278 0
    endloop
  endfacet
  facet normal 0 0 -1
    outer loop
      vertex 72 122.1000000089407 0
      vertex -62.32587844878435 220.02228093147278 0
      vertex -62.092041812837124 220.33757313340902 0
    endloop
  endfacet
  facet normal 0 0 -1
    outer loop
      vertex 72 122.1000000089407 0
      vertex -62.092041812837124 220.33757313340902 0
      vertex -61.828427121043205 220.62842711806297 0
    endloop
  endfacet
  facet normal 0 0 -1
    outer loop
      vertex 72 122.1000000089407 0
      vertex -61.828427121043205 220.62842711806297 0
      vertex -61.537573136389256 220.8920418098569 0
    endloop
  endfacet
  facet normal 0 0 -1
    outer loop
      vertex 72 122.1000000089407 0
      vertex -61.537573136389256 220.8920418098569 0
      vertex -61.22228093445301 221.12587844580412 0
    endloop
  endfacet
  facet normal 0 0 -1
    outer loop
      vertex 72 122.1000000089407 0
      vertex -61.22228093445301 221.12587844580412 0
      vertex -60.88558694720268 221.3276850581169 0
    endloop
  endfacet
  facet normal 0 0 -1
    outer loop
      vertex 72 122.1000000089407 0
      vertex -60.88558694720268 221.3276850581169 0
      vertex -60.5307337269187 221.49551812559366 0
    endloop
  endfacet
  facet normal 0 0 -1
    outer loop
      vertex 72 122.1000000089407 0
      vertex -60.5307337269187 221.49551812559366 0
      vertex -60.16113870590925 221.6277613416314 0
    endloop
  endfacet
  facet normal 0 0 -1
    outer loop
      vertex 72 122.1000000089407 0
      vertex -60.16113870590925 221.6277613416314 0
      vertex -59.78036128729582 221.7231411188841 0
    endloop
  endfacet
  facet normal 0 0 -1
    outer loop
      vertex 72 122.1000000089407 0
      vertex -59.78036128729582 221.7231411188841 0
      vertex -59.392068564891815 221.7807389050722 0
    endloop
  endfacet
  facet normal 0 0 -1
    outer loop
      vertex 72 122.1000000089407 0
      vertex -59.392068564891815 221.7807389050722 0
      vertex -59 221.80000000447035 0
    endloop
  endfacet
  facet normal -1 0 0
    outer loop
      vertex -63 103.10000000149012 0
      vertex -63 217.79999999701977 12.5
      vertex -63 217.79999999701977 0
    endloop
  endfacet
  facet normal -0.9987954563973426 0.0490676704157047 0
    outer loop
      vertex -63 217.79999999701977 0
      vertex -62.980738908052444 218.19206856191158 12.5
      vertex -62.980738908052444 218.19206856191158 0
    endloop
  endfacet
  facet normal -0.9891765093153608 0.14673047883339677 0
    outer loop
      vertex -62.980738908052444 218.19206856191158 0
      vertex -62.92314112186432 218.5803612843156 12.5
      vertex -62.92314112186432 218.5803612843156 0
    endloop
  endfacet
  facet normal -0.970031253702096 0.24298017787700282 0
    outer loop
      vertex -62.92314112186432 218.5803612843156 0
      vertex -62.827761344611645 218.96113870292902 12.5
      vertex -62.827761344611645 218.96113870292902 0
    endloop
  endfacet
  facet normal -0.9415440627982695 0.3368898600571533 0
    outer loop
      vertex -62.827761344611645 218.96113870292902 0
      vertex -62.695518128573895 219.33073372393847 12.5
      vertex -62.695518128573895 219.33073372393847 0
    endloop
  endfacet
  facet normal -0.9039892993552974 0.4275550802541337 0
    outer loop
      vertex -62.695518128573895 219.33073372393847 0
      vertex -62.527685061097145 219.68558694422245 12.5
      vertex -62.527685061097145 219.68558694422245 0
    endloop
  endfacet
  facet normal -0.857728607028397 0.5141027491514958 0
    outer loop
      vertex -62.527685061097145 219.68558694422245 0
      vertex -62.32587844878435 220.02228093147278 12.5
      vertex -62.32587844878435 220.02228093147278 0
    endloop
  endfacet
  facet normal -0.8032075288650011 0.5956993080192206 0
    outer loop
      vertex -62.32587844878435 220.02228093147278 0
      vertex -62.092041812837124 220.33757313340902 12.5
      vertex -62.092041812837124 220.33757313340902 0
    endloop
  endfacet
  facet normal -0.7409511174895533 0.6715589635251562 0
    outer loop
      vertex -62.092041812837124 220.33757313340902 0
      vertex -61.828427121043205 220.62842711806297 12.5
      vertex -61.828427121043205 220.62842711806297 0
    endloop
  endfacet
  facet normal -0.6715589635251562 0.7409511174895533 0
    outer loop
      vertex -61.828427121043205 220.62842711806297 0
      vertex -61.537573136389256 220.8920418098569 12.5
      vertex -61.537573136389256 220.8920418098569 0
    endloop
  endfacet
  facet normal -0.5956993080192206 0.8032075288650011 0
    outer loop
      vertex -61.537573136389256 220.8920418098569 0
      vertex -61.22228093445301 221.12587844580412 12.5
      vertex -61.22228093445301 221.12587844580412 0
    endloop
  endfacet
  facet normal -0.5141027491514958 0.857728607028397 0
    outer loop
      vertex -61.22228093445301 221.12587844580412 0
      vertex -60.88558694720268 221.3276850581169 12.5
      vertex -60.88558694720268 221.3276850581169 0
    endloop
  endfacet
  facet normal -0.4275550802541337 0.9039892993552974 0
    outer loop
      vertex -60.88558694720268 221.3276850581169 0
      vertex -60.5307337269187 221.49551812559366 12.5
      vertex -60.5307337269187 221.49551812559366 0
    endloop
  endfacet
  facet normal -0.3368898600571533 0.9415440627982695 0
    outer loop
      vertex -60.5307337269187 221.49551812559366 0
      vertex -60.16113870590925 221.6277613416314 12.5
      vertex -60.16113870590925 221.6277613416314 0
    endloop
  endfacet
  facet normal -0.24298017787700282 0.970031253702096 0
    outer loop
      vertex -60.16113870590925 221.6277613416314 0
      vertex -59.78036128729582 221.7231411188841 12.5
      vertex -59.78036128729582 221.7231411188841 0
    endloop
  endfacet
  facet normal -0.14673047883339677 0.9891765093153608 0
    outer loop
      vertex -59.78036128729582 221.7231411188841 0
      vertex -59.392068564891815 221.7807389050722 12.5
      vertex -59.392068564891815 221.7807389050722 0
    endloop
  endfacet
  facet normal -0.04906768935037588 0.9987954554671418 0
    outer loop
      vertex -59.392068564891815 221.7807389050722 0
      vertex -59 221.80000000447035 12.5
      vertex -59 221.80000000447035 0
    endloop
  endfacet
  facet normal 0 1 0
    outer loop
      vertex -59 221.80000000447035 0
      vertex -59 221.80000000447035 12.5
      vertex 72 221.80000000447035 0
    endloop
  endfacet
  facet normal 0 -1 0
    outer loop
      vertex 2.995090276002884 122.1000000089407 0
      vertex 72 122.1000000089407 0
      vertex 72 122.1000000089407 8
    endloop
  endfacet
  facet normal 1 0 0
    outer loop
      vertex 72 122.1000000089407 0
      vertex 72 221.80000000447035 0
      vertex 72 122.1000000089407 8
    endloop
  endfacet
  facet normal 0 -1 0
    outer loop
      vertex 2.995090276002884 122.1000000089407 0
      vertex 72 122.1000000089407 8
      vertex 2.995090276002884 122.1000000089407 12.5
    endloop
  endfacet
  facet normal 0 0 -1
    outer loop
      vertex 72 122.1000000089407 0
      vertex -59 221.80000000447035 0
      vertex 72 221.80000000447035 0
    endloop
  endfacet
  facet normal 0 1 0
    outer loop
      vertex 72 221.80000000447035 0
      vertex -59 221.80000000447035 12.5
      vertex 72 221.80000000447035 8
    endloop
  endfacet
  facet normal 1 0 0
    outer loop
      vertex 72 122.1000000089407 8
      vertex 72 221.80000000447035 0
      vertex 72 221.80000000447035 8
    endloop
  endfacet
  facet normal -1 0 0
    outer loop
      vertex -63 103.10000000149012 0
      vertex -63 103.10000000149012 12.5
      vertex -63 217.79999999701977 12.5
    endloop
  endfacet
  facet normal 1 0 0
    outer loop
      vertex -7.700000002980232 111.40490972995758 0
      vertex -7.700000002980232 111.40490972995758 12.5
      vertex -7.700000002980232 103.10000000149012 12.5
    endloop
  endfacet
  facet normal 0.9987954560948427 -0.04906767657323299 0
    outer loop
      vertex -7.648716613650322 112.44880705326796 0
      vertex -7.648716613650322 112.44880705326796 12.5
      vertex -7.700000002980232 111.40490972995758 12.5
    endloop
  endfacet
  facet normal 0.9891765104575974 -0.14673047113306362 0
    outer loop
      vertex -7.494639068841934 113.48751351237297 0
      vertex -7.494639068841934 113.48751351237297 12.5
      vertex -7.648716613650322 112.44880705326796 12.5
    endloop
  endfacet
  facet normal 0.9700312524065543 -0.24298018304909524 0
    outer loop
      vertex -7.239492408931255 114.50611606240273 0
      vertex -7.239492408931255 114.50611606240273 12.5
      vertex -7.494639068841934 113.48751351237297 12.5
    endloop
  endfacet
  facet normal 0.9415440647384812 -0.33688985463462473 0
    outer loop
      vertex -6.885733835399151 115.49480503797531 0
      vertex -6.885733835399151 115.49480503797531 12.5
      vertex -7.239492408931255 114.50611606240273 12.5
    endloop
  endfacet
  facet normal 0.9039892925727384 -0.42755509459464996 0
    outer loop
      vertex -6.436770245432854 116.44405879080296 0
      vertex -6.436770245432854 116.44405879080296 12.5
      vertex -6.885733835399151 115.49480503797531 12.5
    endloop
  endfacet
  facet normal 0.857728612246199 -0.5141027404461189 0
    outer loop
      vertex -5.896925404667854 117.34473550319672 0
      vertex -5.896925404667854 117.34473550319672 12.5
      vertex -6.436770245432854 116.44405879080296 12.5
    endloop
  endfacet
  facet normal 0.803207527247913 -0.5956993101996116 0
    outer loop
      vertex -5.271398298442364 118.18816115707159 0
      vertex -5.271398298442364 118.18816115707159 12.5
      vertex -5.896925404667854 117.34473550319672 12.5
    endloop
  endfacet
  facet normal 0.7409511249644618 -0.6715589552778659 0
    outer loop
      vertex -4.566213108599186 118.96621311455965 0
      vertex -4.566213108599186 118.96621311455965 12.5
      vertex -5.271398298442364 118.18816115707159 12.5
    endloop
  endfacet
  facet normal 0.6715589552778659 -0.7409511249644618 0
    outer loop
      vertex -3.788161151111126 119.67139830440283 0
      vertex -3.788161151111126 119.67139830440283 12.5
      vertex -4.566213108599186 118.96621311455965 12.5
    endloop
  endfacet
  facet normal 0.5956993101996116 -0.803207527247913 0
    outer loop
      vertex -2.944735497236252 120.29692541062832 0
      vertex -2.944735497236252 120.29692541062832 12.5
      vertex -3.788161151111126 119.67139830440283 12.5
    endloop
  endfacet
  facet normal 0.5141027404461189 -0.857728612246199 0
    outer loop
      vertex -2.044058784842491 120.83677025139332 0
      vertex -2.044058784842491 120.83677025139332 12.5
      vertex -2.944735497236252 120.29692541062832 12.5
    endloop
  endfacet
  facet normal 0.42755509459464996 -0.9039892925727384 0
    outer loop
      vertex -1.0948050320148468 121.28573384135962 0
      vertex -1.0948050320148468 121.28573384135962 12.5
      vertex -2.044058784842491 120.83677025139332 12.5
    endloop
  endfacet
  facet normal 0.33688985463462473 -0.9415440647384812 0
    outer loop
      vertex -0.10611605644226074 121.63949241489172 0
      vertex -0.10611605644226074 121.63949241489172 12.5
      vertex -1.0948050320148468 121.28573384135962 12.5
    endloop
  endfacet
  facet normal 0.24298018304909524 -0.9700312524065543 0
    outer loop
      vertex 0.9124864935874939 121.8946390748024 0
      vertex 0.9124864935874939 121.8946390748024 12.5
      vertex -0.10611605644226074 121.63949241489172 12.5
    endloop
  endfacet
  facet normal 0.14673047113306362 -0.9891765104575974 0
    outer loop
      vertex 1.9511929526925087 122.04871661961079 0
      vertex 1.9511929526925087 122.04871661961079 12.5
      vertex 0.9124864935874939 121.8946390748024 12.5
    endloop
  endfacet
  facet normal 0.04906767657323299 -0.9987954560948427 0
    outer loop
      vertex 2.995090276002884 122.1000000089407 0
      vertex 2.995090276002884 122.1000000089407 12.5
      vertex 1.9511929526925087 122.04871661961079 12.5
    endloop
  endfacet
  facet normal 0 0 1
    outer loop
      vertex -60 103.10000000149012 12.5
      vertex -0.10611605644226074 121.63949241489172 12.5
      vertex -60 218.79999999701977 12.5
    endloop
  endfacet
  facet normal -1 0 0
    outer loop
      vertex -63 103.10000000149012 12.5
      vertex -63 103.10000000149012 15
      vertex -63 217.79999999701977 12.5
    endloop
  endfacet
  facet normal 1 0 0
    outer loop
      vertex -60 103.10000000149012 12.5
      vertex -60 218.79999999701977 12.5
      vertex -60 103.10000000149012 15
    endloop
  endfacet
  facet normal 0 0 1
    outer loop
      vertex -63 103.10000000149012 15
      vertex -60 103.10000000149012 15
      vertex -63 217.79999999701977 15
    endloop
  endfacet
  facet normal 0 0 1
    outer loop
      vertex -60 103.10000000149012 12.5
      vertex -7.700000002980232 111.40490972995758 12.5
      vertex -7.648716613650322 112.44880705326796 12.5
    endloop
  endfacet
  facet normal 0 0 1
    outer loop
      vertex -60 103.10000000149012 12.5
      vertex -7.648716613650322 112.44880705326796 12.5
      vertex -7.494639068841934 113.48751351237297 12.5
    endloop
  endfacet
  facet normal 0 0 1
    outer loop
      vertex -60 103.10000000149012 12.5
      vertex -7.494639068841934 113.48751351237297 12.5
      vertex -7.239492408931255 114.50611606240273 12.5
    endloop
  endfacet
  facet normal 0 0 1
    outer loop
      vertex -60 103.10000000149012 12.5
      vertex -7.239492408931255 114.50611606240273 12.5
      vertex -6.885733835399151 115.49480503797531 12.5
    endloop
  endfacet
  facet normal 0 0 1
    outer loop
      vertex -60 103.10000000149012 12.5
      vertex -6.885733835399151 115.49480503797531 12.5
      vertex -6.436770245432854 116.44405879080296 12.5
    endloop
  endfacet
  facet normal 0 0 1
    outer loop
      vertex -60 103.10000000149012 12.5
      vertex -6.436770245432854 116.44405879080296 12.5
      vertex -5.896925404667854 117.34473550319672 12.5
    endloop
  endfacet
  facet normal 0 0 1
    outer loop
      vertex -60 103.10000000149012 12.5
      vertex -5.896925404667854 117.34473550319672 12.5
      vertex -5.271398298442364 118.18816115707159 12.5
    endloop
  endfacet
  facet normal 0 0 1
    outer loop
      vertex -60 103.10000000149012 12.5
      vertex -5.271398298442364 118.18816115707159 12.5
      vertex -4.566213108599186 118.96621311455965 12.5
    endloop
  endfacet
  facet normal 0 0 1
    outer loop
      vertex -60 103.10000000149012 12.5
      vertex -4.566213108599186 118.96621311455965 12.5
      vertex -3.788161151111126 119.67139830440283 12.5
    endloop
  endfacet
  facet normal 0 0 1
    outer loop
      vertex -60 103.10000000149012 12.5
      vertex -3.788161151111126 119.67139830440283 12.5
      vertex -2.944735497236252 120.29692541062832 12.5
    endloop
  endfacet
  facet normal 0 0 1
    outer loop
      vertex -60 103.10000000149012 12.5
      vertex -2.944735497236252 120.29692541062832 12.5
      vertex -2.044058784842491 120.83677025139332 12.5
    endloop
  endfacet
  facet normal 0 0 1
    outer loop
      vertex -60 103.10000000149012 12.5
      vertex -2.044058784842491 120.83677025139332 12.5
      vertex -1.0948050320148468 121.28573384135962 12.5
    endloop
  endfacet
  facet normal 0 0 1
    outer loop
      vertex -60 103.10000000149012 12.5
      vertex -1.0948050320148468 121.28573384135962 12.5
      vertex -0.10611605644226074 121.63949241489172 12.5
    endloop
  endfacet
  facet normal 0 0 1
    outer loop
      vertex -0.10611605644226074 121.63949241489172 12.5
      vertex 0.9124864935874939 121.8946390748024 12.5
      vertex -60 218.79999999701977 12.5
    endloop
  endfacet
  facet normal 0 0 1
    outer loop
      vertex 0.9124864935874939 121.8946390748024 12.5
      vertex 1.9511929526925087 122.04871661961079 12.5
      vertex -60 218.79999999701977 12.5
    endloop
  endfacet
  facet normal 0 0 1
    outer loop
      vertex 1.9511929526925087 122.04871661961079 12.5
      vertex 2.995090276002884 122.1000000089407 12.5
      vertex -60 218.79999999701977 12.5
    endloop
  endfacet
  facet normal -0.9987954563973426 0.0490676704157047 0
    outer loop
      vertex -63 217.79999999701977 0
      vertex -63 217.79999999701977 12.5
      vertex -62.980738908052444 218.19206856191158 12.5
    endloop
  endfacet
  facet normal -0.9891765093153608 0.14673047883339677 0
    outer loop
      vertex -62.980738908052444 218.19206856191158 0
      vertex -62.980738908052444 218.19206856191158 12.5
      vertex -62.92314112186432 218.5803612843156 12.5
    endloop
  endfacet
  facet normal -0.970031253702096 0.24298017787700282 0
    outer loop
      vertex -62.92314112186432 218.5803612843156 0
      vertex -62.92314112186432 218.5803612843156 12.5
      vertex -62.827761344611645 218.96113870292902 12.5
    endloop
  endfacet
  facet normal -0.9415440627982695 0.3368898600571533 0
    outer loop
      vertex -62.827761344611645 218.96113870292902 0
      vertex -62.827761344611645 218.96113870292902 12.5
      vertex -62.695518128573895 219.33073372393847 12.5
    endloop
  endfacet
  facet normal -0.9039892993552974 0.4275550802541337 0
    outer loop
      vertex -62.695518128573895 219.33073372393847 0
      vertex -62.695518128573895 219.33073372393847 12.5
      vertex -62.527685061097145 219.68558694422245 12.5
    endloop
  endfacet
  facet normal -0.857728607028397 0.5141027491514958 0
    outer loop
      vertex -62.527685061097145 219.68558694422245 0
      vertex -62.527685061097145 219.68558694422245 12.5
      vertex -62.32587844878435 220.02228093147278 12.5
    endloop
  endfacet
  facet normal -0.8032075288650011 0.5956993080192206 0
    outer loop
      vertex -62.32587844878435 220.02228093147278 0
      vertex -62.32587844878435 220.02228093147278 12.5
      vertex -62.092041812837124 220.33757313340902 12.5
    endloop
  endfacet
  facet normal -0.7409511174895533 0.6715589635251562 0
    outer loop
      vertex -62.092041812837124 220.33757313340902 0
      vertex -62.092041812837124 220.33757313340902 12.5
      vertex -61.828427121043205 220.62842711806297 12.5
    endloop
  endfacet
  facet normal -0.6715589635251562 0.7409511174895533 0
    outer loop
      vertex -61.828427121043205 220.62842711806297 0
      vertex -61.828427121043205 220.62842711806297 12.5
      vertex -61.537573136389256 220.8920418098569 12.5
    endloop
  endfacet
  facet normal -0.5956993080192206 0.8032075288650011 0
    outer loop
      vertex -61.537573136389256 220.8920418098569 0
      vertex -61.537573136389256 220.8920418098569 12.5
      vertex -61.22228093445301 221.12587844580412 12.5
    endloop
  endfacet
  facet normal -0.5141027491514958 0.857728607028397 0
    outer loop
      vertex -61.22228093445301 221.12587844580412 0
      vertex -61.22228093445301 221.12587844580412 12.5
      vertex -60.88558694720268 221.3276850581169 12.5
    endloop
  endfacet
  facet normal -0.4275550802541337 0.9039892993552974 0
    outer loop
      vertex -60.88558694720268 221.3276850581169 0
      vertex -60.88558694720268 221.3276850581169 12.5
      vertex -60.5307337269187 221.49551812559366 12.5
    endloop
  endfacet
  facet normal -0.3368898600571533 0.9415440627982695 0
    outer loop
      vertex -60.5307337269187 221.49551812559366 0
      vertex -60.5307337269187 221.49551812559366 12.5
      vertex -60.16113870590925 221.6277613416314 12.5
    endloop
  endfacet
  facet normal -0.24298017787700282 0.970031253702096 0
    outer loop
      vertex -60.16113870590925 221.6277613416314 0
      vertex -60.16113870590925 221.6277613416314 12.5
      vertex -59.78036128729582 221.7231411188841 12.5
    endloop
  endfacet
  facet normal -0.14673047883339677 0.9891765093153608 0
    outer loop
      vertex -59.78036128729582 221.7231411188841 0
      vertex -59.78036128729582 221.7231411188841 12.5
      vertex -59.392068564891815 221.7807389050722 12.5
    endloop
  endfacet
  facet normal -0.04906768935037588 0.9987954554671418 0
    outer loop
      vertex -59.392068564891815 221.7807389050722 0
      vertex -59.392068564891815 221.7807389050722 12.5
      vertex -59 221.80000000447035 12.5
    endloop
  endfacet
  facet normal -1 0 0
    outer loop
      vertex -63 103.10000000149012 15
      vertex -63 217.79999999701977 15
      vertex -63 217.79999999701977 12.5
    endloop
  endfacet
  facet normal 1 0 0
    outer loop
      vertex -60 103.10000000149012 15
      vertex -60 218.79999999701977 12.5
      vertex -60 218.79999999701977 15
    endloop
  endfacet
  facet normal 0 0 1
    outer loop
      vertex -60 103.10000000149012 15
      vertex -62.980738908052444 218.19206856191158 15
      vertex -63 217.79999999701977 15
    endloop
  endfacet
  facet normal 0 0 1
    outer loop
      vertex -60 103.10000000149012 15
      vertex -62.92314112186432 218.5803612843156 15
      vertex -62.980738908052444 218.19206856191158 15
    endloop
  endfacet
  facet normal 0 0 1
    outer loop
      vertex -60 103.10000000149012 15
      vertex -62.827761344611645 218.96113870292902 15
      vertex -62.92314112186432 218.5803612843156 15
    endloop
  endfacet
  facet normal 0 0 1
    outer loop
      vertex -60 103.10000000149012 15
      vertex -60 218.79999999701977 15
      vertex -62.827761344611645 218.96113870292902 15
    endloop
  endfacet
  facet normal 0 0 1
    outer loop
      vertex -59.392068564891815 221.7807389050722 12.5
      vertex -59.00000002980232 221.79999999701977 12.5
      vertex -59 221.80000000447035 12.5
    endloop
  endfacet
  facet normal 0 0 1
    outer loop
      vertex -59 221.80000000447035 12.5
      vertex -59.00000002980232 221.79999999701977 12.5
      vertex -43 221.79999999701977 12.5
    endloop
  endfacet
  facet normal -0.9987954563973426 0.0490676704157047 0
    outer loop
      vertex -63 217.79999999701977 12.5
      vertex -63 217.79999999701977 15
      vertex -62.980738908052444 218.19206856191158 12.5
    endloop
  endfacet
  facet normal -0.9891765093153608 0.14673047883339677 0
    outer loop
      vertex -62.980738908052444 218.19206856191158 12.5
      vertex -62.980738908052444 218.19206856191158 15
      vertex -62.92314112186432 218.5803612843156 12.5
    endloop
  endfacet
  facet normal -0.970031253702096 0.24298017787700282 0
    outer loop
      vertex -62.92314112186432 218.5803612843156 12.5
      vertex -62.92314112186432 218.5803612843156 15
      vertex -62.827761344611645 218.96113870292902 12.5
    endloop
  endfacet
  facet normal -0.9415440627982695 0.3368898600571533 0
    outer loop
      vertex -62.827761344611645 218.96113870292902 12.5
      vertex -62.827761344611645 218.96113870292902 15
      vertex -62.695518128573895 219.33073372393847 12.5
    endloop
  endfacet
  facet normal -0.9039892993552974 0.4275550802541337 0
    outer loop
      vertex -62.695518128573895 219.33073372393847 12.5
      vertex -62.695518128573895 219.33073372393847 15
      vertex -62.527685061097145 219.68558694422245 12.5
    endloop
  endfacet
  facet normal -0.857728607028397 0.5141027491514958 0
    outer loop
      vertex -62.527685061097145 219.68558694422245 12.5
      vertex -62.527685061097145 219.68558694422245 15
      vertex -62.32587844878435 220.02228093147278 12.5
    endloop
  endfacet
  facet normal -0.8032075288650012 0.5956993080192207 0
    outer loop
      vertex -62.32587844878435 220.02228093147278 12.5
      vertex -62.32587844878435 220.02228093147278 15
      vertex -62.092041812837124 220.33757313340902 12.5
    endloop
  endfacet
  facet normal -0.7409511174895533 0.6715589635251562 0
    outer loop
      vertex -62.092041812837124 220.33757313340902 12.5
      vertex -62.092041812837124 220.33757313340902 15
      vertex -61.828427121043205 220.62842711806297 12.5
    endloop
  endfacet
  facet normal -0.6715589635251562 0.7409511174895533 0
    outer loop
      vertex -61.828427121043205 220.62842711806297 12.5
      vertex -61.828427121043205 220.62842711806297 15
      vertex -61.537573136389256 220.8920418098569 12.5
    endloop
  endfacet
  facet normal -0.5956993080192207 0.8032075288650012 0
    outer loop
      vertex -61.537573136389256 220.8920418098569 12.5
      vertex -61.537573136389256 220.8920418098569 15
      vertex -61.22228093445301 221.12587844580412 12.5
    endloop
  endfacet
  facet normal -0.5141027491514958 0.857728607028397 0
    outer loop
      vertex -61.22228093445301 221.12587844580412 12.5
      vertex -61.22228093445301 221.12587844580412 15
      vertex -60.88558694720268 221.3276850581169 12.5
    endloop
  endfacet
  facet normal -0.4275550802541337 0.9039892993552974 0
    outer loop
      vertex -60.88558694720268 221.3276850581169 12.5
      vertex -60.88558694720268 221.3276850581169 15
      vertex -60.5307337269187 221.49551812559366 12.5
    endloop
  endfacet
  facet normal -0.3368898600571533 0.9415440627982695 0
    outer loop
      vertex -60.5307337269187 221.49551812559366 12.5
      vertex -60.5307337269187 221.49551812559366 15
      vertex -60.16113870590925 221.6277613416314 12.5
    endloop
  endfacet
  facet normal -0.24298017787700282 0.970031253702096 0
    outer loop
      vertex -60.16113870590925 221.6277613416314 12.5
      vertex -60.16113870590925 221.6277613416314 15
      vertex -59.78036128729582 221.7231411188841 12.5
    endloop
  endfacet
  facet normal -0.14673047883339677 0.9891765093153608 0
    outer loop
      vertex -59.78036128729582 221.7231411188841 12.5
      vertex -59.78036128729582 221.7231411188841 15
      vertex -59.392068564891815 221.7807389050722 12.5
    endloop
  endfacet
  facet normal -0.04906767413650767 0.9987954562145512 0
    outer loop
      vertex -59.392068564891815 221.7807389050722 12.5
      vertex -59.392068564891815 221.7807389050722 15
      vertex -59.00000002980232 221.79999999701977 12.5
    endloop
  endfacet
  facet normal 0 1 0
    outer loop
      vertex -59.00000002980232 221.79999999701977 12.5
      vertex -59.00000002980232 221.79999999701977 15
      vertex -43 221.79999999701977 12.5
    endloop
  endfacet
  facet normal 0 -1 0
    outer loop
      vertex -60 218.79999999701977 12.5
      vertex -43 218.79999999701977 12.5
      vertex -43 218.79999999701977 15
    endloop
  endfacet
  facet normal -0.9987954563973426 0.0490676704157047 0
    outer loop
      vertex -62.980738908052444 218.19206856191158 12.5
      vertex -63 217.79999999701977 15
      vertex -62.980738908052444 218.19206856191158 15
    endloop
  endfacet
  facet normal -0.9891765093153608 0.14673047883339677 0
    outer loop
      vertex -62.92314112186432 218.5803612843156 12.5
      vertex -62.980738908052444 218.19206856191158 15
      vertex -62.92314112186432 218.5803612843156 15
    endloop
  endfacet
  facet normal -0.970031253702096 0.24298017787700282 0
    outer loop
      vertex -62.827761344611645 218.96113870292902 12.5
      vertex -62.92314112186432 218.5803612843156 15
      vertex -62.827761344611645 218.96113870292902 15
    endloop
  endfacet
  facet normal -0.9415440627982695 0.3368898600571533 0
    outer loop
      vertex -62.695518128573895 219.33073372393847 12.5
      vertex -62.827761344611645 218.96113870292902 15
      vertex -62.695518128573895 219.33073372393847 15
    endloop
  endfacet
  facet normal -0.9039892993552974 0.4275550802541337 0
    outer loop
      vertex -62.527685061097145 219.68558694422245 12.5
      vertex -62.695518128573895 219.33073372393847 15
      vertex -62.527685061097145 219.68558694422245 15
    endloop
  endfacet
  facet normal -0.857728607028397 0.5141027491514958 0
    outer loop
      vertex -62.32587844878435 220.02228093147278 12.5
      vertex -62.527685061097145 219.68558694422245 15
      vertex -62.32587844878435 220.02228093147278 15
    endloop
  endfacet
  facet normal -0.8032075288650012 0.5956993080192207 0
    outer loop
      vertex -62.092041812837124 220.33757313340902 12.5
      vertex -62.32587844878435 220.02228093147278 15
      vertex -62.092041812837124 220.33757313340902 15
    endloop
  endfacet
  facet normal -0.7409511174895533 0.6715589635251562 0
    outer loop
      vertex -61.828427121043205 220.62842711806297 12.5
      vertex -62.092041812837124 220.33757313340902 15
      vertex -61.828427121043205 220.62842711806297 15
    endloop
  endfacet
  facet normal -0.6715589635251562 0.7409511174895533 0
    outer loop
      vertex -61.537573136389256 220.8920418098569 12.5
      vertex -61.828427121043205 220.62842711806297 15
      vertex -61.537573136389256 220.8920418098569 15
    endloop
  endfacet
  facet normal -0.5956993080192207 0.8032075288650012 0
    outer loop
      vertex -61.22228093445301 221.12587844580412 12.5
      vertex -61.537573136389256 220.8920418098569 15
      vertex -61.22228093445301 221.12587844580412 15
    endloop
  endfacet
  facet normal -0.5141027491514958 0.857728607028397 0
    outer loop
      vertex -60.88558694720268 221.3276850581169 12.5
      vertex -61.22228093445301 221.12587844580412 15
      vertex -60.88558694720268 221.3276850581169 15
    endloop
  endfacet
  facet normal -0.4275550802541337 0.9039892993552974 0
    outer loop
      vertex -60.5307337269187 221.49551812559366 12.5
      vertex -60.88558694720268 221.3276850581169 15
      vertex -60.5307337269187 221.49551812559366 15
    endloop
  endfacet
  facet normal -0.3368898600571533 0.9415440627982695 0
    outer loop
      vertex -60.16113870590925 221.6277613416314 12.5
      vertex -60.5307337269187 221.49551812559366 15
      vertex -60.16113870590925 221.6277613416314 15
    endloop
  endfacet
  facet normal -0.24298017787700282 0.970031253702096 0
    outer loop
      vertex -59.78036128729582 221.7231411188841 12.5
      vertex -60.16113870590925 221.6277613416314 15
      vertex -59.78036128729582 221.7231411188841 15
    endloop
  endfacet
  facet normal -0.14673047883339677 0.9891765093153608 0
    outer loop
      vertex -59.392068564891815 221.7807389050722 12.5
      vertex -59.78036128729582 221.7231411188841 15
      vertex -59.392068564891815 221.7807389050722 15
    endloop
  endfacet
  facet normal -0.04906767413650767 0.9987954562145512 0
    outer loop
      vertex -59.00000002980232 221.79999999701977 12.5
      vertex -59.392068564891815 221.7807389050722 15
      vertex -59.00000002980232 221.79999999701977 15
    endloop
  endfacet
  facet normal 0 -1 0
    outer loop
      vertex -60 218.79999999701977 12.5
      vertex -43 218.79999999701977 15
      vertex -60 218.79999999701977 15
    endloop
  endfacet
  facet normal 0 0 1
    outer loop
      vertex -62.827761344611645 218.96113870292902 15
      vertex -60 218.79999999701977 15
      vertex -62.695518128573895 219.33073372393847 15
    endloop
  endfacet
  facet normal 0 0 1
    outer loop
      vertex -62.695518128573895 219.33073372393847 15
      vertex -60 218.79999999701977 15
      vertex -62.527685061097145 219.68558694422245 15
    endloop
  endfacet
  facet normal 0 0 1
    outer loop
      vertex -62.527685061097145 219.68558694422245 15
      vertex -60 218.79999999701977 15
      vertex -62.32587844878435 220.02228093147278 15
    endloop
  endfacet
  facet normal 0 0 1
    outer loop
      vertex -60 218.79999999701977 15
      vertex -62.092041812837124 220.33757313340902 15
      vertex -62.32587844878435 220.02228093147278 15
    endloop
  endfacet
  facet normal 0 0 1
    outer loop
      vertex -60 218.79999999701977 15
      vertex -61.828427121043205 220.62842711806297 15
      vertex -62.092041812837124 220.33757313340902 15
    endloop
  endfacet
  facet normal 0 0 1
    outer loop
      vertex -60 218.79999999701977 15
      vertex -61.537573136389256 220.8920418098569 15
      vertex -61.828427121043205 220.62842711806297 15
    endloop
  endfacet
  facet normal 0 0 1
    outer loop
      vertex -60 218.79999999701977 15
      vertex -61.22228093445301 221.12587844580412 15
      vertex -61.537573136389256 220.8920418098569 15
    endloop
  endfacet
  facet normal 0 0 1
    outer loop
      vertex -60 218.79999999701977 15
      vertex -60.88558694720268 221.3276850581169 15
      vertex -61.22228093445301 221.12587844580412 15
    endloop
  endfacet
  facet normal 0 0 1
    outer loop
      vertex -60 218.79999999701977 15
      vertex -60.5307337269187 221.49551812559366 15
      vertex -60.88558694720268 221.3276850581169 15
    endloop
  endfacet
  facet normal 0 0 1
    outer loop
      vertex -60 218.79999999701977 15
      vertex -60.16113870590925 221.6277613416314 15
      vertex -60.5307337269187 221.49551812559366 15
    endloop
  endfacet
  facet normal 0 0 1
    outer loop
      vertex -60 218.79999999701977 15
      vertex -59.78036128729582 221.7231411188841 15
      vertex -60.16113870590925 221.6277613416314 15
    endloop
  endfacet
  facet normal 0 0 1
    outer loop
      vertex -60 218.79999999701977 15
      vertex -59.392068564891815 221.7807389050722 15
      vertex -59.78036128729582 221.7231411188841 15
    endloop
  endfacet
  facet normal 0 0 1
    outer loop
      vertex -60 218.79999999701977 15
      vertex -59.00000002980232 221.79999999701977 15
      vertex -59.392068564891815 221.7807389050722 15
    endloop
  endfacet
  facet normal 0 1 0
    outer loop
      vertex -43 221.79999999701977 12.5
      vertex -59.00000002980232 221.79999999701977 15
      vertex -43 221.79999999701977 15
    endloop
  endfacet
  facet normal 0 0 1
    outer loop
      vertex -60 218.79999999701977 15
      vertex -43 218.79999999701977 15
      vertex -59.00000002980232 221.79999999701977 15
    endloop
  endfacet
  facet normal 0 0 1
    outer loop
      vertex -59.00000002980232 221.79999999701977 15
      vertex -43 218.79999999701977 15
      vertex -43 221.79999999701977 15
    endloop
  endfacet
  facet normal 1 0 0
    outer loop
      vertex -43 218.79999999701977 12.5
      vertex -43 221.79999999701977 12.5
      vertex -43 221.79999999701977 15
    endloop
  endfacet
  facet normal 1 0 0
    outer loop
      vertex -43 218.79999999701977 12.5
      vertex -43 221.79999999701977 15
      vertex -43 218.79999999701977 15
    endloop
  endfacet
  facet normal 0 0 1
    outer loop
      vertex -60 218.79999999701977 12.5
      vertex 105 122.1000000089407 12.5
      vertex -43 218.79999999701977 12.5
    endloop
  endfacet
  facet normal 0 0 1
    outer loop
      vertex -59 221.80000000447035 12.5
      vertex -43 221.79999999701977 12.5
      vertex 105 221.80000000447035 12.5
    endloop
  endfacet
  facet normal 0 0 1
    outer loop
      vertex -43 218.79999999701977 12.5
      vertex 105 221.80000000447035 12.5
      vertex -43 221.79999999701977 12.5
    endloop
  endfacet
  facet normal 0 -1 0
    outer loop
      vertex 2.995090276002884 122.1000000089407 12.5
      vertex 72 122.1000000089407 8
      vertex 105 122.1000000089407 12.5
    endloop
  endfacet
  facet normal 0 0 -1
    outer loop
      vertex 72 122.1000000089407 8
      vertex 72 221.80000000447035 8
      vertex 88 122.1000000089407 8
    endloop
  endfacet
  facet normal 0 0 1
    outer loop
      vertex 2.995090276002884 122.1000000089407 12.5
      vertex 105 122.1000000089407 12.5
      vertex -60 218.79999999701977 12.5
    endloop
  endfacet
  facet normal 0 0 1
    outer loop
      vertex -43 218.79999999701977 12.5
      vertex 105 122.1000000089407 12.5
      vertex 100.29999999701977 146.23251482099295 12.5
    endloop
  endfacet
  facet normal 0 1 0
    outer loop
      vertex -59 221.80000000447035 12.5
      vertex 88 221.80000000447035 8
      vertex 72 221.80000000447035 8
    endloop
  endfacet
  facet normal 0 1 0
    outer loop
      vertex -59 221.80000000447035 12.5
      vertex 105 221.80000000447035 12.5
      vertex 88 221.80000000447035 8
    endloop
  endfacet
  facet normal 0 0 1
    outer loop
      vertex -43 218.79999999701977 12.5
      vertex 100.29999999701977 146.23251482099295 12.5
      vertex 100.29999999701977 157.78748517483473 12.5
    endloop
  endfacet
  facet normal 0 0 1
    outer loop
      vertex -43 218.79999999701977 12.5
      vertex 100.29999999701977 157.78748517483473 12.5
      vertex 100.29999999701977 186.11251482367516 12.5
    endloop
  endfacet
  facet normal 0 0 1
    outer loop
      vertex -43 218.79999999701977 12.5
      vertex 100.29999999701977 186.11251482367516 12.5
      vertex 100.29999999701977 197.66748517751694 12.5
    endloop
  endfacet
  facet normal 0 0 1
    outer loop
      vertex -43 218.79999999701977 12.5
      vertex 100.29999999701977 197.66748517751694 12.5
      vertex 105 221.80000000447035 12.5
    endloop
  endfacet
  facet normal 0 0 -1
    outer loop
      vertex 167.70000000298023 103.10000000149012 0
      vertex 167.70000000298023 111.40490972995758 0
      vertex 177.375 103.10000000149012 0
    endloop
  endfacet
  facet normal 0 0 -1
    outer loop
      vertex 175.875 98.60000000149012 0
      vertex 177.375 103.10000000149012 0
      vertex 186.875 98.60000000149012 0
    endloop
  endfacet
  facet normal 0 0 -1
    outer loop
      vertex 177.375 103.10000000149012 0
      vertex 185.375 103.10000000149012 0
      vertex 186.875 98.60000000149012 0
    endloop
  endfacet
  facet normal 0 0 -1
    outer loop
      vertex 200.85000000149012 98.60000000149012 0
      vertex 202.35000000149012 103.10000000149012 0
      vertex 211.85000000149012 98.60000000149012 0
    endloop
  endfacet
  facet normal 0 0 -1
    outer loop
      vertex 202.35000000149012 103.10000000149012 0
      vertex 210.35000000149012 103.10000000149012 0
      vertex 211.85000000149012 98.60000000149012 0
    endloop
  endfacet
  facet normal 0 -1 0
    outer loop
      vertex 167.70000000298023 103.10000000149012 0
      vertex 177.375 103.10000000149012 0
      vertex 167.70000000298023 103.10000000149012 12.5
    endloop
  endfacet
  facet normal -0.9486832980505138 0.31622776601683794 0
    outer loop
      vertex 175.875 98.60000000149012 0
      vertex 177.375 103.10000000149012 12.5
      vertex 177.375 103.10000000149012 0
    endloop
  endfacet
  facet normal 0 -1 0
    outer loop
      vertex 175.875 98.60000000149012 0
      vertex 186.875 98.60000000149012 0
      vertex 175.875 98.60000000149012 12.5
    endloop
  endfacet
  facet normal 0.9486832980505138 0.31622776601683794 0
    outer loop
      vertex 186.875 98.60000000149012 0
      vertex 185.375 103.10000000149012 0
      vertex 186.875 98.60000000149012 12.5
    endloop
  endfacet
  facet normal 0 -1 0
    outer loop
      vertex 185.375 103.10000000149012 0
      vertex 202.35000000149012 103.10000000149012 0
      vertex 185.375 103.10000000149012 12.5
    endloop
  endfacet
  facet normal 0 -1 0
    outer loop
      vertex 200.85000000149012 98.60000000149012 0
      vertex 211.85000000149012 98.60000000149012 0
      vertex 200.85000000149012 98.60000000149012 12.5
    endloop
  endfacet
  facet normal -0.9486832980505138 0.31622776601683794 0
    outer loop
      vertex 200.85000000149012 98.60000000149012 0
      vertex 202.35000000149012 103.10000000149012 12.5
      vertex 202.35000000149012 103.10000000149012 0
    endloop
  endfacet
  facet normal 0.9486832980505138 0.31622776601683794 0
    outer loop
      vertex 211.85000000149012 98.60000000149012 0
      vertex 210.35000000149012 103.10000000149012 0
      vertex 211.85000000149012 98.60000000149012 12.5
    endloop
  endfacet
  facet normal 0 -1 0
    outer loop
      vertex 210.35000000149012 103.10000000149012 0
      vertex 223 103.10000000149012 0
      vertex 210.35000000149012 103.10000000149012 12.5
    endloop
  endfacet
  facet normal -1 0 0
    outer loop
      vertex 167.70000000298023 103.10000000149012 0
      vertex 167.70000000298023 103.10000000149012 12.5
      vertex 167.70000000298023 111.40490972995758 12.5
    endloop
  endfacet
  facet normal 0 -1 0
    outer loop
      vertex 177.375 103.10000000149012 0
      vertex 177.375 103.10000000149012 12.5
      vertex 167.70000000298023 103.10000000149012 12.5
    endloop
  endfacet
  facet normal -0.9486832980505138 0.31622776601683794 0
    outer loop
      vertex 175.875 98.60000000149012 0
      vertex 175.875 98.60000000149012 12.5
      vertex 177.375 103.10000000149012 12.5
    endloop
  endfacet
  facet normal 0 -1 0
    outer loop
      vertex 186.875 98.60000000149012 0
      vertex 186.875 98.60000000149012 12.5
      vertex 175.875 98.60000000149012 12.5
    endloop
  endfacet
  facet normal 0.9486832980505138 0.31622776601683794 0
    outer loop
      vertex 185.375 103.10000000149012 0
      vertex 185.375 103.10000000149012 12.5
      vertex 186.875 98.60000000149012 12.5
    endloop
  endfacet
  facet normal 0 -1 0
    outer loop
      vertex 202.35000000149012 103.10000000149012 0
      vertex 202.35000000149012 103.10000000149012 12.5
      vertex 185.375 103.10000000149012 12.5
    endloop
  endfacet
  facet normal -0.9486832980505138 0.31622776601683794 0
    outer loop
      vertex 200.85000000149012 98.60000000149012 0
      vertex 200.85000000149012 98.60000000149012 12.5
      vertex 202.35000000149012 103.10000000149012 12.5
    endloop
  endfacet
  facet normal 0 -1 0
    outer loop
      vertex 211.85000000149012 98.60000000149012 0
      vertex 211.85000000149012 98.60000000149012 12.5
      vertex 200.85000000149012 98.60000000149012 12.5
    endloop
  endfacet
  facet normal 0.9486832980505138 0.31622776601683794 0
    outer loop
      vertex 210.35000000149012 103.10000000149012 0
      vertex 210.35000000149012 103.10000000149012 12.5
      vertex 211.85000000149012 98.60000000149012 12.5
    endloop
  endfacet
  facet normal 0 -1 0
    outer loop
      vertex 223 103.10000000149012 0
      vertex 220 103.10000000149012 12.5
      vertex 210.35000000149012 103.10000000149012 12.5
    endloop
  endfacet
  facet normal 0 -1 0
    outer loop
      vertex 223 103.10000000149012 0
      vertex 223 103.10000000149012 12.5
      vertex 220 103.10000000149012 12.5
    endloop
  endfacet
  facet normal 0 0 1
    outer loop
      vertex 167.70000000298023 103.10000000149012 12.5
      vertex 177.375 103.10000000149012 12.5
      vertex 167.70000000298023 111.40490972995758 12.5
    endloop
  endfacet
  facet normal 0 0 1
    outer loop
      vertex 175.875 98.60000000149012 12.5
      vertex 186.875 98.60000000149012 12.5
      vertex 177.375 103.10000000149012 12.5
    endloop
  endfacet
  facet normal 0 0 1
    outer loop
      vertex 177.375 103.10000000149012 12.5
      vertex 186.875 98.60000000149012 12.5
      vertex 185.375 103.10000000149012 12.5
    endloop
  endfacet
  facet normal 0 0 1
    outer loop
      vertex 200.85000000149012 98.60000000149012 12.5
      vertex 211.85000000149012 98.60000000149012 12.5
      vertex 202.35000000149012 103.10000000149012 12.5
    endloop
  endfacet
  facet normal 0 0 1
    outer loop
      vertex 202.35000000149012 103.10000000149012 12.5
      vertex 211.85000000149012 98.60000000149012 12.5
      vertex 210.35000000149012 103.10000000149012 12.5
    endloop
  endfacet
  facet normal 0 -1 0
    outer loop
      vertex 220 103.10000000149012 12.5
      vertex 223 103.10000000149012 12.5
      vertex 223 103.10000000149012 15
    endloop
  endfacet
  facet normal 0 -1 0
    outer loop
      vertex 220 103.10000000149012 12.5
      vertex 223 103.10000000149012 15
      vertex 220 103.10000000149012 15
    endloop
  endfacet
  facet normal 0 0 -1
    outer loop
      vertex 88 122.1000000089407 0
      vertex 100.29999999701977 146.23251482099295 0
      vertex 105 122.1000000089407 0
    endloop
  endfacet
  facet normal 0 0 -1
    outer loop
      vertex 88 122.1000000089407 0
      vertex 88 221.80000000447035 0
      vertex 100.29999999701977 146.23251482099295 0
    endloop
  endfacet
  facet normal 0 0 -1
    outer loop
      vertex 105 122.1000000089407 0
      vertex 100.29999999701977 146.23251482099295 0
      vertex 105 147.79918149111953 0
    endloop
  endfacet
  facet normal 0 0 -1
    outer loop
      vertex 100.5 146.50999999791384 0
      vertex 100.5 157.50999999791384 0
      vertex 105 156.00999999791384 0
    endloop
  endfacet
  facet normal 0 0 -1
    outer loop
      vertex 100.5 146.50999999791384 0
      vertex 105 156.00999999791384 0
      vertex 105 148.00999999791384 0
    endloop
  endfacet
  facet normal -1 0 0
    outer loop
      vertex 88 122.1000000089407 0
      vertex 88 122.1000000089407 8
      vertex 88 221.80000000447035 0
    endloop
  endfacet
  facet normal 0 0 -1
    outer loop
      vertex 105 122.1000000089407 0
      vertex 105 147.79918149111953 0
      vertex 157.00490972399712 122.1000000089407 0
    endloop
  endfacet
  facet normal 0 0 -1
    outer loop
      vertex 105 147.79918149111953 0
      vertex 105 148.00999999791384 0
      vertex 157.00490972399712 122.1000000089407 0
    endloop
  endfacet
  facet normal 0 0 -1
    outer loop
      vertex 105 148.00999999791384 0
      vertex 105 156.00999999791384 0
      vertex 157.00490972399712 122.1000000089407 0
    endloop
  endfacet
  facet normal 0 0 -1
    outer loop
      vertex 105 156.00999999791384 0
      vertex 105 156.22081850470815 0
      vertex 157.00490972399712 122.1000000089407 0
    endloop
  endfacet
  facet normal 0 0 -1
    outer loop
      vertex 105 156.22081850470815 0
      vertex 105 187.67918149380174 0
      vertex 157.00490972399712 122.1000000089407 0
    endloop
  endfacet
  facet normal 0 -1 0
    outer loop
      vertex 88 122.1000000089407 0
      vertex 105 122.1000000089407 0
      vertex 105 122.1000000089407 12.5
    endloop
  endfacet
  facet normal 0 -1 0
    outer loop
      vertex 88 122.1000000089407 0
      vertex 105 122.1000000089407 12.5
      vertex 88 122.1000000089407 8
    endloop
  endfacet
  facet normal -0.3162277664649096 0.9486832979011567 0
    outer loop
      vertex 100.29999999701977 146.23251482099295 0
      vertex 100.29999999701977 146.23251482099295 12.5
      vertex 105 147.79918149111953 0
    endloop
  endfacet
  facet normal 0.31622776601683794 -0.9486832980505138 0
    outer loop
      vertex 100.5 146.50999999791384 0
      vertex 105 148.00999999791384 0
      vertex 100.5 146.50999999791384 12.5
    endloop
  endfacet
  facet normal -1 0 0
    outer loop
      vertex 105 147.79918149111953 0
      vertex 105 148.00999999791384 12.5
      vertex 105 148.00999999791384 0
    endloop
  endfacet
  facet normal 1 0 0
    outer loop
      vertex 100.29999999701977 146.23251482099295 0
      vertex 100.29999999701977 157.78748517483473 0
      vertex 100.29999999701977 157.78748517483473 12.5
    endloop
  endfacet
  facet normal -1 0 0
    outer loop
      vertex 100.5 146.50999999791384 0
      vertex 100.5 157.50999999791384 12.5
      vertex 100.5 157.50999999791384 0
    endloop
  endfacet
  facet normal -0.3162277664649096 -0.9486832979011567 0
    outer loop
      vertex 105 156.22081850470815 0
      vertex 105 156.22081850470815 12.5
      vertex 100.29999999701977 157.78748517483473 0
    endloop
  endfacet
  facet normal 0.31622776601683794 0.9486832980505138 0
    outer loop
      vertex 105 156.00999999791384 0
      vertex 100.5 157.50999999791384 0
      vertex 105 156.00999999791384 12.5
    endloop
  endfacet
  facet normal -1 0 0
    outer loop
      vertex 105 156.00999999791384 0
      vertex 105 156.22081850470815 12.5
      vertex 105 156.22081850470815 0
    endloop
  endfacet
  facet normal 0 -1 0
    outer loop
      vertex 105 122.1000000089407 0
      vertex 157.00490972399712 122.1000000089407 0
      vertex 157.00490972399712 122.1000000089407 12.5
    endloop
  endfacet
  facet normal 0 0 -1
    outer loop
      vertex 100.29999999701977 146.23251482099295 0
      vertex 88 221.80000000447035 0
      vertex 100.29999999701977 157.78748517483473 0
    endloop
  endfacet
  facet normal 0 0 -1
    outer loop
      vertex 100.29999999701977 157.78748517483473 0
      vertex 88 221.80000000447035 0
      vertex 100.29999999701977 186.11251482367516 0
    endloop
  endfacet
  facet normal 0 0 -1
    outer loop
      vertex 105 156.22081850470815 0
      vertex 100.29999999701977 157.78748517483473 0
      vertex 105 187.67918149380174 0
    endloop
  endfacet
  facet normal 0 0 -1
    outer loop
      vertex 100.29999999701977 157.78748517483473 0
      vertex 100.29999999701977 186.11251482367516 0
      vertex 105 187.67918149380174 0
    endloop
  endfacet
  facet normal 0 0 -1
    outer loop
      vertex 100.5 186.39000000059605 0
      vertex 105 195.89000000059605 0
      vertex 105 187.89000000059605 0
    endloop
  endfacet
  facet normal 0 0 -1
    outer loop
      vertex 100.29999999701977 186.11251482367516 0
      vertex 88 221.80000000447035 0
      vertex 100.29999999701977 197.66748517751694 0
    endloop
  endfacet
  facet normal 0 0 -1
    outer loop
      vertex 100.29999999701977 197.66748517751694 0
      vertex 88 221.80000000447035 0
      vertex 105 221.80000000447035 0
    endloop
  endfacet
  facet normal 0 0 -1
    outer loop
      vertex 100.5 186.39000000059605 0
      vertex 100.5 197.39000000059605 0
      vertex 105 195.89000000059605 0
    endloop
  endfacet
  facet normal 0 0 -1
    outer loop
      vertex 100.29999999701977 197.66748517751694 0
      vertex 105 221.80000000447035 0
      vertex 105 196.10081850739036 0
    endloop
  endfacet
  facet normal 0 1 0
    outer loop
      vertex 88 221.80000000447035 0
      vertex 88 221.80000000447035 8
      vertex 105 221.80000000447035 0
    endloop
  endfacet
  facet normal 0 0 -1
    outer loop
      vertex 157.00490972399712 122.1000000089407 0
      vertex 105 187.67918149380174 0
      vertex 105 187.89000000059605 0
    endloop
  endfacet
  facet normal 0 0 -1
    outer loop
      vertex 157.00490972399712 122.1000000089407 0
      vertex 105 187.89000000059605 0
      vertex 105 195.89000000059605 0
    endloop
  endfacet
  facet normal 0 0 -1
    outer loop
      vertex 157.00490972399712 122.1000000089407 0
      vertex 105 195.89000000059605 0
      vertex 105 196.10081850739036 0
    endloop
  endfacet
  facet normal 0 0 -1
    outer loop
      vertex 157.00490972399712 122.1000000089407 0
      vertex 105 196.10081850739036 0
      vertex 105 221.80000000447035 0
    endloop
  endfacet
  facet normal -1 0 0
    outer loop
      vertex 88 122.1000000089407 8
      vertex 88 221.80000000447035 8
      vertex 88 221.80000000447035 0
    endloop
  endfacet
  facet normal -0.3162277664649096 0.9486832979011567 0
    outer loop
      vertex 100.29999999701977 186.11251482367516 0
      vertex 100.29999999701977 186.11251482367516 12.5
      vertex 105 187.67918149380174 0
    endloop
  endfacet
  facet normal 0.31622776601683794 -0.9486832980505138 0
    outer loop
      vertex 100.5 186.39000000059605 0
      vertex 105 187.89000000059605 0
      vertex 100.5 186.39000000059605 12.5
    endloop
  endfacet
  facet normal -1 0 0
    outer loop
      vertex 105 187.67918149380174 0
      vertex 105 187.89000000059605 12.5
      vertex 105 187.89000000059605 0
    endloop
  endfacet
  facet normal 1 0 0
    outer loop
      vertex 100.29999999701977 186.11251482367516 0
      vertex 100.29999999701977 197.66748517751694 0
      vertex 100.29999999701977 197.66748517751694 12.5
    endloop
  endfacet
  facet normal -1 0 0
    outer loop
      vertex 100.5 186.39000000059605 0
      vertex 100.5 197.39000000059605 12.5
      vertex 100.5 197.39000000059605 0
    endloop
  endfacet
  facet normal -0.3162277664649096 -0.9486832979011567 -3.5773390963111893e-19
    outer loop
      vertex 100.29999999701977 197.66748517751694 0
      vertex 105 196.10081850739036 0
      vertex 105 196.10081850739036 12.5
    endloop
  endfacet
  facet normal 0.31622776601683794 0.9486832980505138 0
    outer loop
      vertex 100.5 197.39000000059605 0
      vertex 105 195.89000000059605 12.5
      vertex 105 195.89000000059605 0
    endloop
  endfacet
  facet normal -1 0 0
    outer loop
      vertex 105 195.89000000059605 0
      vertex 105 196.10081850739036 12.5
      vertex 105 196.10081850739036 0
    endloop
  endfacet
  facet normal 0 1 0
    outer loop
      vertex 105 221.80000000447035 0
      vertex 88 221.80000000447035 8
      vertex 105 221.80000000447035 12.5
    endloop
  endfacet
  facet normal 0 1 0
    outer loop
      vertex 105 221.80000000447035 0
      vertex 105 221.80000000447035 12.5
      vertex 219 221.80000000447035 0
    endloop
  endfacet
  facet normal 0 0 -1
    outer loop
      vertex 167.70000000298023 111.40490972995758 0
      vertex 167.64871661365032 112.44880705326796 0
      vertex 223 217.79999999701977 0
    endloop
  endfacet
  facet normal 0 0 -1
    outer loop
      vertex 167.64871661365032 112.44880705326796 0
      vertex 167.49463906884193 113.48751351237297 0
      vertex 223 217.79999999701977 0
    endloop
  endfacet
  facet normal 0 0 -1
    outer loop
      vertex 167.49463906884193 113.48751351237297 0
      vertex 167.23949240893126 114.50611606240273 0
      vertex 223 217.79999999701977 0
    endloop
  endfacet
  facet normal 0 0 -1
    outer loop
      vertex 166.88573383539915 115.49480503797531 0
      vertex 166.43677024543285 116.44405879080296 0
      vertex 223 217.79999999701977 0
    endloop
  endfacet
  facet normal 0 0 -1
    outer loop
      vertex 166.88573383539915 115.49480503797531 0
      vertex 223 217.79999999701977 0
      vertex 167.23949240893126 114.50611606240273 0
    endloop
  endfacet
  facet normal 0 0 -1
    outer loop
      vertex 160.10611605644226 121.63949241489172 0
      vertex 223 217.79999999701977 0
      vertex 161.09480503201485 121.28573384135962 0
    endloop
  endfacet
  facet normal 0 0 -1
    outer loop
      vertex 161.09480503201485 121.28573384135962 0
      vertex 223 217.79999999701977 0
      vertex 162.0440587848425 120.83677025139332 0
    endloop
  endfacet
  facet normal 0 0 -1
    outer loop
      vertex 162.0440587848425 120.83677025139332 0
      vertex 223 217.79999999701977 0
      vertex 162.94473549723625 120.29692541062832 0
    endloop
  endfacet
  facet normal 0 0 -1
    outer loop
      vertex 157.00490972399712 122.1000000089407 0
      vertex 223 217.79999999701977 0
      vertex 158.0488070473075 122.04871661961079 0
    endloop
  endfacet
  facet normal 0 0 -1
    outer loop
      vertex 158.0488070473075 122.04871661961079 0
      vertex 223 217.79999999701977 0
      vertex 159.0875135064125 121.8946390748024 0
    endloop
  endfacet
  facet normal 0 0 -1
    outer loop
      vertex 160.10611605644226 121.63949241489172 0
      vertex 159.0875135064125 121.8946390748024 0
      vertex 223 217.79999999701977 0
    endloop
  endfacet
  facet normal 0 0 -1
    outer loop
      vertex 164.5662131085992 118.96621311455965 0
      vertex 223 217.79999999701977 0
      vertex 165.27139829844236 118.18816115707159 0
    endloop
  endfacet
  facet normal 0 0 -1
    outer loop
      vertex 165.89692540466785 117.34473550319672 0
      vertex 165.27139829844236 118.18816115707159 0
      vertex 223 217.79999999701977 0
    endloop
  endfacet
  facet normal 0 0 -1
    outer loop
      vertex 163.78816115111113 119.67139830440283 0
      vertex 162.94473549723625 120.29692541062832 0
      vertex 223 217.79999999701977 0
    endloop
  endfacet
  facet normal 0 0 -1
    outer loop
      vertex 163.78816115111113 119.67139830440283 0
      vertex 223 217.79999999701977 0
      vertex 164.5662131085992 118.96621311455965 0
    endloop
  endfacet
  facet normal 0 0 -1
    outer loop
      vertex 166.43677024543285 116.44405879080296 0
      vertex 165.89692540466785 117.34473550319672 0
      vertex 223 217.79999999701977 0
    endloop
  endfacet
  facet normal 0 0 -1
    outer loop
      vertex 177.375 103.10000000149012 0
      vertex 223 217.79999999701977 0
      vertex 185.375 103.10000000149012 0
    endloop
  endfacet
  facet normal 0 0 -1
    outer loop
      vertex 167.70000000298023 111.40490972995758 0
      vertex 223 217.79999999701977 0
      vertex 177.375 103.10000000149012 0
    endloop
  endfacet
  facet normal 0 0 -1
    outer loop
      vertex 185.375 103.10000000149012 0
      vertex 223 217.79999999701977 0
      vertex 202.35000000149012 103.10000000149012 0
    endloop
  endfacet
  facet normal 0 0 -1
    outer loop
      vertex 202.35000000149012 103.10000000149012 0
      vertex 223 217.79999999701977 0
      vertex 210.35000000149012 103.10000000149012 0
    endloop
  endfacet
  facet normal 0 0 -1
    outer loop
      vertex 210.35000000149012 103.10000000149012 0
      vertex 223 217.79999999701977 0
      vertex 223 103.10000000149012 0
    endloop
  endfacet
  facet normal -1 0 0
    outer loop
      vertex 167.70000000298023 103.10000000149012 0
      vertex 167.70000000298023 111.40490972995758 12.5
      vertex 167.70000000298023 111.40490972995758 0
    endloop
  endfacet
  facet normal -0.9987954560948427 -0.04906767657323299 0
    outer loop
      vertex 167.70000000298023 111.40490972995758 0
      vertex 167.64871661365032 112.44880705326796 12.5
      vertex 167.64871661365032 112.44880705326796 0
    endloop
  endfacet
  facet normal -0.9891765104575974 -0.14673047113306362 0
    outer loop
      vertex 167.64871661365032 112.44880705326796 0
      vertex 167.49463906884193 113.48751351237297 12.5
      vertex 167.49463906884193 113.48751351237297 0
    endloop
  endfacet
  facet normal -0.9700312524065543 -0.24298018304909524 0
    outer loop
      vertex 167.49463906884193 113.48751351237297 0
      vertex 167.23949240893126 114.50611606240273 12.5
      vertex 167.23949240893126 114.50611606240273 0
    endloop
  endfacet
  facet normal -0.42755509459464996 -0.9039892925727384 0
    outer loop
      vertex 161.09480503201485 121.28573384135962 0
      vertex 162.0440587848425 120.83677025139332 0
      vertex 161.09480503201485 121.28573384135962 12.5
    endloop
  endfacet
  facet normal -0.5141027404461189 -0.857728612246199 0
    outer loop
      vertex 162.0440587848425 120.83677025139332 0
      vertex 162.94473549723625 120.29692541062832 0
      vertex 162.0440587848425 120.83677025139332 12.5
    endloop
  endfacet
  facet normal -0.7409511249644618 -0.6715589552778659 0
    outer loop
      vertex 164.5662131085992 118.96621311455965 0
      vertex 165.27139829844236 118.18816115707159 0
      vertex 164.5662131085992 118.96621311455965 12.5
    endloop
  endfacet
  facet normal -0.6715589552778659 -0.7409511249644618 0
    outer loop
      vertex 163.78816115111113 119.67139830440283 0
      vertex 164.5662131085992 118.96621311455965 0
      vertex 163.78816115111113 119.67139830440283 12.5
    endloop
  endfacet
  facet normal -0.5956993101996116 -0.803207527247913 -4.229131453168553e-18
    outer loop
      vertex 163.78816115111113 119.67139830440283 0
      vertex 162.94473549723625 120.29692541062832 12.5
      vertex 162.94473549723625 120.29692541062832 0
    endloop
  endfacet
  facet normal -0.9415440647384812 -0.33688985463462473 0
    outer loop
      vertex 166.88573383539915 115.49480503797531 0
      vertex 167.23949240893126 114.50611606240273 0
      vertex 166.88573383539915 115.49480503797531 12.5
    endloop
  endfacet
  facet normal -0.9039892925727384 -0.42755509459464996 0
    outer loop
      vertex 166.88573383539915 115.49480503797531 0
      vertex 166.43677024543285 116.44405879080296 12.5
      vertex 166.43677024543285 116.44405879080296 0
    endloop
  endfacet
  facet normal -0.857728612246199 -0.5141027404461189 0
    outer loop
      vertex 166.43677024543285 116.44405879080296 0
      vertex 165.89692540466785 117.34473550319672 12.5
      vertex 165.89692540466785 117.34473550319672 0
    endloop
  endfacet
  facet normal -0.803207527247913 -0.5956993101996116 -4.229131453168553e-18
    outer loop
      vertex 165.89692540466785 117.34473550319672 0
      vertex 165.27139829844236 118.18816115707159 12.5
      vertex 165.27139829844236 118.18816115707159 0
    endloop
  endfacet
  facet normal -0.04906767657323299 -0.9987954560948427 0
    outer loop
      vertex 157.00490972399712 122.1000000089407 0
      vertex 158.0488070473075 122.04871661961079 0
      vertex 157.00490972399712 122.1000000089407 12.5
    endloop
  endfacet
  facet normal -0.14673047113306362 -0.9891765104575974 0
    outer loop
      vertex 158.0488070473075 122.04871661961079 0
      vertex 159.0875135064125 121.8946390748024 0
      vertex 158.0488070473075 122.04871661961079 12.5
    endloop
  endfacet
  facet normal -0.24298018304909524 -0.9700312524065543 0
    outer loop
      vertex 160.10611605644226 121.63949241489172 0
      vertex 159.0875135064125 121.8946390748024 12.5
      vertex 159.0875135064125 121.8946390748024 0
    endloop
  endfacet
  facet normal -0.33688985463462473 -0.9415440647384812 0
    outer loop
      vertex 160.10611605644226 121.63949241489172 0
      vertex 161.09480503201485 121.28573384135962 0
      vertex 160.10611605644226 121.63949241489172 12.5
    endloop
  endfacet
  facet normal 1 0 0
    outer loop
      vertex 223 103.10000000149012 0
      vertex 223 217.79999999701977 0
      vertex 223 103.10000000149012 12.5
    endloop
  endfacet
  facet normal 0 0 -1
    outer loop
      vertex 157.00490972399712 122.1000000089407 0
      vertex 105 221.80000000447035 0
      vertex 223 217.79999999701977 0
    endloop
  endfacet
  facet normal 0 0 -1
    outer loop
      vertex 105 221.80000000447035 0
      vertex 219 221.80000000447035 0
      vertex 219.39206856489182 221.7807389050722 0
    endloop
  endfacet
  facet normal 0 0 -1
    outer loop
      vertex 105 221.80000000447035 0
      vertex 219.39206856489182 221.7807389050722 0
      vertex 219.78036128729582 221.7231411188841 0
    endloop
  endfacet
  facet normal 0 0 -1
    outer loop
      vertex 105 221.80000000447035 0
      vertex 219.78036128729582 221.7231411188841 0
      vertex 220.16113870590925 221.6277613416314 0
    endloop
  endfacet
  facet normal 0 0 -1
    outer loop
      vertex 105 221.80000000447035 0
      vertex 220.16113870590925 221.6277613416314 0
      vertex 220.5307337269187 221.49551812559366 0
    endloop
  endfacet
  facet normal 0 0 -1
    outer loop
      vertex 105 221.80000000447035 0
      vertex 220.5307337269187 221.49551812559366 0
      vertex 220.88558694720268 221.3276850581169 0
    endloop
  endfacet
  facet normal 0 0 -1
    outer loop
      vertex 105 221.80000000447035 0
      vertex 221.222280934453 221.12587844580412 0
      vertex 221.53757313638926 220.8920418098569 0
    endloop
  endfacet
  facet normal 0 0 -1
    outer loop
      vertex 105 221.80000000447035 0
      vertex 220.88558694720268 221.3276850581169 0
      vertex 221.222280934453 221.12587844580412 0
    endloop
  endfacet
  facet normal 0 0 -1
    outer loop
      vertex 105 221.80000000447035 0
      vertex 222.98073890805244 218.19206856191158 0
      vertex 223 217.79999999701977 0
    endloop
  endfacet
  facet normal 0 0 -1
    outer loop
      vertex 105 221.80000000447035 0
      vertex 222.92314112186432 218.5803612843156 0
      vertex 222.98073890805244 218.19206856191158 0
    endloop
  endfacet
  facet normal 0 0 -1
    outer loop
      vertex 105 221.80000000447035 0
      vertex 222.82776134461164 218.96113870292902 0
      vertex 222.92314112186432 218.5803612843156 0
    endloop
  endfacet
  facet normal 0 0 -1
    outer loop
      vertex 105 221.80000000447035 0
      vertex 222.32587844878435 220.02228093147278 0
      vertex 222.52768506109715 219.68558694422245 0
    endloop
  endfacet
  facet normal 0 0 -1
    outer loop
      vertex 105 221.80000000447035 0
      vertex 222.09204181283712 220.33757313340902 0
      vertex 222.32587844878435 220.02228093147278 0
    endloop
  endfacet
  facet normal 0 0 -1
    outer loop
      vertex 105 221.80000000447035 0
      vertex 222.6955181285739 219.33073372393847 0
      vertex 222.82776134461164 218.96113870292902 0
    endloop
  endfacet
  facet normal 0 0 -1
    outer loop
      vertex 105 221.80000000447035 0
      vertex 222.52768506109715 219.68558694422245 0
      vertex 222.6955181285739 219.33073372393847 0
    endloop
  endfacet
  facet normal 0 0 -1
    outer loop
      vertex 105 221.80000000447035 0
      vertex 221.8284271210432 220.62842711806297 0
      vertex 222.09204181283712 220.33757313340902 0
    endloop
  endfacet
  facet normal 0 0 -1
    outer loop
      vertex 105 221.80000000447035 0
      vertex 221.53757313638926 220.8920418098569 0
      vertex 221.8284271210432 220.62842711806297 0
    endloop
  endfacet
  facet normal 0.9987954563973426 0.0490676704157047 0
    outer loop
      vertex 223 217.79999999701977 0
      vertex 222.98073890805244 218.19206856191158 0
      vertex 223 217.79999999701977 12.5
    endloop
  endfacet
  facet normal 0.04906768935037588 0.9987954554671418 0
    outer loop
      vertex 219 221.80000000447035 0
      vertex 219.39206856489182 221.7807389050722 12.5
      vertex 219.39206856489182 221.7807389050722 0
    endloop
  endfacet
  facet normal 0.14673047883339677 0.9891765093153608 0
    outer loop
      vertex 219.39206856489182 221.7807389050722 0
      vertex 219.78036128729582 221.7231411188841 12.5
      vertex 219.78036128729582 221.7231411188841 0
    endloop
  endfacet
  facet normal 0.24298017787700282 0.970031253702096 0
    outer loop
      vertex 219.78036128729582 221.7231411188841 0
      vertex 220.16113870590925 221.6277613416314 12.5
      vertex 220.16113870590925 221.6277613416314 0
    endloop
  endfacet
  facet normal 0.3368898600571533 0.9415440627982695 0
    outer loop
      vertex 220.16113870590925 221.6277613416314 0
      vertex 220.5307337269187 221.49551812559366 12.5
      vertex 220.5307337269187 221.49551812559366 0
    endloop
  endfacet
  facet normal 0.9891765093153608 0.14673047883339677 0
    outer loop
      vertex 222.98073890805244 218.19206856191158 0
      vertex 222.92314112186432 218.5803612843156 0
      vertex 222.98073890805244 218.19206856191158 12.5
    endloop
  endfacet
  facet normal 0.970031253702096 0.24298017787700282 0
    outer loop
      vertex 222.92314112186432 218.5803612843156 0
      vertex 222.82776134461164 218.96113870292902 0
      vertex 222.92314112186432 218.5803612843156 12.5
    endloop
  endfacet
  facet normal 0.9415440627982695 0.3368898600571533 0
    outer loop
      vertex 222.82776134461164 218.96113870292902 0
      vertex 222.6955181285739 219.33073372393847 0
      vertex 222.82776134461164 218.96113870292902 12.5
    endloop
  endfacet
  facet normal 0.9039892993552974 0.4275550802541337 0
    outer loop
      vertex 222.6955181285739 219.33073372393847 0
      vertex 222.52768506109715 219.68558694422245 0
      vertex 222.6955181285739 219.33073372393847 12.5
    endloop
  endfacet
  facet normal 0.857728607028397 0.5141027491514958 0
    outer loop
      vertex 222.52768506109715 219.68558694422245 0
      vertex 222.32587844878435 220.02228093147278 0
      vertex 222.52768506109715 219.68558694422245 12.5
    endloop
  endfacet
  facet normal 0.6715589635251562 0.7409511174895533 0
    outer loop
      vertex 221.8284271210432 220.62842711806297 0
      vertex 221.53757313638926 220.8920418098569 0
      vertex 221.8284271210432 220.62842711806297 12.5
    endloop
  endfacet
  facet normal 0.5141027491514958 0.857728607028397 0
    outer loop
      vertex 221.222280934453 221.12587844580412 0
      vertex 220.88558694720268 221.3276850581169 0
      vertex 221.222280934453 221.12587844580412 12.5
    endloop
  endfacet
  facet normal 0.4275550802541337 0.9039892993552974 0
    outer loop
      vertex 220.5307337269187 221.49551812559366 0
      vertex 220.88558694720268 221.3276850581169 12.5
      vertex 220.88558694720268 221.3276850581169 0
    endloop
  endfacet
  facet normal 0.5956993080192206 0.8032075288650011 0
    outer loop
      vertex 221.222280934453 221.12587844580412 0
      vertex 221.53757313638926 220.8920418098569 12.5
      vertex 221.53757313638926 220.8920418098569 0
    endloop
  endfacet
  facet normal 0.7409511174895533 0.6715589635251562 0
    outer loop
      vertex 221.8284271210432 220.62842711806297 0
      vertex 222.09204181283712 220.33757313340902 12.5
      vertex 222.09204181283712 220.33757313340902 0
    endloop
  endfacet
  facet normal 0.8032075288650011 0.5956993080192206 0
    outer loop
      vertex 222.32587844878435 220.02228093147278 0
      vertex 222.09204181283712 220.33757313340902 0
      vertex 222.32587844878435 220.02228093147278 12.5
    endloop
  endfacet
  facet normal 0 -1 0
    outer loop
      vertex 72 122.1000000089407 8
      vertex 88 122.1000000089407 8
      vertex 105 122.1000000089407 12.5
    endloop
  endfacet
  facet normal 1 0 0
    outer loop
      vertex 100.29999999701977 146.23251482099295 0
      vertex 100.29999999701977 157.78748517483473 12.5
      vertex 100.29999999701977 146.23251482099295 12.5
    endloop
  endfacet
  facet normal -0.3162277664649096 0.9486832979011567 0
    outer loop
      vertex 105 147.79918149111953 0
      vertex 100.29999999701977 146.23251482099295 12.5
      vertex 105 147.79918149111953 12.5
    endloop
  endfacet
  facet normal 0.31622776601683794 -0.9486832980505138 0
    outer loop
      vertex 105 148.00999999791384 0
      vertex 105 148.00999999791384 12.5
      vertex 100.5 146.50999999791384 12.5
    endloop
  endfacet
  facet normal -1 0 0
    outer loop
      vertex 105 147.79918149111953 0
      vertex 105 147.79918149111953 12.5
      vertex 105 148.00999999791384 12.5
    endloop
  endfacet
  facet normal -1 0 0
    outer loop
      vertex 100.5 146.50999999791384 0
      vertex 100.5 146.50999999791384 12.5
      vertex 100.5 157.50999999791384 12.5
    endloop
  endfacet
  facet normal 0.31622776601683794 0.9486832980505138 0
    outer loop
      vertex 100.5 157.50999999791384 0
      vertex 100.5 157.50999999791384 12.5
      vertex 105 156.00999999791384 12.5
    endloop
  endfacet
  facet normal -0.3162277664649096 -0.9486832979011567 0
    outer loop
      vertex 100.29999999701977 157.78748517483473 0
      vertex 105 156.22081850470815 12.5
      vertex 100.29999999701977 157.78748517483473 12.5
    endloop
  endfacet
  facet normal -1 0 0
    outer loop
      vertex 105 156.00999999791384 0
      vertex 105 156.00999999791384 12.5
      vertex 105 156.22081850470815 12.5
    endloop
  endfacet
  facet normal 0 -1 0
    outer loop
      vertex 105 122.1000000089407 0
      vertex 157.00490972399712 122.1000000089407 12.5
      vertex 105 122.1000000089407 12.5
    endloop
  endfacet
  facet normal 0 0 1
    outer loop
      vertex 105 122.1000000089407 12.5
      vertex 105 147.79918149111953 12.5
      vertex 100.29999999701977 146.23251482099295 12.5
    endloop
  endfacet
  facet normal 0 0 1
    outer loop
      vertex 100.5 146.50999999791384 12.5
      vertex 105 156.00999999791384 12.5
      vertex 100.5 157.50999999791384 12.5
    endloop
  endfacet
  facet normal 0 0 1
    outer loop
      vertex 100.5 146.50999999791384 12.5
      vertex 105 148.00999999791384 12.5
      vertex 105 156.00999999791384 12.5
    endloop
  endfacet
  facet normal 0 0 1
    outer loop
      vertex 105 122.1000000089407 12.5
      vertex 203 221.79999999701977 12.5
      vertex 105 147.79918149111953 12.5
    endloop
  endfacet
  facet normal 0 0 -1
    outer loop
      vertex 72 221.80000000447035 8
      vertex 88 221.80000000447035 8
      vertex 88 122.1000000089407 8
    endloop
  endfacet
  facet normal 1 0 0
    outer loop
      vertex 100.29999999701977 186.11251482367516 0
      vertex 100.29999999701977 197.66748517751694 12.5
      vertex 100.29999999701977 186.11251482367516 12.5
    endloop
  endfacet
  facet normal -1 0 0
    outer loop
      vertex 100.5 186.39000000059605 0
      vertex 100.5 186.39000000059605 12.5
      vertex 100.5 197.39000000059605 12.5
    endloop
  endfacet
  facet normal -0.3162277664649096 0.9486832979011567 0
    outer loop
      vertex 105 187.67918149380174 0
      vertex 100.29999999701977 186.11251482367516 12.5
      vertex 105 187.67918149380174 12.5
    endloop
  endfacet
  facet normal 0.31622776601683794 -0.9486832980505138 0
    outer loop
      vertex 105 187.89000000059605 0
      vertex 105 187.89000000059605 12.5
      vertex 100.5 186.39000000059605 12.5
    endloop
  endfacet
  facet normal -1 0 0
    outer loop
      vertex 105 187.67918149380174 0
      vertex 105 187.67918149380174 12.5
      vertex 105 187.89000000059605 12.5
    endloop
  endfacet
  facet normal 0.31622776601683794 0.9486832980505138 0
    outer loop
      vertex 100.5 197.39000000059605 0
      vertex 100.5 197.39000000059605 12.5
      vertex 105 195.89000000059605 12.5
    endloop
  endfacet
  facet normal -0.3162277664649096 -0.9486832979011567 0
    outer loop
      vertex 100.29999999701977 197.66748517751694 0
      vertex 105 196.10081850739036 12.5
      vertex 100.29999999701977 197.66748517751694 12.5
    endloop
  endfacet
  facet normal -1 0 0
    outer loop
      vertex 105 195.89000000059605 0
      vertex 105 195.89000000059605 12.5
      vertex 105 196.10081850739036 12.5
    endloop
  endfacet
  facet normal 0 0 1
    outer loop
      vertex 105 156.22081850470815 12.5
      vertex 100.29999999701977 186.11251482367516 12.5
      vertex 100.29999999701977 157.78748517483473 12.5
    endloop
  endfacet
  facet normal 0 0 1
    outer loop
      vertex 105 156.22081850470815 12.5
      vertex 105 187.67918149380174 12.5
      vertex 100.29999999701977 186.11251482367516 12.5
    endloop
  endfacet
  facet normal 0 0 1
    outer loop
      vertex 100.5 186.39000000059605 12.5
      vertex 105 187.89000000059605 12.5
      vertex 105 195.89000000059605 12.5
    endloop
  endfacet
  facet normal 0 0 1
    outer loop
      vertex 100.5 186.39000000059605 12.5
      vertex 105 195.89000000059605 12.5
      vertex 100.5 197.39000000059605 12.5
    endloop
  endfacet
  facet normal 0 0 1
    outer loop
      vertex 100.29999999701977 197.66748517751694 12.5
      vertex 105 196.10081850739036 12.5
      vertex 105 221.80000000447035 12.5
    endloop
  endfacet
  facet normal 0 0 1
    outer loop
      vertex 105 147.79918149111953 12.5
      vertex 203 221.79999999701977 12.5
      vertex 105 148.00999999791384 12.5
    endloop
  endfacet
  facet normal 0 0 1
    outer loop
      vertex 105 148.00999999791384 12.5
      vertex 203 221.79999999701977 12.5
      vertex 105 156.00999999791384 12.5
    endloop
  endfacet
  facet normal 0 0 1
    outer loop
      vertex 105 156.00999999791384 12.5
      vertex 203 221.79999999701977 12.5
      vertex 105 156.22081850470815 12.5
    endloop
  endfacet
  facet normal 0 0 1
    outer loop
      vertex 105 156.22081850470815 12.5
      vertex 203 221.79999999701977 12.5
      vertex 105 187.67918149380174 12.5
    endloop
  endfacet
  facet normal 0 0 1
    outer loop
      vertex 105 187.67918149380174 12.5
      vertex 203 221.79999999701977 12.5
      vertex 105 187.89000000059605 12.5
    endloop
  endfacet
  facet normal 0 0 1
    outer loop
      vertex 105 187.89000000059605 12.5
      vertex 203 221.79999999701977 12.5
      vertex 105 195.89000000059605 12.5
    endloop
  endfacet
  facet normal 0 0 1
    outer loop
      vertex 105 195.89000000059605 12.5
      vertex 203 221.79999999701977 12.5
      vertex 105 196.10081850739036 12.5
    endloop
  endfacet
  facet normal 0 0 1
    outer loop
      vertex 105 196.10081850739036 12.5
      vertex 203 221.79999999701977 12.5
      vertex 105 221.80000000447035 12.5
    endloop
  endfacet
  facet normal -0.9987954560948427 -0.04906767657323299 0
    outer loop
      vertex 167.70000000298023 111.40490972995758 0
      vertex 167.70000000298023 111.40490972995758 12.5
      vertex 167.64871661365032 112.44880705326796 12.5
    endloop
  endfacet
  facet normal -0.9891765104575974 -0.14673047113306362 0
    outer loop
      vertex 167.64871661365032 112.44880705326796 0
      vertex 167.64871661365032 112.44880705326796 12.5
      vertex 167.49463906884193 113.48751351237297 12.5
    endloop
  endfacet
  facet normal -0.9700312524065543 -0.24298018304909524 0
    outer loop
      vertex 167.49463906884193 113.48751351237297 0
      vertex 167.49463906884193 113.48751351237297 12.5
      vertex 167.23949240893126 114.50611606240273 12.5
    endloop
  endfacet
  facet normal -0.33688985463462473 -0.9415440647384812 0
    outer loop
      vertex 161.09480503201485 121.28573384135962 0
      vertex 161.09480503201485 121.28573384135962 12.5
      vertex 160.10611605644226 121.63949241489172 12.5
    endloop
  endfacet
  facet normal -0.5141027404461189 -0.857728612246199 0
    outer loop
      vertex 162.94473549723625 120.29692541062832 0
      vertex 162.94473549723625 120.29692541062832 12.5
      vertex 162.0440587848425 120.83677025139332 12.5
    endloop
  endfacet
  facet normal -0.42755509459464996 -0.9039892925727384 0
    outer loop
      vertex 162.0440587848425 120.83677025139332 0
      vertex 162.0440587848425 120.83677025139332 12.5
      vertex 161.09480503201485 121.28573384135962 12.5
    endloop
  endfacet
  facet normal -0.6715589552778659 -0.7409511249644618 0
    outer loop
      vertex 164.5662131085992 118.96621311455965 0
      vertex 164.5662131085992 118.96621311455965 12.5
      vertex 163.78816115111113 119.67139830440283 12.5
    endloop
  endfacet
  facet normal -0.5956993101996116 -0.803207527247913 0
    outer loop
      vertex 163.78816115111113 119.67139830440283 0
      vertex 163.78816115111113 119.67139830440283 12.5
      vertex 162.94473549723625 120.29692541062832 12.5
    endloop
  endfacet
  facet normal -0.9415440647384812 -0.33688985463462473 0
    outer loop
      vertex 167.23949240893126 114.50611606240273 0
      vertex 167.23949240893126 114.50611606240273 12.5
      vertex 166.88573383539915 115.49480503797531 12.5
    endloop
  endfacet
  facet normal -0.9039892925727384 -0.42755509459464996 0
    outer loop
      vertex 166.88573383539915 115.49480503797531 0
      vertex 166.88573383539915 115.49480503797531 12.5
      vertex 166.43677024543285 116.44405879080296 12.5
    endloop
  endfacet
  facet normal -0.803207527247913 -0.5956993101996116 0
    outer loop
      vertex 165.89692540466785 117.34473550319672 0
      vertex 165.89692540466785 117.34473550319672 12.5
      vertex 165.27139829844236 118.18816115707159 12.5
    endloop
  endfacet
  facet normal -0.857728612246199 -0.5141027404461189 0
    outer loop
      vertex 166.43677024543285 116.44405879080296 0
      vertex 166.43677024543285 116.44405879080296 12.5
      vertex 165.89692540466785 117.34473550319672 12.5
    endloop
  endfacet
  facet normal -0.7409511249644618 -0.6715589552778659 0
    outer loop
      vertex 165.27139829844236 118.18816115707159 0
      vertex 165.27139829844236 118.18816115707159 12.5
      vertex 164.5662131085992 118.96621311455965 12.5
    endloop
  endfacet
  facet normal -0.04906767657323299 -0.9987954560948427 0
    outer loop
      vertex 158.0488070473075 122.04871661961079 0
      vertex 158.0488070473075 122.04871661961079 12.5
      vertex 157.00490972399712 122.1000000089407 12.5
    endloop
  endfacet
  facet normal -0.14673047113306362 -0.9891765104575974 0
    outer loop
      vertex 159.0875135064125 121.8946390748024 0
      vertex 159.0875135064125 121.8946390748024 12.5
      vertex 158.0488070473075 122.04871661961079 12.5
    endloop
  endfacet
  facet normal -0.24298018304909524 -0.9700312524065543 0
    outer loop
      vertex 160.10611605644226 121.63949241489172 0
      vertex 160.10611605644226 121.63949241489172 12.5
      vertex 159.0875135064125 121.8946390748024 12.5
    endloop
  endfacet
  facet normal 0 0 1
    outer loop
      vertex 105 122.1000000089407 12.5
      vertex 157.00490972399712 122.1000000089407 12.5
      vertex 203 218.79999999701977 12.5
    endloop
  endfacet
  facet normal 0 0 1
    outer loop
      vertex 167.49463906884193 113.48751351237297 12.5
      vertex 220 218.79999999701977 12.5
      vertex 167.23949240893126 114.50611606240273 12.5
    endloop
  endfacet
  facet normal 0 0 1
    outer loop
      vertex 166.88573383539915 115.49480503797531 12.5
      vertex 167.23949240893126 114.50611606240273 12.5
      vertex 220 218.79999999701977 12.5
    endloop
  endfacet
  facet normal 0 0 1
    outer loop
      vertex 167.70000000298023 111.40490972995758 12.5
      vertex 220 218.79999999701977 12.5
      vertex 167.64871661365032 112.44880705326796 12.5
    endloop
  endfacet
  facet normal 0 0 1
    outer loop
      vertex 167.64871661365032 112.44880705326796 12.5
      vertex 220 218.79999999701977 12.5
      vertex 167.49463906884193 113.48751351237297 12.5
    endloop
  endfacet
  facet normal 0 0 1
    outer loop
      vertex 161.09480503201485 121.28573384135962 12.5
      vertex 162.0440587848425 120.83677025139332 12.5
      vertex 220 218.79999999701977 12.5
    endloop
  endfacet
  facet normal 0 0 1
    outer loop
      vertex 162.0440587848425 120.83677025139332 12.5
      vertex 162.94473549723625 120.29692541062832 12.5
      vertex 220 218.79999999701977 12.5
    endloop
  endfacet
  facet normal 0 0 1
    outer loop
      vertex 163.78816115111113 119.67139830440283 12.5
      vertex 220 218.79999999701977 12.5
      vertex 162.94473549723625 120.29692541062832 12.5
    endloop
  endfacet
  facet normal 0 0 1
    outer loop
      vertex 157.00490972399712 122.1000000089407 12.5
      vertex 158.0488070473075 122.04871661961079 12.5
      vertex 220 218.79999999701977 12.5
    endloop
  endfacet
  facet normal 0 0 1
    outer loop
      vertex 158.0488070473075 122.04871661961079 12.5
      vertex 159.0875135064125 121.8946390748024 12.5
      vertex 220 218.79999999701977 12.5
    endloop
  endfacet
  facet normal 0 0 1
    outer loop
      vertex 160.10611605644226 121.63949241489172 12.5
      vertex 220 218.79999999701977 12.5
      vertex 159.0875135064125 121.8946390748024 12.5
    endloop
  endfacet
  facet normal 0 0 1
    outer loop
      vertex 160.10611605644226 121.63949241489172 12.5
      vertex 161.09480503201485 121.28573384135962 12.5
      vertex 220 218.79999999701977 12.5
    endloop
  endfacet
  facet normal 0 0 1
    outer loop
      vertex 165.89692540466785 117.34473550319672 12.5
      vertex 220 218.79999999701977 12.5
      vertex 165.27139829844236 118.18816115707159 12.5
    endloop
  endfacet
  facet normal 0 0 1
    outer loop
      vertex 166.88573383539915 115.49480503797531 12.5
      vertex 220 218.79999999701977 12.5
      vertex 166.43677024543285 116.44405879080296 12.5
    endloop
  endfacet
  facet normal 0 0 1
    outer loop
      vertex 166.43677024543285 116.44405879080296 12.5
      vertex 220 218.79999999701977 12.5
      vertex 165.89692540466785 117.34473550319672 12.5
    endloop
  endfacet
  facet normal 0 0 1
    outer loop
      vertex 164.5662131085992 118.96621311455965 12.5
      vertex 165.27139829844236 118.18816115707159 12.5
      vertex 220 218.79999999701977 12.5
    endloop
  endfacet
  facet normal 0 0 1
    outer loop
      vertex 163.78816115111113 119.67139830440283 12.5
      vertex 164.5662131085992 118.96621311455965 12.5
      vertex 220 218.79999999701977 12.5
    endloop
  endfacet
  facet normal 0 0 1
    outer loop
      vertex 177.375 103.10000000149012 12.5
      vertex 185.375 103.10000000149012 12.5
      vertex 220 218.79999999701977 12.5
    endloop
  endfacet
  facet normal 0 0 1
    outer loop
      vertex 167.70000000298023 111.40490972995758 12.5
      vertex 177.375 103.10000000149012 12.5
      vertex 220 218.79999999701977 12.5
    endloop
  endfacet
  facet normal 0 0 1
    outer loop
      vertex 185.375 103.10000000149012 12.5
      vertex 202.35000000149012 103.10000000149012 12.5
      vertex 220 218.79999999701977 12.5
    endloop
  endfacet
  facet normal 0 0 1
    outer loop
      vertex 202.35000000149012 103.10000000149012 12.5
      vertex 210.35000000149012 103.10000000149012 12.5
      vertex 220 218.79999999701977 12.5
    endloop
  endfacet
  facet normal 0 0 1
    outer loop
      vertex 210.35000000149012 103.10000000149012 12.5
      vertex 220 103.10000000149012 12.5
      vertex 220 218.79999999701977 12.5
    endloop
  endfacet
  facet normal -1 0 0
    outer loop
      vertex 220 103.10000000149012 12.5
      vertex 220 103.10000000149012 15
      vertex 220 218.79999999701977 12.5
    endloop
  endfacet
  facet normal 1 0 0
    outer loop
      vertex 223 103.10000000149012 12.5
      vertex 223 217.79999999701977 15
      vertex 223 103.10000000149012 15
    endloop
  endfacet
  facet normal 0 0 1
    outer loop
      vertex 220 103.10000000149012 15
      vertex 223 103.10000000149012 15
      vertex 223 217.79999999701977 15
    endloop
  endfacet
  facet normal 0 1 0
    outer loop
      vertex 219 221.80000000447035 0
      vertex 105 221.80000000447035 12.5
      vertex 219 221.80000000447035 12.5
    endloop
  endfacet
  facet normal 1 0 0
    outer loop
      vertex 223 103.10000000149012 12.5
      vertex 223 217.79999999701977 0
      vertex 223 217.79999999701977 12.5
    endloop
  endfacet
  facet normal 0.9987954563973426 0.0490676704157047 0
    outer loop
      vertex 222.98073890805244 218.19206856191158 0
      vertex 222.98073890805244 218.19206856191158 12.5
      vertex 223 217.79999999701977 12.5
    endloop
  endfacet
  facet normal 0.04906768935037588 0.9987954554671418 0
    outer loop
      vertex 219 221.80000000447035 0
      vertex 219 221.80000000447035 12.5
      vertex 219.39206856489182 221.7807389050722 12.5
    endloop
  endfacet
  facet normal 0.14673047883339677 0.9891765093153608 0
    outer loop
      vertex 219.39206856489182 221.7807389050722 0
      vertex 219.39206856489182 221.7807389050722 12.5
      vertex 219.78036128729582 221.7231411188841 12.5
    endloop
  endfacet
  facet normal 0.24298017787700282 0.970031253702096 0
    outer loop
      vertex 219.78036128729582 221.7231411188841 0
      vertex 219.78036128729582 221.7231411188841 12.5
      vertex 220.16113870590925 221.6277613416314 12.5
    endloop
  endfacet
  facet normal 0.3368898600571533 0.9415440627982695 0
    outer loop
      vertex 220.16113870590925 221.6277613416314 0
      vertex 220.16113870590925 221.6277613416314 12.5
      vertex 220.5307337269187 221.49551812559366 12.5
    endloop
  endfacet
  facet normal 0.4275550802541337 0.9039892993552974 0
    outer loop
      vertex 220.5307337269187 221.49551812559366 0
      vertex 220.5307337269187 221.49551812559366 12.5
      vertex 220.88558694720268 221.3276850581169 12.5
    endloop
  endfacet
  facet normal 0.9891765093153608 0.14673047883339677 0
    outer loop
      vertex 222.92314112186432 218.5803612843156 0
      vertex 222.92314112186432 218.5803612843156 12.5
      vertex 222.98073890805244 218.19206856191158 12.5
    endloop
  endfacet
  facet normal 0.970031253702096 0.24298017787700282 0
    outer loop
      vertex 222.82776134461164 218.96113870292902 0
      vertex 222.82776134461164 218.96113870292902 12.5
      vertex 222.92314112186432 218.5803612843156 12.5
    endloop
  endfacet
  facet normal 0.857728607028397 0.5141027491514958 0
    outer loop
      vertex 222.32587844878435 220.02228093147278 0
      vertex 222.32587844878435 220.02228093147278 12.5
      vertex 222.52768506109715 219.68558694422245 12.5
    endloop
  endfacet
  facet normal 0.9415440627982695 0.3368898600571533 0
    outer loop
      vertex 222.6955181285739 219.33073372393847 0
      vertex 222.6955181285739 219.33073372393847 12.5
      vertex 222.82776134461164 218.96113870292902 12.5
    endloop
  endfacet
  facet normal 0.9039892993552974 0.4275550802541337 0
    outer loop
      vertex 222.52768506109715 219.68558694422245 0
      vertex 222.52768506109715 219.68558694422245 12.5
      vertex 222.6955181285739 219.33073372393847 12.5
    endloop
  endfacet
  facet normal 0.6715589635251562 0.7409511174895533 0
    outer loop
      vertex 221.53757313638926 220.8920418098569 0
      vertex 221.53757313638926 220.8920418098569 12.5
      vertex 221.8284271210432 220.62842711806297 12.5
    endloop
  endfacet
  facet normal 0.5141027491514958 0.857728607028397 0
    outer loop
      vertex 220.88558694720268 221.3276850581169 0
      vertex 220.88558694720268 221.3276850581169 12.5
      vertex 221.222280934453 221.12587844580412 12.5
    endloop
  endfacet
  facet normal 0.5956993080192206 0.8032075288650011 0
    outer loop
      vertex 221.222280934453 221.12587844580412 0
      vertex 221.222280934453 221.12587844580412 12.5
      vertex 221.53757313638926 220.8920418098569 12.5
    endloop
  endfacet
  facet normal 0.8032075288650011 0.5956993080192206 0
    outer loop
      vertex 222.09204181283712 220.33757313340902 0
      vertex 222.09204181283712 220.33757313340902 12.5
      vertex 222.32587844878435 220.02228093147278 12.5
    endloop
  endfacet
  facet normal 0.7409511174895533 0.6715589635251562 0
    outer loop
      vertex 221.8284271210432 220.62842711806297 0
      vertex 221.8284271210432 220.62842711806297 12.5
      vertex 222.09204181283712 220.33757313340902 12.5
    endloop
  endfacet
  facet normal 0 0 1
    outer loop
      vertex 105 122.1000000089407 12.5
      vertex 203 218.79999999701977 12.5
      vertex 203 221.79999999701977 12.5
    endloop
  endfacet
  facet normal 0 0 1
    outer loop
      vertex 105 221.80000000447035 12.5
      vertex 203 221.79999999701977 12.5
      vertex 219 221.80000000447035 12.5
    endloop
  endfacet
  facet normal 0 0 1
    outer loop
      vertex 157.00490972399712 122.1000000089407 12.5
      vertex 220 218.79999999701977 12.5
      vertex 203 218.79999999701977 12.5
    endloop
  endfacet
  facet normal 1 0 0
    outer loop
      vertex 223 103.10000000149012 12.5
      vertex 223 217.79999999701977 12.5
      vertex 223 217.79999999701977 15
    endloop
  endfacet
  facet normal -1 0 0
    outer loop
      vertex 220 103.10000000149012 15
      vertex 220 218.79999999701977 15
      vertex 220 218.79999999701977 12.5
    endloop
  endfacet
  facet normal 0 0 1
    outer loop
      vertex 220 103.10000000149012 15
      vertex 222.82776134461164 218.96113870292902 15
      vertex 220 218.79999999701977 15
    endloop
  endfacet
  facet normal 0 0 1
    outer loop
      vertex 220 103.10000000149012 15
      vertex 223 217.79999999701977 15
      vertex 222.98073890805244 218.19206856191158 15
    endloop
  endfacet
  facet normal 0 0 1
    outer loop
      vertex 220 103.10000000149012 15
      vertex 222.98073890805244 218.19206856191158 15
      vertex 222.92314112186432 218.5803612843156 15
    endloop
  endfacet
  facet normal 0 0 1
    outer loop
      vertex 220 103.10000000149012 15
      vertex 222.92314112186432 218.5803612843156 15
      vertex 222.82776134461164 218.96113870292902 15
    endloop
  endfacet
  facet normal 0 0 1
    outer loop
      vertex 203 221.79999999701977 12.5
      vertex 219.00000002980232 221.79999999701977 12.5
      vertex 219 221.80000000447035 12.5
    endloop
  endfacet
  facet normal 0 0 1
    outer loop
      vertex 219 221.80000000447035 12.5
      vertex 219.00000002980232 221.79999999701977 12.5
      vertex 219.39206856489182 221.7807389050722 12.5
    endloop
  endfacet
  facet normal -1 0 0
    outer loop
      vertex 203 218.79999999701977 12.5
      vertex 203 218.79999999701977 15
      vertex 203 221.79999999701977 12.5
    endloop
  endfacet
  facet normal -1 0 0
    outer loop
      vertex 203 221.79999999701977 12.5
      vertex 203 218.79999999701977 15
      vertex 203 221.79999999701977 15
    endloop
  endfacet
  facet normal 0 1 0
    outer loop
      vertex 203 221.79999999701977 12.5
      vertex 203 221.79999999701977 15
      vertex 219.00000002980232 221.79999999701977 12.5
    endloop
  endfacet
  facet normal 0 -1 0
    outer loop
      vertex 203 218.79999999701977 12.5
      vertex 220 218.79999999701977 12.5
      vertex 220 218.79999999701977 15
    endloop
  endfacet
  facet normal 0.9987954563973426 0.0490676704157047 0
    outer loop
      vertex 223 217.79999999701977 12.5
      vertex 222.98073890805244 218.19206856191158 12.5
      vertex 222.98073890805244 218.19206856191158 15
    endloop
  endfacet
  facet normal 0.04906767413650767 0.9987954562145512 0
    outer loop
      vertex 219.00000002980232 221.79999999701977 12.5
      vertex 219.00000002980232 221.79999999701977 15
      vertex 219.39206856489182 221.7807389050722 12.5
    endloop
  endfacet
  facet normal 0.14673047883339677 0.9891765093153608 0
    outer loop
      vertex 219.39206856489182 221.7807389050722 12.5
      vertex 219.39206856489182 221.7807389050722 15
      vertex 219.78036128729582 221.7231411188841 12.5
    endloop
  endfacet
  facet normal 0.24298017787700282 0.970031253702096 0
    outer loop
      vertex 219.78036128729582 221.7231411188841 12.5
      vertex 219.78036128729582 221.7231411188841 15
      vertex 220.16113870590925 221.6277613416314 12.5
    endloop
  endfacet
  facet normal 0.3368898600571533 0.9415440627982695 0
    outer loop
      vertex 220.16113870590925 221.6277613416314 12.5
      vertex 220.16113870590925 221.6277613416314 15
      vertex 220.5307337269187 221.49551812559366 12.5
    endloop
  endfacet
  facet normal 0.4275550802541337 0.9039892993552974 0
    outer loop
      vertex 220.5307337269187 221.49551812559366 12.5
      vertex 220.5307337269187 221.49551812559366 15
      vertex 220.88558694720268 221.3276850581169 12.5
    endloop
  endfacet
  facet normal 0.9891765093153608 0.14673047883339677 0
    outer loop
      vertex 222.98073890805244 218.19206856191158 12.5
      vertex 222.92314112186432 218.5803612843156 12.5
      vertex 222.92314112186432 218.5803612843156 15
    endloop
  endfacet
  facet normal 0.970031253702096 0.24298017787700282 0
    outer loop
      vertex 222.92314112186432 218.5803612843156 12.5
      vertex 222.82776134461164 218.96113870292902 12.5
      vertex 222.82776134461164 218.96113870292902 15
    endloop
  endfacet
  facet normal 0.857728607028397 0.5141027491514958 0
    outer loop
      vertex 222.52768506109715 219.68558694422245 12.5
      vertex 222.32587844878435 220.02228093147278 12.5
      vertex 222.32587844878435 220.02228093147278 15
    endloop
  endfacet
  facet normal 0.9415440627982695 0.3368898600571533 0
    outer loop
      vertex 222.82776134461164 218.96113870292902 12.5
      vertex 222.6955181285739 219.33073372393847 12.5
      vertex 222.6955181285739 219.33073372393847 15
    endloop
  endfacet
  facet normal 0.9039892993552974 0.4275550802541337 0
    outer loop
      vertex 222.6955181285739 219.33073372393847 12.5
      vertex 222.52768506109715 219.68558694422245 12.5
      vertex 222.52768506109715 219.68558694422245 15
    endloop
  endfacet
  facet normal 0.6715589635251562 0.7409511174895533 0
    outer loop
      vertex 221.8284271210432 220.62842711806297 12.5
      vertex 221.53757313638926 220.8920418098569 12.5
      vertex 221.53757313638926 220.8920418098569 15
    endloop
  endfacet
  facet normal 0.5141027491514958 0.857728607028397 0
    outer loop
      vertex 221.222280934453 221.12587844580412 12.5
      vertex 220.88558694720268 221.3276850581169 12.5
      vertex 220.88558694720268 221.3276850581169 15
    endloop
  endfacet
  facet normal 0.5956993080192207 0.8032075288650012 0
    outer loop
      vertex 221.222280934453 221.12587844580412 12.5
      vertex 221.222280934453 221.12587844580412 15
      vertex 221.53757313638926 220.8920418098569 12.5
    endloop
  endfacet
  facet normal 0.8032075288650012 0.5956993080192207 0
    outer loop
      vertex 222.32587844878435 220.02228093147278 12.5
      vertex 222.09204181283712 220.33757313340902 12.5
      vertex 222.09204181283712 220.33757313340902 15
    endloop
  endfacet
  facet normal 0.7409511174895533 0.6715589635251562 0
    outer loop
      vertex 221.8284271210432 220.62842711806297 12.5
      vertex 221.8284271210432 220.62842711806297 15
      vertex 222.09204181283712 220.33757313340902 12.5
    endloop
  endfacet
  facet normal 0 -1 0
    outer loop
      vertex 203 218.79999999701977 12.5
      vertex 220 218.79999999701977 15
      vertex 203 218.79999999701977 15
    endloop
  endfacet
  facet normal 0 1 0
    outer loop
      vertex 219.00000002980232 221.79999999701977 12.5
      vertex 203 221.79999999701977 15
      vertex 219.00000002980232 221.79999999701977 15
    endloop
  endfacet
  facet normal 0 0 1
    outer loop
      vertex 203 218.79999999701977 15
      vertex 219.00000002980232 221.79999999701977 15
      vertex 203 221.79999999701977 15
    endloop
  endfacet
  facet normal 0 0 1
    outer loop
      vertex 203 218.79999999701977 15
      vertex 220 218.79999999701977 15
      vertex 219.00000002980232 221.79999999701977 15
    endloop
  endfacet
  facet normal 0.9987954563973426 0.0490676704157047 0
    outer loop
      vertex 223 217.79999999701977 12.5
      vertex 222.98073890805244 218.19206856191158 15
      vertex 223 217.79999999701977 15
    endloop
  endfacet
  facet normal 0.04906767413650767 0.9987954562145512 0
    outer loop
      vertex 219.39206856489182 221.7807389050722 12.5
      vertex 219.00000002980232 221.79999999701977 15
      vertex 219.39206856489182 221.7807389050722 15
    endloop
  endfacet
  facet normal 0.14673047883339677 0.9891765093153608 0
    outer loop
      vertex 219.78036128729582 221.7231411188841 12.5
      vertex 219.39206856489182 221.7807389050722 15
      vertex 219.78036128729582 221.7231411188841 15
    endloop
  endfacet
  facet normal 0.24298017787700282 0.970031253702096 0
    outer loop
      vertex 220.16113870590925 221.6277613416314 12.5
      vertex 219.78036128729582 221.7231411188841 15
      vertex 220.16113870590925 221.6277613416314 15
    endloop
  endfacet
  facet normal 0.3368898600571533 0.9415440627982695 0
    outer loop
      vertex 220.5307337269187 221.49551812559366 12.5
      vertex 220.16113870590925 221.6277613416314 15
      vertex 220.5307337269187 221.49551812559366 15
    endloop
  endfacet
  facet normal 0.9891765093153608 0.14673047883339677 0
    outer loop
      vertex 222.98073890805244 218.19206856191158 12.5
      vertex 222.92314112186432 218.5803612843156 15
      vertex 222.98073890805244 218.19206856191158 15
    endloop
  endfacet
  facet normal 0.970031253702096 0.24298017787700282 0
    outer loop
      vertex 222.92314112186432 218.5803612843156 12.5
      vertex 222.82776134461164 218.96113870292902 15
      vertex 222.92314112186432 218.5803612843156 15
    endloop
  endfacet
  facet normal 0.9415440627982695 0.3368898600571533 0
    outer loop
      vertex 222.82776134461164 218.96113870292902 12.5
      vertex 222.6955181285739 219.33073372393847 15
      vertex 222.82776134461164 218.96113870292902 15
    endloop
  endfacet
  facet normal 0.9039892993552974 0.4275550802541337 0
    outer loop
      vertex 222.6955181285739 219.33073372393847 12.5
      vertex 222.52768506109715 219.68558694422245 15
      vertex 222.6955181285739 219.33073372393847 15
    endloop
  endfacet
  facet normal 0.857728607028397 0.5141027491514958 0
    outer loop
      vertex 222.52768506109715 219.68558694422245 12.5
      vertex 222.32587844878435 220.02228093147278 15
      vertex 222.52768506109715 219.68558694422245 15
    endloop
  endfacet
  facet normal 0.6715589635251562 0.7409511174895533 0
    outer loop
      vertex 221.8284271210432 220.62842711806297 12.5
      vertex 221.53757313638926 220.8920418098569 15
      vertex 221.8284271210432 220.62842711806297 15
    endloop
  endfacet
  facet normal 0.5141027491514958 0.857728607028397 0
    outer loop
      vertex 221.222280934453 221.12587844580412 12.5
      vertex 220.88558694720268 221.3276850581169 15
      vertex 221.222280934453 221.12587844580412 15
    endloop
  endfacet
  facet normal 0.4275550802541337 0.9039892993552974 0
    outer loop
      vertex 220.88558694720268 221.3276850581169 12.5
      vertex 220.5307337269187 221.49551812559366 15
      vertex 220.88558694720268 221.3276850581169 15
    endloop
  endfacet
  facet normal 0.5956993080192207 0.8032075288650012 0
    outer loop
      vertex 221.53757313638926 220.8920418098569 12.5
      vertex 221.222280934453 221.12587844580412 15
      vertex 221.53757313638926 220.8920418098569 15
    endloop
  endfacet
  facet normal 0.7409511174895533 0.6715589635251562 0
    outer loop
      vertex 222.09204181283712 220.33757313340902 12.5
      vertex 221.8284271210432 220.62842711806297 15
      vertex 222.09204181283712 220.33757313340902 15
    endloop
  endfacet
  facet normal 0.8032075288650012 0.5956993080192207 0
    outer loop
      vertex 222.32587844878435 220.02228093147278 12.5
      vertex 222.09204181283712 220.33757313340902 15
      vertex 222.32587844878435 220.02228093147278 15
    endloop
  endfacet
  facet normal 0 0 1
    outer loop
      vertex 220 218.79999999701977 15
      vertex 219.39206856489182 221.7807389050722 15
      vertex 219.00000002980232 221.79999999701977 15
    endloop
  endfacet
  facet normal 0 0 1
    outer loop
      vertex 220 218.79999999701977 15
      vertex 219.78036128729582 221.7231411188841 15
      vertex 219.39206856489182 221.7807389050722 15
    endloop
  endfacet
  facet normal 0 0 1
    outer loop
      vertex 220 218.79999999701977 15
      vertex 220.16113870590925 221.6277613416314 15
      vertex 219.78036128729582 221.7231411188841 15
    endloop
  endfacet
  facet normal 0 0 1
    outer loop
      vertex 220 218.79999999701977 15
      vertex 221.222280934453 221.12587844580412 15
      vertex 220.88558694720268 221.3276850581169 15
    endloop
  endfacet
  facet normal 0 0 1
    outer loop
      vertex 220 218.79999999701977 15
      vertex 220.88558694720268 221.3276850581169 15
      vertex 220.5307337269187 221.49551812559366 15
    endloop
  endfacet
  facet normal 0 0 1
    outer loop
      vertex 220 218.79999999701977 15
      vertex 220.5307337269187 221.49551812559366 15
      vertex 220.16113870590925 221.6277613416314 15
    endloop
  endfacet
  facet normal 0 0 1
    outer loop
      vertex 220 218.79999999701977 15
      vertex 222.82776134461164 218.96113870292902 15
      vertex 222.6955181285739 219.33073372393847 15
    endloop
  endfacet
  facet normal 0 0 1
    outer loop
      vertex 220 218.79999999701977 15
      vertex 222.09204181283712 220.33757313340902 15
      vertex 221.8284271210432 220.62842711806297 15
    endloop
  endfacet
  facet normal 0 0 1
    outer loop
      vertex 220 218.79999999701977 15
      vertex 222.6955181285739 219.33073372393847 15
      vertex 222.52768506109715 219.68558694422245 15
    endloop
  endfacet
  facet normal 0 0 1
    outer loop
      vertex 220 218.79999999701977 15
      vertex 222.52768506109715 219.68558694422245 15
      vertex 222.32587844878435 220.02228093147278 15
    endloop
  endfacet
  facet normal 0 0 1
    outer loop
      vertex 220 218.79999999701977 15
      vertex 222.32587844878435 220.02228093147278 15
      vertex 222.09204181283712 220.33757313340902 15
    endloop
  endfacet
  facet normal 0 0 1
    outer loop
      vertex 220 218.79999999701977 15
      vertex 221.53757313638926 220.8920418098569 15
      vertex 221.222280934453 221.12587844580412 15
    endloop
  endfacet
  facet normal 0 0 1
    outer loop
      vertex 220 218.79999999701977 15
      vertex 221.8284271210432 220.62842711806297 15
      vertex 221.53757313638926 220.8920418098569 15
    endloop
  endfacet
endsolid OpenSCAD_Model
