solid OpenSCAD_Model
  facet normal 0.1467304711330208 0.9891765104576037 0
    outer loop
      vertex 63.948626956674616 0 15
      vertex 63.948626956674616 0 9.49335664269119
      vertex 63.912486493587494 0.005360931158065796 15
    endloop
  endfacet
  facet normal 0.24298018304909527 0.9700312524065543 0
    outer loop
      vertex 62.89388394355774 0.26050759106874466 15
      vertex 63.912486493587494 0.005360931158065796 15
      vertex 62.89388394355774 0.26050759106874466 9.479693657154147
    endloop
  endfacet
  facet normal 0.1467304711330208 0.9891765104576037 0
    outer loop
      vertex 63.912486493587494 0.005360931158065796 15
      vertex 63.948626956674616 0 9.49335664269119
      vertex 63.912486493587494 0.005360931158065796 9.493075474973285
    endloop
  endfacet
  facet normal 0.24298018304909524 0.9700312524065543 0
    outer loop
      vertex 63.912486493587494 0.005360931158065796 15
      vertex 63.912486493587494 0.005360931158065796 9.493075474973285
      vertex 62.89388394355774 0.26050759106874466 9.479693657154147
    endloop
  endfacet
  facet normal 0.33688985463462473 0.9415440647384812 0
    outer loop
      vertex 61.90519496798515 0.6142661646008492 9.461139885826624
      vertex 62.89388394355774 0.26050759106874466 15
      vertex 62.89388394355774 0.26050759106874466 9.479693657154147
    endloop
  endfacet
  facet normal 0.3368898546346248 0.9415440647384813 0
    outer loop
      vertex 61.90519496798515 0.6142661646008492 15
      vertex 62.89388394355774 0.26050759106874466 15
      vertex 61.90519496798515 0.6142661646008492 9.461139885826624
    endloop
  endfacet
  facet normal 0.4275550945946499 0.9039892925727384 0
    outer loop
      vertex 60.95594121515751 1.0632297545671463 15
      vertex 61.90519496798515 0.6142661646008492 15
      vertex 60.95594121515751 1.0632297545671463 9.437592844409512
    endloop
  endfacet
  facet normal 0.5141027404461189 0.857728612246199 0
    outer loop
      vertex 60.05526450276375 1.6030745953321457 15
      vertex 60.95594121515751 1.0632297545671463 15
      vertex 60.05526450276375 1.6030745953321457 9.409279303827608
    endloop
  endfacet
  facet normal 0.5956993101996116 0.803207527247913 0
    outer loop
      vertex 59.211838848888874 2.2286017015576363 15
      vertex 60.05526450276375 1.6030745953321457 15
      vertex 59.211838848888874 2.2286017015576363 9.376471938136945
    endloop
  endfacet
  facet normal 0.6715589552778659 0.7409511249644618 0
    outer loop
      vertex 58.433786891400814 2.933786891400814 15
      vertex 59.211838848888874 2.2286017015576363 15
      vertex 58.433786891400814 2.933786891400814 9.339486700930475
    endloop
  endfacet
  facet normal 0.7409511249644618 0.6715589552778659 0
    outer loop
      vertex 57.728601701557636 3.711838848888874 15
      vertex 58.433786891400814 2.933786891400814 15
      vertex 57.728601701557636 3.711838848888874 9.29867978010865
    endloop
  endfacet
  facet normal 0.803207527247913 0.5956993101996116 -9.20087537547451e-18
    outer loop
      vertex 57.728601701557636 3.711838848888874 15
      vertex 57.103074595332146 4.555264502763748 9.254444168919028
      vertex 57.103074595332146 4.555264502763748 15
    endloop
  endfacet
  facet normal 0.42755509459464996 0.9039892925727383 0
    outer loop
      vertex 61.90519496798515 0.6142661646008492 15
      vertex 61.90519496798515 0.6142661646008492 9.461139885826624
      vertex 60.95594121515751 1.0632297545671463 9.437592844409512
    endloop
  endfacet
  facet normal 0.5141027404461188 0.857728612246199 0
    outer loop
      vertex 60.95594121515751 1.0632297545671463 15
      vertex 60.95594121515751 1.0632297545671463 9.437592844409512
      vertex 60.05526450276375 1.6030745953321457 9.409279303827608
    endloop
  endfacet
  facet normal 0.5956993101996116 0.803207527247913 0
    outer loop
      vertex 60.05526450276375 1.6030745953321457 15
      vertex 60.05526450276375 1.6030745953321457 9.409279303827608
      vertex 59.211838848888874 2.2286017015576363 9.376471938136945
    endloop
  endfacet
  facet normal 0.857728612246199 0.5141027404461188 0
    outer loop
      vertex 56.563229754567146 5.455941215157509 15
      vertex 57.103074595332146 4.555264502763748 15
      vertex 56.563229754567146 5.455941215157509 9.20720587983693
    endloop
  endfacet
  facet normal 0.9039892925727384 0.42755509459464996 0
    outer loop
      vertex 56.563229754567146 5.455941215157509 15
      vertex 56.11426616460085 6.405194967985153 9.157419843880518
      vertex 56.11426616460085 6.405194967985153 15
    endloop
  endfacet
  facet normal 0.9415440647384812 0.33688985463462473 0
    outer loop
      vertex 55.760507591068745 7.393883943557739 15
      vertex 56.11426616460085 6.405194967985153 15
      vertex 55.760507591068745 7.393883943557739 9.1055655270122
    endloop
  endfacet
  facet normal 0.9700312524065542 0.24298018304909524 0
    outer loop
      vertex 55.760507591068745 7.393883943557739 15
      vertex 55.505360931158066 8.412486493587494 9.052142316379626
      vertex 55.505360931158066 8.412486493587494 15
    endloop
  endfacet
  facet normal 0.9891765104575975 0.14673047113306362 0
    outer loop
      vertex 55.505360931158066 8.412486493587494 15
      vertex 55.35128338634968 9.451192952692509 8.997664704922084
      vertex 55.35128338634968 9.451192952692509 15
    endloop
  endfacet
  facet normal 0.9987954560948427 0.04906767657323299 0
    outer loop
      vertex 55.35128338634968 9.451192952692509 15
      vertex 55.29999999701977 10.495090276002884 8.94291484534205
      vertex 55.29999999701977 10.495090276002884 15
    endloop
  endfacet
  facet normal 0.6715589552778659 0.7409511249644617 0
    outer loop
      vertex 59.211838848888874 2.2286017015576363 15
      vertex 59.211838848888874 2.2286017015576363 9.376471938136945
      vertex 58.433786891400814 2.933786891400814 9.339486700930475
    endloop
  endfacet
  facet normal 0.7409511249644618 0.6715589552778659 0
    outer loop
      vertex 58.433786891400814 2.933786891400814 15
      vertex 58.433786891400814 2.933786891400814 9.339486700930475
      vertex 57.728601701557636 3.711838848888874 9.29867978010865
    endloop
  endfacet
  facet normal 0.803207527247913 0.5956993101996115 0
    outer loop
      vertex 57.728601701557636 3.711838848888874 15
      vertex 57.728601701557636 3.711838848888874 9.29867978010865
      vertex 57.103074595332146 4.555264502763748 9.254444168919028
    endloop
  endfacet
  facet normal 0.857728612246199 0.5141027404461188 0
    outer loop
      vertex 57.103074595332146 4.555264502763748 15
      vertex 57.103074595332146 4.555264502763748 9.254444168919028
      vertex 56.563229754567146 5.455941215157509 9.20720587983693
    endloop
  endfacet
  facet normal 0.9039892925727383 0.42755509459464985 0
    outer loop
      vertex 56.563229754567146 5.455941215157509 15
      vertex 56.563229754567146 5.455941215157509 9.20720587983693
      vertex 56.11426616460085 6.405194967985153 9.157419843880518
    endloop
  endfacet
  facet normal 0.9415440647384813 0.3368898546346248 0
    outer loop
      vertex 56.11426616460085 6.405194967985153 15
      vertex 56.11426616460085 6.405194967985153 9.157419843880518
      vertex 55.760507591068745 7.393883943557739 9.1055655270122
    endloop
  endfacet
  facet normal 0.9700312524065541 0.24298018304909522 0
    outer loop
      vertex 55.760507591068745 7.393883943557739 15
      vertex 55.760507591068745 7.393883943557739 9.1055655270122
      vertex 55.505360931158066 8.412486493587494 9.052142316379626
    endloop
  endfacet
  facet normal 0.9891765104575975 0.14673047113306364 0
    outer loop
      vertex 55.505360931158066 8.412486493587494 15
      vertex 55.505360931158066 8.412486493587494 9.052142316379626
      vertex 55.35128338634968 9.451192952692509 8.997664704922084
    endloop
  endfacet
  facet normal 0.9987954560948425 0.049067676573232986 0
    outer loop
      vertex 55.35128338634968 9.451192952692509 15
      vertex 55.35128338634968 9.451192952692509 8.997664704922084
      vertex 55.29999999701977 10.495090276002884 8.94291484534205
    endloop
  endfacet
  facet normal 1 0 0
    outer loop
      vertex 55.29999999701977 10.495090276002884 15
      vertex 55.29999999701977 10.495090276002884 8.94291484534205
      vertex 55.29999999701977 54.229999996721745 6.649125875406352
    endloop
  endfacet
  facet normal 1 0 0
    outer loop
      vertex 55.29999999701977 10.495090276002884 15
      vertex 55.29999999701977 54.229999996721745 6.649125875406352
      vertex 55.29999999701977 54.229999996721745 15
    endloop
  endfacet
  facet normal -0.31622776601683794 -0.9486832980505139 0
    outer loop
      vertex 55.5 54.229999996721745 15
      vertex 60 52.729999996721745 6.727797204028612
      vertex 60 52.729999996721745 15
    endloop
  endfacet
  facet normal 1 0 0
    outer loop
      vertex 60 52.729999996721745 15
      vertex 60 63.729999996721745 6.1508741274653715
      vertex 60 63.729999996721745 15
    endloop
  endfacet
  facet normal 0 -1 0
    outer loop
      vertex 55.29999999701977 54.229999996721745 15
      vertex 55.5 54.229999996721745 6.649125875406352
      vertex 55.5 54.229999996721745 15
    endloop
  endfacet
  facet normal -0.31622776601683794 0.9486832980505138 0
    outer loop
      vertex 55.5 62.229999996721745 15
      vertex 60 63.729999996721745 15
      vertex 55.5 62.229999996721745 6.2295454560876315
    endloop
  endfacet
  facet normal 0 1 0
    outer loop
      vertex 55.29999999701977 62.229999996721745 15
      vertex 55.5 62.229999996721745 15
      vertex 55.29999999701977 62.229999996721745 6.2295454560876315
    endloop
  endfacet
  facet normal -0.31622776601683794 -0.9486832980505138 0
    outer loop
      vertex 55.5 54.229999996721745 15
      vertex 55.5 54.229999996721745 6.649125875406352
      vertex 60 52.729999996721745 6.727797204028612
    endloop
  endfacet
  facet normal 0 -1 0
    outer loop
      vertex 55.29999999701977 54.229999996721745 15
      vertex 55.29999999701977 54.229999996721745 6.649125875406352
      vertex 55.5 54.229999996721745 6.649125875406352
    endloop
  endfacet
  facet normal 1 0 0
    outer loop
      vertex 60 52.729999996721745 15
      vertex 60 52.729999996721745 6.727797204028612
      vertex 60 63.729999996721745 6.1508741274653715
    endloop
  endfacet
  facet normal -0.31622776601683794 0.9486832980505138 0
    outer loop
      vertex 60 63.729999996721745 15
      vertex 60 63.729999996721745 6.1508741274653715
      vertex 55.5 62.229999996721745 6.2295454560876315
    endloop
  endfacet
  facet normal 0 1 0
    outer loop
      vertex 55.5 62.229999996721745 15
      vertex 55.5 62.229999996721745 6.2295454560876315
      vertex 55.29999999701977 62.229999996721745 6.2295454560876315
    endloop
  endfacet
  facet normal 0.24298018304917018 -0.9700312524065354 0
    outer loop
      vertex 62.89388394355774 129.13949241489172 15
      vertex 62.89388394355774 129.13949241489172 2.7203063454353202
      vertex 63.187068640568896 129.21293135943114 15
    endloop
  endfacet
  facet normal 0.33688985463462473 -0.9415440647384813 0
    outer loop
      vertex 61.90519496798515 128.78573384135962 15
      vertex 62.89388394355774 129.13949241489172 2.7203063454353202
      vertex 62.89388394355774 129.13949241489172 15
    endloop
  endfacet
  facet normal 1 0 0
    outer loop
      vertex 55.29999999701977 62.229999996721745 15
      vertex 55.29999999701977 99.52000000327826 4.273776226194373
      vertex 55.29999999701977 99.52000000327826 15
    endloop
  endfacet
  facet normal 1 0 0
    outer loop
      vertex 55.29999999701977 62.229999996721745 15
      vertex 55.29999999701977 62.229999996721745 6.2295454560876315
      vertex 55.29999999701977 99.52000000327826 4.273776226194373
    endloop
  endfacet
  facet normal -0.31622776601683794 -0.9486832980505138 0
    outer loop
      vertex 55.5 99.52000000327826 15
      vertex 60 98.02000000327826 4.352447554816633
      vertex 60 98.02000000327826 15
    endloop
  endfacet
  facet normal 1 0 0
    outer loop
      vertex 60 98.02000000327826 15
      vertex 60 109.02000000327826 3.775524478253393
      vertex 60 109.02000000327826 15
    endloop
  endfacet
  facet normal 0 -1 0
    outer loop
      vertex 55.29999999701977 99.52000000327826 15
      vertex 55.5 99.52000000327826 4.273776226194373
      vertex 55.5 99.52000000327826 15
    endloop
  endfacet
  facet normal -0.31622776601683794 0.9486832980505139 0
    outer loop
      vertex 55.5 107.52000000327826 15
      vertex 60 109.02000000327826 15
      vertex 55.5 107.52000000327826 3.854195806875653
    endloop
  endfacet
  facet normal 0 1 0
    outer loop
      vertex 55.29999999701977 107.52000000327826 15
      vertex 55.5 107.52000000327826 15
      vertex 55.29999999701977 107.52000000327826 3.854195806875653
    endloop
  endfacet
  facet normal 1 0 0
    outer loop
      vertex 60 98.02000000327826 15
      vertex 60 98.02000000327826 4.352447554816633
      vertex 60 109.02000000327826 3.775524478253393
    endloop
  endfacet
  facet normal -0.31622776601683794 0.9486832980505138 0
    outer loop
      vertex 60 109.02000000327826 15
      vertex 60 109.02000000327826 3.775524478253393
      vertex 55.5 107.52000000327826 3.854195806875653
    endloop
  endfacet
  facet normal -0.31622776601683794 -0.9486832980505139 0
    outer loop
      vertex 55.5 99.52000000327826 15
      vertex 55.5 99.52000000327826 4.273776226194373
      vertex 60 98.02000000327826 4.352447554816633
    endloop
  endfacet
  facet normal 0 -1 0
    outer loop
      vertex 55.29999999701977 99.52000000327826 15
      vertex 55.29999999701977 99.52000000327826 4.273776226194373
      vertex 55.5 99.52000000327826 4.273776226194373
    endloop
  endfacet
  facet normal 0 1 0
    outer loop
      vertex 55.5 107.52000000327826 15
      vertex 55.5 107.52000000327826 3.854195806875653
      vertex 55.29999999701977 107.52000000327826 3.854195806875653
    endloop
  endfacet
  facet normal 0.4275550945946499 -0.9039892925727384 0
    outer loop
      vertex 60.95594121515751 128.33677025139332 15
      vertex 61.90519496798515 128.78573384135962 2.7388601167628437
      vertex 61.90519496798515 128.78573384135962 15
    endloop
  endfacet
  facet normal 0.5141027404461189 -0.857728612246199 0
    outer loop
      vertex 60.05526450276375 127.79692541062832 15
      vertex 60.95594121515751 128.33677025139332 2.762407158179956
      vertex 60.95594121515751 128.33677025139332 15
    endloop
  endfacet
  facet normal 0.5956993101996115 -0.803207527247913 4.329833224410385e-18
    outer loop
      vertex 59.211838848888874 127.17139830440283 15
      vertex 60.05526450276375 127.79692541062832 2.7907206987618594
      vertex 60.05526450276375 127.79692541062832 15
    endloop
  endfacet
  facet normal 0.6715589552778658 -0.7409511249644617 0
    outer loop
      vertex 58.433786891400814 126.46621311455965 15
      vertex 59.211838848888874 127.17139830440283 2.8235280644525247
      vertex 59.211838848888874 127.17139830440283 15
    endloop
  endfacet
  facet normal 0.7409511249644618 -0.6715589552778659 0
    outer loop
      vertex 57.728601701557636 125.68816115707159 15
      vertex 58.433786891400814 126.46621311455965 2.860513301658992
      vertex 58.433786891400814 126.46621311455965 15
    endloop
  endfacet
  facet normal 0.803207527247913 -0.5956993101996115 4.369414195326907e-18
    outer loop
      vertex 57.103074595332146 124.84473550319672 15
      vertex 57.728601701557636 125.68816115707159 2.901320222480816
      vertex 57.728601701557636 125.68816115707159 15
    endloop
  endfacet
  facet normal 1 0 0
    outer loop
      vertex 55.29999999701977 107.52000000327826 15
      vertex 55.29999999701977 118.90490972995758 3.257085157247417
      vertex 55.29999999701977 118.90490972995758 15
    endloop
  endfacet
  facet normal 0.9987954560948425 -0.049067676573232986 0
    outer loop
      vertex 55.29999999701977 118.90490972995758 15
      vertex 55.35128338634968 119.94880705326796 3.2023352976673856
      vertex 55.35128338634968 119.94880705326796 15
    endloop
  endfacet
  facet normal 0.9891765104575974 -0.14673047113306362 0
    outer loop
      vertex 55.35128338634968 119.94880705326796 15
      vertex 55.505360931158066 120.98751351237297 3.147857686209841
      vertex 55.505360931158066 120.98751351237297 15
    endloop
  endfacet
  facet normal 0.9415440647384813 -0.3368898546346248 0
    outer loop
      vertex 55.760507591068745 122.00611606240273 15
      vertex 56.11426616460085 122.99480503797531 3.042580158708949
      vertex 56.11426616460085 122.99480503797531 15
    endloop
  endfacet
  facet normal 0.857728612246199 -0.5141027404461189 0
    outer loop
      vertex 56.563229754567146 123.94405879080296 15
      vertex 57.103074595332146 124.84473550319672 2.94555583367044
      vertex 57.103074595332146 124.84473550319672 15
    endloop
  endfacet
  facet normal 0.9039892925727384 -0.42755509459464996 0
    outer loop
      vertex 56.11426616460085 122.99480503797531 15
      vertex 56.563229754567146 123.94405879080296 2.992794122752537
      vertex 56.563229754567146 123.94405879080296 15
    endloop
  endfacet
  facet normal 0.9700312524065542 -0.24298018304909524 0
    outer loop
      vertex 55.505360931158066 120.98751351237297 15
      vertex 55.760507591068745 122.00611606240273 3.094434475577266
      vertex 55.760507591068745 122.00611606240273 15
    endloop
  endfacet
  facet normal 0.24298018304917018 -0.9700312524065355 0
    outer loop
      vertex 63.187068640568896 129.21293135943114 15
      vertex 62.89388394355774 129.13949241489172 2.7203063454353202
      vertex 63.187068640568896 129.21293135943114 2.7164546525423
    endloop
  endfacet
  facet normal 1 0 0
    outer loop
      vertex 55.29999999701977 107.52000000327826 15
      vertex 55.29999999701977 107.52000000327826 3.854195806875653
      vertex 55.29999999701977 118.90490972995758 3.257085157247417
    endloop
  endfacet
  facet normal 0.33688985463462473 -0.9415440647384813 0
    outer loop
      vertex 61.90519496798515 128.78573384135962 15
      vertex 61.90519496798515 128.78573384135962 2.7388601167628437
      vertex 62.89388394355774 129.13949241489172 2.7203063454353202
    endloop
  endfacet
  facet normal 0.42755509459464996 -0.9039892925727383 0
    outer loop
      vertex 60.95594121515751 128.33677025139332 15
      vertex 60.95594121515751 128.33677025139332 2.762407158179956
      vertex 61.90519496798515 128.78573384135962 2.7388601167628437
    endloop
  endfacet
  facet normal 0.5141027404461189 -0.8577286122461991 0
    outer loop
      vertex 60.05526450276375 127.79692541062832 15
      vertex 60.05526450276375 127.79692541062832 2.7907206987618594
      vertex 60.95594121515751 128.33677025139332 2.762407158179956
    endloop
  endfacet
  facet normal 0.803207527247913 -0.5956993101996115 0
    outer loop
      vertex 57.103074595332146 124.84473550319672 15
      vertex 57.103074595332146 124.84473550319672 2.94555583367044
      vertex 57.728601701557636 125.68816115707159 2.901320222480816
    endloop
  endfacet
  facet normal 0.6715589552778659 -0.7409511249644618 0
    outer loop
      vertex 58.433786891400814 126.46621311455965 15
      vertex 58.433786891400814 126.46621311455965 2.860513301658992
      vertex 59.211838848888874 127.17139830440283 2.8235280644525247
    endloop
  endfacet
  facet normal 0.5956993101996116 -0.803207527247913 0
    outer loop
      vertex 59.211838848888874 127.17139830440283 15
      vertex 59.211838848888874 127.17139830440283 2.8235280644525247
      vertex 60.05526450276375 127.79692541062832 2.7907206987618594
    endloop
  endfacet
  facet normal 0.7409511249644616 -0.6715589552778658 0
    outer loop
      vertex 57.728601701557636 125.68816115707159 15
      vertex 57.728601701557636 125.68816115707159 2.901320222480816
      vertex 58.433786891400814 126.46621311455965 2.860513301658992
    endloop
  endfacet
  facet normal 0.9987954560948425 -0.049067676573232986 0
    outer loop
      vertex 55.29999999701977 118.90490972995758 15
      vertex 55.29999999701977 118.90490972995758 3.257085157247417
      vertex 55.35128338634968 119.94880705326796 3.2023352976673856
    endloop
  endfacet
  facet normal 0.9891765104575974 -0.14673047113306362 0
    outer loop
      vertex 55.35128338634968 119.94880705326796 15
      vertex 55.35128338634968 119.94880705326796 3.2023352976673856
      vertex 55.505360931158066 120.98751351237297 3.147857686209841
    endloop
  endfacet
  facet normal 0.9415440647384812 -0.3368898546346247 0
    outer loop
      vertex 55.760507591068745 122.00611606240273 15
      vertex 55.760507591068745 122.00611606240273 3.094434475577266
      vertex 56.11426616460085 122.99480503797531 3.042580158708949
    endloop
  endfacet
  facet normal 0.9700312524065542 -0.24298018304909524 0
    outer loop
      vertex 55.505360931158066 120.98751351237297 15
      vertex 55.505360931158066 120.98751351237297 3.147857686209841
      vertex 55.760507591068745 122.00611606240273 3.094434475577266
    endloop
  endfacet
  facet normal 0.9039892925727384 -0.42755509459465 0
    outer loop
      vertex 56.11426616460085 122.99480503797531 15
      vertex 56.11426616460085 122.99480503797531 3.042580158708949
      vertex 56.563229754567146 123.94405879080296 2.992794122752537
    endloop
  endfacet
  facet normal 0.857728612246199 -0.5141027404461189 0
    outer loop
      vertex 56.563229754567146 123.94405879080296 15
      vertex 56.563229754567146 123.94405879080296 2.992794122752537
      vertex 57.103074595332146 124.84473550319672 2.94555583367044
    endloop
  endfacet
  facet normal 5.628826388414488e-15 0.052375565952109925 0.9986274581099781
    outer loop
      vertex 81 0 9.49335664269119
      vertex 82.4862896509548 0.6617387872822835 9.458650062960269
      vertex 82.61803398874989 0.8244294954150533 9.450117333518069
    endloop
  endfacet
  facet normal -2.2703144955585407e-15 0.05237556595212421 0.9986274581099774
    outer loop
      vertex 81 0 9.49335664269119
      vertex 82.8270909152852 1.1865267138483997 9.431126220675019
      vertex 82.90211303259031 1.381966011250105 9.420875907880623
    endloop
  endfacet
  facet normal -2.1845573222126316e-15 0.052375565952125266 0.9986274581099774
    outer loop
      vertex 81 0 9.49335664269119
      vertex 82.61803398874989 0.8244294954150533 9.450117333518069
      vertex 82.73205080756887 1 9.44090909027635
    endloop
  endfacet
  facet normal 3.950373755849913e-15 0.05237556595211467 0.9986274581099779
    outer loop
      vertex 81 0 9.49335664269119
      vertex 82.73205080756887 1 9.44090909027635
      vertex 82.8270909152852 1.1865267138483997 9.431126220675019
    endloop
  endfacet
  facet normal -4.987573442104986e-15 0.052375565952133746 0.998627458109977
    outer loop
      vertex 81 0 9.49335664269119
      vertex 82.33826121271773 0.513710349045212 9.466413792233595
      vertex 82.4862896509548 0.6617387872822835 9.458650062960269
    endloop
  endfacet
  facet normal -5.064996861954345e-15 0.052375565952140234 0.9986274581099766
    outer loop
      vertex 81 0 9.49335664269119
      vertex 82 0.26794919243112325 9.479303363376644
      vertex 82.17557050458495 0.3819660112501051 9.473323460295461
    endloop
  endfacet
  facet normal 8.31959192226832e-15 0.0523755659520992 0.9986274581099788
    outer loop
      vertex 81 0 9.49335664269119
      vertex 82.17557050458495 0.3819660112501051 9.473323460295461
      vertex 82.33826121271773 0.513710349045212 9.466413792233595
    endloop
  endfacet
  facet normal 3.90756865449141e-15 0.05237556595208858 0.9986274581099793
    outer loop
      vertex 81 0 9.49335664269119
      vertex 81.20905692653531 0.010956209263452976 9.492782016331576
      vertex 81.4158233816355 0.04370479853238862 9.491064432979382
    endloop
  endfacet
  facet normal 6.487634997513969e-16 0.052375565952118994 0.9986274581099777
    outer loop
      vertex 81 0 9.49335664269119
      vertex 81.8134732861516 0.1729090847147985 9.484287984407608
      vertex 82 0.26794919243112325 9.479303363376644
    endloop
  endfacet
  facet normal 9.63981121962276e-15 0.05237556595207679 0.9986274581099798
    outer loop
      vertex 81 0 9.49335664269119
      vertex 81.61803398874989 0.09788696740969272 9.488222710837238
      vertex 81.8134732861516 0.1729090847147985 9.484287984407608
    endloop
  endfacet
  facet normal -3.709417972512519e-15 0.05237556595216086 0.9986274581099756
    outer loop
      vertex 81 0 9.49335664269119
      vertex 81.4158233816355 0.04370479853238862 9.491064432979382
      vertex 81.61803398874989 0.09788696740969272 9.488222710837238
    endloop
  endfacet
  facet normal -2.477827149073176e-16 0.05237556595212473 0.9986274581099774
    outer loop
      vertex 63.912486493587494 0.005360931158065796 9.493075474973285
      vertex 82.90211303259031 1.381966011250105 9.420875907880623
      vertex 82.95629520146761 1.5841766183644816 9.410270456465154
    endloop
  endfacet
  facet normal 0 0.052375565952121096 0.9986274581099777
    outer loop
      vertex 63.948626956674616 0 9.49335664269119
      vertex 81 0 9.49335664269119
      vertex 82.90211303259031 1.381966011250105 9.420875907880623
    endloop
  endfacet
  facet normal 3.804884683623729e-16 0.05237556595211539 0.9986274581099778
    outer loop
      vertex 62.89388394355774 0.26050759106874466 9.479693657154147
      vertex 82.95629520146761 1.5841766183644816 9.410270456465154
      vertex 82.98904379073656 1.7909430734646934 9.399426061973656
    endloop
  endfacet
  facet normal -5.039055005805745e-16 0.05237556595212695 0.9986274581099773
    outer loop
      vertex 62.89388394355774 0.26050759106874466 9.479693657154147
      vertex 82.98904379073656 1.7909430734646934 9.399426061973656
      vertex 83 2 9.38846153786151
    endloop
  endfacet
  facet normal 3.2001345510678145e-15 0.052375565952077326 0.9986274581099799
    outer loop
      vertex 63.912486493587494 0.005360931158065796 9.493075474973285
      vertex 63.948626956674616 0 9.49335664269119
      vertex 82.90211303259031 1.381966011250105 9.420875907880623
    endloop
  endfacet
  facet normal -2.0635478991849942e-16 0.052375565952124274 0.9986274581099774
    outer loop
      vertex 62.89388394355774 0.26050759106874466 9.479693657154147
      vertex 63.912486493587494 0.005360931158065796 9.493075474973285
      vertex 82.95629520146761 1.5841766183644816 9.410270456465154
    endloop
  endfacet
  facet normal 1.0174435554618827e-16 0.05237556595211999 0.9986274581099777
    outer loop
      vertex 61.90519496798515 0.6142661646008492 9.461139885826624
      vertex 62.89388394355774 0.26050759106874466 9.479693657154147
      vertex 83 2 9.38846153786151
    endloop
  endfacet
  facet normal -5.481181082000956e-18 0.05237556595212162 0.9986274581099774
    outer loop
      vertex 60.95594121515751 1.0632297545671463 9.437592844409512
      vertex 61.90519496798515 0.6142661646008492 9.461139885826624
      vertex 83 2 9.38846153786151
    endloop
  endfacet
  facet normal -1.7205615266147933e-17 0.0523755659521219 0.9986274581099776
    outer loop
      vertex 60.05526450276375 1.6030745953321457 9.409279303827608
      vertex 60.95594121515751 1.0632297545671463 9.437592844409512
      vertex 83 2 9.38846153786151
    endloop
  endfacet
  facet normal 1.8304042421898816e-17 0.05237556595211984 0.9986274581099776
    outer loop
      vertex 59.211838848888874 2.2286017015576363 9.376471938136945
      vertex 60.05526450276375 1.6030745953321457 9.409279303827608
      vertex 83 2 9.38846153786151
    endloop
  endfacet
  facet normal 3.750170791890097e-17 0.052375565952121825 0.9986274581099776
    outer loop
      vertex 59.211838848888874 2.2286017015576363 9.376471938136945
      vertex 83 2 9.38846153786151
      vertex 58.433786891400814 2.933786891400814 9.339486700930475
    endloop
  endfacet
  facet normal 1.2139485439076972e-16 0.05237556595212403 0.9986274581099773
    outer loop
      vertex 57.728601701557636 3.711838848888874 9.29867978010865
      vertex 58.433786891400814 2.933786891400814 9.339486700930475
      vertex 83 2 9.38846153786151
    endloop
  endfacet
  facet normal -1.4854771117880684e-16 0.05237556595212006 0.9986274581099777
    outer loop
      vertex 57.728601701557636 3.711838848888874 9.29867978010865
      vertex 83 2 9.38846153786151
      vertex 57.103074595332146 4.555264502763748 9.254444168919028
    endloop
  endfacet
  facet normal -6.515358690993429e-17 0.052375565952120895 0.9986274581099776
    outer loop
      vertex 56.563229754567146 5.455941215157509 9.20720587983693
      vertex 57.103074595332146 4.555264502763748 9.254444168919028
      vertex 83 2 9.38846153786151
    endloop
  endfacet
  facet normal 1.182419800104403e-16 0.05237556595212231 0.9986274581099776
    outer loop
      vertex 56.563229754567146 5.455941215157509 9.20720587983693
      vertex 83 2 9.38846153786151
      vertex 56.11426616460085 6.405194967985153 9.157419843880518
    endloop
  endfacet
  facet normal 1.7487261041604186e-16 0.05237556595212265 0.9986274581099776
    outer loop
      vertex 55.760507591068745 7.393883943557739 9.1055655270122
      vertex 56.11426616460085 6.405194967985153 9.157419843880518
      vertex 83 2 9.38846153786151
    endloop
  endfacet
  facet normal -4.837381694119213e-16 0.05237556595211934 0.9986274581099778
    outer loop
      vertex 55.760507591068745 7.393883943557739 9.1055655270122
      vertex 83 2 9.38846153786151
      vertex 55.505360931158066 8.412486493587494 9.052142316379626
    endloop
  endfacet
  facet normal -7.496944506773012e-17 0.05237556595212107 0.9986274581099776
    outer loop
      vertex 55.505360931158066 8.412486493587494 9.052142316379626
      vertex 83 2 9.38846153786151
      vertex 55.35128338634968 9.451192952692509 8.997664704922084
    endloop
  endfacet
  facet normal 2.98989235357634e-16 0.05237556595212247 0.9986274581099776
    outer loop
      vertex 55.35128338634968 9.451192952692509 8.997664704922084
      vertex 83 2 9.38846153786151
      vertex 55.29999999701977 10.495090276002884 8.94291484534205
    endloop
  endfacet
  facet normal 5.956967214053672e-18 0.05237556595212151 0.9986274581099777
    outer loop
      vertex 55.29999999701977 10.495090276002884 8.94291484534205
      vertex 83 2 9.38846153786151
      vertex 60 52.729999996721745 6.727797204028612
    endloop
  endfacet
  facet normal -6.348565386162716e-17 0.05237556595212149 0.9986274581099777
    outer loop
      vertex 83 2 9.38846153786151
      vertex 60 63.729999996721745 6.1508741274653715
      vertex 60 52.729999996721745 6.727797204028612
    endloop
  endfacet
  facet normal 1.1979451361185322e-16 0.05237556595212154 0.9986274581099774
    outer loop
      vertex 83 2 9.38846153786151
      vertex 55.29999999701977 99.52000000327826 4.273776226194373
      vertex 60 63.729999996721745 6.1508741274653715
    endloop
  endfacet
  facet normal -2.2797166497106504e-17 0.052375565952121506 0.9986274581099776
    outer loop
      vertex 55.29999999701977 10.495090276002884 8.94291484534205
      vertex 60 52.729999996721745 6.727797204028612
      vertex 55.5 54.229999996721745 6.649125875406352
    endloop
  endfacet
  facet normal -4.1231636758861376e-16 0.05237556595212151 0.9986274581099776
    outer loop
      vertex 55.29999999701977 10.495090276002884 8.94291484534205
      vertex 55.5 54.229999996721745 6.649125875406352
      vertex 55.29999999701977 54.229999996721745 6.649125875406352
    endloop
  endfacet
  facet normal -3.030088700968069e-17 0.052375565952121506 0.9986274581099774
    outer loop
      vertex 83 2 9.38846153786151
      vertex 83 108.57157287525382 3.7990433835546913
      vertex 60 98.02000000327826 4.352447554816633
    endloop
  endfacet
  facet normal -4.037785403703327e-17 0.05237556595212151 0.9986274581099777
    outer loop
      vertex 83 2 9.38846153786151
      vertex 60 98.02000000327826 4.352447554816633
      vertex 55.29999999701977 99.52000000327826 4.273776226194373
    endloop
  endfacet
  facet normal 5.246037650805588e-17 0.05237556595212504 0.9986274581099773
    outer loop
      vertex 60 109.02000000327826 3.775524478253393
      vertex 83 108.57157287525382 3.7990433835546913
      vertex 82.98742441978649 108.79550182746044 3.7872988580966336
    endloop
  endfacet
  facet normal 2.564131165856957e-17 0.052375565952122304 0.9986274581099777
    outer loop
      vertex 60 109.02000000327826 3.775524478253393
      vertex 82.98742441978649 108.79550182746044 3.7872988580966336
      vertex 82.94985582436365 109.01661474316644 3.775702026860545
    endloop
  endfacet
  facet normal 2.550554567549091e-17 0.052375565952121395 0.9986274581099776
    outer loop
      vertex 60 109.02000000327826 3.775524478253393
      vertex 82.94985582436365 109.01661474316644 3.775702026860545
      vertex 82.88776666061673 109.23213099916416 3.7643987267278547
    endloop
  endfacet
  facet normal 7.673334080398654e-17 0.052375565952115885 0.9986274581099778
    outer loop
      vertex 60 109.02000000327826 3.775524478253393
      vertex 82.88776666061673 109.23213099916416 3.7643987267278547
      vertex 82.80193773580484 109.43934035348893 3.753531103256062
    endloop
  endfacet
  facet normal -1.243226441491785e-16 0.052375565952126786 0.9986274581099773
    outer loop
      vertex 60 109.02000000327826 3.775524478253393
      vertex 82.80193773580484 109.43934035348893 3.753531103256062
      vertex 82.69344839845658 109.63563702828449 3.743235823115862
    endloop
  endfacet
  facet normal 7.602958170308942e-17 0.0523755659521194 0.9986274581099776
    outer loop
      vertex 60 109.02000000327826 3.775524478253393
      vertex 82.69344839845658 109.63563702828449 3.743235823115862
      vertex 82.56366296493607 109.81855247897128 3.7336423554284828
    endloop
  endfacet
  facet normal -1.692480533086697e-17 0.05237556595212149 0.9986274581099777
    outer loop
      vertex 60 98.02000000327826 4.352447554816633
      vertex 83 108.57157287525382 3.7990433835546913
      vertex 60 109.02000000327826 3.775524478253393
    endloop
  endfacet
  facet normal -1.2421867095468114e-16 0.052375565952125044 0.9986274581099774
    outer loop
      vertex 60 109.02000000327826 3.775524478253393
      vertex 82.56366296493607 109.81855247897128 3.7336423554284828
      vertex 82.4142135623731 109.98578643762691 3.72487134361635
    endloop
  endfacet
  facet normal 3.131531190607975e-17 0.052375565952121464 0.9986274581099776
    outer loop
      vertex 60 109.02000000327826 3.775524478253393
      vertex 82.4142135623731 109.98578643762691 3.72487134361635
      vertex 70.5 121.9 3.10000000332219
    endloop
  endfacet
  facet normal 1.5509916280600036e-17 0.05237556595212149 0.9986274581099777
    outer loop
      vertex 60 109.02000000327826 3.775524478253393
      vertex 70.5 121.9 3.10000000332219
      vertex 68 121.9 3.10000000332219
    endloop
  endfacet
  facet normal 5.090016924223997e-16 0.05237556595212119 0.9986274581099776
    outer loop
      vertex 60 109.02000000327826 3.775524478253393
      vertex 68 121.9 3.10000000332219
      vertex 68 124.40000000000002 2.96888112228509
    endloop
  endfacet
  facet normal 4.1510577899702585e-17 0.05237556595212142 0.9986274581099776
    outer loop
      vertex 60 109.02000000327826 3.775524478253393
      vertex 68 124.40000000000002 2.96888112228509
      vertex 63.187068640568896 129.21293135943114 2.7164546525423
    endloop
  endfacet
  facet normal -1.3737013696955465e-14 0.052375565952158004 0.9986274581099757
    outer loop
      vertex 61.90519496798515 128.78573384135962 2.7388601167628437
      vertex 63.187068640568896 129.21293135943114 2.7164546525423
      vertex 62.89388394355774 129.13949241489172 2.7203063454353202
    endloop
  endfacet
  facet normal -1.3190555864400449e-17 0.05237556595212152 0.9986274581099776
    outer loop
      vertex 55.5 62.229999996721745 6.2295454560876315
      vertex 60 63.729999996721745 6.1508741274653715
      vertex 55.29999999701977 99.52000000327826 4.273776226194373
    endloop
  endfacet
  facet normal 0 0.05237556595212153 0.9986274581099776
    outer loop
      vertex 55.29999999701977 62.229999996721745 6.2295454560876315
      vertex 55.5 62.229999996721745 6.2295454560876315
      vertex 55.29999999701977 99.52000000327826 4.273776226194373
    endloop
  endfacet
  facet normal 0 0.052375565952121485 0.9986274581099776
    outer loop
      vertex 55.29999999701977 99.52000000327826 4.273776226194373
      vertex 60 98.02000000327826 4.352447554816633
      vertex 55.5 99.52000000327826 4.273776226194373
    endloop
  endfacet
  facet normal -1.9363258975674808e-17 0.05237556595212155 0.9986274581099774
    outer loop
      vertex 55.5 107.52000000327826 3.854195806875653
      vertex 60 109.02000000327826 3.775524478253393
      vertex 55.29999999701977 118.90490972995758 3.257085157247417
    endloop
  endfacet
  facet normal 0 0.05237556595212155 0.9986274581099776
    outer loop
      vertex 55.29999999701977 107.52000000327826 3.854195806875653
      vertex 55.5 107.52000000327826 3.854195806875653
      vertex 55.29999999701977 118.90490972995758 3.257085157247417
    endloop
  endfacet
  facet normal -2.0276408661192302e-16 0.05237556595212146 0.9986274581099776
    outer loop
      vertex 60 109.02000000327826 3.775524478253393
      vertex 63.187068640568896 129.21293135943114 2.7164546525423
      vertex 55.29999999701977 118.90490972995758 3.257085157247417
    endloop
  endfacet
  facet normal -1.3138607317574001e-15 0.05237556595212284 0.9986274581099774
    outer loop
      vertex 57.728601701557636 125.68816115707159 2.901320222480816
      vertex 63.187068640568896 129.21293135943114 2.7164546525423
      vertex 58.433786891400814 126.46621311455965 2.860513301658992
    endloop
  endfacet
  facet normal 7.792426430243898e-16 0.052375565952120715 0.9986274581099776
    outer loop
      vertex 55.29999999701977 118.90490972995758 3.257085157247417
      vertex 63.187068640568896 129.21293135943114 2.7164546525423
      vertex 55.35128338634968 119.94880705326796 3.2023352976673856
    endloop
  endfacet
  facet normal -3.3685855478817778e-18 0.05237556595212119 0.9986274581099777
    outer loop
      vertex 55.505360931158066 120.98751351237297 3.147857686209841
      vertex 63.187068640568896 129.21293135943114 2.7164546525423
      vertex 55.760507591068745 122.00611606240273 3.094434475577266
    endloop
  endfacet
  facet normal -2.0487884605059645e-15 0.05237556595212309 0.9986274581099774
    outer loop
      vertex 55.35128338634968 119.94880705326796 3.2023352976673856
      vertex 63.187068640568896 129.21293135943114 2.7164546525423
      vertex 55.505360931158066 120.98751351237297 3.147857686209841
    endloop
  endfacet
  facet normal 5.911240918586849e-16 0.052375565952120576 0.9986274581099777
    outer loop
      vertex 55.760507591068745 122.00611606240273 3.094434475577266
      vertex 63.187068640568896 129.21293135943114 2.7164546525423
      vertex 56.11426616460085 122.99480503797531 3.042580158708949
    endloop
  endfacet
  facet normal -1.8111212175431727e-15 0.052375565952123594 0.9986274581099773
    outer loop
      vertex 57.103074595332146 124.84473550319672 2.94555583367044
      vertex 63.187068640568896 129.21293135943114 2.7164546525423
      vertex 57.728601701557636 125.68816115707159 2.901320222480816
    endloop
  endfacet
  facet normal 1.995094144659093e-16 0.05237556595212082 0.9986274581099776
    outer loop
      vertex 56.563229754567146 123.94405879080296 2.992794122752537
      vertex 63.187068640568896 129.21293135943114 2.7164546525423
      vertex 57.103074595332146 124.84473550319672 2.94555583367044
    endloop
  endfacet
  facet normal -1.5060903718962405e-15 0.052375565952122956 0.9986274581099776
    outer loop
      vertex 56.11426616460085 122.99480503797531 3.042580158708949
      vertex 63.187068640568896 129.21293135943114 2.7164546525423
      vertex 56.563229754567146 123.94405879080296 2.992794122752537
    endloop
  endfacet
  facet normal -5.369173911235548e-15 0.05237556595213295 0.9986274581099769
    outer loop
      vertex 60.95594121515751 128.33677025139332 2.762407158179956
      vertex 63.187068640568896 129.21293135943114 2.7164546525423
      vertex 61.90519496798515 128.78573384135962 2.7388601167628437
    endloop
  endfacet
  facet normal -2.9713195157185466e-15 0.05237556595212689 0.9986274581099773
    outer loop
      vertex 60.05526450276375 127.79692541062832 2.7907206987618594
      vertex 63.187068640568896 129.21293135943114 2.7164546525423
      vertex 60.95594121515751 128.33677025139332 2.762407158179956
    endloop
  endfacet
  facet normal -2.716241442972815e-15 0.0523755659521263 0.9986274581099772
    outer loop
      vertex 59.211838848888874 127.17139830440283 2.8235280644525247
      vertex 63.187068640568896 129.21293135943114 2.7164546525423
      vertex 60.05526450276375 127.79692541062832 2.7907206987618594
    endloop
  endfacet
  facet normal 2.078393533696238e-15 0.05237556595211701 0.9986274581099779
    outer loop
      vertex 58.433786891400814 126.46621311455965 2.860513301658992
      vertex 63.187068640568896 129.21293135943114 2.7164546525423
      vertex 59.211838848888874 127.17139830440283 2.8235280644525247
    endloop
  endfacet
  facet normal 0 0 1
    outer loop
      vertex 4 -8.881784197001252e-16 15
      vertex 63.948626956674616 0 15
      vertex 63.912486493587494 0.005360931158065796 15
    endloop
  endfacet
  facet normal 0 0 1
    outer loop
      vertex 4 -8.881784197001252e-16 15
      vertex 63.912486493587494 0.005360931158065796 15
      vertex 62.89388394355774 0.26050759106874466 15
    endloop
  endfacet
  facet normal 0 0 1
    outer loop
      vertex 4 -8.881784197001252e-16 15
      vertex 62.89388394355774 0.26050759106874466 15
      vertex 61.90519496798515 0.6142661646008492 15
    endloop
  endfacet
  facet normal 0 0 1
    outer loop
      vertex 4 -8.881784197001252e-16 15
      vertex 61.90519496798515 0.6142661646008492 15
      vertex 60.95594121515751 1.0632297545671463 15
    endloop
  endfacet
  facet normal 0 0 1
    outer loop
      vertex 4 -8.881784197001252e-16 15
      vertex 60.95594121515751 1.0632297545671463 15
      vertex 60.05526450276375 1.6030745953321457 15
    endloop
  endfacet
  facet normal 1.4815659086604593e-17 -1 0
    outer loop
      vertex 4 -8.881784197001252e-16 15
      vertex 63.948626956674616 0 9.49335664269119
      vertex 63.948626956674616 0 15
    endloop
  endfacet
  facet normal 1.8426214317750385e-17 -1 3.930667279752996e-17
    outer loop
      vertex 4 -8.881784197001252e-16 15
      vertex 81 0 1.5
      vertex 63.948626956674616 0 9.49335664269119
    endloop
  endfacet
  facet normal 0 0 1
    outer loop
      vertex 55.5 62.229999996721745 15
      vertex 60 52.729999996721745 15
      vertex 60 63.729999996721745 15
    endloop
  endfacet
  facet normal 0 0 1
    outer loop
      vertex 55.5 54.229999996721745 15
      vertex 60 52.729999996721745 15
      vertex 55.5 62.229999996721745 15
    endloop
  endfacet
  facet normal 0 0 1
    outer loop
      vertex 55.29999999701977 54.229999996721745 15
      vertex 55.5 54.229999996721745 15
      vertex 55.5 62.229999996721745 15
    endloop
  endfacet
  facet normal 0 0 1
    outer loop
      vertex 55.29999999701977 54.229999996721745 15
      vertex 55.5 62.229999996721745 15
      vertex 55.29999999701977 62.229999996721745 15
    endloop
  endfacet
  facet normal 0.777145961457023 -0.6293203910497732 0
    outer loop
      vertex 82.4862896509548 0.6617387872822835 9.458650062960269
      vertex 82.4862896509548 0.6617387872822835 1.5
      vertex 82.61803398874989 0.8244294954150533 9.450117333518069
    endloop
  endfacet
  facet normal 0.8386705679454259 -0.544639035015024 0
    outer loop
      vertex 82.61803398874989 0.8244294954150533 9.450117333518069
      vertex 82.61803398874989 0.8244294954150533 1.5
      vertex 82.73205080756887 1 9.44090909027635
    endloop
  endfacet
  facet normal 0.7071067811865348 -0.7071067811865602 0
    outer loop
      vertex 82.33826121271773 0.513710349045212 9.466413792233595
      vertex 82.33826121271773 0.513710349045212 1.5
      vertex 82.4862896509548 0.6617387872822835 9.458650062960269
    endloop
  endfacet
  facet normal 0.6293203910498356 -0.7771459614569723 0
    outer loop
      vertex 82.17557050458495 0.3819660112501051 9.473323460295461
      vertex 82.17557050458495 0.3819660112501051 1.5
      vertex 82.33826121271773 0.513710349045212 9.466413792233595
    endloop
  endfacet
  facet normal 0.5446390350150087 -0.838670567945436 0
    outer loop
      vertex 82 0.26794919243112325 9.479303363376644
      vertex 82 0.26794919243112325 1.5
      vertex 82.17557050458495 0.3819660112501051 9.473323460295461
    endloop
  endfacet
  facet normal 0.4539904997395579 -0.8910065241883622 0
    outer loop
      vertex 81.8134732861516 0.1729090847147985 9.484287984407608
      vertex 81.8134732861516 0.1729090847147985 1.5
      vertex 82 0.26794919243112325 9.479303363376644
    endloop
  endfacet
  facet normal 0.933580426497194 -0.3583679495453208 0
    outer loop
      vertex 82.8270909152852 1.1865267138483997 9.431126220675019
      vertex 82.8270909152852 1.1865267138483997 1.5
      vertex 82.90211303259031 1.381966011250105 9.420875907880623
    endloop
  endfacet
  facet normal 0.9659258262890684 -0.25881904510252013 0
    outer loop
      vertex 82.90211303259031 1.381966011250105 9.420875907880623
      vertex 82.90211303259031 1.381966011250105 1.5
      vertex 82.95629520146761 1.5841766183644816 9.410270456465154
    endloop
  endfacet
  facet normal 0.8910065241883588 -0.45399049973956435 0
    outer loop
      vertex 82.73205080756887 1 9.44090909027635
      vertex 82.73205080756887 1 1.5
      vertex 82.8270909152852 1.1865267138483997 9.431126220675019
    endloop
  endfacet
  facet normal 0.9876883405951283 -0.15643446504028996 0
    outer loop
      vertex 82.95629520146761 1.5841766183644816 9.410270456465154
      vertex 82.95629520146761 1.5841766183644816 1.5
      vertex 82.98904379073656 1.7909430734646934 9.399426061973656
    endloop
  endfacet
  facet normal 0.9986295347545772 -0.052335956242883015 0
    outer loop
      vertex 82.98904379073656 1.7909430734646934 9.399426061973656
      vertex 82.98904379073656 1.7909430734646934 1.5
      vertex 83 2 9.38846153786151
    endloop
  endfacet
  facet normal 0.35836794954527956 -0.9335804264972096 0
    outer loop
      vertex 81.61803398874989 0.09788696740969272 9.488222710837238
      vertex 81.61803398874989 0.09788696740969272 1.5
      vertex 81.8134732861516 0.1729090847147985 9.484287984407608
    endloop
  endfacet
  facet normal 0.25881904510251486 -0.9659258262890699 0
    outer loop
      vertex 81.4158233816355 0.04370479853238862 9.491064432979382
      vertex 81.4158233816355 0.04370479853238862 1.5
      vertex 81.61803398874989 0.09788696740969272 9.488222710837238
    endloop
  endfacet
  facet normal 0.15643446504024514 -0.9876883405951355 0
    outer loop
      vertex 81.20905692653531 0.010956209263452976 9.492782016331576
      vertex 81.20905692653531 0.010956209263452976 1.5
      vertex 81.4158233816355 0.04370479853238862 9.491064432979382
    endloop
  endfacet
  facet normal 0.05233595624294114 -0.998629534754574 0
    outer loop
      vertex 81 0 9.49335664269119
      vertex 81 0 1.5
      vertex 81.20905692653531 0.010956209263452976 9.492782016331576
    endloop
  endfacet
  facet normal 0 -1 0
    outer loop
      vertex 63.948626956674616 0 9.49335664269119
      vertex 81 0 1.5
      vertex 81 0 9.49335664269119
    endloop
  endfacet
  facet normal 0.8386705679454259 -0.5446390350150241 0
    outer loop
      vertex 82.73205080756887 1 9.44090909027635
      vertex 82.61803398874989 0.8244294954150533 1.5
      vertex 82.73205080756887 1 1.5
    endloop
  endfacet
  facet normal 0.7771459614570229 -0.6293203910497731 0
    outer loop
      vertex 82.61803398874989 0.8244294954150533 9.450117333518069
      vertex 82.4862896509548 0.6617387872822835 1.5
      vertex 82.61803398874989 0.8244294954150533 1.5
    endloop
  endfacet
  facet normal 0.7071067811865347 -0.7071067811865602 0
    outer loop
      vertex 82.4862896509548 0.6617387872822835 9.458650062960269
      vertex 82.33826121271773 0.513710349045212 1.5
      vertex 82.4862896509548 0.6617387872822835 1.5
    endloop
  endfacet
  facet normal 0.9335804264971939 -0.35836794954532075 0
    outer loop
      vertex 82.90211303259031 1.381966011250105 9.420875907880623
      vertex 82.8270909152852 1.1865267138483997 1.5
      vertex 82.90211303259031 1.381966011250105 1.5
    endloop
  endfacet
  facet normal 0.8910065241883589 -0.45399049973956446 0
    outer loop
      vertex 82.8270909152852 1.1865267138483997 9.431126220675019
      vertex 82.73205080756887 1 1.5
      vertex 82.8270909152852 1.1865267138483997 1.5
    endloop
  endfacet
  facet normal 0.9659258262890684 -0.25881904510252013 0
    outer loop
      vertex 82.95629520146761 1.5841766183644816 9.410270456465154
      vertex 82.90211303259031 1.381966011250105 1.5
      vertex 82.95629520146761 1.5841766183644816 1.5
    endloop
  endfacet
  facet normal 0.9876883405951284 -0.15643446504028996 0
    outer loop
      vertex 82.98904379073656 1.7909430734646934 9.399426061973656
      vertex 82.95629520146761 1.5841766183644816 1.5
      vertex 82.98904379073656 1.7909430734646934 1.5
    endloop
  endfacet
  facet normal 0.9986295347545772 -0.052335956242883015 0
    outer loop
      vertex 83 2 9.38846153786151
      vertex 82.98904379073656 1.7909430734646934 1.5
      vertex 83 2 1.5
    endloop
  endfacet
  facet normal 0.6293203910498357 -0.7771459614569723 0
    outer loop
      vertex 82.33826121271773 0.513710349045212 9.466413792233595
      vertex 82.17557050458495 0.3819660112501051 1.5
      vertex 82.33826121271773 0.513710349045212 1.5
    endloop
  endfacet
  facet normal 0.5446390350150085 -0.838670567945436 0
    outer loop
      vertex 82.17557050458495 0.3819660112501051 9.473323460295461
      vertex 82 0.26794919243112325 1.5
      vertex 82.17557050458495 0.3819660112501051 1.5
    endloop
  endfacet
  facet normal 0.3583679495452796 -0.9335804264972097 0
    outer loop
      vertex 81.8134732861516 0.1729090847147985 9.484287984407608
      vertex 81.61803398874989 0.09788696740969272 1.5
      vertex 81.8134732861516 0.1729090847147985 1.5
    endloop
  endfacet
  facet normal 0.4539904997395579 -0.8910065241883623 0
    outer loop
      vertex 82 0.26794919243112325 9.479303363376644
      vertex 81.8134732861516 0.1729090847147985 1.5
      vertex 82 0.26794919243112325 1.5
    endloop
  endfacet
  facet normal 0.2588190451025148 -0.9659258262890699 0
    outer loop
      vertex 81.61803398874989 0.09788696740969272 9.488222710837238
      vertex 81.4158233816355 0.04370479853238862 1.5
      vertex 81.61803398874989 0.09788696740969272 1.5
    endloop
  endfacet
  facet normal 0.15643446504024514 -0.9876883405951355 0
    outer loop
      vertex 81.4158233816355 0.04370479853238862 9.491064432979382
      vertex 81.20905692653531 0.010956209263452976 1.5
      vertex 81.4158233816355 0.04370479853238862 1.5
    endloop
  endfacet
  facet normal 0.05233595624294114 -0.9986295347545739 0
    outer loop
      vertex 81.20905692653531 0.010956209263452976 9.492782016331576
      vertex 81 0 1.5
      vertex 81.20905692653531 0.010956209263452976 1.5
    endloop
  endfacet
  facet normal 0.6601410503591977 -0.25340440728341584 -0.7071067811865447
    outer loop
      vertex 82.8270909152852 1.1865267138483997 1.5
      vertex 81.47357049024168 1.8461276201658006 0
      vertex 82.90211303259031 1.381966011250105 1.5
    endloop
  endfacet
  facet normal 0.6830127018922197 -0.18301270189221897 -0.7071067811865471
    outer loop
      vertex 82.90211303259031 1.381966011250105 1.5
      vertex 81.48706026494904 1.8964721447563297 0
      vertex 82.95629520146761 1.5841766183644816 1.5
    endloop
  endfacet
  facet normal 0.6984011233336986 -0.11061587104127812 -0.7071067811865526
    outer loop
      vertex 82.95629520146761 1.5841766183644816 1.5
      vertex 81.4952137054697 1.9479509421935388 0
      vertex 82.98904379073656 1.7909430734646934 1.5
    endloop
  endfacet
  facet normal 0.7061377159181237 -0.03700710955922475 -0.7071067811865522
    outer loop
      vertex 82.98904379073656 1.7909430734646934 1.5
      vertex 81.4952137054697 1.9479509421935388 0
      vertex 83 2 1.5
    endloop
  endfacet
  facet normal 0.4999999999999913 -0.5000000000000093 -0.7071067811865471
    outer loop
      vertex 82.33826121271773 0.513710349045212 1.5
      vertex 81.37004263499801 1.666812114885138 0
      vertex 82.4862896509548 0.6617387872822835 1.5
    endloop
  endfacet
  facet normal 0.44499671605030827 -0.549525179317964 -0.7071067811865481
    outer loop
      vertex 82.17557050458495 0.3819660112501051 1.5
      vertex 81.33318788511485 1.629957365001986 0
      vertex 82.33826121271773 0.513710349045212 1.5
    endloop
  endfacet
  facet normal 0.3851179549580087 -0.593029645775789 -0.70710678118655
    outer loop
      vertex 82 0.26794919243112325 1.5
      vertex 81.29268265903829 1.5971568796642472 0
      vertex 82.17557050458495 0.3819660112501051 1.5
    endloop
  endfacet
  facet normal 0.5930296457757857 -0.38511795495802215 -0.7071067811865454
    outer loop
      vertex 82.61803398874989 0.8244294954150533 1.5
      vertex 81.43122997214675 1.7510292594984467 0
      vertex 82.73205080756887 1 1.5
    endloop
  endfacet
  facet normal 0.6300367553350483 -0.32101976096011764 -0.7071067811865429
    outer loop
      vertex 82.73205080756887 1 1.5
      vertex 81.45489217814225 1.7974689535686013 0
      vertex 82.8270909152852 1.1865267138483997 1.5
    endloop
  endfacet
  facet normal 0.5495251793179984 -0.44499671605026303 -0.7071067811865499
    outer loop
      vertex 82.4862896509548 0.6617387872822835 1.5
      vertex 81.40284312033575 1.7073173409617013 0
      vertex 82.61803398874989 0.8244294954150533 1.5
    endloop
  endfacet
  facet normal 0.3210197609601105 -0.6300367553350457 -0.7071067811865485
    outer loop
      vertex 81.8134732861516 0.1729090847147985 1.5
      vertex 81.24897074050156 1.5687700278532581 0
      vertex 82 0.26794919243112325 1.5
    endloop
  endfacet
  facet normal 0.25340440728338587 -0.6601410503592066 -0.7071067811865472
    outer loop
      vertex 81.61803398874989 0.09788696740969272 1.5
      vertex 81.2025310464314 1.545107821857771 0
      vertex 81.8134732861516 0.1729090847147985 1.5
    endloop
  endfacet
  facet normal 0.1830127018922154 -0.6830127018922215 -0.7071067811865465
    outer loop
      vertex 81.4158233816355 0.04370479853238862 1.5
      vertex 81.15387237983418 1.5264295097583203 0
      vertex 81.61803398874989 0.09788696740969272 1.5
    endloop
  endfacet
  facet normal 0.037007109559266095 -0.7061377159181261 -0.7071067811865477
    outer loop
      vertex 81 0 1.5
      vertex 81.05204905780647 1.5047862945302937 0
      vertex 81.20905692653531 0.010956209263452976 1.5
    endloop
  endfacet
  facet normal 0.11061587104124727 -0.698401123333709 -0.7071067811865472
    outer loop
      vertex 81.20905692653531 0.010956209263452976 1.5
      vertex 81.10352785524367 1.5129397350509635 0
      vertex 81.4158233816355 0.04370479853238862 1.5
    endloop
  endfacet
  facet normal 0.6300367553349762 -0.3210197609602448 -0.7071067811865495
    outer loop
      vertex 82.73205080756887 1 1.5
      vertex 81.43122997214675 1.7510292594984467 0
      vertex 81.45489217814225 1.7974689535686013 0
    endloop
  endfacet
  facet normal 0.5930296457756961 -0.3851179549581487 -0.7071067811865518
    outer loop
      vertex 82.61803398874989 0.8244294954150533 1.5
      vertex 81.40284312033575 1.7073173409617013 0
      vertex 81.43122997214675 1.7510292594984467 0
    endloop
  endfacet
  facet normal 0.5495251793181284 -0.4449967160501161 -0.7071067811865412
    outer loop
      vertex 82.4862896509548 0.6617387872822835 1.5
      vertex 81.37004263499801 1.666812114885138 0
      vertex 81.40284312033575 1.7073173409617013 0
    endloop
  endfacet
  facet normal 0.6830127018922543 -0.1830127018921101 -0.707106781186542
    outer loop
      vertex 82.90211303259031 1.381966011250105 1.5
      vertex 81.47357049024168 1.8461276201658006 0
      vertex 81.48706026494904 1.8964721447563297 0
    endloop
  endfacet
  facet normal 0.6601410503592282 -0.2534044072833461 -0.7071067811865411
    outer loop
      vertex 82.8270909152852 1.1865267138483997 1.5
      vertex 81.45489217814225 1.7974689535686013 0
      vertex 81.47357049024168 1.8461276201658006 0
    endloop
  endfacet
  facet normal 0.6984011233337452 -0.11061587104104893 -0.7071067811865425
    outer loop
      vertex 82.95629520146761 1.5841766183644816 1.5
      vertex 81.48706026494904 1.8964721447563297 0
      vertex 81.4952137054697 1.9479509421935388 0
    endloop
  endfacet
  facet normal 0.7061377159181225 -0.03700710955936815 -0.707106781186546
    outer loop
      vertex 83 2 1.5
      vertex 81.4952137054697 1.9479509421935388 0
      vertex 81.5 2.039278882353771 0
    endloop
  endfacet
  facet normal 0.11061587104122317 -0.6984011233337116 -0.7071067811865485
    outer loop
      vertex 81.20905692653531 0.010956209263452976 1.5
      vertex 81.05204905780647 1.5047862945302937 0
      vertex 81.10352785524367 1.5129397350509635 0
    endloop
  endfacet
  facet normal 0.44499671605018504 -0.5495251793180556 -0.7071067811865546
    outer loop
      vertex 82.17557050458495 0.3819660112501051 1.5
      vertex 81.29268265903829 1.5971568796642472 0
      vertex 81.33318788511485 1.629957365001986 0
    endloop
  endfacet
  facet normal 0.4999999999999313 -0.5000000000000638 -0.7071067811865511
    outer loop
      vertex 82.33826121271773 0.513710349045212 1.5
      vertex 81.33318788511485 1.629957365001986 0
      vertex 81.37004263499801 1.666812114885138 0
    endloop
  endfacet
  facet normal 0.38511795495808127 -0.5930296457757464 -0.707106781186546
    outer loop
      vertex 82 0.26794919243112325 1.5
      vertex 81.24897074050156 1.5687700278532581 0
      vertex 81.29268265903829 1.5971568796642472 0
    endloop
  endfacet
  facet normal 0.3210197609601647 -0.630036755335021 -0.7071067811865457
    outer loop
      vertex 81.8134732861516 0.1729090847147985 1.5
      vertex 81.2025310464314 1.545107821857771 0
      vertex 81.24897074050156 1.5687700278532581 0
    endloop
  endfacet
  facet normal 0.25340440728338776 -0.6601410503592057 -0.7071067811865471
    outer loop
      vertex 81.61803398874989 0.09788696740969272 1.5
      vertex 81.15387237983418 1.5264295097583203 0
      vertex 81.2025310464314 1.545107821857771 0
    endloop
  endfacet
  facet normal 0.1830127018922164 -0.6830127018922212 -0.7071067811865465
    outer loop
      vertex 81.4158233816355 0.04370479853238862 1.5
      vertex 81.10352785524367 1.5129397350509635 0
      vertex 81.15387237983418 1.5264295097583203 0
    endloop
  endfacet
  facet normal 0.03700710955926971 -0.7061377159181261 -0.7071067811865475
    outer loop
      vertex 81 0 1.5
      vertex 80.96072111764622 1.5 0
      vertex 81.05204905780647 1.5047862945302937 0
    endloop
  endfacet
  facet normal 0 0 -1
    outer loop
      vertex 81.05204905780647 1.5047862945302937 0
      vertex 81.15387237983418 1.5264295097583203 0
      vertex 81.10352785524367 1.5129397350509635 0
    endloop
  endfacet
  facet normal 0 0 -1
    outer loop
      vertex 81.05204905780647 1.5047862945302937 0
      vertex 81.48706026494904 1.8964721447563297 0
      vertex 81.47357049024168 1.8461276201658006 0
    endloop
  endfacet
  facet normal 0 0 -1
    outer loop
      vertex 81.05204905780647 1.5047862945302937 0
      vertex 81.47357049024168 1.8461276201658006 0
      vertex 81.45489217814225 1.7974689535686013 0
    endloop
  endfacet
  facet normal 0 0 -1
    outer loop
      vertex 81.05204905780647 1.5047862945302937 0
      vertex 81.45489217814225 1.7974689535686013 0
      vertex 81.43122997214675 1.7510292594984467 0
    endloop
  endfacet
  facet normal 0 0 -1
    outer loop
      vertex 81.05204905780647 1.5047862945302937 0
      vertex 81.40284312033575 1.7073173409617013 0
      vertex 81.37004263499801 1.666812114885138 0
    endloop
  endfacet
  facet normal 0 0 -1
    outer loop
      vertex 81.05204905780647 1.5047862945302937 0
      vertex 81.37004263499801 1.666812114885138 0
      vertex 81.33318788511485 1.629957365001986 0
    endloop
  endfacet
  facet normal 0 0 -1
    outer loop
      vertex 81.05204905780647 1.5047862945302937 0
      vertex 81.33318788511485 1.629957365001986 0
      vertex 81.29268265903829 1.5971568796642472 0
    endloop
  endfacet
  facet normal 0 0 -1
    outer loop
      vertex 81.05204905780647 1.5047862945302937 0
      vertex 81.43122997214675 1.7510292594984467 0
      vertex 81.40284312033575 1.7073173409617013 0
    endloop
  endfacet
  facet normal 0 0 -1
    outer loop
      vertex 80.96072111764622 1.5 0
      vertex 81.5 2.039278882353771 0
      vertex 81.4952137054697 1.9479509421935388 0
    endloop
  endfacet
  facet normal 0 0 -1
    outer loop
      vertex 81.05204905780647 1.5047862945302937 0
      vertex 81.4952137054697 1.9479509421935388 0
      vertex 81.48706026494904 1.8964721447563297 0
    endloop
  endfacet
  facet normal 0 0 -1
    outer loop
      vertex 81.05204905780647 1.5047862945302937 0
      vertex 81.29268265903829 1.5971568796642472 0
      vertex 81.24897074050156 1.5687700278532581 0
    endloop
  endfacet
  facet normal 0 0 -1
    outer loop
      vertex 81.05204905780647 1.5047862945302937 0
      vertex 81.24897074050156 1.5687700278532581 0
      vertex 81.2025310464314 1.545107821857771 0
    endloop
  endfacet
  facet normal 0 0 -1
    outer loop
      vertex 81.05204905780647 1.5047862945302937 0
      vertex 81.2025310464314 1.545107821857771 0
      vertex 81.15387237983418 1.5264295097583203 0
    endloop
  endfacet
  facet normal 0 0 -1
    outer loop
      vertex 80.96072111764622 1.5 0
      vertex 81.4952137054697 1.9479509421935388 0
      vertex 81.05204905780647 1.5047862945302937 0
    endloop
  endfacet
  facet normal 1 0 0
    outer loop
      vertex 83 2 9.38846153786151
      vertex 83 2 1.5
      vertex 83 108.57157287525382 1.5
    endloop
  endfacet
  facet normal 0.7071067811865475 0 -0.7071067811865475
    outer loop
      vertex 83 2 1.5
      vertex 81.5 2.039278882353771 0
      vertex 83 108.57157287525382 1.5
    endloop
  endfacet
  facet normal 8.156324460694934e-18 -0.7071067811865475 -0.7071067811865475
    outer loop
      vertex 4 -8.881784197001252e-16 1.5
      vertex 80.96072111764622 1.5 0
      vertex 81 0 1.5
    endloop
  endfacet
  facet normal 0 0 -1
    outer loop
      vertex 4.039278882353756 1.4999999999999991 0
      vertex 81.5 2.039278882353771 0
      vertex 80.96072111764622 1.5 0
    endloop
  endfacet
  facet normal 0 0 -1
    outer loop
      vertex 1.5 4.039278882353813 0
      vertex 81.5 108.52948693534161 0
      vertex 81.5 2.039278882353771 0
    endloop
  endfacet
  facet normal 0 0 1
    outer loop
      vertex 62.89388394355774 129.13949241489172 15
      vertex 63.187068640568896 129.21293135943114 15
      vertex 63 129.4 15
    endloop
  endfacet
  facet normal 0.7071067811864938 0.7071067811866012 0
    outer loop
      vertex 63 129.4 15
      vertex 63.187068640568896 129.21293135943114 15
      vertex 63 129.4 1.5
    endloop
  endfacet
  facet normal 0 0 1
    outer loop
      vertex 55.5 107.52000000327826 15
      vertex 60 98.02000000327826 15
      vertex 60 109.02000000327826 15
    endloop
  endfacet
  facet normal 0 0 1
    outer loop
      vertex 55.5 99.52000000327826 15
      vertex 60 98.02000000327826 15
      vertex 55.5 107.52000000327826 15
    endloop
  endfacet
  facet normal 0 0 1
    outer loop
      vertex 55.29999999701977 99.52000000327826 15
      vertex 55.5 99.52000000327826 15
      vertex 55.5 107.52000000327826 15
    endloop
  endfacet
  facet normal 0 0 1
    outer loop
      vertex 55.29999999701977 99.52000000327826 15
      vertex 55.5 107.52000000327826 15
      vertex 55.29999999701977 107.52000000327826 15
    endloop
  endfacet
  facet normal 0 0 1
    outer loop
      vertex 0 129.4 15
      vertex 62.89388394355774 129.13949241489172 15
      vertex 63 129.4 15
    endloop
  endfacet
  facet normal 0 0 1
    outer loop
      vertex 0 129.4 15
      vertex 61.90519496798515 128.78573384135962 15
      vertex 62.89388394355774 129.13949241489172 15
    endloop
  endfacet
  facet normal 1 0 0
    outer loop
      vertex 83 2 9.38846153786151
      vertex 83 108.57157287525382 1.5
      vertex 83 108.57157287525382 3.7990433835546913
    endloop
  endfacet
  facet normal 0.7071067811865476 0 -0.7071067811865476
    outer loop
      vertex 81.5 2.039278882353771 0
      vertex 81.5 108.52948693534161 0
      vertex 83 108.57157287525382 1.5
    endloop
  endfacet
  facet normal 0.7071067811864938 0.7071067811866013 0
    outer loop
      vertex 63.187068640568896 129.21293135943114 15
      vertex 63.187068640568896 129.21293135943114 2.7164546525423
      vertex 63 129.4 1.5
    endloop
  endfacet
  facet normal 0.9984268150178183 0.05607044723715793 0
    outer loop
      vertex 83 108.57157287525382 3.7990433835546913
      vertex 83 108.57157287525382 1.5
      vertex 82.98742441978649 108.79550182746044 3.7872988580966336
    endloop
  endfacet
  facet normal 0.9858710185182327 0.16750622330475468 0
    outer loop
      vertex 82.98742441978649 108.79550182746044 3.7872988580966336
      vertex 82.98742441978649 108.79550182746044 1.5
      vertex 82.94985582436365 109.01661474316644 3.775702026860545
    endloop
  endfacet
  facet normal 0.9609173219450945 0.276835511424867 0
    outer loop
      vertex 82.94985582436365 109.01661474316644 3.775702026860545
      vertex 82.94985582436365 109.01661474316644 1.5
      vertex 82.88776666061673 109.23213099916416 3.7643987267278547
    endloop
  endfacet
  facet normal 0.9238795325112894 0.3826834323650838 8.568615613904046e-19
    outer loop
      vertex 82.80193773580484 109.43934035348893 3.753531103256062
      vertex 82.88776666061673 109.23213099916416 3.7643987267278547
      vertex 82.88776666061673 109.23213099916416 1.5
    endloop
  endfacet
  facet normal 0.8752234219087774 0.4837188871051966 0
    outer loop
      vertex 82.80193773580484 109.43934035348893 3.753531103256062
      vertex 82.80193773580484 109.43934035348893 1.5
      vertex 82.69344839845658 109.63563702828449 3.743235823115862
    endloop
  endfacet
  facet normal 0.8155608689592546 0.5786712961798137 -1.1933513675861974e-18
    outer loop
      vertex 82.56366296493607 109.81855247897128 3.7336423554284828
      vertex 82.69344839845658 109.63563702828449 3.743235823115862
      vertex 82.69344839845658 109.63563702828449 1.5
    endloop
  endfacet
  facet normal 0.7456421648831669 0.6663465779520024 -1.9346023556073367e-18
    outer loop
      vertex 82.4142135623731 109.98578643762691 3.72487134361635
      vertex 82.56366296493607 109.81855247897128 3.7336423554284828
      vertex 82.56366296493607 109.81855247897128 1.5
    endloop
  endfacet
  facet normal 0.9984268150178183 0.05607044723715792 0
    outer loop
      vertex 82.98742441978649 108.79550182746044 3.7872988580966336
      vertex 83 108.57157287525382 1.5
      vertex 82.98742441978649 108.79550182746044 1.5
    endloop
  endfacet
  facet normal 0.9858710185182328 0.16750622330475465 0
    outer loop
      vertex 82.94985582436365 109.01661474316644 3.775702026860545
      vertex 82.98742441978649 108.79550182746044 1.5
      vertex 82.94985582436365 109.01661474316644 1.5
    endloop
  endfacet
  facet normal 0.9609173219450945 0.276835511424867 0
    outer loop
      vertex 82.88776666061673 109.23213099916416 3.7643987267278547
      vertex 82.94985582436365 109.01661474316644 1.5
      vertex 82.88776666061673 109.23213099916416 1.5
    endloop
  endfacet
  facet normal 0.9238795325112892 0.38268343236508373 0
    outer loop
      vertex 82.80193773580484 109.43934035348893 3.753531103256062
      vertex 82.88776666061673 109.23213099916416 1.5
      vertex 82.80193773580484 109.43934035348893 1.5
    endloop
  endfacet
  facet normal 0.8752234219087776 0.4837188871051966 0
    outer loop
      vertex 82.69344839845658 109.63563702828449 3.743235823115862
      vertex 82.80193773580484 109.43934035348893 1.5
      vertex 82.69344839845658 109.63563702828449 1.5
    endloop
  endfacet
  facet normal 0.8155608689592546 0.5786712961798136 0
    outer loop
      vertex 82.56366296493607 109.81855247897128 3.7336423554284828
      vertex 82.69344839845658 109.63563702828449 1.5
      vertex 82.56366296493607 109.81855247897128 1.5
    endloop
  endfacet
  facet normal 0.745642164883167 0.6663465779520025 0
    outer loop
      vertex 82.4142135623731 109.98578643762691 3.72487134361635
      vertex 82.56366296493607 109.81855247897128 1.5
      vertex 82.4142135623731 109.98578643762691 1.5
    endloop
  endfacet
  facet normal 0.7059943714175851 0.039647793465556844 -0.7071067811865486
    outer loop
      vertex 83 108.57157287525382 1.5
      vertex 81.49450747042223 108.62729048574886 0
      vertex 82.98742441978649 108.79550182746044 1.5
    endloop
  endfacet
  facet normal 0.6971160825695293 0.11844478638973989 -0.707106781186549
    outer loop
      vertex 82.98742441978649 108.79550182746044 1.5
      vertex 81.49450747042223 108.62729048574886 0
      vertex 82.94985582436365 109.01661474316644 1.5
    endloop
  endfacet
  facet normal 0.6794711545069912 0.19575226740176888 -0.7071067811865496
    outer loop
      vertex 82.94985582436365 109.01661474316644 1.5
      vertex 81.48515971817318 108.68230741496383 0
      vertex 82.88776666061673 109.23213099916416 1.5
    endloop
  endfacet
  facet normal 0.6532814824381918 0.27059805007309495 -0.7071067811865456
    outer loop
      vertex 82.80193773580484 109.43934035348893 1.5
      vertex 82.88776666061673 109.23213099916416 1.5
      vertex 81.46971080097191 108.73593179309222 0
    endloop
  endfacet
  facet normal 0.61887641668499 0.34204090526009384 -0.707106781186549
    outer loop
      vertex 82.69344839845658 109.63563702828449 1.5
      vertex 82.80193773580484 109.43934035348893 1.5
      vertex 81.4483549979158 108.78748926246561 0
    endloop
  endfacet
  facet normal 0.5766886209114794 0.40918239760675335 -0.7071067811865509
    outer loop
      vertex 82.56366296493607 109.81855247897128 1.5
      vertex 82.69344839845658 109.63563702828449 1.5
      vertex 81.42136087061934 108.8363314579921 0
    endloop
  endfacet
  facet normal 0.5272486311275034 0.4711781838903097 -0.7071067811865498
    outer loop
      vertex 82.4142135623731 109.98578643762691 1.5
      vertex 82.56366296493607 109.81855247897128 1.5
      vertex 81.38906788589549 108.88184416072427 0
    endloop
  endfacet
  facet normal 0.7059943714175849 0.03964779346557638 -0.7071067811865477
    outer loop
      vertex 83 108.57157287525382 1.5
      vertex 81.5 108.52948693534161 0
      vertex 81.49450747042223 108.62729048574886 0
    endloop
  endfacet
  facet normal 0.6971160825695076 0.118444786389838 -0.7071067811865538
    outer loop
      vertex 82.94985582436365 109.01661474316644 1.5
      vertex 81.49450747042223 108.62729048574886 0
      vertex 81.48515971817318 108.68230741496383 0
    endloop
  endfacet
  facet normal 0.6794711545070667 0.19575226740154597 -0.7071067811865387
    outer loop
      vertex 82.88776666061673 109.23213099916416 1.5
      vertex 81.48515971817318 108.68230741496383 0
      vertex 81.46971080097191 108.73593179309222 0
    endloop
  endfacet
  facet normal 0.6532814824381117 0.27059805007326515 -0.7071067811865547
    outer loop
      vertex 82.80193773580484 109.43934035348893 1.5
      vertex 81.46971080097191 108.73593179309222 0
      vertex 81.4483549979158 108.78748926246561 0
    endloop
  endfacet
  facet normal 0.6188764166849753 0.3420409052601176 -0.7071067811865503
    outer loop
      vertex 82.69344839845658 109.63563702828449 1.5
      vertex 81.4483549979158 108.78748926246561 0
      vertex 81.42136087061934 108.8363314579921 0
    endloop
  endfacet
  facet normal 0.5766886209114559 0.40918239760678343 -0.7071067811865527
    outer loop
      vertex 82.56366296493607 109.81855247897128 1.5
      vertex 81.42136087061934 108.8363314579921 0
      vertex 81.38906788589549 108.88184416072427 0
    endloop
  endfacet
  facet normal 0 0 -1
    outer loop
      vertex 81.32379413708875 108.95488551935162 0
      vertex 81.49450747042223 108.62729048574886 0
      vertex 81.5 108.52948693534161 0
    endloop
  endfacet
  facet normal 0 0 -1
    outer loop
      vertex 81.49450747042223 108.62729048574886 0
      vertex 81.38906788589549 108.88184416072427 0
      vertex 81.48515971817318 108.68230741496383 0
    endloop
  endfacet
  facet normal 0 0 -1
    outer loop
      vertex 81.38906788589549 108.88184416072427 0
      vertex 81.46971080097191 108.73593179309222 0
      vertex 81.48515971817318 108.68230741496383 0
    endloop
  endfacet
  facet normal 0 0 -1
    outer loop
      vertex 81.4483549979158 108.78748926246561 0
      vertex 81.46971080097191 108.73593179309222 0
      vertex 81.38906788589549 108.88184416072427 0
    endloop
  endfacet
  facet normal 0 0 -1
    outer loop
      vertex 81.4483549979158 108.78748926246561 0
      vertex 81.38906788589549 108.88184416072427 0
      vertex 81.42136087061934 108.8363314579921 0
    endloop
  endfacet
  facet normal 0 0 -1
    outer loop
      vertex 81.32379413708875 108.95488551935162 0
      vertex 81.38906788589549 108.88184416072427 0
      vertex 81.49450747042223 108.62729048574886 0
    endloop
  endfacet
  facet normal 0.5272486311275446 0.4711781838902674 -0.7071067811865474
    outer loop
      vertex 82.4142135623731 109.98578643762691 1.5
      vertex 81.38906788589549 108.88184416072427 0
      vertex 81.32379413708875 108.95488551935162 0
    endloop
  endfacet
  facet normal 0 0 -1
    outer loop
      vertex 81.32379413708875 108.95488551935162 0
      vertex 81.5 108.52948693534161 0
      vertex 68.37867965644037 121.9 0
    endloop
  endfacet
  facet normal 0.7071067811865471 0.707106781186548 0
    outer loop
      vertex 82.4142135623731 109.98578643762691 3.72487134361635
      vertex 82.4142135623731 109.98578643762691 1.5
      vertex 70.5 121.9 3.10000000332219
    endloop
  endfacet
  facet normal 0.7071067811865471 0.7071067811865479 -1.8920389495607698e-16
    outer loop
      vertex 82.4142135623731 109.98578643762691 1.5
      vertex 70.5 121.9 1.5
      vertex 70.5 121.9 3.10000000332219
    endloop
  endfacet
  facet normal 0.4999999999999993 0.4999999999999999 -0.707106781186548
    outer loop
      vertex 82.4142135623731 109.98578643762691 1.5
      vertex 81.32379413708875 108.95488551935162 0
      vertex 70.5 121.9 1.5
    endloop
  endfacet
  facet normal 0.5000000000000013 0.5000000000000013 -0.7071067811865457
    outer loop
      vertex 81.32379413708875 108.95488551935162 0
      vertex 68.37867965644037 121.9 0
      vertex 70.5 121.9 1.5
    endloop
  endfacet
  facet normal 0 0 -1
    outer loop
      vertex 81.5 108.52948693534161 0
      vertex 68 121.9 0
      vertex 68.37867965644037 121.9 0
    endloop
  endfacet
  facet normal 0.7071067811865487 0.7071067811865462 -6.8577629197689504e-15
    outer loop
      vertex 63.187068640568896 129.21293135943114 2.7164546525423
      vertex 68 124.40000000000002 2.96888112228509
      vertex 68 124.4 1.5
    endloop
  endfacet
  facet normal 0.7071067811865475 0.7071067811865475 -1.6515513440814595e-14
    outer loop
      vertex 63.187068640568896 129.21293135943114 2.7164546525423
      vertex 68 124.4 1.5
      vertex 63 129.4 1.5
    endloop
  endfacet
  facet normal 0.5000000000000013 0.5000000000000013 -0.7071067811865456
    outer loop
      vertex 63 129.4 1.5
      vertex 68 124.4 1.5
      vertex 62.37867965644037 127.9 0
    endloop
  endfacet
  facet normal 0.5000000000000013 0.5000000000000013 -0.7071067811865457
    outer loop
      vertex 62.37867965644037 127.9 0
      vertex 68 124.4 1.5
      vertex 68 122.27867965644037 0
    endloop
  endfacet
  facet normal 0 0 -1
    outer loop
      vertex 62.37867965644037 127.9 0
      vertex 68 122.27867965644037 0
      vertex 68 121.9 0
    endloop
  endfacet
  facet normal 0 1 0
    outer loop
      vertex 0 129.4 1.5
      vertex 63 129.4 15
      vertex 63 129.4 1.5
    endloop
  endfacet
  facet normal 0 0 -1
    outer loop
      vertex 1.5 127.9 0
      vertex 68 121.9 0
      vertex 81.5 108.52948693534161 0
    endloop
  endfacet
  facet normal 0 0.7071067811865475 -0.7071067811865475
    outer loop
      vertex 1.5 127.9 0
      vertex 63 129.4 1.5
      vertex 62.37867965644037 127.9 0
    endloop
  endfacet
  facet normal 0 0 -1
    outer loop
      vertex 1.5 127.9 0
      vertex 62.37867965644037 127.9 0
      vertex 68 121.9 0
    endloop
  endfacet
  facet normal 0 0 1
    outer loop
      vertex 4 -8.881784197001252e-16 15
      vertex 60.05526450276375 1.6030745953321457 15
      vertex 59.211838848888874 2.2286017015576363 15
    endloop
  endfacet
  facet normal 0 0 1
    outer loop
      vertex 0 3.999999999999999 15
      vertex 59.211838848888874 2.2286017015576363 15
      vertex 58.433786891400814 2.933786891400814 15
    endloop
  endfacet
  facet normal 0 0 1
    outer loop
      vertex 0 3.999999999999999 15
      vertex 58.433786891400814 2.933786891400814 15
      vertex 57.728601701557636 3.711838848888874 15
    endloop
  endfacet
  facet normal 0 0 1
    outer loop
      vertex 0 3.999999999999999 15
      vertex 57.728601701557636 3.711838848888874 15
      vertex 57.103074595332146 4.555264502763748 15
    endloop
  endfacet
  facet normal 0 0 1
    outer loop
      vertex 0 3.999999999999999 15
      vertex 57.103074595332146 4.555264502763748 15
      vertex 56.563229754567146 5.455941215157509 15
    endloop
  endfacet
  facet normal 0 0 1
    outer loop
      vertex 0 3.999999999999999 15
      vertex 56.563229754567146 5.455941215157509 15
      vertex 56.11426616460085 6.405194967985153 15
    endloop
  endfacet
  facet normal 0 0 1
    outer loop
      vertex 0 3.999999999999999 15
      vertex 56.11426616460085 6.405194967985153 15
      vertex 55.760507591068745 7.393883943557739 15
    endloop
  endfacet
  facet normal 0 0 1
    outer loop
      vertex 0 3.999999999999999 15
      vertex 55.760507591068745 7.393883943557739 15
      vertex 55.505360931158066 8.412486493587494 15
    endloop
  endfacet
  facet normal 0 0 1
    outer loop
      vertex 0 3.999999999999999 15
      vertex 55.505360931158066 8.412486493587494 15
      vertex 55.35128338634968 9.451192952692509 15
    endloop
  endfacet
  facet normal 0 0 1
    outer loop
      vertex 0 3.999999999999999 15
      vertex 55.35128338634968 9.451192952692509 15
      vertex 55.29999999701977 10.495090276002884 15
    endloop
  endfacet
  facet normal 0 0 1
    outer loop
      vertex 0 3.999999999999999 15
      vertex 55.29999999701977 10.495090276002884 15
      vertex 55.29999999701977 54.229999996721745 15
    endloop
  endfacet
  facet normal 0 0 1
    outer loop
      vertex 0 3.999999999999999 15
      vertex 4 -8.881784197001252e-16 15
      vertex 59.211838848888874 2.2286017015576363 15
    endloop
  endfacet
  facet normal 0 0 1
    outer loop
      vertex 0 3.999999999999999 15
      vertex 55.29999999701977 54.229999996721745 15
      vertex 55.29999999701977 62.229999996721745 15
    endloop
  endfacet
  facet normal 0 0 1
    outer loop
      vertex 0 3.999999999999999 15
      vertex 3.581886146929378 0.021912418526905952 15
      vertex 4 -8.881784197001252e-16 15
    endloop
  endfacet
  facet normal 0 0 1
    outer loop
      vertex 0 3.999999999999999 15
      vertex 3.1683532367289615 0.08740959706477636 15
      vertex 3.581886146929378 0.021912418526905952 15
    endloop
  endfacet
  facet normal 0 0 1
    outer loop
      vertex 0 3.999999999999999 15
      vertex 2.763932022500228 0.19577393481938543 15
      vertex 3.1683532367289615 0.08740959706477636 15
    endloop
  endfacet
  facet normal 0 0 1
    outer loop
      vertex 0 3.999999999999999 15
      vertex 2.3730534276967887 0.3458181694295952 15
      vertex 2.763932022500228 0.19577393481938543 15
    endloop
  endfacet
  facet normal 0 0 1
    outer loop
      vertex 0 3.999999999999999 15
      vertex 2 0.5358983848622447 15
      vertex 2.3730534276967887 0.3458181694295952 15
    endloop
  endfacet
  facet normal 0 0 1
    outer loop
      vertex 0 3.999999999999999 15
      vertex 1.6488589908300924 0.7639320225002093 15
      vertex 2 0.5358983848622447 15
    endloop
  endfacet
  facet normal 0 0 1
    outer loop
      vertex 0 3.999999999999999 15
      vertex 1.3234775745645493 1.0274206980904221 15
      vertex 1.6488589908300924 0.7639320225002093 15
    endloop
  endfacet
  facet normal 0 0 1
    outer loop
      vertex 1.027420698090424 1.3234775745645662 15
      vertex 1.3234775745645493 1.0274206980904221 15
      vertex 0 3.999999999999999 15
    endloop
  endfacet
  facet normal 0 0 1
    outer loop
      vertex 0.763932022500228 1.6488589908301066 15
      vertex 1.027420698090424 1.3234775745645662 15
      vertex 0 3.999999999999999 15
    endloop
  endfacet
  facet normal 0 0 1
    outer loop
      vertex 0.5358983848622358 1.9999999999999991 15
      vertex 0.763932022500228 1.6488589908301066 15
      vertex 0 3.999999999999999 15
    endloop
  endfacet
  facet normal 0 0 1
    outer loop
      vertex 0.5358983848622358 1.9999999999999991 15
      vertex 0 3.999999999999999 15
      vertex 0.34581816942960586 2.3730534276967985 15
    endloop
  endfacet
  facet normal 0 0 1
    outer loop
      vertex 0.19577393481938543 2.7639320225002093 15
      vertex 0.34581816942960586 2.3730534276967985 15
      vertex 0 3.999999999999999 15
    endloop
  endfacet
  facet normal 0 0 1
    outer loop
      vertex 0.19577393481938543 2.7639320225002093 15
      vertex 0 3.999999999999999 15
      vertex 0.08740959706477724 3.1683532367289615 15
    endloop
  endfacet
  facet normal 0 0 1
    outer loop
      vertex 0.08740959706477724 3.1683532367289615 15
      vertex 0 3.999999999999999 15
      vertex 0.021912418526909505 3.581886146929385 15
    endloop
  endfacet
  facet normal -0.05233595624294326 -0.9986295347545739 -1.414162042223066e-19
    outer loop
      vertex 3.581886146929378 0.021912418526905952 15
      vertex 4 -8.881784197001252e-16 1.5
      vertex 4 -8.881784197001252e-16 15
    endloop
  endfacet
  facet normal -0.1564344650402326 -0.9876883405951375 -9.995754228029025e-20
    outer loop
      vertex 3.1683532367289615 0.08740959706477636 15
      vertex 3.581886146929378 0.021912418526905952 1.5
      vertex 3.581886146929378 0.021912418526905952 15
    endloop
  endfacet
  facet normal -0.2588190451025338 -0.9659258262890648 4.427776312808209e-19
    outer loop
      vertex 2.763932022500228 0.19577393481938543 15
      vertex 3.1683532367289615 0.08740959706477636 1.5
      vertex 3.1683532367289615 0.08740959706477636 15
    endloop
  endfacet
  facet normal -0.3583679495452759 -0.9335804264972112 4.600981702053632e-19
    outer loop
      vertex 2.3730534276967887 0.3458181694295952 15
      vertex 2.763932022500228 0.19577393481938543 1.5
      vertex 2.763932022500228 0.19577393481938543 15
    endloop
  endfacet
  facet normal -0.45399049973955785 -0.8910065241883622 -6.525326267309788e-19
    outer loop
      vertex 2 0.5358983848622447 15
      vertex 2.3730534276967887 0.3458181694295952 1.5
      vertex 2.3730534276967887 0.3458181694295952 15
    endloop
  endfacet
  facet normal -0.5446390350150101 -0.838670567945435 9.902160948024492e-19
    outer loop
      vertex 1.6488589908300924 0.7639320225002093 15
      vertex 2 0.5358983848622447 1.5
      vertex 2 0.5358983848622447 15
    endloop
  endfacet
  facet normal -0.6293203910498344 -0.7771459614569735 0
    outer loop
      vertex 1.6488589908300924 0.7639320225002093 15
      vertex 1.3234775745645493 1.0274206980904221 15
      vertex 1.6488589908300924 0.7639320225002093 1.5
    endloop
  endfacet
  facet normal -0.7071067811865698 -0.7071067811865253 -8.417371470669866e-19
    outer loop
      vertex 1.027420698090424 1.3234775745645662 15
      vertex 1.3234775745645493 1.0274206980904221 1.5
      vertex 1.3234775745645493 1.0274206980904221 15
    endloop
  endfacet
  facet normal -0.7771459614569906 -0.6293203910498131 0
    outer loop
      vertex 0.763932022500228 1.6488589908301066 15
      vertex 0.763932022500228 1.6488589908301066 1.5
      vertex 1.027420698090424 1.3234775745645662 15
    endloop
  endfacet
  facet normal -0.8386705679453943 -0.5446390350150728 0
    outer loop
      vertex 0.5358983848622358 1.9999999999999991 15
      vertex 0.5358983848622358 1.9999999999999991 1.5
      vertex 0.763932022500228 1.6488589908301066 15
    endloop
  endfacet
  facet normal -0.8910065241883862 -0.4539904997395105 2.909665487308661e-20
    outer loop
      vertex 0.5358983848622358 1.9999999999999991 15
      vertex 0.34581816942960586 2.3730534276967985 15
      vertex 0.34581816942960586 2.3730534276967985 1.5
    endloop
  endfacet
  facet normal -0.9335804264971939 -0.35836794954532075 0
    outer loop
      vertex 0.19577393481938543 2.7639320225002093 15
      vertex 0.19577393481938543 2.7639320225002093 1.5
      vertex 0.34581816942960586 2.3730534276967985 15
    endloop
  endfacet
  facet normal -0.9659258262890683 -0.25881904510252063 -1.924264585713562e-19
    outer loop
      vertex 0.19577393481938543 2.7639320225002093 15
      vertex 0.08740959706477724 3.1683532367289615 15
      vertex 0.08740959706477724 3.1683532367289615 1.5
    endloop
  endfacet
  facet normal -0.987688340595139 -0.15643446504022376 1.7936030409175108e-19
    outer loop
      vertex 0.08740959706477724 3.1683532367289615 15
      vertex 0.021912418526909505 3.581886146929385 15
      vertex 0.021912418526909505 3.581886146929385 1.5
    endloop
  endfacet
  facet normal -0.9986295347545735 -0.0523359562429506 8.862454616141134e-20
    outer loop
      vertex 0.021912418526909505 3.581886146929385 15
      vertex 0 3.999999999999999 15
      vertex 0 3.999999999999999 1.5
    endloop
  endfacet
  facet normal 1.1534784671430199e-17 -1 0
    outer loop
      vertex 4 -8.881784197001252e-16 15
      vertex 4 -8.881784197001252e-16 1.5
      vertex 81 0 1.5
    endloop
  endfacet
  facet normal 8.164654291743887e-18 -0.7071067811865475 -0.7071067811865475
    outer loop
      vertex 4 -8.881784197001252e-16 1.5
      vertex 4.039278882353756 1.4999999999999991 0
      vertex 80.96072111764622 1.5 0
    endloop
  endfacet
  facet normal 0 0 -1
    outer loop
      vertex 1.5 4.039278882353813 0
      vertex 81.5 2.039278882353771 0
      vertex 4.039278882353756 1.4999999999999991 0
    endloop
  endfacet
  facet normal -0.05233595624294326 -0.9986295347545739 0
    outer loop
      vertex 3.581886146929378 0.021912418526905952 15
      vertex 3.581886146929378 0.021912418526905952 1.5
      vertex 4 -8.881784197001252e-16 1.5
    endloop
  endfacet
  facet normal -0.1564344650402326 -0.9876883405951375 0
    outer loop
      vertex 3.1683532367289615 0.08740959706477636 15
      vertex 3.1683532367289615 0.08740959706477636 1.5
      vertex 3.581886146929378 0.021912418526905952 1.5
    endloop
  endfacet
  facet normal -0.2588190451025338 -0.9659258262890648 0
    outer loop
      vertex 2.763932022500228 0.19577393481938543 15
      vertex 2.763932022500228 0.19577393481938543 1.5
      vertex 3.1683532367289615 0.08740959706477636 1.5
    endloop
  endfacet
  facet normal -0.3583679495452759 -0.9335804264972112 0
    outer loop
      vertex 2.3730534276967887 0.3458181694295952 15
      vertex 2.3730534276967887 0.3458181694295952 1.5
      vertex 2.763932022500228 0.19577393481938543 1.5
    endloop
  endfacet
  facet normal -0.45399049973955785 -0.8910065241883622 0
    outer loop
      vertex 2 0.5358983848622447 15
      vertex 2 0.5358983848622447 1.5
      vertex 2.3730534276967887 0.3458181694295952 1.5
    endloop
  endfacet
  facet normal -0.5446390350150101 -0.838670567945435 0
    outer loop
      vertex 1.6488589908300924 0.7639320225002093 15
      vertex 1.6488589908300924 0.7639320225002093 1.5
      vertex 2 0.5358983848622447 1.5
    endloop
  endfacet
  facet normal -0.6293203910498344 -0.7771459614569735 0
    outer loop
      vertex 1.3234775745645493 1.0274206980904221 15
      vertex 1.3234775745645493 1.0274206980904221 1.5
      vertex 1.6488589908300924 0.7639320225002093 1.5
    endloop
  endfacet
  facet normal -0.7071067811865698 -0.7071067811865253 0
    outer loop
      vertex 1.027420698090424 1.3234775745645662 15
      vertex 1.027420698090424 1.3234775745645662 1.5
      vertex 1.3234775745645493 1.0274206980904221 1.5
    endloop
  endfacet
  facet normal -0.7771459614569906 -0.6293203910498131 0
    outer loop
      vertex 1.027420698090424 1.3234775745645662 15
      vertex 0.763932022500228 1.6488589908301066 1.5
      vertex 1.027420698090424 1.3234775745645662 1.5
    endloop
  endfacet
  facet normal -0.8386705679453943 -0.5446390350150728 0
    outer loop
      vertex 0.763932022500228 1.6488589908301066 15
      vertex 0.5358983848622358 1.9999999999999991 1.5
      vertex 0.763932022500228 1.6488589908301066 1.5
    endloop
  endfacet
  facet normal -0.8910065241883862 -0.4539904997395105 0
    outer loop
      vertex 0.5358983848622358 1.9999999999999991 15
      vertex 0.34581816942960586 2.3730534276967985 1.5
      vertex 0.5358983848622358 1.9999999999999991 1.5
    endloop
  endfacet
  facet normal -0.9335804264971939 -0.35836794954532075 0
    outer loop
      vertex 0.34581816942960586 2.3730534276967985 15
      vertex 0.19577393481938543 2.7639320225002093 1.5
      vertex 0.34581816942960586 2.3730534276967985 1.5
    endloop
  endfacet
  facet normal -0.9659258262890683 -0.25881904510252063 0
    outer loop
      vertex 0.19577393481938543 2.7639320225002093 15
      vertex 0.08740959706477724 3.1683532367289615 1.5
      vertex 0.19577393481938543 2.7639320225002093 1.5
    endloop
  endfacet
  facet normal -0.987688340595139 -0.15643446504022376 0
    outer loop
      vertex 0.08740959706477724 3.1683532367289615 15
      vertex 0.021912418526909505 3.581886146929385 1.5
      vertex 0.08740959706477724 3.1683532367289615 1.5
    endloop
  endfacet
  facet normal -0.9986295347545735 -0.0523359562429506 0
    outer loop
      vertex 0.021912418526909505 3.581886146929385 15
      vertex 0 3.999999999999999 1.5
      vertex 0.021912418526909505 3.581886146929385 1.5
    endloop
  endfacet
  facet normal -0.0370071095592676 -0.7061377159181262 -0.7071067811865476
    outer loop
      vertex 3.581886146929378 0.021912418526905952 1.5
      vertex 3.738894015658218 1.5157425037937458 0
      vertex 4 -8.881784197001252e-16 1.5
    endloop
  endfacet
  facet normal -0.11061587104123839 -0.6984011233337103 -0.7071067811865471
    outer loop
      vertex 3.1683532367289615 0.08740959706477636 1.5
      vertex 3.4806487631208256 1.5566445335833476 0
      vertex 3.581886146929378 0.021912418526905952 1.5
    endloop
  endfacet
  facet normal -0.18301270189222868 -0.6830127018922174 -0.7071067811865469
    outer loop
      vertex 2.763932022500228 0.19577393481938543 1.5
      vertex 3.228093631415902 1.624316477168021 0
      vertex 3.1683532367289615 0.08740959706477636 1.5
    endloop
  endfacet
  facet normal -0.25340440728338326 -0.6601410503592076 -0.7071067811865471
    outer loop
      vertex 2.3730534276967887 0.3458181694295952 1.5
      vertex 2.983995667416991 1.7180169065725677 0
      vertex 2.763932022500228 0.19577393481938543 1.5
    endloop
  endfacet
  facet normal -0.3210197609601116 -0.6300367553350479 -0.7071067811865459
    outer loop
      vertex 2 0.5358983848622447 1.5
      vertex 2.7510292594984094 1.8367192202843823 0
      vertex 2.3730534276967887 0.3458181694295952 1.5
    endloop
  endfacet
  facet normal -0.3851179549580107 -0.5930296457757896 -0.7071067811865482
    outer loop
      vertex 1.6488589908300924 0.7639320225002093 1.5
      vertex 2.5317468363767546 1.9791228909143426 0
      vertex 2 0.5358983848622447 1.5
    endloop
  endfacet
  facet normal -0.4449967160503076 -0.549525179317965 -0.7071067811865478
    outer loop
      vertex 1.6488589908300924 0.7639320225002093 1.5
      vertex 1.3234775745645493 1.0274206980904221 1.5
      vertex 2.3285509021674216 2.1436677140471945 0
    endloop
  endfacet
  facet normal -0.5000000000000157 -0.4999999999999842 -0.7071067811865476
    outer loop
      vertex 1.027420698090424 1.3234775745645662 1.5
      vertex 2.1436677140472113 2.328550902167418 0
      vertex 1.3234775745645493 1.0274206980904221 1.5
    endloop
  endfacet
  facet normal -0.5495251793179796 -0.4449967160502946 -0.7071067811865445
    outer loop
      vertex 0.763932022500228 1.6488589908301066 1.5
      vertex 1.97912289091434 2.53174683637676 0
      vertex 1.027420698090424 1.3234775745645662 1.5
    endloop
  endfacet
  facet normal -0.5930296457757613 -0.38511795495805534 -0.7071067811865478
    outer loop
      vertex 0.5358983848622358 1.9999999999999991 1.5
      vertex 1.8367192202843796 2.751029259498429 0
      vertex 0.763932022500228 1.6488589908301066 1.5
    endloop
  endfacet
  facet normal -0.6300367553350614 -0.32101976096007634 -0.7071067811865499
    outer loop
      vertex 0.5358983848622358 1.9999999999999991 1.5
      vertex 0.34581816942960586 2.3730534276967985 1.5
      vertex 1.7180169065725863 2.983995667417 0
    endloop
  endfacet
  facet normal -0.6601410503591928 -0.253404407283414 -0.7071067811865499
    outer loop
      vertex 0.19577393481938543 2.7639320225002093 1.5
      vertex 1.6243164771680085 3.228093631415966 0
      vertex 0.34581816942960586 2.3730534276967985 1.5
    endloop
  endfacet
  facet normal -0.6830127018922196 -0.18301270189221935 -0.7071067811865472
    outer loop
      vertex 0.19577393481938543 2.7639320225002093 1.5
      vertex 0.08740959706477724 3.1683532367289615 1.5
      vertex 1.556644533583352 3.4806487631208105 0
    endloop
  endfacet
  facet normal -0.6984011233337137 -0.11061587104123252 -0.7071067811865448
    outer loop
      vertex 0.08740959706477724 3.1683532367289615 1.5
      vertex 0.021912418526909505 3.581886146929385 1.5
      vertex 1.5157425037937458 3.7388940156581643 0
    endloop
  endfacet
  facet normal -0.7061377159181274 -0.03700710955927287 -0.7071067811865461
    outer loop
      vertex 0.021912418526909505 3.581886146929385 1.5
      vertex 0 3.999999999999999 1.5
      vertex 1.5157425037937458 3.7388940156581643 0
    endloop
  endfacet
  facet normal -0.037007109559270716 -0.7061377159181265 -0.7071067811865472
    outer loop
      vertex 4 -8.881784197001252e-16 1.5
      vertex 3.738894015658218 1.5157425037937458 0
      vertex 4.039278882353756 1.4999999999999991 0
    endloop
  endfacet
  facet normal -0.11061587104123304 -0.6984011233337106 -0.7071067811865479
    outer loop
      vertex 3.581886146929378 0.021912418526905952 1.5
      vertex 3.4806487631208256 1.5566445335833476 0
      vertex 3.738894015658218 1.5157425037937458 0
    endloop
  endfacet
  facet normal -0.18301270189222762 -0.6830127018922176 -0.7071067811865471
    outer loop
      vertex 3.1683532367289615 0.08740959706477636 1.5
      vertex 3.228093631415902 1.624316477168021 0
      vertex 3.4806487631208256 1.5566445335833476 0
    endloop
  endfacet
  facet normal -0.2534044072833892 -0.6601410503592061 -0.7071067811865464
    outer loop
      vertex 2.763932022500228 0.19577393481938543 1.5
      vertex 2.983995667416991 1.7180169065725677 0
      vertex 3.228093631415902 1.624316477168021 0
    endloop
  endfacet
  facet normal -0.32101976096009593 -0.6300367553350537 -0.7071067811865478
    outer loop
      vertex 2.3730534276967887 0.3458181694295952 1.5
      vertex 2.7510292594984094 1.8367192202843823 0
      vertex 2.983995667416991 1.7180169065725677 0
    endloop
  endfacet
  facet normal 0 0 -1
    outer loop
      vertex 1.5 4.039278882353813 0
      vertex 4.039278882353756 1.4999999999999991 0
      vertex 3.738894015658218 1.5157425037937458 0
    endloop
  endfacet
  facet normal 0 0 -1
    outer loop
      vertex 1.5 4.039278882353813 0
      vertex 3.738894015658218 1.5157425037937458 0
      vertex 3.4806487631208256 1.5566445335833476 0
    endloop
  endfacet
  facet normal 0 0 -1
    outer loop
      vertex 1.5 4.039278882353813 0
      vertex 3.4806487631208256 1.5566445335833476 0
      vertex 3.228093631415902 1.624316477168021 0
    endloop
  endfacet
  facet normal -0.38511795495804063 -0.5930296457757748 -0.7071067811865446
    outer loop
      vertex 2 0.5358983848622447 1.5
      vertex 2.5317468363767546 1.9791228909143426 0
      vertex 2.7510292594984094 1.8367192202843823 0
    endloop
  endfacet
  facet normal -0.4449967160502936 -0.5495251793179737 -0.7071067811865497
    outer loop
      vertex 1.6488589908300924 0.7639320225002093 1.5
      vertex 2.3285509021674216 2.1436677140471945 0
      vertex 2.5317468363767546 1.9791228909143426 0
    endloop
  endfacet
  facet normal -0.5000000000000182 -0.4999999999999822 -0.7071067811865472
    outer loop
      vertex 1.3234775745645493 1.0274206980904221 1.5
      vertex 2.1436677140472113 2.328550902167418 0
      vertex 2.3285509021674216 2.1436677140471945 0
    endloop
  endfacet
  facet normal -0.549525179317959 -0.44499671605031504 -0.7071067811865477
    outer loop
      vertex 1.027420698090424 1.3234775745645662 1.5
      vertex 1.97912289091434 2.53174683637676 0
      vertex 2.1436677140472113 2.328550902167418 0
    endloop
  endfacet
  facet normal -0.5930296457757871 -0.38511795495802364 -0.7071067811865432
    outer loop
      vertex 0.763932022500228 1.6488589908301066 1.5
      vertex 1.8367192202843796 2.751029259498429 0
      vertex 1.97912289091434 2.53174683637676 0
    endloop
  endfacet
  facet normal -0.6300367553350711 -0.3210197609600618 -0.707106781186548
    outer loop
      vertex 0.5358983848622358 1.9999999999999991 1.5
      vertex 1.7180169065725863 2.983995667417 0
      vertex 1.8367192202843796 2.751029259498429 0
    endloop
  endfacet
  facet normal -0.660141050359194 -0.2534044072834115 -0.7071067811865497
    outer loop
      vertex 0.34581816942960586 2.3730534276967985 1.5
      vertex 1.6243164771680085 3.228093631415966 0
      vertex 1.7180169065725863 2.983995667417 0
    endloop
  endfacet
  facet normal -0.6830127018922123 -0.18301270189223784 -0.7071067811865493
    outer loop
      vertex 0.19577393481938543 2.7639320225002093 1.5
      vertex 1.556644533583352 3.4806487631208105 0
      vertex 1.6243164771680085 3.228093631415966 0
    endloop
  endfacet
  facet normal -0.698401123333706 -0.11061587104126085 -0.7071067811865481
    outer loop
      vertex 0.08740959706477724 3.1683532367289615 1.5
      vertex 1.5157425037937458 3.7388940156581643 0
      vertex 1.556644533583352 3.4806487631208105 0
    endloop
  endfacet
  facet normal -0.7061377159181262 -0.03700710955925499 -0.7071067811865481
    outer loop
      vertex 0 3.999999999999999 1.5
      vertex 1.5 4.039278882353813 0
      vertex 1.5157425037937458 3.7388940156581643 0
    endloop
  endfacet
  facet normal 0 0 -1
    outer loop
      vertex 1.5 4.039278882353813 0
      vertex 3.228093631415902 1.624316477168021 0
      vertex 2.983995667416991 1.7180169065725677 0
    endloop
  endfacet
  facet normal 0 0 -1
    outer loop
      vertex 1.5 4.039278882353813 0
      vertex 2.983995667416991 1.7180169065725677 0
      vertex 2.7510292594984094 1.8367192202843823 0
    endloop
  endfacet
  facet normal 0 0 -1
    outer loop
      vertex 2.5317468363767546 1.9791228909143426 0
      vertex 1.5 4.039278882353813 0
      vertex 2.7510292594984094 1.8367192202843823 0
    endloop
  endfacet
  facet normal 0 0 -1
    outer loop
      vertex 2.5317468363767546 1.9791228909143426 0
      vertex 2.3285509021674216 2.1436677140471945 0
      vertex 1.5 4.039278882353813 0
    endloop
  endfacet
  facet normal 0 0 -1
    outer loop
      vertex 1.5 4.039278882353813 0
      vertex 2.3285509021674216 2.1436677140471945 0
      vertex 2.1436677140472113 2.328550902167418 0
    endloop
  endfacet
  facet normal 0 0 -1
    outer loop
      vertex 1.5 4.039278882353813 0
      vertex 2.1436677140472113 2.328550902167418 0
      vertex 1.97912289091434 2.53174683637676 0
    endloop
  endfacet
  facet normal 0 0 -1
    outer loop
      vertex 1.8367192202843796 2.751029259498429 0
      vertex 1.5 4.039278882353813 0
      vertex 1.97912289091434 2.53174683637676 0
    endloop
  endfacet
  facet normal 0 0 -1
    outer loop
      vertex 1.7180169065725863 2.983995667417 0
      vertex 1.5 4.039278882353813 0
      vertex 1.8367192202843796 2.751029259498429 0
    endloop
  endfacet
  facet normal 0 0 -1
    outer loop
      vertex 1.7180169065725863 2.983995667417 0
      vertex 1.6243164771680085 3.228093631415966 0
      vertex 1.5 4.039278882353813 0
    endloop
  endfacet
  facet normal 0 0 -1
    outer loop
      vertex 1.556644533583352 3.4806487631208105 0
      vertex 1.5 4.039278882353813 0
      vertex 1.6243164771680085 3.228093631415966 0
    endloop
  endfacet
  facet normal 0 0 -1
    outer loop
      vertex 1.556644533583352 3.4806487631208105 0
      vertex 1.5157425037937458 3.7388940156581643 0
      vertex 1.5 4.039278882353813 0
    endloop
  endfacet
  facet normal -1 0 0
    outer loop
      vertex 0 3.999999999999999 15
      vertex 0 129.4 1.5
      vertex 0 3.999999999999999 1.5
    endloop
  endfacet
  facet normal -0.7071067811865475 0 -0.7071067811865476
    outer loop
      vertex 0 3.999999999999999 1.5
      vertex 1.5 127.9 0
      vertex 1.5 4.039278882353813 0
    endloop
  endfacet
  facet normal 0 0 1
    outer loop
      vertex 0 129.4 15
      vertex 55.29999999701977 62.229999996721745 15
      vertex 55.29999999701977 99.52000000327826 15
    endloop
  endfacet
  facet normal 0 0 1
    outer loop
      vertex 0 129.4 15
      vertex 55.29999999701977 99.52000000327826 15
      vertex 55.29999999701977 107.52000000327826 15
    endloop
  endfacet
  facet normal 0 0 1
    outer loop
      vertex 0 129.4 15
      vertex 55.29999999701977 107.52000000327826 15
      vertex 55.29999999701977 118.90490972995758 15
    endloop
  endfacet
  facet normal 0 0 1
    outer loop
      vertex 0 129.4 15
      vertex 60.95594121515751 128.33677025139332 15
      vertex 61.90519496798515 128.78573384135962 15
    endloop
  endfacet
  facet normal 0 0 1
    outer loop
      vertex 0 129.4 15
      vertex 60.05526450276375 127.79692541062832 15
      vertex 60.95594121515751 128.33677025139332 15
    endloop
  endfacet
  facet normal 0 0 1
    outer loop
      vertex 0 129.4 15
      vertex 59.211838848888874 127.17139830440283 15
      vertex 60.05526450276375 127.79692541062832 15
    endloop
  endfacet
  facet normal 0 0 1
    outer loop
      vertex 0 129.4 15
      vertex 58.433786891400814 126.46621311455965 15
      vertex 59.211838848888874 127.17139830440283 15
    endloop
  endfacet
  facet normal 0 0 1
    outer loop
      vertex 0 129.4 15
      vertex 55.29999999701977 118.90490972995758 15
      vertex 55.35128338634968 119.94880705326796 15
    endloop
  endfacet
  facet normal 0 0 1
    outer loop
      vertex 0 129.4 15
      vertex 55.505360931158066 120.98751351237297 15
      vertex 55.760507591068745 122.00611606240273 15
    endloop
  endfacet
  facet normal 0 0 1
    outer loop
      vertex 0 129.4 15
      vertex 55.760507591068745 122.00611606240273 15
      vertex 56.11426616460085 122.99480503797531 15
    endloop
  endfacet
  facet normal 0 0 1
    outer loop
      vertex 0 129.4 15
      vertex 55.35128338634968 119.94880705326796 15
      vertex 55.505360931158066 120.98751351237297 15
    endloop
  endfacet
  facet normal 0 0 1
    outer loop
      vertex 0 129.4 15
      vertex 57.728601701557636 125.68816115707159 15
      vertex 58.433786891400814 126.46621311455965 15
    endloop
  endfacet
  facet normal 0 0 1
    outer loop
      vertex 0 129.4 15
      vertex 57.103074595332146 124.84473550319672 15
      vertex 57.728601701557636 125.68816115707159 15
    endloop
  endfacet
  facet normal 0 0 1
    outer loop
      vertex 0 129.4 15
      vertex 56.563229754567146 123.94405879080296 15
      vertex 57.103074595332146 124.84473550319672 15
    endloop
  endfacet
  facet normal 0 0 1
    outer loop
      vertex 0 129.4 15
      vertex 56.11426616460085 122.99480503797531 15
      vertex 56.563229754567146 123.94405879080296 15
    endloop
  endfacet
  facet normal 0 1 0
    outer loop
      vertex 0 129.4 15
      vertex 63 129.4 15
      vertex 0 129.4 1.5
    endloop
  endfacet
  facet normal 0 0 1
    outer loop
      vertex 0 3.999999999999999 15
      vertex 55.29999999701977 62.229999996721745 15
      vertex 0 129.4 15
    endloop
  endfacet
  facet normal -1 0 0
    outer loop
      vertex 0 3.999999999999999 15
      vertex 0 129.4 15
      vertex 0 129.4 1.5
    endloop
  endfacet
  facet normal 0 0 -1
    outer loop
      vertex 1.5 4.039278882353813 0
      vertex 1.5 127.9 0
      vertex 81.5 108.52948693534161 0
    endloop
  endfacet
  facet normal 0 0.7071067811865476 -0.7071067811865476
    outer loop
      vertex 0 129.4 1.5
      vertex 63 129.4 1.5
      vertex 1.5 127.9 0
    endloop
  endfacet
  facet normal -0.7071067811865476 0 -0.7071067811865476
    outer loop
      vertex 0 3.999999999999999 1.5
      vertex 0 129.4 1.5
      vertex 1.5 127.9 0
    endloop
  endfacet
  facet normal 0 1 0
    outer loop
      vertex 70.5 121.9 3.10000000332219
      vertex 70.5 121.9 1.5
      vertex 68 121.9 3.10000000332219
    endloop
  endfacet
  facet normal 1 0 0
    outer loop
      vertex 68 121.9 3.10000000332219
      vertex 68 122.27867965644037 0
      vertex 68 124.40000000000002 2.96888112228509
    endloop
  endfacet
  facet normal 0 1 0
    outer loop
      vertex 68.37867965644037 121.9 0
      vertex 68 121.9 3.10000000332219
      vertex 70.5 121.9 1.5
    endloop
  endfacet
  facet normal 1 0 0
    outer loop
      vertex 68 124.4 1.5
      vertex 68 124.40000000000002 2.96888112228509
      vertex 68 122.27867965644037 0
    endloop
  endfacet
  facet normal 0 1 0
    outer loop
      vertex 68.37867965644037 121.9 0
      vertex 68 121.9 0
      vertex 68 121.9 3.10000000332219
    endloop
  endfacet
  facet normal 1 0 0
    outer loop
      vertex 68 121.9 0
      vertex 68 122.27867965644037 0
      vertex 68 121.9 3.10000000332219
    endloop
  endfacet
endsolid OpenSCAD_Model
