solid OpenSCAD_Model
  facet normal 0.7771459614569802 -0.6284536005945829 -0.03301857796469022
    outer loop
      vertex 82.23606797749979 1.7983712174648048 9.28398281613745
      vertex 81.97257930190958 1.4734379632323709 9.266911016440474
      vertex 81.97257930190958 1.8816153904797375 1.4979339844991877
    endloop
  endfacet
  facet normal 0.7071067811865488 -0.7061328521394553 -0.03709979958701276
    outer loop
      vertex 81.97257930190958 1.4734379632323709 9.266911016440474
      vertex 81.67652242543544 1.1777888588221685 9.251377788538012
      vertex 81.67652242543544 1.5851501795247458 1.4979339844991877
    endloop
  endfacet
  facet normal 0.9335804264971949 -0.35787435371948995 -0.018802505449360518
    outer loop
      vertex 82.6541818305704 2.5215681897100666 9.321979154434048
      vertex 82.6541818305704 2.9326388641374734 1.4979339844991877
      vertex 82.80422606518061 2.91190841035629 9.342487397200049
    endloop
  endfacet
  facet normal 0.8910065241883828 -0.4533651987997388 -0.02381953759017946
    outer loop
      vertex 82.46410161513776 2.149028584789434 9.302406145418953
      vertex 82.46410161513776 2.5590709049778724 1.4979339844991886
      vertex 82.6541818305704 2.5215681897100666 9.321979154434048
    endloop
  endfacet
  facet normal 0.9659258262890676 -0.25846256232980486 -0.013579469124158205
    outer loop
      vertex 82.80422606518061 2.91190841035629 9.342487397200049
      vertex 82.80422606518061 3.324056575647063 1.4979339844991886
      vertex 82.91259040293522 3.3157725975867436 9.363706181117585
    endloop
  endfacet
  facet normal 0.9876883405951393 -0.15621900102046773 -0.008207653293544824
    outer loop
      vertex 82.91259040293522 3.3157725975867436 9.363706181117585
      vertex 82.91259040293522 3.7290355851498873 1.4979339844991886
      vertex 82.97808758147309 3.728735930852139 9.385403028749744
    endloop
  endfacet
  facet normal 0.8386705679454141 -0.5438888798892625 -0.028575597892606757
    outer loop
      vertex 82.23606797749979 1.7983712174648048 9.28398281613745
      vertex 82.23606797749979 2.2074455869029066 1.4979339844991877
      vertex 82.46410161513776 2.149028584789434 9.302406145418953
    endloop
  endfacet
  facet normal 0.4539904997395815 -0.8897793019948386 -0.04674847471076258
    outer loop
      vertex 81 0.6869435407394064 9.225589067798111
      vertex 80.62694657230321 0.4971251310877278 9.215616121581736
      vertex 80.62694657230321 0.902607555102577 1.4979339844991877
    endloop
  endfacet
  facet normal 0.3583679495452666 -0.9322945654089705 -0.048982201334972685
    outer loop
      vertex 80.62694657230321 0.4971251310877278 9.215616121581736
      vertex 80.23606797749979 0.347287558953866 9.207743744762093
      vertex 80.62694657230321 0.902607555102577 1.4979339844991877
    endloop
  endfacet
  facet normal 0.629320391049822 -0.776075564388492 -0.04077454804142824
    outer loop
      vertex 81.3511410091699 0.9146630976906636 9.237553317725498
      vertex 81.3511410091699 1.3212980889284864 1.4979339844991877
      vertex 81.67652242543544 1.1777888588221685 9.251377788538012
    endloop
  endfacet
  facet normal 0.5446390350150228 -0.8375154303498125 -0.044002562014877206
    outer loop
      vertex 81.3511410091699 0.9146630976906636 9.237553317725498
      vertex 81 0.6869435407394064 9.225589067798111
      vertex 81 1.0929499374101113 1.4979339844991877
    endloop
  endfacet
  facet normal 0.9986295347545736 -0.05226387164505371 -0.002745912695887309
    outer loop
      vertex 82.97808758147309 3.728735930852139 9.385403028749744
      vertex 82.97808758147309 4.143138857870568 1.4979339844991886
      vertex 83 4.14627389745506 9.407340224893506
    endloop
  endfacet
  facet normal 0.2588190451025513 -0.9645954144692502 -0.05067926871117046
    outer loop
      vertex 80.23606797749979 0.347287558953866 9.207743744762093
      vertex 79.83164676327104 0.23907247613360028 9.202058188747017
      vertex 80.23606797749979 0.7523563729781984 1.4979339844991868
    endloop
  endfacet
  facet normal 0.15643446504022426 -0.9863279543140675 -0.05182108341404953
    outer loop
      vertex 79.83164676327104 0.23907247613360028 9.202058188747017
      vertex 79.41811385307062 0.17366550971981098 9.198621745677993
      vertex 79.83164676327104 0.6438425744303373 1.4979339844991877
    endloop
  endfacet
  facet normal 0.05233595624294613 -0.9972540786890153 -0.05239513548278546
    outer loop
      vertex 79.41811385307062 0.17366550971981098 9.198621745677993
      vertex 79 0.15178327212379372 9.197472065944401
      vertex 79.41811385307062 0.5782550593439169 1.4979339844991886
    endloop
  endfacet
  facet normal 0.45399049973958927 -0.8897793019948348 -0.04674847471076284
    outer loop
      vertex 81 0.6869435407394064 9.225589067798111
      vertex 80.62694657230321 0.902607555102577 1.4979339844991877
      vertex 81 1.0929499374101113 1.4979339844991877
    endloop
  endfacet
  facet normal 0.7771459614569811 -0.6284536005945818 -0.03301857796469023
    outer loop
      vertex 82.23606797749979 1.7983712174648048 9.28398281613745
      vertex 81.97257930190958 1.8816153904797375 1.4979339844991877
      vertex 82.23606797749979 2.2074455869029066 1.4979339844991877
    endloop
  endfacet
  facet normal 0.7071067811865505 -0.7061328521394534 -0.037099799587012795
    outer loop
      vertex 81.97257930190958 1.4734379632323709 9.266911016440474
      vertex 81.67652242543544 1.5851501795247458 1.4979339844991877
      vertex 81.97257930190958 1.8816153904797375 1.4979339844991877
    endloop
  endfacet
  facet normal 0.8386705679454104 -0.5438888798892683 -0.028575597892606684
    outer loop
      vertex 82.46410161513776 2.149028584789434 9.302406145418953
      vertex 82.23606797749979 2.2074455869029066 1.4979339844991877
      vertex 82.46410161513776 2.5590709049778724 1.4979339844991886
    endloop
  endfacet
  facet normal 0.8910065241883812 -0.45336519879974185 -0.023819537590179435
    outer loop
      vertex 82.6541818305704 2.5215681897100666 9.321979154434048
      vertex 82.46410161513776 2.5590709049778724 1.4979339844991886
      vertex 82.6541818305704 2.9326388641374734 1.4979339844991877
    endloop
  endfacet
  facet normal 0.933580426497196 -0.3578743537194868 -0.018802505449360532
    outer loop
      vertex 82.80422606518061 2.91190841035629 9.342487397200049
      vertex 82.6541818305704 2.9326388641374734 1.4979339844991877
      vertex 82.80422606518061 3.324056575647063 1.4979339844991886
    endloop
  endfacet
  facet normal 0.9659258262890668 -0.25846256232980747 -0.013579469124158193
    outer loop
      vertex 82.91259040293522 3.3157725975867436 9.363706181117585
      vertex 82.80422606518061 3.324056575647063 1.4979339844991886
      vertex 82.91259040293522 3.7290355851498873 1.4979339844991886
    endloop
  endfacet
  facet normal 0.5446390350150311 -0.8375154303498071 -0.04400256201487747
    outer loop
      vertex 81.3511410091699 0.9146630976906636 9.237553317725498
      vertex 81 1.0929499374101113 1.4979339844991877
      vertex 81.3511410091699 1.3212980889284864 1.4979339844991877
    endloop
  endfacet
  facet normal 0.6293203910498202 -0.7760755643884936 -0.04077454804142819
    outer loop
      vertex 81.67652242543544 1.1777888588221685 9.251377788538012
      vertex 81.3511410091699 1.3212980889284864 1.4979339844991877
      vertex 81.67652242543544 1.5851501795247458 1.4979339844991877
    endloop
  endfacet
  facet normal 0.9876883405951397 -0.15621900102046568 -0.008207653293544826
    outer loop
      vertex 82.97808758147309 3.728735930852139 9.385403028749744
      vertex 82.91259040293522 3.7290355851498873 1.4979339844991886
      vertex 82.97808758147309 4.143138857870568 1.4979339844991886
    endloop
  endfacet
  facet normal 0.9986295347545735 -0.052263871645054354 -0.002745912695887308
    outer loop
      vertex 83 4.14627389745506 9.407340224893506
      vertex 82.97808758147309 4.143138857870568 1.4979339844991886
      vertex 83 4.561829391696449 1.4979339844991895
    endloop
  endfacet
  facet normal 0.35836794954525136 -0.9322945654089764 -0.048982201334973885
    outer loop
      vertex 80.23606797749979 0.347287558953866 9.207743744762093
      vertex 80.23606797749979 0.7523563729781984 1.4979339844991868
      vertex 80.62694657230321 0.902607555102577 1.4979339844991877
    endloop
  endfacet
  facet normal 0.25881904510256937 -0.9645954144692453 -0.05067926871116919
    outer loop
      vertex 79.83164676327104 0.23907247613360028 9.202058188747017
      vertex 79.83164676327104 0.6438425744303373 1.4979339844991877
      vertex 80.23606797749979 0.7523563729781984 1.4979339844991868
    endloop
  endfacet
  facet normal 0.15643446504023095 -0.9863279543140663 -0.051821083414049084
    outer loop
      vertex 79.41811385307062 0.17366550971981098 9.198621745677993
      vertex 79.41811385307062 0.5782550593439169 1.4979339844991886
      vertex 79.83164676327104 0.6438425744303373 1.4979339844991877
    endloop
  endfacet
  facet normal 0.05233595624291756 -0.9972540786890167 -0.05239513548278709
    outer loop
      vertex 79 0.15178327212379372 9.197472065944401
      vertex 79 0.5563124182592816 1.4979339844991886
      vertex 79.41811385307062 0.5782550593439169 1.4979339844991886
    endloop
  endfacet
  facet normal 1 0 0
    outer loop
      vertex 83 4.14627389745506 9.407340224893506
      vertex 83 4.561829391696449 1.4979339844991895
      vertex 83 110.19999999999999 14.979339844992221
    endloop
  endfacet
  facet normal -2.0511909503412452e-17 -0.9986226563328147 -0.05246703973727736
    outer loop
      vertex 79 0.15178327212379372 9.197472065944401
      vertex 19.051373043325395 0.44066440373275384 3.699101194320722
      vertex 79 0.5563124182592816 1.4979339844991886
    endloop
  endfacet
  facet normal 0.6779542408543973 -0.18140708682236667 -0.7123689466548638
    outer loop
      vertex 82.80422606518061 3.324056575647063 1.4979339844991886
      vertex 81.44335546641665 4.120462402678555 -3.4638958368304884e-14
      vertex 82.91259040293522 3.7290355851498873 1.4979339844991886
    endloop
  endfacet
  facet normal 0.5402988441217852 -0.4369227543161113 -0.7191492653138749
    outer loop
      vertex 82.23606797749979 2.2074455869029066 1.4979339844991877
      vertex 81.97257930190958 1.8816153904797375 1.4979339844991877
      vertex 81.02087710908566 3.170251709253421 -3.6415315207705135e-14
    endloop
  endfacet
  facet normal 0.6222353578168459 -0.3166080708037794 -0.7159486636515574
    outer loop
      vertex 82.46410161513776 2.5590709049778724 1.4979339844991886
      vertex 81.28198309342743 3.6231243014906482 -3.375077994860476e-14
      vertex 82.6541818305704 2.9326388641374734 1.4979339844991877
    endloop
  endfacet
  facet normal 0.5843308329014766 -0.378946220767142 -0.7176052114407804
    outer loop
      vertex 82.23606797749979 2.2074455869029066 1.4979339844991877
      vertex 81.16328077971562 3.3898365762009917 -3.375077994860476e-14
      vertex 82.46410161513776 2.5590709049778724 1.4979339844991886
    endloop
  endfacet
  facet normal 0.6535702010568779 -0.25053654369246386 -0.7141970544360333
    outer loop
      vertex 82.6541818305704 2.9326388641374734 1.4979339844991877
      vertex 81.37568352283199 3.867558935985471 -3.197442310920451e-14
      vertex 82.80422606518061 3.324056575647063 1.4979339844991886
    endloop
  endfacet
  facet normal 0.4906369339744784 -0.48996115830057735 -0.7205646829930537
    outer loop
      vertex 81.97257930190958 1.8816153904797375 1.4979339844991877
      vertex 81.67652242543544 1.5851501795247458 1.4979339844991877
      vertex 80.85633228595279 2.9667755184012066 -3.552713678800501e-14
    endloop
  endfacet
  facet normal 0.4358920856673512 -0.5375404979845739 -0.7218367562538381
    outer loop
      vertex 81.3511410091699 1.3212980889284864 1.4979339844991877
      vertex 80.67144909783256 2.7816373313715275 -3.2862601528904634e-14
      vertex 81.67652242543544 1.5851501795247458 1.4979339844991877
    endloop
  endfacet
  facet normal 0.3766547896682338 -0.5791986581600801 -0.7229523385435178
    outer loop
      vertex 81.3511410091699 1.3212980889284864 1.4979339844991877
      vertex 81 1.0929499374101113 1.4979339844991877
      vertex 80.46825316362325 2.616865560884051 -3.552713678800501e-14
    endloop
  endfacet
  facet normal 0.3135531073724439 -0.6145350292047876 -0.7238999563042918
    outer loop
      vertex 81 1.0929499374101113 1.4979339844991877
      vertex 80.62694657230321 0.902607555102577 1.4979339844991877
      vertex 80.24897074050158 2.474265480937035 -3.552713678800501e-14
    endloop
  endfacet
  facet normal 0.6950730295445141 -0.1099371227226239 -0.7104838581187342
    outer loop
      vertex 82.91259040293522 3.7290355851498873 1.4979339844991886
      vertex 81.48425749620625 4.379063838265552 -3.375077994860476e-14
      vertex 82.97808758147309 4.143138857870568 1.4979339844991886
    endloop
  endfacet
  facet normal 0.7046840797625175 -0.0368800611370575 -0.7085620712540157
    outer loop
      vertex 82.97808758147309 4.143138857870568 1.4979339844991886
      vertex 81.48425749620625 4.379063838265552 -3.375077994860476e-14
      vertex 83 4.561829391696449 1.4979339844991895
    endloop
  endfacet
  facet normal 0.24724676340538146 -0.6432126927932444 -0.72466990403578
    outer loop
      vertex 80.62694657230321 0.902607555102577 1.4979339844991877
      vertex 80.23606797749979 0.7523563729781984 1.4979339844991868
      vertex 80.01600433258301 2.3553994478473044 -3.4638958368304884e-14
    endloop
  endfacet
  facet normal 0.17842128477979438 -0.6649601580675717 -0.7252543231999914
    outer loop
      vertex 80.23606797749979 0.7523563729781984 1.4979339844991868
      vertex 79.83164676327104 0.6438425744303373 1.4979339844991877
      vertex 79.7719063685841 2.261569782747742 -3.2862601528904634e-14
    endloop
  endfacet
  facet normal 0.10778219379456995 -0.67957269320122 -0.725647265106174
    outer loop
      vertex 79.83164676327104 0.6438425744303373 1.4979339844991877
      vertex 79.41811385307062 0.5782550593439169 1.4979339844991886
      vertex 79.51935123687917 2.193804503084266 -3.197442310920451e-14
    endloop
  endfacet
  facet normal 0.03604925229310944 -0.6869132899020609 -0.7258447379192294
    outer loop
      vertex 79.41811385307062 0.5782550593439169 1.4979339844991886
      vertex 79 0.5563124182592816 1.4979339844991886
      vertex 79.26110598434178 2.1528460594416856 -3.197442310920451e-14
    endloop
  endfacet
  facet normal 0.6535702010568937 -0.2505365436924351 -0.714197054436029
    outer loop
      vertex 82.6541818305704 2.9326388641374734 1.4979339844991877
      vertex 81.28198309342743 3.6231243014906482 -3.375077994860476e-14
      vertex 81.37568352283199 3.867558935985471 -3.197442310920451e-14
    endloop
  endfacet
  facet normal 0.677954240854383 -0.18140708682239995 -0.7123689466548688
    outer loop
      vertex 82.80422606518061 3.324056575647063 1.4979339844991886
      vertex 81.37568352283199 3.867558935985471 -3.197442310920451e-14
      vertex 81.44335546641665 4.120462402678555 -3.4638958368304884e-14
    endloop
  endfacet
  facet normal 0.3766547896682299 -0.579198658160082 -0.7229523385435184
    outer loop
      vertex 81 1.0929499374101113 1.4979339844991877
      vertex 80.24897074050158 2.474265480937035 -3.552713678800501e-14
      vertex 80.46825316362325 2.616865560884051 -3.552713678800501e-14
    endloop
  endfacet
  facet normal 0.4358920856673975 -0.5375404979845454 -0.7218367562538313
    outer loop
      vertex 81.3511410091699 1.3212980889284864 1.4979339844991877
      vertex 80.46825316362325 2.616865560884051 -3.552713678800501e-14
      vertex 80.67144909783256 2.7816373313715275 -3.2862601528904634e-14
    endloop
  endfacet
  facet normal 0.6222353578168595 -0.3166080708037599 -0.7159486636515542
    outer loop
      vertex 82.46410161513776 2.5590709049778724 1.4979339844991886
      vertex 81.16328077971562 3.3898365762009917 -3.375077994860476e-14
      vertex 81.28198309342743 3.6231243014906482 -3.375077994860476e-14
    endloop
  endfacet
  facet normal 0.5843308329014952 -0.3789462207671205 -0.7176052114407765
    outer loop
      vertex 82.23606797749979 2.2074455869029066 1.4979339844991877
      vertex 81.02087710908566 3.170251709253421 -3.6415315207705135e-14
      vertex 81.16328077971562 3.3898365762009917 -3.375077994860476e-14
    endloop
  endfacet
  facet normal 0.5402988441217447 -0.43692275431614946 -0.7191492653138821
    outer loop
      vertex 81.97257930190958 1.8816153904797375 1.4979339844991877
      vertex 80.85633228595279 2.9667755184012066 -3.552713678800501e-14
      vertex 81.02087710908566 3.170251709253421 -3.6415315207705135e-14
    endloop
  endfacet
  facet normal 0.4906369339744628 -0.4899611583005893 -0.7205646829930563
    outer loop
      vertex 81.67652242543544 1.5851501795247458 1.4979339844991877
      vertex 80.67144909783256 2.7816373313715275 -3.2862601528904634e-14
      vertex 80.85633228595279 2.9667755184012066 -3.552713678800501e-14
    endloop
  endfacet
  facet normal -1.0082441313479854e-14 3.7883307120381204e-15 -1
    outer loop
      vertex 81.02087710908566 3.170251709253421 -3.6415315207705135e-14
      vertex 80.85633228595279 2.9667755184012066 -3.552713678800501e-14
      vertex 81.5 4.679863008793845 -3.552713678800501e-14
    endloop
  endfacet
  facet normal 3.486853954080892e-14 -1.0478284742482242e-14 -1
    outer loop
      vertex 81.16328077971562 3.3898365762009917 -3.375077994860476e-14
      vertex 81.02087710908566 3.170251709253421 -3.6415315207705135e-14
      vertex 81.5 4.679863008793845 -3.552713678800501e-14
    endloop
  endfacet
  facet normal -5.365183967399479e-15 3.0431672329315087e-15 -1
    outer loop
      vertex 80.01600433258301 2.3553994478473044 -3.4638958368304884e-14
      vertex 81.5 4.679863008793845 -3.552713678800501e-14
      vertex 80.24897074050158 2.474265480937035 -3.552713678800501e-14
    endloop
  endfacet
  facet normal -9.449261720771778e-15 5.650544605167287e-15 -1
    outer loop
      vertex 80.01600433258301 2.3553994478473044 -3.4638958368304884e-14
      vertex 79.7719063685841 2.261569782747742 -3.2862601528904634e-14
      vertex 81.5 4.679863008793845 -3.552713678800501e-14
    endloop
  endfacet
  facet normal -2.310553666388973e-14 8.681569417608214e-15 -1
    outer loop
      vertex 80.85633228595279 2.9667755184012066 -3.552713678800501e-14
      vertex 80.67144909783256 2.7816373313715275 -3.2862601528904634e-14
      vertex 81.5 4.679863008793845 -3.552713678800501e-14
    endloop
  endfacet
  facet normal 2.2059194774467298e-14 -1.1032250400811184e-14 -1
    outer loop
      vertex 80.67144909783256 2.7816373313715275 -3.2862601528904634e-14
      vertex 80.46825316362325 2.616865560884051 -3.552713678800501e-14
      vertex 81.5 4.679863008793845 -3.552713678800501e-14
    endloop
  endfacet
  facet normal 0 0 -1
    outer loop
      vertex 80.46825316362325 2.616865560884051 -3.552713678800501e-14
      vertex 80.24897074050158 2.474265480937035 -3.552713678800501e-14
      vertex 81.5 4.679863008793845 -3.552713678800501e-14
    endloop
  endfacet
  facet normal 0.6950730295445064 -0.10993712272264856 -0.7104838581187378
    outer loop
      vertex 82.91259040293522 3.7290355851498873 1.4979339844991886
      vertex 81.44335546641665 4.120462402678555 -3.4638958368304884e-14
      vertex 81.48425749620625 4.379063838265552 -3.375077994860476e-14
    endloop
  endfacet
  facet normal 0.7046840797625169 -0.03688006113704186 -0.708562071254017
    outer loop
      vertex 83 4.561829391696449 1.4979339844991895
      vertex 81.48425749620625 4.379063838265552 -3.375077994860476e-14
      vertex 81.5 4.679863008793845 -3.552713678800501e-14
    endloop
  endfacet
  facet normal 0.3135531073724112 -0.6145350292047993 -0.7238999563042959
    outer loop
      vertex 80.62694657230321 0.902607555102577 1.4979339844991877
      vertex 80.01600433258301 2.3553994478473044 -3.4638958368304884e-14
      vertex 80.24897074050158 2.474265480937035 -3.552713678800501e-14
    endloop
  endfacet
  facet normal 0.2472467634053908 -0.643212692793242 -0.724669904035779
    outer loop
      vertex 80.23606797749979 0.7523563729781984 1.4979339844991868
      vertex 79.7719063685841 2.261569782747742 -3.2862601528904634e-14
      vertex 80.01600433258301 2.3553994478473044 -3.4638958368304884e-14
    endloop
  endfacet
  facet normal 0.17842128477977498 -0.6649601580675742 -0.7252543231999936
    outer loop
      vertex 79.83164676327104 0.6438425744303373 1.4979339844991877
      vertex 79.51935123687917 2.193804503084266 -3.197442310920451e-14
      vertex 79.7719063685841 2.261569782747742 -3.2862601528904634e-14
    endloop
  endfacet
  facet normal 0.10778219379459188 -0.6795726932012193 -0.7256472651061715
    outer loop
      vertex 79.41811385307062 0.5782550593439169 1.4979339844991886
      vertex 79.26110598434178 2.1528460594416856 -3.197442310920451e-14
      vertex 79.51935123687917 2.193804503084266 -3.197442310920451e-14
    endloop
  endfacet
  facet normal 0.03604925229309622 -0.68691328990206 -0.7258447379192309
    outer loop
      vertex 79 0.5563124182592816 1.4979339844991886
      vertex 78.96072111764623 2.137081842904138 -3.2862601528904634e-14
      vertex 79.26110598434178 2.1528460594416856 -3.197442310920451e-14
    endloop
  endfacet
  facet normal -3.985257530189964e-15 1.746009480114498e-15 -1
    outer loop
      vertex 79.7719063685841 2.261569782747742 -3.2862601528904634e-14
      vertex 79.51935123687917 2.193804503084266 -3.197442310920451e-14
      vertex 81.5 4.679863008793845 -3.552713678800501e-14
    endloop
  endfacet
  facet normal 2.594341279399581e-16 -1.6357465257059256e-15 -1
    outer loop
      vertex 79.26110598434178 2.1528460594416856 -3.197442310920451e-14
      vertex 81.5 4.679863008793845 -3.552713678800501e-14
      vertex 79.51935123687917 2.193804503084266 -3.197442310920451e-14
    endloop
  endfacet
  facet normal 3.178365487246012e-15 -4.221870039496693e-15 -1
    outer loop
      vertex 79.26110598434178 2.1528460594416856 -3.197442310920451e-14
      vertex 78.96072111764623 2.137081842904138 -3.2862601528904634e-14
      vertex 81.5 4.679863008793845 -3.552713678800501e-14
    endloop
  endfacet
  facet normal 5.054780175608094e-14 -1.210955189193526e-14 -1
    outer loop
      vertex 81.28198309342743 3.6231243014906482 -3.375077994860476e-14
      vertex 81.5 4.679863008793845 -3.552713678800501e-14
      vertex 81.37568352283199 3.867558935985471 -3.197442310920451e-14
    endloop
  endfacet
  facet normal 5.556728324098559e-15 -2.8273948315088593e-15 -1
    outer loop
      vertex 81.28198309342743 3.6231243014906482 -3.375077994860476e-14
      vertex 81.16328077971562 3.3898365762009917 -3.375077994860476e-14
      vertex 81.5 4.679863008793845 -3.552713678800501e-14
    endloop
  endfacet
  facet normal -5.379993142269899e-14 3.860012983450302e-15 -1
    outer loop
      vertex 81.44335546641665 4.120462402678555 -3.4638958368304884e-14
      vertex 81.37568352283199 3.867558935985471 -3.197442310920451e-14
      vertex 81.5 4.679863008793845 -3.552713678800501e-14
    endloop
  endfacet
  facet normal 8.825420181234442e-14 -1.0524294135137314e-14 -1
    outer loop
      vertex 81.44335546641665 4.120462402678555 -3.4638958368304884e-14
      vertex 81.5 4.679863008793845 -3.552713678800501e-14
      vertex 81.48425749620625 4.379063838265552 -3.375077994860476e-14
    endloop
  endfacet
  facet normal 0.7066193132783483 2.0536007409275857e-16 -0.7075939132737333
    outer loop
      vertex 83 4.561829391696449 1.4979339844991895
      vertex 81.5 4.679863008793845 -3.552713678800501e-14
      vertex 83 110.90830503645321 1.4979339844992203
    endloop
  endfacet
  facet normal 6.096978929533782e-19 -0.6878324751621796 -0.7258694690591895
    outer loop
      vertex 79 0.5563124182592816 1.4979339844991886
      vertex 2.039278882353784 2.137081842904138 -3.2862601528904634e-14
      vertex 78.96072111764623 2.137081842904138 -3.2862601528904634e-14
    endloop
  endfacet
  facet normal -8.842312670043831e-16 -1.6486887715818944e-16 -1
    outer loop
      vertex 78.96072111764623 2.137081842904138 -3.2862601528904634e-14
      vertex 21.499999999999996 110.98700559605913 0
      vertex 81.5 4.679863008793845 -3.552713678800501e-14
    endloop
  endfacet
  facet normal 1 0 0
    outer loop
      vertex 83 4.561829391696449 1.4979339844991895
      vertex 83 110.90830503645321 1.4979339844992203
      vertex 83 110.19999999999999 14.979339844992221
    endloop
  endfacet
  facet normal 0.7066193132783479 2.1285841286413968e-16 -0.7075939132737336
    outer loop
      vertex 81.5 4.679863008793845 -3.552713678800501e-14
      vertex 81.5 110.98700559605913 -3.5478203711136827e-15
      vertex 83 110.90830503645321 1.4979339844992203
    endloop
  endfacet
  facet normal -5.913033951856144e-17 3.0082001677958927e-16 -1
    outer loop
      vertex 81.5 4.679863008793845 -3.552713678800501e-14
      vertex 21.499999999999996 110.98700559605913 0
      vertex 81.5 110.98700559605913 -3.5478203711136827e-15
    endloop
  endfacet
  facet normal 0 -0.9986226563328147 -0.05246703973727758
    outer loop
      vertex 79 0.15178327212379372 9.197472065944401
      vertex 19.051373043325395 0.15178327212379372 9.197472065944401
      vertex 19.051373043325395 0.44066440373275384 3.699101194320722
    endloop
  endfacet
  facet normal 7.345477061522856e-19 -0.9986226563328147 -0.052467039737276774
    outer loop
      vertex 79 0.5563124182592816 1.4979339844991886
      vertex 19.051373043325395 0.44066440373275384 3.699101194320722
      vertex 2 0.44066440373275384 3.699101194320722
    endloop
  endfacet
  facet normal 0 -0.9986226563328147 -0.05246703973727678
    outer loop
      vertex 79 0.5563124182592816 1.4979339844991886
      vertex 2 0.44066440373275384 3.699101194320722
      vertex 2 0.5563124182592816 1.4979339844991886
    endloop
  endfacet
  facet normal -0.0523359562429417 -0.9972540786890156 -0.05239513548278647
    outer loop
      vertex 2 0.5563124182592816 1.4979339844991886
      vertex 2 0.44066440373275384 3.699101194320722
      vertex 1.7909430734646925 0.4516357242750928 3.6991011943204093
    endloop
  endfacet
  facet normal -0.1564344650402308 -0.9863279543140663 -0.05182108341405103
    outer loop
      vertex 1.7909430734646925 0.5672837388016063 1.4979339844991877
      vertex 1.7909430734646925 0.4516357242750928 3.6991011943204093
      vertex 1.5841766183644808 0.48442948181835277 3.6991011943194723
    endloop
  endfacet
  facet normal -0.2588190451025546 -0.9645954144692496 -0.05067926871116762
    outer loop
      vertex 1.5841766183644808 0.6000774963448094 1.4979339844991877
      vertex 1.5841766183644808 0.48442948181835277 3.6991011943194723
      vertex 1.3819660112501069 0.5386863810923614 3.6991011943179206
    endloop
  endfacet
  facet normal -0.3583679495453202 -0.9322945654089503 -0.048982201334968195
    outer loop
      vertex 1.3819660112501069 0.6543343956187329 1.4979339844991868
      vertex 1.3819660112501069 0.5386863810923614 3.6991011943179206
      vertex 1.186526713848398 0.6138119721546786 3.6991011943157757
    endloop
  endfacet
  facet normal -0.4539904997395251 -0.8897793019948674 -0.046748474710760456
    outer loop
      vertex 1.186526713848398 0.7294599866809364 1.4979339844991886
      vertex 1.186526713848398 0.6138119721546786 3.6991011943157757
      vertex 1 0.7089831633085737 3.6991011943130534
    endloop
  endfacet
  facet normal -0.5446390350150048 -0.8375154303498245 -0.044002562014874305
    outer loop
      vertex 1 0.8246311778346893 1.4979339844991877
      vertex 1 0.7089831633085737 3.6991011943130534
      vertex 0.8244294954150533 0.8231572390679247 3.699101194309793
    endloop
  endfacet
  facet normal -0.6293203910498228 -0.7760755643884912 -0.04077454804142969
    outer loop
      vertex 0.8244294954150533 0.938805253593884 1.4979339844991868
      vertex 0.8244294954150533 0.8231572390679247 3.699101194309793
      vertex 0.6617387872822817 0.9550832843662533 3.6991011943060235
    endloop
  endfacet
  facet normal -0.7071067811865787 -0.7061328521394251 -0.03709979958701235
    outer loop
      vertex 0.6617387872822817 1.0707312988920137 1.4979339844991868
      vertex 0.6617387872822817 0.9550832843662533 3.6991011943060235
      vertex 0.513710349045212 1.1033158898439837 3.699101194301787
    endloop
  endfacet
  facet normal -0.7771459614569756 -0.6284536005945885 -0.03301857796469011
    outer loop
      vertex 0.513710349045212 1.2189639043695166 1.4979339844991886
      vertex 0.513710349045212 1.1033158898439837 3.699101194301787
      vertex 0.3819660112501069 1.2662309880558098 3.699101194297133
    endloop
  endfacet
  facet normal -0.8386705679453964 -0.5438888798892898 -0.028575597892608492
    outer loop
      vertex 0.3819660112501069 1.3818790025811012 1.4979339844991886
      vertex 0.3819660112501069 1.2662309880558098 3.699101194297133
      vertex 0.2679491924311215 1.4420436470935414 3.6991011942921075
    endloop
  endfacet
  facet normal -0.8910065241883713 -0.4533651987997615 -0.023819537590179973
    outer loop
      vertex 0.2679491924311215 1.5576916616185628 1.4979339844991877
      vertex 0.2679491924311215 1.4420436470935414 3.6991011942921075
      vertex 0.17290908471479938 1.6288276266736261 3.6991011942867695
    endloop
  endfacet
  facet normal -0.933580426497209 -0.35787435371945325 -0.018802505449357593
    outer loop
      vertex 0.17290908471479938 1.7444756411983633 1.4979339844991877
      vertex 0.17290908471479938 1.6288276266736261 3.6991011942867695
      vertex 0.09788696740969272 1.8245364824287265 3.6991011942811793
    endloop
  endfacet
  facet normal -0.965925826289065 -0.2584625623298142 -0.01357946912415729
    outer loop
      vertex 0.09788696740969272 1.9401844969531652 1.4979339844991886
      vertex 0.09788696740969272 1.8245364824287265 3.6991011942811793
      vertex 0.04370479853238862 2.027025987180437 3.699101194275393
    endloop
  endfacet
  facet normal -0.9876883405951391 -0.15621900102046968 -0.008207653293544566
    outer loop
      vertex 0.04370479853238862 2.1426740017045773 1.4979339844991886
      vertex 0.04370479853238862 2.027025987180437 3.699101194275393
      vertex 0.010956209263454753 2.234077623541083 3.699101194269475
    endloop
  endfacet
  facet normal -0.9986295347545737 -0.052263871645049455 -0.0027459126958872234
    outer loop
      vertex 0.010956209263454753 2.3497256380649247 1.4979339844991877
      vertex 0.010956209263454753 2.234077623541083 3.699101194269475
      vertex 0 2.4434228904543573 3.699101194263493
    endloop
  endfacet
  facet normal -0.052335956242952 -0.997254078689015 -0.052395135482787424
    outer loop
      vertex 2 0.5563124182592816 1.4979339844991886
      vertex 1.7909430734646925 0.4516357242750928 3.6991011943204093
      vertex 1.7909430734646925 0.5672837388016063 1.4979339844991877
    endloop
  endfacet
  facet normal -0.1564344650401954 -0.986327954314072 -0.05182108341404792
    outer loop
      vertex 1.7909430734646925 0.5672837388016063 1.4979339844991877
      vertex 1.5841766183644808 0.48442948181835277 3.6991011943194723
      vertex 1.5841766183644808 0.6000774963448094 1.4979339844991877
    endloop
  endfacet
  facet normal -0.2588190451025377 -0.964595414469254 -0.05067926871116619
    outer loop
      vertex 1.5841766183644808 0.6000774963448094 1.4979339844991877
      vertex 1.3819660112501069 0.5386863810923614 3.6991011943179206
      vertex 1.3819660112501069 0.6543343956187329 1.4979339844991868
    endloop
  endfacet
  facet normal -0.35836794954531653 -0.9322945654089517 -0.04898220133496789
    outer loop
      vertex 1.3819660112501069 0.6543343956187329 1.4979339844991868
      vertex 1.186526713848398 0.6138119721546786 3.6991011943157757
      vertex 1.186526713848398 0.7294599866809364 1.4979339844991886
    endloop
  endfacet
  facet normal -0.4539904997395285 -0.8897793019948658 -0.046748474710760726
    outer loop
      vertex 1.186526713848398 0.7294599866809364 1.4979339844991886
      vertex 1 0.7089831633085737 3.6991011943130534
      vertex 1 0.8246311778346893 1.4979339844991877
    endloop
  endfacet
  facet normal -0.5446390350150548 -0.8375154303497917 -0.044002562014878274
    outer loop
      vertex 1 0.8246311778346893 1.4979339844991877
      vertex 0.8244294954150533 0.8231572390679247 3.699101194309793
      vertex 0.8244294954150533 0.938805253593884 1.4979339844991868
    endloop
  endfacet
  facet normal -0.6293203910498202 -0.7760755643884935 -0.040774548041429486
    outer loop
      vertex 0.8244294954150533 0.938805253593884 1.4979339844991868
      vertex 0.6617387872822817 0.9550832843662533 3.6991011943060235
      vertex 0.6617387872822817 1.0707312988920137 1.4979339844991868
    endloop
  endfacet
  facet normal -0.7071067811865677 -0.7061328521394364 -0.03709979958701144
    outer loop
      vertex 0.6617387872822817 1.0707312988920137 1.4979339844991868
      vertex 0.513710349045212 1.1033158898439837 3.699101194301787
      vertex 0.513710349045212 1.2189639043695166 1.4979339844991886
    endloop
  endfacet
  facet normal -0.7771459614569812 -0.6284536005945818 -0.03301857796469059
    outer loop
      vertex 0.513710349045212 1.2189639043695166 1.4979339844991886
      vertex 0.3819660112501069 1.2662309880558098 3.699101194297133
      vertex 0.3819660112501069 1.3818790025811012 1.4979339844991886
    endloop
  endfacet
  facet normal -0.838670567945388 -0.5438888798893029 -0.028575597892607694
    outer loop
      vertex 0.3819660112501069 1.3818790025811012 1.4979339844991886
      vertex 0.2679491924311215 1.4420436470935414 3.6991011942921075
      vertex 0.2679491924311215 1.5576916616185628 1.4979339844991877
    endloop
  endfacet
  facet normal -0.8910065241883677 -0.4533651987997688 -0.02381953759017958
    outer loop
      vertex 0.2679491924311215 1.5576916616185628 1.4979339844991877
      vertex 0.17290908471479938 1.6288276266736261 3.6991011942867695
      vertex 0.17290908471479938 1.7444756411983633 1.4979339844991877
    endloop
  endfacet
  facet normal -0.9335804264972062 -0.3578743537194607 -0.018802505449357222
    outer loop
      vertex 0.17290908471479938 1.7444756411983633 1.4979339844991877
      vertex 0.09788696740969272 1.8245364824287265 3.6991011942811793
      vertex 0.09788696740969272 1.9401844969531652 1.4979339844991886
    endloop
  endfacet
  facet normal -0.9659258262890669 -0.2584625623298075 -0.0135794691241576
    outer loop
      vertex 0.09788696740969272 1.9401844969531652 1.4979339844991886
      vertex 0.04370479853238862 2.027025987180437 3.699101194275393
      vertex 0.04370479853238862 2.1426740017045773 1.4979339844991886
    endloop
  endfacet
  facet normal -0.9876883405951407 -0.15621900102046055 -0.00820765329354497
    outer loop
      vertex 0.04370479853238862 2.1426740017045773 1.4979339844991886
      vertex 0.010956209263454753 2.234077623541083 3.699101194269475
      vertex 0.010956209263454753 2.3497256380649247 1.4979339844991877
    endloop
  endfacet
  facet normal -0.9986295347545735 -0.05226387164505256 -0.0027459126958870894
    outer loop
      vertex 0.010956209263454753 2.3497256380649247 1.4979339844991877
      vertex 0 2.4434228904543573 3.699101194263493
      vertex 0 2.5590709049778724 1.4979339844991886
    endloop
  endfacet
  facet normal 0 -0.6878324751621796 -0.7258694690591895
    outer loop
      vertex 79 0.5563124182592816 1.4979339844991886
      vertex 2 0.5563124182592816 1.4979339844991886
      vertex 2.039278882353784 2.137081842904138 -3.2862601528904634e-14
    endloop
  endfacet
  facet normal 0 0 -1
    outer loop
      vertex 78.96072111764623 2.137081842904138 -3.2862601528904634e-14
      vertex 2.039278882353784 2.137081842904138 -3.2862601528904634e-14
      vertex 1.5 2.677104522075183 -3.2862601528904634e-14
    endloop
  endfacet
  facet normal 1.9834652580633366e-18 2.8450777185363476e-16 -1
    outer loop
      vertex 78.96072111764623 2.137081842904138 -3.2862601528904634e-14
      vertex 1.5 2.677104522075183 -3.2862601528904634e-14
      vertex 1.5 90.0877070148513 -7.993605777301127e-15
    endloop
  endfacet
  facet normal -0.03604925229313027 -0.6869132899020598 -0.7258447379192295
    outer loop
      vertex 2 0.5563124182592816 1.4979339844991886
      vertex 1.7909430734646925 0.5672837388016063 1.4979339844991877
      vertex 1.947950942193522 2.141874738899375 -3.4638958368304884e-14
    endloop
  endfacet
  facet normal -0.1077821937945472 -0.6795726932012258 -0.7256472651061722
    outer loop
      vertex 1.7909430734646925 0.5672837388016063 1.4979339844991877
      vertex 1.5841766183644808 0.6000774963448094 1.4979339844991877
      vertex 1.8964721447563342 2.150039424998738 -3.6415315207705135e-14
    endloop
  endfacet
  facet normal -0.17842128477977104 -0.6649601580675775 -0.7252543231999918
    outer loop
      vertex 1.5841766183644808 0.6000774963448094 1.4979339844991877
      vertex 1.3819660112501069 0.6543343956187329 1.4979339844991868
      vertex 1.84612762016582 2.1635478053882764 -3.552713678800501e-14
    endloop
  endfacet
  facet normal -0.24724676340543136 -0.643212692793228 -0.7246699040357776
    outer loop
      vertex 1.3819660112501069 0.6543343956187329 1.4979339844991868
      vertex 1.186526713848398 0.7294599866809364 1.4979339844991886
      vertex 1.7974689535686004 2.1822518794256496 -3.552713678800501e-14
    endloop
  endfacet
  facet normal -0.31355310737239794 -0.6145350292048076 -0.7238999563042946
    outer loop
      vertex 1.186526713848398 0.7294599866809364 1.4979339844991886
      vertex 1 0.8246311778346893 1.4979339844991877
      vertex 1.7510292594984307 2.2059467213616273 -3.552713678800501e-14
    endloop
  endfacet
  facet normal -0.37665478966824817 -0.5791986581600718 -0.7229523385435173
    outer loop
      vertex 1 0.8246311778346893 1.4979339844991877
      vertex 0.8244294954150533 0.938805253593884 1.4979339844991868
      vertex 1.7073173409616942 2.2343727255494485 -3.6415315207705135e-14
    endloop
  endfacet
  facet normal -0.4358920856673534 -0.5375404979845765 -0.7218367562538347
    outer loop
      vertex 0.8244294954150533 0.938805253593884 1.4979339844991868
      vertex 0.6617387872822817 1.0707312988920137 1.4979339844991868
      vertex 1.6668121148851505 2.267218450738781 -3.552713678800501e-14
    endloop
  endfacet
  facet normal -0.49063693397449637 -0.48996115830056314 -0.7205646829930512
    outer loop
      vertex 0.6617387872822817 1.0707312988920137 1.4979339844991868
      vertex 0.513710349045212 1.2189639043695166 1.4979339844991886
      vertex 1.6299573650019994 2.3041240322909715 -3.6415315207705135e-14
    endloop
  endfacet
  facet normal -0.5402988441217839 -0.43692275431611016 -0.7191492653138765
    outer loop
      vertex 0.513710349045212 1.2189639043695166 1.4979339844991886
      vertex 0.3819660112501069 1.3818790025811012 1.4979339844991886
      vertex 1.5971568796642437 2.3446851249316154 -3.6415315207705135e-14
    endloop
  endfacet
  facet normal -0.5843308329014554 -0.37894622076716783 -0.717605211440784
    outer loop
      vertex 0.3819660112501069 1.3818790025811012 1.4979339844991886
      vertex 0.2679491924311215 1.5576916616185628 1.4979339844991877
      vertex 1.5687700278532475 2.388457332841739 -3.375077994860476e-14
    endloop
  endfacet
  facet normal -0.6222353578168364 -0.31660807080379644 -0.715948663651558
    outer loop
      vertex 0.2679491924311215 1.5576916616185628 1.4979339844991877
      vertex 0.17290908471479938 1.7444756411983633 1.4979339844991877
      vertex 1.5451078218577692 2.434961078551538 -3.375077994860476e-14
    endloop
  endfacet
  facet normal -0.6535702010568882 -0.25053654369244516 -0.7141970544360305
    outer loop
      vertex 0.17290908471479938 1.7444756411983633 1.4979339844991877
      vertex 0.09788696740969272 1.9401844969531652 1.4979339844991886
      vertex 1.5264295097583265 2.4836868572915165 -3.375077994860476e-14
    endloop
  endfacet
  facet normal -0.677954240854395 -0.18140708682236603 -0.7123689466548662
    outer loop
      vertex 0.09788696740969272 1.9401844969531652 1.4979339844991886
      vertex 0.04370479853238862 2.1426740017045773 1.4979339844991886
      vertex 1.5129397350509635 2.5341008192332737 -3.197442310920451e-14
    endloop
  endfacet
  facet normal -0.6950730295445109 -0.10993712272262267 -0.7104838581187376
    outer loop
      vertex 0.04370479853238862 2.1426740017045773 1.4979339844991886
      vertex 0.010956209263454753 2.3497256380649247 1.4979339844991877
      vertex 1.5047862945302946 2.5856506184599795 -3.4638958368304884e-14
    endloop
  endfacet
  facet normal -0.7046840797625161 -0.03688006113705467 -0.7085620712540173
    outer loop
      vertex 0.010956209263454753 2.3497256380649247 1.4979339844991877
      vertex 0 2.5590709049778724 1.4979339844991886
      vertex 1.5047862945302946 2.5856506184599795 -3.4638958368304884e-14
    endloop
  endfacet
  facet normal -0.036049252293090375 -0.6869132899020601 -0.7258447379192312
    outer loop
      vertex 2 0.5563124182592816 1.4979339844991886
      vertex 1.947950942193522 2.141874738899375 -3.4638958368304884e-14
      vertex 2.039278882353784 2.137081842904138 -3.2862601528904634e-14
    endloop
  endfacet
  facet normal -0.10778219379455098 -0.6795726932012255 -0.7256472651061718
    outer loop
      vertex 1.7909430734646925 0.5672837388016063 1.4979339844991877
      vertex 1.8964721447563342 2.150039424998738 -3.6415315207705135e-14
      vertex 1.947950942193522 2.141874738899375 -3.4638958368304884e-14
    endloop
  endfacet
  facet normal -0.17842128477974822 -0.6649601580675825 -0.725254323199993
    outer loop
      vertex 1.5841766183644808 0.6000774963448094 1.4979339844991877
      vertex 1.84612762016582 2.1635478053882764 -3.552713678800501e-14
      vertex 1.8964721447563342 2.150039424998738 -3.6415315207705135e-14
    endloop
  endfacet
  facet normal -0.24724676340535984 -0.6432126927932512 -0.7246699040357815
    outer loop
      vertex 1.3819660112501069 0.6543343956187329 1.4979339844991868
      vertex 1.7974689535686004 2.1822518794256496 -3.552713678800501e-14
      vertex 1.84612762016582 2.1635478053882764 -3.552713678800501e-14
    endloop
  endfacet
  facet normal -0.3135531073724705 -0.6145350292047757 -0.7238999563042903
    outer loop
      vertex 1.186526713848398 0.7294599866809364 1.4979339844991886
      vertex 1.7510292594984307 2.2059467213616273 -3.552713678800501e-14
      vertex 1.7974689535686004 2.1822518794256496 -3.552713678800501e-14
    endloop
  endfacet
  facet normal -0.376654789668046 -0.5791986581601869 -0.7229523385435301
    outer loop
      vertex 1 0.8246311778346893 1.4979339844991877
      vertex 1.7073173409616942 2.2343727255494485 -3.6415315207705135e-14
      vertex 1.7510292594984307 2.2059467213616273 -3.552713678800501e-14
    endloop
  endfacet
  facet normal -0.435892085667458 -0.5375404979845007 -0.721836756253828
    outer loop
      vertex 0.8244294954150533 0.938805253593884 1.4979339844991868
      vertex 1.6668121148851505 2.267218450738781 -3.552713678800501e-14
      vertex 1.7073173409616942 2.2343727255494485 -3.6415315207705135e-14
    endloop
  endfacet
  facet normal -0.4906369339745007 -0.48996115830055953 -0.7205646829930505
    outer loop
      vertex 0.6617387872822817 1.0707312988920137 1.4979339844991868
      vertex 1.6299573650019994 2.3041240322909715 -3.6415315207705135e-14
      vertex 1.6668121148851505 2.267218450738781 -3.552713678800501e-14
    endloop
  endfacet
  facet normal -0.5402988441217595 -0.4369227543161365 -0.7191492653138788
    outer loop
      vertex 0.513710349045212 1.2189639043695166 1.4979339844991886
      vertex 1.5971568796642437 2.3446851249316154 -3.6415315207705135e-14
      vertex 1.6299573650019994 2.3041240322909715 -3.6415315207705135e-14
    endloop
  endfacet
  facet normal -0.5843308329015515 -0.3789462207670384 -0.7176052114407742
    outer loop
      vertex 0.3819660112501069 1.3818790025811012 1.4979339844991886
      vertex 1.5687700278532475 2.388457332841739 -3.375077994860476e-14
      vertex 1.5971568796642437 2.3446851249316154 -3.6415315207705135e-14
    endloop
  endfacet
  facet normal -0.6222353578168148 -0.31660807080383496 -0.7159486636515598
    outer loop
      vertex 0.2679491924311215 1.5576916616185628 1.4979339844991877
      vertex 1.5451078218577692 2.434961078551538 -3.375077994860476e-14
      vertex 1.5687700278532475 2.388457332841739 -3.375077994860476e-14
    endloop
  endfacet
  facet normal -0.6535702010568964 -0.25053654369242895 -0.7141970544360287
    outer loop
      vertex 0.17290908471479938 1.7444756411983633 1.4979339844991877
      vertex 1.5264295097583265 2.4836868572915165 -3.375077994860476e-14
      vertex 1.5451078218577692 2.434961078551538 -3.375077994860476e-14
    endloop
  endfacet
  facet normal -0.677954240854407 -0.1814070868223308 -0.7123689466548635
    outer loop
      vertex 0.09788696740969272 1.9401844969531652 1.4979339844991886
      vertex 1.5129397350509635 2.5341008192332737 -3.197442310920451e-14
      vertex 1.5264295097583265 2.4836868572915165 -3.375077994860476e-14
    endloop
  endfacet
  facet normal -0.6950730295445051 -0.10993712272264494 -0.7104838581187398
    outer loop
      vertex 0.04370479853238862 2.1426740017045773 1.4979339844991886
      vertex 1.5047862945302946 2.5856506184599795 -3.4638958368304884e-14
      vertex 1.5129397350509635 2.5341008192332737 -3.197442310920451e-14
    endloop
  endfacet
  facet normal -0.7046840797625159 -0.036880061137062436 -0.7085620712540172
    outer loop
      vertex 0 2.5590709049778724 1.4979339844991886
      vertex 1.5 2.677104522075183 -3.2862601528904634e-14
      vertex 1.5047862945302946 2.5856506184599795 -3.4638958368304884e-14
    endloop
  endfacet
  facet normal 1.0989143141613329e-13 4.753057069586894e-13 -1
    outer loop
      vertex 1.947950942193522 2.141874738899375 -3.4638958368304884e-14
      vertex 1.8964721447563342 2.150039424998738 -3.6415315207705135e-14
      vertex 1.84612762016582 2.1635478053882764 -3.552713678800501e-14
    endloop
  endfacet
  facet normal 1.2448795355654504e-14 2.4398485097338538e-14 -1
    outer loop
      vertex 1.947950942193522 2.141874738899375 -3.4638958368304884e-14
      vertex 1.7974689535686004 2.1822518794256496 -3.552713678800501e-14
      vertex 1.7510292594984307 2.2059467213616273 -3.552713678800501e-14
    endloop
  endfacet
  facet normal 1.954582784528005e-14 5.084848993806196e-14 -1
    outer loop
      vertex 1.947950942193522 2.141874738899375 -3.4638958368304884e-14
      vertex 1.84612762016582 2.1635478053882764 -3.552713678800501e-14
      vertex 1.7974689535686004 2.1822518794256496 -3.552713678800501e-14
    endloop
  endfacet
  facet normal -1.1319317990035775e-14 -4.8651492360100996e-14 -1
    outer loop
      vertex 1.947950942193522 2.141874738899375 -3.4638958368304884e-14
      vertex 1.7510292594984307 2.2059467213616273 -3.552713678800501e-14
      vertex 1.7073173409616942 2.2343727255494485 -3.6415315207705135e-14
    endloop
  endfacet
  facet normal 2.0526034910353622e-14 2.0497763506156747e-14 -1
    outer loop
      vertex 2.039278882353784 2.137081842904138 -3.2862601528904634e-14
      vertex 1.947950942193522 2.141874738899375 -3.4638958368304884e-14
      vertex 1.5047862945302946 2.5856506184599795 -3.4638958368304884e-14
    endloop
  endfacet
  facet normal 3.3797435600126135e-14 6.871978549658337e-14 -1
    outer loop
      vertex 1.947950942193522 2.141874738899375 -3.4638958368304884e-14
      vertex 1.7073173409616942 2.2343727255494485 -3.6415315207705135e-14
      vertex 1.6668121148851505 2.267218450738781 -3.552713678800501e-14
    endloop
  endfacet
  facet normal -1.3646236379558203e-14 -3.769367639818526e-14 -1
    outer loop
      vertex 1.947950942193522 2.141874738899375 -3.4638958368304884e-14
      vertex 1.6668121148851505 2.267218450738781 -3.552713678800501e-14
      vertex 1.6299573650019994 2.3041240322909715 -3.6415315207705135e-14
    endloop
  endfacet
  facet normal 9.510033413740452e-15 7.69046618917731e-15 -1
    outer loop
      vertex 1.947950942193522 2.141874738899375 -3.4638958368304884e-14
      vertex 1.6299573650019994 2.3041240322909715 -3.6415315207705135e-14
      vertex 1.5971568796642437 2.3446851249316154 -3.6415315207705135e-14
    endloop
  endfacet
  facet normal 6.44048831135175e-14 1.0264017618606924e-13 -1
    outer loop
      vertex 1.947950942193522 2.141874738899375 -3.4638958368304884e-14
      vertex 1.5971568796642437 2.3446851249316154 -3.6415315207705135e-14
      vertex 1.5687700278532475 2.388457332841739 -3.375077994860476e-14
    endloop
  endfacet
  facet normal -3.0574888590906017e-15 -1.1720434773432738e-15 -1
    outer loop
      vertex 1.947950942193522 2.141874738899375 -3.4638958368304884e-14
      vertex 1.5451078218577692 2.434961078551538 -3.375077994860476e-14
      vertex 1.5264295097583265 2.4836868572915165 -3.375077994860476e-14
    endloop
  endfacet
  facet normal -3.5007091470968848e-15 -1.781243633271607e-15 -1
    outer loop
      vertex 1.947950942193522 2.141874738899375 -3.4638958368304884e-14
      vertex 1.5687700278532475 2.388457332841739 -3.375077994860476e-14
      vertex 1.5451078218577692 2.434961078551538 -3.375077994860476e-14
    endloop
  endfacet
  facet normal 3.379911796060061e-14 4.4279386900305436e-14 -1
    outer loop
      vertex 1.947950942193522 2.141874738899375 -3.4638958368304884e-14
      vertex 1.5264295097583265 2.4836868572915165 -3.375077994860476e-14
      vertex 1.5129397350509635 2.5341008192332737 -3.197442310920451e-14
    endloop
  endfacet
  facet normal -6.150059569582081e-14 -6.141588823980903e-14 -1
    outer loop
      vertex 1.947950942193522 2.141874738899375 -3.4638958368304884e-14
      vertex 1.5129397350509635 2.5341008192332737 -3.197442310920451e-14
      vertex 1.5047862945302946 2.5856506184599795 -3.4638958368304884e-14
    endloop
  endfacet
  facet normal 2.0526034910363363e-14 2.0497763506168352e-14 -1
    outer loop
      vertex 2.039278882353784 2.137081842904138 -3.2862601528904634e-14
      vertex 1.5047862945302946 2.5856506184599795 -3.4638958368304884e-14
      vertex 1.5 2.677104522075183 -3.2862601528904634e-14
    endloop
  endfacet
  facet normal -1 0 0
    outer loop
      vertex 0 2.5590709049778724 1.4979339844991886
      vertex 0 2.4434228904543573 3.699101194263493
      vertex 0 89.93550242751857 3.699101191763395
    endloop
  endfacet
  facet normal -0.7066193132783474 2.262695535496025e-16 -0.7075939132737341
    outer loop
      vertex 0 2.5590709049778724 1.4979339844991886
      vertex 0 90.05115044191075 1.4979339844992166
      vertex 1.5 2.677104522075183 -3.2862601528904634e-14
    endloop
  endfacet
  facet normal 6.776136960883096e-17 3.424403208793714e-16 -1
    outer loop
      vertex 78.96072111764623 2.137081842904138 -3.2862601528904634e-14
      vertex 1.5 90.0877070148513 -7.993605777301127e-15
      vertex 21.060660171779823 109.92488251578092 1.249000902703301e-16
    endloop
  endfacet
  facet normal 1.1269778083726971e-14 6.2784868384328235e-15 -1
    outer loop
      vertex 78.96072111764623 2.137081842904138 -3.2862601528904634e-14
      vertex 21.336509786282548 110.3050806013769 -3.1433189384699745e-15
      vertex 21.385819298766926 110.4121887271373 -1.915134717478395e-15
    endloop
  endfacet
  facet normal 5.144025131296432e-15 3.0135917018249952e-15 -1
    outer loop
      vertex 78.96072111764623 2.137081842904138 -3.2862601528904634e-14
      vertex 21.426584774442727 110.52284079004062 -2.1892210266827306e-15
      vertex 21.458554880596513 110.6363545833235 -1.6826817716975029e-15
    endloop
  endfacet
  facet normal 2.850285239332916e-14 1.5393243052460807e-14 -1
    outer loop
      vertex 78.96072111764623 2.137081842904138 -3.2862601528904634e-14
      vertex 21.458554880596513 110.6363545833235 -1.6826817716975029e-15
      vertex 21.481532510892702 110.75203025670318 7.528699885739343e-16
    endloop
  endfacet
  facet normal -3.0692762906737522e-15 -1.3462541711917144e-15 -1
    outer loop
      vertex 78.96072111764623 2.137081842904138 -3.2862601528904634e-14
      vertex 21.385819298766926 110.4121887271373 -1.915134717478395e-15
      vertex 21.426584774442727 110.52284079004062 -2.1892210266827306e-15
    endloop
  endfacet
  facet normal -1.8928940553511464e-14 -9.707730732116014e-15 -1
    outer loop
      vertex 78.96072111764623 2.137081842904138 -3.2862601528904634e-14
      vertex 21.481532510892702 110.75203025670318 7.528699885739343e-16
      vertex 21.495376000599688 110.86915463118723 -6.461844948013606e-16
    endloop
  endfacet
  facet normal 9.13582354041403e-15 5.12461185944098e-15 -1
    outer loop
      vertex 78.96072111764623 2.137081842904138 -3.2862601528904634e-14
      vertex 21.495376000599688 110.86915463118723 -6.461844948013606e-16
      vertex 21.499999999999996 110.98700559605913 0
    endloop
  endfacet
  facet normal -1.924784018463064e-14 -1.0033265465999704e-14 -1
    outer loop
      vertex 78.96072111764623 2.137081842904138 -3.2862601528904634e-14
      vertex 21.060660171779823 109.92488251578092 1.249000902703301e-16
      vertex 21.140608948400047 110.01148990320208 -2.282896094385478e-15
    endloop
  endfacet
  facet normal 4.48487526771332e-15 2.6873444933921563e-15 -1
    outer loop
      vertex 78.96072111764623 2.137081842904138 -3.2862601528904634e-14
      vertex 21.140608948400047 110.01148990320208 -2.282896094385478e-15
      vertex 21.213525491562418 110.10411166926156 -1.7069679003611782e-15
    endloop
  endfacet
  facet normal 4.115676685291762e-15 2.4898751103938588e-15 -1
    outer loop
      vertex 78.96072111764623 2.137081842904138 -3.2862601528904634e-14
      vertex 21.213525491562418 110.10411166926156 -1.7069679003611782e-15
      vertex 21.278960246531135 110.20217676997177 -1.1934897514720433e-15
    endloop
  endfacet
  facet normal -1.7603569404655835e-14 -9.103177763031803e-15 -1
    outer loop
      vertex 78.96072111764623 2.137081842904138 -3.2862601528904634e-14
      vertex 21.278960246531135 110.20217676997177 -1.1934897514720433e-15
      vertex 21.336509786282548 110.3050806013769 -3.1433189384699745e-15
    endloop
  endfacet
  facet normal -0.5643760626786472 0.44430540773417976 -0.6957530916449541
    outer loop
      vertex 21.213525491562418 110.10411166926156 -1.7069679003611782e-15
      vertex 21.140608948400047 110.01148990320208 -2.282896094385478e-15
      vertex 20 110.90830503645321 1.497933984499222
    endloop
  endfacet
  facet normal -0.5965176032877071 0.39803133758054215 -0.6969489244354526
    outer loop
      vertex 21.278960246531135 110.20217676997177 -1.1934897514720433e-15
      vertex 21.213525491562418 110.10411166926156 -1.7069679003611782e-15
      vertex 20 110.90830503645321 1.497933984499222
    endloop
  endfacet
  facet normal -0.624821683639404 0.3494349999329289 -0.6982070212164114
    outer loop
      vertex 21.336509786282548 110.3050806013769 -3.1433189384699745e-15
      vertex 21.278960246531135 110.20217676997177 -1.1934897514720433e-15
      vertex 20 110.90830503645321 1.497933984499222
    endloop
  endfacet
  facet normal -0.6693051171376084 0.24657960056473113 -0.7008774220637657
    outer loop
      vertex 21.426584774442727 110.52284079004062 -2.1892210266827306e-15
      vertex 21.385819298766926 110.4121887271373 -1.915134717478395e-15
      vertex 20 110.90830503645321 1.497933984499222
    endloop
  endfacet
  facet normal -0.6852490776562459 0.1929940417008235 -0.7022727400655994
    outer loop
      vertex 21.426584774442727 110.52284079004062 -2.1892210266827306e-15
      vertex 20 110.90830503645321 1.497933984499222
      vertex 21.458554880596513 110.6363545833235 -1.6826817716975029e-15
    endloop
  endfacet
  facet normal -0.7070757511612573 0.027742817828404577 -0.7065933895662226
    outer loop
      vertex 21.495376000599688 110.86915463118723 -6.461844948013606e-16
      vertex 20 110.90830503645321 1.497933984499222
      vertex 21.499999999999996 110.98700559605913 0
    endloop
  endfacet
  facet normal -0.6968851620827469 0.13842815127326044 -0.7036964670964115
    outer loop
      vertex 21.481532510892702 110.75203025670318 7.528699885739343e-16
      vertex 21.458554880596513 110.6363545833235 -1.6826817716975029e-15
      vertex 20 110.90830503645321 1.497933984499222
    endloop
  endfacet
  facet normal -0.7041668765612352 0.08322884925205953 -0.7051396802096532
    outer loop
      vertex 21.481532510892702 110.75203025670318 7.528699885739343e-16
      vertex 20 110.90830503645321 1.497933984499222
      vertex 21.495376000599688 110.86915463118723 -6.461844948013606e-16
    endloop
  endfacet
  facet normal -0.6491281697174408 0.29884001201033805 -0.6995193110278989
    outer loop
      vertex 21.336509786282548 110.3050806013769 -3.1433189384699745e-15
      vertex 20 110.90830503645321 1.497933984499222
      vertex 21.385819298766926 110.4121887271373 -1.915134717478395e-15
    endloop
  endfacet
  facet normal -1 0 0
    outer loop
      vertex 0 2.5590709049778724 1.4979339844991886
      vertex 0 89.93550242751857 3.699101191763395
      vertex 0 90.05115044191075 1.4979339844992166
    endloop
  endfacet
  facet normal -0.7066193132783481 2.0131596764270392e-16 -0.7075939132737333
    outer loop
      vertex 1.5 2.677104522075183 -3.2862601528904634e-14
      vertex 0 90.05115044191075 1.4979339844992166
      vertex 1.5 90.0877070148513 -7.993605777301127e-15
    endloop
  endfacet
  facet normal -0.9984268150178167 0.05599321896177182 0.0029418503832808573
    outer loop
      vertex 0 90.05115044191075 1.4979339844992166
      vertex 0 89.93550242751857 3.699101191763395
      vertex 0.01257558021351457 90.15974023224581 3.699101191756987
    endloop
  endfacet
  facet normal -0.985871018518236 0.16727550966885246 0.008788555674371324
    outer loop
      vertex 0.01257558021351457 90.27538824663765 1.4979339844992159
      vertex 0.01257558021351457 90.15974023224581 3.699101191756987
      vertex 0.05014417563635121 90.38115811647279 3.69910119175066
    endloop
  endfacet
  facet normal -0.9609173219451002 0.27645421378633467 0.014524739778616756
    outer loop
      vertex 0.05014417563635121 90.49680613086429 1.4979339844992166
      vertex 0.05014417563635121 90.38115811647279 3.69910119175066
      vertex 0.11223333938326618 90.59697162183573 3.699101191744494
    endloop
  endfacet
  facet normal -0.8752234219087608 0.4830526399593746 0.025379298071420215
    outer loop
      vertex 0.19806226419516193 90.92011478267762 1.4979339844992134
      vertex 0.19806226419516193 90.80446676828676 3.6991011917385643
      vertex 0.3065516015434291 91.00103418396777 3.699101191732947
    endloop
  endfacet
  facet normal -0.9238795325112849 0.3821563457629897 0.02007826685269627
    outer loop
      vertex 0.11223333938326618 90.7126196362269 1.4979339844992146
      vertex 0.11223333938326618 90.59697162183573 3.699101191744494
      vertex 0.19806226419516193 90.80446676828676 3.6991011917385643
    endloop
  endfacet
  facet normal -0.8155608689592552 0.5778742669346377 0.03036116989148565
    outer loop
      vertex 0.3065516015434291 91.11668219835833 1.497933984499216
      vertex 0.3065516015434291 91.00103418396777 3.699101191732947
      vertex 0.4363370350639393 91.18420191957551 3.6991011917277126
    endloop
  endfacet
  facet normal -0.7456421648831684 0.6654287897127081 0.03496123238420515
    outer loop
      vertex 0.4363370350639393 91.2998499339658 1.4979339844992146
      vertex 0.4363370350639393 91.18420191957551 3.6991011917277126
      vertex 0.5857864376269042 91.35166653455832 3.699101191722928
    endloop
  endfacet
  facet normal -0.7071067811865474 0.7061328521394566 0.03709979958700963
    outer loop
      vertex 20 110.90830503645321 1.497933984499222
      vertex 0.5857864376269042 91.46731454894835 1.497933984499214
      vertex 20 110.79265702209237 3.6991011911673986
    endloop
  endfacet
  facet normal -0.5285848210621955 0.48794578663873933 -0.694627235460969
    outer loop
      vertex 21.060660171779823 109.92488251578092 1.249000902703301e-16
      vertex 20 110.90830503645321 1.497933984499222
      vertex 21.140608948400047 110.01148990320208 -2.282896094385478e-15
    endloop
  endfacet
  facet normal -0.5091899919148694 0.5084886623041117 -0.6943808986729907
    outer loop
      vertex 21.060660171779823 109.92488251578092 1.249000902703301e-16
      vertex 1.676205862911246 90.51369232703335 -6.661338147750939e-15
      vertex 20 110.90830503645321 1.497933984499222
    endloop
  endfacet
  facet normal -0.9984268150178166 0.055993218961772916 0.0029418503832808027
    outer loop
      vertex 0 90.05115044191075 1.4979339844992166
      vertex 0.01257558021351457 90.15974023224581 3.699101191756987
      vertex 0.01257558021351457 90.27538824663765 1.4979339844992159
    endloop
  endfacet
  facet normal -0.7065477137062366 0.039624217063706633 -0.7065551993146595
    outer loop
      vertex 0 90.05115044191075 1.4979339844992166
      vertex 0.01257558021351457 90.27538824663765 1.4979339844992159
      vertex 1.505492529577765 90.18564546015597 -9.547918011776346e-15
    endloop
  endfacet
  facet normal -0.985871018518235 0.16727550966885882 0.008788555674371
    outer loop
      vertex 0.01257558021351457 90.27538824663765 1.4979339844992159
      vertex 0.05014417563635121 90.38115811647279 3.69910119175066
      vertex 0.05014417563635121 90.49680613086429 1.4979339844992166
    endloop
  endfacet
  facet normal -0.9609173219450989 0.2764542137863381 0.014524739778616565
    outer loop
      vertex 0.05014417563635121 90.49680613086429 1.4979339844992166
      vertex 0.11223333938326618 90.59697162183573 3.699101191744494
      vertex 0.11223333938326618 90.7126196362269 1.4979339844992146
    endloop
  endfacet
  facet normal -0.9238795325112841 0.38215634576299146 0.02007826685269616
    outer loop
      vertex 0.19806226419516193 90.92011478267762 1.4979339844992134
      vertex 0.11223333938326618 90.7126196362269 1.4979339844992146
      vertex 0.19806226419516193 90.80446676828676 3.6991011917385643
    endloop
  endfacet
  facet normal -0.8752234219087575 0.4830526399593806 0.025379298071419833
    outer loop
      vertex 0.19806226419516193 90.92011478267762 1.4979339844992134
      vertex 0.3065516015434291 91.00103418396777 3.699101191732947
      vertex 0.3065516015434291 91.11668219835833 1.497933984499216
    endloop
  endfacet
  facet normal -0.7456421648831596 0.665428789712718 0.03496123238420433
    outer loop
      vertex 0.4363370350639393 91.2998499339658 1.4979339844992146
      vertex 0.5857864376269042 91.35166653455832 3.699101191722928
      vertex 0.5857864376269042 91.46731454894835 1.497933984499214
    endloop
  endfacet
  facet normal -0.8155608689592625 0.5778742669346274 0.030361169891486395
    outer loop
      vertex 0.3065516015434291 91.11668219835833 1.497933984499216
      vertex 0.4363370350639393 91.18420191957551 3.6991011917277126
      vertex 0.4363370350639393 91.2998499339658 1.4979339844992146
    endloop
  endfacet
  facet normal -0.6264502881400332 0.3457499627117078 -0.6985821353098874
    outer loop
      vertex 0.19806226419516193 90.92011478267762 1.4979339844992134
      vertex 0.3065516015434291 91.11668219835833 1.497933984499216
      vertex 1.5516450020841965 90.34606518997167 -6.8833827526759706e-15
    endloop
  endfacet
  facet normal -0.5363441826579816 0.47864629596353553 -0.6951493660281431
    outer loop
      vertex 0.4363370350639393 91.2998499339658 1.4979339844992146
      vertex 0.5857864376269042 91.46731454894835 1.497933984499214
      vertex 1.6109321141045037 90.44055022659717 -9.325873406851315e-15
    endloop
  endfacet
  facet normal -0.5852438752727419 0.4146807286533807 -0.6967994688138364
    outer loop
      vertex 0.3065516015434291 91.11668219835833 1.497933984499216
      vertex 0.4363370350639393 91.2998499339658 1.4979339844992146
      vertex 1.578639129380651 90.394974750772 -7.993605777301127e-15
    endloop
  endfacet
  facet normal -0.6997170357208155 0.11872295825279876 -0.7044862873795197
    outer loop
      vertex 0.01257558021351457 90.27538824663765 1.4979339844992159
      vertex 0.05014417563635121 90.49680613086429 1.4979339844992166
      vertex 1.505492529577765 90.18564546015597 -9.547918011776346e-15
    endloop
  endfacet
  facet normal -0.659485346576318 0.2727915288336186 -0.7004740248201433
    outer loop
      vertex 0.19806226419516193 90.92011478267762 1.4979339844992134
      vertex 1.5302891990281005 90.29443661030102 -5.551115123125783e-15
      vertex 0.11223333938326618 90.7126196362269 1.4979339844992146
    endloop
  endfacet
  facet normal -0.6839882789354305 0.19678221796376588 -0.7024505626534928
    outer loop
      vertex 0.05014417563635121 90.49680613086429 1.4979339844992166
      vertex 0.11223333938326618 90.7126196362269 1.4979339844992146
      vertex 1.5148402818268139 90.2407382711052 -7.549516567451064e-15
    endloop
  endfacet
  facet normal -4.74869919412224e-15 5.091763041420281e-15 -1
    outer loop
      vertex 21.060660171779823 109.92488251578092 1.249000902703301e-16
      vertex 1.5 90.0877070148513 -7.993605777301127e-15
      vertex 1.676205862911246 90.51369232703335 -6.661338147750939e-15
    endloop
  endfacet
  facet normal -0.7065477137062363 0.03962421706369417 -0.7065551993146605
    outer loop
      vertex 0 90.05115044191075 1.4979339844992166
      vertex 1.505492529577765 90.18564546015597 -9.547918011776346e-15
      vertex 1.5 90.0877070148513 -7.993605777301127e-15
    endloop
  endfacet
  facet normal 5.313152671377517e-14 -1.8849990018930145e-14 -1
    outer loop
      vertex 1.676205862911246 90.51369232703335 -6.661338147750939e-15
      vertex 1.5 90.0877070148513 -7.993605777301127e-15
      vertex 1.505492529577765 90.18564546015597 -9.547918011776346e-15
    endloop
  endfacet
  facet normal -1.451089846015906e-13 6.089441115254408e-14 -1
    outer loop
      vertex 1.505492529577765 90.18564546015597 -9.547918011776346e-15
      vertex 1.5148402818268139 90.2407382711052 -7.549516567451064e-15
      vertex 1.6109321141045037 90.44055022659717 -9.325873406851315e-15
    endloop
  endfacet
  facet normal -0.6997170357208045 0.11872295825285661 -0.704486287379521
    outer loop
      vertex 0.05014417563635121 90.49680613086429 1.4979339844992166
      vertex 1.5148402818268139 90.2407382711052 -7.549516567451064e-15
      vertex 1.505492529577765 90.18564546015597 -9.547918011776346e-15
    endloop
  endfacet
  facet normal -0.6264502881400937 0.34574996271160424 -0.6985821353098844
    outer loop
      vertex 0.3065516015434291 91.11668219835833 1.497933984499216
      vertex 1.578639129380651 90.394974750772 -7.993605777301127e-15
      vertex 1.5516450020841965 90.34606518997167 -6.8833827526759706e-15
    endloop
  endfacet
  facet normal -0.6839882789354225 0.19678221796379106 -0.7024505626534936
    outer loop
      vertex 0.11223333938326618 90.7126196362269 1.4979339844992146
      vertex 1.5302891990281005 90.29443661030102 -5.551115123125783e-15
      vertex 1.5148402818268139 90.2407382711052 -7.549516567451064e-15
    endloop
  endfacet
  facet normal -0.6594853465763202 0.2727915288336136 -0.7004740248201432
    outer loop
      vertex 0.19806226419516193 90.92011478267762 1.4979339844992134
      vertex 1.5516450020841965 90.34606518997167 -6.8833827526759706e-15
      vertex 1.5302891990281005 90.29443661030102 -5.551115123125783e-15
    endloop
  endfacet
  facet normal -0.5363441826579605 0.47864629596355796 -0.6951493660281438
    outer loop
      vertex 0.5857864376269042 91.46731454894835 1.497933984499214
      vertex 1.676205862911246 90.51369232703335 -6.661338147750939e-15
      vertex 1.6109321141045037 90.44055022659717 -9.325873406851315e-15
    endloop
  endfacet
  facet normal -0.5852438752727172 0.41468072865341316 -0.6967994688138379
    outer loop
      vertex 0.4363370350639393 91.2998499339658 1.4979339844992146
      vertex 1.6109321141045037 90.44055022659717 -9.325873406851315e-15
      vertex 1.578639129380651 90.394974750772 -7.993605777301127e-15
    endloop
  endfacet
  facet normal -2.3862499453196705e-13 1.0586731940211968e-13 -1
    outer loop
      vertex 1.5148402818268139 90.2407382711052 -7.549516567451064e-15
      vertex 1.5302891990281005 90.29443661030102 -5.551115123125783e-15
      vertex 1.6109321141045037 90.44055022659717 -9.325873406851315e-15
    endloop
  endfacet
  facet normal -2.1375359412351786e-16 -2.5716429899123726e-14 -1
    outer loop
      vertex 1.5516450020841965 90.34606518997167 -6.8833827526759706e-15
      vertex 1.6109321141045037 90.44055022659717 -9.325873406851315e-15
      vertex 1.5302891990281005 90.29443661030102 -5.551115123125783e-15
    endloop
  endfacet
  facet normal -4.170424012073442e-14 3.178630464362727e-16 -1
    outer loop
      vertex 1.5516450020841965 90.34606518997167 -6.8833827526759706e-15
      vertex 1.578639129380651 90.394974750772 -7.993605777301127e-15
      vertex 1.6109321141045037 90.44055022659717 -9.325873406851315e-15
    endloop
  endfacet
  facet normal 7.426882491133442e-14 -2.984969462613138e-14 -1
    outer loop
      vertex 1.676205862911246 90.51369232703335 -6.661338147750939e-15
      vertex 1.505492529577765 90.18564546015597 -9.547918011776346e-15
      vertex 1.6109321141045037 90.44055022659717 -9.325873406851315e-15
    endloop
  endfacet
  facet normal -0.7071067811865475 0.7061328521394566 0.037099799587010124
    outer loop
      vertex 0.5857864376269042 91.46731454894835 1.497933984499214
      vertex 0.5857864376269042 91.35166653455832 3.699101191722928
      vertex 20 110.79265702209237 3.6991011911673986
    endloop
  endfacet
  facet normal -0.5091899919148696 0.508488662304112 -0.6943808986729905
    outer loop
      vertex 20 110.90830503645321 1.497933984499222
      vertex 1.676205862911246 90.51369232703335 -6.661338147750939e-15
      vertex 0.5857864376269042 91.46731454894835 1.497933984499214
    endloop
  endfacet
  facet normal -1.855407375944365e-15 -0.052467039737277725 0.9986226563328148
    outer loop
      vertex 82.46410161513776 2.149028584789434 9.302406145418953
      vertex 82.6541818305704 2.5215681897100666 9.321979154434048
      vertex 27.700000002980232 62.206195137240144 12.457773915250007
    endloop
  endfacet
  facet normal -2.60389869404725e-16 -0.052467039737276254 0.9986226563328149
    outer loop
      vertex 81.97257930190958 1.4734379632323709 9.266911016440474
      vertex 27.700000002980232 62.206195137240144 12.457773915250007
      vertex 81.67652242543544 1.1777888588221685 9.251377788538012
    endloop
  endfacet
  facet normal -8.031662876195194e-16 -0.052467039737276726 0.9986226563328148
    outer loop
      vertex 81.3511410091699 0.9146630976906636 9.237553317725498
      vertex 81.67652242543544 1.1777888588221685 9.251377788538012
      vertex 27.700000002980232 62.206195137240144 12.457773915250007
    endloop
  endfacet
  facet normal 1.058962855688222e-15 -0.05246703973727508 0.9986226563328149
    outer loop
      vertex 82.23606797749979 1.7983712174648048 9.28398281613745
      vertex 82.46410161513776 2.149028584789434 9.302406145418953
      vertex 27.700000002980232 62.206195137240144 12.457773915250007
    endloop
  endfacet
  facet normal 1.2325290571271063e-15 -0.05246703973727492 0.9986226563328149
    outer loop
      vertex 82.23606797749979 1.7983712174648048 9.28398281613745
      vertex 27.700000002980232 62.206195137240144 12.457773915250007
      vertex 81.97257930190958 1.4734379632323709 9.266911016440474
    endloop
  endfacet
  facet normal -2.4815841666340714e-15 -0.05246703973727836 0.9986226563328147
    outer loop
      vertex 82.91259040293522 3.3157725975867436 9.363706181117585
      vertex 82.97808758147309 3.728735930852139 9.385403028749744
      vertex 27.700000002980232 62.206195137240144 12.457773915250007
    endloop
  endfacet
  facet normal -1.6025643865614166e-15 -0.052467039737277545 0.9986226563328148
    outer loop
      vertex 82.97808758147309 3.728735930852139 9.385403028749744
      vertex 83 4.14627389745506 9.407340224893506
      vertex 27.700000002980232 62.206195137240144 12.457773915250007
    endloop
  endfacet
  facet normal 1.4270022860548331e-15 -0.05246703973727472 0.9986226563328149
    outer loop
      vertex 82.6541818305704 2.5215681897100666 9.321979154434048
      vertex 82.80422606518061 2.91190841035629 9.342487397200049
      vertex 27.700000002980232 62.206195137240144 12.457773915250007
    endloop
  endfacet
  facet normal 1.448603477117041e-15 -0.05246703973727469 0.9986226563328148
    outer loop
      vertex 82.80422606518061 2.91190841035629 9.342487397200049
      vertex 82.91259040293522 3.3157725975867436 9.363706181117585
      vertex 27.700000002980232 62.206195137240144 12.457773915250007
    endloop
  endfacet
  facet normal 7.261027878413084e-16 -0.05246703973727538 0.9986226563328148
    outer loop
      vertex 81.3511410091699 0.9146630976906636 9.237553317725498
      vertex 27.700000002980232 62.206195137240144 12.457773915250007
      vertex 81 0.6869435407394064 9.225589067798111
    endloop
  endfacet
  facet normal -6.020352873534633e-16 -0.05246703973727655 0.9986226563328149
    outer loop
      vertex 81 0.6869435407394064 9.225589067798111
      vertex 27.700000002980232 62.206195137240144 12.457773915250007
      vertex 80.62694657230321 0.4971251310877278 9.215616121581736
    endloop
  endfacet
  facet normal -7.695898775729954e-16 -0.052467039737276684 0.9986226563328149
    outer loop
      vertex 80.62694657230321 0.4971251310877278 9.215616121581736
      vertex 27.700000002980232 62.206195137240144 12.457773915250007
      vertex 80.23606797749979 0.347287558953866 9.207743744762093
    endloop
  endfacet
  facet normal -3.781783020706749e-16 -0.05246703973727635 0.9986226563328148
    outer loop
      vertex 80.23606797749979 0.347287558953866 9.207743744762093
      vertex 27.700000002980232 62.206195137240144 12.457773915250007
      vertex 79.83164676327104 0.23907247613360028 9.202058188747017
    endloop
  endfacet
  facet normal 3.875282123691087e-15 -0.052467039737272785 0.998622656332815
    outer loop
      vertex 79.83164676327104 0.23907247613360028 9.202058188747017
      vertex 27.700000002980232 62.206195137240144 12.457773915250007
      vertex 79.41811385307062 0.17366550971981098 9.198621745677993
    endloop
  endfacet
  facet normal -1.8731125901659717e-15 -0.05246703973727756 0.9986226563328147
    outer loop
      vertex 79.41811385307062 0.17366550971981098 9.198621745677993
      vertex 27.700000002980232 62.206195137240144 12.457773915250007
      vertex 79 0.15178327212379372 9.197472065944401
    endloop
  endfacet
  facet normal -3.734325841766553e-17 -0.052467039737276136 0.9986226563328148
    outer loop
      vertex 79 0.15178327212379372 9.197472065944401
      vertex 26.88573383539915 6.548156085382715 9.533533684854678
      vertex 26.436770245432854 5.600209781200078 9.483729150484312
    endloop
  endfacet
  facet normal -6.61417695838793e-17 -0.05246703973727638 0.9986226563328147
    outer loop
      vertex 79 0.15178327212379372 9.197472065944401
      vertex 27.239492408931255 7.535483296455979 9.585407268623852
      vertex 26.88573383539915 6.548156085382715 9.533533684854678
    endloop
  endfacet
  facet normal 8.245437856027307e-17 -0.05246703973727572 0.9986226563328149
    outer loop
      vertex 79 0.15178327212379372 9.197472065944401
      vertex 27.700000002980232 10.63241820199849 9.748118384501744
      vertex 27.648716613650322 9.589958684055574 9.693348182157983
    endloop
  endfacet
  facet normal -9.051626644756175e-17 -0.05246703973727653 0.9986226563328148
    outer loop
      vertex 79 0.15178327212379372 9.197472065944401
      vertex 27.494639068841934 8.552682880714073 9.638850329092755
      vertex 27.239492408931255 7.535483296455979 9.585407268623852
    endloop
  endfacet
  facet normal -1.111037194392832e-16 -0.052467039737276615 0.9986226563328148
    outer loop
      vertex 79 0.15178327212379372 9.197472065944401
      vertex 27.648716613650322 9.589958684055574 9.693348182157983
      vertex 27.494639068841934 8.552682880714073 9.638850329092755
    endloop
  endfacet
  facet normal 6.773791107208041e-17 -0.05246703973727513 0.9986226563328149
    outer loop
      vertex 79 0.15178327212379372 9.197472065944401
      vertex 26.436770245432854 5.600209781200078 9.483729150484312
      vertex 25.896925404667854 4.700773610172305 9.43647330962471
    endloop
  endfacet
  facet normal 1.4426874589769778e-16 -0.05246703973727361 0.9986226563328149
    outer loop
      vertex 79 0.15178327212379372 9.197472065944401
      vertex 25.271398298442364 3.8585096432805415 9.392221262327418
      vertex 24.566213108599186 3.08152933072887 9.351399179356228
    endloop
  endfacet
  facet normal -8.291127645003898e-17 -0.05246703973727688 0.9986226563328148
    outer loop
      vertex 79 0.15178327212379372 9.197472065944401
      vertex 25.896925404667854 4.700773610172305 9.43647330962471
      vertex 25.271398298442364 3.8585096432805415 9.392221262327418
    endloop
  endfacet
  facet normal -1.3418508070316102e-16 -0.05246703973727873 0.9986226563328146
    outer loop
      vertex 79 0.15178327212379372 9.197472065944401
      vertex 24.566213108599186 3.08152933072887 9.351399179356228
      vertex 23.788161151111126 2.3773154232411144 9.314400199978586
    endloop
  endfacet
  facet normal 7.829257250821222e-17 -0.05246703973727349 0.9986226563328149
    outer loop
      vertex 79 0.15178327212379372 9.197472065944401
      vertex 23.788161151111126 2.3773154232411144 9.314400199978586
      vertex 22.944735497236252 1.7526498828140404 9.281580644439511
    endloop
  endfacet
  facet normal 1.1847325764170907e-19 -0.05246703973727604 0.9986226563328147
    outer loop
      vertex 79 0.15178327212379372 9.197472065944401
      vertex 27.700000002980232 54.217213886577625 12.0380375973518
      vertex 27.700000002980232 10.63241820199849 9.748118384501744
    endloop
  endfacet
  facet normal -4.857758054659792e-17 -0.05246703973727621 0.9986226563328148
    outer loop
      vertex 79 0.15178327212379372 9.197472065944401
      vertex 23 63.70412912173936 12.536474474855922
      vertex 27.700000002980232 54.217213886577625 12.0380375973518
    endloop
  endfacet
  facet normal -2.5383777482536277e-16 -0.052467039737275095 0.9986226563328149
    outer loop
      vertex 79 0.15178327212379372 9.197472065944401
      vertex 27.700000002980232 62.206195137240144 12.457773915250007
      vertex 27.5 62.206195137240144 12.457773915250007
    endloop
  endfacet
  facet normal 3.637686763277965e-16 -0.05246703973727564 0.9986226563328148
    outer loop
      vertex 79 0.15178327212379372 9.197472065944401
      vertex 27.5 62.206195137240144 12.457773915250007
      vertex 23 63.70412912173936 12.536474474855922
    endloop
  endfacet
  facet normal -2.2051705694426635e-17 -0.052467039737276046 0.9986226563328149
    outer loop
      vertex 83 4.14627389745506 9.407340224893506
      vertex 83 110.19999999999999 14.979339844992221
      vertex 72.127485178411 105.70619804203814 14.743238165939934
    endloop
  endfacet
  facet normal 4.471367908982636e-18 -0.05246703973727605 0.9986226563328148
    outer loop
      vertex 83 4.14627389745506 9.407340224893506
      vertex 72.127485178411 105.70619804203814 14.743238165939934
      vertex 60.572514824569225 105.70619804203814 14.743238165939934
    endloop
  endfacet
  facet normal 3.8499559975612776e-18 -0.052467039737276046 0.9986226563328147
    outer loop
      vertex 83 4.14627389745506 9.407340224893506
      vertex 60.572514824569225 105.70619804203814 14.743238165939934
      vertex 47.15248517692089 105.70619804203814 14.743238165939934
    endloop
  endfacet
  facet normal 0 -0.052467039737276074 0.9986226563328149
    outer loop
      vertex 83 110.19999999999999 14.979339844992221
      vertex 70.62748517455935 110.19999999999999 14.979339844992221
      vertex 72.127485178411 105.70619804203814 14.743238165939934
    endloop
  endfacet
  facet normal 4.471367908982634e-18 -0.05246703973727604 0.9986226563328148
    outer loop
      vertex 83 4.14627389745506 9.407340224893506
      vertex 47.15248517692089 105.70619804203814 14.743238165939934
      vertex 35.59751482307911 105.70619804203814 14.743238165939934
    endloop
  endfacet
  facet normal -4.4752820516782604e-17 -0.05246703973727606 0.9986226563328148
    outer loop
      vertex 83 4.14627389745506 9.407340224893506
      vertex 35.59751482307911 105.70619804203814 14.743238165939934
      vertex 27.700000002980232 62.206195137240144 12.457773915250007
    endloop
  endfacet
  facet normal 0 -0.05246703973727607 0.9986226563328148
    outer loop
      vertex 47.15248517692089 105.70619804203814 14.743238165939934
      vertex 60.572514824569225 105.70619804203814 14.743238165939934
      vertex 62.07251482842088 110.19999999999999 14.979339844992221
    endloop
  endfacet
  facet normal 0 -0.05246703973727608 0.9986226563328149
    outer loop
      vertex 45.65248517306924 110.19999999999999 14.979339844992221
      vertex 47.15248517692089 105.70619804203814 14.743238165939934
      vertex 62.07251482842088 110.19999999999999 14.979339844992221
    endloop
  endfacet
  facet normal -6.749926179353641e-17 -0.052467039737278606 0.9986226563328147
    outer loop
      vertex 79 0.15178327212379372 9.197472065944401
      vertex 22.944735497236252 1.7526498828140404 9.281580644439511
      vertex 22.04405878484249 1.213548593921729 9.25325658372713
    endloop
  endfacet
  facet normal 1.5350900952981593e-17 -0.052467039737274165 0.9986226563328149
    outer loop
      vertex 79 0.15178327212379372 9.197472065944401
      vertex 22.04405878484249 1.213548593921729 9.25325658372713
      vertex 21.094805032014847 0.7652033811128689 9.229700793211778
    endloop
  endfacet
  facet normal -1.1694027234923141e-17 -0.05246703973727672 0.9986226563328147
    outer loop
      vertex 79 0.15178327212379372 9.197472065944401
      vertex 21.094805032014847 0.7652033811128689 9.229700793211778
      vertex 20.10611605644226 0.4119320547117269 9.211140128076867
    endloop
  endfacet
  facet normal -6.252443499120614e-18 -0.0524670397372755 0.9986226563328149
    outer loop
      vertex 79 0.15178327212379372 9.197472065944401
      vertex 20.10611605644226 0.4119320547117269 9.211140128076867
      vertex 19.087513506412506 0.15713681943728375 9.1977533381325
    endloop
  endfacet
  facet normal 0 -0.052467039737205706 0.9986226563328184
    outer loop
      vertex 79 0.15178327212379372 9.197472065944401
      vertex 19.087513506412506 0.15713681943728375 9.1977533381325
      vertex 19.051373043325395 0.15178327212379372 9.197472065944401
    endloop
  endfacet
  facet normal -7.730207287374347e-17 -0.05246703973727606 0.9986226563328148
    outer loop
      vertex 23 63.70412912173936 12.536474474855922
      vertex 27.5 54.217213886577625 12.0380375973518
      vertex 27.700000002980232 54.217213886577625 12.0380375973518
    endloop
  endfacet
  facet normal -1.0558094897966652e-16 -0.05246703973727612 0.9986226563328147
    outer loop
      vertex 23 63.70412912173936 12.536474474855922
      vertex 23 52.7192799020784 11.959337037745884
      vertex 27.5 54.217213886577625 12.0380375973518
    endloop
  endfacet
  facet normal 0 -0.052467039737276074 0.9986226563328149
    outer loop
      vertex 27.700000002980232 110.19999999999999 14.979339844992221
      vertex 35.59751482307911 105.70619804203814 14.743238165939934
      vertex 37.09751482693076 110.19999999999999 14.979339844992221
    endloop
  endfacet
  facet normal -8.169191606347815e-18 -0.05246703973727607 0.9986226563328148
    outer loop
      vertex 27.700000002980232 62.206195137240144 12.457773915250007
      vertex 35.59751482307911 105.70619804203814 14.743238165939934
      vertex 27.700000002980232 99.37493040475705 14.410597134208876
    endloop
  endfacet
  facet normal 0 -0.05246703973727595 0.9986226563328147
    outer loop
      vertex 27.700000002980232 99.37493040475705 14.410597134208876
      vertex 27.5 107.36391165541957 14.830333452107084
      vertex 27.5 99.37493040475705 14.410597134208876
    endloop
  endfacet
  facet normal 2.22734897929805e-16 -0.052467039737275956 0.9986226563328149
    outer loop
      vertex 27.5 99.37493040475705 14.410597134208876
      vertex 27.5 107.36391165541957 14.830333452107084
      vertex 23 97.87699642025783 14.331896574602963
    endloop
  endfacet
  facet normal -9.943085170908074e-17 -0.05246703973727595 0.9986226563328148
    outer loop
      vertex 27.700000002980232 107.36391165541957 14.830333452107084
      vertex 27.700000002980232 99.37493040475705 14.410597134208876
      vertex 35.59751482307911 105.70619804203814 14.743238165939934
    endloop
  endfacet
  facet normal -1.9721988334625805e-16 -0.05246703973727642 0.9986226563328148
    outer loop
      vertex 27.700000002980232 107.36391165541957 14.830333452107084
      vertex 35.59751482307911 105.70619804203814 14.743238165939934
      vertex 27.700000002980232 110.19999999999999 14.979339844992221
    endloop
  endfacet
  facet normal -1.8860869746130072e-17 -0.05246703973727595 0.9986226563328147
    outer loop
      vertex 27.700000002980232 99.37493040475705 14.410597134208876
      vertex 27.700000002980232 107.36391165541957 14.830333452107084
      vertex 27.5 107.36391165541957 14.830333452107084
    endloop
  endfacet
  facet normal 1.7975914138126065e-16 -0.05246703973727593 0.9986226563328149
    outer loop
      vertex 23 97.87699642025783 14.331896574602963
      vertex 27.5 107.36391165541957 14.830333452107084
      vertex 23 108.8618456399188 14.909034011712999
    endloop
  endfacet
  facet normal -0.595699310199609 0.8021012344468244 0.04214192124939713
    outer loop
      vertex 23.788161151111126 2.672339889391125 3.6991011942569534
      vertex 22.944735497236252 1.7526498828140404 9.281580644439511
      vertex 23.788161151111126 2.3773154232411144 9.314400199978586
    endloop
  endfacet
  facet normal -0.5141027404461206 0.856547225173957 0.04500248118252155
    outer loop
      vertex 22.944735497236252 2.04595002905738 3.699101194274852
      vertex 22.04405878484249 1.213548593921729 9.25325658372713
      vertex 22.944735497236252 1.7526498828140404 9.281580644439511
    endloop
  endfacet
  facet normal -0.42755509459464974 0.9027441886454102 0.047429642135487116
    outer loop
      vertex 22.04405878484249 1.5053606108798903 3.6991011942902974
      vertex 21.094805032014847 0.7652033811128689 9.229700793211778
      vertex 22.04405878484249 1.213548593921729 9.25325658372713
    endloop
  endfacet
  facet normal -0.3368898546346285 0.9402472349835366 0.04940002985903097
    outer loop
      vertex 21.094805032014847 1.0557777908628907 3.699101194303145
      vertex 20.10611605644226 0.4119320547117269 9.211140128076867
      vertex 21.094805032014847 0.7652033811128689 9.229700793211778
    endloop
  endfacet
  facet normal -0.8577286122462013 0.5133946442922791 0.026973448912028984
    outer loop
      vertex 26.436770245432854 5.904130689588158 3.699101194164604
      vertex 25.896925404667854 4.700773610172305 9.43647330962471
      vertex 26.436770245432854 5.600209781200078 9.483729150484312
    endloop
  endfacet
  facet normal -0.9039892925727385 0.42696620429273685 0.022432550137972945
    outer loop
      vertex 26.88573383539915 6.8546936943521075 3.69910119413744
      vertex 26.436770245432854 5.600209781200078 9.483729150484312
      vertex 26.88573383539915 6.548156085382715 9.533533684854678
    endloop
  endfacet
  facet normal -0.9700312524065543 0.2426455158327207 0.012748450919407475
    outer loop
      vertex 27.494639068841934 8.864753763464307 3.6991011940800043
      vertex 27.239492408931255 7.535483296455979 9.585407268623852
      vertex 27.494639068841934 8.552682880714073 9.638850329092755
    endloop
  endfacet
  facet normal -0.9891765104575974 0.14652837284786552 0.007698513459607931
    outer loop
      vertex 27.648716613650322 9.904892851556866 3.6991011940502814
      vertex 27.494639068841934 8.552682880714073 9.638850329092755
      vertex 27.648716613650322 9.589958684055574 9.693348182157983
    endloop
  endfacet
  facet normal -0.9987954560948427 0.04900009351964164 0.0025744357365836664
    outer loop
      vertex 27.700000002980232 10.950229963319757 3.6991011940204093
      vertex 27.648716613650322 9.589958684055574 9.693348182157983
      vertex 27.700000002980232 10.63241820199849 9.748118384501744
    endloop
  endfacet
  facet normal -0.9415440647384812 0.33642584152680516 0.01767561339020016
    outer loop
      vertex 27.239492408931255 7.844746312630136 3.699101194109149
      vertex 26.88573383539915 6.548156085382715 9.533533684854678
      vertex 27.239492408931255 7.535483296455979 9.585407268623852
    endloop
  endfacet
  facet normal -0.6715589552778665 0.7399305806247976 0.03887551211689127
    outer loop
      vertex 24.566213108599186 3.378497701225527 3.699101194236774
      vertex 23.788161151111126 2.3773154232411144 9.314400199978586
      vertex 24.566213108599186 3.08152933072887 9.351399179356228
    endloop
  endfacet
  facet normal -0.8032075272479117 0.5948788275271635 0.03125457937971095
    outer loop
      vertex 25.896925404667854 5.0022117248185936 3.6991011941903746
      vertex 25.271398298442364 3.8585096432805415 9.392221262327418
      vertex 25.896925404667854 4.700773610172305 9.43647330962471
    endloop
  endfacet
  facet normal -0.7409511249644612 0.670633987803673 0.0352347103924884
    outer loop
      vertex 25.271398298442364 4.157622781710302 3.699101194214509
      vertex 24.566213108599186 3.08152933072887 9.351399179356228
      vertex 25.271398298442364 3.8585096432805415 9.392221262327418
    endloop
  endfacet
  facet normal -0.514102740446123 0.8565472251739557 0.04500248118252095
    outer loop
      vertex 22.944735497236252 2.04595002905738 3.699101194274852
      vertex 22.04405878484249 1.5053606108798903 3.6991011942902974
      vertex 22.04405878484249 1.213548593921729 9.25325658372713
    endloop
  endfacet
  facet normal -0.595699310199609 0.8021012344468244 0.04214192124939711
    outer loop
      vertex 22.944735497236252 2.04595002905738 3.699101194274852
      vertex 22.944735497236252 1.7526498828140404 9.281580644439511
      vertex 23.788161151111126 2.672339889391125 3.6991011942569534
    endloop
  endfacet
  facet normal -0.427555094594652 0.9027441886454091 0.04742964213548657
    outer loop
      vertex 21.094805032014847 1.0557777908628907 3.699101194303145
      vertex 21.094805032014847 0.7652033811128689 9.229700793211778
      vertex 22.04405878484249 1.5053606108798903 3.6991011942902974
    endloop
  endfacet
  facet normal -0.857728612246202 0.513394644292278 0.026973448912028693
    outer loop
      vertex 26.436770245432854 5.904130689588158 3.699101194164604
      vertex 25.896925404667854 5.0022117248185936 3.6991011941903746
      vertex 25.896925404667854 4.700773610172305 9.43647330962471
    endloop
  endfacet
  facet normal -0.9039892925727399 0.4269662042927342 0.022432550137972282
    outer loop
      vertex 26.436770245432854 5.904130689588158 3.699101194164604
      vertex 26.436770245432854 5.600209781200078 9.483729150484312
      vertex 26.88573383539915 6.8546936943521075 3.69910119413744
    endloop
  endfacet
  facet normal -0.9415440647384805 0.3364258415268071 0.017675613390200642
    outer loop
      vertex 26.88573383539915 6.8546936943521075 3.69910119413744
      vertex 26.88573383539915 6.548156085382715 9.533533684854678
      vertex 27.239492408931255 7.844746312630136 3.699101194109149
    endloop
  endfacet
  facet normal -0.9700312524065543 0.24264551583272123 0.012748450919407593
    outer loop
      vertex 27.239492408931255 7.844746312630136 3.699101194109149
      vertex 27.239492408931255 7.535483296455979 9.585407268623852
      vertex 27.494639068841934 8.864753763464307 3.6991011940800043
    endloop
  endfacet
  facet normal -0.9891765104575975 0.14652837284786419 0.007698513459607626
    outer loop
      vertex 27.494639068841934 8.864753763464307 3.6991011940800043
      vertex 27.494639068841934 8.552682880714073 9.638850329092755
      vertex 27.648716613650322 9.904892851556866 3.6991011940502814
    endloop
  endfacet
  facet normal -0.9987954560948424 0.04900009351964192 0.002574435736583734
    outer loop
      vertex 27.648716613650322 9.904892851556866 3.6991011940502814
      vertex 27.648716613650322 9.589958684055574 9.693348182157983
      vertex 27.700000002980232 10.950229963319757 3.6991011940204093
    endloop
  endfacet
  facet normal -0.7409511249644599 0.6706339878036743 0.035234710392488836
    outer loop
      vertex 25.271398298442364 4.157622781710302 3.699101194214509
      vertex 24.566213108599186 3.378497701225527 3.699101194236774
      vertex 24.566213108599186 3.08152933072887 9.351399179356228
    endloop
  endfacet
  facet normal -0.6715589552778667 0.7399305806247973 0.03887551211689118
    outer loop
      vertex 24.566213108599186 3.378497701225527 3.699101194236774
      vertex 23.788161151111126 2.672339889391125 3.6991011942569534
      vertex 23.788161151111126 2.3773154232411144 9.314400199978586
    endloop
  endfacet
  facet normal -0.8032075272479084 0.5948788275271677 0.031254579379712155
    outer loop
      vertex 25.271398298442364 4.157622781710302 3.699101194214509
      vertex 25.271398298442364 3.8585096432805415 9.392221262327418
      vertex 25.896925404667854 5.0022117248185936 3.6991011941903746
    endloop
  endfacet
  facet normal -1 0 0
    outer loop
      vertex 27.700000002980232 10.950229963319757 3.6991011940204093
      vertex 27.700000002980232 10.63241820199849 9.748118384501744
      vertex 27.700000002980232 54.65533663988307 3.6991011927715296
    endloop
  endfacet
  facet normal -1 0 0
    outer loop
      vertex 27.700000002980232 54.65533663988307 3.6991011927715296
      vertex 27.700000002980232 10.63241820199849 9.748118384501744
      vertex 27.700000002980232 54.217213886577625 12.0380375973518
    endloop
  endfacet
  facet normal -6.823702871949647e-17 -0.9986226563328148 -0.052467039737275685
    outer loop
      vertex 27.5 54.65533663988307 3.6991011927715314
      vertex 27.700000002980232 54.217213886577625 12.0380375973518
      vertex 27.5 54.217213886577625 12.0380375973518
    endloop
  endfacet
  facet normal 0.31622776601683883 -0.9473766351177793 -0.04977460429690624
    outer loop
      vertex 23 53.15326777484187 3.6991011928144526
      vertex 27.5 54.217213886577625 12.0380375973518
      vertex 23 52.7192799020784 11.959337037745884
    endloop
  endfacet
  facet normal -4.660009174580171e-16 -0.9986226563328148 -0.05246703973727568
    outer loop
      vertex 27.700000002980232 54.65533663988307 3.6991011927715296
      vertex 27.700000002980232 54.217213886577625 12.0380375973518
      vertex 27.5 54.65533663988307 3.6991011927715314
    endloop
  endfacet
  facet normal 0.31622776601683855 -0.9473766351177795 -0.04977460429690606
    outer loop
      vertex 27.5 54.65533663988307 3.6991011927715314
      vertex 27.5 54.217213886577625 12.0380375973518
      vertex 23 53.15326777484187 3.6991011928144526
    endloop
  endfacet
  facet normal -0.24298018304909139 0.9686951860040812 0.05089466826641503
    outer loop
      vertex 20.10611605644226 0.7015312981669126 3.6991011943132683
      vertex 19.087513506412506 0.15713681943728375 9.1977533381325
      vertex 20.10611605644226 0.4119320547117269 9.211140128076867
    endloop
  endfacet
  facet normal -0.1467304711331969 0.9878140744551703 0.0518991632813593
    outer loop
      vertex 19.051373043325395 0.15178327212379372 9.197472065944401
      vertex 19.087513506412506 0.15713681943728375 9.1977533381325
      vertex 19.051373043325395 0.44066440373275384 3.699101194320722
    endloop
  endfacet
  facet normal -0.336889854634629 0.9402472349835364 0.04940002985903086
    outer loop
      vertex 21.094805032014847 1.0557777908628907 3.699101194303145
      vertex 20.10611605644226 0.7015312981669126 3.6991011943132683
      vertex 20.10611605644226 0.4119320547117269 9.211140128076867
    endloop
  endfacet
  facet normal -0.24298018304908583 0.9686951860040826 0.050894668266416185
    outer loop
      vertex 20.10611605644226 0.7015312981669126 3.6991011943132683
      vertex 19.087513506412506 0.4460327289195334 3.699101194320569
      vertex 19.087513506412506 0.15713681943728375 9.1977533381325
    endloop
  endfacet
  facet normal -0.14673047113323265 0.987814074455165 0.05189916328135926
    outer loop
      vertex 19.087513506412506 0.4460327289195334 3.699101194320569
      vertex 19.051373043325395 0.44066440373275384 3.699101194320722
      vertex 19.087513506412506 0.15713681943728375 9.1977533381325
    endloop
  endfacet
  facet normal -2.7461513648862835e-17 0.9986226563328148 0.05246703973727607
    outer loop
      vertex 27.700000002980232 62.66637058676943 3.699101192542614
      vertex 27.5 62.206195137240144 12.457773915250007
      vertex 27.700000002980232 62.206195137240144 12.457773915250007
    endloop
  endfacet
  facet normal 0.3162277660168375 0.9473766351177796 0.04977460429690643
    outer loop
      vertex 27.5 62.66637058676943 3.699101192542614
      vertex 23 63.70412912173936 12.536474474855922
      vertex 27.5 62.206195137240144 12.457773915250007
    endloop
  endfacet
  facet normal -1 0 0
    outer loop
      vertex 23 64.16843945181063 3.699101192499692
      vertex 23 52.7192799020784 11.959337037745884
      vertex 23 63.70412912173936 12.536474474855922
    endloop
  endfacet
  facet normal 0 0.9986226563328148 0.05246703973727607
    outer loop
      vertex 27.700000002980232 62.66637058676943 3.699101192542614
      vertex 27.5 62.66637058676943 3.699101192542614
      vertex 27.5 62.206195137240144 12.457773915250007
    endloop
  endfacet
  facet normal -1 0 0
    outer loop
      vertex 23 53.15326777484187 3.6991011928144526
      vertex 23 52.7192799020784 11.959337037745884
      vertex 23 64.16843945181063 3.699101192499692
    endloop
  endfacet
  facet normal 0.3162277660168385 0.9473766351177794 0.04977460429690699
    outer loop
      vertex 27.5 62.66637058676943 3.699101192542614
      vertex 23 64.16843945181063 3.699101192499692
      vertex 23 63.70412912173936 12.536474474855922
    endloop
  endfacet
  facet normal -1 0 0
    outer loop
      vertex 27.700000002980232 62.66637058676943 3.699101192542614
      vertex 27.700000002980232 62.206195137240144 12.457773915250007
      vertex 27.700000002980232 99.93770602346449 3.6991011914775793
    endloop
  endfacet
  facet normal -1 0 0
    outer loop
      vertex 27.700000002980232 99.93770602346449 3.6991011914775793
      vertex 27.700000002980232 62.206195137240144 12.457773915250007
      vertex 27.700000002980232 99.37493040475705 14.410597134208876
    endloop
  endfacet
  facet normal -8.147192985231853e-17 -0.9986226563328149 -0.052467039737276705
    outer loop
      vertex 27.5 99.93770602346449 3.6991011914775793
      vertex 27.700000002980232 99.37493040475705 14.410597134208876
      vertex 27.5 99.37493040475705 14.410597134208876
    endloop
  endfacet
  facet normal -1.2448571289474093e-16 0.9986226563328149 0.05246703973727632
    outer loop
      vertex 27.700000002980232 107.94873997035084 3.6991011912486638
      vertex 27.5 107.36391165541957 14.830333452107084
      vertex 27.700000002980232 107.36391165541957 14.830333452107084
    endloop
  endfacet
  facet normal 0.3162277660168388 0.9473766351177793 0.04977460429690665
    outer loop
      vertex 27.5 107.94873997035084 3.6991011912486638
      vertex 23 108.8618456399188 14.909034011712999
      vertex 27.5 107.36391165541957 14.830333452107084
    endloop
  endfacet
  facet normal 0.31622776601683883 -0.9473766351177791 -0.04977460429690716
    outer loop
      vertex 23 98.43563715842329 3.6991011915205023
      vertex 27.5 99.37493040475705 14.410597134208876
      vertex 23 97.87699642025783 14.331896574602963
    endloop
  endfacet
  facet normal -1 0 0
    outer loop
      vertex 23 109.45080883539204 3.699101191205742
      vertex 23 97.87699642025783 14.331896574602963
      vertex 23 108.8618456399188 14.909034011712999
    endloop
  endfacet
  facet normal -1 0 0
    outer loop
      vertex 27.700000002980232 110.79265702209237 3.6991011911673986
      vertex 27.700000002980232 107.36391165541957 14.830333452107084
      vertex 27.700000002980232 110.19999999999999 14.979339844992221
    endloop
  endfacet
  facet normal 0 -0.9986226563328149 -0.052467039737276705
    outer loop
      vertex 27.700000002980232 99.93770602346449 3.6991011914775793
      vertex 27.700000002980232 99.37493040475705 14.410597134208876
      vertex 27.5 99.93770602346449 3.6991011914775793
    endloop
  endfacet
  facet normal 0.3162277660168385 -0.9473766351177793 -0.04977460429690701
    outer loop
      vertex 27.5 99.93770602346449 3.6991011914775793
      vertex 27.5 99.37493040475705 14.410597134208876
      vertex 23 98.43563715842329 3.6991011915205023
    endloop
  endfacet
  facet normal 0 0.9986226563328149 0.05246703973727632
    outer loop
      vertex 27.700000002980232 107.94873997035084 3.6991011912486638
      vertex 27.5 107.94873997035084 3.6991011912486638
      vertex 27.5 107.36391165541957 14.830333452107084
    endloop
  endfacet
  facet normal -1 0 0
    outer loop
      vertex 27.700000002980232 107.94873997035084 3.6991011912486638
      vertex 27.700000002980232 107.36391165541957 14.830333452107084
      vertex 27.700000002980232 110.79265702209237 3.6991011911673986
    endloop
  endfacet
  facet normal -1 0 0
    outer loop
      vertex 23 98.43563715842329 3.6991011915205023
      vertex 23 97.87699642025783 14.331896574602963
      vertex 23 109.45080883539204 3.699101191205742
    endloop
  endfacet
  facet normal 0.3162277660168385 0.9473766351177794 0.04977460429690651
    outer loop
      vertex 27.5 107.94873997035084 3.6991011912486638
      vertex 23 109.45080883539204 3.699101191205742
      vertex 23 108.8618456399188 14.909034011712999
    endloop
  endfacet
  facet normal 1.4042869585539502e-16 2.8577047327682735e-11 1
    outer loop
      vertex 21.094805032014847 1.0557777908628907 3.699101194303145
      vertex 0 2.4434228904543573 3.699101194263493
      vertex 20.10611605644226 0.7015312981669126 3.6991011943132683
    endloop
  endfacet
  facet normal 1.1706480685291228e-17 2.8574777178556896e-11 1
    outer loop
      vertex 20.10611605644226 0.7015312981669126 3.6991011943132683
      vertex 0.04370479853238862 2.027025987180437 3.699101194275393
      vertex 19.087513506412506 0.4460327289195334 3.699101194320569
    endloop
  endfacet
  facet normal -5.719044919592054e-15 2.8495549691541747e-11 1
    outer loop
      vertex 19.087513506412506 0.4460327289195334 3.699101194320569
      vertex 0.09788696740969272 1.8245364824287265 3.6991011942811793
      vertex 19.051373043325395 0.44066440373275384 3.699101194320722
    endloop
  endfacet
  facet normal 5.509375052751533e-29 2.8573877623667638e-11 1
    outer loop
      vertex 0.09788696740969272 1.8245364824287265 3.6991011942811793
      vertex 2 0.44066440373275384 3.699101194320722
      vertex 19.051373043325395 0.44066440373275384 3.699101194320722
    endloop
  endfacet
  facet normal 4.885696692075176e-16 2.8581994880356245e-11 1
    outer loop
      vertex 20.10611605644226 0.7015312981669126 3.6991011943132683
      vertex 0.010956209263454753 2.234077623541083 3.699101194269475
      vertex 0.04370479853238862 2.027025987180437 3.699101194275393
    endloop
  endfacet
  facet normal -1.0335304993217718e-16 2.857423343036849e-11 1
    outer loop
      vertex 20.10611605644226 0.7015312981669126 3.6991011943132683
      vertex 0 2.4434228904543573 3.699101194263493
      vertex 0.010956209263454753 2.234077623541083 3.699101194269475
    endloop
  endfacet
  facet normal 1.754699354826824e-16 2.8576749786529907e-11 1
    outer loop
      vertex 19.087513506412506 0.4460327289195334 3.699101194320569
      vertex 0.04370479853238862 2.027025987180437 3.699101194275393
      vertex 0.09788696740969272 1.8245364824287265 3.6991011942811793
    endloop
  endfacet
  facet normal 6.0681025496229455e-15 2.861163169847993e-11 1
    outer loop
      vertex 1.5841766183644808 0.48442948181835277 3.6991011943194723
      vertex 1.7909430734646925 0.4516357242750928 3.6991011943204093
      vertex 2 0.44066440373275384 3.699101194320722
    endloop
  endfacet
  facet normal 7.652263063601149e-15 2.8626683219253815e-11 1
    outer loop
      vertex 1.3819660112501069 0.5386863810923614 3.6991011943179206
      vertex 1.5841766183644808 0.48442948181835277 3.6991011943194723
      vertex 2 0.44066440373275384 3.699101194320722
    endloop
  endfacet
  facet normal -7.26357998357645e-15 2.853263800386099e-11 1
    outer loop
      vertex 1.3819660112501069 0.5386863810923614 3.6991011943179206
      vertex 2 0.44066440373275384 3.699101194320722
      vertex 1.186526713848398 0.6138119721546786 3.6991011943157757
    endloop
  endfacet
  facet normal 1.3560751556866188e-14 2.863047384160625e-11 1
    outer loop
      vertex 1.186526713848398 0.6138119721546786 3.6991011943157757
      vertex 2 0.44066440373275384 3.699101194320722
      vertex 1 0.7089831633085737 3.6991011943130534
    endloop
  endfacet
  facet normal -1.0340576580833728e-14 2.8541395731020608e-11 1
    outer loop
      vertex 0.8244294954150533 0.8231572390679247 3.699101194309793
      vertex 1 0.7089831633085737 3.6991011943130534
      vertex 2 0.44066440373275384 3.699101194320722
    endloop
  endfacet
  facet normal -4.820041784896189e-16 2.8571695506239534e-11 1
    outer loop
      vertex 0.6617387872822817 0.9550832843662533 3.6991011943060235
      vertex 0.8244294954150533 0.8231572390679247 3.699101194309793
      vertex 2 0.44066440373275384 3.699101194320722
    endloop
  endfacet
  facet normal 4.91719686640626e-15 2.85857415329506e-11 1
    outer loop
      vertex 0.513710349045212 1.1033158898439837 3.699101194301787
      vertex 0.6617387872822817 0.9550832843662533 3.6991011943060235
      vertex 2 0.44066440373275384 3.699101194320722
    endloop
  endfacet
  facet normal -5.123491604086614e-15 2.8563220838928264e-11 1
    outer loop
      vertex 0.513710349045212 1.1033158898439837 3.699101194301787
      vertex 2 0.44066440373275384 3.699101194320722
      vertex 0.3819660112501069 1.2662309880558098 3.699101194297133
    endloop
  endfacet
  facet normal 7.686761453487702e-15 2.8588327747620112e-11 1
    outer loop
      vertex 0.2679491924311215 1.4420436470935414 3.6991011942921075
      vertex 0.3819660112501069 1.2662309880558098 3.699101194297133
      vertex 2 0.44066440373275384 3.699101194320722
    endloop
  endfacet
  facet normal 2.605172535436807e-15 2.857953830021785e-11 1
    outer loop
      vertex 0.17290908471479938 1.6288276266736261 3.6991011942867695
      vertex 0.2679491924311215 1.4420436470935414 3.6991011942921075
      vertex 2 0.44066440373275384 3.699101194320722
    endloop
  endfacet
  facet normal -1.0134813096569078e-14 2.855994746323546e-11 1
    outer loop
      vertex 0.17290908471479938 1.6288276266736261 3.6991011942867695
      vertex 2 0.44066440373275384 3.699101194320722
      vertex 0.09788696740969272 1.8245364824287265 3.6991011942811793
    endloop
  endfacet
  facet normal 2.6782628109063026e-16 2.8575207931438026e-11 1
    outer loop
      vertex 25.271398298442364 4.157622781710302 3.699101194214509
      vertex 25.896925404667854 5.0022117248185936 3.6991011941903746
      vertex 0 89.93550242751857 3.699101191763395
    endloop
  endfacet
  facet normal -2.3948696835947645e-15 2.857439605145313e-11 1
    outer loop
      vertex 26.436770245432854 5.904130689588158 3.699101194164604
      vertex 0 89.93550242751857 3.699101191763395
      vertex 25.896925404667854 5.0022117248185936 3.6991011941903746
    endloop
  endfacet
  facet normal 3.920884741803994e-16 2.857525749212658e-11 1
    outer loop
      vertex 26.88573383539915 6.8546936943521075 3.69910119413744
      vertex 27.239492408931255 7.844746312630136 3.699101194109149
      vertex 0 89.93550242751857 3.699101191763395
    endloop
  endfacet
  facet normal 2.0973146140857924e-15 2.8575809319399635e-11 1
    outer loop
      vertex 26.436770245432854 5.904130689588158 3.699101194164604
      vertex 26.88573383539915 6.8546936943521075 3.69910119413744
      vertex 0 89.93550242751857 3.699101191763395
    endloop
  endfacet
  facet normal 1.3446956084805945e-15 2.85755251926457e-11 1
    outer loop
      vertex 25.271398298442364 4.157622781710302 3.699101194214509
      vertex 0 89.93550242751857 3.699101191763395
      vertex 24.566213108599186 3.378497701225527 3.699101194236774
    endloop
  endfacet
  facet normal -6.061873261296842e-16 2.857498807244752e-11 1
    outer loop
      vertex 22.944735497236252 2.04595002905738 3.699101194274852
      vertex 23.788161151111126 2.672339889391125 3.6991011942569534
      vertex 0 89.93550242751857 3.699101191763395
    endloop
  endfacet
  facet normal 8.716209978689834e-16 2.8575390926773893e-11 1
    outer loop
      vertex 24.566213108599186 3.378497701225527 3.699101194236774
      vertex 0 89.93550242751857 3.699101191763395
      vertex 23.788161151111126 2.672339889391125 3.6991011942569534
    endloop
  endfacet
  facet normal -3.632335966904166e-15 2.8573922100857192e-11 1
    outer loop
      vertex 27.239492408931255 7.844746312630136 3.699101194109149
      vertex 27.494639068841934 8.864753763464307 3.6991011940800043
      vertex 0 89.93550242751857 3.699101191763395
    endloop
  endfacet
  facet normal 1.4920208540010094e-15 2.8575659994531204e-11 1
    outer loop
      vertex 27.494639068841934 8.864753763464307 3.6991011940800043
      vertex 27.648716613650322 9.904892851556866 3.6991011940502814
      vertex 0 89.93550242751857 3.699101191763395
    endloop
  endfacet
  facet normal 3.505459303623329e-15 2.8576355590746298e-11 1
    outer loop
      vertex 27.648716613650322 9.904892851556866 3.6991011940502814
      vertex 27.700000002980232 10.950229963319757 3.6991011940204093
      vertex 0 89.93550242751857 3.699101191763395
    endloop
  endfacet
  facet normal -1.9187932656468466e-15 2.8574645399225585e-11 1
    outer loop
      vertex 22.944735497236252 2.04595002905738 3.699101194274852
      vertex 0 89.93550242751857 3.699101191763395
      vertex 22.04405878484249 1.5053606108798903 3.6991011942902974
    endloop
  endfacet
  facet normal 5.805342289491382e-16 2.8575268437039182e-11 1
    outer loop
      vertex 21.094805032014847 1.0557777908628907 3.699101194303145
      vertex 22.04405878484249 1.5053606108798903 3.6991011942902974
      vertex 0 89.93550242751857 3.699101191763395
    endloop
  endfacet
  facet normal 1.4574729694399264e-17 2.857513411163098e-11 1
    outer loop
      vertex 21.094805032014847 1.0557777908628907 3.699101194303145
      vertex 0 89.93550242751857 3.699101191763395
      vertex 0 2.4434228904543573 3.699101194263493
    endloop
  endfacet
  facet normal 8.88178406475327e-15 2.857514284523458e-11 1
    outer loop
      vertex 27.700000002980232 10.950229963319757 3.6991011940204093
      vertex 27.700000002980232 54.65533663988307 3.6991011927715296
      vertex 27.5 54.65533663988307 3.6991011927715314
    endloop
  endfacet
  facet normal -1.218582226444546e-16 2.8575101643447845e-11 1
    outer loop
      vertex 27.700000002980232 10.950229963319757 3.6991011940204093
      vertex 27.5 54.65533663988307 3.6991011927715314
      vertex 23 53.15326777484187 3.6991011928144526
    endloop
  endfacet
  facet normal -4.6035668201044776e-17 2.8575110087532082e-11 1
    outer loop
      vertex 27.700000002980232 10.950229963319757 3.6991011940204093
      vertex 23 53.15326777484187 3.6991011928144526
      vertex 0 89.93550242751857 3.699101191763395
    endloop
  endfacet
  facet normal 0 2.8575327875697014e-11 1
    outer loop
      vertex 27.700000002980232 62.66637058676943 3.699101192542614
      vertex 23 64.16843945181063 3.699101192499692
      vertex 27.5 62.66637058676943 3.699101192542614
    endloop
  endfacet
  facet normal 2.099086375880359e-25 2.8575169486100464e-11 1
    outer loop
      vertex 27.700000002980232 62.66637058676943 3.699101192542614
      vertex 27.700000002980232 99.93770602346449 3.6991011914775793
      vertex 27.5 99.93770602346449 3.6991011914775793
    endloop
  endfacet
  facet normal 2.497949130170108e-16 2.8575170826513482e-11 1
    outer loop
      vertex 27.700000002980232 62.66637058676943 3.699101192542614
      vertex 27.5 99.93770602346449 3.6991011914775793
      vertex 23 98.43563715842329 3.6991011915205023
    endloop
  endfacet
  facet normal -1.6022766429218333e-16 2.8575116950482508e-11 1
    outer loop
      vertex 27.700000002980232 62.66637058676943 3.699101192542614
      vertex 23 98.43563715842329 3.6991011915205023
      vertex 20 110.79265702209237 3.6991011911673986
    endloop
  endfacet
  facet normal 0 2.857510092579113e-11 1
    outer loop
      vertex 27.700000002980232 107.94873997035084 3.6991011912486638
      vertex 27.700000002980232 110.79265702209237 3.6991011911673986
      vertex 27.5 107.94873997035084 3.6991011912486638
    endloop
  endfacet
  facet normal 2.2406215230642302e-17 2.8575099350061938e-11 1
    outer loop
      vertex 27.5 107.94873997035084 3.6991011912486638
      vertex 27.700000002980232 110.79265702209237 3.6991011911673986
      vertex 23 109.45080883539204 3.699101191205742
    endloop
  endfacet
  facet normal -1.1029258817417455e-17 2.8575153172421214e-11 1
    outer loop
      vertex 23 98.43563715842329 3.6991011915205023
      vertex 23 109.45080883539204 3.699101191205742
      vertex 20 110.79265702209237 3.6991011911673986
    endloop
  endfacet
  facet normal 0 2.8575177830781812e-11 1
    outer loop
      vertex 27.700000002980232 110.79265702209237 3.6991011911673986
      vertex 20 110.79265702209237 3.6991011911673986
      vertex 23 109.45080883539204 3.699101191205742
    endloop
  endfacet
  facet normal 8.734155982515543e-17 2.8575193488561776e-11 1
    outer loop
      vertex 23 53.15326777484187 3.6991011928144526
      vertex 23 64.16843945181063 3.699101192499692
      vertex 0 89.93550242751857 3.699101191763395
    endloop
  endfacet
  facet normal -9.495116965442765e-17 2.8575030771810467e-11 1
    outer loop
      vertex 27.700000002980232 62.66637058676943 3.699101192542614
      vertex 0 89.93550242751857 3.699101191763395
      vertex 23 64.16843945181063 3.699101192499692
    endloop
  endfacet
  facet normal 2.4276433386379744e-15 2.8577593224781252e-11 1
    outer loop
      vertex 27.700000002980232 62.66637058676943 3.699101192542614
      vertex 0.01257558021351457 90.15974023224581 3.699101191756987
      vertex 0 89.93550242751857 3.699101191763395
    endloop
  endfacet
  facet normal -4.2194615095613303e-16 2.8574723522207128e-11 1
    outer loop
      vertex 27.700000002980232 62.66637058676943 3.699101192542614
      vertex 0.05014417563635121 90.38115811647279 3.69910119175066
      vertex 0.01257558021351457 90.15974023224581 3.699101191756987
    endloop
  endfacet
  facet normal -2.607878026360097e-15 2.8572542711651167e-11 1
    outer loop
      vertex 27.700000002980232 62.66637058676943 3.699101192542614
      vertex 0.11223333938326618 90.59697162183573 3.699101191744494
      vertex 0.05014417563635121 90.38115811647279 3.69910119175066
    endloop
  endfacet
  facet normal 9.653971759702742e-16 2.857607212666075e-11 1
    outer loop
      vertex 27.700000002980232 62.66637058676943 3.699101192542614
      vertex 0.19806226419516193 90.80446676828676 3.6991011917385643
      vertex 0.11223333938326618 90.59697162183573 3.699101191744494
    endloop
  endfacet
  facet normal -2.2948006734260987e-15 2.8572962138930585e-11 1
    outer loop
      vertex 27.700000002980232 62.66637058676943 3.699101192542614
      vertex 0.5857864376269042 91.35166653455832 3.699101191722928
      vertex 0.4363370350639393 91.18420191957551 3.6991011917277126
    endloop
  endfacet
  facet normal 1.4198007685064133e-15 2.857651337817415e-11 1
    outer loop
      vertex 27.700000002980232 62.66637058676943 3.699101192542614
      vertex 0.4363370350639393 91.18420191957551 3.6991011917277126
      vertex 0.3065516015434291 91.00103418396777 3.699101191732947
    endloop
  endfacet
  facet normal 1.148462784704889e-15 2.8576251053441736e-11 1
    outer loop
      vertex 27.700000002980232 62.66637058676943 3.699101192542614
      vertex 0.3065516015434291 91.00103418396777 3.699101191732947
      vertex 0.19806226419516193 90.80446676828676 3.6991011917385643
    endloop
  endfacet
  facet normal 1.443129129239208e-17 2.8575144895168395e-11 1
    outer loop
      vertex 27.700000002980232 62.66637058676943 3.699101192542614
      vertex 20 110.79265702209237 3.6991011911673986
      vertex 0.5857864376269042 91.35166653455832 3.699101191722928
    endloop
  endfacet
  facet normal 1.485952804321251e-18 0.9986226563328148 0.052467039737275956
    outer loop
      vertex 83 110.90830503645321 1.4979339844992203
      vertex 70.62748517455935 110.19999999999999 14.979339844992221
      vertex 83 110.19999999999999 14.979339844992221
    endloop
  endfacet
  facet normal 2.7287686254407843e-18 0.9986226563328148 0.05246703973727638
    outer loop
      vertex 62.07251482842088 110.8663314046634 2.2968321095654747
      vertex 45.65248517306924 110.19999999999999 14.979339844992221
      vertex 62.07251482842088 110.19999999999999 14.979339844992221
    endloop
  endfacet
  facet normal 1.8005141885784854e-18 0.9986226563328149 0.052467039737276386
    outer loop
      vertex 70.62748517455935 110.8663314046634 2.2968321095654747
      vertex 70.62748517455935 110.19999999999999 14.979339844992221
      vertex 81.5 110.98700559605913 -3.5478203711136827e-15
    endloop
  endfacet
  facet normal 2.1691639525524553e-15 0.9986226563328146 0.052467039737277926
    outer loop
      vertex 83 110.90830503645321 1.4979339844992203
      vertex 81.5 110.98700559605913 -3.5478203711136827e-15
      vertex 70.62748517455935 110.19999999999999 14.979339844992221
    endloop
  endfacet
  facet normal 0 0.9986226563328148 0.05246703973727637
    outer loop
      vertex 70.62748517455935 110.8663314046634 2.2968321095654747
      vertex 81.5 110.98700559605913 -3.5478203711136827e-15
      vertex 62.07251482842088 110.8663314046634 2.2968321095654747
    endloop
  endfacet
  facet normal 0 0.9986226563328148 0.052467039737276365
    outer loop
      vertex 62.07251482842088 110.8663314046634 2.2968321095654747
      vertex 81.5 110.98700559605913 -3.5478203711136827e-15
      vertex 45.65248517306924 110.8663314046634 2.2968321095654747
    endloop
  endfacet
  facet normal 0 0.9986226563328148 0.05246703973727638
    outer loop
      vertex 62.07251482842088 110.8663314046634 2.2968321095654747
      vertex 45.65248517306924 110.8663314046634 2.2968321095654747
      vertex 45.65248517306924 110.19999999999999 14.979339844992221
    endloop
  endfacet
  facet normal 3.2524104030229465e-18 0.9986226563328148 0.05246703973727642
    outer loop
      vertex 45.65248517306924 110.8663314046634 2.2968321095654747
      vertex 81.5 110.98700559605913 -3.5478203711136827e-15
      vertex 21.499999999999996 110.98700559605913 0
    endloop
  endfacet
  facet normal 4.767905408155031e-18 0.9986226563328148 0.05246703973727637
    outer loop
      vertex 37.09751482693076 110.8663314046634 2.2968321095654747
      vertex 27.700000002980232 110.19999999999999 14.979339844992221
      vertex 37.09751482693076 110.19999999999999 14.979339844992221
    endloop
  endfacet
  facet normal 2.8884689274234326e-16 0.9986226563328147 0.05246703973727658
    outer loop
      vertex 27.700000002980232 110.79265702209237 3.6991011911673986
      vertex 27.700000002980232 110.19999999999999 14.979339844992221
      vertex 37.09751482693076 110.8663314046634 2.2968321095654747
    endloop
  endfacet
  facet normal 0 0.9986226563328148 0.052467039737276455
    outer loop
      vertex 45.65248517306924 110.8663314046634 2.2968321095654747
      vertex 21.499999999999996 110.98700559605913 0
      vertex 37.09751482693076 110.8663314046634 2.2968321095654747
    endloop
  endfacet
  facet normal 1.330114185505986e-16 0.9986226563328149 0.05246703973727555
    outer loop
      vertex 27.700000002980232 110.79265702209237 3.6991011911673986
      vertex 37.09751482693076 110.8663314046634 2.2968321095654747
      vertex 21.499999999999996 110.98700559605913 0
    endloop
  endfacet
  facet normal 0 0.9986226563328149 0.05246703973727278
    outer loop
      vertex 27.700000002980232 110.79265702209237 3.6991011911673986
      vertex 20 110.90830503645321 1.497933984499222
      vertex 20 110.79265702209237 3.6991011911673986
    endloop
  endfacet
  facet normal -1.6496211025606005e-15 0.9986226563328147 0.05246703973727852
    outer loop
      vertex 27.700000002980232 110.79265702209237 3.6991011911673986
      vertex 21.499999999999996 110.98700559605913 0
      vertex 20 110.90830503645321 1.497933984499222
    endloop
  endfacet
  facet normal -0.9486832979011569 -0.31579221215338 -0.01659153478914451
    outer loop
      vertex 70.62748517455935 110.8663314046634 2.2968321095654747
      vertex 72.127485178411 105.70619804203814 14.743238165939934
      vertex 70.62748517455935 110.19999999999999 14.979339844992221
    endloop
  endfacet
  facet normal -2.65816483856018e-18 0.9986226563328148 0.052467039737275255
    outer loop
      vertex 72.127485178411 106.37252944670153 2.0607304305131864
      vertex 60.572514824569225 105.70619804203814 14.743238165939934
      vertex 72.127485178411 105.70619804203814 14.743238165939934
    endloop
  endfacet
  facet normal 0.9486832979011569 -0.31579221215338005 -0.016591534789144158
    outer loop
      vertex 60.572514824569225 106.37252944670153 2.0607304305131864
      vertex 62.07251482842088 110.19999999999999 14.979339844992221
      vertex 60.572514824569225 105.70619804203814 14.743238165939934
    endloop
  endfacet
  facet normal -0.9486832979011569 -0.31579221215338 -0.01659153478914451
    outer loop
      vertex 45.65248517306924 110.8663314046634 2.2968321095654747
      vertex 47.15248517692089 105.70619804203814 14.743238165939934
      vertex 45.65248517306924 110.19999999999999 14.979339844992221
    endloop
  endfacet
  facet normal -2.65816483856018e-18 0.9986226563328148 0.052467039737275255
    outer loop
      vertex 47.15248517692089 106.37252944670153 2.0607304305131864
      vertex 35.59751482307911 105.70619804203814 14.743238165939934
      vertex 47.15248517692089 105.70619804203814 14.743238165939934
    endloop
  endfacet
  facet normal -0.9486832979011572 -0.31579221215337916 -0.016591534789144113
    outer loop
      vertex 72.127485178411 106.37252944670153 2.0607304305131864
      vertex 72.127485178411 105.70619804203814 14.743238165939934
      vertex 70.62748517455935 110.8663314046634 2.2968321095654747
    endloop
  endfacet
  facet normal 0 0.9986226563328148 0.052467039737275255
    outer loop
      vertex 72.127485178411 106.37252944670153 2.0607304305131864
      vertex 60.572514824569225 106.37252944670153 2.0607304305131864
      vertex 60.572514824569225 105.70619804203814 14.743238165939934
    endloop
  endfacet
  facet normal 0 -0.052467039737276004 0.9986226563328148
    outer loop
      vertex 72.127485178411 106.37252944670153 2.0607304305131864
      vertex 70.62748517455935 110.8663314046634 2.2968321095654747
      vertex 60.572514824569225 106.37252944670153 2.0607304305131864
    endloop
  endfacet
  facet normal 0 -0.052467039737276004 0.9986226563328147
    outer loop
      vertex 70.62748517455935 110.8663314046634 2.2968321095654747
      vertex 62.07251482842088 110.8663314046634 2.2968321095654747
      vertex 60.572514824569225 106.37252944670153 2.0607304305131864
    endloop
  endfacet
  facet normal 0.9486832979011571 -0.3157922121533791 -0.016591534789144467
    outer loop
      vertex 60.572514824569225 106.37252944670153 2.0607304305131864
      vertex 62.07251482842088 110.8663314046634 2.2968321095654747
      vertex 62.07251482842088 110.19999999999999 14.979339844992221
    endloop
  endfacet
  facet normal -0.9486832979011572 -0.31579221215337916 -0.016591534789144113
    outer loop
      vertex 47.15248517692089 106.37252944670153 2.0607304305131864
      vertex 47.15248517692089 105.70619804203814 14.743238165939934
      vertex 45.65248517306924 110.8663314046634 2.2968321095654747
    endloop
  endfacet
  facet normal 0 -0.052467039737276004 0.9986226563328148
    outer loop
      vertex 47.15248517692089 106.37252944670153 2.0607304305131864
      vertex 45.65248517306924 110.8663314046634 2.2968321095654747
      vertex 35.59751482307911 106.37252944670153 2.0607304305131864
    endloop
  endfacet
  facet normal 0.9486832979011569 -0.31579221215338005 -0.016591534789144158
    outer loop
      vertex 35.59751482307911 106.37252944670153 2.0607304305131864
      vertex 37.09751482693076 110.19999999999999 14.979339844992221
      vertex 35.59751482307911 105.70619804203814 14.743238165939934
    endloop
  endfacet
  facet normal 0 0.9986226563328148 0.052467039737275255
    outer loop
      vertex 47.15248517692089 106.37252944670153 2.0607304305131864
      vertex 35.59751482307911 106.37252944670153 2.0607304305131864
      vertex 35.59751482307911 105.70619804203814 14.743238165939934
    endloop
  endfacet
  facet normal 0.9486832979011571 -0.3157922121533791 -0.016591534789144467
    outer loop
      vertex 35.59751482307911 106.37252944670153 2.0607304305131864
      vertex 37.09751482693076 110.8663314046634 2.2968321095654747
      vertex 37.09751482693076 110.19999999999999 14.979339844992221
    endloop
  endfacet
  facet normal 0 -0.052467039737276004 0.9986226563328147
    outer loop
      vertex 45.65248517306924 110.8663314046634 2.2968321095654747
      vertex 37.09751482693076 110.8663314046634 2.2968321095654747
      vertex 35.59751482307911 106.37252944670153 2.0607304305131864
    endloop
  endfacet
endsolid OpenSCAD_Model
